outer_fold,curated_id,inner_basket,source_molecule_fold
1,SSCP-0001914838e8cc4c,1,2
1,SSCP-0001a0000d1e0d48,1,2
1,SSCP-00661d874a768b31,1,2
1,SSCP-008a443d73170279,1,2
1,SSCP-009428fe60df9a44,1,2
1,SSCP-00ccebf472ae4d8e,1,2
1,SSCP-00d7cd22f8123d27,1,2
1,SSCP-010a71a703626e4e,1,2
1,SSCP-012dfca348758c8c,1,2
1,SSCP-012f0dff5e676197,1,2
1,SSCP-013acd97e635c46c,1,2
1,SSCP-015f5df84155b691,1,2
1,SSCP-0173b321125643d3,1,2
1,SSCP-01e5d7ad30da201e,1,2
1,SSCP-02760a211cf57ea1,1,2
1,SSCP-036aa002f8325dfe,1,2
1,SSCP-036e4c2ce649d9e0,1,2
1,SSCP-0382ce86f28f220c,1,2
1,SSCP-039176f90f110e7c,1,2
1,SSCP-03992c933aa0f990,1,2
1,SSCP-039e99ecc6ba247c,1,2
1,SSCP-03f5833535b5c416,1,2
1,SSCP-0424dedce7979966,1,2
1,SSCP-042ab7cc2a5829e4,1,2
1,SSCP-043bcc07b2ab4d6c,1,2
1,SSCP-0453904610c6a5e2,1,2
1,SSCP-04df124f18acc598,1,2
1,SSCP-051b3b51188d45f0,1,2
1,SSCP-0534c6517f0756c9,1,2
1,SSCP-05645ce12eb7c244,1,2
1,SSCP-05bb2ae7b9ecac58,1,2
1,SSCP-05d4a14c1caa1ec0,1,2
1,SSCP-06593781dba86cb7,1,2
1,SSCP-0665c31e34355fdb,1,2
1,SSCP-06e5c0cc41c28ebc,1,2
1,SSCP-06efe08a5bc9094b,1,2
1,SSCP-070bde1f77ba4969,1,2
1,SSCP-0744e3be64c7baa9,1,2
1,SSCP-074cda148cbaa40c,1,2
1,SSCP-07a156b73e8bdee8,1,2
1,SSCP-07b7f81724168005,1,2
1,SSCP-07b91af8622de607,1,2
1,SSCP-07bdf9a6de47a56f,1,2
1,SSCP-07cbd47087850a06,1,2
1,SSCP-07f74b125f8ecb56,1,2
1,SSCP-081aac9bce99132b,1,2
1,SSCP-0838f2e7ebc7940a,1,2
1,SSCP-0839dafce3db3872,1,2
1,SSCP-08c49c031679b21b,1,2
1,SSCP-08ef84cd22fa453a,1,2
1,SSCP-09000017d5165753,1,2
1,SSCP-0902f55f8633bd2f,1,2
1,SSCP-0921d8f883b3c5be,1,2
1,SSCP-09427946de8095ef,1,2
1,SSCP-096c13417ffc5c97,1,2
1,SSCP-0981e7f250a419b7,1,2
1,SSCP-09ee2290b0a6d32e,1,2
1,SSCP-0a0450d94bee92f6,1,2
1,SSCP-0a106d2f879bfa80,1,2
1,SSCP-0a641c0e8045190b,1,2
1,SSCP-0a855bc49394034d,1,2
1,SSCP-0ad8119db87492ce,1,2
1,SSCP-0b54a0c85e2ed74b,1,2
1,SSCP-0bcc77ab5f567590,1,2
1,SSCP-0bd5362079f76a9c,1,2
1,SSCP-0c2f3688d54a0bec,1,2
1,SSCP-0c3794e432c93971,1,2
1,SSCP-0c43b121b237c18c,1,2
1,SSCP-0c5dc8e283c1d00c,1,2
1,SSCP-0ca12d4566f5347e,1,2
1,SSCP-0d04c5e3f4546c7e,1,2
1,SSCP-0d0d82609cb418e6,1,2
1,SSCP-0d1a9d7169aed238,1,2
1,SSCP-0d57d6d70edbd537,1,2
1,SSCP-0df0eac21e51c536,1,2
1,SSCP-0e033c7b98f151a7,1,2
1,SSCP-0e4476b0fc519182,1,2
1,SSCP-0e6784eef6f1a8b3,1,2
1,SSCP-0e7f31dec14b524a,1,2
1,SSCP-0e90d92e7c189e18,1,2
1,SSCP-0f15fa99b8cd38f7,1,2
1,SSCP-0f1f9f0aa56c7011,1,2
1,SSCP-0ffd61b4bb329303,1,2
1,SSCP-105dbf8abd0d03fa,1,2
1,SSCP-10b4db971531ccb1,1,2
1,SSCP-1186e9d99ba37751,1,2
1,SSCP-12143f9304aeed30,1,2
1,SSCP-1266bcafa1af1d82,1,2
1,SSCP-12ac7a027d8cb163,1,2
1,SSCP-12cb1c16665c700a,1,2
1,SSCP-12d3193cf40f6844,1,2
1,SSCP-12df49e57de546f5,1,2
1,SSCP-132403e6822a35e7,1,2
1,SSCP-133516395c66c0bb,1,2
1,SSCP-1366207753f0db73,1,2
1,SSCP-137102913b35c2ff,1,2
1,SSCP-138245443440ff1d,1,2
1,SSCP-13a59d3bc71307cb,1,2
1,SSCP-13f2a9cbea258ef7,1,2
1,SSCP-13fb4dbdade955c7,1,2
1,SSCP-14417e86ba535162,1,2
1,SSCP-1453547cad8515ec,1,2
1,SSCP-1457ed1624c31fa8,1,2
1,SSCP-14883f33989405b6,1,2
1,SSCP-14b1c0fd8b369f20,1,2
1,SSCP-14b6dc57fc094477,1,2
1,SSCP-14c5b4c172902c1c,1,2
1,SSCP-14f47dcae619855b,1,2
1,SSCP-151b874a1aee8fa0,1,2
1,SSCP-153dd6c1eb50dcbb,1,2
1,SSCP-1548dab984331cfa,1,2
1,SSCP-1566632879480f5d,1,2
1,SSCP-160c99ebe3a5956b,1,2
1,SSCP-163f250377e282b2,1,2
1,SSCP-16728e94d1143544,1,2
1,SSCP-167eff4ef7d57416,1,2
1,SSCP-16d08aba4163ab37,1,2
1,SSCP-1738d4044220e97f,1,2
1,SSCP-175414241dcd9475,1,2
1,SSCP-17673630d858d412,1,2
1,SSCP-17a5cd48b87b6b33,1,2
1,SSCP-17ef1c7c06ba3b11,1,2
1,SSCP-1809cbfe1c86cbb0,1,2
1,SSCP-1825dd09490f1cb1,1,2
1,SSCP-1830d16ccfc3da9f,1,2
1,SSCP-183526a613b1e68b,1,2
1,SSCP-18a571c7c9b44d15,1,2
1,SSCP-18bd4ef83756a695,1,2
1,SSCP-18e079969ee3b402,1,2
1,SSCP-190ed9b09dc8a9ae,1,2
1,SSCP-192dc210728f4c49,1,2
1,SSCP-193ae5e1329c1701,1,2
1,SSCP-193b9621e4371660,1,2
1,SSCP-19869a760504abab,1,2
1,SSCP-199559f6609e669e,1,2
1,SSCP-199ee0933dd6e7d5,1,2
1,SSCP-19a8d7f6539f6fcc,1,2
1,SSCP-19b02c5ec767c4ec,1,2
1,SSCP-19b0b4c341079643,1,2
1,SSCP-19d4687554aaf68c,1,2
1,SSCP-19dcc98805ef6df2,1,2
1,SSCP-1a36a5261620f36e,1,2
1,SSCP-1a3b12e5ce02568f,1,2
1,SSCP-1a3ec38b3747ae5d,1,2
1,SSCP-1a5402b102f24864,1,2
1,SSCP-1aaa3fa19fe71b5d,1,2
1,SSCP-1abbed88c1b1340d,1,2
1,SSCP-1ae2e10835bbca3c,1,2
1,SSCP-1af38f1e1661fe2d,1,2
1,SSCP-1b24551c2c607884,1,2
1,SSCP-1b2fddbafbeefa2c,1,2
1,SSCP-1b3e005175d57ec1,1,2
1,SSCP-1b40980d9ffc7a59,1,2
1,SSCP-1b4a961c5815157e,1,2
1,SSCP-1b8ccde45234d88a,1,2
1,SSCP-1c6abe31d873c5be,1,2
1,SSCP-1c820a4f54e358a8,1,2
1,SSCP-1cb0122165de1baa,1,2
1,SSCP-1cb55129519d05b3,1,2
1,SSCP-1cc0da57c14aedcf,1,2
1,SSCP-1cf069faa2c4b5ea,1,2
1,SSCP-1d474637b607db42,1,2
1,SSCP-1d7811c289d891a9,1,2
1,SSCP-1dba4f41e41368af,1,2
1,SSCP-1e391311976df17d,1,2
1,SSCP-1e8c448a74964747,1,2
1,SSCP-1eab58550a33b216,1,2
1,SSCP-1ebe21a529bd0dc9,1,2
1,SSCP-1ed7beb41f1c6340,1,2
1,SSCP-1f7bc473dfb93234,1,2
1,SSCP-1f83e7be7670b886,1,2
1,SSCP-1faac3410b06a2d1,1,2
1,SSCP-1fedacbc09c58b93,1,2
1,SSCP-201b77c226c68c77,1,2
1,SSCP-2027e32db1a81dbd,1,2
1,SSCP-202b75eabee33361,1,2
1,SSCP-204dced1a396d9cb,1,2
1,SSCP-20606c2788f08cde,1,2
1,SSCP-207170dad667e0b6,1,2
1,SSCP-2073d11c1276c67d,1,2
1,SSCP-20749c680d6359b2,1,2
1,SSCP-207e08c72e94c09c,1,2
1,SSCP-20878e08560a9961,1,2
1,SSCP-20ad93589c57d321,1,2
1,SSCP-20ae16c167ebbf87,1,2
1,SSCP-20bebed3bd0afe28,1,2
1,SSCP-20c25526751ff38b,1,2
1,SSCP-20ca779259efa394,1,2
1,SSCP-20cb2a2760b08d2b,1,2
1,SSCP-20ec20de3c80720b,1,2
1,SSCP-210ba4a8e8cb8104,1,2
1,SSCP-214d229ec3d9fbe1,1,2
1,SSCP-217112ecbdbb57b0,1,2
1,SSCP-21acea63a8b565b3,1,2
1,SSCP-21dc3e5ad8835d86,1,2
1,SSCP-21ed9b4fa1013183,1,2
1,SSCP-22011a3eeef70e40,1,2
1,SSCP-22156620c109d4b8,1,2
1,SSCP-225ccdac557bebf0,1,2
1,SSCP-225e2d88806568a7,1,2
1,SSCP-226ca4ddefad1e93,1,2
1,SSCP-22bb1b090c0973ed,1,2
1,SSCP-22df6c03eef95791,1,2
1,SSCP-22f4ab8b23baa7a6,1,2
1,SSCP-23072d87eae73f85,1,2
1,SSCP-233e0b89b83fd947,1,2
1,SSCP-2362db94c23f78d3,1,2
1,SSCP-236a9ba2e2addaa2,1,2
1,SSCP-2390414445e8e4c3,1,2
1,SSCP-23e41969eeeeafb3,1,2
1,SSCP-24111c4ace896ac9,1,2
1,SSCP-244230beb8c276b3,1,2
1,SSCP-244bfc0a7e90d245,1,2
1,SSCP-2482f5dbaf6f4d09,1,2
1,SSCP-24b23f48dfd17fcf,1,2
1,SSCP-25030a36053dfd67,1,2
1,SSCP-250df5b00774aea0,1,2
1,SSCP-2524e50e48198318,1,2
1,SSCP-2538f1bc8b8e7c24,1,2
1,SSCP-256817b64ff6d4d1,1,2
1,SSCP-25af95fe77235722,1,2
1,SSCP-25afc84ef7f4e924,1,2
1,SSCP-25c93b2ee5df56be,1,2
1,SSCP-25d27f4b4d19b5fa,1,2
1,SSCP-262337893631903a,1,2
1,SSCP-268b5f0cc6768335,1,2
1,SSCP-26aba27ee133a842,1,2
1,SSCP-26b00720bc185023,1,2
1,SSCP-2724561bbef7bc81,1,2
1,SSCP-275693a59dcb35f5,1,2
1,SSCP-27573e06f895b0ca,1,2
1,SSCP-2775e5d5a136ce41,1,2
1,SSCP-2777afc6f8a75d09,1,2
1,SSCP-2857abba1308552d,1,2
1,SSCP-28a71d5e375afd61,1,2
1,SSCP-28c5acd23e9a0787,1,2
1,SSCP-28d18de427e5f4a9,1,2
1,SSCP-29473d7fff15ed85,1,2
1,SSCP-296cc6b7c19e0b4e,1,2
1,SSCP-29c827dffda351d0,1,2
1,SSCP-2a611e05c8d638a4,1,2
1,SSCP-2abed7c9dc53b17f,1,2
1,SSCP-2abfb2c811b06b9e,1,2
1,SSCP-2ac7e9a262da269f,1,2
1,SSCP-2b2cbb97f23e79ab,1,2
1,SSCP-2b2f9faba731e65a,1,2
1,SSCP-2b56d53cc74fbd81,1,2
1,SSCP-2b5fda76d0929a32,1,2
1,SSCP-2bbf498d264a3856,1,2
1,SSCP-2bf9fc7d4f3a0098,1,2
1,SSCP-2c29fab263a0d70d,1,2
1,SSCP-2c537a4d4301c820,1,2
1,SSCP-2c553bd28a0468b8,1,2
1,SSCP-2c84354b30856d70,1,2
1,SSCP-2c846825027a3920,1,2
1,SSCP-2ce561e279bb165c,1,2
1,SSCP-2d321aed82bc3196,1,2
1,SSCP-2d3b64aaedb5c249,1,2
1,SSCP-2d3d09d36d7716e6,1,2
1,SSCP-2d74cec0ca735cbe,1,2
1,SSCP-2de124cff77d34c7,1,2
1,SSCP-2dedddf31e56972e,1,2
1,SSCP-2e128ce44617f50b,1,2
1,SSCP-2e4724259bc52420,1,2
1,SSCP-2e60f26030cbf044,1,2
1,SSCP-2e62bbadb6c2ad8c,1,2
1,SSCP-2e6f1259e92caef4,1,2
1,SSCP-2e73f6b099208991,1,2
1,SSCP-2e797ecb5921a196,1,2
1,SSCP-2e9922b6f2787091,1,2
1,SSCP-2ef04a348fc93651,1,2
1,SSCP-2f11073e5c0746be,1,2
1,SSCP-2f243fe127ed3cbe,1,2
1,SSCP-2f51ebbc020cb07f,1,2
1,SSCP-2f5d678c5743a120,1,2
1,SSCP-2f94435b55541db6,1,2
1,SSCP-2f9e6af82fc854ba,1,2
1,SSCP-2fc26d8a2a0f8393,1,2
1,SSCP-2fdeac6ede81eb36,1,2
1,SSCP-2fe79b53c3d337e7,1,2
1,SSCP-300f479b71de78f2,1,2
1,SSCP-3071a3814a07abe7,1,2
1,SSCP-30ffa4e457b61011,1,2
1,SSCP-3114ef2379e35c27,1,2
1,SSCP-31153c6ceff95b1d,1,2
1,SSCP-314e96f4027d3aa4,1,2
1,SSCP-31572266b29efd4d,1,2
1,SSCP-3184c870eeae19f9,1,2
1,SSCP-3227601bcd2d5bdf,1,2
1,SSCP-32b646c9134ebf31,1,2
1,SSCP-32def98ea56db6ac,1,2
1,SSCP-32edf34771c9b7da,1,2
1,SSCP-330cc3b6c555ccba,1,2
1,SSCP-3421bc36ef6579d1,1,2
1,SSCP-348a376bba29d90b,1,2
1,SSCP-349336763a53cea4,1,2
1,SSCP-3496f42819c3f193,1,2
1,SSCP-351631b9d04079bd,1,2
1,SSCP-351e03709f81e20e,1,2
1,SSCP-352e7fc54028dce6,1,2
1,SSCP-3553ae7481a13a85,1,2
1,SSCP-35f532906c9a027b,1,2
1,SSCP-366e1415b6d38902,1,2
1,SSCP-36c4cdbfb52f9571,1,2
1,SSCP-36ca2f4eace66d86,1,2
1,SSCP-36e11d73934dde30,1,2
1,SSCP-37240bdcc2b27e86,1,2
1,SSCP-373df0aec9492667,1,2
1,SSCP-37778e8d47bc39d4,1,2
1,SSCP-37ed86231a3de020,1,2
1,SSCP-37f0ef1b6e7488fc,1,2
1,SSCP-388a2b3c6e10eae9,1,2
1,SSCP-38b46a48c7b23fd1,1,2
1,SSCP-392e4473f363ca34,1,2
1,SSCP-397f7d16001fc15c,1,2
1,SSCP-39afbc6049a8dce6,1,2
1,SSCP-3a3ce08869dac8a4,1,2
1,SSCP-3aaeaae989b21914,1,2
1,SSCP-3ada726763eb0073,1,2
1,SSCP-3b32040ea77dbfea,1,2
1,SSCP-3b420bf37bd4f180,1,2
1,SSCP-3b556f0314eb812c,1,2
1,SSCP-3b5914f9431c2bdb,1,2
1,SSCP-3b601706fe596645,1,2
1,SSCP-3bbde4e097d41786,1,2
1,SSCP-3c033c1c34cec44b,1,2
1,SSCP-3c0bf9e86e3df428,1,2
1,SSCP-3c30cce22edcfbd4,1,2
1,SSCP-3c7908e2671e147e,1,2
1,SSCP-3c93b2ae614fed5a,1,2
1,SSCP-3ce7d61ec6b0ee11,1,2
1,SSCP-3d47629c5c4ef604,1,2
1,SSCP-3ddf6d5f3f9e0bed,1,2
1,SSCP-3e6928379452ca8b,1,2
1,SSCP-3ed55a8496f0e0d2,1,2
1,SSCP-3edb3e7ba043706f,1,2
1,SSCP-3eef56a53b977bcb,1,2
1,SSCP-3f2554a5fe967d17,1,2
1,SSCP-3f5b4c3a2c7e0ff7,1,2
1,SSCP-3f768071522399ed,1,2
1,SSCP-3f8b7bc0c1c15eec,1,2
1,SSCP-3f9b43ace722d719,1,2
1,SSCP-3fcd0d803ad880ad,1,2
1,SSCP-3fe73c2d79ef40c6,1,2
1,SSCP-4198da62d8056056,1,2
1,SSCP-419ed2b2aeb8ded2,1,2
1,SSCP-41a5353baf98d45c,1,2
1,SSCP-41dc8b4dd905e546,1,2
1,SSCP-4212360ec445a251,1,2
1,SSCP-422821ced2847995,1,2
1,SSCP-422bb7b082ccf0ee,1,2
1,SSCP-426a8688ea8fe2d1,1,2
1,SSCP-429608d038df84cc,1,2
1,SSCP-42c942a3ea245a56,1,2
1,SSCP-42df823fdbc96f09,1,2
1,SSCP-43003115d1c522e5,1,2
1,SSCP-431bd177f83b448d,1,2
1,SSCP-4320b7c1140732b3,1,2
1,SSCP-4343b00a7b893736,1,2
1,SSCP-43f049d9f0db625a,1,2
1,SSCP-4495a2c0021ca5a1,1,2
1,SSCP-450da5cd272fa851,1,2
1,SSCP-45c050e7329d400e,1,2
1,SSCP-45d66c23109777f9,1,2
1,SSCP-46183841a4e007c7,1,2
1,SSCP-461bd6e1f61903c1,1,2
1,SSCP-462a6994fc614a30,1,2
1,SSCP-46601e172a97268b,1,2
1,SSCP-469284f85f704f5b,1,2
1,SSCP-46ca62b3be4e2d1c,1,2
1,SSCP-46ce29f2a54f7312,1,2
1,SSCP-4729bb6ffd558bb8,1,2
1,SSCP-4816f9705106251c,1,2
1,SSCP-4823727736167da9,1,2
1,SSCP-4859ce21e4cc472b,1,2
1,SSCP-489a8fe23e8ceb73,1,2
1,SSCP-49758e93c49d80bd,1,2
1,SSCP-497d85f71d8c8896,1,2
1,SSCP-498596ab6fa63045,1,2
1,SSCP-49e998bcf838cab9,1,2
1,SSCP-4a557efd8da8a111,1,2
1,SSCP-4a861c730d304257,1,2
1,SSCP-4a8679dfc3bf70e4,1,2
1,SSCP-4a9a7ec15a52be42,1,2
1,SSCP-4adb81fc451ecb7f,1,2
1,SSCP-4ae6763dd9b35293,1,2
1,SSCP-4b10bd5af59929f6,1,2
1,SSCP-4b2504a526d7883d,1,2
1,SSCP-4b38f5f47f7c45e9,1,2
1,SSCP-4b6be914a5a306df,1,2
1,SSCP-4bf7514686600aea,1,2
1,SSCP-4c3055539be088e3,1,2
1,SSCP-4c5229443395b3ec,1,2
1,SSCP-4c6aabb81b471fab,1,2
1,SSCP-4c767d3e08d6b584,1,2
1,SSCP-4ca0c2846a89ef12,1,2
1,SSCP-4cdbbb85f00dc345,1,2
1,SSCP-4cfb0575170696cc,1,2
1,SSCP-4d1dde8872f0ef29,1,2
1,SSCP-4da0a49df49eb936,1,2
1,SSCP-4dbc2aeae7783ab9,1,2
1,SSCP-4e0a5c1fefd72716,1,2
1,SSCP-4e0d8bcf0338d211,1,2
1,SSCP-4e35a4d81eb62613,1,2
1,SSCP-4e56a87b4c71a71c,1,2
1,SSCP-4e62bc6e78e44920,1,2
1,SSCP-4e77eb8984061552,1,2
1,SSCP-4f1202d106592234,1,2
1,SSCP-4f24fe3a72b1a0de,1,2
1,SSCP-4f81a8724ad21e0b,1,2
1,SSCP-4f875ac6a597e2bc,1,2
1,SSCP-4f9397efa7487a4f,1,2
1,SSCP-4f9e42dff49a4d23,1,2
1,SSCP-4feeac3b931c561f,1,2
1,SSCP-4ffe1f6326be1ad0,1,2
1,SSCP-50160d2ae305b2fa,1,2
1,SSCP-50253b2828d85a1d,1,2
1,SSCP-5026178c8874b7db,1,2
1,SSCP-50604013c999f1e1,1,2
1,SSCP-50777b93424adb5b,1,2
1,SSCP-50884a9d0655873e,1,2
1,SSCP-50daba5b47fbb664,1,2
1,SSCP-50edccc0566bbc85,1,2
1,SSCP-513b61cc7e2bce45,1,2
1,SSCP-51f47d48a7bf6ea1,1,2
1,SSCP-522ec085f4a931c7,1,2
1,SSCP-525b502641bc780b,1,2
1,SSCP-528827cc1aa4e8ef,1,2
1,SSCP-52a8e54fe6382d8e,1,2
1,SSCP-52c826c56766729c,1,2
1,SSCP-52de642b5f81451d,1,2
1,SSCP-530cb2585f07eb3d,1,2
1,SSCP-5318ef170d612460,1,2
1,SSCP-53556d9e199c2783,1,2
1,SSCP-5359503f502a7837,1,2
1,SSCP-53ba5b9df4859d49,1,2
1,SSCP-53bffbe1a720dd64,1,2
1,SSCP-540bd08b709917ab,1,2
1,SSCP-541b16490db2cb7f,1,2
1,SSCP-5452121b69f3b7c7,1,2
1,SSCP-54544253045000f5,1,2
1,SSCP-5482ec0d545df370,1,2
1,SSCP-54b4f32fb4363334,1,2
1,SSCP-54c463380cf7700f,1,2
1,SSCP-54e34786050c0ff4,1,2
1,SSCP-54fc17255363cb28,1,2
1,SSCP-54ffe8422552c6fe,1,2
1,SSCP-5542d5eb52c4fb97,1,2
1,SSCP-554b3ff4937a7fc0,1,2
1,SSCP-554c3082bfde7d60,1,2
1,SSCP-55707e3e6d5ae29a,1,2
1,SSCP-55e8abfa3a4daff6,1,2
1,SSCP-562096e736165653,1,2
1,SSCP-562f3d62e4e9dab0,1,2
1,SSCP-56371d72e370d026,1,2
1,SSCP-56dce2a86bc42d77,1,2
1,SSCP-5740f52cc765c71a,1,2
1,SSCP-574da1376a003674,1,2
1,SSCP-578e91018895358a,1,2
1,SSCP-57dee76443273673,1,2
1,SSCP-58006b1ce4370048,1,2
1,SSCP-5852b8c64a81dd17,1,2
1,SSCP-5865ded4b3063db4,1,2
1,SSCP-589ea22a02be9617,1,2
1,SSCP-58a4114ba572beb5,1,2
1,SSCP-58adeb3cb5243e37,1,2
1,SSCP-59123c7fc16ec1ef,1,2
1,SSCP-591304ef46df433a,1,2
1,SSCP-59a803a54be3362d,1,2
1,SSCP-59d921e53c01aabd,1,2
1,SSCP-59fcbc17c2345f25,1,2
1,SSCP-5a1904ecb5927977,1,2
1,SSCP-5a4928104da0a537,1,2
1,SSCP-5a60ad87d2c0f134,1,2
1,SSCP-5a639844aac6f29d,1,2
1,SSCP-5b24e2649cd1f894,1,2
1,SSCP-5b28e7478c7e207a,1,2
1,SSCP-5b6d8656ffbe597d,1,2
1,SSCP-5baed7a4bdaeeb06,1,2
1,SSCP-5c0bbf368d1a5dc9,1,2
1,SSCP-5c0c81664d1cf8a6,1,2
1,SSCP-5c3efbc0b23ee0f6,1,2
1,SSCP-5c8c44e56e27e97f,1,2
1,SSCP-5c96652426825453,1,2
1,SSCP-5c9c55ed039d50c9,1,2
1,SSCP-5ccce97b7c1f7330,1,2
1,SSCP-5d14256d9aa46d5e,1,2
1,SSCP-5d33dd8944028e59,1,2
1,SSCP-5d4c9c0c457a493c,1,2
1,SSCP-5dab76094490fa5d,1,2
1,SSCP-5dfd06d01a9e1565,1,2
1,SSCP-5e0347e0880e8806,1,2
1,SSCP-5e506d8ce4c76051,1,2
1,SSCP-5e5e8eefd65eabcb,1,2
1,SSCP-5e7f6ad4327cfc6f,1,2
1,SSCP-5ebeb28b2054e763,1,2
1,SSCP-5ed15297491cbaef,1,2
1,SSCP-5ef9857c0fc84433,1,2
1,SSCP-5f3dba66293f45c2,1,2
1,SSCP-5f6d77021b416e63,1,2
1,SSCP-5fc121e1e714bc53,1,2
1,SSCP-5fcb889fcda40027,1,2
1,SSCP-5fe21bf9816270d6,1,2
1,SSCP-60364f227748892c,1,2
1,SSCP-606cff152a09decb,1,2
1,SSCP-611e12a89f27977c,1,2
1,SSCP-6135ee294223c574,1,2
1,SSCP-614085fb10e4c111,1,2
1,SSCP-614561ffab21e033,1,2
1,SSCP-62170065ded4bfc9,1,2
1,SSCP-625cdb236aeddc96,1,2
1,SSCP-62a8f82ad97cdd43,1,2
1,SSCP-63906b90876fab86,1,2
1,SSCP-639f58a38fe0aee8,1,2
1,SSCP-640159165ebd253a,1,2
1,SSCP-64098ca175195edc,1,2
1,SSCP-6420ee3bdfdaeb36,1,2
1,SSCP-64336101efb893f9,1,2
1,SSCP-643561d7f8993049,1,2
1,SSCP-64896f28a7c09573,1,2
1,SSCP-6504c9de9fe84e5e,1,2
1,SSCP-6508bc8e874b5171,1,2
1,SSCP-650f14e70d88d5b0,1,2
1,SSCP-654d94c31b5c69f2,1,2
1,SSCP-656db08078cff6ce,1,2
1,SSCP-65747dc66b4dcd12,1,2
1,SSCP-65b63834cd7ea272,1,2
1,SSCP-65cd54f0f99fc83d,1,2
1,SSCP-65d8857f64e211be,1,2
1,SSCP-6612a9d7f70449f1,1,2
1,SSCP-665aee58f9744b1b,1,2
1,SSCP-667f3ccbfb92d232,1,2
1,SSCP-6693bee5ba041145,1,2
1,SSCP-66f6944ee01429d4,1,2
1,SSCP-6712a28ef7fd2fbf,1,2
1,SSCP-671405231cc2a8a4,1,2
1,SSCP-672b66a67d7ddd56,1,2
1,SSCP-672f5d3a52344363,1,2
1,SSCP-6731f2c1c6342791,1,2
1,SSCP-67f2994fe858dc24,1,2
1,SSCP-681f9ba178f50378,1,2
1,SSCP-684bc7498519ba9d,1,2
1,SSCP-684d2e5b6afb5b94,1,2
1,SSCP-68938f14a2e702b3,1,2
1,SSCP-68b3acddae3e4dd0,1,2
1,SSCP-6927d7fdfca5685d,1,2
1,SSCP-6976aa466682efee,1,2
1,SSCP-69d508385a1820a4,1,2
1,SSCP-6a0520ca27e8a1fc,1,2
1,SSCP-6a43b65e963493ee,1,2
1,SSCP-6a4c49dabb8dfdd8,1,2
1,SSCP-6aa5cfdd8c475422,1,2
1,SSCP-6b2ff343f9b37210,1,2
1,SSCP-6b43c609cb081b31,1,2
1,SSCP-6b652385b9867dfc,1,2
1,SSCP-6ba328781ddc1bc6,1,2
1,SSCP-6bb7ae1a5c105302,1,2
1,SSCP-6bbf4b42c0a7567c,1,2
1,SSCP-6be461271134484f,1,2
1,SSCP-6bf3c859aa1de00f,1,2
1,SSCP-6c78faa800afc318,1,2
1,SSCP-6cf264218e15c13c,1,2
1,SSCP-6cf31f207f28bc40,1,2
1,SSCP-6cfc0d3edbe3392d,1,2
1,SSCP-6d51854b5b0efa91,1,2
1,SSCP-6dd0131846ffc453,1,2
1,SSCP-6dd15d5127d61b9c,1,2
1,SSCP-6e09883a64596ae4,1,2
1,SSCP-6e3e5e7d32553b51,1,2
1,SSCP-6e56c3c1da28c394,1,2
1,SSCP-6e92aba74f45dd6f,1,2
1,SSCP-6ee4aaff84cea928,1,2
1,SSCP-6ee8d8575443b80f,1,2
1,SSCP-6fb7cfd10038104a,1,2
1,SSCP-6ffbb3ae89401230,1,2
1,SSCP-7015440c071baf91,1,2
1,SSCP-70367f1ea9593d44,1,2
1,SSCP-7063b80f35ef2d8e,1,2
1,SSCP-708aa68b53441465,1,2
1,SSCP-712f96e7b4b6806f,1,2
1,SSCP-71ed918883cc7ff8,1,2
1,SSCP-720d3738f0f507d9,1,2
1,SSCP-725e68767e81495b,1,2
1,SSCP-726de7fc9d6eb279,1,2
1,SSCP-7294b49d4fd6eb04,1,2
1,SSCP-72ada3cf97d49d9a,1,2
1,SSCP-72e713d2d6c369ef,1,2
1,SSCP-72efd2205a24a304,1,2
1,SSCP-73043cf538b3f73b,1,2
1,SSCP-730786f0e9f090b2,1,2
1,SSCP-7314b88f41da371a,1,2
1,SSCP-736248c3c68ca29c,1,2
1,SSCP-73fccea9a0dc11a4,1,2
1,SSCP-744c10e07f2643bd,1,2
1,SSCP-7492c5302281214f,1,2
1,SSCP-74d67319d9bed9dc,1,2
1,SSCP-74dabec5fc831c67,1,2
1,SSCP-754126a0796b9445,1,2
1,SSCP-755f521120cd64ca,1,2
1,SSCP-756a0dc41373284e,1,2
1,SSCP-758a4277342f6e11,1,2
1,SSCP-759c934827490d03,1,2
1,SSCP-75d10bef1e72922a,1,2
1,SSCP-7620225662dad21e,1,2
1,SSCP-76459afbe4253931,1,2
1,SSCP-765e77431f3e03d3,1,2
1,SSCP-768c3899eab5f677,1,2
1,SSCP-768d533d2deebcf7,1,2
1,SSCP-76d779a39de12d6c,1,2
1,SSCP-76d9f40b943bae45,1,2
1,SSCP-7702f36ca15f2cb8,1,2
1,SSCP-770b069541be9fba,1,2
1,SSCP-771b08d38ce337e0,1,2
1,SSCP-7729d4c0408ae2c6,1,2
1,SSCP-774752e59d3a311c,1,2
1,SSCP-775a1009c0e52d63,1,2
1,SSCP-78334550d5421893,1,2
1,SSCP-7872503c77af0713,1,2
1,SSCP-78b2fa62a4b418ab,1,2
1,SSCP-78c0972c61062ddf,1,2
1,SSCP-78ef7b0cb7eb3327,1,2
1,SSCP-791918143f815f1a,1,2
1,SSCP-7924bcf19762f824,1,2
1,SSCP-79424ed6c8be1d70,1,2
1,SSCP-794307a4193cec2c,1,2
1,SSCP-796669264fc927c2,1,2
1,SSCP-79b6f858e52ffcd6,1,2
1,SSCP-79bd9b0dae595816,1,2
1,SSCP-79ca227863fc1e5f,1,2
1,SSCP-79db350229b3c2ec,1,2
1,SSCP-7a0f80201a919d99,1,2
1,SSCP-7a3cc43fe0aed68e,1,2
1,SSCP-7a5b8a9a1ba9530c,1,2
1,SSCP-7a63d4541d22fee7,1,2
1,SSCP-7a6608e0f8d0cc78,1,2
1,SSCP-7b06a76e4809a13c,1,2
1,SSCP-7b719f4fc73a404f,1,2
1,SSCP-7b7f10b1ebfa7ab9,1,2
1,SSCP-7c1f569fbaa1a25d,1,2
1,SSCP-7c2ccb7744ea2880,1,2
1,SSCP-7c3c9b3bcac71f2b,1,2
1,SSCP-7c4066d51ba18958,1,2
1,SSCP-7c4293d36f39df20,1,2
1,SSCP-7c643c086a000068,1,2
1,SSCP-7c904f0db29bcf3b,1,2
1,SSCP-7c90728472a59caa,1,2
1,SSCP-7cb55d0256d00ae4,1,2
1,SSCP-7ccb98720b6d1d35,1,2
1,SSCP-7cd114ac83e69b8f,1,2
1,SSCP-7ce87f27e591d883,1,2
1,SSCP-7d41f373f61fcffe,1,2
1,SSCP-7d66cef5b3cbab98,1,2
1,SSCP-7d69e826de870c58,1,2
1,SSCP-7df284cf98ed0487,1,2
1,SSCP-7e0cf6529d4e4e47,1,2
1,SSCP-7ec501ae1982bb45,1,2
1,SSCP-7ef190dc97708f57,1,2
1,SSCP-7f004567fec59977,1,2
1,SSCP-7f29b21ca86c0c9b,1,2
1,SSCP-7f396fd72824a0a5,1,2
1,SSCP-7f45dc3dae70b1f9,1,2
1,SSCP-7f5241b2a2629dcc,1,2
1,SSCP-7f7ecf84c136eece,1,2
1,SSCP-7f8b66e69e45fa6d,1,2
1,SSCP-7fac4d68b7228b90,1,2
1,SSCP-7fcde8aabe62fb2d,1,2
1,SSCP-7fd507d8ece71bb1,1,2
1,SSCP-7ffc785e87b7989f,1,2
1,SSCP-8006c5f5d64c5c6f,1,2
1,SSCP-8058373540028171,1,2
1,SSCP-80c50b0f9520eff7,1,2
1,SSCP-8136585581ff8d42,1,2
1,SSCP-81585062e5df5343,1,2
1,SSCP-81ad6cc5b50f6446,1,2
1,SSCP-81d5e90aeb9e8344,1,2
1,SSCP-82175eb2a2db6119,1,2
1,SSCP-8236633ad8bf6594,1,2
1,SSCP-823de5ded496d7b7,1,2
1,SSCP-827f23cf7528aab4,1,2
1,SSCP-833c7027ff488fc8,1,2
1,SSCP-83a64d956fbdb419,1,2
1,SSCP-844e5a1520afcf1a,1,2
1,SSCP-845cc4cb8915fc74,1,2
1,SSCP-846da4f85c6e0c62,1,2
1,SSCP-84838f44676821d0,1,2
1,SSCP-84dbd35854d03b04,1,2
1,SSCP-8535f92511dc0c06,1,2
1,SSCP-8544c54df87c319a,1,2
1,SSCP-8585cc1ca670c5c8,1,2
1,SSCP-8595f97dd7b52161,1,2
1,SSCP-85d28656d78e8ff1,1,2
1,SSCP-860440df9d2ddf13,1,2
1,SSCP-8622198799c1ac78,1,2
1,SSCP-8629ba7bf70103c8,1,2
1,SSCP-86596ef6e8cce561,1,2
1,SSCP-869268142927832b,1,2
1,SSCP-86babc5e6f16cbb4,1,2
1,SSCP-86c672ce36d8f4a0,1,2
1,SSCP-86eb5e986b2341f2,1,2
1,SSCP-875bf9028de981db,1,2
1,SSCP-8793526dc8e494fa,1,2
1,SSCP-879eadae3cca1716,1,2
1,SSCP-87baeb6baa1b9077,1,2
1,SSCP-88079f9ddd2d39fc,1,2
1,SSCP-880e8f917952bcb5,1,2
1,SSCP-881084b3802ff6b1,1,2
1,SSCP-881a633a11061b14,1,2
1,SSCP-88379c3817d94845,1,2
1,SSCP-890a1df45368c275,1,2
1,SSCP-890ccbc0efcee2a4,1,2
1,SSCP-892a904c7decf61f,1,2
1,SSCP-8974476f9784f25c,1,2
1,SSCP-89822cf5b2282bdb,1,2
1,SSCP-898d8c169d9cb96b,1,2
1,SSCP-89a001170812fa1e,1,2
1,SSCP-89eaf7836078b298,1,2
1,SSCP-89f6b84f72d112db,1,2
1,SSCP-8a3588a3e9a9bcb4,1,2
1,SSCP-8a45ab783c106f75,1,2
1,SSCP-8a4d0b9a36d09cbf,1,2
1,SSCP-8a64676636933234,1,2
1,SSCP-8ac2e248c0c791f6,1,2
1,SSCP-8ade04e9c52962ff,1,2
1,SSCP-8b0da5722d27592c,1,2
1,SSCP-8b4ebd8a4ec4ee6a,1,2
1,SSCP-8bc65126500af247,1,2
1,SSCP-8bf27c7f47054158,1,2
1,SSCP-8c322fe41faf94ac,1,2
1,SSCP-8c40713cee28032b,1,2
1,SSCP-8d201aa4cd5ecb0f,1,2
1,SSCP-8d213d61c0b1f085,1,2
1,SSCP-8d46d5004756f506,1,2
1,SSCP-8d9850f291a3822a,1,2
1,SSCP-8da7c7308243a86a,1,2
1,SSCP-8dfdbf929bbb4ed8,1,2
1,SSCP-8e06d93ddc59a01f,1,2
1,SSCP-8e1787037e6e0b46,1,2
1,SSCP-8e18c89d72193bac,1,2
1,SSCP-8e3a250b1d041504,1,2
1,SSCP-8e48a0a6fc107f13,1,2
1,SSCP-8e93dac81a4b28fd,1,2
1,SSCP-8e9a301971cf6122,1,2
1,SSCP-8ee5e8d5cd7f950a,1,2
1,SSCP-8f271cbab24b4d01,1,2
1,SSCP-8f59350109d6b47a,1,2
1,SSCP-8f6232435eabf10a,1,2
1,SSCP-8fbb91103e5d1595,1,2
1,SSCP-8fcb0c787d83667a,1,2
1,SSCP-901e50ab9dbbb216,1,2
1,SSCP-902cdd1b969a3b97,1,2
1,SSCP-90549f983c761a5e,1,2
1,SSCP-907defa035dfc7d5,1,2
1,SSCP-908631cc6ab0fbbf,1,2
1,SSCP-90d7a129bfdf463c,1,2
1,SSCP-90ec06138c1f1632,1,2
1,SSCP-90f9784ed10753e6,1,2
1,SSCP-9159e4e4de54abf6,1,2
1,SSCP-916a79be4eece91e,1,2
1,SSCP-923324cbf923d232,1,2
1,SSCP-9267299435194b0f,1,2
1,SSCP-92ed99abcd75a7f1,1,2
1,SSCP-9309ab610acfdb82,1,2
1,SSCP-93368e314e12452a,1,2
1,SSCP-939ec57168cefa47,1,2
1,SSCP-9408821b065c219a,1,2
1,SSCP-9456588b72f06d64,1,2
1,SSCP-94604ad73189c47d,1,2
1,SSCP-94788a3502b76f03,1,2
1,SSCP-94f8dcfff52c2066,1,2
1,SSCP-950ddd0173703359,1,2
1,SSCP-951cb4cc4ebdfc95,1,2
1,SSCP-9580281d18a5c7d9,1,2
1,SSCP-95e1d638416fa9f5,1,2
1,SSCP-961d1c321d0cf6ec,1,2
1,SSCP-9668072b4567174f,1,2
1,SSCP-966a0502bd3b8a55,1,2
1,SSCP-969a21950c11ea89,1,2
1,SSCP-969c7169dd308cfc,1,2
1,SSCP-96d1a680dac2f100,1,2
1,SSCP-973c5b5af0f5c32c,1,2
1,SSCP-97490b2ea7937485,1,2
1,SSCP-9757102c5284deaa,1,2
1,SSCP-97576014dcb71310,1,2
1,SSCP-985572e40e9550cb,1,2
1,SSCP-986b9218c3a9d07b,1,2
1,SSCP-9876428e856afdfa,1,2
1,SSCP-988e2fd1f21991c8,1,2
1,SSCP-98dc379a448834ac,1,2
1,SSCP-98e75ece72e66ecc,1,2
1,SSCP-992b21e49ddea21d,1,2
1,SSCP-99d8651aed85aa3d,1,2
1,SSCP-9a018f0c4bd11aca,1,2
1,SSCP-9a0a95984ec63d4e,1,2
1,SSCP-9a0fb7c581732db7,1,2
1,SSCP-9a97d435043ad3e8,1,2
1,SSCP-9aabc7567302a0c2,1,2
1,SSCP-9b1198312a951a9b,1,2
1,SSCP-9b72770dc9e588cd,1,2
1,SSCP-9bc00d5e281d61ba,1,2
1,SSCP-9bde22ecdd822756,1,2
1,SSCP-9bdf8ae142f7dd6b,1,2
1,SSCP-9be4e160b4d91b3a,1,2
1,SSCP-9c07888fc59135b0,1,2
1,SSCP-9cbad76d4da2e4cd,1,2
1,SSCP-9cdf1e4b1e90c4c3,1,2
1,SSCP-9d49113764fe7ae8,1,2
1,SSCP-9d5df21fc53efbbe,1,2
1,SSCP-9dd91f4faa1f73e7,1,2
1,SSCP-9dec4462d94f81b0,1,2
1,SSCP-9e3830139ebd06fe,1,2
1,SSCP-9e95bf37b0c9e68c,1,2
1,SSCP-9edddbb95d1d3ab1,1,2
1,SSCP-9ef4b2f391ebb421,1,2
1,SSCP-9ef800787eb9c187,1,2
1,SSCP-9f16dcda9e1775d3,1,2
1,SSCP-9f37dfdc6fb5e106,1,2
1,SSCP-9f5e9ccb824f9212,1,2
1,SSCP-9f76b98ddcfcc9f0,1,2
1,SSCP-9f7e0ac2e11d7f39,1,2
1,SSCP-9f8756b22fac9d56,1,2
1,SSCP-9fc049a757a34884,1,2
1,SSCP-9fe3f2cb9849368d,1,2
1,SSCP-9ff8922ce9620f39,1,2
1,SSCP-9fff12b0cc65ff5b,1,2
1,SSCP-a03ed164246c321f,1,2
1,SSCP-a0a570a5c6e38611,1,2
1,SSCP-a11d46ff8c2f711d,1,2
1,SSCP-a156fa2807aad0dd,1,2
1,SSCP-a15a4dd30b9cf821,1,2
1,SSCP-a16c3667168bc2ac,1,2
1,SSCP-a19ddb7c1cfa7825,1,2
1,SSCP-a1d9abb5ea21041a,1,2
1,SSCP-a1e18b3d7e9e55a9,1,2
1,SSCP-a20271a65365cf88,1,2
1,SSCP-a215d7f8e2cd5949,1,2
1,SSCP-a22439c4a1d1257a,1,2
1,SSCP-a25014698399b3cf,1,2
1,SSCP-a282b514c040917f,1,2
1,SSCP-a2f3fcb2fc410da1,1,2
1,SSCP-a3146e09eeab8bef,1,2
1,SSCP-a31bd1d96bb8fdeb,1,2
1,SSCP-a33281cf3ab9c57c,1,2
1,SSCP-a33f92e9103a455d,1,2
1,SSCP-a355d58ded58435c,1,2
1,SSCP-a35882838c899f73,1,2
1,SSCP-a3dbcd30c03fab54,1,2
1,SSCP-a3f47bb93639a1d5,1,2
1,SSCP-a3fdc4bb7457e5ad,1,2
1,SSCP-a44d5e0c7ff720ca,1,2
1,SSCP-a45829f890dbc80d,1,2
1,SSCP-a47f97121d419e9c,1,2
1,SSCP-a4b3d40d2c9a6fa7,1,2
1,SSCP-a4c6e646d8cd613b,1,2
1,SSCP-a504086ecb64c79e,1,2
1,SSCP-a5261e0a58c3bc44,1,2
1,SSCP-a599feacb354f5d3,1,2
1,SSCP-a59ba08eb62949b5,1,2
1,SSCP-a5d7b42fff193596,1,2
1,SSCP-a5dba76664418451,1,2
1,SSCP-a65a339b09f329bb,1,2
1,SSCP-a694b53af398b81e,1,2
1,SSCP-a71ff8ab4dbd1515,1,2
1,SSCP-a7af7ca72457cb2b,1,2
1,SSCP-a7eec55ed75aafff,1,2
1,SSCP-a7f2ee9fb9d2e12c,1,2
1,SSCP-a809bbe553658ff3,1,2
1,SSCP-a857bb9278cb8d6f,1,2
1,SSCP-a87f60ad287aa8d3,1,2
1,SSCP-a89a3ab2f425c3f6,1,2
1,SSCP-a8a49c90a408c497,1,2
1,SSCP-a8a8a067ba967fbd,1,2
1,SSCP-a8f40688d5c4437d,1,2
1,SSCP-a90d433649ab3b98,1,2
1,SSCP-a932ca95052ae2a9,1,2
1,SSCP-a950321bc72f5142,1,2
1,SSCP-a953a9cd549281ea,1,2
1,SSCP-a9bbdce40ecfa640,1,2
1,SSCP-a9c501cb868d7cec,1,2
1,SSCP-a9f24d919cbb07d7,1,2
1,SSCP-a9f82eede7acc4b3,1,2
1,SSCP-aa11a0f14b67fd58,1,2
1,SSCP-aa2f76086367acda,1,2
1,SSCP-aa52d8cafcbf58ab,1,2
1,SSCP-aa84c4f8e59b2586,1,2
1,SSCP-aaf3ca3d61366011,1,2
1,SSCP-ab190c5c16ac1198,1,2
1,SSCP-ab22c4e3a4d9fb41,1,2
1,SSCP-ab3aecffe9c1cbaf,1,2
1,SSCP-ab3e0c473192d4ab,1,2
1,SSCP-ab5c78e91c8de8fe,1,2
1,SSCP-ab80cd077a283c90,1,2
1,SSCP-ab87339afc7e3db2,1,2
1,SSCP-aba852a195a8b0fe,1,2
1,SSCP-abb6c44649543be8,1,2
1,SSCP-abdc67adb7ec2c74,1,2
1,SSCP-abf1c19d05cab9bc,1,2
1,SSCP-ac0a8a0c2295f8d9,1,2
1,SSCP-ac1d3a1380e29957,1,2
1,SSCP-ac45a6eb6bf7777d,1,2
1,SSCP-ac536e9f3cd4d684,1,2
1,SSCP-ac57dcd68c170f24,1,2
1,SSCP-ac6d89cc9db882f3,1,2
1,SSCP-ac784d1771ca50fb,1,2
1,SSCP-ac85097311421127,1,2
1,SSCP-ace9baf280ae2bd9,1,2
1,SSCP-ad74acc2bed9f285,1,2
1,SSCP-ada9ebaf1ea0d892,1,2
1,SSCP-adc5cc0641a14b4c,1,2
1,SSCP-ade028fd16bd0541,1,2
1,SSCP-ae49ecdfb175d0af,1,2
1,SSCP-ae545d29cda16a73,1,2
1,SSCP-ae6eead5e863f296,1,2
1,SSCP-ae85f41859d89944,1,2
1,SSCP-aec8c5eda2063620,1,2
1,SSCP-aefbc07b01f03eee,1,2
1,SSCP-aff45221e4a7f54e,1,2
1,SSCP-aff4bf61e576d476,1,2
1,SSCP-b0134a5ac756d3cf,1,2
1,SSCP-b06f7e8a7200665c,1,2
1,SSCP-b094ebdfa9df2b1d,1,2
1,SSCP-b0b35bdc40ace38e,1,2
1,SSCP-b0d8fe57c5c071bb,1,2
1,SSCP-b0e8a1850fe19700,1,2
1,SSCP-b130304f62912e6e,1,2
1,SSCP-b1964409bbc91f68,1,2
1,SSCP-b1e91dd352197de7,1,2
1,SSCP-b219d759089ac773,1,2
1,SSCP-b22f5b1cab3d4692,1,2
1,SSCP-b27817e2a076529e,1,2
1,SSCP-b27db484fc9788c8,1,2
1,SSCP-b2c564cc2eca1474,1,2
1,SSCP-b2f74b487553eb7b,1,2
1,SSCP-b3519234055b3fb4,1,2
1,SSCP-b35f8401efd6dea3,1,2
1,SSCP-b3a96c9ddc6c0af6,1,2
1,SSCP-b3bcb31f0ded5afc,1,2
1,SSCP-b3f3da07c64c3757,1,2
1,SSCP-b3fcdb3f59ab6dd7,1,2
1,SSCP-b3fdbbb9917d0dc2,1,2
1,SSCP-b40f07066b5dd11f,1,2
1,SSCP-b436499db87f08e6,1,2
1,SSCP-b460edef6b41bb55,1,2
1,SSCP-b477929fcd0a70eb,1,2
1,SSCP-b48804e080a7b941,1,2
1,SSCP-b4966eac71787b12,1,2
1,SSCP-b4a10b903949d5ff,1,2
1,SSCP-b4ada21738b9dbeb,1,2
1,SSCP-b52810ab1a869d9d,1,2
1,SSCP-b5570dbcfd185227,1,2
1,SSCP-b559627740991635,1,2
1,SSCP-b594f624429381bc,1,2
1,SSCP-b5c8ec9a0062db9e,1,2
1,SSCP-b5ee54ec9e023981,1,2
1,SSCP-b6b28c7b090f29e3,1,2
1,SSCP-b6d3ee688795cffc,1,2
1,SSCP-b6deb9fad959ebbd,1,2
1,SSCP-b6e0202ef24ac683,1,2
1,SSCP-b6fa2ba06e7aa890,1,2
1,SSCP-b70cb8a261656842,1,2
1,SSCP-b71006345e37dbb7,1,2
1,SSCP-b7471723c584fb58,1,2
1,SSCP-b79b57ec6aaf1813,1,2
1,SSCP-b7a1a35c2332fe79,1,2
1,SSCP-b7bc11f3674f74ab,1,2
1,SSCP-b7e07eef17bbf826,1,2
1,SSCP-b822e543140861cc,1,2
1,SSCP-b823ff608aa439b8,1,2
1,SSCP-b86f03748a2a8c4c,1,2
1,SSCP-b8a21e8b6fc31a1b,1,2
1,SSCP-b8a95a4d787fd7d3,1,2
1,SSCP-b8b1309741d82cbd,1,2
1,SSCP-b8d8263728004d84,1,2
1,SSCP-b940c9081bb41d20,1,2
1,SSCP-b942e18529c4a661,1,2
1,SSCP-b9940046f9eb519f,1,2
1,SSCP-b99a2ac65f8cb3ed,1,2
1,SSCP-b9a2306d6e54cdc4,1,2
1,SSCP-b9bc01073ebd69c3,1,2
1,SSCP-b9cf3dfbe475f902,1,2
1,SSCP-ba2bcdae1b049a38,1,2
1,SSCP-ba3681ba6f72e06c,1,2
1,SSCP-ba3b4d201570a963,1,2
1,SSCP-ba7f0a2bb7147b13,1,2
1,SSCP-ba837053c56fd66b,1,2
1,SSCP-bb4cd2d7ced7d162,1,2
1,SSCP-bb5dc317c0a26048,1,2
1,SSCP-bb62ef2710fa6757,1,2
1,SSCP-bba1bcd2fa49cbd4,1,2
1,SSCP-bba6f35e3dc8af04,1,2
1,SSCP-bbfe8dbc86f5d517,1,2
1,SSCP-bc39936afac258cd,1,2
1,SSCP-bc68b1db276c7fad,1,2
1,SSCP-bce3d5bfa9f1ec02,1,2
1,SSCP-bce60069e7e3d0f5,1,2
1,SSCP-bd69b70428b3404a,1,2
1,SSCP-bd976946914886a5,1,2
1,SSCP-bd9b479b09896c97,1,2
1,SSCP-bda989dc28ca9778,1,2
1,SSCP-bdb16c5bc4576002,1,2
1,SSCP-bddebe0f460c4afe,1,2
1,SSCP-be100b62d2556b2d,1,2
1,SSCP-be61179547fffaff,1,2
1,SSCP-bef21a651475429c,1,2
1,SSCP-bef52efddf68f55a,1,2
1,SSCP-befd6eaffbe7f287,1,2
1,SSCP-bf3a641ef893e416,1,2
1,SSCP-bf3ba2d6d0a36cbe,1,2
1,SSCP-bf3d4b6ae92eb2ef,1,2
1,SSCP-bf779f6c0a01d535,1,2
1,SSCP-bfea02f77ccc128f,1,2
1,SSCP-bff4ac797cf87ed2,1,2
1,SSCP-c0e260357d779dfc,1,2
1,SSCP-c101b7a4bec8d0b2,1,2
1,SSCP-c1122d03d19db64a,1,2
1,SSCP-c132c46e12b01f6a,1,2
1,SSCP-c185807c05eda0ea,1,2
1,SSCP-c1bde980d11b74aa,1,2
1,SSCP-c1f5e40a92b69481,1,2
1,SSCP-c21cb3f74ed34aa3,1,2
1,SSCP-c26785e93cac04d5,1,2
1,SSCP-c27f91dd5394e8f4,1,2
1,SSCP-c28038e4008e3141,1,2
1,SSCP-c2b7796dd7a8e0ac,1,2
1,SSCP-c370d26fcf1127af,1,2
1,SSCP-c375826a551c61d9,1,2
1,SSCP-c39e5488c200945e,1,2
1,SSCP-c3ce5e35e86eb333,1,2
1,SSCP-c3f8f38b68cb9d7e,1,2
1,SSCP-c41e6531ee088f4c,1,2
1,SSCP-c444e8cca906a4dc,1,2
1,SSCP-c4a261662546c2e6,1,2
1,SSCP-c4df77c40d0bac6a,1,2
1,SSCP-c506f1539800c55f,1,2
1,SSCP-c51a62982bae7b81,1,2
1,SSCP-c55e048b7fc07dd5,1,2
1,SSCP-c5641ffa39953e1a,1,2
1,SSCP-c56cc0396fbc77c9,1,2
1,SSCP-c5729bf76c2ca203,1,2
1,SSCP-c57e5184c3ea9246,1,2
1,SSCP-c58763206e12e6dc,1,2
1,SSCP-c5e16b903439e85d,1,2
1,SSCP-c65980effe09814a,1,2
1,SSCP-c67d19f504068604,1,2
1,SSCP-c71414336feb5f32,1,2
1,SSCP-c72b488ee873d7cc,1,2
1,SSCP-c7472d319239e8bb,1,2
1,SSCP-c77270452867e4a5,1,2
1,SSCP-c7969aa4c9749852,1,2
1,SSCP-c7b2715af5c1e0ba,1,2
1,SSCP-c7b5e637b0dec4d3,1,2
1,SSCP-c7c62106ddf321b4,1,2
1,SSCP-c7f2757cc6220b39,1,2
1,SSCP-c7fc358b81cdc669,1,2
1,SSCP-c82a0eccd13aebfe,1,2
1,SSCP-c8456910c410e4e3,1,2
1,SSCP-c8c72b336d6fde2e,1,2
1,SSCP-c8c834f7865a40ce,1,2
1,SSCP-c927da440ac86c02,1,2
1,SSCP-c96c5b1ed069e660,1,2
1,SSCP-c9cac46a08690b33,1,2
1,SSCP-ca088f01690094b5,1,2
1,SSCP-ca0bc737f01dedec,1,2
1,SSCP-ca14c10fda74a36c,1,2
1,SSCP-ca27b3c57990a800,1,2
1,SSCP-ca3044e9745737e6,1,2
1,SSCP-ca4086211d6dd7c5,1,2
1,SSCP-ca5783d96bdbac01,1,2
1,SSCP-ca5ad25415dba058,1,2
1,SSCP-ca950d29c47c8513,1,2
1,SSCP-caa0a08020cb47f1,1,2
1,SSCP-caa95ad80e832ca3,1,2
1,SSCP-cad6e2b4eace0fa7,1,2
1,SSCP-cb4fabae73c3c4c8,1,2
1,SSCP-cb60406ca5f737c6,1,2
1,SSCP-cb78b3baa4e95618,1,2
1,SSCP-cc62d840f715f0f7,1,2
1,SSCP-cc73b9c507e1916e,1,2
1,SSCP-cc744f9860a502cd,1,2
1,SSCP-cc75e0d3c8bc9f42,1,2
1,SSCP-cc91bad8966e5d8b,1,2
1,SSCP-cc93e8db88f4c534,1,2
1,SSCP-cc9e759220dae3ca,1,2
1,SSCP-ccb04c3c1f40e261,1,2
1,SSCP-ccb074e8350e8caf,1,2
1,SSCP-ccf9052c0f321ca3,1,2
1,SSCP-cd15c643d90bd611,1,2
1,SSCP-cd29aff043d24686,1,2
1,SSCP-cd2ccde2be18692c,1,2
1,SSCP-cd3a0370daa2b653,1,2
1,SSCP-ce0fe6d75684b152,1,2
1,SSCP-ce2ced7f013b8614,1,2
1,SSCP-ce506cc3838561bf,1,2
1,SSCP-ce82a654d4c68493,1,2
1,SSCP-cf1c92a8d1b52f27,1,2
1,SSCP-cf8ffe91fb45a811,1,2
1,SSCP-cfa66e8f9be1aa95,1,2
1,SSCP-cfb0d60633dc103d,1,2
1,SSCP-d02a20b38f7f6957,1,2
1,SSCP-d03d5c5b83575e7f,1,2
1,SSCP-d0807a39bb21e9b6,1,2
1,SSCP-d0cbec70fa4de23c,1,2
1,SSCP-d0d70e962ede2339,1,2
1,SSCP-d0f13288c42d4d12,1,2
1,SSCP-d0feb6dff4b27fe7,1,2
1,SSCP-d1467ae0af7ff6ba,1,2
1,SSCP-d14a7568bf97093e,1,2
1,SSCP-d15626d27a5ec3a7,1,2
1,SSCP-d15ac5913f934e23,1,2
1,SSCP-d15aeb6c74bcc898,1,2
1,SSCP-d15f730f106c127e,1,2
1,SSCP-d223076a555cb56d,1,2
1,SSCP-d28a655f922fad50,1,2
1,SSCP-d2987fbd7a9f67f8,1,2
1,SSCP-d29a57755537188f,1,2
1,SSCP-d2f85e75bf19e84d,1,2
1,SSCP-d308d1d5a3fe3c50,1,2
1,SSCP-d33a7d8946b1b14f,1,2
1,SSCP-d33aca27900dfaed,1,2
1,SSCP-d3674f680a36aa0b,1,2
1,SSCP-d3a6cb24e81544c2,1,2
1,SSCP-d3d6cf3d6fbea1e1,1,2
1,SSCP-d3fd8faea75b7ca3,1,2
1,SSCP-d456eef0e76cc380,1,2
1,SSCP-d4a4ce3cedfb51f3,1,2
1,SSCP-d4ad67aa75b4f322,1,2
1,SSCP-d4d544510d837c1f,1,2
1,SSCP-d52112565b08c921,1,2
1,SSCP-d5419e61565db464,1,2
1,SSCP-d57a2e9d5ae51526,1,2
1,SSCP-d59a25cccfc2445e,1,2
1,SSCP-d5aafb48fe2b9c64,1,2
1,SSCP-d64dcff058f5c124,1,2
1,SSCP-d7622b3cf0d6c6dd,1,2
1,SSCP-d787d7e185c04d36,1,2
1,SSCP-d79af7d97353dbe1,1,2
1,SSCP-d79ba25a7c076b7c,1,2
1,SSCP-d7d7cb6d8ec28b6c,1,2
1,SSCP-d7ef109384ec90f8,1,2
1,SSCP-d80b5131544810e2,1,2
1,SSCP-d82937b81cdc91d1,1,2
1,SSCP-d846c2ef7113a8c9,1,2
1,SSCP-d8571dfdae15dccd,1,2
1,SSCP-d8ec9431d4191470,1,2
1,SSCP-d8fb437d78b4509a,1,2
1,SSCP-d92361deded9a5e7,1,2
1,SSCP-d92dd04739b1a871,1,2
1,SSCP-d9344f539477717c,1,2
1,SSCP-d948e5ef16b3a1cb,1,2
1,SSCP-d979eacd2f1d3376,1,2
1,SSCP-d97d163137035811,1,2
1,SSCP-d97e31cbfcb3ac9e,1,2
1,SSCP-d9855b6bc4d50593,1,2
1,SSCP-d9a243f225fcbc09,1,2
1,SSCP-d9b4f2713419f088,1,2
1,SSCP-d9b7669f7f4a7b88,1,2
1,SSCP-d9fc8f01479f244c,1,2
1,SSCP-da3fe8d6efe6d077,1,2
1,SSCP-da54775fd262a1b2,1,2
1,SSCP-daadd723beef45bd,1,2
1,SSCP-dabdb80a9e49d9a3,1,2
1,SSCP-db56b0c479acfacb,1,2
1,SSCP-db73c9edb05c2a31,1,2
1,SSCP-dbd9040dc50b70ea,1,2
1,SSCP-dc54d618c2af7e07,1,2
1,SSCP-dc7eec55b61b56a6,1,2
1,SSCP-dc8f116eb38d5119,1,2
1,SSCP-dcb096137c7c8840,1,2
1,SSCP-dcc14b98b1211c00,1,2
1,SSCP-dcdae5832e6f2fb2,1,2
1,SSCP-dcdb8587837da06c,1,2
1,SSCP-dce905e2da9a6a2a,1,2
1,SSCP-dcf576a7c9326616,1,2
1,SSCP-dd15b8c80e15c790,1,2
1,SSCP-dd795d7b2874014b,1,2
1,SSCP-dd8ec10f3cf52a47,1,2
1,SSCP-ddb5d76b729cc5aa,1,2
1,SSCP-dde5d9a5ccdd9275,1,2
1,SSCP-de0681ef8b59e761,1,2
1,SSCP-de2d7cad4735fb0e,1,2
1,SSCP-de419e2feb06931c,1,2
1,SSCP-de4f0d72f7ff2508,1,2
1,SSCP-de792fe317a6ab5d,1,2
1,SSCP-debd807e797fb696,1,2
1,SSCP-dec9896ef1a9d434,1,2
1,SSCP-df0f7069fcda8166,1,2
1,SSCP-df1551d92452d376,1,2
1,SSCP-df3520251dcfcd0f,1,2
1,SSCP-df3a2e9f1bcdd426,1,2
1,SSCP-df42b46d8cacff77,1,2
1,SSCP-df7f01cb45e4597e,1,2
1,SSCP-dfdc688f7aca9e79,1,2
1,SSCP-dfdc9002404f68c1,1,2
1,SSCP-e02f5b40582d518f,1,2
1,SSCP-e03872d0c826f5f8,1,2
1,SSCP-e03ccafb022beba0,1,2
1,SSCP-e0677ab16778bb74,1,2
1,SSCP-e06e4a17daec1de8,1,2
1,SSCP-e07ddad74fe9f1f6,1,2
1,SSCP-e0967d3ecc24d649,1,2
1,SSCP-e0e389f64cac0805,1,2
1,SSCP-e0f2a32db50b4df3,1,2
1,SSCP-e124f8fde1311ed4,1,2
1,SSCP-e1487edd866f9eb0,1,2
1,SSCP-e14b3c40eff57836,1,2
1,SSCP-e16f4425bb3c2a7c,1,2
1,SSCP-e187c1aac4df28d3,1,2
1,SSCP-e1bb9b8b1c3a7aef,1,2
1,SSCP-e21432e77f3a4b75,1,2
1,SSCP-e2445277d9858d88,1,2
1,SSCP-e24cc5ecf3bf8bf6,1,2
1,SSCP-e25be8c8dab5d73d,1,2
1,SSCP-e296b72d472376ba,1,2
1,SSCP-e2ed8565043546b8,1,2
1,SSCP-e2f13cf8549a72cc,1,2
1,SSCP-e2f48312dfad9b80,1,2
1,SSCP-e344f6b203558a9f,1,2
1,SSCP-e35d014015bc53f9,1,2
1,SSCP-e3998734694134b4,1,2
1,SSCP-e39caa6b45c3b00a,1,2
1,SSCP-e424cf7448640560,1,2
1,SSCP-e46bc7bcfe09023a,1,2
1,SSCP-e48d32133bf84b06,1,2
1,SSCP-e4a10296b94dc1be,1,2
1,SSCP-e4c43945a6eff4a2,1,2
1,SSCP-e4e4f1885483a48f,1,2
1,SSCP-e4ed03d16211a155,1,2
1,SSCP-e4f82ae4226e3c8b,1,2
1,SSCP-e506010c6b99ceb4,1,2
1,SSCP-e5321e429070d5e8,1,2
1,SSCP-e54e1d6f460d5e4e,1,2
1,SSCP-e581e6d7a7ab90f0,1,2
1,SSCP-e5894b9d74dc9d4f,1,2
1,SSCP-e5d2b5231e3ac8ec,1,2
1,SSCP-e61c644d5fdeef20,1,2
1,SSCP-e662eda3fbd348ce,1,2
1,SSCP-e6809fbc821ef4ef,1,2
1,SSCP-e74a39f6a8a2acfa,1,2
1,SSCP-e78a4804dcada6e7,1,2
1,SSCP-e7c453a09120b26a,1,2
1,SSCP-e806d5c75900f10c,1,2
1,SSCP-e860ee4df46cc6d1,1,2
1,SSCP-e866a325c66c7a60,1,2
1,SSCP-e877ee0529545ea0,1,2
1,SSCP-e8941f5b32c28be2,1,2
1,SSCP-e90d9b70d53501de,1,2
1,SSCP-e96d3b33b601f3bc,1,2
1,SSCP-e96fc34668b8bee5,1,2
1,SSCP-e9b2af3d0546cb3c,1,2
1,SSCP-e9f238ab29e7a218,1,2
1,SSCP-ea1653bad3e9b117,1,2
1,SSCP-ea360add17f58efb,1,2
1,SSCP-ea7dc2e7c8255df2,1,2
1,SSCP-eaa15c7c973e0997,1,2
1,SSCP-eaf156cb0e8f4deb,1,2
1,SSCP-eb19c538414934ae,1,2
1,SSCP-eb419c599868652b,1,2
1,SSCP-ebd899bc4ba7955d,1,2
1,SSCP-ebf8aa409abae191,1,2
1,SSCP-ec339333cd5dab63,1,2
1,SSCP-ec74cbe09a81fd95,1,2
1,SSCP-ec7939fc05595bf8,1,2
1,SSCP-ecf19c15cb41a6d6,1,2
1,SSCP-ed0d954a7302d522,1,2
1,SSCP-ed1fd5e7755f06bd,1,2
1,SSCP-ed89a7a979b52d39,1,2
1,SSCP-edaef592bf2400f3,1,2
1,SSCP-edddc4b3939ed2e5,1,2
1,SSCP-edf69e8a3b14ca02,1,2
1,SSCP-ee2faaec72aed960,1,2
1,SSCP-ee3502256d7e2248,1,2
1,SSCP-ee44ccac2d7fe452,1,2
1,SSCP-ee5df92dd011784a,1,2
1,SSCP-ee7213a7b7bbfd54,1,2
1,SSCP-ee7b129a22158274,1,2
1,SSCP-ef0baf881043bedf,1,2
1,SSCP-ef244e6e5308c655,1,2
1,SSCP-ef4401133d09ec63,1,2
1,SSCP-ef65f48c947413ff,1,2
1,SSCP-ef71940a9396458b,1,2
1,SSCP-efa3e0abc3df3ba6,1,2
1,SSCP-efe843ac802c4935,1,2
1,SSCP-f02f77809442b27e,1,2
1,SSCP-f088706290a7fcb5,1,2
1,SSCP-f09068ec5e90f900,1,2
1,SSCP-f0aff5a4f6f78665,1,2
1,SSCP-f112729d800bc39f,1,2
1,SSCP-f12f722f06eecf87,1,2
1,SSCP-f1328d37a748e807,1,2
1,SSCP-f14044cc306b1e7f,1,2
1,SSCP-f15816e46f02bba6,1,2
1,SSCP-f1937067e3b0d51d,1,2
1,SSCP-f1e71466675f13ce,1,2
1,SSCP-f2153aa30e330e0d,1,2
1,SSCP-f24edd42d740139f,1,2
1,SSCP-f2504062b2f60c11,1,2
1,SSCP-f289f6740a730b45,1,2
1,SSCP-f2a0f80cdffaecdc,1,2
1,SSCP-f3025d9d9d13762a,1,2
1,SSCP-f326c2d8f6b4998f,1,2
1,SSCP-f3339c9ff14b36f3,1,2
1,SSCP-f36550c07c61a85d,1,2
1,SSCP-f3927c1f2e51540b,1,2
1,SSCP-f39bdb1106188a4d,1,2
1,SSCP-f3de08cbe2958ab3,1,2
1,SSCP-f40786de1433804e,1,2
1,SSCP-f412378034d56af3,1,2
1,SSCP-f43b047b7dce366d,1,2
1,SSCP-f44ee519864631c6,1,2
1,SSCP-f45915c488cfeb05,1,2
1,SSCP-f466a85a13ea6db0,1,2
1,SSCP-f4e41959aa8ef116,1,2
1,SSCP-f4ec3a1a5865da6b,1,2
1,SSCP-f4f90486180f9bc0,1,2
1,SSCP-f53b034798fb7231,1,2
1,SSCP-f542f6392cb5cdb4,1,2
1,SSCP-f56dcfd762086ed7,1,2
1,SSCP-f5a800a250bd18e3,1,2
1,SSCP-f5dbea11c032ddda,1,2
1,SSCP-f6b415c24159df36,1,2
1,SSCP-f6cd47f7a0419b6a,1,2
1,SSCP-f6d05c72b60e4935,1,2
1,SSCP-f74fa5ceb9c06187,1,2
1,SSCP-f75fb803d4559a10,1,2
1,SSCP-f7722d3f0ca11434,1,2
1,SSCP-f7bc5a72a72c94b9,1,2
1,SSCP-f7bfada75fb20f85,1,2
1,SSCP-f7c30d3cf7ae1e73,1,2
1,SSCP-f802ac3cf07918e6,1,2
1,SSCP-f814b2307650eb05,1,2
1,SSCP-f8510a7b38eaee15,1,2
1,SSCP-f8a90f916c97bdc2,1,2
1,SSCP-f8be70a9c2681225,1,2
1,SSCP-f8ca01f94c887ab2,1,2
1,SSCP-f8d30f6db46779ed,1,2
1,SSCP-f91a59ac221df27d,1,2
1,SSCP-f932ad8a30f81ae4,1,2
1,SSCP-f98160672246470f,1,2
1,SSCP-f98216f7aa82dd51,1,2
1,SSCP-f9ae266c789328d0,1,2
1,SSCP-f9b65e96cad4af95,1,2
1,SSCP-f9c250c19050a96c,1,2
1,SSCP-f9f45571673a55a4,1,2
1,SSCP-fa329f5a2f3defd6,1,2
1,SSCP-fa72722b2a78ebd5,1,2
1,SSCP-faf17df2598778ba,1,2
1,SSCP-fb0eb3be569d3c77,1,2
1,SSCP-fb793944815d702a,1,2
1,SSCP-fb7f50a7912b5a57,1,2
1,SSCP-fba7e71846c5e780,1,2
1,SSCP-fbb53ce1ffa7ed0b,1,2
1,SSCP-fbda882f4b21b1f2,1,2
1,SSCP-fbe1b67edac6886b,1,2
1,SSCP-fc198505fd66d13f,1,2
1,SSCP-fc24f121d0986d80,1,2
1,SSCP-fc301e86864e15a6,1,2
1,SSCP-fc3d5da41b318ec8,1,2
1,SSCP-fc528dbe189261ab,1,2
1,SSCP-fc5ff837806c1a91,1,2
1,SSCP-fc8a5a0fbd7da3ca,1,2
1,SSCP-fcd6baf39d5c7e25,1,2
1,SSCP-fcddf59388bcd8ae,1,2
1,SSCP-fd669bb5af423d43,1,2
1,SSCP-fd89d813c8fbdab8,1,2
1,SSCP-fdb548b77c3fe545,1,2
1,SSCP-fde513494e838b88,1,2
1,SSCP-fdfd70a526826ff4,1,2
1,SSCP-fdfdc3652da41037,1,2
1,SSCP-fe153cca556625b4,1,2
1,SSCP-fe17afa7d59b1be6,1,2
1,SSCP-fe1c6a7c6763027e,1,2
1,SSCP-fe5287c4dc2641df,1,2
1,SSCP-fea8c502c9ab80fe,1,2
1,SSCP-feabe02892b26097,1,2
1,SSCP-feedc6a6c65b638a,1,2
1,SSCP-ff1e9831385cbc05,1,2
1,SSCP-ff793736f6ea2fa4,1,2
1,SSCP-ff8976d045ec48d6,1,2
1,SSCP-fffaa7a600811aeb,1,2
1,SSCP-fffcb5ce849410de,1,2
1,SSCP-001eb19defd3cb75,2,3
1,SSCP-0030cbdba246c74b,2,3
1,SSCP-0035e4c65c3a8326,2,3
1,SSCP-00639ae7589904e1,2,3
1,SSCP-006d4798025f1716,2,3
1,SSCP-009c050c405aed8f,2,3
1,SSCP-00a6952fc5cbe87f,2,3
1,SSCP-00acade7e1578155,2,3
1,SSCP-00bf524e777ea7f3,2,3
1,SSCP-00dc5041633d3c58,2,3
1,SSCP-00e04b37389ab0c8,2,3
1,SSCP-00e95dd3d9c9ed38,2,3
1,SSCP-0107e9a8e73deef1,2,3
1,SSCP-01085871a3128d5c,2,3
1,SSCP-01386d32d5418ae5,2,3
1,SSCP-017f3d1881b66660,2,3
1,SSCP-018395cc70dcdaa1,2,3
1,SSCP-0193a902ed308a47,2,3
1,SSCP-01997338bc725ff9,2,3
1,SSCP-01b88f31b49794b3,2,3
1,SSCP-01f273fea93f26c0,2,3
1,SSCP-021f69b030f005b6,2,3
1,SSCP-0252fab4ed093076,2,3
1,SSCP-02ca21c6ace39bb1,2,3
1,SSCP-02fba89213f6f7ff,2,3
1,SSCP-0308621888e1ace4,2,3
1,SSCP-03088bb5d9c1c3bb,2,3
1,SSCP-0341c127a867cfdd,2,3
1,SSCP-035adacad34cdf6c,2,3
1,SSCP-036e45107e9001bb,2,3
1,SSCP-03732bbc7acbf849,2,3
1,SSCP-039f7337e1c43b8a,2,3
1,SSCP-03c5f24816fe8fc6,2,3
1,SSCP-03e23f6a5a7af88b,2,3
1,SSCP-03e86d23a8ddb28f,2,3
1,SSCP-03f8d8593846e670,2,3
1,SSCP-04ceeb53c793ecd2,2,3
1,SSCP-0513c4013f6024f3,2,3
1,SSCP-05166ae6edf0d214,2,3
1,SSCP-054a4492ae4fde6c,2,3
1,SSCP-05712368980007ec,2,3
1,SSCP-0583118cbe7f47c4,2,3
1,SSCP-05afb13936745902,2,3
1,SSCP-05c5d3c362a2d77a,2,3
1,SSCP-064343f11d014fe2,2,3
1,SSCP-066912a576819277,2,3
1,SSCP-06ac538da779ead4,2,3
1,SSCP-06eb1d03334f398a,2,3
1,SSCP-06ef392309351e2c,2,3
1,SSCP-07064da4d0184704,2,3
1,SSCP-07097bce15c5cf2b,2,3
1,SSCP-078053ca33452a49,2,3
1,SSCP-07b18188c849128a,2,3
1,SSCP-07f2e04b047f2c59,2,3
1,SSCP-07f5f5439fa0236a,2,3
1,SSCP-07fc2474747ac984,2,3
1,SSCP-080b1319ee323917,2,3
1,SSCP-08243742fe4ca631,2,3
1,SSCP-08583c51d0b145e8,2,3
1,SSCP-08858665b7b6a0c6,2,3
1,SSCP-08c0363a92a5befd,2,3
1,SSCP-08c2a6a0e6ca82dd,2,3
1,SSCP-08fee2625eabdea5,2,3
1,SSCP-091a508e5bd938ac,2,3
1,SSCP-092a5f60e0afc540,2,3
1,SSCP-0945ed5622f16164,2,3
1,SSCP-099ee237d0e34a84,2,3
1,SSCP-09b7204bca41ad28,2,3
1,SSCP-09dc274bf40dcb14,2,3
1,SSCP-0a9f445266757c4f,2,3
1,SSCP-0ad9ecae2c4c47da,2,3
1,SSCP-0af0edc75f0a961e,2,3
1,SSCP-0b391693c5e8119c,2,3
1,SSCP-0b9d125bbf39e92e,2,3
1,SSCP-0bb1d68c0442ef14,2,3
1,SSCP-0bb41cdcb1521a5d,2,3
1,SSCP-0bd4d0d475b51ea1,2,3
1,SSCP-0bedd597f85c2ba6,2,3
1,SSCP-0c21cf875f84fff8,2,3
1,SSCP-0c2e7bcec9e125fe,2,3
1,SSCP-0c4118fba5d8fab2,2,3
1,SSCP-0c5442df87bf5ba5,2,3
1,SSCP-0c872b4d79dbfbee,2,3
1,SSCP-0c9a60436dfdcafd,2,3
1,SSCP-0cb8edec4c13a28a,2,3
1,SSCP-0cbd5e158d14427a,2,3
1,SSCP-0ccc19700c6b7bc6,2,3
1,SSCP-0cdb9dfd3357498c,2,3
1,SSCP-0d47f3cb964eed24,2,3
1,SSCP-0d625eef7c9556c4,2,3
1,SSCP-0d6316dcbe2930b6,2,3
1,SSCP-0d81ea27f942667a,2,3
1,SSCP-0d8917410dad98f6,2,3
1,SSCP-0d89dea98528c160,2,3
1,SSCP-0da8a7bbc2f1efd2,2,3
1,SSCP-0dc3734e1fdc293e,2,3
1,SSCP-0dcc73633d4cc506,2,3
1,SSCP-0e5a1cfc3aec4b0d,2,3
1,SSCP-0f05e8e34827c829,2,3
1,SSCP-0f8f971f494a2c36,2,3
1,SSCP-0fca51197c13be2b,2,3
1,SSCP-1022edce5b0e276b,2,3
1,SSCP-102727651d252972,2,3
1,SSCP-1033b0389c933105,2,3
1,SSCP-10356a28321d9048,2,3
1,SSCP-10535378ab6b0cff,2,3
1,SSCP-10e89b435a78b69c,2,3
1,SSCP-1133396c96e67a88,2,3
1,SSCP-113be00eea03bc96,2,3
1,SSCP-113ca45ab879532f,2,3
1,SSCP-114c139695ddceb3,2,3
1,SSCP-115d840e8cb15011,2,3
1,SSCP-116d0d64a40f78bd,2,3
1,SSCP-11ec0a92ce50d9e1,2,3
1,SSCP-11fcb65679237b63,2,3
1,SSCP-12955a76eef9b9d4,2,3
1,SSCP-12b04fd90bc96ed6,2,3
1,SSCP-12eff7c1978604c7,2,3
1,SSCP-12f124966007b8a0,2,3
1,SSCP-12f56d9ab009731f,2,3
1,SSCP-1313f291e1f4dba9,2,3
1,SSCP-133c0d9fdb0848ee,2,3
1,SSCP-1350cdbd408aed7a,2,3
1,SSCP-137617d7497a7fb3,2,3
1,SSCP-13a73124b7518ef8,2,3
1,SSCP-13ccd2eb34d16ff8,2,3
1,SSCP-145fe8c61fd24cac,2,3
1,SSCP-14801e1272aab80b,2,3
1,SSCP-149969da5920b550,2,3
1,SSCP-14d5512ad86f4601,2,3
1,SSCP-14f673145c6964d9,2,3
1,SSCP-14fe3b108f313037,2,3
1,SSCP-153269d51d51bee6,2,3
1,SSCP-153a6326ebfe9531,2,3
1,SSCP-15e177c70ca49f2d,2,3
1,SSCP-15ea98f85a36a4b8,2,3
1,SSCP-1601e9664d9a97d5,2,3
1,SSCP-16053eae3d3270bc,2,3
1,SSCP-16136cc93c92a8da,2,3
1,SSCP-16262061109cad99,2,3
1,SSCP-162cb9003c7ddf6b,2,3
1,SSCP-1689fe7d08961677,2,3
1,SSCP-16e97318e3786de5,2,3
1,SSCP-171fd648987218f6,2,3
1,SSCP-176ae260f62c485e,2,3
1,SSCP-17e799f47b69445f,2,3
1,SSCP-17f0e5d65d0ef12f,2,3
1,SSCP-1848deb74f91a755,2,3
1,SSCP-184f9b15950cb375,2,3
1,SSCP-18908d435d828c49,2,3
1,SSCP-18c875d74c3a370f,2,3
1,SSCP-18c90e5ff410ff82,2,3
1,SSCP-18cddfccc47bde64,2,3
1,SSCP-18e96732e64f1e5d,2,3
1,SSCP-1923cd9b497f44f7,2,3
1,SSCP-19f1c4f7e86a571e,2,3
1,SSCP-1a474088c32c7d4f,2,3
1,SSCP-1a514ab989862518,2,3
1,SSCP-1a682e135a191741,2,3
1,SSCP-1a7278e879ea5806,2,3
1,SSCP-1aaf8e25fcb84657,2,3
1,SSCP-1ab6ffb5785a004a,2,3
1,SSCP-1aecc897def8f349,2,3
1,SSCP-1b5fc10c5d33261d,2,3
1,SSCP-1bb26062a64ed749,2,3
1,SSCP-1bb951d38dc20fe3,2,3
1,SSCP-1be427ae7d4c43ec,2,3
1,SSCP-1beca41bf9eebde8,2,3
1,SSCP-1bfc4a808e553642,2,3
1,SSCP-1c2367aee7c47068,2,3
1,SSCP-1c2aee0bacc41e1c,2,3
1,SSCP-1c459321e3de32c8,2,3
1,SSCP-1c511248eb5c0b5d,2,3
1,SSCP-1c8d4a1de5abc8e9,2,3
1,SSCP-1cf2cd43738a18cd,2,3
1,SSCP-1cf759fcf751f6b3,2,3
1,SSCP-1d53956f7450f058,2,3
1,SSCP-1da17ee9cbf04e4f,2,3
1,SSCP-1dbdba8aa2782a82,2,3
1,SSCP-1e00909de1d9c80e,2,3
1,SSCP-1e0c430215c3e7a9,2,3
1,SSCP-1e12fdb154503f73,2,3
1,SSCP-1e21c17bf7a55193,2,3
1,SSCP-1e25efc072fff295,2,3
1,SSCP-1e3c47af013876be,2,3
1,SSCP-1f0cb1315191e921,2,3
1,SSCP-1f1670a692f90ec6,2,3
1,SSCP-1f68061f4eb2c811,2,3
1,SSCP-1f8aa3252c77fc33,2,3
1,SSCP-1f8c01282b7f646e,2,3
1,SSCP-1f90771a34bd47bb,2,3
1,SSCP-1fb94957cd4ecc40,2,3
1,SSCP-1ff0ee765a7e1c44,2,3
1,SSCP-200151cd56667300,2,3
1,SSCP-2087272ecde4aac8,2,3
1,SSCP-20de642cf74a09b3,2,3
1,SSCP-20dfc672beb90510,2,3
1,SSCP-20efda7dfda91a39,2,3
1,SSCP-20f285a14493bde7,2,3
1,SSCP-2135840ba8c26ce9,2,3
1,SSCP-214f363ac58b00e0,2,3
1,SSCP-216e08e214f9396d,2,3
1,SSCP-218f30714c939d48,2,3
1,SSCP-21a7b4c30fd82462,2,3
1,SSCP-21b0c6d7206cc71d,2,3
1,SSCP-21d7fdd24186b4ca,2,3
1,SSCP-21fa2f2218eacb60,2,3
1,SSCP-2233d7df3f6b3c6d,2,3
1,SSCP-227746540739a0a0,2,3
1,SSCP-230c9f7ea887a703,2,3
1,SSCP-2326efb1f8aac18a,2,3
1,SSCP-2336c2a01c037a08,2,3
1,SSCP-235244c57291bc76,2,3
1,SSCP-237f3c4f13b2d287,2,3
1,SSCP-23885b93b3a73e96,2,3
1,SSCP-243954445eb2ee1a,2,3
1,SSCP-248d72e9e5b93719,2,3
1,SSCP-24dd688985743ecb,2,3
1,SSCP-24feaa54fe4d4403,2,3
1,SSCP-252c309e2db80377,2,3
1,SSCP-254b25ff8f63c885,2,3
1,SSCP-255899760428603c,2,3
1,SSCP-25607f0e658030cd,2,3
1,SSCP-2562fad61ee1aab7,2,3
1,SSCP-25e1c81c437d252f,2,3
1,SSCP-260e82a24fb942cc,2,3
1,SSCP-261db7d6a8c0bc54,2,3
1,SSCP-264fec38b9312475,2,3
1,SSCP-267fdb7d89d1fcda,2,3
1,SSCP-26eb41b4b447b2b7,2,3
1,SSCP-2756df9576223888,2,3
1,SSCP-27ceba546c5076b1,2,3
1,SSCP-27fb46c40435deef,2,3
1,SSCP-28444463d17eaff5,2,3
1,SSCP-287b053968b847ea,2,3
1,SSCP-287e65dd3e0129b7,2,3
1,SSCP-288769dd69171de1,2,3
1,SSCP-289829f4101cd620,2,3
1,SSCP-28bf78422a3e1788,2,3
1,SSCP-28ca51d25f5fe684,2,3
1,SSCP-28cf39bac48366ee,2,3
1,SSCP-28dc669d547bdb82,2,3
1,SSCP-28e03c68009a8d65,2,3
1,SSCP-28f8756c3a309d2d,2,3
1,SSCP-28fa68cc5eb8f331,2,3
1,SSCP-292e8f38b256033b,2,3
1,SSCP-2942db1358a02575,2,3
1,SSCP-2976911e37d1d667,2,3
1,SSCP-298361b028ef6202,2,3
1,SSCP-29a7440848239782,2,3
1,SSCP-29ee74c1148c2db2,2,3
1,SSCP-2a0e6dc85b13b357,2,3
1,SSCP-2a2edf2876b5cef1,2,3
1,SSCP-2a5443421584becd,2,3
1,SSCP-2a987dfeac5b82ec,2,3
1,SSCP-2aa3f6146aade2ec,2,3
1,SSCP-2ac0e563f89236e4,2,3
1,SSCP-2af74367313aacef,2,3
1,SSCP-2b13790aa97878d4,2,3
1,SSCP-2b22b0cab903cc39,2,3
1,SSCP-2b343d8f9327be80,2,3
1,SSCP-2b4fb9c2064d7894,2,3
1,SSCP-2b515cf7f82ac253,2,3
1,SSCP-2ba0ea1b9c0e2bac,2,3
1,SSCP-2bb74674dd2390dc,2,3
1,SSCP-2be455125ffae282,2,3
1,SSCP-2c2f69a2920e9848,2,3
1,SSCP-2ca15c66631974fd,2,3
1,SSCP-2cdaef2639125111,2,3
1,SSCP-2d97627e0c58b7fe,2,3
1,SSCP-2d9f66f60ca31781,2,3
1,SSCP-2dbd5995f7680e10,2,3
1,SSCP-2ddf62b0a54614cd,2,3
1,SSCP-2e5fb87b076ede60,2,3
1,SSCP-2ebcd34794406155,2,3
1,SSCP-2f6a8710ebc0e3f8,2,3
1,SSCP-2f9331b5d737a8a1,2,3
1,SSCP-2fc636f6c2fc2697,2,3
1,SSCP-2fd04bb8c974b578,2,3
1,SSCP-305e14e7fb23bc7a,2,3
1,SSCP-30805901f9db2c9e,2,3
1,SSCP-3098c05f01f28948,2,3
1,SSCP-309a371802643ed9,2,3
1,SSCP-309dcbde4e007ace,2,3
1,SSCP-30a3f8e976a8963b,2,3
1,SSCP-30b7bedd44280221,2,3
1,SSCP-30db7fed73624441,2,3
1,SSCP-31171d7e8771795f,2,3
1,SSCP-313cc04ac514c57b,2,3
1,SSCP-3150256f605e5454,2,3
1,SSCP-318340086c52f697,2,3
1,SSCP-318fdd7163c8d266,2,3
1,SSCP-31d624f6c741cebf,2,3
1,SSCP-31fbdd543aa58085,2,3
1,SSCP-323af9dead527660,2,3
1,SSCP-32513796a0e0ef86,2,3
1,SSCP-3270aaeb9758c04c,2,3
1,SSCP-32d63313092b1c7d,2,3
1,SSCP-332fc94e4074a6f4,2,3
1,SSCP-335fdb1cb362d49c,2,3
1,SSCP-336416c5fd9ad770,2,3
1,SSCP-33853c203497b963,2,3
1,SSCP-3387adb5793a7cd6,2,3
1,SSCP-3393e1adb9b73e18,2,3
1,SSCP-339f1a2d960ca492,2,3
1,SSCP-33a52bcfeef158d7,2,3
1,SSCP-33d07a39c48fc575,2,3
1,SSCP-343dbb167eb379c4,2,3
1,SSCP-3506f28f9132707a,2,3
1,SSCP-350a865b93e8f280,2,3
1,SSCP-352fcc4a7d2d3506,2,3
1,SSCP-35303fd1ccea70c9,2,3
1,SSCP-35d8fba277a88d28,2,3
1,SSCP-368aa099adb6045e,2,3
1,SSCP-36c8488b11924198,2,3
1,SSCP-37470b6733a2bc8c,2,3
1,SSCP-37af6ad4b659ab09,2,3
1,SSCP-38beb93fa9fc5763,2,3
1,SSCP-38f7e0e5f2a31696,2,3
1,SSCP-39b39a92c834e07d,2,3
1,SSCP-39d3f78e5be17d3c,2,3
1,SSCP-39fd5815cf77fa0c,2,3
1,SSCP-3a5033601261265c,2,3
1,SSCP-3a9743e58ab49cb2,2,3
1,SSCP-3aa558f567373a87,2,3
1,SSCP-3aa74178172dce8f,2,3
1,SSCP-3aaa0b55f9daf4c7,2,3
1,SSCP-3aaa719dbbffa30f,2,3
1,SSCP-3ad3c99c5b300f9c,2,3
1,SSCP-3adfe346b8f11725,2,3
1,SSCP-3b1b8e80fd98587f,2,3
1,SSCP-3b32122825bada60,2,3
1,SSCP-3b5d560ee2e0ff27,2,3
1,SSCP-3b6ac516d0eccd8a,2,3
1,SSCP-3bd429ee035c8d3a,2,3
1,SSCP-3bf0a806a820b7c1,2,3
1,SSCP-3c23802ed117b87c,2,3
1,SSCP-3c2c9199c75ac847,2,3
1,SSCP-3c3d32ea84d855b7,2,3
1,SSCP-3cd8da1dc0a7fcde,2,3
1,SSCP-3d49673adbbe3baa,2,3
1,SSCP-3d762c9242fc81f0,2,3
1,SSCP-3d8b49aff88fdf9b,2,3
1,SSCP-3d90edbbb1ea9612,2,3
1,SSCP-3da02608c2d8c8f2,2,3
1,SSCP-3e97ed03edf2ec45,2,3
1,SSCP-3eb7f397bc8e3fea,2,3
1,SSCP-3f147a3ac0a24674,2,3
1,SSCP-3f1afa7babd30f80,2,3
1,SSCP-3f45413e9679bdd6,2,3
1,SSCP-3f7d1bcdb01c25c6,2,3
1,SSCP-3f83855499c6ef89,2,3
1,SSCP-3fa88e59825ae80e,2,3
1,SSCP-3fd71f5e7d10321b,2,3
1,SSCP-40457d3750812687,2,3
1,SSCP-408657e92229bae2,2,3
1,SSCP-410d13fe33ddc307,2,3
1,SSCP-415179dbbb8ddc9a,2,3
1,SSCP-4180bf73882e79db,2,3
1,SSCP-421c5d72644c7257,2,3
1,SSCP-4226e28110ae9530,2,3
1,SSCP-42602f512134d7b9,2,3
1,SSCP-42a8ba89588e9fb3,2,3
1,SSCP-42d39d095b476690,2,3
1,SSCP-42f42ff2dc62a79a,2,3
1,SSCP-435340d4340d28f6,2,3
1,SSCP-438e07410ad2cdf9,2,3
1,SSCP-43cd09d029c282d3,2,3
1,SSCP-43ebf3bf9d76699f,2,3
1,SSCP-43f07969bc8ffbb3,2,3
1,SSCP-441a038183d1c362,2,3
1,SSCP-4445666bf4843c6f,2,3
1,SSCP-44a1b9755bdb513d,2,3
1,SSCP-44b6c29450b36a1d,2,3
1,SSCP-44d671083e8c8c92,2,3
1,SSCP-4523a2ab5c2acf64,2,3
1,SSCP-4575486571ac0155,2,3
1,SSCP-457f0ecb477caca1,2,3
1,SSCP-4596463d9d153b17,2,3
1,SSCP-45a11c2600d332f7,2,3
1,SSCP-45c47b2adf1952da,2,3
1,SSCP-45d1652ad6f74774,2,3
1,SSCP-4625eabe32deee83,2,3
1,SSCP-464dae289258d651,2,3
1,SSCP-4664ad2ef902dec5,2,3
1,SSCP-4678426f61d7bd6b,2,3
1,SSCP-46ae8e32c2c02c00,2,3
1,SSCP-46b668bf0240c78d,2,3
1,SSCP-472c3c0bea47f703,2,3
1,SSCP-4731bad27910a0e9,2,3
1,SSCP-475fd8d719a10c81,2,3
1,SSCP-4775c3ec2510d2e0,2,3
1,SSCP-47817dd98e3ec67c,2,3
1,SSCP-4784a78f8b6c8290,2,3
1,SSCP-478e1956c04be3cc,2,3
1,SSCP-47e7048e09ce88c6,2,3
1,SSCP-48652d706f6cb23b,2,3
1,SSCP-4915f91fed2952a4,2,3
1,SSCP-492120fc074424be,2,3
1,SSCP-49288a8756f22d8a,2,3
1,SSCP-493419552dc711fa,2,3
1,SSCP-4941eb00ba39844d,2,3
1,SSCP-49429fa206059e56,2,3
1,SSCP-4963e927648e6fd3,2,3
1,SSCP-4972df665fe27a87,2,3
1,SSCP-498095d1af8ea966,2,3
1,SSCP-49af0eb6665b9f93,2,3
1,SSCP-4a06803f5a4653e8,2,3
1,SSCP-4a1b8f5db1536e94,2,3
1,SSCP-4a1e5c5bfc8ab7d4,2,3
1,SSCP-4a4a878e51005ca4,2,3
1,SSCP-4b1cc4e460fa33aa,2,3
1,SSCP-4bb8835f217a639b,2,3
1,SSCP-4bd48f96c9fe603b,2,3
1,SSCP-4bed83c74ef7c6c6,2,3
1,SSCP-4c1de0e7e6490f8b,2,3
1,SSCP-4c1f5f8cce76b2fe,2,3
1,SSCP-4c5a922c253731af,2,3
1,SSCP-4cd939a924b592f5,2,3
1,SSCP-4d3d198570922bc7,2,3
1,SSCP-4d3db9292be6f439,2,3
1,SSCP-4d6ac799599e25ed,2,3
1,SSCP-4d8dad95bd9eabc9,2,3
1,SSCP-4da2a47fe63c6856,2,3
1,SSCP-4dfcd48d5e221ac9,2,3
1,SSCP-4e26474aa6f4cf02,2,3
1,SSCP-4e294de0ecc03a19,2,3
1,SSCP-4e3879070bc51c94,2,3
1,SSCP-4e3f3ebb00173be7,2,3
1,SSCP-4eb571eb2702390a,2,3
1,SSCP-4f214dbe0886f857,2,3
1,SSCP-4f2ac6ddc60ca091,2,3
1,SSCP-4f8e62895a54494b,2,3
1,SSCP-4f91128ea0cc12e4,2,3
1,SSCP-4f944a4f50b568eb,2,3
1,SSCP-4fa3dae6a40f69ef,2,3
1,SSCP-4facc48fc97cccf4,2,3
1,SSCP-4fd6d829fc58d5ed,2,3
1,SSCP-4fdda3cbaecd161d,2,3
1,SSCP-4fdf81f5a25113da,2,3
1,SSCP-4fe0e23479210a38,2,3
1,SSCP-4ffa3075ca6a0ea6,2,3
1,SSCP-501572cf7cabc5a5,2,3
1,SSCP-501cbf81868154c6,2,3
1,SSCP-503d98d51b157d24,2,3
1,SSCP-5163b2eedce1b660,2,3
1,SSCP-51eab8131d03f4f2,2,3
1,SSCP-5208a0c4ee3b53b5,2,3
1,SSCP-52fcc2fe8f2487a9,2,3
1,SSCP-5353220f958ec1a2,2,3
1,SSCP-538ac6457c79e2a5,2,3
1,SSCP-539a698fe38ea588,2,3
1,SSCP-539f26d55658cf97,2,3
1,SSCP-53ed065fab0622b5,2,3
1,SSCP-53f7decada88f06a,2,3
1,SSCP-5445c671acaf49c9,2,3
1,SSCP-547d5a9beebfd7c2,2,3
1,SSCP-54a04a2a95a79598,2,3
1,SSCP-54d652a7d44de793,2,3
1,SSCP-550a16e1db08b1e4,2,3
1,SSCP-5515dbbf5c41ce74,2,3
1,SSCP-551b5d420a31fd41,2,3
1,SSCP-5528d99a80642384,2,3
1,SSCP-553430d82b09f7ff,2,3
1,SSCP-557ef8e2394b2aa7,2,3
1,SSCP-5592278e9f2ef340,2,3
1,SSCP-55a9745a34c20f4b,2,3
1,SSCP-55c93f28758cb1c0,2,3
1,SSCP-55f640e37603a361,2,3
1,SSCP-561cd171f1c77438,2,3
1,SSCP-5620173486b704f7,2,3
1,SSCP-563dfe2281656f23,2,3
1,SSCP-569dd35d8528e95c,2,3
1,SSCP-5718e765e672eeb8,2,3
1,SSCP-5771352555f7f37c,2,3
1,SSCP-578b7ef60dc21c7c,2,3
1,SSCP-57a5e40985689da7,2,3
1,SSCP-584390268f0d30e2,2,3
1,SSCP-588ba3f0a789961f,2,3
1,SSCP-58c1848805046e8d,2,3
1,SSCP-58f9c3b2f2aa1937,2,3
1,SSCP-590e1cefa644411c,2,3
1,SSCP-5913e3ebf013ebd7,2,3
1,SSCP-5997ccd01b1f6be1,2,3
1,SSCP-59a059afdd492704,2,3
1,SSCP-59e9e1226a923867,2,3
1,SSCP-5a0b7ffb2397f20f,2,3
1,SSCP-5a0e4452696903fb,2,3
1,SSCP-5a21161256d4687f,2,3
1,SSCP-5ab6da75ed6eea99,2,3
1,SSCP-5ae3403d2ac9497f,2,3
1,SSCP-5af61cd3cfa41f36,2,3
1,SSCP-5afd139acdf9f6d2,2,3
1,SSCP-5b1baebcd4f5d92f,2,3
1,SSCP-5baf9c85ec6836c5,2,3
1,SSCP-5bb4dd6287acb6e2,2,3
1,SSCP-5be15cd72d93122b,2,3
1,SSCP-5becdb7caaaa6f6e,2,3
1,SSCP-5bed57e481076146,2,3
1,SSCP-5c00c53612130116,2,3
1,SSCP-5c24f53bb778d73c,2,3
1,SSCP-5c34f8b6fceac028,2,3
1,SSCP-5c504530229604f5,2,3
1,SSCP-5c5624d9bbe0c433,2,3
1,SSCP-5c9d270bd4f6f0b2,2,3
1,SSCP-5ccb419450d54c2a,2,3
1,SSCP-5ccf9b4c45d518ef,2,3
1,SSCP-5cded527a88e6a79,2,3
1,SSCP-5cfb578f5606aecc,2,3
1,SSCP-5d068cb357ddda84,2,3
1,SSCP-5d110ddf62d74b22,2,3
1,SSCP-5d41c4fb7ca70a9c,2,3
1,SSCP-5d895ac42fdc8ed0,2,3
1,SSCP-5db03960bc00a497,2,3
1,SSCP-5de31198de05497e,2,3
1,SSCP-5e0488bd3912363a,2,3
1,SSCP-5e43f63b3982dcb4,2,3
1,SSCP-5eba7fea8f8eca16,2,3
1,SSCP-5eef44956a3cbe0c,2,3
1,SSCP-5fae00e1d1b9a1c5,2,3
1,SSCP-5fd2e9bf45f6476d,2,3
1,SSCP-5feaa106613fc2fa,2,3
1,SSCP-603eb49e08bb665a,2,3
1,SSCP-6064251118ae7be0,2,3
1,SSCP-606d950eac139e99,2,3
1,SSCP-60a43d1c7e3bfe7d,2,3
1,SSCP-60fa46874e6160db,2,3
1,SSCP-613c9f19489ad457,2,3
1,SSCP-6161b8440a61431c,2,3
1,SSCP-6189d0981366e989,2,3
1,SSCP-626ef1015ce22a2d,2,3
1,SSCP-62a8cf79f1921884,2,3
1,SSCP-62b17976d69339f5,2,3
1,SSCP-62b53ad997e7c75c,2,3
1,SSCP-62df807482ba29bd,2,3
1,SSCP-6302ecb9eddb7dfa,2,3
1,SSCP-630556a197b54d30,2,3
1,SSCP-63154382386eab5f,2,3
1,SSCP-633b899f48f22ff9,2,3
1,SSCP-634e8880c72474c2,2,3
1,SSCP-635cb1a2d31246bc,2,3
1,SSCP-6373c40f63e37e5d,2,3
1,SSCP-6385149e1b9b081b,2,3
1,SSCP-63879fc3baab7730,2,3
1,SSCP-638e30e9cc699cf4,2,3
1,SSCP-63e93a460f11efa1,2,3
1,SSCP-6430251cc5371d25,2,3
1,SSCP-6483480393e8c0bb,2,3
1,SSCP-64c6d07684bc625a,2,3
1,SSCP-6557716e76ae5365,2,3
1,SSCP-655840011e6f5be7,2,3
1,SSCP-65cc4a10e1a91bf0,2,3
1,SSCP-65f6e694d2d21d98,2,3
1,SSCP-662f4acf535c1883,2,3
1,SSCP-66420df55d2dfc3e,2,3
1,SSCP-66b2edd8d89d0b06,2,3
1,SSCP-66cd103a486fd15c,2,3
1,SSCP-66ee51993f380c2d,2,3
1,SSCP-672ded41b1cd2d0a,2,3
1,SSCP-674ee9fbc03cb076,2,3
1,SSCP-6770f50e7a200174,2,3
1,SSCP-67ba31f3365acce7,2,3
1,SSCP-67ce854cb79ff867,2,3
1,SSCP-67dbe0e8d0c0ca21,2,3
1,SSCP-68453d7b2b543808,2,3
1,SSCP-68bbe39880856c7e,2,3
1,SSCP-68db4484f89802c5,2,3
1,SSCP-68dd53621f6ddadc,2,3
1,SSCP-68e4c5bb24e53b62,2,3
1,SSCP-68eae66155250596,2,3
1,SSCP-68f233e4ec79980b,2,3
1,SSCP-691d6c05b3d1192b,2,3
1,SSCP-692c6fb69626354b,2,3
1,SSCP-694073c6acf1158b,2,3
1,SSCP-6947da72bac2811e,2,3
1,SSCP-69c251e07b0001dc,2,3
1,SSCP-6a35a94f9542c136,2,3
1,SSCP-6aac45c15f829525,2,3
1,SSCP-6ac4528e5a88d277,2,3
1,SSCP-6acc308d85a13a58,2,3
1,SSCP-6adec8dc34b51da5,2,3
1,SSCP-6ae6a482115a6582,2,3
1,SSCP-6ae788474da38c48,2,3
1,SSCP-6afb2f9a477c7f53,2,3
1,SSCP-6aff493f0ab35b85,2,3
1,SSCP-6b0b48a7f4c2f854,2,3
1,SSCP-6b6fcebbc1bf7824,2,3
1,SSCP-6ba06797a9646853,2,3
1,SSCP-6bbc7d5813ef6649,2,3
1,SSCP-6bcfac69ca15b0f0,2,3
1,SSCP-6c053cdd9f35e63a,2,3
1,SSCP-6c74efa2f336d316,2,3
1,SSCP-6ca0e122230cd3b2,2,3
1,SSCP-6ca5dc332d9b88ec,2,3
1,SSCP-6cc89c77a35e7a6b,2,3
1,SSCP-6ccc70a4f6571beb,2,3
1,SSCP-6d316342ac50d095,2,3
1,SSCP-6d40ec813359c348,2,3
1,SSCP-6d7f46e43f02481c,2,3
1,SSCP-6d9623b29e0362a1,2,3
1,SSCP-6def5e01c02d799d,2,3
1,SSCP-6e2177a8b39450d4,2,3
1,SSCP-6e3da6836ac1dd88,2,3
1,SSCP-6e6d46e272fd5f30,2,3
1,SSCP-6e76883edcc4242a,2,3
1,SSCP-6ea0c4b572cd64e6,2,3
1,SSCP-6ed770672eee839e,2,3
1,SSCP-6f4918ef63a39cb0,2,3
1,SSCP-6f5363aecdc04e82,2,3
1,SSCP-6f6f5c88923f4b63,2,3
1,SSCP-7077bd119ece6e1a,2,3
1,SSCP-7079ae24e562ea1c,2,3
1,SSCP-707f43d0a08ef1ef,2,3
1,SSCP-7091f3fe546d9862,2,3
1,SSCP-70aefb6cf458c346,2,3
1,SSCP-70e6b4976bd0fd59,2,3
1,SSCP-70e9dfb9e440cac6,2,3
1,SSCP-716b90e41f98c86f,2,3
1,SSCP-719393cc85069020,2,3
1,SSCP-71a18ad6dee65a6e,2,3
1,SSCP-71bcca6d04e16aef,2,3
1,SSCP-71d210b5c14ec30b,2,3
1,SSCP-71ef8f726da40cec,2,3
1,SSCP-71f4c151f81175be,2,3
1,SSCP-721d2960c06fd49b,2,3
1,SSCP-7222eab2b27d4e24,2,3
1,SSCP-72ac71a18d20ad21,2,3
1,SSCP-72b12cf52d3043cd,2,3
1,SSCP-739a994451f39e84,2,3
1,SSCP-73a8a2d5efc5aff1,2,3
1,SSCP-73da21688f4544c4,2,3
1,SSCP-7430f5a1fd5d30d3,2,3
1,SSCP-744a34952a26f0fa,2,3
1,SSCP-74730292de497184,2,3
1,SSCP-7498b93ac8c910b1,2,3
1,SSCP-74aeea97bc84a795,2,3
1,SSCP-74e2513f73f8fec9,2,3
1,SSCP-74f34aa2731e5e0c,2,3
1,SSCP-74f54fc8acbbee1a,2,3
1,SSCP-7502462fd7df7ad7,2,3
1,SSCP-754c01374141fe11,2,3
1,SSCP-7588e59dab4e8aa2,2,3
1,SSCP-7590a4398b9f0175,2,3
1,SSCP-75bc19bc6bafd904,2,3
1,SSCP-75e891b9b34a61ff,2,3
1,SSCP-75edeff968837ac9,2,3
1,SSCP-7618b036ad7fb772,2,3
1,SSCP-766d0d6f877f0c00,2,3
1,SSCP-7680e1ff0ab6421a,2,3
1,SSCP-76e8ad68c90502a6,2,3
1,SSCP-77058fa5de6232eb,2,3
1,SSCP-7735c225ac9b20f3,2,3
1,SSCP-77886676d44e7a83,2,3
1,SSCP-77b1f4ad98351157,2,3
1,SSCP-77d7eeb2731f0000,2,3
1,SSCP-77e05897e760f138,2,3
1,SSCP-77fa7ffd593401c9,2,3
1,SSCP-7814ad97ed2a30a7,2,3
1,SSCP-7839eaf6ea6b3b16,2,3
1,SSCP-78575bb313c0da67,2,3
1,SSCP-786f855766faf931,2,3
1,SSCP-7876011b198548a6,2,3
1,SSCP-792b80c92bc31150,2,3
1,SSCP-7961977ee1000b23,2,3
1,SSCP-796e0eff7bd18357,2,3
1,SSCP-799d9ac2b85c5822,2,3
1,SSCP-79a9620666c06c9e,2,3
1,SSCP-79acb94b9611f727,2,3
1,SSCP-79b956a2b9714b27,2,3
1,SSCP-79ccaaff78e02e9b,2,3
1,SSCP-79cd22bcd9afe615,2,3
1,SSCP-7a56cf3b993fccbb,2,3
1,SSCP-7a5b399046aa66d3,2,3
1,SSCP-7ac2033dbc21a566,2,3
1,SSCP-7acc795c19bbd91d,2,3
1,SSCP-7b21d37a57c5d50b,2,3
1,SSCP-7b7a823d56112417,2,3
1,SSCP-7b81c1cef319f07e,2,3
1,SSCP-7ba1365041f4b6a8,2,3
1,SSCP-7c64a4f84156aab6,2,3
1,SSCP-7c6637752364063c,2,3
1,SSCP-7c95945933290fb6,2,3
1,SSCP-7c9fe7baca99adb3,2,3
1,SSCP-7d3842058e157749,2,3
1,SSCP-7d44e3322b34bfb7,2,3
1,SSCP-7d475edfc7e3e018,2,3
1,SSCP-7d877dae360456c1,2,3
1,SSCP-7d899ff19b560c82,2,3
1,SSCP-7d9af49a62409b08,2,3
1,SSCP-7dc3ebcd84eccaa7,2,3
1,SSCP-7e0c5141fb6968fa,2,3
1,SSCP-7e1d720b8b92bf07,2,3
1,SSCP-7e5e7bdb069d9045,2,3
1,SSCP-7eb1c6a62621767c,2,3
1,SSCP-7ef79a2dcb2ba48f,2,3
1,SSCP-7f259975f7536cd4,2,3
1,SSCP-7f528ab0500a5d58,2,3
1,SSCP-7faede657e065d24,2,3
1,SSCP-7ffc24795aa7b5a9,2,3
1,SSCP-8006018dd53c2e56,2,3
1,SSCP-801732f18d3bfe04,2,3
1,SSCP-805f2d1a89bd42a8,2,3
1,SSCP-807c1e79c64c7c19,2,3
1,SSCP-80b86a3834c224be,2,3
1,SSCP-811e6064066ccf4b,2,3
1,SSCP-813e27a936e9b140,2,3
1,SSCP-8179514c32d06cb5,2,3
1,SSCP-81c985325bc06beb,2,3
1,SSCP-81d9322531a48666,2,3
1,SSCP-81eb85ff08f13097,2,3
1,SSCP-81ed02a2120cabee,2,3
1,SSCP-82332675051df493,2,3
1,SSCP-8266b1acf3779811,2,3
1,SSCP-826e575d8e93a63a,2,3
1,SSCP-82a8dce31ed950a5,2,3
1,SSCP-82eb7425d89a0e55,2,3
1,SSCP-83346a79d02396fc,2,3
1,SSCP-83b2fd950ca6d1ea,2,3
1,SSCP-840f02ac8a4cda89,2,3
1,SSCP-84347aecd6b8e079,2,3
1,SSCP-8475024ce544af32,2,3
1,SSCP-84a01e8f48388545,2,3
1,SSCP-84a0d459588ba09a,2,3
1,SSCP-84e6b8effbd7260c,2,3
1,SSCP-84f072b5abcd821e,2,3
1,SSCP-854726eeae4cb668,2,3
1,SSCP-855eeda5216e0f61,2,3
1,SSCP-85633d99cfaa2a78,2,3
1,SSCP-856e761eb37e9310,2,3
1,SSCP-85ab437bc917c15b,2,3
1,SSCP-85ce830f3c47952b,2,3
1,SSCP-86429d68117f3b53,2,3
1,SSCP-8665b554888db6cf,2,3
1,SSCP-8687fc07b40c039c,2,3
1,SSCP-86b2ec975326a421,2,3
1,SSCP-873e958ebef36419,2,3
1,SSCP-87d6f03a4a2c6c0e,2,3
1,SSCP-87fdf918849736d8,2,3
1,SSCP-8845b05dac7535b2,2,3
1,SSCP-888c2e75ee0af125,2,3
1,SSCP-88ad3553a08cc184,2,3
1,SSCP-88af56309f5d363c,2,3
1,SSCP-88d9ece2cc9342e2,2,3
1,SSCP-88fd64d6f5906be1,2,3
1,SSCP-89e8420b3d26f923,2,3
1,SSCP-8a0b3f99b47b1ba0,2,3
1,SSCP-8ac6599e6a806e11,2,3
1,SSCP-8ac74a5e19075aff,2,3
1,SSCP-8adc945cf4f5ad93,2,3
1,SSCP-8ae45133e3762247,2,3
1,SSCP-8af70fa4350bb176,2,3
1,SSCP-8b0ac28a9df8e684,2,3
1,SSCP-8b120bd05e6fb175,2,3
1,SSCP-8b13f8c7faa0365f,2,3
1,SSCP-8b34ecbe89c7410c,2,3
1,SSCP-8b68b61400337eac,2,3
1,SSCP-8b75f4a009fcba39,2,3
1,SSCP-8b840e32d7f5d934,2,3
1,SSCP-8bc04c8569d92b3d,2,3
1,SSCP-8bd9b32511292f19,2,3
1,SSCP-8c08ae3770800a6c,2,3
1,SSCP-8c7979d0ec931dfa,2,3
1,SSCP-8c9920152c5a558b,2,3
1,SSCP-8c99a842dec28551,2,3
1,SSCP-8ca33c0c02732b8b,2,3
1,SSCP-8ca7bdb5c4580086,2,3
1,SSCP-8cb15d3d9114ae51,2,3
1,SSCP-8cf5282a85d92f72,2,3
1,SSCP-8cfe70e3b37281ab,2,3
1,SSCP-8d0882cacf834371,2,3
1,SSCP-8d5a09ccce0e5e8e,2,3
1,SSCP-8d72c6fc0407300f,2,3
1,SSCP-8da719d4b30623a1,2,3
1,SSCP-8def514f3b440bde,2,3
1,SSCP-8e4aa62cbce581a5,2,3
1,SSCP-8e5048fe7539060e,2,3
1,SSCP-8eab2c147bfc6f9e,2,3
1,SSCP-8ed3791f740e6783,2,3
1,SSCP-8f8c12f42a5203ef,2,3
1,SSCP-8f97b08ef6f7d04f,2,3
1,SSCP-8f97f434bc2b6f4e,2,3
1,SSCP-8fad15e0086a6182,2,3
1,SSCP-8fbecb18173d1be4,2,3
1,SSCP-8fcf066662e4581a,2,3
1,SSCP-90195965a83590b8,2,3
1,SSCP-9072cbbbb9271e07,2,3
1,SSCP-90851cbeb8f70cad,2,3
1,SSCP-90a14e0a5b21e8e4,2,3
1,SSCP-910e5124f37a614a,2,3
1,SSCP-913296ebf4fd76bd,2,3
1,SSCP-92064160e999c2f3,2,3
1,SSCP-921f07c2439c92bf,2,3
1,SSCP-9231e03984b0c9b1,2,3
1,SSCP-92825fe1b876c03e,2,3
1,SSCP-92d886906139d5ac,2,3
1,SSCP-94118b77aea4e381,2,3
1,SSCP-94e30d09c8c4e33b,2,3
1,SSCP-952edcee45993c13,2,3
1,SSCP-95632e43a2773774,2,3
1,SSCP-957dcdb2e6673628,2,3
1,SSCP-95a6d12c9f68ad74,2,3
1,SSCP-95bf7d5159b44fe6,2,3
1,SSCP-95f4e991e00d3db2,2,3
1,SSCP-963552f736678a5d,2,3
1,SSCP-963eba05fc0c4758,2,3
1,SSCP-9642aba802a755b2,2,3
1,SSCP-9649309604adef81,2,3
1,SSCP-970b3b40af8e644a,2,3
1,SSCP-972170a386b1c55c,2,3
1,SSCP-97219cd72c704f9b,2,3
1,SSCP-97589bbf077fa17c,2,3
1,SSCP-975cd27e1dda9556,2,3
1,SSCP-9771c44a7ba13985,2,3
1,SSCP-978ceb458f76af1c,2,3
1,SSCP-979a25537b703915,2,3
1,SSCP-97b342ba615f938c,2,3
1,SSCP-9857a9e4b37375ce,2,3
1,SSCP-98c30e0124ded4ff,2,3
1,SSCP-98e83d13809546fb,2,3
1,SSCP-990e98f0089e9c51,2,3
1,SSCP-990ec4ff8d03de32,2,3
1,SSCP-9962f33e0a3885a8,2,3
1,SSCP-996702551e7f5515,2,3
1,SSCP-99ab776c5e83863e,2,3
1,SSCP-99fa14b3d42e899f,2,3
1,SSCP-9a0da285bdcaa176,2,3
1,SSCP-9a104236dc769bbe,2,3
1,SSCP-9a3d71d94ec8eb6f,2,3
1,SSCP-9a59e58d18a23cf5,2,3
1,SSCP-9a91bd86fca1ae76,2,3
1,SSCP-9ad525df31ef3bfc,2,3
1,SSCP-9ae150ba6d8eaaf2,2,3
1,SSCP-9ba8c11d6a93b015,2,3
1,SSCP-9bb37401079c412e,2,3
1,SSCP-9c2a0ab594a6a42b,2,3
1,SSCP-9c524ed20bec2884,2,3
1,SSCP-9c7ec57b38f11af0,2,3
1,SSCP-9c7f8fdf79d3b495,2,3
1,SSCP-9c93f73c8743307e,2,3
1,SSCP-9d217d56c93b45bb,2,3
1,SSCP-9d3acdc71861a15c,2,3
1,SSCP-9d46aa81ed041dfc,2,3
1,SSCP-9d7861e04d358f03,2,3
1,SSCP-9ddaa8380d5e91d2,2,3
1,SSCP-9ddebc0ebf9bf715,2,3
1,SSCP-9e2bc66646245371,2,3
1,SSCP-9f03c96b4cbcde7b,2,3
1,SSCP-9f1c97d4374f3224,2,3
1,SSCP-9f26f70f48af1d44,2,3
1,SSCP-9f4bdfb03bf6267e,2,3
1,SSCP-9f52824e1b1e9b38,2,3
1,SSCP-9fe1e2c7d1acd581,2,3
1,SSCP-9fed2bcbd11b091e,2,3
1,SSCP-a0305b10591f8248,2,3
1,SSCP-a034fb896a7c2958,2,3
1,SSCP-a0a8a3ea3623fa21,2,3
1,SSCP-a0fb0296ecfe4183,2,3
1,SSCP-a11205a29db036f1,2,3
1,SSCP-a117cb3a3794bb73,2,3
1,SSCP-a182629bc989311e,2,3
1,SSCP-a1b9ba0617f90fe1,2,3
1,SSCP-a200dd1670d9f348,2,3
1,SSCP-a2273d14c77de6d2,2,3
1,SSCP-a23997396706ccf6,2,3
1,SSCP-a247e6a328e31023,2,3
1,SSCP-a2badc527735e800,2,3
1,SSCP-a2eacddad57865de,2,3
1,SSCP-a301f0bf1c693e5c,2,3
1,SSCP-a30de48252bad7e9,2,3
1,SSCP-a33fad52232e009d,2,3
1,SSCP-a34bcd41280abf58,2,3
1,SSCP-a388c6abce4edd30,2,3
1,SSCP-a3de39b52aeadf8d,2,3
1,SSCP-a3e9267a47f52e46,2,3
1,SSCP-a3fc8980da055527,2,3
1,SSCP-a4119704a77e847a,2,3
1,SSCP-a42de7139306a2d2,2,3
1,SSCP-a49571890ed1d02f,2,3
1,SSCP-a4e241b9a63340e9,2,3
1,SSCP-a50cd1e1e8e4ec9b,2,3
1,SSCP-a528af2abb43e705,2,3
1,SSCP-a54076ffd1899261,2,3
1,SSCP-a559ca4586ab5d43,2,3
1,SSCP-a5622dc1e0602b59,2,3
1,SSCP-a594ccb0dfd4d1fa,2,3
1,SSCP-a59ed1ee9c4d2184,2,3
1,SSCP-a5c8b018c7c7d645,2,3
1,SSCP-a5e1da987eb9fdd3,2,3
1,SSCP-a5f9c06d6221a8fa,2,3
1,SSCP-a627b9526493e06e,2,3
1,SSCP-a62f284f9dc0193e,2,3
1,SSCP-a64403311324522b,2,3
1,SSCP-a67b74f6f1d1772d,2,3
1,SSCP-a6ce573dcf052946,2,3
1,SSCP-a714332bf3d8d919,2,3
1,SSCP-a72a85209de0cb9d,2,3
1,SSCP-a7417b7748080d72,2,3
1,SSCP-a74aa15f24353194,2,3
1,SSCP-a75d459f665c77b1,2,3
1,SSCP-a7807c84cfd8de00,2,3
1,SSCP-a78e0781818b0f24,2,3
1,SSCP-a7a926f827fe1940,2,3
1,SSCP-a809dbf20196c51f,2,3
1,SSCP-a866a330bd3a8727,2,3
1,SSCP-a872345a330b8696,2,3
1,SSCP-a897212ca2fe79cc,2,3
1,SSCP-a8fecaffb75b742a,2,3
1,SSCP-a932077eb567d8bc,2,3
1,SSCP-a9ae857d05e22bdb,2,3
1,SSCP-a9c495baeb0958b1,2,3
1,SSCP-a9edf67e2a887478,2,3
1,SSCP-a9ee3962b03b169e,2,3
1,SSCP-a9ee4faa87479236,2,3
1,SSCP-aa8c2c190c51408c,2,3
1,SSCP-aab0f8b1c2b7ec44,2,3
1,SSCP-aadd1465137fe3fe,2,3
1,SSCP-ab036d301f414672,2,3
1,SSCP-ab0692f3c6c00759,2,3
1,SSCP-ab6afd8e9d0d1fad,2,3
1,SSCP-ab711c0b4ecd15f5,2,3
1,SSCP-ac478fae91c1af81,2,3
1,SSCP-ac4b23bfbf69ce4c,2,3
1,SSCP-ac6133d5c22cec77,2,3
1,SSCP-ac7f1c1ddd3251ad,2,3
1,SSCP-ac85b5bae736b580,2,3
1,SSCP-acb9a311aaccb614,2,3
1,SSCP-ace9c01c702461cf,2,3
1,SSCP-acf172e380d1bc11,2,3
1,SSCP-ad01541038747b27,2,3
1,SSCP-ad10aab54e6e435d,2,3
1,SSCP-ad2712d8829c4941,2,3
1,SSCP-ada6fadd5ee9977a,2,3
1,SSCP-ada87697375da58f,2,3
1,SSCP-adb7bdea130e7c7d,2,3
1,SSCP-adbb6b0f06d3e82e,2,3
1,SSCP-add53f35765a483a,2,3
1,SSCP-adeb09bdd31083c9,2,3
1,SSCP-ae08f0546c6b5f5f,2,3
1,SSCP-ae6d049e9af9a1fd,2,3
1,SSCP-aea81424627291a7,2,3
1,SSCP-aeb4b75359b06dbd,2,3
1,SSCP-aecce1c9311e6838,2,3
1,SSCP-aed06bd2bb6e8b50,2,3
1,SSCP-af691294062cf04b,2,3
1,SSCP-af7cc6531cb0c729,2,3
1,SSCP-afea5969367a4dc9,2,3
1,SSCP-b05b6189011fee03,2,3
1,SSCP-b05ce2f334edbc0d,2,3
1,SSCP-b08e1b9bf40958bc,2,3
1,SSCP-b0bad80f702fdda5,2,3
1,SSCP-b0c82a7a3285093a,2,3
1,SSCP-b0dca2e80299c64b,2,3
1,SSCP-b179502c4da61e95,2,3
1,SSCP-b2110ee12f1b6a95,2,3
1,SSCP-b236dfb00004999a,2,3
1,SSCP-b2c1904cfbea58b9,2,3
1,SSCP-b33bc39c49e73823,2,3
1,SSCP-b3486f9231e400e9,2,3
1,SSCP-b35791ab9853637b,2,3
1,SSCP-b38087aec48f8299,2,3
1,SSCP-b39bd5ad8695bdac,2,3
1,SSCP-b3cdfd3adc8c09fb,2,3
1,SSCP-b3ffdddad824adab,2,3
1,SSCP-b47a81149528e56e,2,3
1,SSCP-b48d14f7be6a0e44,2,3
1,SSCP-b4f45f8b9d29483d,2,3
1,SSCP-b50bbf58a3b96b3e,2,3
1,SSCP-b5410d716ba984c8,2,3
1,SSCP-b567e7ea1831ef19,2,3
1,SSCP-b59dc33efdda006a,2,3
1,SSCP-b5b4bdafd2a0fcf0,2,3
1,SSCP-b5f34893f3889a4e,2,3
1,SSCP-b5f65510d54db8f0,2,3
1,SSCP-b609c9d86e0177c5,2,3
1,SSCP-b677d801a4204af2,2,3
1,SSCP-b6ea7983ce512977,2,3
1,SSCP-b7061261785bd178,2,3
1,SSCP-b70b7b04c7e01de1,2,3
1,SSCP-b770d96540736891,2,3
1,SSCP-b795c05eaae7eccc,2,3
1,SSCP-b7d193e53943328f,2,3
1,SSCP-b7d88046fe561079,2,3
1,SSCP-b7fc6016d0b15448,2,3
1,SSCP-b901dc2f263243cd,2,3
1,SSCP-b91ef2d666f64f93,2,3
1,SSCP-b925268542ae565c,2,3
1,SSCP-b945db1c8466c152,2,3
1,SSCP-ba0272721a19bfa4,2,3
1,SSCP-ba0908c3e256fa32,2,3
1,SSCP-ba453cb8409b3456,2,3
1,SSCP-ba6489c24e0b5845,2,3
1,SSCP-ba7402409fd65a04,2,3
1,SSCP-bac1d6ab15dba055,2,3
1,SSCP-bb4e9c65afa37241,2,3
1,SSCP-bbe1d47fe991d9c6,2,3
1,SSCP-bbe6fb7b8a1b1b2e,2,3
1,SSCP-bc19b5a79296fa68,2,3
1,SSCP-bc3672f9093fc504,2,3
1,SSCP-bc612cbd550706bd,2,3
1,SSCP-bcab64af8efda69c,2,3
1,SSCP-bcca5a02f06de847,2,3
1,SSCP-bd3615309a75685d,2,3
1,SSCP-bd4866be58355bb3,2,3
1,SSCP-bd813e0d6d70adda,2,3
1,SSCP-bd81ec993a0015d0,2,3
1,SSCP-bdbca21b6d6cb2d8,2,3
1,SSCP-bded0a1c707a1138,2,3
1,SSCP-be359bd1983317c5,2,3
1,SSCP-be80b8bb014e4309,2,3
1,SSCP-bea79f1770e89286,2,3
1,SSCP-bec3316f67406290,2,3
1,SSCP-beca98a0145720c3,2,3
1,SSCP-bf05bb8bb29eca51,2,3
1,SSCP-bfa925c212712770,2,3
1,SSCP-bfb5eede588d90d1,2,3
1,SSCP-c00a5b9d2d84fc73,2,3
1,SSCP-c00edf7af6c6af53,2,3
1,SSCP-c01e41e53bc52812,2,3
1,SSCP-c02085a21265cc0a,2,3
1,SSCP-c02407ac0c2f42f8,2,3
1,SSCP-c070c1b5b37bbfa5,2,3
1,SSCP-c0a4676607d5bd27,2,3
1,SSCP-c1015c767dc10104,2,3
1,SSCP-c12787448dcc2a24,2,3
1,SSCP-c1724167c55e48b6,2,3
1,SSCP-c1770abf1fbc2258,2,3
1,SSCP-c1900acc77a5df3b,2,3
1,SSCP-c1b863988d9940c8,2,3
1,SSCP-c1bca9ecebf63dae,2,3
1,SSCP-c1e8e522540a3370,2,3
1,SSCP-c256ea9e1906f6d4,2,3
1,SSCP-c27048dc365e976b,2,3
1,SSCP-c273a26a18518fc2,2,3
1,SSCP-c2afba1bee56a209,2,3
1,SSCP-c2df380c61fdcfcb,2,3
1,SSCP-c306097762fddc33,2,3
1,SSCP-c3652648ac95dbd1,2,3
1,SSCP-c37e7ca16c78c9b1,2,3
1,SSCP-c3c1f446f282a2ac,2,3
1,SSCP-c3e916f8f364173e,2,3
1,SSCP-c4163f98f2fffdd3,2,3
1,SSCP-c46080d32c0542fb,2,3
1,SSCP-c4775352b52d0fa7,2,3
1,SSCP-c4ace949e30baa7f,2,3
1,SSCP-c4c41accf5f3ae48,2,3
1,SSCP-c511972e0c903853,2,3
1,SSCP-c524d20a29722b85,2,3
1,SSCP-c5394cb0de55a642,2,3
1,SSCP-c5783531b9ff59d3,2,3
1,SSCP-c58a214b878fc2f2,2,3
1,SSCP-c63d75af977858ab,2,3
1,SSCP-c674253475731a90,2,3
1,SSCP-c68033165baacc63,2,3
1,SSCP-c6d4997b6fb97a34,2,3
1,SSCP-c6f296aa8a390041,2,3
1,SSCP-c75f5e257f7ecd23,2,3
1,SSCP-c7710cef704784a6,2,3
1,SSCP-c7b8b31aad10886a,2,3
1,SSCP-c7efd736903baf74,2,3
1,SSCP-c866c34afe041c82,2,3
1,SSCP-c976f2aa7f01f567,2,3
1,SSCP-c981292ffb772d88,2,3
1,SSCP-c99219f2c4f25741,2,3
1,SSCP-c99ae0f25cff5a2e,2,3
1,SSCP-c9a70510e1ae92c6,2,3
1,SSCP-c9bf058677ed3ab5,2,3
1,SSCP-c9efc4688cca6f53,2,3
1,SSCP-ca2e4c393970627d,2,3
1,SSCP-ca5c6cf4838e8084,2,3
1,SSCP-ca6ec54ddc4ea63a,2,3
1,SSCP-caa1546ee7b29549,2,3
1,SSCP-caa475a232e7d753,2,3
1,SSCP-caa5891945495e9e,2,3
1,SSCP-caca384d427ed80b,2,3
1,SSCP-cb052b6c2cf53783,2,3
1,SSCP-cb1a38868fc0df0a,2,3
1,SSCP-cc0ba88945572ed3,2,3
1,SSCP-cc179fb311a7d60e,2,3
1,SSCP-cc872a8c247082b4,2,3
1,SSCP-cc8a5a6f1d18335b,2,3
1,SSCP-cc948c4c0dbd466e,2,3
1,SSCP-cd060524ba67d533,2,3
1,SSCP-cd37e0e738e47018,2,3
1,SSCP-cd9a83476a58887f,2,3
1,SSCP-cdb8b1fe628ccd39,2,3
1,SSCP-ce068aba3f50fa74,2,3
1,SSCP-ce52f0b17ec0d329,2,3
1,SSCP-ce530de17f0d0501,2,3
1,SSCP-ce79c001ebd07c04,2,3
1,SSCP-ce97591f15d08dd4,2,3
1,SSCP-ce98b8f20bd74114,2,3
1,SSCP-ceca45fad97cd58f,2,3
1,SSCP-ceec933ac1cf23cd,2,3
1,SSCP-cf13a347357fa078,2,3
1,SSCP-cf6ec856d94c8217,2,3
1,SSCP-cf944b738e0c7d8d,2,3
1,SSCP-cff2f9df5cf593e9,2,3
1,SSCP-d00d649680b93c1b,2,3
1,SSCP-d017958b72c63afb,2,3
1,SSCP-d030c40860d78cf1,2,3
1,SSCP-d075d65f7247cda4,2,3
1,SSCP-d0f751b894eaa131,2,3
1,SSCP-d0fed1cb33eb1222,2,3
1,SSCP-d113477891a24a83,2,3
1,SSCP-d11d61889e0c9741,2,3
1,SSCP-d1543db864b56947,2,3
1,SSCP-d1a4b2e1eb19a96d,2,3
1,SSCP-d232e3605c828156,2,3
1,SSCP-d2a958dbaafcdc73,2,3
1,SSCP-d2c7d1ecc825f8fb,2,3
1,SSCP-d2d0e74e6da6e390,2,3
1,SSCP-d2df7795f7788650,2,3
1,SSCP-d303299a954aad5e,2,3
1,SSCP-d30bf98a74b2727e,2,3
1,SSCP-d36090022d2323c3,2,3
1,SSCP-d398c507eba21454,2,3
1,SSCP-d39bc6aff636f388,2,3
1,SSCP-d39c06cc1f14ebd6,2,3
1,SSCP-d3b05ca836f6f351,2,3
1,SSCP-d3c7b923b4180b37,2,3
1,SSCP-d3df278ede702e7c,2,3
1,SSCP-d3eb82401acd84e6,2,3
1,SSCP-d41897890afc3c87,2,3
1,SSCP-d473d368fda835a1,2,3
1,SSCP-d4b201601d1b4a8b,2,3
1,SSCP-d4cd2af7f26fa2f9,2,3
1,SSCP-d4f8184284a454d6,2,3
1,SSCP-d503a61a4962f905,2,3
1,SSCP-d50602d73b6f22cd,2,3
1,SSCP-d53fee607b92468d,2,3
1,SSCP-d5a34693c661ddb2,2,3
1,SSCP-d5df2e59061fec2d,2,3
1,SSCP-d6129fff676f87b3,2,3
1,SSCP-d61d7ac145eb59a1,2,3
1,SSCP-d674fcc6c5dfb284,2,3
1,SSCP-d72a7a1b8214d794,2,3
1,SSCP-d736fc6c7a097ddf,2,3
1,SSCP-d761719c298af998,2,3
1,SSCP-d792e3a65797ecad,2,3
1,SSCP-d79574bb1f875ee5,2,3
1,SSCP-d7c21300de02b6e7,2,3
1,SSCP-d7f6085ff954d4d1,2,3
1,SSCP-d8140aa6a6133f64,2,3
1,SSCP-d82cf005da22724f,2,3
1,SSCP-d83e47bbfa318539,2,3
1,SSCP-d8583fa3beebf69f,2,3
1,SSCP-d89e35d44d8ffcc6,2,3
1,SSCP-d9267b87d85ff09a,2,3
1,SSCP-d93a08b2629cb1fb,2,3
1,SSCP-d93ede118168571d,2,3
1,SSCP-d943123af1e58228,2,3
1,SSCP-d953117a71926e44,2,3
1,SSCP-d98d8a06723ce687,2,3
1,SSCP-d9b7f08b53ca4f67,2,3
1,SSCP-da42af8ae9367688,2,3
1,SSCP-da92544fc89e48cf,2,3
1,SSCP-daaed742697fd2c2,2,3
1,SSCP-db0bef369ab4d68e,2,3
1,SSCP-db29ca746a625e1e,2,3
1,SSCP-db4e2b9235013cb0,2,3
1,SSCP-db770b7a9fe970db,2,3
1,SSCP-db7d6e72c7168ce3,2,3
1,SSCP-dba0563ad355226d,2,3
1,SSCP-dba596e7656e9142,2,3
1,SSCP-dbad302442bc7e5a,2,3
1,SSCP-dbe27ad5a1b9cd18,2,3
1,SSCP-dc15ec5ec7e18cb2,2,3
1,SSCP-dc1b7435b14bcb0d,2,3
1,SSCP-dc33bf30e0dde2a1,2,3
1,SSCP-dca3c50e96edde02,2,3
1,SSCP-dd5e043ad8a2e961,2,3
1,SSCP-de1f6c87af74d623,2,3
1,SSCP-de31a732a73409a4,2,3
1,SSCP-de3898c4944cb385,2,3
1,SSCP-de58d9fbe9d076ec,2,3
1,SSCP-de6a28699399b614,2,3
1,SSCP-de6ac8f50184be60,2,3
1,SSCP-de8aeb38de7fbe56,2,3
1,SSCP-deff5c323f028ad9,2,3
1,SSCP-df031cec4c8ea02d,2,3
1,SSCP-df130d19edf4a12a,2,3
1,SSCP-df442c0b3c3d9e77,2,3
1,SSCP-df81fd6ba9a84885,2,3
1,SSCP-df945fa5079ffa1f,2,3
1,SSCP-df97298d510771f9,2,3
1,SSCP-e035d43e32a59bb3,2,3
1,SSCP-e03ecdcba3ca10cc,2,3
1,SSCP-e04b7e5cc4473a03,2,3
1,SSCP-e09eddfde876c6f9,2,3
1,SSCP-e0e263319e9d2704,2,3
1,SSCP-e132c4d5eb7ba3f6,2,3
1,SSCP-e15bf7fa957ab58d,2,3
1,SSCP-e19135b3a64b621a,2,3
1,SSCP-e1a8b59c1dc73743,2,3
1,SSCP-e2024ebfc52d8425,2,3
1,SSCP-e2134427ef4bffc6,2,3
1,SSCP-e2499070f69f348f,2,3
1,SSCP-e24f6d59993030f1,2,3
1,SSCP-e2d60caa9fc73475,2,3
1,SSCP-e32dbc3c78a995ec,2,3
1,SSCP-e3c1d29e89d30d31,2,3
1,SSCP-e3f147c5074dc539,2,3
1,SSCP-e422a3db093ea5b8,2,3
1,SSCP-e43feb644256715b,2,3
1,SSCP-e452960d2a893958,2,3
1,SSCP-e457e78d33d9746a,2,3
1,SSCP-e45a0ea8fbd62524,2,3
1,SSCP-e46b9b9163463e20,2,3
1,SSCP-e47825ba109c728d,2,3
1,SSCP-e49cc47f1f48f514,2,3
1,SSCP-e52286206a9f4161,2,3
1,SSCP-e56c47cbe8968ac4,2,3
1,SSCP-e56e40ed94cc1ae6,2,3
1,SSCP-e575ab7c2ea19174,2,3
1,SSCP-e5988028ac89aea8,2,3
1,SSCP-e5a8a4f9303b7b2f,2,3
1,SSCP-e5b072e862a41f9a,2,3
1,SSCP-e5b87caafe558c71,2,3
1,SSCP-e638c1c2970dcef7,2,3
1,SSCP-e681d6ef1bd6d8e3,2,3
1,SSCP-e688007c2a83755c,2,3
1,SSCP-e696ded8783b845e,2,3
1,SSCP-e6a0edc46c41f3a3,2,3
1,SSCP-e6bda30cd6f99c91,2,3
1,SSCP-e6c73c08c8665484,2,3
1,SSCP-e6f22fc052b1df49,2,3
1,SSCP-e6fb51efd20ff1b3,2,3
1,SSCP-e6fe24ef89574383,2,3
1,SSCP-e6fe750ef5c3b612,2,3
1,SSCP-e73a1cf6299b348e,2,3
1,SSCP-e7683d776eb8360b,2,3
1,SSCP-e79154d7f3cb8b38,2,3
1,SSCP-e7b108173bdbaed9,2,3
1,SSCP-e80750a519a3afc1,2,3
1,SSCP-e80f85d58510000e,2,3
1,SSCP-e812293fd317a86d,2,3
1,SSCP-e83d897fe8c7ac93,2,3
1,SSCP-e86a6f4924b6f61b,2,3
1,SSCP-e89c5e2f1257bc40,2,3
1,SSCP-e8dcd976db0dec79,2,3
1,SSCP-e8e2c9631d4792c9,2,3
1,SSCP-e8fe64eebf4823c4,2,3
1,SSCP-e900fc2d14184cbd,2,3
1,SSCP-ea57694e6ab91aca,2,3
1,SSCP-ea5b8685ab043d95,2,3
1,SSCP-ea7a8a225a52deb7,2,3
1,SSCP-eaf5010044f6ca22,2,3
1,SSCP-eb36db5593da53a3,2,3
1,SSCP-eb5f842cf2ca0221,2,3
1,SSCP-eb630c775d37005c,2,3
1,SSCP-eb698bcde1010bb9,2,3
1,SSCP-eb903bdd5727f7fe,2,3
1,SSCP-eb90c68bfd3df461,2,3
1,SSCP-eb936a29d4a4ee6d,2,3
1,SSCP-eba43814e3bff7de,2,3
1,SSCP-ebc5908ea3695d5d,2,3
1,SSCP-ebcadb08fe0a9ef6,2,3
1,SSCP-ebf475485488e8f1,2,3
1,SSCP-ebfa37b8f171cafb,2,3
1,SSCP-ec23c0d73f235249,2,3
1,SSCP-ec33e47a57d06abc,2,3
1,SSCP-ec3eb796deb8e336,2,3
1,SSCP-ec749d6a9185d80e,2,3
1,SSCP-ecbdd7b907cfe339,2,3
1,SSCP-ecfab2bfdf166fed,2,3
1,SSCP-ed06d1bb1ded4c0d,2,3
1,SSCP-ed0fbd279dd57882,2,3
1,SSCP-ed61f51e98755ae7,2,3
1,SSCP-edc9521094e74de7,2,3
1,SSCP-edcc07023d03bc6c,2,3
1,SSCP-ede3b0583f681f6d,2,3
1,SSCP-edf7fb5ff2427730,2,3
1,SSCP-ee27aff333d55734,2,3
1,SSCP-ee40a439f2249cea,2,3
1,SSCP-ee7718b6920ded5a,2,3
1,SSCP-ee78423801019d69,2,3
1,SSCP-eea7f8fc19f009e8,2,3
1,SSCP-eee434b47bcbf0d6,2,3
1,SSCP-ef04e5aee75a63f2,2,3
1,SSCP-ef1b9b17860fcbb8,2,3
1,SSCP-ef9adcda3e8315cf,2,3
1,SSCP-efebde7ad6603833,2,3
1,SSCP-eff736f07ba4ba22,2,3
1,SSCP-f007088356aa1daa,2,3
1,SSCP-f00f565318c34ae2,2,3
1,SSCP-f01309f603ecaf36,2,3
1,SSCP-f03065cc238f49c2,2,3
1,SSCP-f03c4d2f521d7d9b,2,3
1,SSCP-f04ce1a796d7b7a0,2,3
1,SSCP-f096f92e651577b1,2,3
1,SSCP-f0ffcbeb558e1bbf,2,3
1,SSCP-f11bb3d27fa642d2,2,3
1,SSCP-f1a8f167df683d5d,2,3
1,SSCP-f1e490fbb84a7e20,2,3
1,SSCP-f1e7a5a84e933c68,2,3
1,SSCP-f1ee22dfd35fb46d,2,3
1,SSCP-f24d24b001f2e0d8,2,3
1,SSCP-f26b9dca83e905bf,2,3
1,SSCP-f27bab9250684e63,2,3
1,SSCP-f29d548719598dfc,2,3
1,SSCP-f2a67d7a09c08d6c,2,3
1,SSCP-f2e8501889cbd419,2,3
1,SSCP-f331e2fae45e30cb,2,3
1,SSCP-f39b104c37e7a54d,2,3
1,SSCP-f3d16645f8b7a600,2,3
1,SSCP-f42c0a91e7090951,2,3
1,SSCP-f46acc2a1774c096,2,3
1,SSCP-f4dc9c6418eb0c21,2,3
1,SSCP-f51180013ff803c1,2,3
1,SSCP-f54cfa0b577ad551,2,3
1,SSCP-f57bbb66513f54f7,2,3
1,SSCP-f5a1b9df313996df,2,3
1,SSCP-f5b0c2cca92fd4d8,2,3
1,SSCP-f5e68c6be0c9f5e4,2,3
1,SSCP-f5f5cd2187d635b3,2,3
1,SSCP-f6212986907a0949,2,3
1,SSCP-f685e7b98ebe8f62,2,3
1,SSCP-f6afcd2029c026b1,2,3
1,SSCP-f6d40b8927ef7cdc,2,3
1,SSCP-f6e2726e438f3622,2,3
1,SSCP-f70362bb82fbba80,2,3
1,SSCP-f70d1f267360b54c,2,3
1,SSCP-f71a7885830ca44d,2,3
1,SSCP-f75e6fed9ebc0c95,2,3
1,SSCP-f77c3a4d4ba687a9,2,3
1,SSCP-f800556279427169,2,3
1,SSCP-f863e5f80f3b1c80,2,3
1,SSCP-f8bf1806b331b55a,2,3
1,SSCP-f8f46b93cc79e377,2,3
1,SSCP-f8f6c26e5dbac862,2,3
1,SSCP-f946858fbab35586,2,3
1,SSCP-f9e00dfadc36b6de,2,3
1,SSCP-f9e8852da9ee2a86,2,3
1,SSCP-fa74ad071f3327a1,2,3
1,SSCP-fa845e834b49e8c5,2,3
1,SSCP-faaa69d04822f8e4,2,3
1,SSCP-fab3c8bd6ffe5f94,2,3
1,SSCP-fad79dca1289005d,2,3
1,SSCP-fada4dac57e96d06,2,3
1,SSCP-fade678ffd02f411,2,3
1,SSCP-fae4a76b00305ea7,2,3
1,SSCP-fb0a454e8426be17,2,3
1,SSCP-fbc33f99ca3e57ad,2,3
1,SSCP-fbd0131fbc5b4564,2,3
1,SSCP-fc4ee3dbbc470cf0,2,3
1,SSCP-fc7e3e69e1a358ee,2,3
1,SSCP-fc830b9b6334646e,2,3
1,SSCP-fc9fc7bb15f2592d,2,3
1,SSCP-fcb0dc2f3390c729,2,3
1,SSCP-fcb4a57adc6d406d,2,3
1,SSCP-fcdb420eed802954,2,3
1,SSCP-fd2611d4e490dd8f,2,3
1,SSCP-fd277068a871af38,2,3
1,SSCP-fd28296dbccda583,2,3
1,SSCP-fd28aa09abf26634,2,3
1,SSCP-fd2ddf8cda6072e0,2,3
1,SSCP-fd2de4063849d793,2,3
1,SSCP-fd65b027c763f7af,2,3
1,SSCP-fd65cf03ab9263e8,2,3
1,SSCP-fd78fc0f147dae3c,2,3
1,SSCP-fd82cacd37a9de6a,2,3
1,SSCP-fd9bbe1ce9cc234a,2,3
1,SSCP-fde473751b24a721,2,3
1,SSCP-fe38d65e74ff2745,2,3
1,SSCP-fe462b38de440813,2,3
1,SSCP-fe4fb8799b363386,2,3
1,SSCP-fe69100e8d30b566,2,3
1,SSCP-fe81f74919047aeb,2,3
1,SSCP-fe965b41c849afd7,2,3
1,SSCP-fecfdadb6ab02ce9,2,3
1,SSCP-fed3feff7861a6f1,2,3
1,SSCP-fef24bced5f0543e,2,3
1,SSCP-ff0f33874a501ddf,2,3
1,SSCP-ff2d0c4fab0edd1f,2,3
1,SSCP-ff61a1e6d8ea28d8,2,3
1,SSCP-ff795e19a42521b0,2,3
1,SSCP-ff8ff1b200a80376,2,3
1,SSCP-ffc8405c422768ae,2,3
1,SSCP-ffd8d4764ec8a527,2,3
1,SSCP-0028ba97a7daa03b,3,4
1,SSCP-006e14887ba7fd42,3,4
1,SSCP-00a276a15a1dc320,3,4
1,SSCP-00ad7d795216f1d4,3,4
1,SSCP-015aedee5fdfb40d,3,4
1,SSCP-015b1f05ff4e8ab3,3,4
1,SSCP-02915bfaebbe09bd,3,4
1,SSCP-02976f2eb4cf9c8b,3,4
1,SSCP-030b06b2eab9c15e,3,4
1,SSCP-0321d79aa693d8a8,3,4
1,SSCP-0390d0b416b1cfab,3,4
1,SSCP-03cd99860e542373,3,4
1,SSCP-03d4df53c4567078,3,4
1,SSCP-040fdf2d45c068a6,3,4
1,SSCP-043747e1af18b5d3,3,4
1,SSCP-04608a3be4e7965e,3,4
1,SSCP-048e5fd7b7b2cb75,3,4
1,SSCP-049baedd058bba3b,3,4
1,SSCP-04a1b117761202bb,3,4
1,SSCP-04a432617cd799e9,3,4
1,SSCP-04c34d4a9a5aa872,3,4
1,SSCP-04f0eb8ac8713e66,3,4
1,SSCP-04fcaded7f145fef,3,4
1,SSCP-054535579ece2b52,3,4
1,SSCP-056d5bb8e664988b,3,4
1,SSCP-05f7c31d9cea533e,3,4
1,SSCP-060d068bb3fd5a25,3,4
1,SSCP-0644c597e1bc977c,3,4
1,SSCP-064e09136acb8b6d,3,4
1,SSCP-06a495cd611b7876,3,4
1,SSCP-06ba46d4ff0ffcd3,3,4
1,SSCP-06ff7c6c7dd358fe,3,4
1,SSCP-071478fb8bb48228,3,4
1,SSCP-071ac0a218108dc9,3,4
1,SSCP-07326cceec8e37b5,3,4
1,SSCP-084ce66bd627a4b3,3,4
1,SSCP-084f42149f5c585a,3,4
1,SSCP-086c058a3aac3c69,3,4
1,SSCP-0892c2dafd240612,3,4
1,SSCP-092e1bdc8eac16c7,3,4
1,SSCP-0954ab5c180aecaa,3,4
1,SSCP-0996346b340fc0a3,3,4
1,SSCP-09cee3b3ac900d6e,3,4
1,SSCP-0a4746f54469dd7f,3,4
1,SSCP-0a53305b75d68668,3,4
1,SSCP-0a6aad5177677b7c,3,4
1,SSCP-0a9242d064d61b8e,3,4
1,SSCP-0acb06b89ff942d6,3,4
1,SSCP-0ade04a8e2ceeae8,3,4
1,SSCP-0adf8eb00307f551,3,4
1,SSCP-0af1398bd142969a,3,4
1,SSCP-0b0706ad757555b9,3,4
1,SSCP-0b321e33cf6661d9,3,4
1,SSCP-0b508292bc8c848c,3,4
1,SSCP-0b9a0c0afe2298b5,3,4
1,SSCP-0bfdc19bf11b41ad,3,4
1,SSCP-0c170bf084ea891e,3,4
1,SSCP-0c564ba8c9e14106,3,4
1,SSCP-0cb6e66d54399921,3,4
1,SSCP-0cbb5caea1373538,3,4
1,SSCP-0d2f6d5b7a03a7da,3,4
1,SSCP-0da0d6ed08954145,3,4
1,SSCP-0dc2252c7f21db75,3,4
1,SSCP-0e153ea485b03c68,3,4
1,SSCP-0e42e4d1c7b56606,3,4
1,SSCP-0f409c23a8ea94c3,3,4
1,SSCP-0f8920c3c9061d7b,3,4
1,SSCP-0fbcb907ace6b708,3,4
1,SSCP-101114b7bec35ca5,3,4
1,SSCP-10252edc6e30a5b4,3,4
1,SSCP-103eaae443c13af2,3,4
1,SSCP-10745dd87290c57d,3,4
1,SSCP-107ee5b0338a5feb,3,4
1,SSCP-10dce81dfa2008d1,3,4
1,SSCP-119d2a21cd798744,3,4
1,SSCP-11b61732358eefaa,3,4
1,SSCP-11f06acbf29afe5d,3,4
1,SSCP-1223555610254f3b,3,4
1,SSCP-123cbfedc664fd28,3,4
1,SSCP-125d47f00770a849,3,4
1,SSCP-12600ab00543c476,3,4
1,SSCP-129983b5eea89f9e,3,4
1,SSCP-129acbfb6694e72c,3,4
1,SSCP-12df594b83dbc600,3,4
1,SSCP-12e37c440092eeec,3,4
1,SSCP-130bbdce4570cd24,3,4
1,SSCP-1324ccd6f9021c7d,3,4
1,SSCP-133350ac69b6f1fd,3,4
1,SSCP-135f52389e38188d,3,4
1,SSCP-136b44d2ce162c73,3,4
1,SSCP-137c28c33b817d6b,3,4
1,SSCP-13acd5efd86313b3,3,4
1,SSCP-13cc0bfc68ce97b4,3,4
1,SSCP-1404259d857e80eb,3,4
1,SSCP-1426543d1c76f752,3,4
1,SSCP-144b36fbf4bb4a6b,3,4
1,SSCP-14c58e7c7eceebea,3,4
1,SSCP-14f8390943c5300b,3,4
1,SSCP-1516fcddbfa2beb2,3,4
1,SSCP-153bef7cfab95f35,3,4
1,SSCP-1565f395922a2454,3,4
1,SSCP-15dd5013c84bff88,3,4
1,SSCP-1609e70019cc1b15,3,4
1,SSCP-160bd684a60797e8,3,4
1,SSCP-164429e32260deb5,3,4
1,SSCP-16756ffda0ab6616,3,4
1,SSCP-16a4f374d686e769,3,4
1,SSCP-171824e17b67902e,3,4
1,SSCP-17453591bbe1f2df,3,4
1,SSCP-175d064fea0f613a,3,4
1,SSCP-17a95ca3cec239a5,3,4
1,SSCP-17b5ba70019944ac,3,4
1,SSCP-17b79b3b51bd2652,3,4
1,SSCP-18174cbd57c5097a,3,4
1,SSCP-18200bef50de23f4,3,4
1,SSCP-184a1e5e563f740c,3,4
1,SSCP-18684504b973c62c,3,4
1,SSCP-187aef72e51282fc,3,4
1,SSCP-18c42a9db6584ab8,3,4
1,SSCP-18cff46e9f254c58,3,4
1,SSCP-18f3da7d60fad7c3,3,4
1,SSCP-1927eb875164cb04,3,4
1,SSCP-193411b60bdb5fe5,3,4
1,SSCP-1991e0476ab3783b,3,4
1,SSCP-1a048d4f4290beab,3,4
1,SSCP-1a4160f104c3221a,3,4
1,SSCP-1ac2a5f94831dc53,3,4
1,SSCP-1b1e1253b11f2979,3,4
1,SSCP-1b28649eda206225,3,4
1,SSCP-1b8205e4f2197536,3,4
1,SSCP-1c3f1a3bb0b79c33,3,4
1,SSCP-1c4247df2c43a578,3,4
1,SSCP-1c45b63d5bfd645a,3,4
1,SSCP-1ca8852da246d306,3,4
1,SSCP-1ccefa90f243f555,3,4
1,SSCP-1cdb7f123e5303fc,3,4
1,SSCP-1d2ba9514f4af750,3,4
1,SSCP-1d49094533994357,3,4
1,SSCP-1d52be086911ead9,3,4
1,SSCP-1d6694305f323327,3,4
1,SSCP-1d724a25f0b7cdae,3,4
1,SSCP-1db0d9ebfa3d4347,3,4
1,SSCP-1dbf281744840ce6,3,4
1,SSCP-1dc145edb1d5972c,3,4
1,SSCP-1dff8b92dab3d697,3,4
1,SSCP-1e0bb9ecb14e0737,3,4
1,SSCP-1e23478fbd03dc4b,3,4
1,SSCP-1e7453b1f3c0aea1,3,4
1,SSCP-1e7dc13dc45c4771,3,4
1,SSCP-1e8f5b052357e81e,3,4
1,SSCP-1e90c1de07a989dd,3,4
1,SSCP-1ed327c037effc1f,3,4
1,SSCP-1f3dd24e94111358,3,4
1,SSCP-1f5a943c08aa35f2,3,4
1,SSCP-1fc8d25289de4723,3,4
1,SSCP-1fdf099952945830,3,4
1,SSCP-1fef9d7a242e3287,3,4
1,SSCP-1fff3cd694ddd07a,3,4
1,SSCP-2009129a73d0da2c,3,4
1,SSCP-2011b2faeeb8d44c,3,4
1,SSCP-201dd664ddb4d6da,3,4
1,SSCP-20e3c9cbf69e2044,3,4
1,SSCP-20f1d0ffc95cbedf,3,4
1,SSCP-212bea0e0feb8a47,3,4
1,SSCP-2135d0719a258c1c,3,4
1,SSCP-21b465f6530824c2,3,4
1,SSCP-21b914532b38bd2f,3,4
1,SSCP-22225b162c0e7fcf,3,4
1,SSCP-224a9e603604dee8,3,4
1,SSCP-229036adf0e39178,3,4
1,SSCP-22a16202402f4c94,3,4
1,SSCP-2310fbd26ce358b3,3,4
1,SSCP-232919a0e4e8a624,3,4
1,SSCP-2338b0105513c083,3,4
1,SSCP-2392ab05f569e421,3,4
1,SSCP-23dd219f2d08e9fe,3,4
1,SSCP-23e2c8b51d5c54f2,3,4
1,SSCP-23e50714849b496f,3,4
1,SSCP-2464c9973771dae2,3,4
1,SSCP-24708f2afc4a6dc7,3,4
1,SSCP-24a47f2283b0599e,3,4
1,SSCP-24a8865de64b2a3b,3,4
1,SSCP-24c513048769df1e,3,4
1,SSCP-24e0615714b029ca,3,4
1,SSCP-24f19a987178f5b8,3,4
1,SSCP-25269bdafcbda917,3,4
1,SSCP-2541391f22e0cd51,3,4
1,SSCP-2609051475891bf6,3,4
1,SSCP-261094101d321fc2,3,4
1,SSCP-26735b5febce44d6,3,4
1,SSCP-267d74d8b4969cc7,3,4
1,SSCP-268ef7f5fe3ec22f,3,4
1,SSCP-269f6634e644091b,3,4
1,SSCP-272ada377b9cd874,3,4
1,SSCP-2792a7256ab64053,3,4
1,SSCP-2793786d6c5d6eb1,3,4
1,SSCP-27a5638eb595edb1,3,4
1,SSCP-27c103acba874f8c,3,4
1,SSCP-27f03137e59f76ff,3,4
1,SSCP-2857cd6fdb1fc672,3,4
1,SSCP-28bd89e60dec2bf5,3,4
1,SSCP-28c287628cad9c28,3,4
1,SSCP-28cd37fed9142c9c,3,4
1,SSCP-292af9b1c3337d66,3,4
1,SSCP-295306e7e36726de,3,4
1,SSCP-298e93130f84cb5e,3,4
1,SSCP-299a4a79e09b9b31,3,4
1,SSCP-29c679a936d88a00,3,4
1,SSCP-29de71b59cf3cc45,3,4
1,SSCP-2a0657c91f4f42e0,3,4
1,SSCP-2a074bef785ca240,3,4
1,SSCP-2a39a5a6de03df0f,3,4
1,SSCP-2a43141f798d6418,3,4
1,SSCP-2a4fb33123a322fd,3,4
1,SSCP-2a842ba084518b45,3,4
1,SSCP-2b0662ced5bfb085,3,4
1,SSCP-2b6d2950c04a9f81,3,4
1,SSCP-2b6d752654eabe7e,3,4
1,SSCP-2b8d3b40c0e77d02,3,4
1,SSCP-2bb427b1e2d272e9,3,4
1,SSCP-2be316ec4cadbbd0,3,4
1,SSCP-2bfe20fe1f1f3d32,3,4
1,SSCP-2c2e1ccddea38b42,3,4
1,SSCP-2c394aee9c24f2a5,3,4
1,SSCP-2c5a546dba6cf897,3,4
1,SSCP-2c85502079a33d3b,3,4
1,SSCP-2c857ab1db71f2a5,3,4
1,SSCP-2c9e5f0405c92ba3,3,4
1,SSCP-2ccc7b00fc78bdcd,3,4
1,SSCP-2cf4b092d7471da5,3,4
1,SSCP-2d193d40e222e010,3,4
1,SSCP-2d26d1b3727357b7,3,4
1,SSCP-2da54775339edd8e,3,4
1,SSCP-2da68e059ab48d12,3,4
1,SSCP-2daa9b61451b7ee5,3,4
1,SSCP-2dd43c53470e07a4,3,4
1,SSCP-2df5247719d77f2d,3,4
1,SSCP-2dff02c910e15aa5,3,4
1,SSCP-2e38f604d1c4d512,3,4
1,SSCP-2e976a58e64b3ad8,3,4
1,SSCP-2ecaac79e4d3caeb,3,4
1,SSCP-2eddc9ef7e5ce0f7,3,4
1,SSCP-2fce01eddff61570,3,4
1,SSCP-2fe8ec138feaea56,3,4
1,SSCP-2ff503cce8ee16f2,3,4
1,SSCP-30356c34d2508277,3,4
1,SSCP-3060ed9223ffe504,3,4
1,SSCP-306c4f1233a49e7a,3,4
1,SSCP-3092e81bce4996da,3,4
1,SSCP-30a731c17efbcac0,3,4
1,SSCP-30cefd36c7be7d5b,3,4
1,SSCP-30de6b94bae41447,3,4
1,SSCP-30efa7fc5db733f1,3,4
1,SSCP-311cf6d1a79262a8,3,4
1,SSCP-3141257912531634,3,4
1,SSCP-315d4cb71a078170,3,4
1,SSCP-315dcce793efdce8,3,4
1,SSCP-31a50334db116b8c,3,4
1,SSCP-320825a626918ec6,3,4
1,SSCP-32279e7ab3afeab0,3,4
1,SSCP-3248ede9d6acf27c,3,4
1,SSCP-32954b4029e562ec,3,4
1,SSCP-32a8e7a08c0915d7,3,4
1,SSCP-32e690aee0bec6bf,3,4
1,SSCP-32ffd5843469ad68,3,4
1,SSCP-3318291c625f454b,3,4
1,SSCP-332379c9d0cffb10,3,4
1,SSCP-334fb0befd27201b,3,4
1,SSCP-3356d2d6629f9231,3,4
1,SSCP-33653fc617042f52,3,4
1,SSCP-33924fece89d0aa7,3,4
1,SSCP-33db7371ea7af200,3,4
1,SSCP-33f50a94570b2c0e,3,4
1,SSCP-33fff1a96f0034a2,3,4
1,SSCP-3469323e553ca003,3,4
1,SSCP-3477c01cae02de88,3,4
1,SSCP-3480d91822876b55,3,4
1,SSCP-34b316d330e21121,3,4
1,SSCP-34ca76812050920a,3,4
1,SSCP-3518b6ea282e2b7b,3,4
1,SSCP-35395aede274b1f1,3,4
1,SSCP-35baac097d995dec,3,4
1,SSCP-35e3bd76cdd80004,3,4
1,SSCP-3609fd9df6a9afe1,3,4
1,SSCP-362aa1a2cb9291f5,3,4
1,SSCP-3632d5dab24eb788,3,4
1,SSCP-36768a907949f813,3,4
1,SSCP-36b6f9a0f822da5b,3,4
1,SSCP-36e3558367eca570,3,4
1,SSCP-371ec3099d78904b,3,4
1,SSCP-374e0e6cbb5e0820,3,4
1,SSCP-376ab31587a9cd8b,3,4
1,SSCP-3774c5052a317109,3,4
1,SSCP-377923d47ebf2df1,3,4
1,SSCP-3810997e7cd1ea7e,3,4
1,SSCP-386048b128283a86,3,4
1,SSCP-386b2439d354c1fd,3,4
1,SSCP-38a659e4123906bc,3,4
1,SSCP-38ca4d62396c2879,3,4
1,SSCP-3951b4e9879d0b6f,3,4
1,SSCP-395757e12ff8627d,3,4
1,SSCP-399f1432f41dbb90,3,4
1,SSCP-39aa837501d16240,3,4
1,SSCP-39ab892c397d6a19,3,4
1,SSCP-3a0c85079301fca0,3,4
1,SSCP-3a181cb7036204d1,3,4
1,SSCP-3a525afff29cdd29,3,4
1,SSCP-3a8a886d49e197c5,3,4
1,SSCP-3a8dc9e0bba4105d,3,4
1,SSCP-3aafbe8bad99ca53,3,4
1,SSCP-3ad2d4b1f7c16094,3,4
1,SSCP-3ae106fe31b3d46e,3,4
1,SSCP-3af0008cc9b0e684,3,4
1,SSCP-3b407bd5520420d3,3,4
1,SSCP-3b52f7c25615071e,3,4
1,SSCP-3bad3dfdf87e518c,3,4
1,SSCP-3bc76147afe2e55e,3,4
1,SSCP-3c139f22c51ca9a7,3,4
1,SSCP-3c320e777c23e63f,3,4
1,SSCP-3c450a66181f754e,3,4
1,SSCP-3c84f918080be6a1,3,4
1,SSCP-3c8bd77abc193be7,3,4
1,SSCP-3cf5a43bbbb989ee,3,4
1,SSCP-3d47753f9bf632f0,3,4
1,SSCP-3d53661dfe261a9f,3,4
1,SSCP-3d92b2a8d72f5158,3,4
1,SSCP-3da26e0e1b31ddbb,3,4
1,SSCP-3dab7aa643556d5f,3,4
1,SSCP-3dfa598267cc5670,3,4
1,SSCP-3e1bfc2aea1418c4,3,4
1,SSCP-3e65dd3aba3cae66,3,4
1,SSCP-3e8e0b3090a613bb,3,4
1,SSCP-3ec2a2923a16b2b2,3,4
1,SSCP-3ed5e43bc17d22c9,3,4
1,SSCP-3f59a1b83ce1b16a,3,4
1,SSCP-3febbfbc6bb0aa73,3,4
1,SSCP-4006a333e6c3edcd,3,4
1,SSCP-400d8d8d0bda3b99,3,4
1,SSCP-408663a1e0b96e3d,3,4
1,SSCP-40ded9bccb65f527,3,4
1,SSCP-40e3742e6ac284e3,3,4
1,SSCP-40e652167cf880cb,3,4
1,SSCP-41522db2860da1c1,3,4
1,SSCP-41a3c437eaa92713,3,4
1,SSCP-41b99de12cca8584,3,4
1,SSCP-41bb07892c797470,3,4
1,SSCP-41e54df9cc6fec70,3,4
1,SSCP-4240f375c18171a4,3,4
1,SSCP-425391e25f3e8cb2,3,4
1,SSCP-42913b2b35c62722,3,4
1,SSCP-42cd94869aed45a1,3,4
1,SSCP-430104296c1d9275,3,4
1,SSCP-436ebeea537969a0,3,4
1,SSCP-43777e3a01b91718,3,4
1,SSCP-437b64f3d6427ed0,3,4
1,SSCP-43863d9f6cc2024b,3,4
1,SSCP-43e8eefa6d1473a8,3,4
1,SSCP-449ae97c6ef59428,3,4
1,SSCP-44ef9ee4d019d0f1,3,4
1,SSCP-451fae8242c2de6e,3,4
1,SSCP-45677fe1816a7014,3,4
1,SSCP-4588637a5b3168af,3,4
1,SSCP-459d3b305e9ca40d,3,4
1,SSCP-45b29b33caab493c,3,4
1,SSCP-45e1b3a072ac701f,3,4
1,SSCP-460eb7d55a86cf79,3,4
1,SSCP-4655178605dd071a,3,4
1,SSCP-4655a3a7f1b44582,3,4
1,SSCP-466c3b2c9126e5e8,3,4
1,SSCP-471a019cbde6c8a7,3,4
1,SSCP-476098766a47ca60,3,4
1,SSCP-4777e782ba28b43a,3,4
1,SSCP-47b34a64056ae6f1,3,4
1,SSCP-48386658e2628d11,3,4
1,SSCP-4875acb6222f9751,3,4
1,SSCP-48b1cc0c3644ce00,3,4
1,SSCP-48f6e6f33e07586d,3,4
1,SSCP-492c284467a3bdfa,3,4
1,SSCP-49330681998d297d,3,4
1,SSCP-4941528c2ddf8252,3,4
1,SSCP-494170ef00196017,3,4
1,SSCP-497f6cc2c4d711a4,3,4
1,SSCP-4984114a534ce392,3,4
1,SSCP-49b5fecbf8668178,3,4
1,SSCP-49ed9ec63533aa38,3,4
1,SSCP-4a0e27b74c2ab263,3,4
1,SSCP-4a719b097fa3f6f7,3,4
1,SSCP-4aa4c34cfba1490b,3,4
1,SSCP-4ae1f1641acc221d,3,4
1,SSCP-4aeeb45958a75c82,3,4
1,SSCP-4b48ba3f1eaf09b8,3,4
1,SSCP-4b6309f8e502804d,3,4
1,SSCP-4b939288203af777,3,4
1,SSCP-4bc75c7b8bddc64b,3,4
1,SSCP-4c0e44ed1dd8c3fb,3,4
1,SSCP-4c8223ca4b1836c4,3,4
1,SSCP-4c8b6953e3545454,3,4
1,SSCP-4cbaa44c93473930,3,4
1,SSCP-4cfbb6acf3d2e439,3,4
1,SSCP-4d3de5b6b9d8b60a,3,4
1,SSCP-4dbb10c80816f478,3,4
1,SSCP-4dec6c92196855ac,3,4
1,SSCP-4e1cbc49a2f802f3,3,4
1,SSCP-4e5b146964e0b39d,3,4
1,SSCP-4e61c72b3be1ad73,3,4
1,SSCP-4eb659ed4b556327,3,4
1,SSCP-4f01d4bf1c848784,3,4
1,SSCP-4f03793e13ac87b4,3,4
1,SSCP-4f0ce07e8c893aae,3,4
1,SSCP-4f5e23cfebb8ec3c,3,4
1,SSCP-4f6e557d65c63852,3,4
1,SSCP-4fb0bfce65f2d0e8,3,4
1,SSCP-4fb3e0a63c4deaa1,3,4
1,SSCP-4fc1b5e1e527e877,3,4
1,SSCP-4fd4c685e53f4f04,3,4
1,SSCP-500b3130c32c2229,3,4
1,SSCP-50686ff1e1f4df13,3,4
1,SSCP-508b3d4faf45cbe0,3,4
1,SSCP-50a72fd858450aba,3,4
1,SSCP-50e3d5416b877759,3,4
1,SSCP-50fa802aa173f2e8,3,4
1,SSCP-512e6ee8f0fe46a4,3,4
1,SSCP-5161e06566d806cc,3,4
1,SSCP-5192efc2ef43656c,3,4
1,SSCP-51ef81c52fe22e4f,3,4
1,SSCP-5201113b43aecbdb,3,4
1,SSCP-5233a166a5ca060d,3,4
1,SSCP-5252e555d24be969,3,4
1,SSCP-525b251d228a3fe5,3,4
1,SSCP-52d8f98d3867b333,3,4
1,SSCP-52ddd7f531e7d89a,3,4
1,SSCP-52eb639a43711065,3,4
1,SSCP-52f55046703aed9c,3,4
1,SSCP-53570ac13390e6e5,3,4
1,SSCP-53b2d193082aa394,3,4
1,SSCP-53b4c22612e91f3e,3,4
1,SSCP-53b9d0d1e1429325,3,4
1,SSCP-540dd0fd0e2fbfb8,3,4
1,SSCP-542ff88f773297ac,3,4
1,SSCP-546c0756f7ddf393,3,4
1,SSCP-549ef68ed7ffa320,3,4
1,SSCP-54d15ee02068b0fb,3,4
1,SSCP-550b6081cd5629fe,3,4
1,SSCP-55a1844299112e8a,3,4
1,SSCP-55cfb09876ec8b97,3,4
1,SSCP-55e6ee4a59413da1,3,4
1,SSCP-5617703ed2f56bf8,3,4
1,SSCP-562dd351c70e5c7b,3,4
1,SSCP-567fca0bd9510e4f,3,4
1,SSCP-56d3d91fe99be02c,3,4
1,SSCP-56e9283cdef957d2,3,4
1,SSCP-5701005faec66d63,3,4
1,SSCP-572df4ef34829587,3,4
1,SSCP-57605bf6fc1703a1,3,4
1,SSCP-576cf8da960e3ae3,3,4
1,SSCP-57a5f2072811bf6f,3,4
1,SSCP-57dfb6ba338e078a,3,4
1,SSCP-58057f04e269ebd8,3,4
1,SSCP-582a82a23cdbf531,3,4
1,SSCP-5842a702744b2cc2,3,4
1,SSCP-5843b05db01f5c40,3,4
1,SSCP-58dbd6be91d050f8,3,4
1,SSCP-58df97e097f72804,3,4
1,SSCP-58f2607d4f37cf46,3,4
1,SSCP-591198e0b0493577,3,4
1,SSCP-592d27cf727a666a,3,4
1,SSCP-594a04ad89c43dd3,3,4
1,SSCP-597d1a2c21051c36,3,4
1,SSCP-59b306186cc8dc00,3,4
1,SSCP-59fdc190f26c95f0,3,4
1,SSCP-5a178d6b2b43c8e6,3,4
1,SSCP-5a5bed43397fd034,3,4
1,SSCP-5a65fd73f334c5ef,3,4
1,SSCP-5a70222a4047ef99,3,4
1,SSCP-5a818ef0fa159a3c,3,4
1,SSCP-5a862276480d10f5,3,4
1,SSCP-5ae4c32993a648a7,3,4
1,SSCP-5aeb2f3c5db0bd93,3,4
1,SSCP-5afd90c8c5057500,3,4
1,SSCP-5b337588d8cedbd5,3,4
1,SSCP-5b4d66dffc9118fe,3,4
1,SSCP-5b5386ffe2acd4c8,3,4
1,SSCP-5b6355ac829aa731,3,4
1,SSCP-5bac4803b94aeec1,3,4
1,SSCP-5bf866fda97ee353,3,4
1,SSCP-5c4feaa1a51ec358,3,4
1,SSCP-5c5a6b0169af7a69,3,4
1,SSCP-5c903c43dcde2f4e,3,4
1,SSCP-5cd6baec72f3da64,3,4
1,SSCP-5d12837d268edcd8,3,4
1,SSCP-5d78a029d85f3db6,3,4
1,SSCP-5daa7de5cc883dac,3,4
1,SSCP-5dabb430b2297cca,3,4
1,SSCP-5dd2b6657bd6ceb4,3,4
1,SSCP-5ddf264ece52d08c,3,4
1,SSCP-5e0443154198b0c9,3,4
1,SSCP-5e4f4a23d4604220,3,4
1,SSCP-5e6de1859194cdcd,3,4
1,SSCP-5e775445911eb13d,3,4
1,SSCP-5ea94f4b8aff35ac,3,4
1,SSCP-5ec3758471262685,3,4
1,SSCP-5f2b5e8ed0901729,3,4
1,SSCP-5f4b46409cd5c000,3,4
1,SSCP-5f6bfa91989b148d,3,4
1,SSCP-5f6ec20edc91ee6d,3,4
1,SSCP-5ff27ad46baf27ca,3,4
1,SSCP-6013942a3baf564c,3,4
1,SSCP-6029208be7945559,3,4
1,SSCP-602c6a5b08db886a,3,4
1,SSCP-6039cc6f6a0b11a5,3,4
1,SSCP-603b163a1e5bc6ce,3,4
1,SSCP-609b4bbc6c22aa27,3,4
1,SSCP-60d36a60ad9b1b8b,3,4
1,SSCP-61007b353ce8cb7e,3,4
1,SSCP-6101bd873b4e8b63,3,4
1,SSCP-613085e7c5da7b40,3,4
1,SSCP-613d400fe2005eb1,3,4
1,SSCP-615878e0f8fc01ef,3,4
1,SSCP-6175a1c1a70b5c1b,3,4
1,SSCP-6198bac3774963d3,3,4
1,SSCP-624f80971e985ab2,3,4
1,SSCP-6274640858e68887,3,4
1,SSCP-627ec2eb9494d256,3,4
1,SSCP-62a7743bfe93dde9,3,4
1,SSCP-62e9a0ae050b8703,3,4
1,SSCP-631a31afed7d09fc,3,4
1,SSCP-6398359090a89704,3,4
1,SSCP-63be9c481f6e802b,3,4
1,SSCP-63d17108454b579d,3,4
1,SSCP-642757e4723b7b93,3,4
1,SSCP-644405e02c7b8b12,3,4
1,SSCP-644c19994a43dc07,3,4
1,SSCP-6475b56f08c83605,3,4
1,SSCP-64801f0f766820e0,3,4
1,SSCP-6485cbf77b459ecd,3,4
1,SSCP-6488547e21de6827,3,4
1,SSCP-6499df16230646af,3,4
1,SSCP-649dbbc7edc1c22a,3,4
1,SSCP-64e864f72dcacc77,3,4
1,SSCP-65b1c6680a5999dd,3,4
1,SSCP-65d1e9990d2c9994,3,4
1,SSCP-65fab0878e2604a5,3,4
1,SSCP-6667ba5e44fbbe8f,3,4
1,SSCP-669561f86bc8c954,3,4
1,SSCP-66b3fadaeb32c894,3,4
1,SSCP-670dc945a101811e,3,4
1,SSCP-670e24c746d5f682,3,4
1,SSCP-673f6532d9f6b25f,3,4
1,SSCP-67416c026576acde,3,4
1,SSCP-67b7cd5729622398,3,4
1,SSCP-6802f290cd2ad698,3,4
1,SSCP-680db35663a52f20,3,4
1,SSCP-681c2afd2ce35577,3,4
1,SSCP-68502a00d6148f4b,3,4
1,SSCP-68b564766c370b96,3,4
1,SSCP-68d37095602ab51d,3,4
1,SSCP-68f34b2dd698450e,3,4
1,SSCP-69547adc99b15544,3,4
1,SSCP-6977e4665c5dc3e8,3,4
1,SSCP-697eebe472a6afa7,3,4
1,SSCP-698f87278d00ae6d,3,4
1,SSCP-69baa2a6511b4a37,3,4
1,SSCP-69bb6909865761fd,3,4
1,SSCP-6a85a193dd33b9db,3,4
1,SSCP-6a86e46a5f9ec039,3,4
1,SSCP-6a8f7a5e6775ba8d,3,4
1,SSCP-6b640c45dddb7433,3,4
1,SSCP-6baf61573aae6b8c,3,4
1,SSCP-6bc806b98b53bc73,3,4
1,SSCP-6bdfe639bec1b0b7,3,4
1,SSCP-6c187cdb576e04a2,3,4
1,SSCP-6c240e50c3635136,3,4
1,SSCP-6c98ba8e293779cc,3,4
1,SSCP-6ca7744146055000,3,4
1,SSCP-6caaa1e8c5dd70b1,3,4
1,SSCP-6cab232ee0fe3373,3,4
1,SSCP-6cb274b753c99ea4,3,4
1,SSCP-6cb38d46048c68d4,3,4
1,SSCP-6d0f9af532d4f2a5,3,4
1,SSCP-6d15fc7d87237bff,3,4
1,SSCP-6d38e9ad7ecadb1f,3,4
1,SSCP-6d850e13db22121d,3,4
1,SSCP-6dc89606e15a5cb7,3,4
1,SSCP-6dd65f49274c7f16,3,4
1,SSCP-6dec2d3181706ecb,3,4
1,SSCP-6deeb290b8bd022a,3,4
1,SSCP-6dfbb11024b3a6da,3,4
1,SSCP-6e9d38878c90aa9d,3,4
1,SSCP-6ec3dcba923c7a29,3,4
1,SSCP-6ec893231d0d87ca,3,4
1,SSCP-6ef8adfbcadb1841,3,4
1,SSCP-6f1b9793bd32f2fa,3,4
1,SSCP-6f1deced1b4b237c,3,4
1,SSCP-6f347e2161e03159,3,4
1,SSCP-6fc9e672006b979c,3,4
1,SSCP-6ffc33c63794ce67,3,4
1,SSCP-706bb026cabcd437,3,4
1,SSCP-70c431b8b0bccf9a,3,4
1,SSCP-70c8e2ed5d339db5,3,4
1,SSCP-71389076d7955097,3,4
1,SSCP-7180b6559623d2ef,3,4
1,SSCP-71c8e8ec87bbd3a3,3,4
1,SSCP-721d5db85c053e48,3,4
1,SSCP-721f25377a23065a,3,4
1,SSCP-72582fd5dcf6eb1d,3,4
1,SSCP-726f9b0239ba5c64,3,4
1,SSCP-728fcd4656767bb6,3,4
1,SSCP-72a3f0e0b2f5d480,3,4
1,SSCP-72c0fc6402bbe1d4,3,4
1,SSCP-72f0adbff2caa0c9,3,4
1,SSCP-730f1c61b452bd1b,3,4
1,SSCP-73392d344c6e8ea1,3,4
1,SSCP-7355ee7e2d2b17b3,3,4
1,SSCP-73844130f24ea55d,3,4
1,SSCP-738e6eb1f3fe8710,3,4
1,SSCP-73b44a0b970fd2d5,3,4
1,SSCP-73d3dea985e627f5,3,4
1,SSCP-73ed7c2a99ca58b6,3,4
1,SSCP-74203d4c94985aa5,3,4
1,SSCP-74477107dc2f740d,3,4
1,SSCP-7465285595fde2e3,3,4
1,SSCP-74d50fe5760a6ea3,3,4
1,SSCP-74fd074c2d6a33cb,3,4
1,SSCP-752483a7f1a2e961,3,4
1,SSCP-752e8969dc9b85a8,3,4
1,SSCP-75315f68ae6ad8d3,3,4
1,SSCP-756438497dfbd3c6,3,4
1,SSCP-75652c6d974acb81,3,4
1,SSCP-758a2210c23a7a52,3,4
1,SSCP-758f8f669f8bb241,3,4
1,SSCP-7592036347df4583,3,4
1,SSCP-75e7ca0d93677706,3,4
1,SSCP-767961a4550b72ee,3,4
1,SSCP-76cdb90503681448,3,4
1,SSCP-7702dcced3fa5498,3,4
1,SSCP-771de0dd48e13b6d,3,4
1,SSCP-775207567d4017f5,3,4
1,SSCP-776605edca654a5d,3,4
1,SSCP-776608c7bc8d94e4,3,4
1,SSCP-777122ad3522ebc3,3,4
1,SSCP-78047fe23b8f921b,3,4
1,SSCP-787077e6f935d110,3,4
1,SSCP-78873283d303fc73,3,4
1,SSCP-788b9f97437fc834,3,4
1,SSCP-78abcb74c229b817,3,4
1,SSCP-78b7db3d8737335f,3,4
1,SSCP-79034c07ac3bb8e0,3,4
1,SSCP-799a0c892ee7aea3,3,4
1,SSCP-79aa23958c9cb494,3,4
1,SSCP-7a64d3c952a4ea8f,3,4
1,SSCP-7a7685da261564e2,3,4
1,SSCP-7a9020e8b1a4d0e6,3,4
1,SSCP-7b42eb060bf669fc,3,4
1,SSCP-7b8c87e6bfd020c4,3,4
1,SSCP-7b8cb0844432995e,3,4
1,SSCP-7bbfd97166043ca2,3,4
1,SSCP-7bcf9f48a516a5ca,3,4
1,SSCP-7bdae0e52b913db1,3,4
1,SSCP-7bdb694bd46842ed,3,4
1,SSCP-7c242c996d1402e3,3,4
1,SSCP-7c5908b9d2eb2dbd,3,4
1,SSCP-7c73255fbb9a6c79,3,4
1,SSCP-7c8e1b4dce99b868,3,4
1,SSCP-7cc90703c6c62e84,3,4
1,SSCP-7cd0661973d77339,3,4
1,SSCP-7ceadcb1b064968f,3,4
1,SSCP-7cfbd9c0e4b714af,3,4
1,SSCP-7d82ea52c8a5b6ad,3,4
1,SSCP-7d9310aedd1ab1ed,3,4
1,SSCP-7ddb9c963b43ebfb,3,4
1,SSCP-7ddcf65c5a7485f5,3,4
1,SSCP-7de370b0ef34b09c,3,4
1,SSCP-7e650bc8c7bb08a5,3,4
1,SSCP-7e88d8c1baa8b3b3,3,4
1,SSCP-7eb2fd7257d07dfd,3,4
1,SSCP-7eba8ada5f53fa98,3,4
1,SSCP-7ec615dccacb84b9,3,4
1,SSCP-7ed483146201d4cd,3,4
1,SSCP-7edd92fceb8b2d8a,3,4
1,SSCP-7ef4207b0ce2db69,3,4
1,SSCP-7f3c712ccac9c81f,3,4
1,SSCP-7f42d06a6265efc0,3,4
1,SSCP-7f46605c6b96056c,3,4
1,SSCP-7f581017f2221bba,3,4
1,SSCP-7f71e2eca1a719be,3,4
1,SSCP-7f86768957cc6e72,3,4
1,SSCP-7fa91aca9c172173,3,4
1,SSCP-8007d447f59dd36f,3,4
1,SSCP-8011fac22bb116f4,3,4
1,SSCP-80180565689ced62,3,4
1,SSCP-809d25edbfcf1ccf,3,4
1,SSCP-810ecc03ca902bd7,3,4
1,SSCP-8127c0c6132d911b,3,4
1,SSCP-814d30b9b6519d6f,3,4
1,SSCP-818d4f37ed014c32,3,4
1,SSCP-81a1a16d9684666c,3,4
1,SSCP-8265d37bb459ad35,3,4
1,SSCP-82da7b0f1c35e07c,3,4
1,SSCP-8346ec7aa76a3adf,3,4
1,SSCP-836b6aa334120003,3,4
1,SSCP-83e726ecd0c08db5,3,4
1,SSCP-840d39e53d38d15b,3,4
1,SSCP-8437489a2dc93b9a,3,4
1,SSCP-84636119f1c7252e,3,4
1,SSCP-8493f0a3fd713a52,3,4
1,SSCP-8504f391f578d5e2,3,4
1,SSCP-853ab9245cffc1c6,3,4
1,SSCP-854c92ca754bf485,3,4
1,SSCP-8555d987cf0904a0,3,4
1,SSCP-8598d19f4a4c128f,3,4
1,SSCP-85e57f3de06b9cb1,3,4
1,SSCP-861d09f5ffced859,3,4
1,SSCP-86392e483248cab3,3,4
1,SSCP-8644ad0045229255,3,4
1,SSCP-8662aaf548ad70f3,3,4
1,SSCP-86c8d7bd8c8a863a,3,4
1,SSCP-86f4de9843e2028f,3,4
1,SSCP-86f9e050ac50ca48,3,4
1,SSCP-87091310626dffa0,3,4
1,SSCP-872175e71a22665b,3,4
1,SSCP-8764d9a31aa5ff9d,3,4
1,SSCP-8780058f971e260a,3,4
1,SSCP-885b82a7d4c87087,3,4
1,SSCP-88617f6bffb074f2,3,4
1,SSCP-88dc9a25c98093e9,3,4
1,SSCP-88eb75c57df7aef1,3,4
1,SSCP-88fb285ff2732a96,3,4
1,SSCP-89481d209499e35d,3,4
1,SSCP-896fcb2773e1257a,3,4
1,SSCP-89a2b3d39e721c9f,3,4
1,SSCP-89a43cefbbb15f95,3,4
1,SSCP-89b65d444c30732a,3,4
1,SSCP-89b8839e0c7573c8,3,4
1,SSCP-89cd8a01ee43345e,3,4
1,SSCP-89cdce005bfda3c7,3,4
1,SSCP-89d4cd3fc0afd848,3,4
1,SSCP-89e2b2566481c1b9,3,4
1,SSCP-89f1de97df908a84,3,4
1,SSCP-8a4b207766e6153d,3,4
1,SSCP-8a56e5aa78908124,3,4
1,SSCP-8a656737fb32b887,3,4
1,SSCP-8a9d45c05ae5ab38,3,4
1,SSCP-8ac1d82ea8896fa7,3,4
1,SSCP-8ae7db6e46cd1d7e,3,4
1,SSCP-8af0ce4b95aa1a8f,3,4
1,SSCP-8b6c65cf0ba59f10,3,4
1,SSCP-8b6d6e938ae50308,3,4
1,SSCP-8b9be1a70a4ff655,3,4
1,SSCP-8b9f1fd277b6e621,3,4
1,SSCP-8bd9571061c4cc8a,3,4
1,SSCP-8bdcbe39db73716d,3,4
1,SSCP-8be96299ff4a7497,3,4
1,SSCP-8c0e5b66ebf016f2,3,4
1,SSCP-8c9a156ff3be6065,3,4
1,SSCP-8cbc90eee8f9c342,3,4
1,SSCP-8cd890be105529ec,3,4
1,SSCP-8cec2832d002f84c,3,4
1,SSCP-8cf8aa6144282738,3,4
1,SSCP-8d2f2a16ff73fc00,3,4
1,SSCP-8d63bbce652c8c96,3,4
1,SSCP-8d9276a72a72de33,3,4
1,SSCP-8d92fe5961a4a83b,3,4
1,SSCP-8ddf135d4bf48bdf,3,4
1,SSCP-8e1e9b24851173d4,3,4
1,SSCP-8e33023e4b7213ec,3,4
1,SSCP-8e42757a8efda1b2,3,4
1,SSCP-8e6e95bd7d030236,3,4
1,SSCP-8e768b522c1939c0,3,4
1,SSCP-8ea2f1e461b1b494,3,4
1,SSCP-8f2760f9d2c9c77d,3,4
1,SSCP-8f34f661db207cd7,3,4
1,SSCP-8f4b6ce82f72c7c9,3,4
1,SSCP-8f83ca55c0250c75,3,4
1,SSCP-8f9d63812b1ccb76,3,4
1,SSCP-8fb22d6c9770ef29,3,4
1,SSCP-8fbc48116aa3b604,3,4
1,SSCP-8fbd1b09d9a4b3af,3,4
1,SSCP-8fd02211cb5d822c,3,4
1,SSCP-8fea73cb63066b45,3,4
1,SSCP-90068efce083eda3,3,4
1,SSCP-9009169d1cf93971,3,4
1,SSCP-90093f20424369aa,3,4
1,SSCP-90277585f8d1b6ca,3,4
1,SSCP-90c7863cc61efd22,3,4
1,SSCP-912f9cf7200f28c2,3,4
1,SSCP-919f99b329cdf8cc,3,4
1,SSCP-91dc81bbbb3208f4,3,4
1,SSCP-926c7ea75aeb8fac,3,4
1,SSCP-927335ad59e48c4d,3,4
1,SSCP-928b69aad49bd424,3,4
1,SSCP-928e8518da39aaf3,3,4
1,SSCP-92c4b9c89778fe53,3,4
1,SSCP-92f04c96265d4e88,3,4
1,SSCP-93451bbe6ba9e7f6,3,4
1,SSCP-934636ff748875b7,3,4
1,SSCP-941871a4268d5ef8,3,4
1,SSCP-94505fc594b80bc7,3,4
1,SSCP-94ababd714cc9dce,3,4
1,SSCP-94ac7a5d8d19374b,3,4
1,SSCP-94de21ccf0358005,3,4
1,SSCP-9509ac434b9379a7,3,4
1,SSCP-95989866ece3bc72,3,4
1,SSCP-95a6704c319f0ec9,3,4
1,SSCP-95f2e273fedf70a1,3,4
1,SSCP-96084ee10bc854ca,3,4
1,SSCP-9647a991bccf21a7,3,4
1,SSCP-96514ea028d74d38,3,4
1,SSCP-968ebf03b7c5fb6a,3,4
1,SSCP-96a69b0e531ae59b,3,4
1,SSCP-96ec53652f16c072,3,4
1,SSCP-972686a6c33ab486,3,4
1,SSCP-974abba227edb1b3,3,4
1,SSCP-97518326310250b2,3,4
1,SSCP-976252ee0b357d97,3,4
1,SSCP-97762c6c24c21954,3,4
1,SSCP-97b3ce0ff58fb0ca,3,4
1,SSCP-97dae1bb862344e2,3,4
1,SSCP-984e94c04c7f504b,3,4
1,SSCP-98780b8600597b33,3,4
1,SSCP-98b2e1af4947c3e8,3,4
1,SSCP-98c46fc285c6c703,3,4
1,SSCP-98e4d1c9c265bb3b,3,4
1,SSCP-98e79333cc34c9ad,3,4
1,SSCP-9900dddbfb3dbb18,3,4
1,SSCP-99811e5acc8e37b7,3,4
1,SSCP-9988bc1cecd16104,3,4
1,SSCP-99cf0465468da9cf,3,4
1,SSCP-9a06ad25e873c93f,3,4
1,SSCP-9a42224a147bf07c,3,4
1,SSCP-9a463fd615ff5b98,3,4
1,SSCP-9a563ec83e3d854a,3,4
1,SSCP-9a593af0eeef8c0d,3,4
1,SSCP-9ac14b97da2a3553,3,4
1,SSCP-9adc496c82422ac6,3,4
1,SSCP-9af4d4af6db38393,3,4
1,SSCP-9b182e71a1c85c54,3,4
1,SSCP-9b5312bbd47cfd4e,3,4
1,SSCP-9b6f50e0e3cef0d9,3,4
1,SSCP-9bced350ee4f8db5,3,4
1,SSCP-9c3b59749b75d1cc,3,4
1,SSCP-9cbea5ab2a1419f9,3,4
1,SSCP-9cc65caed4c90b55,3,4
1,SSCP-9d0086f0bb7a7714,3,4
1,SSCP-9d249510625e0baf,3,4
1,SSCP-9d42e9a8d14aa424,3,4
1,SSCP-9d51c62c5059400a,3,4
1,SSCP-9d542eae17aaf2ed,3,4
1,SSCP-9d7f32d9596aaf20,3,4
1,SSCP-9d829eb6129c97d2,3,4
1,SSCP-9d89939671d6bb81,3,4
1,SSCP-9da897547decec54,3,4
1,SSCP-9db713cf4e8657df,3,4
1,SSCP-9e03f9d1764f0c24,3,4
1,SSCP-9e2e4b20daa45878,3,4
1,SSCP-9e614539ccc4b9bd,3,4
1,SSCP-9e9f2e71e9ae1db2,3,4
1,SSCP-9eb3f601fd20befc,3,4
1,SSCP-9ec53303d92ade3e,3,4
1,SSCP-9f6eaee9ccf6bf0e,3,4
1,SSCP-9f9dc0c2e63db4b1,3,4
1,SSCP-9fbb12136d124295,3,4
1,SSCP-9fccc550ceee9d54,3,4
1,SSCP-9fd1c91770bc45db,3,4
1,SSCP-a008cfdb16a7b167,3,4
1,SSCP-a035401b0b2e90b7,3,4
1,SSCP-a099df84b9551b92,3,4
1,SSCP-a0a8f4db0758348b,3,4
1,SSCP-a0df4e23fe8c388a,3,4
1,SSCP-a0eff1bce624a57c,3,4
1,SSCP-a1126d0f63feb6d7,3,4
1,SSCP-a1484e3d7df86f75,3,4
1,SSCP-a14db0bbddaa41da,3,4
1,SSCP-a14f71c3681d4e79,3,4
1,SSCP-a15c7a78af6c52ab,3,4
1,SSCP-a18000945291350f,3,4
1,SSCP-a1ba4247b8008370,3,4
1,SSCP-a1f06dfb5435e347,3,4
1,SSCP-a2b0014c5975279c,3,4
1,SSCP-a2bfa0dd3af33e43,3,4
1,SSCP-a2f8e5eb1265fda7,3,4
1,SSCP-a31f37d7a6fb772d,3,4
1,SSCP-a338ef4fb3c3fc7a,3,4
1,SSCP-a33f68c5ec7a1af2,3,4
1,SSCP-a34614376f11b3af,3,4
1,SSCP-a360f416ad250281,3,4
1,SSCP-a38890ca6ac3250e,3,4
1,SSCP-a39de95188bcd01e,3,4
1,SSCP-a39f73c3110113af,3,4
1,SSCP-a3d6439b441fc497,3,4
1,SSCP-a3f1ae8f42efd4da,3,4
1,SSCP-a3f719f29b139627,3,4
1,SSCP-a40101e65b6653d1,3,4
1,SSCP-a412a2d4bddc93a8,3,4
1,SSCP-a413a8e8194e8460,3,4
1,SSCP-a46728be64b7e2ae,3,4
1,SSCP-a4ac8a419fd11687,3,4
1,SSCP-a4af7c169ea90866,3,4
1,SSCP-a4be0465f39338ae,3,4
1,SSCP-a4cea69210faa495,3,4
1,SSCP-a4e29f98659ed635,3,4
1,SSCP-a5108853addcc52c,3,4
1,SSCP-a5e0ee0b3bee4606,3,4
1,SSCP-a5e4ead972ba1d4e,3,4
1,SSCP-a64740f967efcd51,3,4
1,SSCP-a6538b36308c6a2d,3,4
1,SSCP-a68d6f479629c980,3,4
1,SSCP-a6f93f70fb3ecd19,3,4
1,SSCP-a7070a6561140f9d,3,4
1,SSCP-a72c2d30ced6be31,3,4
1,SSCP-a7f1d15aebb81cde,3,4
1,SSCP-a82061073f2930d0,3,4
1,SSCP-a825c5de47867670,3,4
1,SSCP-a8532da380719c17,3,4
1,SSCP-a8567bc6ca9ac23c,3,4
1,SSCP-a8872aaac1e540fc,3,4
1,SSCP-a89fd73fc8889210,3,4
1,SSCP-a8a45b4b68fb87d4,3,4
1,SSCP-a8a4fb1fa665dc69,3,4
1,SSCP-a8acebdfada68758,3,4
1,SSCP-a9156b013e29b72d,3,4
1,SSCP-a943b15e2035d87d,3,4
1,SSCP-a98abfd3affc4c05,3,4
1,SSCP-a9f4753de74b6bcc,3,4
1,SSCP-aa5c0d59d70cd809,3,4
1,SSCP-aa6516838aad47dc,3,4
1,SSCP-aa84c5b35824cdb4,3,4
1,SSCP-ab363a44df27a2ec,3,4
1,SSCP-ab6d3b1a0bd0cf5b,3,4
1,SSCP-ab72cdb9b66d2cd9,3,4
1,SSCP-ab95e5bcf381c2e7,3,4
1,SSCP-abc699d2a49faf63,3,4
1,SSCP-abdcfaf9686c61dd,3,4
1,SSCP-ac1564636c95f72a,3,4
1,SSCP-ac362179e2635280,3,4
1,SSCP-acf00569c0eac3fa,3,4
1,SSCP-ad022cc6ea51a554,3,4
1,SSCP-ad37ab749b8d3d97,3,4
1,SSCP-ad5b3f2d4f8f53b3,3,4
1,SSCP-ad823ac21201064f,3,4
1,SSCP-ad83427ddc10cac2,3,4
1,SSCP-ade85a32256a4911,3,4
1,SSCP-ae13e7e4e17c339b,3,4
1,SSCP-ae1e0110b1a6ac16,3,4
1,SSCP-ae5dc8868a864194,3,4
1,SSCP-ae8355234abdcb1a,3,4
1,SSCP-aeb2946cff52ee23,3,4
1,SSCP-af00faf4c56a600b,3,4
1,SSCP-af65f049d202a689,3,4
1,SSCP-af8fef0e061f54a5,3,4
1,SSCP-afa6cede9beb7144,3,4
1,SSCP-affcfc3d6dfd13f4,3,4
1,SSCP-b010789f1ebcb48e,3,4
1,SSCP-b047065bbe1da368,3,4
1,SSCP-b06c58bf3fb3c97f,3,4
1,SSCP-b07ae3539ce12d9a,3,4
1,SSCP-b0fafded5f38b566,3,4
1,SSCP-b1185a16406f3eab,3,4
1,SSCP-b1613ee9d3b9cc53,3,4
1,SSCP-b1a193c43e5b448f,3,4
1,SSCP-b1c79325899ada63,3,4
1,SSCP-b211757f9dae5f27,3,4
1,SSCP-b219d1ecff50b24c,3,4
1,SSCP-b2333d1d98fe2314,3,4
1,SSCP-b271805de50f0586,3,4
1,SSCP-b29edbf0bbc2354a,3,4
1,SSCP-b2fa017aa07de22d,3,4
1,SSCP-b2fc60edfc0e1880,3,4
1,SSCP-b30c8b46e7349923,3,4
1,SSCP-b32d2f8dc6f79d49,3,4
1,SSCP-b390f0a5c131e74e,3,4
1,SSCP-b39f0d70b3b45931,3,4
1,SSCP-b3a7a3b54933844f,3,4
1,SSCP-b3b6b5be7dcea9fe,3,4
1,SSCP-b3dcd733812e60b6,3,4
1,SSCP-b3f51cf60c2c9408,3,4
1,SSCP-b3fc2c4c8c8f9c9a,3,4
1,SSCP-b4230d594cc7fc73,3,4
1,SSCP-b44f1935f4c5a23e,3,4
1,SSCP-b45dbfd66005db5f,3,4
1,SSCP-b4907e4c2a8b46c3,3,4
1,SSCP-b4cfa591855bd3db,3,4
1,SSCP-b4e5cf3885cb3b82,3,4
1,SSCP-b4f87b7456659d0b,3,4
1,SSCP-b50feb498a7c76bc,3,4
1,SSCP-b565e805b5983e0f,3,4
1,SSCP-b5b17254374ddffe,3,4
1,SSCP-b629030726d7da50,3,4
1,SSCP-b63dd4dd6e0783f5,3,4
1,SSCP-b649cdd9d989eb47,3,4
1,SSCP-b657eca362afcaba,3,4
1,SSCP-b68f7ab4465a68cb,3,4
1,SSCP-b69c5ef89dd9da9d,3,4
1,SSCP-b6c63c3b0168fa55,3,4
1,SSCP-b6d4576f01d85d32,3,4
1,SSCP-b6f798130f72ba93,3,4
1,SSCP-b7352cc49da80d1b,3,4
1,SSCP-b79a5cee218b87f7,3,4
1,SSCP-b7cf3359af309d74,3,4
1,SSCP-b7d7ca4dc10f2c65,3,4
1,SSCP-b8018f5caeccd4b2,3,4
1,SSCP-b833c1616fea6d0d,3,4
1,SSCP-b889b14a5b99669b,3,4
1,SSCP-b89f5734a8fc1ae8,3,4
1,SSCP-b8a33e379c178a01,3,4
1,SSCP-b8c14ad71c976713,3,4
1,SSCP-b8f69140b2ab94a7,3,4
1,SSCP-b9085854a6161efa,3,4
1,SSCP-b96683d071db44e9,3,4
1,SSCP-b994a18a9cc218c0,3,4
1,SSCP-b9ba20ec64664469,3,4
1,SSCP-ba451153524c13aa,3,4
1,SSCP-ba46a686dd963543,3,4
1,SSCP-ba5653c7a9f1ccd5,3,4
1,SSCP-ba980adba864b985,3,4
1,SSCP-bb1a85789267abfc,3,4
1,SSCP-bb23684629f865a5,3,4
1,SSCP-bb5dc5e9851590e6,3,4
1,SSCP-bb9438cbf4de1637,3,4
1,SSCP-bc44b60e0d383224,3,4
1,SSCP-bc5aaeba957f20bb,3,4
1,SSCP-bc68665c426c6e9d,3,4
1,SSCP-bc7953ee531e93e4,3,4
1,SSCP-bd14fefc8e583416,3,4
1,SSCP-bd8c4a181faa96a1,3,4
1,SSCP-bda9b04378fc89c7,3,4
1,SSCP-bdb43d6cb55c2269,3,4
1,SSCP-be03f8d7cbf9a3bc,3,4
1,SSCP-be5abcbea58ec0f1,3,4
1,SSCP-bf1ea35eeb354851,3,4
1,SSCP-bfc8d7e181d8eb2d,3,4
1,SSCP-bff3f40dcf06390b,3,4
1,SSCP-bff542b18b62157c,3,4
1,SSCP-bffadc1fac1563ac,3,4
1,SSCP-c035045de6fb4362,3,4
1,SSCP-c061fa4a2807b1f1,3,4
1,SSCP-c062c148f1f493d1,3,4
1,SSCP-c09f476f284a8c45,3,4
1,SSCP-c0b996c4e952136f,3,4
1,SSCP-c0da76f29a1574b7,3,4
1,SSCP-c154d30924bc439b,3,4
1,SSCP-c1714b17f0e8a0c1,3,4
1,SSCP-c17ab66022f0bba2,3,4
1,SSCP-c17cefa554bb546e,3,4
1,SSCP-c18b8cccd424a619,3,4
1,SSCP-c1a4384e3286c118,3,4
1,SSCP-c1a454e508e5d0f3,3,4
1,SSCP-c1a4ade0697819c9,3,4
1,SSCP-c1a6032afcc9b74f,3,4
1,SSCP-c1c3914e370449d5,3,4
1,SSCP-c236a04ce941a7a9,3,4
1,SSCP-c25cc36ae9f06c53,3,4
1,SSCP-c264ea38aa398186,3,4
1,SSCP-c2a2318810ee041f,3,4
1,SSCP-c321872f919f010e,3,4
1,SSCP-c3219902ce17cea4,3,4
1,SSCP-c340c2ac9eb48721,3,4
1,SSCP-c377083aec334ddd,3,4
1,SSCP-c39dcd8c85fc4690,3,4
1,SSCP-c4231af3360ae94d,3,4
1,SSCP-c4d38fa122ba6742,3,4
1,SSCP-c50006633f8fe748,3,4
1,SSCP-c5258582c5c2ff09,3,4
1,SSCP-c53e4d57a1dbb56c,3,4
1,SSCP-c56612f1b3d64d2b,3,4
1,SSCP-c596a3ae5125759c,3,4
1,SSCP-c63fb866e2f113b4,3,4
1,SSCP-c66297885f1c00e7,3,4
1,SSCP-c69a1daad963f929,3,4
1,SSCP-c6b06ded6879f585,3,4
1,SSCP-c6ffe61c36779788,3,4
1,SSCP-c7222081d9fb768f,3,4
1,SSCP-c739b4310288e7f6,3,4
1,SSCP-c73b4b43f16edd31,3,4
1,SSCP-c7a56708dab8a1bd,3,4
1,SSCP-c7be33c9fbd4bd58,3,4
1,SSCP-c7e9dc57954b9656,3,4
1,SSCP-c87f2d65c29d6282,3,4
1,SSCP-c997416a75f8e691,3,4
1,SSCP-c9df3bd3379ab458,3,4
1,SSCP-ca763f04f3923a72,3,4
1,SSCP-ca8822d25fc544f5,3,4
1,SSCP-ca9a27cf1c70f583,3,4
1,SSCP-caeede47f7872727,3,4
1,SSCP-cb066c6b737e8a1c,3,4
1,SSCP-cb66038499634c3e,3,4
1,SSCP-cba66654f43dbb2b,3,4
1,SSCP-cbc75b0909390d7b,3,4
1,SSCP-cbc961c9bbdfa62b,3,4
1,SSCP-cbd0e608f795938d,3,4
1,SSCP-cc28b3d62a5d2486,3,4
1,SSCP-cc70a9396858b94e,3,4
1,SSCP-cc9af3590503955e,3,4
1,SSCP-cce159f101583e33,3,4
1,SSCP-cd22928454ee1f75,3,4
1,SSCP-cd4a7c9d2e9d3fad,3,4
1,SSCP-cd537cf3e34944bb,3,4
1,SSCP-cd55246a348dd677,3,4
1,SSCP-cd8c43039380b6a9,3,4
1,SSCP-cdc9b2a28de4b7b5,3,4
1,SSCP-ce394e3ac46a744c,3,4
1,SSCP-ce68cfcc91912931,3,4
1,SSCP-cf1ae9aaf69e2117,3,4
1,SSCP-cf2936badf55c0f7,3,4
1,SSCP-cf4296bd71137fed,3,4
1,SSCP-cfb9930b69b9647e,3,4
1,SSCP-cffb899966613277,3,4
1,SSCP-d05ff13723ba08cd,3,4
1,SSCP-d07991a5d5cdfc0e,3,4
1,SSCP-d0839d47c2f6acd9,3,4
1,SSCP-d0ba4f13b7bf4619,3,4
1,SSCP-d0bc18f936d3cda5,3,4
1,SSCP-d0c0c845e285ff6e,3,4
1,SSCP-d0d7d01c360eed32,3,4
1,SSCP-d14ec9243f20f34d,3,4
1,SSCP-d15e656f6b850480,3,4
1,SSCP-d19b7dee5c902eaf,3,4
1,SSCP-d1dc1f8f5ae52817,3,4
1,SSCP-d1f6a23256b161d1,3,4
1,SSCP-d3389bf387eba04c,3,4
1,SSCP-d33f4ad74344b300,3,4
1,SSCP-d3429216657289db,3,4
1,SSCP-d3c19aa0ebcbb384,3,4
1,SSCP-d3e37566945a3686,3,4
1,SSCP-d46c23fd2cee76a3,3,4
1,SSCP-d4b8c2a9947d8d54,3,4
1,SSCP-d4dd818ec77663d1,3,4
1,SSCP-d5215469d28273ab,3,4
1,SSCP-d536aa41b9c9785b,3,4
1,SSCP-d5747b3b3f59f148,3,4
1,SSCP-d57ff1c642d4d0e6,3,4
1,SSCP-d5d475fda03dc575,3,4
1,SSCP-d5db8015510911d4,3,4
1,SSCP-d5dda128d91bcbc0,3,4
1,SSCP-d5dfa5fdc833cf0d,3,4
1,SSCP-d601f27c1e43a5a9,3,4
1,SSCP-d60a63f35f8d812b,3,4
1,SSCP-d67ca092a418c798,3,4
1,SSCP-d67ff1dd78e3beb6,3,4
1,SSCP-d69563c6e282ea8c,3,4
1,SSCP-d6a2a0bdaf935fd4,3,4
1,SSCP-d6f52bce0719b7ec,3,4
1,SSCP-d72f9caed86bfa4b,3,4
1,SSCP-d7770381a1e47826,3,4
1,SSCP-d79039f534e73abb,3,4
1,SSCP-d795a15dcf5371dc,3,4
1,SSCP-d79e2ea776dc5517,3,4
1,SSCP-d7a0a12e5f6358e0,3,4
1,SSCP-d862b1526cd32467,3,4
1,SSCP-d87cfae958a39961,3,4
1,SSCP-d89c76dc99e83a3f,3,4
1,SSCP-d8b4ba1e558eaac8,3,4
1,SSCP-d8e073f9035d604d,3,4
1,SSCP-d8f88e7944a3d7d0,3,4
1,SSCP-d9051db0548548b4,3,4
1,SSCP-d9136674d340a785,3,4
1,SSCP-d954879b82faa1d3,3,4
1,SSCP-d95cd4bf21096b13,3,4
1,SSCP-d9670335a6d8e48b,3,4
1,SSCP-d9b4b99bb294beba,3,4
1,SSCP-d9bfe7d5f2cedcc5,3,4
1,SSCP-d9c55aa337330b7f,3,4
1,SSCP-d9ebcf6ac9c1499f,3,4
1,SSCP-d9f2c1f001d7f508,3,4
1,SSCP-d9f6dbb9f2607bfb,3,4
1,SSCP-da0729bf0dbdf0c2,3,4
1,SSCP-da137a8b0ef1843c,3,4
1,SSCP-da5b4234e6c98d51,3,4
1,SSCP-da6a57ad201ebf2f,3,4
1,SSCP-da857c1f99610617,3,4
1,SSCP-dabcddd29962ce60,3,4
1,SSCP-dabd77691e2b6843,3,4
1,SSCP-daecf015d86714dd,3,4
1,SSCP-dafc1db328e85b9a,3,4
1,SSCP-db1c435a154d8365,3,4
1,SSCP-db2ee181e2e32d21,3,4
1,SSCP-db4936d1d825ef34,3,4
1,SSCP-db5cf29716cfba76,3,4
1,SSCP-dbf4911c3ff0ce26,3,4
1,SSCP-dc2287bbe9be2120,3,4
1,SSCP-dc3a172314f87daf,3,4
1,SSCP-dc4451decca3aefa,3,4
1,SSCP-dc9574f6b7517ae6,3,4
1,SSCP-dcdcfc8788665b45,3,4
1,SSCP-dce0a238a97a3392,3,4
1,SSCP-dd0035f94e82de17,3,4
1,SSCP-dd2512660cd23c08,3,4
1,SSCP-dd3c5e4c427acd1b,3,4
1,SSCP-dd7ca205b237c93e,3,4
1,SSCP-dd9143de6f8523ac,3,4
1,SSCP-dd920214093718d7,3,4
1,SSCP-ddae6950ee46c9c7,3,4
1,SSCP-ddbe180cb70a2290,3,4
1,SSCP-ddd66a699f7042f5,3,4
1,SSCP-de2e08c17abc8756,3,4
1,SSCP-de41e6b2614386ad,3,4
1,SSCP-de5ab7194ac16cbb,3,4
1,SSCP-de658e974fafd528,3,4
1,SSCP-ded086162e58d146,3,4
1,SSCP-df0ac5d63c9ecfd7,3,4
1,SSCP-df1f6f1bad927f6a,3,4
1,SSCP-df3d2851bf05a706,3,4
1,SSCP-df49d83e0e0e7a69,3,4
1,SSCP-df9cd44eb978d25d,3,4
1,SSCP-dfc520db39fa9cd5,3,4
1,SSCP-dfddb0bed62f6c98,3,4
1,SSCP-dfe565870a857192,3,4
1,SSCP-dffaa5501840e570,3,4
1,SSCP-e00da93fbb394177,3,4
1,SSCP-e0146caefaa58336,3,4
1,SSCP-e07c35039fb62cf1,3,4
1,SSCP-e07d150e73aae5c8,3,4
1,SSCP-e086e445ca95e941,3,4
1,SSCP-e0a37bf253eeb79b,3,4
1,SSCP-e0c0c9a7c316729a,3,4
1,SSCP-e170e794621041bc,3,4
1,SSCP-e1be8eecd0758c3d,3,4
1,SSCP-e1fc03497c2542e5,3,4
1,SSCP-e28c37f9a979debd,3,4
1,SSCP-e2f8628fcea5bcbf,3,4
1,SSCP-e32722fb2b2a6519,3,4
1,SSCP-e350ae252fa847f1,3,4
1,SSCP-e4361de50f21be38,3,4
1,SSCP-e473d5adda38f4ce,3,4
1,SSCP-e482fe9e900a92b5,3,4
1,SSCP-e4964f2abbeba8e7,3,4
1,SSCP-e504e3cb19ceb117,3,4
1,SSCP-e52791b70a24d7d1,3,4
1,SSCP-e52d8cf1d0001707,3,4
1,SSCP-e53713ccae62b771,3,4
1,SSCP-e5bc90e83e0472bb,3,4
1,SSCP-e5e124634917ddb0,3,4
1,SSCP-e5fa9d6831093293,3,4
1,SSCP-e5fd0392c26dec78,3,4
1,SSCP-e621baddf9d0aa1e,3,4
1,SSCP-e6241479dd909b9c,3,4
1,SSCP-e627611c9b6aeba4,3,4
1,SSCP-e63196979eec2fff,3,4
1,SSCP-e6944f61f3e7b5c0,3,4
1,SSCP-e6c5219964bb92e3,3,4
1,SSCP-e6d996b9d1b84629,3,4
1,SSCP-e718a27d244f6f24,3,4
1,SSCP-e7523986bcd9cb09,3,4
1,SSCP-e756b20919011c6e,3,4
1,SSCP-e7b3c3f30b5ef459,3,4
1,SSCP-e7bba3546fe6f226,3,4
1,SSCP-e80e82ec664e097d,3,4
1,SSCP-e830a02156c889f1,3,4
1,SSCP-e89dd4b4b5c39dd3,3,4
1,SSCP-e9027f55a4378c69,3,4
1,SSCP-e929b12fed4495ce,3,4
1,SSCP-e92b0dc487c3507c,3,4
1,SSCP-e98f9717872c31c8,3,4
1,SSCP-e9aee796de3f16b8,3,4
1,SSCP-ea019b51b874bec7,3,4
1,SSCP-ea78c17d6510739a,3,4
1,SSCP-ea7ca91deac6154f,3,4
1,SSCP-ea8e2edef8c18103,3,4
1,SSCP-eacab584b9e832dc,3,4
1,SSCP-eae77cfbcfb28ea8,3,4
1,SSCP-eaed04f8ecf9beea,3,4
1,SSCP-eb0a83e384fcf105,3,4
1,SSCP-eb3ae41327f1b66b,3,4
1,SSCP-eb54b7c076eda1a4,3,4
1,SSCP-eb9e678e97f2eab1,3,4
1,SSCP-eba3aa358d1b1410,3,4
1,SSCP-ebda490c4256b52b,3,4
1,SSCP-ec2c5dde275d8769,3,4
1,SSCP-ec31679a58f660a1,3,4
1,SSCP-ecb5a069605a1719,3,4
1,SSCP-ecea21c29ebc39cd,3,4
1,SSCP-ecfcaceb944571a7,3,4
1,SSCP-ed72b0067d270e57,3,4
1,SSCP-ed8166faf05b7c59,3,4
1,SSCP-ed921128bd97a919,3,4
1,SSCP-edab51c1f1609956,3,4
1,SSCP-edbfa56ba4233653,3,4
1,SSCP-edd1d9b82d7bed21,3,4
1,SSCP-ede26c7e8acdbb6f,3,4
1,SSCP-ee02249232c502e7,3,4
1,SSCP-ee1a3abbe7b586b1,3,4
1,SSCP-ee38feb24a5cf2b2,3,4
1,SSCP-ee4da9e98f0d02ca,3,4
1,SSCP-ee5eccb8a2254c88,3,4
1,SSCP-ee7ae221e9a624c9,3,4
1,SSCP-ee9c3b3ffbfc80d6,3,4
1,SSCP-eedfdbaf90d702d9,3,4
1,SSCP-ef42516076c53c61,3,4
1,SSCP-ef4915bc6369fba0,3,4
1,SSCP-f04ccf4d279abb46,3,4
1,SSCP-f0b1e8f1e839dd19,3,4
1,SSCP-f0d1a17a6e5c4bc2,3,4
1,SSCP-f0e36f1804d3c3e9,3,4
1,SSCP-f14064207d4cc877,3,4
1,SSCP-f18d1465b941d1a7,3,4
1,SSCP-f19aee5670456402,3,4
1,SSCP-f1a2ac2c6b96b407,3,4
1,SSCP-f1b7621009b55865,3,4
1,SSCP-f1d49beeb0166014,3,4
1,SSCP-f1d4daaea9240ec7,3,4
1,SSCP-f228c1f261c7e525,3,4
1,SSCP-f24beae95f236cdb,3,4
1,SSCP-f31e9b483a3393de,3,4
1,SSCP-f3204d149be7e008,3,4
1,SSCP-f34feb52c26c9c61,3,4
1,SSCP-f3a50cbf78cb3e61,3,4
1,SSCP-f3a88b4b0caa9cac,3,4
1,SSCP-f3c2b8ac264e5316,3,4
1,SSCP-f3c7a592f5c3e013,3,4
1,SSCP-f3cae26c9cba6375,3,4
1,SSCP-f478b5e613fe8f27,3,4
1,SSCP-f48e7e7bbb41cd39,3,4
1,SSCP-f4b27d3f7b845d4a,3,4
1,SSCP-f4e55b501e8624c7,3,4
1,SSCP-f549da74be9ffadc,3,4
1,SSCP-f55cde32a831e71f,3,4
1,SSCP-f58f78bd36a39e56,3,4
1,SSCP-f595ea4364101471,3,4
1,SSCP-f5f128cd5e23306a,3,4
1,SSCP-f66b0eaf80f4c847,3,4
1,SSCP-f67f5a3029c8bb10,3,4
1,SSCP-f680b30e83c951be,3,4
1,SSCP-f682bb5c9871d953,3,4
1,SSCP-f6877187efd0505b,3,4
1,SSCP-f69e7540c4a98c90,3,4
1,SSCP-f6ae95b2e3de1a51,3,4
1,SSCP-f6b90ef5c321e4a2,3,4
1,SSCP-f6ceb0f9da6734d9,3,4
1,SSCP-f707e61e5783d0de,3,4
1,SSCP-f70dd8b4eea2557e,3,4
1,SSCP-f71840f1a7198f80,3,4
1,SSCP-f756603d1849722a,3,4
1,SSCP-f77d86cb9d54ea6f,3,4
1,SSCP-f7ac1b5da5b1a000,3,4
1,SSCP-f7d8aa1f9fa534db,3,4
1,SSCP-f7f08fbadc07e0c9,3,4
1,SSCP-f7f426af6eea6fb7,3,4
1,SSCP-f83c854f1663efd3,3,4
1,SSCP-f844ae05e69b0d85,3,4
1,SSCP-f85f125bb46df07a,3,4
1,SSCP-f88556e5d56cbda8,3,4
1,SSCP-f8902246fb89d425,3,4
1,SSCP-f8a63fecd8343901,3,4
1,SSCP-f8aced3489a6acd0,3,4
1,SSCP-f8b2e9e035c1cacf,3,4
1,SSCP-f8cc98dbcd227ad7,3,4
1,SSCP-f8f7a15bed98190c,3,4
1,SSCP-f9abd17f5762030f,3,4
1,SSCP-f9ae7fd0d9f43377,3,4
1,SSCP-f9f5d578ede9fc20,3,4
1,SSCP-fa66a1a8852d09ab,3,4
1,SSCP-fa6c3581351506e9,3,4
1,SSCP-fa849b09a53f8b80,3,4
1,SSCP-faa5ef120003cc81,3,4
1,SSCP-fb0211f8e3e0cf00,3,4
1,SSCP-fb271b8d2e1a1bb4,3,4
1,SSCP-fb6163d809fe2c85,3,4
1,SSCP-fb803af6c7960b05,3,4
1,SSCP-fb81fe31ce28d59e,3,4
1,SSCP-fbce4b7641e4a300,3,4
1,SSCP-fc059eb7b1196d71,3,4
1,SSCP-fc2fd179ff6dc3df,3,4
1,SSCP-fc54ee4c18bec4c5,3,4
1,SSCP-fc7493a9f8f0522f,3,4
1,SSCP-fcb98941771c5ba2,3,4
1,SSCP-fce8516877472c4d,3,4
1,SSCP-fd70e3c664a640e5,3,4
1,SSCP-fda21c75b8d5da75,3,4
1,SSCP-fdac4a49ab7a847e,3,4
1,SSCP-fde4475d0dcd8904,3,4
1,SSCP-fe3e6dab254bf12c,3,4
1,SSCP-fe8943c3d13216f0,3,4
1,SSCP-febd8a5c2314fbda,3,4
1,SSCP-ff40911a1ef8134c,3,4
1,SSCP-ff45d99a4d248c36,3,4
1,SSCP-ff4c44f55c26c6cf,3,4
1,SSCP-ffa54bca764709d6,3,4
1,SSCP-ffdcccb2614725bf,3,4
1,SSCP-fff8960c5a94e377,3,4
1,SSCP-fffb1bccdb873763,3,4
1,SSCP-000a8487e899bcf7,4,5
1,SSCP-007348f537c8cd4c,4,5
1,SSCP-00e6d7a813501019,4,5
1,SSCP-012a04013c75aeae,4,5
1,SSCP-0178084d0982157e,4,5
1,SSCP-0195d2c0149d8fbe,4,5
1,SSCP-01f3c1fb2225263f,4,5
1,SSCP-02a9240ec061d409,4,5
1,SSCP-03ef7e8421b15193,4,5
1,SSCP-0420624ef0aa5971,4,5
1,SSCP-045d41daeb6d46db,4,5
1,SSCP-046379d562230719,4,5
1,SSCP-0472de082a9451c8,4,5
1,SSCP-04ecbe67e4e29207,4,5
1,SSCP-052e7e14abe650a0,4,5
1,SSCP-056821a4fe54c29c,4,5
1,SSCP-0590a53afae2032c,4,5
1,SSCP-059f2a445638405e,4,5
1,SSCP-05bf366e069e42b5,4,5
1,SSCP-05d8dc068f3de20f,4,5
1,SSCP-05fe2a123398dfce,4,5
1,SSCP-0628fb7999339112,4,5
1,SSCP-0637149104dba432,4,5
1,SSCP-06875e0a7bc3b675,4,5
1,SSCP-06fdb414354a6559,4,5
1,SSCP-0776231342bc71de,4,5
1,SSCP-07b96e40456e1812,4,5
1,SSCP-07d538a3edeb9524,4,5
1,SSCP-0857e087716c11e2,4,5
1,SSCP-08b41f9853dc92ef,4,5
1,SSCP-095d741d63c4dc3b,4,5
1,SSCP-096c4e50e0d72c1c,4,5
1,SSCP-097d9a3fd3c1b4dd,4,5
1,SSCP-09c5bd0cfb48b18f,4,5
1,SSCP-09fef344e7d5b6fd,4,5
1,SSCP-0a07efacba4e847f,4,5
1,SSCP-0a24681204dae2bf,4,5
1,SSCP-0a3b8b3700b2a40f,4,5
1,SSCP-0a3bc1d9870db6af,4,5
1,SSCP-0a631805f3778369,4,5
1,SSCP-0aba96b3dfa8e09e,4,5
1,SSCP-0b2bd45f7ec78b87,4,5
1,SSCP-0b4f5b98e5659c9b,4,5
1,SSCP-0b650dcb3531e6d8,4,5
1,SSCP-0b86b22611e51d69,4,5
1,SSCP-0b88eab868b3ec52,4,5
1,SSCP-0ba034cc597940ad,4,5
1,SSCP-0ba7eda71d0b6576,4,5
1,SSCP-0c23108d96ee7a80,4,5
1,SSCP-0c63808ee37be37c,4,5
1,SSCP-0c7deba2c1bc39cf,4,5
1,SSCP-0d20de49fd557b9d,4,5
1,SSCP-0d72277ea37da3dd,4,5
1,SSCP-0dd195aaf68222f6,4,5
1,SSCP-0e243233d07cbc4a,4,5
1,SSCP-0e2f86d6e58157ce,4,5
1,SSCP-0e45fe7b2e0ad61a,4,5
1,SSCP-0e767c311bf19a07,4,5
1,SSCP-0e956b7fc189afb3,4,5
1,SSCP-0eb7d4a6c2758004,4,5
1,SSCP-0ecdb255f5eec3c9,4,5
1,SSCP-0ed4f68efc98a2d5,4,5
1,SSCP-0eeb161b93702a6b,4,5
1,SSCP-0f0f6c3ba262e105,4,5
1,SSCP-0f657fdb83f94d10,4,5
1,SSCP-0f8aef4dd9f311c9,4,5
1,SSCP-0f93670f5dc3d3fa,4,5
1,SSCP-0fa05d4c44a34de6,4,5
1,SSCP-0faa7be070dc080a,4,5
1,SSCP-0fd03ed3d87e1de1,4,5
1,SSCP-101a2287cff5ad90,4,5
1,SSCP-102dd3b66d500791,4,5
1,SSCP-1032695c720e3fbe,4,5
1,SSCP-10a0199f971cfb25,4,5
1,SSCP-10a54d2d885a594a,4,5
1,SSCP-10a74b4b70cd6f68,4,5
1,SSCP-11021d9b48ee8a2e,4,5
1,SSCP-112bd768ca7e0e95,4,5
1,SSCP-114a48b4784f71af,4,5
1,SSCP-119b9574e3bd25d1,4,5
1,SSCP-11b262b2cc0d97ca,4,5
1,SSCP-11e85fd72faf21cb,4,5
1,SSCP-123ce6847f4910ce,4,5
1,SSCP-129c38af1b9b2e91,4,5
1,SSCP-12c4af19e6b3d3fd,4,5
1,SSCP-12d1e0b6061e64ce,4,5
1,SSCP-12e7fc2d85e3f212,4,5
1,SSCP-12f05d2962130584,4,5
1,SSCP-12f930c47fabcecf,4,5
1,SSCP-13096096237cb762,4,5
1,SSCP-131b5d7979b7b83c,4,5
1,SSCP-1350f1660729dda3,4,5
1,SSCP-13cb2ce8d7db8f76,4,5
1,SSCP-1434d13fe352b634,4,5
1,SSCP-144308cbfca1e3e5,4,5
1,SSCP-147cd6a6f73603de,4,5
1,SSCP-148d7233cdef4cfd,4,5
1,SSCP-1495c8d62dcea1b0,4,5
1,SSCP-14b7a6415f9e5eed,4,5
1,SSCP-14be4520bef42260,4,5
1,SSCP-1508847564d3f1b5,4,5
1,SSCP-1559d803865ab3cf,4,5
1,SSCP-157b52429480b02f,4,5
1,SSCP-158432da82bc6b63,4,5
1,SSCP-158a371554e71f14,4,5
1,SSCP-15b78ba72a507bbc,4,5
1,SSCP-15c3c5c36da37c7e,4,5
1,SSCP-15c7c26c6b3f3a70,4,5
1,SSCP-1656e8697d948be1,4,5
1,SSCP-16682a56c0d2b428,4,5
1,SSCP-16688701c2be1cb6,4,5
1,SSCP-16a160642ae0a2e1,4,5
1,SSCP-16dbda1594790d6a,4,5
1,SSCP-17048ce5f13be66c,4,5
1,SSCP-1732036334502763,4,5
1,SSCP-177e52dbaa5cc103,4,5
1,SSCP-17d9605d5958d6a4,4,5
1,SSCP-18137560148a183a,4,5
1,SSCP-1827de14c8d4b523,4,5
1,SSCP-182aa0c3e9484626,4,5
1,SSCP-1856e278a6066d04,4,5
1,SSCP-187c7b1e2a7331ea,4,5
1,SSCP-18d997639226886d,4,5
1,SSCP-194dc0740ec1d415,4,5
1,SSCP-195df84fa8b16e4a,4,5
1,SSCP-1963a27df2adcaa1,4,5
1,SSCP-19698cbdb6ad2623,4,5
1,SSCP-199640d375def1fb,4,5
1,SSCP-19dfd3216b2de027,4,5
1,SSCP-19e4231d1da1f0b4,4,5
1,SSCP-19f9b96bae6ee55f,4,5
1,SSCP-1a2907a48a1ad9ef,4,5
1,SSCP-1a82836fa6d9b122,4,5
1,SSCP-1a898ee0242c4476,4,5
1,SSCP-1aa035f798c5acbe,4,5
1,SSCP-1aa5244b95b0e468,4,5
1,SSCP-1add889a9822e8e0,4,5
1,SSCP-1b1fbd497a01653d,4,5
1,SSCP-1b3c58d0f7beb081,4,5
1,SSCP-1b54aad93e1f5a79,4,5
1,SSCP-1b5d7eb8251cec3b,4,5
1,SSCP-1bc09a2a55ae07c8,4,5
1,SSCP-1bec4fbe5f08222d,4,5
1,SSCP-1c46f0d290a69dfe,4,5
1,SSCP-1c79bf59e457aeb2,4,5
1,SSCP-1c8cd3c32d783a26,4,5
1,SSCP-1cb9de1b65ac95f1,4,5
1,SSCP-1cc8179b3992e263,4,5
1,SSCP-1da2b070e4df8198,4,5
1,SSCP-1e63839bcca65d68,4,5
1,SSCP-1eb826f5ffcccc5f,4,5
1,SSCP-1ec70057bafdace8,4,5
1,SSCP-1efb80dc1d11fe23,4,5
1,SSCP-1f0d28b79b71b70d,4,5
1,SSCP-1f167b840dc6f7d8,4,5
1,SSCP-1f74204d2caea14a,4,5
1,SSCP-1f8d969126aecc77,4,5
1,SSCP-1f9366cc7254b1c7,4,5
1,SSCP-1ffbf190d67c5537,4,5
1,SSCP-1ffdb4ec5f881777,4,5
1,SSCP-2071af5408ad12b7,4,5
1,SSCP-208613386d693081,4,5
1,SSCP-209c26f7b402d310,4,5
1,SSCP-209ec38a00cab2bc,4,5
1,SSCP-21138e53decb5773,4,5
1,SSCP-21151fccfa01a7b9,4,5
1,SSCP-211881ba834a8812,4,5
1,SSCP-21238b34620d959b,4,5
1,SSCP-2126ae7343307a4f,4,5
1,SSCP-214052f473b487bf,4,5
1,SSCP-2143f36afdd1ab7f,4,5
1,SSCP-2167e9e45aa0e460,4,5
1,SSCP-21b17ba1eb901efe,4,5
1,SSCP-21cd951809751f89,4,5
1,SSCP-2221d68f25e09bde,4,5
1,SSCP-222693c5d2c2ace5,4,5
1,SSCP-22298ec3451d9ca9,4,5
1,SSCP-2263b8fc5cb3fb8d,4,5
1,SSCP-22c89ea2777d4e9b,4,5
1,SSCP-22d03a76581c2e45,4,5
1,SSCP-22f97cc58c0764f2,4,5
1,SSCP-230e8decd1a50b7a,4,5
1,SSCP-2338dc76fbe318c3,4,5
1,SSCP-2342b12270ecd3b0,4,5
1,SSCP-235e5760c48f565f,4,5
1,SSCP-23d0f7dba84e6719,4,5
1,SSCP-23eec8b90f8070b8,4,5
1,SSCP-244add395e6d79ed,4,5
1,SSCP-247fe1dfe4792cc0,4,5
1,SSCP-24825271c9e97bfd,4,5
1,SSCP-2491ef44d1a39e7e,4,5
1,SSCP-24bbd872a875f61c,4,5
1,SSCP-252773d85b72ae6a,4,5
1,SSCP-253352bdd363ad14,4,5
1,SSCP-253baa2fcc363fb5,4,5
1,SSCP-2602db4ec319e199,4,5
1,SSCP-2608f736bc5126bd,4,5
1,SSCP-261d9a5e40117a5d,4,5
1,SSCP-262672854eabff8a,4,5
1,SSCP-2661382902887702,4,5
1,SSCP-269934391700578c,4,5
1,SSCP-26b5aa987c0c0fae,4,5
1,SSCP-26dc33af81d76cc2,4,5
1,SSCP-26e09f60bf94274b,4,5
1,SSCP-26fa47761fd002ca,4,5
1,SSCP-271e181ea0283a84,4,5
1,SSCP-27389493c13f326b,4,5
1,SSCP-274168de359f8b2b,4,5
1,SSCP-275380981594e871,4,5
1,SSCP-275a56ad9554c034,4,5
1,SSCP-276bcc8bd56a32fb,4,5
1,SSCP-27a30cff7573feae,4,5
1,SSCP-27d33ef32bbcc06e,4,5
1,SSCP-27d502ea762ad20b,4,5
1,SSCP-27da00534c8ba96a,4,5
1,SSCP-27eb3554c4eda60a,4,5
1,SSCP-2805d818397133d3,4,5
1,SSCP-280e494611178cc1,4,5
1,SSCP-28329eeae2a0bd0f,4,5
1,SSCP-287b3f41e3323074,4,5
1,SSCP-28c8731be918f22c,4,5
1,SSCP-28d772a64cffbba7,4,5
1,SSCP-28dfe6429dd7ee2c,4,5
1,SSCP-29130527bb629d83,4,5
1,SSCP-29a2b41fae6d83c0,4,5
1,SSCP-29ac37051bd9af5c,4,5
1,SSCP-2a6bc45d082bc47f,4,5
1,SSCP-2a7808d8f7b00f64,4,5
1,SSCP-2ae6b7eb5c7aae57,4,5
1,SSCP-2b1a5d0644bc0388,4,5
1,SSCP-2b3a9612df80fbdc,4,5
1,SSCP-2b5badc6fc08abc1,4,5
1,SSCP-2b63ffcaa25b3f3c,4,5
1,SSCP-2bfdc7d2e5cd7d70,4,5
1,SSCP-2c89717179d040ba,4,5
1,SSCP-2ca8c4de23324d9d,4,5
1,SSCP-2cecc99a05883e94,4,5
1,SSCP-2d55dce805613683,4,5
1,SSCP-2d6e6ff476e7accf,4,5
1,SSCP-2d742561cd05685d,4,5
1,SSCP-2d7a501fcc63366b,4,5
1,SSCP-2d9e7fc936e02bb1,4,5
1,SSCP-2dc593fd1b26b8c9,4,5
1,SSCP-2dcc1b7c22914743,4,5
1,SSCP-2e63bb5c172a8ce7,4,5
1,SSCP-2e95325015b53757,4,5
1,SSCP-2ed32d464d39e7f8,4,5
1,SSCP-2ef24368d17ee119,4,5
1,SSCP-2efa3dc5edc42915,4,5
1,SSCP-2f3130ed4bc1ae73,4,5
1,SSCP-2f6b32872458678d,4,5
1,SSCP-2fa6a6c911f02949,4,5
1,SSCP-2fb474b8823d0971,4,5
1,SSCP-2fbac43748bf9954,4,5
1,SSCP-3005a16b2fff6a15,4,5
1,SSCP-3035323b4a813863,4,5
1,SSCP-30b08524d94c9200,4,5
1,SSCP-30d087696e1475e3,4,5
1,SSCP-30fc56db15b0a04e,4,5
1,SSCP-313799747320c4f1,4,5
1,SSCP-315d69aba674efd0,4,5
1,SSCP-3176e61b89ee1b91,4,5
1,SSCP-31ddc31bafcacc86,4,5
1,SSCP-31ef99f32e580589,4,5
1,SSCP-32105c3f12f92f5b,4,5
1,SSCP-32359cba8fc72bd3,4,5
1,SSCP-323ab0bc177d428c,4,5
1,SSCP-326bf32a8abd9221,4,5
1,SSCP-32759f359a99fe16,4,5
1,SSCP-329b71999461e9ea,4,5
1,SSCP-32adfebda70c5e4e,4,5
1,SSCP-330cf5c2e70abe25,4,5
1,SSCP-339693bf35df21b8,4,5
1,SSCP-33f7e68cf8ae94fb,4,5
1,SSCP-341228b4d5eee3b0,4,5
1,SSCP-34296176fe1a5e40,4,5
1,SSCP-34454abe4c8fcba7,4,5
1,SSCP-35f1517c4f1f069b,4,5
1,SSCP-35fecc5040916b5a,4,5
1,SSCP-3645fc5e1f6ea090,4,5
1,SSCP-369a256163ac5314,4,5
1,SSCP-3704f22caef55951,4,5
1,SSCP-3705c319711049a6,4,5
1,SSCP-372f2fedcc2930ff,4,5
1,SSCP-3784b8b98a0afcb0,4,5
1,SSCP-37a23ea3bf1a457d,4,5
1,SSCP-37b049cecc9b4de5,4,5
1,SSCP-37e25334288a6f48,4,5
1,SSCP-37ed0dd70944751f,4,5
1,SSCP-37eef880bf9e20ef,4,5
1,SSCP-386f108ce2dd4cb8,4,5
1,SSCP-3874367417008673,4,5
1,SSCP-388d5b0879594714,4,5
1,SSCP-38e800b856223d0c,4,5
1,SSCP-39a57b5281b86a53,4,5
1,SSCP-39abad56461551d2,4,5
1,SSCP-39e13e8223888b10,4,5
1,SSCP-3a08e589cb1212af,4,5
1,SSCP-3a453fa32b6952d1,4,5
1,SSCP-3a65a6cb70432122,4,5
1,SSCP-3ad1723078d06d7c,4,5
1,SSCP-3ad3cd5b9a36410c,4,5
1,SSCP-3b2cd1d1482cad9f,4,5
1,SSCP-3b6ddeea41acdd11,4,5
1,SSCP-3b9c8e89274a3d57,4,5
1,SSCP-3bb56fe49492bffb,4,5
1,SSCP-3bdc59bd8f8fc7d5,4,5
1,SSCP-3c1c8bb37b53625a,4,5
1,SSCP-3c34893cc90898cc,4,5
1,SSCP-3c5e4401714b9812,4,5
1,SSCP-3cabb3058d3ab869,4,5
1,SSCP-3d41c31391d3a1e8,4,5
1,SSCP-3df7609591ff289c,4,5
1,SSCP-3e414ded84606bf8,4,5
1,SSCP-3e7aa53bdb2cd879,4,5
1,SSCP-3e91900a319c598d,4,5
1,SSCP-3e99639f52edc458,4,5
1,SSCP-3e9fdddbb44d4202,4,5
1,SSCP-3ee384005f22208c,4,5
1,SSCP-3f05651c7e6a4417,4,5
1,SSCP-3f64a5eb309880da,4,5
1,SSCP-3fa77592229bde74,4,5
1,SSCP-400247b4b92fa930,4,5
1,SSCP-40196bdfa9668283,4,5
1,SSCP-4026f878f72b5f26,4,5
1,SSCP-405e33ec95790432,4,5
1,SSCP-415cfcb196fb13c1,4,5
1,SSCP-418bed398b4292c7,4,5
1,SSCP-41a984b3b48c35ec,4,5
1,SSCP-41d6081694c7e00e,4,5
1,SSCP-41e663561180009c,4,5
1,SSCP-42355c8d90c78c45,4,5
1,SSCP-42d0168719f4ca76,4,5
1,SSCP-42d3177ef418c584,4,5
1,SSCP-431860e6387e2c74,4,5
1,SSCP-43306c8295893bd0,4,5
1,SSCP-4360ec8effdcd383,4,5
1,SSCP-437268e8d1e3511c,4,5
1,SSCP-43802487365f4f1c,4,5
1,SSCP-43e3ecaa0d6d10f5,4,5
1,SSCP-43faf9da4a22c3a2,4,5
1,SSCP-440672dc6770aee7,4,5
1,SSCP-44d1f854ec7e0776,4,5
1,SSCP-44e9769318b1b045,4,5
1,SSCP-452228a7a8d73b8d,4,5
1,SSCP-4560c0dfd38315fd,4,5
1,SSCP-457da9fdb9bc0c37,4,5
1,SSCP-45c52364343205a9,4,5
1,SSCP-461056b66222bc05,4,5
1,SSCP-463a48ba30f26b22,4,5
1,SSCP-464bfdcd2ddfa3af,4,5
1,SSCP-466086d3c4137939,4,5
1,SSCP-46cdb6bfdac5ce90,4,5
1,SSCP-46d69aa1f635fc04,4,5
1,SSCP-46da2cb3259e9ebb,4,5
1,SSCP-47311ad5ebd7e685,4,5
1,SSCP-474ec6e17ae786ce,4,5
1,SSCP-4751967b5e948fdd,4,5
1,SSCP-47bceeb5ec45085b,4,5
1,SSCP-483069868617c329,4,5
1,SSCP-4864890b8c3d29d3,4,5
1,SSCP-4883df9b49561b8d,4,5
1,SSCP-48895c15ec7caa7c,4,5
1,SSCP-48b14b212b1deb6b,4,5
1,SSCP-48df8ff7d5a5a153,4,5
1,SSCP-48eb032b2699e755,4,5
1,SSCP-48ef18bcad775f4c,4,5
1,SSCP-48fd3db342334cb2,4,5
1,SSCP-49044fc132d69a36,4,5
1,SSCP-494b683b55446df0,4,5
1,SSCP-49516ed74be7e212,4,5
1,SSCP-49bcd950c69085e4,4,5
1,SSCP-49e241d17209b471,4,5
1,SSCP-49ee8f86f611a55b,4,5
1,SSCP-49fb2d2785328899,4,5
1,SSCP-4a62ce6d07bb5dda,4,5
1,SSCP-4aa385b3816ede41,4,5
1,SSCP-4aab0c698e5ff887,4,5
1,SSCP-4ae43dad9087f8d7,4,5
1,SSCP-4b031ff032196b75,4,5
1,SSCP-4b12f74c7c41ede5,4,5
1,SSCP-4b410ac397262ae6,4,5
1,SSCP-4b823e05acf82e3f,4,5
1,SSCP-4b97acbffaec6aeb,4,5
1,SSCP-4c12c684c6ccd357,4,5
1,SSCP-4c2114c8424aa6f4,4,5
1,SSCP-4ca6d2c6738f82d7,4,5
1,SSCP-4caaf492134f90ea,4,5
1,SSCP-4ce17de81212f681,4,5
1,SSCP-4d063e9a5f27989f,4,5
1,SSCP-4d2081071953accb,4,5
1,SSCP-4d721467b4ef3aaa,4,5
1,SSCP-4d8142a46bc59c4d,4,5
1,SSCP-4d84bbe15d357ee0,4,5
1,SSCP-4da7a29b9727d7c2,4,5
1,SSCP-4dab09122ebea75d,4,5
1,SSCP-4ddc72d6c07b0403,4,5
1,SSCP-4e0545d0404d2f11,4,5
1,SSCP-4e3358b8eb61c9c4,4,5
1,SSCP-4e5582a6aa4fc6c2,4,5
1,SSCP-4eaf05eb65c6056c,4,5
1,SSCP-4f4dbb75b8643656,4,5
1,SSCP-4f6bf77c46c230c1,4,5
1,SSCP-4f807c108abdc2fb,4,5
1,SSCP-4fb0f43c8a15f60e,4,5
1,SSCP-4fb269295acdfe86,4,5
1,SSCP-4fc9042246c66758,4,5
1,SSCP-5004bf60903ab12c,4,5
1,SSCP-5051c14968bb6229,4,5
1,SSCP-506056a6dd93d211,4,5
1,SSCP-508ed943452a57c1,4,5
1,SSCP-50b0fb9a6e133dd5,4,5
1,SSCP-50dc292758f67529,4,5
1,SSCP-515bba62b2c4e272,4,5
1,SSCP-516b382936727bf4,4,5
1,SSCP-51de1d38f5c24825,4,5
1,SSCP-51eac6b95c73df06,4,5
1,SSCP-51f0114d0c2d42d3,4,5
1,SSCP-530c4bafbdaf78df,4,5
1,SSCP-531e49bd013a4185,4,5
1,SSCP-5336768e0a0733e6,4,5
1,SSCP-534b0e2075ea9b4a,4,5
1,SSCP-53765197110d7c42,4,5
1,SSCP-53e9ba0dcc44c7ab,4,5
1,SSCP-5412ce3ce6cafbd7,4,5
1,SSCP-541ad98f362df99c,4,5
1,SSCP-542679e257223de6,4,5
1,SSCP-543069be1cafd0e9,4,5
1,SSCP-543e04626ba18aad,4,5
1,SSCP-546ec343d0340ce9,4,5
1,SSCP-54b6b1a7d73ab40e,4,5
1,SSCP-54be08e588e1ba33,4,5
1,SSCP-54da73c4a8b8ff35,4,5
1,SSCP-54e16d1f1e66ce8b,4,5
1,SSCP-553d2106b50b4c5a,4,5
1,SSCP-5570df2f4c7866e9,4,5
1,SSCP-5572d4dc92f662bc,4,5
1,SSCP-558004fad87b20a4,4,5
1,SSCP-55b5999781d224cf,4,5
1,SSCP-55c1f363a76ab7d3,4,5
1,SSCP-55decc3a0af9417d,4,5
1,SSCP-569789a7b642526a,4,5
1,SSCP-56a90d40d596437c,4,5
1,SSCP-56f1ca0e26714339,4,5
1,SSCP-57053cfe11f91cea,4,5
1,SSCP-5757811292c53893,4,5
1,SSCP-57ab6282f7092fb8,4,5
1,SSCP-57b22fe0d151727b,4,5
1,SSCP-57cc0a1b512a3a03,4,5
1,SSCP-57e8b0cfe9d43dd1,4,5
1,SSCP-5804529825a9f2e3,4,5
1,SSCP-580559549124cd38,4,5
1,SSCP-58230e43e72ba347,4,5
1,SSCP-58b6f12e814c2487,4,5
1,SSCP-58e253e49db57b51,4,5
1,SSCP-5905e55f40c5606f,4,5
1,SSCP-59fc706772f8e6ca,4,5
1,SSCP-5a47a71edb04b537,4,5
1,SSCP-5ab591a503159e72,4,5
1,SSCP-5abbda2936b9315e,4,5
1,SSCP-5ac1b0f875737c4c,4,5
1,SSCP-5ae41fe25937c803,4,5
1,SSCP-5afe603c0db3f894,4,5
1,SSCP-5baa6e4b70e0752b,4,5
1,SSCP-5c0d3a7cc0c41f49,4,5
1,SSCP-5c323646440ddd27,4,5
1,SSCP-5c4e032279f8dd14,4,5
1,SSCP-5c625e1c356673de,4,5
1,SSCP-5c9f6645fc6f0572,4,5
1,SSCP-5cb131f0ab7a0484,4,5
1,SSCP-5ce426975532a744,4,5
1,SSCP-5d2a65cf16aa2172,4,5
1,SSCP-5d73be0d677fbb17,4,5
1,SSCP-5d763337fb01aeff,4,5
1,SSCP-5d7a26d81b0a5456,4,5
1,SSCP-5e4cb428805fcd32,4,5
1,SSCP-5eaed177af9078f0,4,5
1,SSCP-5eb7a09b83f44039,4,5
1,SSCP-5ed9b6d199685c34,4,5
1,SSCP-5f22be2a68d5d005,4,5
1,SSCP-5f2b61ef60e2058d,4,5
1,SSCP-5f54404742af814b,4,5
1,SSCP-5fcb807ff6b26a83,4,5
1,SSCP-5fdcc3c5adbc2940,4,5
1,SSCP-5ffce261366cf706,4,5
1,SSCP-600e1364263c71f0,4,5
1,SSCP-602d68b6ed725055,4,5
1,SSCP-6034c0bae76ae84c,4,5
1,SSCP-604e5c3fa9bcf3bf,4,5
1,SSCP-60a85537d4556725,4,5
1,SSCP-60dbc5a97b8de07a,4,5
1,SSCP-60fe2b4dab710abd,4,5
1,SSCP-61820f92c5133ca0,4,5
1,SSCP-61bbc0abf2946e17,4,5
1,SSCP-61de5345a4537c0d,4,5
1,SSCP-6211af663f17a94c,4,5
1,SSCP-6237683eeb8c9922,4,5
1,SSCP-624ad8832ec0ee27,4,5
1,SSCP-6252d43187d67efb,4,5
1,SSCP-62836763b92ba7cc,4,5
1,SSCP-6288324ec0ec552a,4,5
1,SSCP-62e30df976813aee,4,5
1,SSCP-6320810e6ff83dd6,4,5
1,SSCP-63481d7bd286232a,4,5
1,SSCP-63545826f07a253c,4,5
1,SSCP-63879d642b80250b,4,5
1,SSCP-638b4ea5a57d7bac,4,5
1,SSCP-63a14adabc14c7cf,4,5
1,SSCP-63a26bdc2af4cd26,4,5
1,SSCP-63af43990739f5a5,4,5
1,SSCP-63b378490b58d4c8,4,5
1,SSCP-63f3de8d7cd8eddd,4,5
1,SSCP-644ad211c1219554,4,5
1,SSCP-645f1165c64e5a6b,4,5
1,SSCP-64aad4c0177d79c1,4,5
1,SSCP-65190655ed61d975,4,5
1,SSCP-656970636682393b,4,5
1,SSCP-65883bf3a6f95637,4,5
1,SSCP-65c60471a443152b,4,5
1,SSCP-6630a5c4e4c1f29f,4,5
1,SSCP-66420910d7b0de3e,4,5
1,SSCP-668162a9dc5d5521,4,5
1,SSCP-668205a81fb093b8,4,5
1,SSCP-66c208e5267d0861,4,5
1,SSCP-66ce401a42f9803a,4,5
1,SSCP-67028a47e680cd2d,4,5
1,SSCP-67206e0416f18044,4,5
1,SSCP-6735ae1d9a33797c,4,5
1,SSCP-677dc49ade059e75,4,5
1,SSCP-679a41a04c44933e,4,5
1,SSCP-67bfd0371c44f9b1,4,5
1,SSCP-67c540fa78e3fbe5,4,5
1,SSCP-67dd5b00654a7206,4,5
1,SSCP-680074bc41edc63d,4,5
1,SSCP-685ca0d417ffb984,4,5
1,SSCP-68ebca60c771370c,4,5
1,SSCP-68f5956e58c892e1,4,5
1,SSCP-6903113ef7186ea4,4,5
1,SSCP-694a69f174dc0bf6,4,5
1,SSCP-695d57c8b3247548,4,5
1,SSCP-695d6daed5428ad7,4,5
1,SSCP-6989eee6f4185234,4,5
1,SSCP-6996c2f34449f49e,4,5
1,SSCP-69c506a158913490,4,5
1,SSCP-69d620c8cb80f674,4,5
1,SSCP-69ee34f7283207db,4,5
1,SSCP-69f8c976638f535b,4,5
1,SSCP-6a038de9f3dca339,4,5
1,SSCP-6a38103d43be7ca7,4,5
1,SSCP-6a433f5275534a5d,4,5
1,SSCP-6a7c7000f2f4f27b,4,5
1,SSCP-6abbd9027894d469,4,5
1,SSCP-6ad339dadbf4c4ce,4,5
1,SSCP-6adecf10d4a7c33b,4,5
1,SSCP-6b1d63b112e8f94a,4,5
1,SSCP-6b64dcec73030e93,4,5
1,SSCP-6bf26fdacdc151b3,4,5
1,SSCP-6bfaa7cd6eb4e04d,4,5
1,SSCP-6c13eb417c31d1f8,4,5
1,SSCP-6c1b479516f51e1c,4,5
1,SSCP-6c347c54e9c2205e,4,5
1,SSCP-6c487d6abcc20ff4,4,5
1,SSCP-6c5210328f40e295,4,5
1,SSCP-6ca41950af157a59,4,5
1,SSCP-6ccd36b606e18710,4,5
1,SSCP-6ce29fc22f15b62e,4,5
1,SSCP-6cf71bfdc0336846,4,5
1,SSCP-6d37710ba9123abc,4,5
1,SSCP-6d3a839072f16fe4,4,5
1,SSCP-6e0811efcb93a7c1,4,5
1,SSCP-6e366e1142df3ac6,4,5
1,SSCP-6e3debcf0b8c3502,4,5
1,SSCP-6e6b7e6cf09dbf4a,4,5
1,SSCP-6e7c126163be3ea3,4,5
1,SSCP-6e92fdf57d518a1a,4,5
1,SSCP-6eb094137af49065,4,5
1,SSCP-6ec90c3a28200df1,4,5
1,SSCP-6ed26ee574ecdee9,4,5
1,SSCP-6eeb611216672c17,4,5
1,SSCP-6f8307c0737adad3,4,5
1,SSCP-6fddbdbe6776cf49,4,5
1,SSCP-70072ad93b7723ba,4,5
1,SSCP-701aac927d5ef746,4,5
1,SSCP-71965552fda4da58,4,5
1,SSCP-71be7e58fc31d370,4,5
1,SSCP-71cd2fa1eab1a879,4,5
1,SSCP-71f03f7c17fb6c11,4,5
1,SSCP-71f9827faa8589b6,4,5
1,SSCP-7250d13d86b65730,4,5
1,SSCP-72876c69663c797d,4,5
1,SSCP-72bffac3b9a097f8,4,5
1,SSCP-72d9d9484668afb4,4,5
1,SSCP-72f0601065255acd,4,5
1,SSCP-730897d916bd0812,4,5
1,SSCP-735ea39b644ac7c1,4,5
1,SSCP-73796a4dedb92fb0,4,5
1,SSCP-73f540eb3028e168,4,5
1,SSCP-7463a00690fe4f96,4,5
1,SSCP-747f9efea998c639,4,5
1,SSCP-7507ee004a618f50,4,5
1,SSCP-759b19801e9fea63,4,5
1,SSCP-75f3b5ff238bd255,4,5
1,SSCP-760a34cce75aea2e,4,5
1,SSCP-7649cbff27500885,4,5
1,SSCP-76607ff138816b5b,4,5
1,SSCP-773b8a7a703e454a,4,5
1,SSCP-77978de896525b7d,4,5
1,SSCP-77cf8fba08575b66,4,5
1,SSCP-782cd86c44b83f1a,4,5
1,SSCP-7869d20a5ab9d8c4,4,5
1,SSCP-78757f7f5da86923,4,5
1,SSCP-78cf44cd5f214a05,4,5
1,SSCP-791a1cc56432f3f3,4,5
1,SSCP-7975c96bf80e6dcd,4,5
1,SSCP-79d379aec6b18e8c,4,5
1,SSCP-79d7c8115ec1c4cd,4,5
1,SSCP-79dfd95c1075c538,4,5
1,SSCP-79f4f156e510ea0a,4,5
1,SSCP-79ff368783c89ed4,4,5
1,SSCP-7a466691779f07d2,4,5
1,SSCP-7a4a34e0bd71d554,4,5
1,SSCP-7a730c981783f48b,4,5
1,SSCP-7b00406ff9b8beaa,4,5
1,SSCP-7b496a4ac798c460,4,5
1,SSCP-7b88b8a0d179b517,4,5
1,SSCP-7bae662f454353a4,4,5
1,SSCP-7bb2d0926e1be4a6,4,5
1,SSCP-7bd4a183913de1cb,4,5
1,SSCP-7c22c33bce3c2707,4,5
1,SSCP-7c34b9159dbe88c0,4,5
1,SSCP-7c76808d2e408f41,4,5
1,SSCP-7cacadee0c6da439,4,5
1,SSCP-7cae71e06ea65222,4,5
1,SSCP-7cbfc94458265710,4,5
1,SSCP-7d62cc90804f9a80,4,5
1,SSCP-7d7ffd4ca621e463,4,5
1,SSCP-7da3beaf7e43fc43,4,5
1,SSCP-7dac788d556cd0c0,4,5
1,SSCP-7dcf924540e870fb,4,5
1,SSCP-7dd1104229e60137,4,5
1,SSCP-7df9b10a25f791fe,4,5
1,SSCP-7e0bbfcdf69ae09e,4,5
1,SSCP-7e4f6d2a681ec29d,4,5
1,SSCP-7e945160cbde7280,4,5
1,SSCP-7f0472bfd11bf610,4,5
1,SSCP-7f175a8657fa1189,4,5
1,SSCP-7f1a5fe2cfee21a6,4,5
1,SSCP-7f5c5e0f093d9ba5,4,5
1,SSCP-7f9babc31954aa79,4,5
1,SSCP-7fc3206279147160,4,5
1,SSCP-80286c9e113164a7,4,5
1,SSCP-803dab4f1e602d43,4,5
1,SSCP-803f18553b7b5ceb,4,5
1,SSCP-8062d18166215ae1,4,5
1,SSCP-80fc18e990d36efe,4,5
1,SSCP-8105fbe079e3e0a0,4,5
1,SSCP-8106b3436dd50b2d,4,5
1,SSCP-81117a0818e69a95,4,5
1,SSCP-814c742a99ee3845,4,5
1,SSCP-8176c7c298495a7b,4,5
1,SSCP-819d575d4a95d972,4,5
1,SSCP-81b4d74e71f12f29,4,5
1,SSCP-81d4de7a65cb4aa9,4,5
1,SSCP-81d8441dee7b2a1e,4,5
1,SSCP-82192fcc1c7c228b,4,5
1,SSCP-82305a7f47b8a40d,4,5
1,SSCP-82657726b5f4193e,4,5
1,SSCP-828752fc906b5b2c,4,5
1,SSCP-82f41918d880dbe9,4,5
1,SSCP-8307fa91f3230b79,4,5
1,SSCP-830e6d385e7db2e8,4,5
1,SSCP-83380b0ae1b1e651,4,5
1,SSCP-833ce15527025e2e,4,5
1,SSCP-83553f5dcf3f7bc0,4,5
1,SSCP-8390c3fd94597ef4,4,5
1,SSCP-8427d9ee81ec29e2,4,5
1,SSCP-843c48d59cc7ea7f,4,5
1,SSCP-845d187cfaf5b5f9,4,5
1,SSCP-84715b65e8c6b7c0,4,5
1,SSCP-8472a4416c791108,4,5
1,SSCP-848d8acee7c34e68,4,5
1,SSCP-84bd431d1454dcf0,4,5
1,SSCP-84ca365c21fd6e5d,4,5
1,SSCP-84fc4c886b7af9c3,4,5
1,SSCP-85050a5894d7ed64,4,5
1,SSCP-851979d3ccbaccb8,4,5
1,SSCP-85466f2ff876b9e7,4,5
1,SSCP-856d54703b18427e,4,5
1,SSCP-8577662420b128a4,4,5
1,SSCP-859cf4538b8bdb9f,4,5
1,SSCP-85bb9e1215366390,4,5
1,SSCP-8610a1f62738ac35,4,5
1,SSCP-862c3d04abec1547,4,5
1,SSCP-86531669b453e409,4,5
1,SSCP-866cc5a350fc1d7f,4,5
1,SSCP-867daf5c6afd5b96,4,5
1,SSCP-8698f4adecc0f229,4,5
1,SSCP-86aabcf52803ab95,4,5
1,SSCP-86ac29496b40956c,4,5
1,SSCP-86cdf2a097269c09,4,5
1,SSCP-871fb0a38b064656,4,5
1,SSCP-877a83c383d4126a,4,5
1,SSCP-8783dceed0268a32,4,5
1,SSCP-881a6a0c47a69cb6,4,5
1,SSCP-88335733d679f94e,4,5
1,SSCP-883d9258eb092c7a,4,5
1,SSCP-8893c9ff0c79e99f,4,5
1,SSCP-88df2d8e92c7a154,4,5
1,SSCP-892a55d4cf6e321d,4,5
1,SSCP-8944f813d63bd2d2,4,5
1,SSCP-894c5eaba060f2ec,4,5
1,SSCP-89b03779599d1b7f,4,5
1,SSCP-89ca81a76223460c,4,5
1,SSCP-89d4bc25da90db31,4,5
1,SSCP-8a125927a406e2f8,4,5
1,SSCP-8b2ddd8dc80fe90f,4,5
1,SSCP-8b5fe5d5a19a3975,4,5
1,SSCP-8b667005f82aa22d,4,5
1,SSCP-8b77ea9adf5c9dee,4,5
1,SSCP-8b91e1142cb23927,4,5
1,SSCP-8bde97d1fb536da7,4,5
1,SSCP-8be5b9c5ed1b32ac,4,5
1,SSCP-8bf7f68301aea624,4,5
1,SSCP-8c04cbfdc8351880,4,5
1,SSCP-8c4fbf47275b83db,4,5
1,SSCP-8c8fe662c046c212,4,5
1,SSCP-8c9513230a2bf4d2,4,5
1,SSCP-8cac6e2e949fa46d,4,5
1,SSCP-8cb2baffd0cea5a6,4,5
1,SSCP-8cf346c312708524,4,5
1,SSCP-8d37dde5999b7c92,4,5
1,SSCP-8d58b948f6bbe67d,4,5
1,SSCP-8d5e3bbc2b7a0aef,4,5
1,SSCP-8d6211175c5ec7c9,4,5
1,SSCP-8d8d2e5dc17651ef,4,5
1,SSCP-8d9036cd47b60c77,4,5
1,SSCP-8db6e684d1ad617d,4,5
1,SSCP-8dba166665ec97de,4,5
1,SSCP-8dce5b95fa66f164,4,5
1,SSCP-8e386227356e854f,4,5
1,SSCP-8e3bb2cebf14a700,4,5
1,SSCP-8e606ced5cbaa26b,4,5
1,SSCP-8ed3a4571b8d0579,4,5
1,SSCP-8f3ce1b3814ad26f,4,5
1,SSCP-8f4fbf4f6666b680,4,5
1,SSCP-8f5e309802dd3d1a,4,5
1,SSCP-8f6cd77689c64b1b,4,5
1,SSCP-8f91ab64982e33de,4,5
1,SSCP-8fcb8f79c721b2d0,4,5
1,SSCP-8fdfb01217b5683e,4,5
1,SSCP-8fe286a9345df78a,4,5
1,SSCP-909e755eae26a46f,4,5
1,SSCP-909f9a58145e8910,4,5
1,SSCP-90b08133327889e3,4,5
1,SSCP-90b16342f4b95766,4,5
1,SSCP-90f1afccabab3f59,4,5
1,SSCP-91137d7d94c5abb9,4,5
1,SSCP-9115aa4b9d3f97bb,4,5
1,SSCP-91267085e4d3e4e4,4,5
1,SSCP-91493ae1326dd96c,4,5
1,SSCP-917e50c0fbd76e69,4,5
1,SSCP-91e58abc9dbe0bdf,4,5
1,SSCP-91f3f99696730eb4,4,5
1,SSCP-920e73914be6f0c5,4,5
1,SSCP-926b6a0d28b118da,4,5
1,SSCP-92910a3f26602b59,4,5
1,SSCP-92931fd1b78fb6cb,4,5
1,SSCP-92b167a2eb442d92,4,5
1,SSCP-935c3a30cb943a7e,4,5
1,SSCP-93784ed5e20b6f81,4,5
1,SSCP-937c9d831e6a1867,4,5
1,SSCP-93a222312db5e1d4,4,5
1,SSCP-93bb1a7ffeb5089b,4,5
1,SSCP-93f238cd33485e2c,4,5
1,SSCP-9419bc7e8790dc84,4,5
1,SSCP-94546c34ed096fc9,4,5
1,SSCP-94671873968fa25b,4,5
1,SSCP-9540bd330b899da5,4,5
1,SSCP-95532d31755bd34f,4,5
1,SSCP-958427c8bf987391,4,5
1,SSCP-95a4476f2e5dd498,4,5
1,SSCP-95a8da2ca0a06ddb,4,5
1,SSCP-95c5b380564969b9,4,5
1,SSCP-95f366fc8ff9e9cc,4,5
1,SSCP-96a68395b9785feb,4,5
1,SSCP-96e0a831c235fbc9,4,5
1,SSCP-97328b3c98af6e72,4,5
1,SSCP-976a3ad2905d00e2,4,5
1,SSCP-9770bfd0d5b8b00d,4,5
1,SSCP-97cdfd09f3ab473a,4,5
1,SSCP-9826bc560a311b83,4,5
1,SSCP-9857fb1aa409359d,4,5
1,SSCP-985b6cc5677edf12,4,5
1,SSCP-98cb91d427852af8,4,5
1,SSCP-98e6182d0d85d5f8,4,5
1,SSCP-98e85f7d84882825,4,5
1,SSCP-98e88cdbd05fc53a,4,5
1,SSCP-98e89a1fadb80106,4,5
1,SSCP-98f7d382134eeae9,4,5
1,SSCP-990c7e6d17e6865a,4,5
1,SSCP-9955317ffed41430,4,5
1,SSCP-9963a08c7de707af,4,5
1,SSCP-99d23d528e99440b,4,5
1,SSCP-99e3a68dae410219,4,5
1,SSCP-99e60c3cabef6a39,4,5
1,SSCP-99fb90f835370633,4,5
1,SSCP-9a8d1d5686a38003,4,5
1,SSCP-9ab4c67139390a1e,4,5
1,SSCP-9adc52496d28f135,4,5
1,SSCP-9b2c4ebf6b9e4f47,4,5
1,SSCP-9b6dc076574429da,4,5
1,SSCP-9b89f3788fea1ea6,4,5
1,SSCP-9bba30b839c02c41,4,5
1,SSCP-9c4fd0359f495b48,4,5
1,SSCP-9cb04b62b7b27c4c,4,5
1,SSCP-9cbb7d44c6af67d3,4,5
1,SSCP-9cbfe209c29e8aff,4,5
1,SSCP-9cdfc5488e3460a4,4,5
1,SSCP-9d1357722509250a,4,5
1,SSCP-9d183cfffd4d18be,4,5
1,SSCP-9d39818783ff5b79,4,5
1,SSCP-9d96637344ef986f,4,5
1,SSCP-9dc1f499c663ad55,4,5
1,SSCP-9de8b8eb9fe91c81,4,5
1,SSCP-9ea413dd015084f2,4,5
1,SSCP-9ed1a042ecad9ab1,4,5
1,SSCP-9ef605f9c9f15ab5,4,5
1,SSCP-9f67017a4ac88ec0,4,5
1,SSCP-9faa9cbfc4dbe9ae,4,5
1,SSCP-9fc46366d8aa1365,4,5
1,SSCP-9fcbd77473791a8f,4,5
1,SSCP-a01b804dcda9fe0a,4,5
1,SSCP-a01d259b1607eed2,4,5
1,SSCP-a0486de9972074a8,4,5
1,SSCP-a05f3e57f00392c8,4,5
1,SSCP-a0ab2e90a0a48835,4,5
1,SSCP-a0d3485195f18992,4,5
1,SSCP-a0dd22bdea66dfa8,4,5
1,SSCP-a19cdbfedf83df91,4,5
1,SSCP-a1d73481dc0c3e63,4,5
1,SSCP-a1ee96363963d25e,4,5
1,SSCP-a20e03c2f6ecc793,4,5
1,SSCP-a228afc2c5d68649,4,5
1,SSCP-a242c7c64c2a78cc,4,5
1,SSCP-a27a165c1d4b62b4,4,5
1,SSCP-a2a9e9f0cb760b17,4,5
1,SSCP-a2af9faf2d6f5bb2,4,5
1,SSCP-a2cde3a150a73638,4,5
1,SSCP-a2e4cad8c41693e5,4,5
1,SSCP-a2ecd2395feb34f1,4,5
1,SSCP-a2fa3a73b972207b,4,5
1,SSCP-a402257e26a984b2,4,5
1,SSCP-a4252a88b5284351,4,5
1,SSCP-a42af28b04ff2415,4,5
1,SSCP-a433eb98cdbee8d8,4,5
1,SSCP-a437364139bdec91,4,5
1,SSCP-a4439ffb25a2820e,4,5
1,SSCP-a466f312a94f0e00,4,5
1,SSCP-a480b528f8d31b5c,4,5
1,SSCP-a49cdb86269ea734,4,5
1,SSCP-a4e6cc2a7d919f6b,4,5
1,SSCP-a54a9badfe2305a7,4,5
1,SSCP-a5960fc5b929559a,4,5
1,SSCP-a5ba94319ecf8353,4,5
1,SSCP-a6729a142a3e2370,4,5
1,SSCP-a6bde0f0aa94757b,4,5
1,SSCP-a6c8c512ed099fc3,4,5
1,SSCP-a774fc2decdd04d5,4,5
1,SSCP-a79631ad9d91c54f,4,5
1,SSCP-a7b995374dae3140,4,5
1,SSCP-a7c6be478ab64f60,4,5
1,SSCP-a7d180a084a9e545,4,5
1,SSCP-a843e575ecd1a2cb,4,5
1,SSCP-a8472cb96267d419,4,5
1,SSCP-a854335cf4d3b80e,4,5
1,SSCP-a86e7d317a9da892,4,5
1,SSCP-a89fc18297af2200,4,5
1,SSCP-a8ce8f0c0c278ec3,4,5
1,SSCP-a8df77e2c14fb8a6,4,5
1,SSCP-a921db907dc794a6,4,5
1,SSCP-a9249d1dca1760c8,4,5
1,SSCP-a990cb2eebceb03a,4,5
1,SSCP-a99184bee5cb3aab,4,5
1,SSCP-a99916f730ca7689,4,5
1,SSCP-a9be2897b20cba60,4,5
1,SSCP-aa0b727b92919a8d,4,5
1,SSCP-aa2f4bbbc60f992b,4,5
1,SSCP-aa30fa7aa8bc16c8,4,5
1,SSCP-aa3d3d553bdd800a,4,5
1,SSCP-aa406c5cfcb6513e,4,5
1,SSCP-aa539adfc719b3ca,4,5
1,SSCP-aa594ce384ec448d,4,5
1,SSCP-aa6c33fd4d3bfa9d,4,5
1,SSCP-aa7a17ba1e570302,4,5
1,SSCP-aaa19e4dbf9b1b3d,4,5
1,SSCP-aab72fa141f195a2,4,5
1,SSCP-aab90c63af37802f,4,5
1,SSCP-aac12d63cdce4b5a,4,5
1,SSCP-aac7e674793c717b,4,5
1,SSCP-ab2b752b81277f3d,4,5
1,SSCP-ab80006bbc300f76,4,5
1,SSCP-abbc6e9cac05ee35,4,5
1,SSCP-abd56d0f18c81ca4,4,5
1,SSCP-abdeabad43be59a9,4,5
1,SSCP-abfdaf9f3d8ba83f,4,5
1,SSCP-ac20feb69b243f33,4,5
1,SSCP-ac2252e5738cc187,4,5
1,SSCP-ac23a7bd50fac21c,4,5
1,SSCP-ac8fbf1f78c15ef3,4,5
1,SSCP-ac9796d8129467f5,4,5
1,SSCP-aca6b0e854abd828,4,5
1,SSCP-ad22216bd6cba9a5,4,5
1,SSCP-ad4c116f5dc63b11,4,5
1,SSCP-ad708e665cf3bf52,4,5
1,SSCP-ad92a7affc2a8f26,4,5
1,SSCP-adc9d21b094e3514,4,5
1,SSCP-ade2a15857e28507,4,5
1,SSCP-ade390cdad3d36b5,4,5
1,SSCP-ae41c3d73d6b5796,4,5
1,SSCP-ae8579851ee2cee2,4,5
1,SSCP-aec9a6f2c5aa765d,4,5
1,SSCP-af062edbb2c0f170,4,5
1,SSCP-af43097c8e70eec8,4,5
1,SSCP-af43333260ae9cd8,4,5
1,SSCP-af492fd59aa231c6,4,5
1,SSCP-af7a201b6e241bba,4,5
1,SSCP-af90afbb835e5548,4,5
1,SSCP-afaa3d7748ff785f,4,5
1,SSCP-afbb567ecc942793,4,5
1,SSCP-aff91c6bf2d171be,4,5
1,SSCP-b0016ff201482e93,4,5
1,SSCP-b03eaa73eb819b65,4,5
1,SSCP-b0405d1e0c1b9762,4,5
1,SSCP-b06667b6b7e5c313,4,5
1,SSCP-b0971221d42cc499,4,5
1,SSCP-b0a168845e75e419,4,5
1,SSCP-b0d50c140dadd65c,4,5
1,SSCP-b0ee713bff1faaf7,4,5
1,SSCP-b0f8d59e7bc3b873,4,5
1,SSCP-b0fdb7f2bd39699c,4,5
1,SSCP-b157e3aa699cae47,4,5
1,SSCP-b1588620b08692d5,4,5
1,SSCP-b17c16ae3fc86c2c,4,5
1,SSCP-b1ac30f76d603101,4,5
1,SSCP-b1bcf304bf48dda7,4,5
1,SSCP-b1ca20417352de7b,4,5
1,SSCP-b1f7c41f1d533528,4,5
1,SSCP-b20c8628307da364,4,5
1,SSCP-b2442bccad908c47,4,5
1,SSCP-b24509bc8656f3c9,4,5
1,SSCP-b2c8d93f21ffdc78,4,5
1,SSCP-b2d60a26c81f7401,4,5
1,SSCP-b2df0b42080247ab,4,5
1,SSCP-b2e708e074c271c4,4,5
1,SSCP-b32e664add93d25d,4,5
1,SSCP-b34bd9b4675a6db9,4,5
1,SSCP-b352931bc178dd14,4,5
1,SSCP-b368e8fbcb9a9e06,4,5
1,SSCP-b3bb634c604b2c6a,4,5
1,SSCP-b3bd82c3ec010c0b,4,5
1,SSCP-b3de8f309b6803b4,4,5
1,SSCP-b3f0bb444bf986be,4,5
1,SSCP-b4ca02fcf8182f26,4,5
1,SSCP-b51ee168d01985aa,4,5
1,SSCP-b560781792071af0,4,5
1,SSCP-b566f56e743c7e2c,4,5
1,SSCP-b5a7f99548b22979,4,5
1,SSCP-b5ba8dcd6d67aa5d,4,5
1,SSCP-b5d4143c1e2708b0,4,5
1,SSCP-b6262536cf30cc2e,4,5
1,SSCP-b6c648f4d5c3aaab,4,5
1,SSCP-b6f7761e412aa9f6,4,5
1,SSCP-b7272de51a70d384,4,5
1,SSCP-b74af286f74fb892,4,5
1,SSCP-b7650ad93b28af3e,4,5
1,SSCP-b774915133d906b0,4,5
1,SSCP-b775ce8c37107137,4,5
1,SSCP-b7a805ba4295fa0d,4,5
1,SSCP-b7d1b717a742aa87,4,5
1,SSCP-b7fbee5495118bd2,4,5
1,SSCP-b879db1016f578f3,4,5
1,SSCP-b8c534b149eb3302,4,5
1,SSCP-b8d023384092eaa9,4,5
1,SSCP-b908c13ab7c1907a,4,5
1,SSCP-b90c29784fa3975c,4,5
1,SSCP-b90ec58b724d3931,4,5
1,SSCP-b92f3caeba00a8eb,4,5
1,SSCP-b93f61e9b665fc92,4,5
1,SSCP-b97c2eea1738dac0,4,5
1,SSCP-b9b746e196be62dd,4,5
1,SSCP-b9d7ca6eac6353b7,4,5
1,SSCP-b9d86d5283528b99,4,5
1,SSCP-b9f7a550239dd19c,4,5
1,SSCP-ba046d7bd2d3a506,4,5
1,SSCP-ba30448f5bfe679f,4,5
1,SSCP-ba31d7e5ed8fe500,4,5
1,SSCP-ba46fbb71aa3db9f,4,5
1,SSCP-baf68fce8d978dd5,4,5
1,SSCP-bb04f647469c619b,4,5
1,SSCP-bb5193a7fa56402c,4,5
1,SSCP-bb54f4bfa5bf1c54,4,5
1,SSCP-bb90452eb449be0b,4,5
1,SSCP-bbf0187100584da4,4,5
1,SSCP-bc620cd574066f87,4,5
1,SSCP-bc6d1b3aa1db92d9,4,5
1,SSCP-bc937b25b8a350e5,4,5
1,SSCP-bca05f4be4b0c195,4,5
1,SSCP-bd23101f62aec04c,4,5
1,SSCP-bd53c2b2002d6c1a,4,5
1,SSCP-bdb30075b42ea147,4,5
1,SSCP-be014ee5bbd5f737,4,5
1,SSCP-be34874500820fa4,4,5
1,SSCP-be4830b2dff7701b,4,5
1,SSCP-be6edbc9dc2e9561,4,5
1,SSCP-be860b467e9ae394,4,5
1,SSCP-bea693ac65e749d0,4,5
1,SSCP-bee303442b20008f,4,5
1,SSCP-bf0eb498edac76ea,4,5
1,SSCP-bf14bb214a8f4268,4,5
1,SSCP-bf7ce84bd9e5ee7c,4,5
1,SSCP-bfa911f82fa041f0,4,5
1,SSCP-bfc4d99977a46d1d,4,5
1,SSCP-c02001d068c98f42,4,5
1,SSCP-c027d6e23ae255ef,4,5
1,SSCP-c0666977caaeab9f,4,5
1,SSCP-c093e4beb0343879,4,5
1,SSCP-c095bdb9096232e8,4,5
1,SSCP-c09d0bb7038d2da0,4,5
1,SSCP-c0feeaf913e44ad4,4,5
1,SSCP-c10b2a26216aaa80,4,5
1,SSCP-c1619b8abe5036c6,4,5
1,SSCP-c1ca75b9afc497da,4,5
1,SSCP-c23c1e07076df0a8,4,5
1,SSCP-c25fc8df957502b1,4,5
1,SSCP-c274cd649d047fa7,4,5
1,SSCP-c2a9ba64c5659167,4,5
1,SSCP-c2aa11f65c37d64e,4,5
1,SSCP-c2cfc36292e73409,4,5
1,SSCP-c33a04d6b761e1df,4,5
1,SSCP-c33e1227bf0fa0c4,4,5
1,SSCP-c3411baa06226edb,4,5
1,SSCP-c344c2479dc9d296,4,5
1,SSCP-c3ad69ca6a887b09,4,5
1,SSCP-c3c0c7a47cee6cd9,4,5
1,SSCP-c42ec44b724fc326,4,5
1,SSCP-c469ed46340387e2,4,5
1,SSCP-c46fcff82cec2c7e,4,5
1,SSCP-c47674ddcf669259,4,5
1,SSCP-c4bce7a63c6278c8,4,5
1,SSCP-c5046be40e2dadf1,4,5
1,SSCP-c50e1ab8c5bd2092,4,5
1,SSCP-c5141a3cc5d18c51,4,5
1,SSCP-c51926bedc848248,4,5
1,SSCP-c51c04d6f72f10a9,4,5
1,SSCP-c5270aca300594a5,4,5
1,SSCP-c5477226ef965d63,4,5
1,SSCP-c547b4af37f4b979,4,5
1,SSCP-c5f3187d9de0f3e2,4,5
1,SSCP-c5f9401d9a7288ef,4,5
1,SSCP-c635c6e91bcafe47,4,5
1,SSCP-c64220314c48b880,4,5
1,SSCP-c663ddc876b19706,4,5
1,SSCP-c6e5973932399c1a,4,5
1,SSCP-c6ff60970d6cc053,4,5
1,SSCP-c7100d80620e1e79,4,5
1,SSCP-c73cedff6b869145,4,5
1,SSCP-c74f27c34f1e5725,4,5
1,SSCP-c765262ae328c4a7,4,5
1,SSCP-c7c4e4bb42e72040,4,5
1,SSCP-c7c8b8592619cb16,4,5
1,SSCP-c7d4e679eb680563,4,5
1,SSCP-c7dc840fe05412f1,4,5
1,SSCP-c7fecbfa91ab919c,4,5
1,SSCP-c80874c76d406ba5,4,5
1,SSCP-c80cf1720044d4a9,4,5
1,SSCP-c827370286b6273e,4,5
1,SSCP-c833da77e6feb570,4,5
1,SSCP-c83a6d5cdc20a289,4,5
1,SSCP-c8453a870aea25a7,4,5
1,SSCP-c8493802b8d32c0d,4,5
1,SSCP-c86096f88a1e58d5,4,5
1,SSCP-c8744148639aa1f8,4,5
1,SSCP-c95e38ec55fae670,4,5
1,SSCP-c98179d368252c3f,4,5
1,SSCP-c9acecc0b88a57d7,4,5
1,SSCP-c9bd7331d25871d5,4,5
1,SSCP-c9c112c9c2c9715b,4,5
1,SSCP-c9fee08cd7b323e6,4,5
1,SSCP-ca3a5a5338527341,4,5
1,SSCP-ca49dfe142b6802b,4,5
1,SSCP-ca4dfad63659a55f,4,5
1,SSCP-ca548ce48fb7eed1,4,5
1,SSCP-ca6cabdfdfe59520,4,5
1,SSCP-ca7cff1676934061,4,5
1,SSCP-cbeabcb222986ab4,4,5
1,SSCP-cc074b86d5749ae6,4,5
1,SSCP-cc26ef48f34a0fed,4,5
1,SSCP-cc346e808de86953,4,5
1,SSCP-cc3c7afd0d6342f3,4,5
1,SSCP-cc5daf307b112d37,4,5
1,SSCP-cc8a319d6c2e2266,4,5
1,SSCP-cc99e73783a32f64,4,5
1,SSCP-ccb6439839db03c6,4,5
1,SSCP-ccf697100488e72b,4,5
1,SSCP-cd00de4508c006f9,4,5
1,SSCP-cd0e5ba5a4026ba8,4,5
1,SSCP-cd48c9652f92f373,4,5
1,SSCP-cd98a6746373f57e,4,5
1,SSCP-ce362597c8e773f2,4,5
1,SSCP-ce490a9f48f7da67,4,5
1,SSCP-ce81caae7fdecd66,4,5
1,SSCP-ceb48834e9fc07e0,4,5
1,SSCP-ceb6c634c1ba25bb,4,5
1,SSCP-cedf42ab5f24d229,4,5
1,SSCP-cef0e56573fcee9b,4,5
1,SSCP-cf1a81a86c908278,4,5
1,SSCP-cf5e24a9fcb294a9,4,5
1,SSCP-cf9055686eee8e52,4,5
1,SSCP-cfa3df1fb4afc816,4,5
1,SSCP-cfb4bed7be33b126,4,5
1,SSCP-cfc1f28452f9fefa,4,5
1,SSCP-cfe3ac012655376c,4,5
1,SSCP-d003e0223d1c57f5,4,5
1,SSCP-d045e67df8251311,4,5
1,SSCP-d0925735b1b7d93d,4,5
1,SSCP-d0b45d08c883b3c0,4,5
1,SSCP-d11c5102ddfa31cc,4,5
1,SSCP-d158ad9681813dc9,4,5
1,SSCP-d1860e0b89595f79,4,5
1,SSCP-d19b9141f05c10e2,4,5
1,SSCP-d1a4b15d6a9aa6f0,4,5
1,SSCP-d1dfd2ec06045df6,4,5
1,SSCP-d2023095a2b934fd,4,5
1,SSCP-d21a87d7fd087395,4,5
1,SSCP-d2831028c4db5975,4,5
1,SSCP-d2b1745a556fca24,4,5
1,SSCP-d2ec6a688ed3b2b0,4,5
1,SSCP-d30cd321e99aa246,4,5
1,SSCP-d312bac240ee4ffb,4,5
1,SSCP-d317a604b008a3b5,4,5
1,SSCP-d35542170d9d289f,4,5
1,SSCP-d35b6e6d8085936c,4,5
1,SSCP-d376a57fb848ec41,4,5
1,SSCP-d38d630e7812440f,4,5
1,SSCP-d3eee17ea3db8825,4,5
1,SSCP-d400eb57cd6f450a,4,5
1,SSCP-d4e5d82c87b34206,4,5
1,SSCP-d4ec024506154fc1,4,5
1,SSCP-d51486d7bfc20c86,4,5
1,SSCP-d5173d6d4aa6cfc7,4,5
1,SSCP-d528019a87bb67c3,4,5
1,SSCP-d5345030553dfa5e,4,5
1,SSCP-d547f2376f4b0894,4,5
1,SSCP-d5815c8216a2ca81,4,5
1,SSCP-d59d1dded80b90e4,4,5
1,SSCP-d687e0d3f8bcc5a5,4,5
1,SSCP-d769f9ce1a281aac,4,5
1,SSCP-d77b17cd93809f24,4,5
1,SSCP-d791464a346bd00f,4,5
1,SSCP-d799a1300cda1d47,4,5
1,SSCP-d7b6d867bb67ecdb,4,5
1,SSCP-d7bfd391fa29098d,4,5
1,SSCP-d7f34ae4efa7ee52,4,5
1,SSCP-d7f3c8628314f1d4,4,5
1,SSCP-d8495ba1d3f09b73,4,5
1,SSCP-d84c46219bb4ed79,4,5
1,SSCP-d8536dd8c15cf72a,4,5
1,SSCP-d8806c714de06185,4,5
1,SSCP-d888cddb31a561dd,4,5
1,SSCP-d8baa48c4312bbfb,4,5
1,SSCP-d9250cd195b04166,4,5
1,SSCP-d94c5a0d3a1fac1e,4,5
1,SSCP-d977594e7de4db4f,4,5
1,SSCP-d97c17ab986d2aac,4,5
1,SSCP-d9872a8bbb414e21,4,5
1,SSCP-d993dcbc6d2fcb4b,4,5
1,SSCP-da15213e75608f53,4,5
1,SSCP-da9d9000221bb503,4,5
1,SSCP-daa278806acf4a8a,4,5
1,SSCP-daacd39df3f4ed35,4,5
1,SSCP-dac957df5a0e012a,4,5
1,SSCP-dacbdf5af305ab65,4,5
1,SSCP-dafdd950f2e6767f,4,5
1,SSCP-db2815e14cb1495c,4,5
1,SSCP-db75023fc3cf54c5,4,5
1,SSCP-db9b7d7440590e11,4,5
1,SSCP-dbc94e96cebe074e,4,5
1,SSCP-dc164af73761c5d2,4,5
1,SSCP-dc4c1cebc4e43aea,4,5
1,SSCP-dc992162f58a3b1b,4,5
1,SSCP-dd6385d03a45b825,4,5
1,SSCP-dd7010c978a95012,4,5
1,SSCP-dd8c18ac42fb7d5d,4,5
1,SSCP-dd8f6af0e1a4bea7,4,5
1,SSCP-dd93c73e88d5b5ab,4,5
1,SSCP-dd9c2bfda3dd8659,4,5
1,SSCP-dd9fd504e8d10ed1,4,5
1,SSCP-de383dd1189c771c,4,5
1,SSCP-de4a208153472dc8,4,5
1,SSCP-de4fc0040ca0a855,4,5
1,SSCP-de8631f27b8b85c6,4,5
1,SSCP-deccef4f6e01c5db,4,5
1,SSCP-df72aa1293946345,4,5
1,SSCP-df965a628c960699,4,5
1,SSCP-dfa08fa7f69880d3,4,5
1,SSCP-dff35e0820941fe0,4,5
1,SSCP-e02f04d850a1f525,4,5
1,SSCP-e04ff6cf9bf0883f,4,5
1,SSCP-e11115b3f619e041,4,5
1,SSCP-e1159c4101121e52,4,5
1,SSCP-e11af26770d076d2,4,5
1,SSCP-e129f7f2909c27b2,4,5
1,SSCP-e136466af34ba463,4,5
1,SSCP-e13c544f1cf60f52,4,5
1,SSCP-e1cb524b14e7a78a,4,5
1,SSCP-e1fabd09d652585c,4,5
1,SSCP-e2008725d81c5d43,4,5
1,SSCP-e215d0adde2598e7,4,5
1,SSCP-e21a1f181dab36a0,4,5
1,SSCP-e22967bdd223497b,4,5
1,SSCP-e29600f5b7271563,4,5
1,SSCP-e296673710b67f24,4,5
1,SSCP-e2a0e05cfba31b73,4,5
1,SSCP-e2caa7bbd2caaab2,4,5
1,SSCP-e2d0f6da06b7f4d7,4,5
1,SSCP-e2db3f909b22ef17,4,5
1,SSCP-e3c996740b2a85a2,4,5
1,SSCP-e3ca7f8113328c27,4,5
1,SSCP-e4093e8474fc2349,4,5
1,SSCP-e412f6fabc28c303,4,5
1,SSCP-e467d99939f87704,4,5
1,SSCP-e4caa2dc857da258,4,5
1,SSCP-e545be7814381b23,4,5
1,SSCP-e569515bf3921810,4,5
1,SSCP-e59fa4e520c9bf57,4,5
1,SSCP-e5a9619f28b78d3e,4,5
1,SSCP-e5b676072c428b5a,4,5
1,SSCP-e5b7dfb79dbd797c,4,5
1,SSCP-e5eaed4f27e74837,4,5
1,SSCP-e5f770a8b313cc42,4,5
1,SSCP-e617d3a6dcb79826,4,5
1,SSCP-e6285f8f968adbe9,4,5
1,SSCP-e64ccbc1b3b56af9,4,5
1,SSCP-e683f34b9ffed263,4,5
1,SSCP-e69711580a8fe444,4,5
1,SSCP-e698ca2fb968fde3,4,5
1,SSCP-e6bc5481e8725031,4,5
1,SSCP-e6e2137a2013f3ef,4,5
1,SSCP-e6f7b21dd01e88aa,4,5
1,SSCP-e6fac03f0dfbcf9e,4,5
1,SSCP-e73170eaa0dd46a7,4,5
1,SSCP-e75905dd58f5a53b,4,5
1,SSCP-e7738f8f99a574f2,4,5
1,SSCP-e77833419c237620,4,5
1,SSCP-e793dcea6160706a,4,5
1,SSCP-e79add3267405924,4,5
1,SSCP-e7c803e0eb0e352e,4,5
1,SSCP-e7dee069a7367179,4,5
1,SSCP-e8018902f3846ad4,4,5
1,SSCP-e870e4df1d114e71,4,5
1,SSCP-e884c36e818aedbb,4,5
1,SSCP-e89f3236b42e04e4,4,5
1,SSCP-e8d2c1b43279976a,4,5
1,SSCP-e8e9fbbcd77c26bc,4,5
1,SSCP-e930e5fa6928d20e,4,5
1,SSCP-e93bff1fd5a5ba0e,4,5
1,SSCP-e9470f0123698bcb,4,5
1,SSCP-e98074058c739b3a,4,5
1,SSCP-e984a528faea7172,4,5
1,SSCP-e9c25757ed11ed2c,4,5
1,SSCP-e9cc72c9367474eb,4,5
1,SSCP-e9e2ab2378ac7b00,4,5
1,SSCP-ea7bae9c2ff21e96,4,5
1,SSCP-eb119e108f133cc4,4,5
1,SSCP-eb4944e712c63db9,4,5
1,SSCP-eb846f0850fabf2d,4,5
1,SSCP-ec0a91c108f61e0e,4,5
1,SSCP-ec2302b5f59fae7a,4,5
1,SSCP-ec315fe126a3c4d0,4,5
1,SSCP-ed40deee60a7f9ea,4,5
1,SSCP-ed47cedb59358bbb,4,5
1,SSCP-edcf9a57a5b830c5,4,5
1,SSCP-ede68de203aac616,4,5
1,SSCP-ee10bc6742c2a099,4,5
1,SSCP-ee530dc3a846e3e7,4,5
1,SSCP-ee6724d1742bf678,4,5
1,SSCP-ee92b0487691bb80,4,5
1,SSCP-eed654e9eac25bc0,4,5
1,SSCP-ef29cc3fb21bbc64,4,5
1,SSCP-ef47fe1bdb4750ad,4,5
1,SSCP-ef954e1a1432de42,4,5
1,SSCP-efbd5c7dd01233d9,4,5
1,SSCP-efc237d911a98f73,4,5
1,SSCP-efe89e77980f37bc,4,5
1,SSCP-eff64c393aa447be,4,5
1,SSCP-f018d27fe2dad16e,4,5
1,SSCP-f0c96e898a9749bc,4,5
1,SSCP-f0de1b2bae6827ce,4,5
1,SSCP-f0fb5c90d7cd6553,4,5
1,SSCP-f0fd986359df30be,4,5
1,SSCP-f1069a195aa447bb,4,5
1,SSCP-f14c960498261543,4,5
1,SSCP-f161a98821d13129,4,5
1,SSCP-f1726bc55b240f86,4,5
1,SSCP-f17f6f3c589b2e03,4,5
1,SSCP-f1c7df06ea22058e,4,5
1,SSCP-f1dc094b08774bc3,4,5
1,SSCP-f1f94a3858eae6e3,4,5
1,SSCP-f23059690c7c8181,4,5
1,SSCP-f2342a6ea2a52b20,4,5
1,SSCP-f2368591d515daa5,4,5
1,SSCP-f242d66572a8275f,4,5
1,SSCP-f245a612bbe97107,4,5
1,SSCP-f25d191f1840cba6,4,5
1,SSCP-f28a82f57ae0159a,4,5
1,SSCP-f299344c33bb2192,4,5
1,SSCP-f2be2e10921a9bdb,4,5
1,SSCP-f2e0d67d5f88a7f0,4,5
1,SSCP-f2f04451daccbd4d,4,5
1,SSCP-f30cec7c69785f41,4,5
1,SSCP-f39bd7351bb0d21e,4,5
1,SSCP-f3bdc042d847075e,4,5
1,SSCP-f3cfb0a0c9588f86,4,5
1,SSCP-f41cf3336b7a7b6b,4,5
1,SSCP-f43e624c4f0c15fe,4,5
1,SSCP-f4c61e8e0989b49b,4,5
1,SSCP-f4d4f2367123f623,4,5
1,SSCP-f4e05a320c4609de,4,5
1,SSCP-f57d23f5ed83f191,4,5
1,SSCP-f5bb9d8fe21dd31f,4,5
1,SSCP-f5c63f70455cc0af,4,5
1,SSCP-f5c6f48780993d2d,4,5
1,SSCP-f6202746c4eafa3d,4,5
1,SSCP-f6c149144ca3a461,4,5
1,SSCP-f6ec869134fd724e,4,5
1,SSCP-f75ad1d4b43e4a0a,4,5
1,SSCP-f766c4284883322e,4,5
1,SSCP-f7857ab095734da4,4,5
1,SSCP-f7fe57d191dd271c,4,5
1,SSCP-f837657097b3840e,4,5
1,SSCP-f86162afb5b862c9,4,5
1,SSCP-f889037b9eb5868d,4,5
1,SSCP-f8a90cb3d2b34635,4,5
1,SSCP-f8e0b827f57e785e,4,5
1,SSCP-f8ef5cf7c1f5f69c,4,5
1,SSCP-f9142513b432edd8,4,5
1,SSCP-f9a7b2c4165fce8a,4,5
1,SSCP-f9dafb4fb29927db,4,5
1,SSCP-f9e07c75530abbe5,4,5
1,SSCP-f9f544e8b5d12c11,4,5
1,SSCP-fac36820e275caa3,4,5
1,SSCP-fac8545ca1eb4872,4,5
1,SSCP-fad41f1e8146df89,4,5
1,SSCP-fae283ba7d9742f7,4,5
1,SSCP-fb2bd47a85459407,4,5
1,SSCP-fb463b9bbbb57316,4,5
1,SSCP-fb4c6ef3dc36820b,4,5
1,SSCP-fbf64a7d55d1375d,4,5
1,SSCP-fc077209f3715b69,4,5
1,SSCP-fc287c7c75c5bb69,4,5
1,SSCP-fc557c1f34cb84b6,4,5
1,SSCP-fc915f7e3c311c5b,4,5
1,SSCP-fd094b195496a769,4,5
1,SSCP-fd2df0e7cce210ab,4,5
1,SSCP-fd8bcdc36c2fbc17,4,5
1,SSCP-fda1f1553ac61e27,4,5
1,SSCP-fe165989b7e5bd50,4,5
1,SSCP-fe219f4f5ef58739,4,5
1,SSCP-fe30ffc70b246992,4,5
1,SSCP-fea4314407d8010a,4,5
1,SSCP-fec7654453ea0187,4,5
1,SSCP-fee1696267566ad1,4,5
1,SSCP-fefbd02b3c0f26ae,4,5
1,SSCP-ff1dc86539d7f45c,4,5
1,SSCP-ff39cb603c13c632,4,5
1,SSCP-ff4a1a307b4a9af9,4,5
1,SSCP-ff5596d7fa17eaa3,4,5
1,SSCP-ff71132e9fb095aa,4,5
1,SSCP-fff38c7dceeef9b4,4,5
2,SSCP-00095e8cb86235e5,1,1
2,SSCP-00a092a2f7a25ae1,1,1
2,SSCP-0101f020a34a701a,1,1
2,SSCP-016752729b9346ab,1,1
2,SSCP-018fb6e52e679f0f,1,1
2,SSCP-019f2cf3661c7a80,1,1
2,SSCP-01b0cd02748765e6,1,1
2,SSCP-028da6aedb47474e,1,1
2,SSCP-02b42f26cfb30b85,1,1
2,SSCP-02d0c9cd32848464,1,1
2,SSCP-030b725ccb616ba3,1,1
2,SSCP-031a0e7ab110f692,1,1
2,SSCP-032b95a39839267d,1,1
2,SSCP-0337e2d05d7e9513,1,1
2,SSCP-033a1ac1fcfcb18d,1,1
2,SSCP-036feb5468ec175d,1,1
2,SSCP-038f5d4979b7b308,1,1
2,SSCP-03ddc829284aa18f,1,1
2,SSCP-0407d6a8ec7f4d24,1,1
2,SSCP-0470f19b48a84e9e,1,1
2,SSCP-047db441c22939a3,1,1
2,SSCP-0491322505e1f7c0,1,1
2,SSCP-05083f3fe6d03fbe,1,1
2,SSCP-051c59dccea1cc72,1,1
2,SSCP-0541ffbeb32b84aa,1,1
2,SSCP-0543e2d064dbaaf0,1,1
2,SSCP-0551b59dfdb4ebf5,1,1
2,SSCP-05a1c7adfb119a3b,1,1
2,SSCP-05c95ce5ac93542b,1,1
2,SSCP-05d38ecbfa8078d3,1,1
2,SSCP-063303c21e686931,1,1
2,SSCP-06639b60e733c06a,1,1
2,SSCP-0676fe3192a9d005,1,1
2,SSCP-06bed51ecb30370b,1,1
2,SSCP-06ff045d9e1b372d,1,1
2,SSCP-07b16dec14914beb,1,1
2,SSCP-07bf1c319510730f,1,1
2,SSCP-08636f613c722976,1,1
2,SSCP-086eb5d31c3e559b,1,1
2,SSCP-087c744b7b1ff895,1,1
2,SSCP-087fa01f443e7b51,1,1
2,SSCP-088b4136463e54e3,1,1
2,SSCP-08a3f926221057dd,1,1
2,SSCP-08ed200294d92f15,1,1
2,SSCP-094b34d954723e56,1,1
2,SSCP-0954a93f474638b8,1,1
2,SSCP-09611728f950164f,1,1
2,SSCP-09a3d2a194610044,1,1
2,SSCP-09ac8d9cd72f6424,1,1
2,SSCP-09b8c58cbbf771fd,1,1
2,SSCP-09cbaef98fd10b79,1,1
2,SSCP-09d2283cc6d9aaa9,1,1
2,SSCP-0a387cd505763058,1,1
2,SSCP-0a5dcb3e054c6309,1,1
2,SSCP-0a782141866de643,1,1
2,SSCP-0ad1ff3c223acf98,1,1
2,SSCP-0ae04150a6f9a6c1,1,1
2,SSCP-0ae4a3ee8a233391,1,1
2,SSCP-0b44cedb59e1839d,1,1
2,SSCP-0bcac4da970eedf5,1,1
2,SSCP-0be9d245918953d3,1,1
2,SSCP-0c185a5b0a74805e,1,1
2,SSCP-0c6fb5555c96f60d,1,1
2,SSCP-0cd582e696a8f274,1,1
2,SSCP-0d5647406ef0b2c4,1,1
2,SSCP-0d7c867d902cb141,1,1
2,SSCP-0dd2afba8650ec67,1,1
2,SSCP-0dd861c6276096cc,1,1
2,SSCP-0e0770c4a7259b85,1,1
2,SSCP-0e26effaaee2ba03,1,1
2,SSCP-0e74bc5ad044471a,1,1
2,SSCP-0ea2e73c0ebeb556,1,1
2,SSCP-0eaf37497e9c9220,1,1
2,SSCP-0ef0720f1a8912fd,1,1
2,SSCP-0ef87e83b2756462,1,1
2,SSCP-0f1489f360fe90ae,1,1
2,SSCP-0f449899ba993ece,1,1
2,SSCP-0f8125c13742d544,1,1
2,SSCP-0fa9b27355d7306b,1,1
2,SSCP-0fc64047996ee95f,1,1
2,SSCP-0feeb3de3b6750f7,1,1
2,SSCP-10257764a06f1f47,1,1
2,SSCP-106d6d4ac2f8a2ce,1,1
2,SSCP-10f6b2730268bb94,1,1
2,SSCP-115f6fddc1815ebd,1,1
2,SSCP-119a2bc31f033483,1,1
2,SSCP-11ccf5726e5bcc34,1,1
2,SSCP-11f55c80c8c2d697,1,1
2,SSCP-1217a6093be91573,1,1
2,SSCP-123b84b412af66b0,1,1
2,SSCP-1253828cac50252e,1,1
2,SSCP-12741ecb89eec870,1,1
2,SSCP-12e8c25d254bcd99,1,1
2,SSCP-1300bb1d0d74efdb,1,1
2,SSCP-132b93039450368b,1,1
2,SSCP-133368b1a3d654fc,1,1
2,SSCP-134cba193e54d078,1,1
2,SSCP-13697b2f0ef94590,1,1
2,SSCP-13de4456618c885e,1,1
2,SSCP-1488e04b6f25574b,1,1
2,SSCP-14b95b7791126a52,1,1
2,SSCP-14c52b534fe4a358,1,1
2,SSCP-1575d20e43087934,1,1
2,SSCP-157bbdde105e8f6c,1,1
2,SSCP-157c52c725a593f2,1,1
2,SSCP-158be948cfb4f2e5,1,1
2,SSCP-15b294c00698bcf4,1,1
2,SSCP-15c0219a4e3919cb,1,1
2,SSCP-162e9e748070ebc3,1,1
2,SSCP-167e1bda118b468e,1,1
2,SSCP-168793525f21cd8d,1,1
2,SSCP-16a2265ff807b972,1,1
2,SSCP-16b0341ae416bca1,1,1
2,SSCP-16e62d891cd93cbd,1,1
2,SSCP-1730ea7b9ce82502,1,1
2,SSCP-173daa47f98f8f0f,1,1
2,SSCP-17413df638a6772f,1,1
2,SSCP-175eb0ee3efb46aa,1,1
2,SSCP-175ed88749e988cb,1,1
2,SSCP-176a6a911b2dde43,1,1
2,SSCP-176c06ed358ffc9a,1,1
2,SSCP-176edca2565e1976,1,1
2,SSCP-179439578e29f53f,1,1
2,SSCP-17dec04a752b8388,1,1
2,SSCP-18327c67c84a5749,1,1
2,SSCP-185b09b6d572d8bc,1,1
2,SSCP-18a3e0a448006590,1,1
2,SSCP-18be57feda8c51f8,1,1
2,SSCP-18e0f4f5c7884b43,1,1
2,SSCP-19138646c5726969,1,1
2,SSCP-191fcd4c0eec6e0a,1,1
2,SSCP-193b9a85fa67b590,1,1
2,SSCP-194f60655929b0cf,1,1
2,SSCP-19631882ef0d6f99,1,1
2,SSCP-1983215dff510d4a,1,1
2,SSCP-1992d3811512011f,1,1
2,SSCP-19c12ff4ad3ddba3,1,1
2,SSCP-1a05bb6709697877,1,1
2,SSCP-1a0d0daadc027570,1,1
2,SSCP-1a327d5fbf1dddbd,1,1
2,SSCP-1a3de188be191fc1,1,1
2,SSCP-1a7be44c90785475,1,1
2,SSCP-1a9b24d338d2b494,1,1
2,SSCP-1a9d6a5ab4b2f6c5,1,1
2,SSCP-1b3b8aee0a6c3644,1,1
2,SSCP-1b75ecfc724c270c,1,1
2,SSCP-1bf19460a8e3d9bb,1,1
2,SSCP-1d12f8f94daa8c34,1,1
2,SSCP-1d78b52b3d417a36,1,1
2,SSCP-1db5d35058ca9ac1,1,1
2,SSCP-1e12658d69595b8b,1,1
2,SSCP-1e7801faf668490c,1,1
2,SSCP-1e9d5fe376e616b0,1,1
2,SSCP-1ebaac2ba4e30cd3,1,1
2,SSCP-1ece110834f76bc8,1,1
2,SSCP-1ed321a2cc144e3b,1,1
2,SSCP-1ee81918ee986143,1,1
2,SSCP-1ef76e9f2459aa9f,1,1
2,SSCP-1f2e97a517c7aef3,1,1
2,SSCP-1fd2a2fb910b2c51,1,1
2,SSCP-2034eda3cada94bc,1,1
2,SSCP-2060a481ca9a078f,1,1
2,SSCP-20722e7ab3b7042c,1,1
2,SSCP-2077c00cba2793aa,1,1
2,SSCP-2082220902ee0150,1,1
2,SSCP-20a268f59aad0fdb,1,1
2,SSCP-20b7a41eadb60599,1,1
2,SSCP-20f5532e6f19b81e,1,1
2,SSCP-20fb80bb34d7b069,1,1
2,SSCP-211a2ed062f8ae7e,1,1
2,SSCP-211b98fda3fafb36,1,1
2,SSCP-2124329a97efb69e,1,1
2,SSCP-21269da168789676,1,1
2,SSCP-212a221cdbb7fc7b,1,1
2,SSCP-217c84cac56f9259,1,1
2,SSCP-219ea94032f238a8,1,1
2,SSCP-21b17b90fa492742,1,1
2,SSCP-21dfb8afcdfe6eee,1,1
2,SSCP-21fb7432b4678a4f,1,1
2,SSCP-2261fc486ef50b6c,1,1
2,SSCP-22998165e6209253,1,1
2,SSCP-22a33a72dcd09973,1,1
2,SSCP-22c51ae70e7af363,1,1
2,SSCP-22e4a817ace7fa81,1,1
2,SSCP-22f19cabf3e44425,1,1
2,SSCP-2359b60881bfc716,1,1
2,SSCP-2377379416ef5de4,1,1
2,SSCP-23a61c94d87f4a5a,1,1
2,SSCP-23bec4376182764a,1,1
2,SSCP-23c20c6c18e5d3a8,1,1
2,SSCP-2471f4bec23bb260,1,1
2,SSCP-24c108cb70ce761a,1,1
2,SSCP-24dc3bc5d7cc8f56,1,1
2,SSCP-254283ec79ea2b29,1,1
2,SSCP-25504a174bfe4815,1,1
2,SSCP-25826f40993ae5c0,1,1
2,SSCP-25b1d36c781164c7,1,1
2,SSCP-25b2ac527f8cb1e0,1,1
2,SSCP-25c8ca9343839cb7,1,1
2,SSCP-25e96080dcf37e9f,1,1
2,SSCP-2613bfa1be2885ba,1,1
2,SSCP-2615d2060699bfce,1,1
2,SSCP-2648a5bd90edf990,1,1
2,SSCP-26a55f56c9be2390,1,1
2,SSCP-26b1f1968db573f7,1,1
2,SSCP-26d7dadbe57eb220,1,1
2,SSCP-26e4743e77116f64,1,1
2,SSCP-27430a7cc4d81d90,1,1
2,SSCP-275501ac0c8ac05b,1,1
2,SSCP-2775db0d388e5cef,1,1
2,SSCP-27bb49ddad16c004,1,1
2,SSCP-27efbdc96065eba6,1,1
2,SSCP-28704aa95103667d,1,1
2,SSCP-28949c14e5358fbe,1,1
2,SSCP-28fd6c7957fe75e0,1,1
2,SSCP-290336a138ee947b,1,1
2,SSCP-29629bc1a9afe664,1,1
2,SSCP-298589125e2d1196,1,1
2,SSCP-298dc1d46d24e7fb,1,1
2,SSCP-29cc92dd858f214c,1,1
2,SSCP-29f327c4306f0370,1,1
2,SSCP-2a66c8b8c5c5b64e,1,1
2,SSCP-2ad67f55026ad39a,1,1
2,SSCP-2af68cd99e476314,1,1
2,SSCP-2b1360f1dc41f802,1,1
2,SSCP-2b1b25e01acef756,1,1
2,SSCP-2b36b33c67eb2f99,1,1
2,SSCP-2b7e145708cb4387,1,1
2,SSCP-2bd001189a6fdec0,1,1
2,SSCP-2cba5a05f0b1da73,1,1
2,SSCP-2cf2749b601bcd89,1,1
2,SSCP-2cf8c3df30342a25,1,1
2,SSCP-2d221817366dd827,1,1
2,SSCP-2d6a184b66188fea,1,1
2,SSCP-2de84f709dde4507,1,1
2,SSCP-2e753f217fd02a84,1,1
2,SSCP-2ec31ad791a7c3bf,1,1
2,SSCP-2ed813e3526fa810,1,1
2,SSCP-2eed17d982412023,1,1
2,SSCP-2eee045a2395647e,1,1
2,SSCP-2f0b477276df94ea,1,1
2,SSCP-2fc167f23fda48ff,1,1
2,SSCP-30044ff81fec9f22,1,1
2,SSCP-30493e3468c3322d,1,1
2,SSCP-3072bd8330e6a834,1,1
2,SSCP-307a49a088bd1cbb,1,1
2,SSCP-3093ff773e7b4ec2,1,1
2,SSCP-309f03172f99f1ca,1,1
2,SSCP-30d20286fb861f3d,1,1
2,SSCP-30d4a7bc1468ec81,1,1
2,SSCP-31727ff7bb87324a,1,1
2,SSCP-319264c11b74938e,1,1
2,SSCP-32394366e2a6d91c,1,1
2,SSCP-3251142837fa495c,1,1
2,SSCP-3279b17f57599dcd,1,1
2,SSCP-32a0e050e82855b7,1,1
2,SSCP-33010e1584633619,1,1
2,SSCP-33a7b5ed7b62348d,1,1
2,SSCP-33e641c74b60ef23,1,1
2,SSCP-344422c139d8de6a,1,1
2,SSCP-34549e8b13e3190c,1,1
2,SSCP-34722d9375a3d563,1,1
2,SSCP-34a3febcdd025b0e,1,1
2,SSCP-34ded1e2a4da452a,1,1
2,SSCP-3529e8057f4e46ef,1,1
2,SSCP-352c1f29289b0e81,1,1
2,SSCP-3590a9695aaf425a,1,1
2,SSCP-35acb237f48ccb13,1,1
2,SSCP-35adf34f23d0e193,1,1
2,SSCP-35d2ad51a0be1032,1,1
2,SSCP-35dc08f82e7b1bee,1,1
2,SSCP-36018f8735cc907f,1,1
2,SSCP-360588c600173902,1,1
2,SSCP-3640e016365d0b4e,1,1
2,SSCP-36b109eb34dd3780,1,1
2,SSCP-36b1316c397ccd1c,1,1
2,SSCP-36c39590183b08da,1,1
2,SSCP-36c3962d0ee28718,1,1
2,SSCP-36f497d1b25aad2d,1,1
2,SSCP-3795632927db465e,1,1
2,SSCP-37b1718bb8f750f6,1,1
2,SSCP-37fd5e87db6293fc,1,1
2,SSCP-384e45b074dd9512,1,1
2,SSCP-3887400db64ece22,1,1
2,SSCP-3903d039b98a156a,1,1
2,SSCP-3932b683ceb6d11c,1,1
2,SSCP-39c425fa404ab2e2,1,1
2,SSCP-39d7ac754e0bcde1,1,1
2,SSCP-3a093dc24f46978c,1,1
2,SSCP-3a5474b2da2c73d0,1,1
2,SSCP-3a63ad5fb85c1ad7,1,1
2,SSCP-3a830b054969073a,1,1
2,SSCP-3a93150ab522be30,1,1
2,SSCP-3acd50e3346dad3c,1,1
2,SSCP-3ad527b2d9253252,1,1
2,SSCP-3b7581e51f6c219e,1,1
2,SSCP-3b8e1e8d191857aa,1,1
2,SSCP-3bbf7b070dc95578,1,1
2,SSCP-3bc9e0e7b480a994,1,1
2,SSCP-3bcd645a83312e31,1,1
2,SSCP-3bcd6c661df5c71c,1,1
2,SSCP-3bea1fcbcbbe7126,1,1
2,SSCP-3c1a8a65508b0db3,1,1
2,SSCP-3c1f22485f894830,1,1
2,SSCP-3c3cb9e0c0dd3cfb,1,1
2,SSCP-3c50a7e9c4066377,1,1
2,SSCP-3ca419a0f4be920a,1,1
2,SSCP-3cdbace5bb63df6d,1,1
2,SSCP-3d045d72f46ec2ff,1,1
2,SSCP-3defbd0f55ac8a16,1,1
2,SSCP-3e0b1e23db9e84ca,1,1
2,SSCP-3e16aafec3e2068d,1,1
2,SSCP-3e28875f463a4acc,1,1
2,SSCP-3e343ab0a2e965ca,1,1
2,SSCP-3ea1c8bf2356183c,1,1
2,SSCP-3ead74389af1ecaa,1,1
2,SSCP-3eb736fc5c8cd3b9,1,1
2,SSCP-3ed09cbd0c03d88b,1,1
2,SSCP-3edbf9f96e35953b,1,1
2,SSCP-3f048c533fc7af12,1,1
2,SSCP-3f77f2db433c523e,1,1
2,SSCP-3f7eec5435943410,1,1
2,SSCP-3fca4fb853127765,1,1
2,SSCP-4008d92c416f2b66,1,1
2,SSCP-402f4763b55803c5,1,1
2,SSCP-404241eb5300588a,1,1
2,SSCP-4070f5d9c2fc75ff,1,1
2,SSCP-40795932033fb8d3,1,1
2,SSCP-410bb3caa4005c81,1,1
2,SSCP-410c80c18cc79fcf,1,1
2,SSCP-41f8a5ed71e5316e,1,1
2,SSCP-426a9638e861ebd0,1,1
2,SSCP-4273a1f650a30a47,1,1
2,SSCP-42da6ef2784a9aff,1,1
2,SSCP-42eacf363ad74bbc,1,1
2,SSCP-435de4ae70dbc6fa,1,1
2,SSCP-438f4e85d2254c9d,1,1
2,SSCP-4391321010f670f2,1,1
2,SSCP-43ab9b9619560bd6,1,1
2,SSCP-43caa7d251b8d756,1,1
2,SSCP-43ef95038810e3f8,1,1
2,SSCP-4407b1c22f8496a2,1,1
2,SSCP-445ffa43528e1c4e,1,1
2,SSCP-44e5f9dffba64c47,1,1
2,SSCP-450187cb1a7de137,1,1
2,SSCP-4531c17cac49a4f5,1,1
2,SSCP-453eea92b352a3f1,1,1
2,SSCP-456f46851ade81b8,1,1
2,SSCP-45b08ab22be7b1e1,1,1
2,SSCP-45c9082d29e68210,1,1
2,SSCP-45d2de95d2347545,1,1
2,SSCP-45e8cfd95b0543c7,1,1
2,SSCP-45f3614ecbcad5aa,1,1
2,SSCP-467e352e048b305f,1,1
2,SSCP-46859832e6f9cdb8,1,1
2,SSCP-46cf95c2a082b07c,1,1
2,SSCP-4717ec4239f92289,1,1
2,SSCP-4760dda70bac9a3c,1,1
2,SSCP-47b90f8589223383,1,1
2,SSCP-47d4747b4a686d8f,1,1
2,SSCP-47d8f77e58653273,1,1
2,SSCP-484cfc8b5330c37e,1,1
2,SSCP-48fdf586b5b620d2,1,1
2,SSCP-491a2e615102884f,1,1
2,SSCP-491a34cdef1ac33b,1,1
2,SSCP-491d85885d8f5d55,1,1
2,SSCP-494b2062c79202ee,1,1
2,SSCP-497adc52eb0cbfbb,1,1
2,SSCP-498f043bf1355400,1,1
2,SSCP-499302c762db8f6d,1,1
2,SSCP-499e8d7ef0eccd84,1,1
2,SSCP-49ba18261155dc82,1,1
2,SSCP-49d805438c7f1c39,1,1
2,SSCP-49e4e551f3d56715,1,1
2,SSCP-4a3981a8bf2d2ecc,1,1
2,SSCP-4a3acdbbaf8c897e,1,1
2,SSCP-4a4d72767f91f613,1,1
2,SSCP-4a7151c3a1bf682f,1,1
2,SSCP-4a74e9a1872d6ce5,1,1
2,SSCP-4aaed91ca19c1d4b,1,1
2,SSCP-4ae6eec72c9dcea4,1,1
2,SSCP-4ae92787b44d010e,1,1
2,SSCP-4afd01791d20f762,1,1
2,SSCP-4b520408061ce58b,1,1
2,SSCP-4b52982a8e533c5e,1,1
2,SSCP-4b709e059509f287,1,1
2,SSCP-4bdbc7ba99dd0dc1,1,1
2,SSCP-4c41e500948065bd,1,1
2,SSCP-4c50716c85ffb8fe,1,1
2,SSCP-4c99ded96609b328,1,1
2,SSCP-4cae918cf55901ca,1,1
2,SSCP-4cbdadb72b5accf5,1,1
2,SSCP-4d55fd0609146b62,1,1
2,SSCP-4d980f1653a161df,1,1
2,SSCP-4dc648989bbbc924,1,1
2,SSCP-4ddb4fdd7bcd3e5c,1,1
2,SSCP-4dffcc3e3646dc3c,1,1
2,SSCP-4e020370fc4630cf,1,1
2,SSCP-4eb1c6e00a02cbf3,1,1
2,SSCP-4f3cc995e9cbc1ec,1,1
2,SSCP-4f7f967fd5d1d9a3,1,1
2,SSCP-4f8c23d7104ef9ba,1,1
2,SSCP-4fb9753c6cb666a7,1,1
2,SSCP-500b4d505711aa9d,1,1
2,SSCP-50da7f187080f427,1,1
2,SSCP-512d972499a3b754,1,1
2,SSCP-5170b25b9ca400eb,1,1
2,SSCP-51744dee7e6a567a,1,1
2,SSCP-5184ddeaa9d2f207,1,1
2,SSCP-51b8acaad677b434,1,1
2,SSCP-523a4b1494c8cf95,1,1
2,SSCP-523cba9df755677d,1,1
2,SSCP-5250669abd001a45,1,1
2,SSCP-5308083fef30ce42,1,1
2,SSCP-5322fde440c05450,1,1
2,SSCP-534c2f0b2fefa622,1,1
2,SSCP-53513486a722b242,1,1
2,SSCP-53548812ed70c653,1,1
2,SSCP-535f7998a166004c,1,1
2,SSCP-53f13f0f5292a3e3,1,1
2,SSCP-54deeaa30bd20cb0,1,1
2,SSCP-54f57466a401b8fc,1,1
2,SSCP-54f6b78965e5f864,1,1
2,SSCP-551ee949b3637ced,1,1
2,SSCP-55208d47b401b042,1,1
2,SSCP-55326284cd3da4c1,1,1
2,SSCP-55529ab2f275b181,1,1
2,SSCP-5592d5aea4eb21e4,1,1
2,SSCP-562a4d217eb832a6,1,1
2,SSCP-562e969cc051a3ea,1,1
2,SSCP-5635e5aa20de9e6b,1,1
2,SSCP-56360188dca61a65,1,1
2,SSCP-5663bde93ff612f6,1,1
2,SSCP-56793fc6294d0a97,1,1
2,SSCP-568353bf3af391cb,1,1
2,SSCP-5687c85e9626febc,1,1
2,SSCP-56a2a41c0ab946b6,1,1
2,SSCP-56e08fc740376f68,1,1
2,SSCP-5706801c7b224e22,1,1
2,SSCP-57102290389c85fc,1,1
2,SSCP-573596ce3cb92412,1,1
2,SSCP-5756825133fef6c3,1,1
2,SSCP-575f7641ddac8ffb,1,1
2,SSCP-576a671cb3c34ac8,1,1
2,SSCP-576def1035d3cb60,1,1
2,SSCP-5795df8803fae94b,1,1
2,SSCP-57acada3924a2347,1,1
2,SSCP-587df98aa9dbf959,1,1
2,SSCP-588825e15e87ccaa,1,1
2,SSCP-5894e5c1facd990c,1,1
2,SSCP-58e7aeb332a3c5bd,1,1
2,SSCP-58f30935bcc52d52,1,1
2,SSCP-594643bc4757bc0a,1,1
2,SSCP-59636aedd967aff6,1,1
2,SSCP-5985f8c4fe067510,1,1
2,SSCP-5992d127bc0454b1,1,1
2,SSCP-59cc0440cdf02c95,1,1
2,SSCP-5a0a071412e4eefc,1,1
2,SSCP-5a6e62b6dd128cbb,1,1
2,SSCP-5ab8ed293efd6e2a,1,1
2,SSCP-5ab9539fbbd74654,1,1
2,SSCP-5af59f82734992c0,1,1
2,SSCP-5b1376ce96f703d7,1,1
2,SSCP-5b26573bede36992,1,1
2,SSCP-5b6a0425383a86c0,1,1
2,SSCP-5bae9914bb10c456,1,1
2,SSCP-5c17e7ea72c62219,1,1
2,SSCP-5c3cc21efcb14a6e,1,1
2,SSCP-5c67b17006b8de79,1,1
2,SSCP-5c6d9c27144ba625,1,1
2,SSCP-5c78eafe904ebb82,1,1
2,SSCP-5c91304898727a49,1,1
2,SSCP-5cb5991c549ede79,1,1
2,SSCP-5cc22ba879dad7d2,1,1
2,SSCP-5d8ad433d6e5e85e,1,1
2,SSCP-5daab4af5fa7bf4b,1,1
2,SSCP-5db98c24454c6e59,1,1
2,SSCP-5deea4cc752a5ca3,1,1
2,SSCP-5e12c262f812073e,1,1
2,SSCP-5e27cba5d6984672,1,1
2,SSCP-5e58caf5f8e1c0c1,1,1
2,SSCP-5eb510bbf21a1afd,1,1
2,SSCP-5ee1aef80c59d124,1,1
2,SSCP-5ef7ab5e663bdfac,1,1
2,SSCP-5f1643fa957855e4,1,1
2,SSCP-5f6eacb2344bcf20,1,1
2,SSCP-5f8b3c739792a5d1,1,1
2,SSCP-5fa83eca06323bac,1,1
2,SSCP-5fdd03a7aebe7b16,1,1
2,SSCP-5fdec548dff939fc,1,1
2,SSCP-5feb74b31f4855b3,1,1
2,SSCP-606111be03933d54,1,1
2,SSCP-608696230973dca6,1,1
2,SSCP-609d024cc654c453,1,1
2,SSCP-61af292fa95405d5,1,1
2,SSCP-61b4dd9181179825,1,1
2,SSCP-61b9859344cc426d,1,1
2,SSCP-61d6489dc99e116a,1,1
2,SSCP-61e3f5095de23de1,1,1
2,SSCP-62009276a969063c,1,1
2,SSCP-620dc765f50e4953,1,1
2,SSCP-621726ccd22bf158,1,1
2,SSCP-624158c77cff20d0,1,1
2,SSCP-62c43e814cf9db0a,1,1
2,SSCP-62f9ca618137cc35,1,1
2,SSCP-631e86522259a1aa,1,1
2,SSCP-63211abcf55abab8,1,1
2,SSCP-63a5e9558fd2a4c7,1,1
2,SSCP-63ae937778ecb74f,1,1
2,SSCP-640a8982a75fa310,1,1
2,SSCP-640e2371ecd1c62b,1,1
2,SSCP-6427fe08d91ed7e2,1,1
2,SSCP-642e6a296315fbc2,1,1
2,SSCP-64478ef28a543f5a,1,1
2,SSCP-647387ca089a2664,1,1
2,SSCP-64aac172e6cd4dfb,1,1
2,SSCP-64deff97f0f77c8a,1,1
2,SSCP-6526980778d619b4,1,1
2,SSCP-652790d78f3ed7d4,1,1
2,SSCP-657bc02f309da03d,1,1
2,SSCP-65bf78dc49c8b372,1,1
2,SSCP-66030863d9495cf3,1,1
2,SSCP-6656f86ac88736d3,1,1
2,SSCP-66734c451e4ece7b,1,1
2,SSCP-66d2fabf5bff159b,1,1
2,SSCP-66f4f6382dbed81b,1,1
2,SSCP-66ff6469bd7cec2d,1,1
2,SSCP-67117dc980b1e6d8,1,1
2,SSCP-672413687901adeb,1,1
2,SSCP-6758711ecba29a00,1,1
2,SSCP-677dd7def4cf43d2,1,1
2,SSCP-67adc4f81f723277,1,1
2,SSCP-67c7d1212db02a80,1,1
2,SSCP-6833bdba801fbc89,1,1
2,SSCP-68ab37aa0b03a1a3,1,1
2,SSCP-68b93ae93c747b7d,1,1
2,SSCP-68cf33e2fafcab79,1,1
2,SSCP-6922e565472de0ef,1,1
2,SSCP-695ffcba077adf70,1,1
2,SSCP-6960dec695da5cd2,1,1
2,SSCP-696c5ffe68b6ba14,1,1
2,SSCP-696e29363483126c,1,1
2,SSCP-696febb25971b9fa,1,1
2,SSCP-69f25014e00dfe4d,1,1
2,SSCP-69fa3809e4944d12,1,1
2,SSCP-6a4f39c867e9e066,1,1
2,SSCP-6a5b58cb5632c1b6,1,1
2,SSCP-6a9facd2a03a0b4c,1,1
2,SSCP-6ab5c732cf67c007,1,1
2,SSCP-6abfe8daf8908676,1,1
2,SSCP-6ad4a1b01543dd97,1,1
2,SSCP-6aea4a651825c2da,1,1
2,SSCP-6b71567e2a2d532e,1,1
2,SSCP-6bd825b2ab614b28,1,1
2,SSCP-6bdb4a56155d3c94,1,1
2,SSCP-6c41b33e3ca0a570,1,1
2,SSCP-6c6984b3257c90bc,1,1
2,SSCP-6cfc59ad5b3ff5c3,1,1
2,SSCP-6d8a1d75beb2e66e,1,1
2,SSCP-6db24efb8ea85652,1,1
2,SSCP-6de423d02720227a,1,1
2,SSCP-6de775418a341478,1,1
2,SSCP-6e0c6bfe8dbbbadb,1,1
2,SSCP-6e29b2cd622bb333,1,1
2,SSCP-6e371a17d788269c,1,1
2,SSCP-6ebc02d47004bb73,1,1
2,SSCP-6f065c1c4a081e63,1,1
2,SSCP-6f2d237c290a27cd,1,1
2,SSCP-6f639d8d6e444ec4,1,1
2,SSCP-6faebe564cf7cbb3,1,1
2,SSCP-6fd345919159adf4,1,1
2,SSCP-700378e20ddf7c6a,1,1
2,SSCP-7041a3e7d0f4a2e8,1,1
2,SSCP-705aa6dc25ad4ac3,1,1
2,SSCP-70c99fddebe0adb0,1,1
2,SSCP-711587c0594684f4,1,1
2,SSCP-71200506dd1e67cb,1,1
2,SSCP-713ec2efbdf65e30,1,1
2,SSCP-7184b29aa7e258ee,1,1
2,SSCP-723d852dd6756fb5,1,1
2,SSCP-72d03e80b0be2cb1,1,1
2,SSCP-73033ab9e5a73225,1,1
2,SSCP-7306b043253bd0e5,1,1
2,SSCP-732786c565d54f8f,1,1
2,SSCP-7328e6418345f52f,1,1
2,SSCP-733b8c382fa4bfd2,1,1
2,SSCP-73885c692f44e7b2,1,1
2,SSCP-747b9d0f24c80ec7,1,1
2,SSCP-74a85133dfcd6e7d,1,1
2,SSCP-74b13a9f23c4e673,1,1
2,SSCP-74dc96d8a7159072,1,1
2,SSCP-750f5bae6287821d,1,1
2,SSCP-75142159959d5cb9,1,1
2,SSCP-7550afb09be8d226,1,1
2,SSCP-7558a8b9600b1f81,1,1
2,SSCP-7584a619a771b6f0,1,1
2,SSCP-75c7af7c090c9b83,1,1
2,SSCP-75d04da78cfc146c,1,1
2,SSCP-75f4a3afe03fbdda,1,1
2,SSCP-75f5ff4365549127,1,1
2,SSCP-76034d49f3909685,1,1
2,SSCP-763717fd7c56a624,1,1
2,SSCP-7655e11cb4b75c8d,1,1
2,SSCP-76d5008b7b965178,1,1
2,SSCP-76eff1dd1288a408,1,1
2,SSCP-76f626950fe8ba7a,1,1
2,SSCP-77097c43b979ed02,1,1
2,SSCP-7741f97f775f3285,1,1
2,SSCP-774a3d5bf4ff1ea4,1,1
2,SSCP-77c78bc7522d1997,1,1
2,SSCP-77d55c2efeee956f,1,1
2,SSCP-78171775993f046d,1,1
2,SSCP-7830ca674c63928c,1,1
2,SSCP-78909c15f8bfd975,1,1
2,SSCP-78b2f5836fa77281,1,1
2,SSCP-78b85e0cbd58643e,1,1
2,SSCP-78fee748bca35762,1,1
2,SSCP-78ffcfadacea1ecd,1,1
2,SSCP-796ad7e7825bddb9,1,1
2,SSCP-7982464200b1a4fd,1,1
2,SSCP-79c6d4438ab23309,1,1
2,SSCP-79ce1c7d1c64ac16,1,1
2,SSCP-79d9969ea4b8e1cc,1,1
2,SSCP-79dc6b4a6f8aaec2,1,1
2,SSCP-79e94cd8cfcac9a9,1,1
2,SSCP-7a01be3565ee96f4,1,1
2,SSCP-7a05c6adee085941,1,1
2,SSCP-7a58910c0e91a80f,1,1
2,SSCP-7a6ff8721fa67979,1,1
2,SSCP-7a7ca0c8a7a940ff,1,1
2,SSCP-7ab134a30b9878c6,1,1
2,SSCP-7afdab44bd1b5e04,1,1
2,SSCP-7b053ec27808a10c,1,1
2,SSCP-7b0820a8f4c384a9,1,1
2,SSCP-7b1c6193733647a9,1,1
2,SSCP-7b23c78c0cbbca35,1,1
2,SSCP-7b6f75f13d3ca931,1,1
2,SSCP-7ba474cab40e6744,1,1
2,SSCP-7bd1928129f4f893,1,1
2,SSCP-7bd5903780aef536,1,1
2,SSCP-7be0a5917af69476,1,1
2,SSCP-7c373bcef22888eb,1,1
2,SSCP-7c3bed71404b73e0,1,1
2,SSCP-7c91fab0c6da178c,1,1
2,SSCP-7c96b403b61cbd51,1,1
2,SSCP-7ca8edc405c007d0,1,1
2,SSCP-7cb6762274fde5aa,1,1
2,SSCP-7cd645a84cc50445,1,1
2,SSCP-7cf6b5099ef2651e,1,1
2,SSCP-7cfdbcae308430b0,1,1
2,SSCP-7d200845682ab68f,1,1
2,SSCP-7d4783fcd98397a9,1,1
2,SSCP-7dc83a3dc3de7c67,1,1
2,SSCP-7dfb1d6e2ebbcd24,1,1
2,SSCP-7dfeabf034524e2e,1,1
2,SSCP-7e02b7b8a149b7ac,1,1
2,SSCP-7e5394c30d0f5f92,1,1
2,SSCP-7e57e653969139a3,1,1
2,SSCP-7ea24a071d03e6cb,1,1
2,SSCP-7eb0575dc199708f,1,1
2,SSCP-7ed92538e75eaad6,1,1
2,SSCP-7f16bf47b4eac318,1,1
2,SSCP-7f68b804697fa83b,1,1
2,SSCP-7f6da7b707707b13,1,1
2,SSCP-7f93853a002f695e,1,1
2,SSCP-7fa1ac299f53cf25,1,1
2,SSCP-8011409942422d95,1,1
2,SSCP-80c12ff25da6471c,1,1
2,SSCP-80cd1e35d35d629e,1,1
2,SSCP-81040a11b0141b1b,1,1
2,SSCP-811f3b34be8b6b38,1,1
2,SSCP-8124d82428dcdd35,1,1
2,SSCP-813d93799d16cb10,1,1
2,SSCP-81504dda02cf9e13,1,1
2,SSCP-818c60b27f214b7f,1,1
2,SSCP-818cc21ef6651cf2,1,1
2,SSCP-82279135274991f5,1,1
2,SSCP-82699cef622fd377,1,1
2,SSCP-82a420af2e26fa76,1,1
2,SSCP-82e8def3da3ca9c4,1,1
2,SSCP-83c2d4d1a18d83da,1,1
2,SSCP-84aa844e593861e8,1,1
2,SSCP-84c617c7d8161814,1,1
2,SSCP-84d287ad721484c9,1,1
2,SSCP-84e3e858c42f2ffc,1,1
2,SSCP-8536b535ff245afd,1,1
2,SSCP-85371653897c6d88,1,1
2,SSCP-853a9e3b6f5d627a,1,1
2,SSCP-858a1505583f9749,1,1
2,SSCP-85b160ad8650396e,1,1
2,SSCP-85e8de5baad62979,1,1
2,SSCP-863047c460278521,1,1
2,SSCP-863e3b3f391f396b,1,1
2,SSCP-863eb9ac5fbd93f2,1,1
2,SSCP-864bb3357644e60e,1,1
2,SSCP-8720c61a2681220c,1,1
2,SSCP-872b7fa7a320c64d,1,1
2,SSCP-87d7e30aaf4d96f2,1,1
2,SSCP-880d027db8b0dae5,1,1
2,SSCP-880f1d6db1543643,1,1
2,SSCP-8811018ef2d9b6fc,1,1
2,SSCP-88111ba4ef652913,1,1
2,SSCP-88185b72994ff278,1,1
2,SSCP-888ec90daba33ec5,1,1
2,SSCP-889e00345493ef8d,1,1
2,SSCP-88db50e1a5f54e1d,1,1
2,SSCP-88e78acc804181d4,1,1
2,SSCP-88e8d2f66bfcffa6,1,1
2,SSCP-89043c140696824b,1,1
2,SSCP-893008c117ffee22,1,1
2,SSCP-893c84af0edf63df,1,1
2,SSCP-8993f90d5635b47b,1,1
2,SSCP-89b72747851abb48,1,1
2,SSCP-89c6494771611e46,1,1
2,SSCP-89e06f11c06cc15b,1,1
2,SSCP-8a01a3da88342e56,1,1
2,SSCP-8a18f985738488ac,1,1
2,SSCP-8a8be1309b983678,1,1
2,SSCP-8ab5b5f79a3f6fb8,1,1
2,SSCP-8af5cb3c7c96aa87,1,1
2,SSCP-8b048253e96b48a6,1,1
2,SSCP-8b2a85ed0ff83499,1,1
2,SSCP-8b5fba6dc5c869b1,1,1
2,SSCP-8b817c5d1d139239,1,1
2,SSCP-8b96ec25b1d7f6f1,1,1
2,SSCP-8bc274ec72e91353,1,1
2,SSCP-8bf9cf4ab3eae7bb,1,1
2,SSCP-8c6601d31ab7bd90,1,1
2,SSCP-8cb7665ca135bce7,1,1
2,SSCP-8cf556e869ef53ac,1,1
2,SSCP-8d83a04233f9df0c,1,1
2,SSCP-8d9717730e50339b,1,1
2,SSCP-8d9f29507558369c,1,1
2,SSCP-8da8d355ad8580ad,1,1
2,SSCP-8db1848162102365,1,1
2,SSCP-8e38ea335a0fedef,1,1
2,SSCP-8e4f451a56081405,1,1
2,SSCP-8ee7e860144dd1d1,1,1
2,SSCP-8f0a9adcc1206a71,1,1
2,SSCP-8f0c3d4dcfa95940,1,1
2,SSCP-8f601b715661043f,1,1
2,SSCP-8f759a8855eb6841,1,1
2,SSCP-8fa2e24e73c97711,1,1
2,SSCP-8fd66f960bfbd5c9,1,1
2,SSCP-8ffd7658b00a3b9a,1,1
2,SSCP-90167a317bb1bba1,1,1
2,SSCP-902c508d311d035a,1,1
2,SSCP-90699ac5e563a7a4,1,1
2,SSCP-9094f8e22f63cf84,1,1
2,SSCP-90bbc8009789f04d,1,1
2,SSCP-90d17f323138de7b,1,1
2,SSCP-90d63facdb1967d3,1,1
2,SSCP-90d97309e1f9d8f1,1,1
2,SSCP-912b067574b6e2a2,1,1
2,SSCP-912e747dd7c5250a,1,1
2,SSCP-9136750a3a059d81,1,1
2,SSCP-91505f1d1b35d053,1,1
2,SSCP-91635f53ae23c219,1,1
2,SSCP-91b43fd51519bc76,1,1
2,SSCP-91e6786f75ab8508,1,1
2,SSCP-92d894b5aaa5f492,1,1
2,SSCP-92f016d85032e799,1,1
2,SSCP-92f3e47168a23963,1,1
2,SSCP-930570adc4dce2b8,1,1
2,SSCP-930df227a70bfeea,1,1
2,SSCP-930e3bdd7a724672,1,1
2,SSCP-933f2b1afcc99d7a,1,1
2,SSCP-93539b3d71d4736a,1,1
2,SSCP-935e9710e2fdefa2,1,1
2,SSCP-9367b9a23503d097,1,1
2,SSCP-938ad587d1d57a41,1,1
2,SSCP-93bcfd091dd51bfb,1,1
2,SSCP-93cc67a3fdf4eee0,1,1
2,SSCP-93d31c22e02dcae6,1,1
2,SSCP-940156e4531284a3,1,1
2,SSCP-94bb6e4b58162b02,1,1
2,SSCP-94be9fb76e749a52,1,1
2,SSCP-94f66ef40c7ae989,1,1
2,SSCP-952d84b2a2d08469,1,1
2,SSCP-9538ae499f2b56cb,1,1
2,SSCP-953fa45644d8a881,1,1
2,SSCP-956941046fcfab9d,1,1
2,SSCP-9599de33a17a48e0,1,1
2,SSCP-95c5350a5f5747d0,1,1
2,SSCP-95c7b53901ec23c8,1,1
2,SSCP-95e3d6cf5a5bbf30,1,1
2,SSCP-95fb8903c174f6d4,1,1
2,SSCP-95fbefe38cd1e6cb,1,1
2,SSCP-960ce4cd82d2a10e,1,1
2,SSCP-962c8ab4ed71d56e,1,1
2,SSCP-96459366243e7248,1,1
2,SSCP-968089671a2c98ee,1,1
2,SSCP-96be2765ee0ba2ce,1,1
2,SSCP-971abd1071a17a9a,1,1
2,SSCP-9739ee79e1ec975d,1,1
2,SSCP-97a474aab53cdd82,1,1
2,SSCP-97b3f79396e49017,1,1
2,SSCP-97d47dcb7d121d42,1,1
2,SSCP-97df74a05aad303b,1,1
2,SSCP-98265ce429df5de0,1,1
2,SSCP-982d94feba9efbd0,1,1
2,SSCP-9851280b7c576d5f,1,1
2,SSCP-9856d0a3efa9b8f8,1,1
2,SSCP-98a7f30d3c3566ea,1,1
2,SSCP-98da63e39f86e74f,1,1
2,SSCP-98e9f642a59c0071,1,1
2,SSCP-995dccab363ab9f0,1,1
2,SSCP-99b9bda6b21de42a,1,1
2,SSCP-9a2106acb082ea36,1,1
2,SSCP-9a351bb677264a80,1,1
2,SSCP-9a93620f2877e635,1,1
2,SSCP-9a95b7fa80796612,1,1
2,SSCP-9a9d535146bac5ae,1,1
2,SSCP-9ad2d65f300d119c,1,1
2,SSCP-9aeabe019615b96e,1,1
2,SSCP-9b0debfe50daa401,1,1
2,SSCP-9b15782b1942aa0d,1,1
2,SSCP-9b28e0b54552570e,1,1
2,SSCP-9b4bd5d91a3bd4d7,1,1
2,SSCP-9b6dfe11b9f5f7c0,1,1
2,SSCP-9ba2c001841ad9db,1,1
2,SSCP-9baaedecc6eff776,1,1
2,SSCP-9bcd95e33eb90614,1,1
2,SSCP-9bdf361189b3017d,1,1
2,SSCP-9bedb75bb504dc89,1,1
2,SSCP-9bfebc7e137a0ac0,1,1
2,SSCP-9c119691821322b0,1,1
2,SSCP-9c653e5b210941a4,1,1
2,SSCP-9c791dcab24f35c3,1,1
2,SSCP-9cd03db38a7ec7d4,1,1
2,SSCP-9d0322d71fe332f3,1,1
2,SSCP-9d463366489fd0e8,1,1
2,SSCP-9d4fa508dc463d6f,1,1
2,SSCP-9d6a58dfa8c619db,1,1
2,SSCP-9d94d35748186a2f,1,1
2,SSCP-9da933527de5ab2c,1,1
2,SSCP-9dd43e7494b34d38,1,1
2,SSCP-9ddf195e3399a48e,1,1
2,SSCP-9dfa492779b0e65e,1,1
2,SSCP-9e2fea588e5f83ce,1,1
2,SSCP-9ea50a8108ab5014,1,1
2,SSCP-9eb75afe78866397,1,1
2,SSCP-9ecca02e1afd6153,1,1
2,SSCP-9ecd86fbafdf5dc3,1,1
2,SSCP-9ed5910664666989,1,1
2,SSCP-9ee04c2f99adf2f0,1,1
2,SSCP-9eeff14d84cdc1e5,1,1
2,SSCP-9fb2885fad2f8999,1,1
2,SSCP-9fd106a5c4113941,1,1
2,SSCP-a085def931b12695,1,1
2,SSCP-a08c3698e6b597af,1,1
2,SSCP-a0cffc6edb5a5c63,1,1
2,SSCP-a13587005a5efaf4,1,1
2,SSCP-a174b446808a302d,1,1
2,SSCP-a1910ac1524ba60d,1,1
2,SSCP-a1d42a8e9e5f6eca,1,1
2,SSCP-a1e739f3a781dc37,1,1
2,SSCP-a219cc98971fec70,1,1
2,SSCP-a231d4deb74ec77e,1,1
2,SSCP-a26c77a1250ea29a,1,1
2,SSCP-a2eae24a162f0659,1,1
2,SSCP-a31184100a992a68,1,1
2,SSCP-a32b99cb9f4ffc56,1,1
2,SSCP-a32e7bc14392869c,1,1
2,SSCP-a34bac16b2bcec6c,1,1
2,SSCP-a3663ecbef2876b9,1,1
2,SSCP-a36db26899889060,1,1
2,SSCP-a37a6025a11c03f0,1,1
2,SSCP-a3c1b91b8fc5c942,1,1
2,SSCP-a3db2cefc2169414,1,1
2,SSCP-a3dcd1a97d54eb24,1,1
2,SSCP-a3e35bc92275a5ef,1,1
2,SSCP-a3ee0e958c2fd018,1,1
2,SSCP-a402f585cdab0ddb,1,1
2,SSCP-a405e16d7765609d,1,1
2,SSCP-a44ea30ad2d41745,1,1
2,SSCP-a45465c43a3682a7,1,1
2,SSCP-a460c7e5e94fca75,1,1
2,SSCP-a464a11ba542f9e7,1,1
2,SSCP-a4668f40f90200dd,1,1
2,SSCP-a49238d4f85aa766,1,1
2,SSCP-a4e689f48361adc8,1,1
2,SSCP-a554b0cd844273f8,1,1
2,SSCP-a58ff7400da61ebf,1,1
2,SSCP-a5cbd4547514228a,1,1
2,SSCP-a6008a19da146e4b,1,1
2,SSCP-a61736fe7395e8cf,1,1
2,SSCP-a627c22683999756,1,1
2,SSCP-a6b6cf3f23d6043f,1,1
2,SSCP-a6c64cd944c55780,1,1
2,SSCP-a720c2919103a3a0,1,1
2,SSCP-a74f8fb4301cc549,1,1
2,SSCP-a76f237103601f62,1,1
2,SSCP-a79fda899b647871,1,1
2,SSCP-a7c51a66d3bcb2c6,1,1
2,SSCP-a7cf07c21bfefc44,1,1
2,SSCP-a7e1ddb174b0567b,1,1
2,SSCP-a7ed39dbe0c2d4e1,1,1
2,SSCP-a7efc75a06d7b75e,1,1
2,SSCP-a842fcd9ee5e6f26,1,1
2,SSCP-a8bc655a190988e1,1,1
2,SSCP-a8cf5eec4465923c,1,1
2,SSCP-a8d601e5b7919683,1,1
2,SSCP-a9390572aa069e38,1,1
2,SSCP-a985b5e7c93eb384,1,1
2,SSCP-a9b145b440fe5a2a,1,1
2,SSCP-a9f094cfee298572,1,1
2,SSCP-aa3f42b41ca7e75f,1,1
2,SSCP-aa9f33632dfd987a,1,1
2,SSCP-aacbd9a85f0f04f5,1,1
2,SSCP-aaf9a0dbb3bad78b,1,1
2,SSCP-ab1887a0b2e59185,1,1
2,SSCP-ab2d00ac1b000dfe,1,1
2,SSCP-ab3eae7e954888ce,1,1
2,SSCP-ab59e9ae083dd5d2,1,1
2,SSCP-ab95b588ef13da41,1,1
2,SSCP-abb35a9a7a266f44,1,1
2,SSCP-abd12d837f53d4bc,1,1
2,SSCP-abdb9c6f9b0600bb,1,1
2,SSCP-abf60b1ffc54f497,1,1
2,SSCP-ac0db2de1cf9666e,1,1
2,SSCP-ac2bb91e744e10f4,1,1
2,SSCP-ac42ea9fd8240599,1,1
2,SSCP-accdb815f83c64ff,1,1
2,SSCP-acf88be2bd3def6b,1,1
2,SSCP-ad0a6dcf2b5b900a,1,1
2,SSCP-ad188e7db0f58850,1,1
2,SSCP-ad545f9219a2de3e,1,1
2,SSCP-ad58988c723da7ab,1,1
2,SSCP-ad597828c2f57920,1,1
2,SSCP-ad6601f6a8dde79e,1,1
2,SSCP-adaa63ea7e5aefdc,1,1
2,SSCP-adabf96d7fdbe989,1,1
2,SSCP-ae01293f6e9eea1e,1,1
2,SSCP-ae5d81c33fbc22f2,1,1
2,SSCP-aeabe573acc3305b,1,1
2,SSCP-aeb50e61e700e4a5,1,1
2,SSCP-aedd3f10f756dd02,1,1
2,SSCP-aee55680ce3c707c,1,1
2,SSCP-aefe6c8ab253b98f,1,1
2,SSCP-af0b9b5b72bab94a,1,1
2,SSCP-af89ab77071960a7,1,1
2,SSCP-af9031363b50c813,1,1
2,SSCP-af95173ad5e1a8c1,1,1
2,SSCP-afaa755d02c22264,1,1
2,SSCP-b00452db15a78bf9,1,1
2,SSCP-b0310b76fb599162,1,1
2,SSCP-b09253ac026555b0,1,1
2,SSCP-b0e8c95f7b7bd1b5,1,1
2,SSCP-b101e37e841622a0,1,1
2,SSCP-b156d17294c79006,1,1
2,SSCP-b16107e4bdf22b9b,1,1
2,SSCP-b164ae493894aa6e,1,1
2,SSCP-b17483b20a1a37c6,1,1
2,SSCP-b192c0ba93a419b0,1,1
2,SSCP-b1ac1c6a44366c12,1,1
2,SSCP-b1f782029c833594,1,1
2,SSCP-b1fab98a268c75d2,1,1
2,SSCP-b1fefd31900805c2,1,1
2,SSCP-b2152c604dd12623,1,1
2,SSCP-b262ac2e1cb60a70,1,1
2,SSCP-b2908788998f4ebe,1,1
2,SSCP-b2bd4ed53f49a00c,1,1
2,SSCP-b2c00ee2bcabb072,1,1
2,SSCP-b2c76e72540dba66,1,1
2,SSCP-b2e0218fe9139d7f,1,1
2,SSCP-b35134195b5cd76b,1,1
2,SSCP-b373e3d5bd07edd3,1,1
2,SSCP-b378c828620f6b5b,1,1
2,SSCP-b3b7889d4de5ec13,1,1
2,SSCP-b3ca318a43020f55,1,1
2,SSCP-b401b6ffb77432d8,1,1
2,SSCP-b50def781a3ec49b,1,1
2,SSCP-b54d8ef742dd22d3,1,1
2,SSCP-b5875430d3053f6c,1,1
2,SSCP-b59e340c8a4d7e8f,1,1
2,SSCP-b5b8fcbb03ef1824,1,1
2,SSCP-b5bf9eaf88362028,1,1
2,SSCP-b5c10da2b2122cb0,1,1
2,SSCP-b5c3d38d13881bf0,1,1
2,SSCP-b657b277e4a89dbb,1,1
2,SSCP-b65d9188e88bee00,1,1
2,SSCP-b66d00e134ec0df8,1,1
2,SSCP-b6779b958222b17a,1,1
2,SSCP-b69cefa1f724c3b6,1,1
2,SSCP-b6b855044eeb9973,1,1
2,SSCP-b6b98d75e95daefd,1,1
2,SSCP-b6de05f61b7bccb4,1,1
2,SSCP-b704ab9f6c7b1334,1,1
2,SSCP-b7221988079809cd,1,1
2,SSCP-b728bbca0c2f4cf7,1,1
2,SSCP-b76b0d624e0feec4,1,1
2,SSCP-b785746f63758cc0,1,1
2,SSCP-b78fd823ff89c822,1,1
2,SSCP-b7988c2fa9cf987f,1,1
2,SSCP-b7b689fde5732270,1,1
2,SSCP-b7d3fd37af35d507,1,1
2,SSCP-b7fee72616cfaad0,1,1
2,SSCP-b82f602ea858229d,1,1
2,SSCP-b843e891b3b3d0a9,1,1
2,SSCP-b844253674f4e29e,1,1
2,SSCP-b88151dbf41cefc2,1,1
2,SSCP-b899469b0cf7c0f3,1,1
2,SSCP-b8ad69d240f3bc34,1,1
2,SSCP-b9120ab67e0d1667,1,1
2,SSCP-b91adee376351aeb,1,1
2,SSCP-b92be61001a0503e,1,1
2,SSCP-b95518392987a943,1,1
2,SSCP-b97e5cb97fd8374e,1,1
2,SSCP-b9bfa21edba01fe6,1,1
2,SSCP-b9c338f3f764234d,1,1
2,SSCP-b9f0ec64714ada88,1,1
2,SSCP-ba37d504cdaf0eeb,1,1
2,SSCP-ba427e22bee03678,1,1
2,SSCP-ba72ae0a589d7a7c,1,1
2,SSCP-ba823ef269ec542a,1,1
2,SSCP-baa07a896e706b41,1,1
2,SSCP-badb7afa282f9630,1,1
2,SSCP-bae348c7a45eafd4,1,1
2,SSCP-baed35e60cc08f11,1,1
2,SSCP-bb0e3abee4e78b32,1,1
2,SSCP-bb2c338a327c6ed6,1,1
2,SSCP-bb33a646f5c1b79c,1,1
2,SSCP-bb3699b8fe93261c,1,1
2,SSCP-bb46cd632f0c1101,1,1
2,SSCP-bb4fb15ccf1be883,1,1
2,SSCP-bb6116b20d1b9495,1,1
2,SSCP-bb994ce3e62966be,1,1
2,SSCP-bbaa72f1a601307f,1,1
2,SSCP-bbfc16084866ff33,1,1
2,SSCP-bc239afd281f0864,1,1
2,SSCP-bc61bb406d89d67c,1,1
2,SSCP-bc78dace3a5c3365,1,1
2,SSCP-bc7fc5014a35bbdb,1,1
2,SSCP-bcb047f908d67d06,1,1
2,SSCP-bccdb8698bd2194b,1,1
2,SSCP-bcde196dc7c73f3f,1,1
2,SSCP-bd4f01b16abf4432,1,1
2,SSCP-bd8e49116ae4de2b,1,1
2,SSCP-bdf0a0e9000b4f48,1,1
2,SSCP-be0e7ff200310ebb,1,1
2,SSCP-be262982e3682924,1,1
2,SSCP-be72bc7b68d57b60,1,1
2,SSCP-be7cbddf297169ed,1,1
2,SSCP-beb2835f895303b1,1,1
2,SSCP-bedd47161dc2aecd,1,1
2,SSCP-befcff1befcd245f,1,1
2,SSCP-bf61a7703544e740,1,1
2,SSCP-bfb3d5a6933e3e69,1,1
2,SSCP-bfbf4d306cccae47,1,1
2,SSCP-bffd48c933950f27,1,1
2,SSCP-c017981df177980d,1,1
2,SSCP-c07c2b0f26489eef,1,1
2,SSCP-c07cb9a8d6e09222,1,1
2,SSCP-c0ccc8d9e34db661,1,1
2,SSCP-c0e3ec639a19a4ce,1,1
2,SSCP-c0edc1ba654e08f8,1,1
2,SSCP-c0f62b84863733f3,1,1
2,SSCP-c107827a1f7a1b7c,1,1
2,SSCP-c1b431fff7fd98b6,1,1
2,SSCP-c1d6a40e47980238,1,1
2,SSCP-c205addb1186cab6,1,1
2,SSCP-c21b86190446e4b0,1,1
2,SSCP-c27ca192d200a55f,1,1
2,SSCP-c29f2aef899980ea,1,1
2,SSCP-c2a4867d3137da91,1,1
2,SSCP-c2b6aa0708738d4a,1,1
2,SSCP-c2ed85d55d3dc77f,1,1
2,SSCP-c321ae4021110184,1,1
2,SSCP-c32c8d366d3fe465,1,1
2,SSCP-c3cee308a471cec5,1,1
2,SSCP-c431268993721b65,1,1
2,SSCP-c4358fb420b233a3,1,1
2,SSCP-c4535385b557ab8b,1,1
2,SSCP-c463df9a42701be9,1,1
2,SSCP-c4793a974b34a389,1,1
2,SSCP-c4bc8538bd68ee6e,1,1
2,SSCP-c4fc80f6ce5c4ad6,1,1
2,SSCP-c511c082f29a904d,1,1
2,SSCP-c541f4b2a013e591,1,1
2,SSCP-c54a845629680856,1,1
2,SSCP-c57c2d63665d4d5e,1,1
2,SSCP-c5a3fcd0b3b7ce16,1,1
2,SSCP-c5bcddb59b92b467,1,1
2,SSCP-c5c6f933fed344fd,1,1
2,SSCP-c645aa832f1aee84,1,1
2,SSCP-c69a82f730e52126,1,1
2,SSCP-c6c153fe7a82d51c,1,1
2,SSCP-c752499a16119137,1,1
2,SSCP-c76e627c71d6c1f1,1,1
2,SSCP-c7b08cf617ce06c3,1,1
2,SSCP-c7d155f6db5068a1,1,1
2,SSCP-c7f4c9d4982e71df,1,1
2,SSCP-c7f79e5654ade4b2,1,1
2,SSCP-c80a84c2fcd05fda,1,1
2,SSCP-c8109bb5e0881af6,1,1
2,SSCP-c819e8e4c468b5cc,1,1
2,SSCP-c81dc59e3a153e80,1,1
2,SSCP-c8385efd2823f1a7,1,1
2,SSCP-c885d83d5293fdb2,1,1
2,SSCP-c8dad88bb1a00d9b,1,1
2,SSCP-c8f7b752c18330b1,1,1
2,SSCP-c90a8d6cf074b089,1,1
2,SSCP-c929547136c56bbf,1,1
2,SSCP-c93db90ae0bd1469,1,1
2,SSCP-c98affdd6977e92e,1,1
2,SSCP-c9a31745a241cb10,1,1
2,SSCP-c9a630005c138467,1,1
2,SSCP-c9ae4b6610decce6,1,1
2,SSCP-c9bb6bb26cfbbd20,1,1
2,SSCP-c9c4bb283e8e1591,1,1
2,SSCP-ca05c340128cf3e4,1,1
2,SSCP-ca0865374a8da247,1,1
2,SSCP-ca167fa74b0cdedd,1,1
2,SSCP-ca1aa14a9f8dbabb,1,1
2,SSCP-ca775983cd24fa48,1,1
2,SSCP-ca94af7e57b0936f,1,1
2,SSCP-cab7d1f9e731fd7d,1,1
2,SSCP-cb00cb7fd2bb7c1e,1,1
2,SSCP-cb515b9c623ed1cc,1,1
2,SSCP-cba1c3d3447695da,1,1
2,SSCP-cbab3d93c2908b23,1,1
2,SSCP-cbb06331ff4de4bd,1,1
2,SSCP-cbe0f7c29ae2c93f,1,1
2,SSCP-cbebd6c7e60f4dac,1,1
2,SSCP-cc06eabfc6ddeb05,1,1
2,SSCP-cca2f6a662b80b66,1,1
2,SSCP-ccedc972691080dc,1,1
2,SSCP-cd0a8d36fd1c1934,1,1
2,SSCP-cd1636f7aa50557c,1,1
2,SSCP-cd21bbb2772b1237,1,1
2,SSCP-cd3178c2245ad24c,1,1
2,SSCP-cd5563f6e9e67a96,1,1
2,SSCP-cd8f01e624e3d060,1,1
2,SSCP-cdb1298976b3a521,1,1
2,SSCP-ce2351d975a0ab8b,1,1
2,SSCP-ce38d76d95a6d6a4,1,1
2,SSCP-ce4058358944ba9f,1,1
2,SSCP-ce4204320efeb1f4,1,1
2,SSCP-cef3b598a2b29235,1,1
2,SSCP-cf07c2cd6b72202e,1,1
2,SSCP-cf22f24cb1f7b215,1,1
2,SSCP-cfef832e5cf8da3b,1,1
2,SSCP-d014840ae2eb6a13,1,1
2,SSCP-d041425524c700f6,1,1
2,SSCP-d088b2920d13d46d,1,1
2,SSCP-d09af572775dced1,1,1
2,SSCP-d0ae616a7a00aa19,1,1
2,SSCP-d10d01bc01f23168,1,1
2,SSCP-d206997ca04705e2,1,1
2,SSCP-d211540c5f8fcd45,1,1
2,SSCP-d272ec737b946b6b,1,1
2,SSCP-d274bb16a7e85226,1,1
2,SSCP-d2d375b7f7cfad8b,1,1
2,SSCP-d3530c33ff3b6fa9,1,1
2,SSCP-d3a3ec186fb6bcae,1,1
2,SSCP-d3b8d4288789d26b,1,1
2,SSCP-d3df3c5b6c8f31ac,1,1
2,SSCP-d416715d03ec5213,1,1
2,SSCP-d46297e1a4cc052f,1,1
2,SSCP-d46935afbc6dbb6a,1,1
2,SSCP-d47832ff3f00542c,1,1
2,SSCP-d4ad0f7aaf64eaa5,1,1
2,SSCP-d4b90fddc3bb1259,1,1
2,SSCP-d4d0de5750618f86,1,1
2,SSCP-d4d1adcb63ea92bf,1,1
2,SSCP-d5283ccddf8316f7,1,1
2,SSCP-d52b59d3266bcf20,1,1
2,SSCP-d544cf34020a33f6,1,1
2,SSCP-d5544a5b140af3f2,1,1
2,SSCP-d554a2a00059f55e,1,1
2,SSCP-d56e18a843f60344,1,1
2,SSCP-d59d53987b840290,1,1
2,SSCP-d5aa610785f9c823,1,1
2,SSCP-d5d3814c70bf8316,1,1
2,SSCP-d68c96e242e55771,1,1
2,SSCP-d6b77dd701da8a41,1,1
2,SSCP-d74d427123223709,1,1
2,SSCP-d750d642dc5dad90,1,1
2,SSCP-d7592b14b1f51f9b,1,1
2,SSCP-d77e5404724fc13d,1,1
2,SSCP-d7a413afbbc78d0f,1,1
2,SSCP-d7a6e14ebfce2d50,1,1
2,SSCP-d7b7618f18de3f0f,1,1
2,SSCP-d80676ef20804d26,1,1
2,SSCP-d82e0126b5dff6ea,1,1
2,SSCP-d86229d7a0461632,1,1
2,SSCP-d892eae135ccbf6c,1,1
2,SSCP-d895a6c1fa4a426d,1,1
2,SSCP-d8ce0780119746c4,1,1
2,SSCP-d916e6b253761cc9,1,1
2,SSCP-d958edbf67173394,1,1
2,SSCP-d9b41e52474e6df3,1,1
2,SSCP-d9d2cb2d480fa47b,1,1
2,SSCP-d9eedefe5e98a993,1,1
2,SSCP-da22cad96c7c0f20,1,1
2,SSCP-da6b18d11f6b0fc4,1,1
2,SSCP-da75eafa63b7f95c,1,1
2,SSCP-dada03d4832466b0,1,1
2,SSCP-dae45b75d60931ec,1,1
2,SSCP-daf65a3743debcc6,1,1
2,SSCP-db9d7349a30c9100,1,1
2,SSCP-dbde31c654fb874f,1,1
2,SSCP-dbe0c3c38e7cbfa1,1,1
2,SSCP-dbffe6a054ee9fca,1,1
2,SSCP-dc307feec62a08a5,1,1
2,SSCP-dc3eaef74a2b00d2,1,1
2,SSCP-dc6d81c00012686b,1,1
2,SSCP-dca057ebc16a89c2,1,1
2,SSCP-dceadcbd3b8476d0,1,1
2,SSCP-dcf84bedddf42ab2,1,1
2,SSCP-dd207fee167252fb,1,1
2,SSCP-dd321c35b798f106,1,1
2,SSCP-dd7418f61ad12861,1,1
2,SSCP-dd8ddd7321a64ad1,1,1
2,SSCP-ddd68bb1b9bbb400,1,1
2,SSCP-ddee6e27d1d3c29c,1,1
2,SSCP-ddfa04f1449b6ccf,1,1
2,SSCP-de0eebf3f53b0825,1,1
2,SSCP-de98a10099d87488,1,1
2,SSCP-ded3f01ecffd53d1,1,1
2,SSCP-df2d2d330c059884,1,1
2,SSCP-df51e7d2b9f060c7,1,1
2,SSCP-df68ea599fb936bd,1,1
2,SSCP-dfb740e78e817221,1,1
2,SSCP-dfc3b6974f8c41ca,1,1
2,SSCP-e03bb6caca463d34,1,1
2,SSCP-e0484f9c4141174e,1,1
2,SSCP-e0aa02c7aefbb7b3,1,1
2,SSCP-e10ba052e2d30eec,1,1
2,SSCP-e186e7fd4933f09d,1,1
2,SSCP-e1b87751bf5d3e36,1,1
2,SSCP-e1ed562e096af8c3,1,1
2,SSCP-e21c030e22407e2a,1,1
2,SSCP-e22a6dc95d34d382,1,1
2,SSCP-e236f3c28dca25dc,1,1
2,SSCP-e24e29d320d8d95c,1,1
2,SSCP-e251525814586983,1,1
2,SSCP-e2937a83259c6253,1,1
2,SSCP-e30c4b4f65e81372,1,1
2,SSCP-e32a8f2d98baa8ff,1,1
2,SSCP-e39fea5beea69b6a,1,1
2,SSCP-e405fcaaf843c1b3,1,1
2,SSCP-e41bccd224b2a6c1,1,1
2,SSCP-e4618bb9df0d1fdb,1,1
2,SSCP-e477dc2ef52341f7,1,1
2,SSCP-e48a003ada407faf,1,1
2,SSCP-e48e6cfe13a7db84,1,1
2,SSCP-e4a1f58d345e747e,1,1
2,SSCP-e4a3416b506ea548,1,1
2,SSCP-e4c2651669c4ad54,1,1
2,SSCP-e4f68807b89cd613,1,1
2,SSCP-e545ef34d517667b,1,1
2,SSCP-e5818aa16129e1cb,1,1
2,SSCP-e58766ae3c82df6b,1,1
2,SSCP-e5a10db5959d43e1,1,1
2,SSCP-e5d500fb13e7b26e,1,1
2,SSCP-e683b2781eede751,1,1
2,SSCP-e6a1d6070f5ce8ba,1,1
2,SSCP-e6ac41f460e5ddb1,1,1
2,SSCP-e6ed29fd6d432c68,1,1
2,SSCP-e76231b2c1b14d71,1,1
2,SSCP-e78b34ec0ca43218,1,1
2,SSCP-e7ab48491acf8c36,1,1
2,SSCP-e7d0e95b30a4b892,1,1
2,SSCP-e7e09882611e95e3,1,1
2,SSCP-e80f8091d0e0a2d0,1,1
2,SSCP-e8630bb1d6a4b3ba,1,1
2,SSCP-e8b414276bbc06c0,1,1
2,SSCP-e91fa02a382fb4a0,1,1
2,SSCP-e9ba6a3dd207a3c4,1,1
2,SSCP-e9e080659413a6a2,1,1
2,SSCP-e9f67b522b3977d4,1,1
2,SSCP-e9fff900594e15b4,1,1
2,SSCP-eabc3724052f7939,1,1
2,SSCP-eb08e4406f9d5b50,1,1
2,SSCP-eb4193b805bf0115,1,1
2,SSCP-eb626cf06971736b,1,1
2,SSCP-eb98fa6c4bd5a28b,1,1
2,SSCP-ebe19935051a16ba,1,1
2,SSCP-ebf03fd19f830329,1,1
2,SSCP-ebf5199ba84c6c62,1,1
2,SSCP-ec043ea122525b98,1,1
2,SSCP-ec0b38db01a1a55e,1,1
2,SSCP-ec2ce680d264a9a2,1,1
2,SSCP-ec6dae0e80b8a33b,1,1
2,SSCP-ec7aa1c21c8f5736,1,1
2,SSCP-eca00254bc293d06,1,1
2,SSCP-ecbbf09bf668a987,1,1
2,SSCP-ed290f8853b672cf,1,1
2,SSCP-ed4e6a51bc5cd957,1,1
2,SSCP-ed92419cf27b71c9,1,1
2,SSCP-ee22816d2df991bd,1,1
2,SSCP-ee71b8bf53f24334,1,1
2,SSCP-eeded4b7fe3cf18d,1,1
2,SSCP-eee50953b01072ee,1,1
2,SSCP-eeefa5a30290bd33,1,1
2,SSCP-ef2ac76769956303,1,1
2,SSCP-ef30692d22da2413,1,1
2,SSCP-ef3f13ab015d6dd7,1,1
2,SSCP-ef42ff10ae6b841b,1,1
2,SSCP-ef6913e40cc67789,1,1
2,SSCP-efae4a906421b98c,1,1
2,SSCP-efbc9110e8d1de20,1,1
2,SSCP-efbdeb059aeb1837,1,1
2,SSCP-effdd44cd31cbdf7,1,1
2,SSCP-f15bc11ca2b7250c,1,1
2,SSCP-f2317c89c567ffdb,1,1
2,SSCP-f234f03c0eb6bfee,1,1
2,SSCP-f2473b8c4aac366a,1,1
2,SSCP-f25d4890000ef52e,1,1
2,SSCP-f293c5ecdca3a313,1,1
2,SSCP-f2ca9591a15a9afb,1,1
2,SSCP-f2ce440ac8a0e182,1,1
2,SSCP-f306616585fe1371,1,1
2,SSCP-f31d82ebcc21ef34,1,1
2,SSCP-f35a751a414f5cf2,1,1
2,SSCP-f3609eb2698f0c4a,1,1
2,SSCP-f3c02a516ded93c3,1,1
2,SSCP-f3ce1940be5e15ae,1,1
2,SSCP-f3dccb37ad832c40,1,1
2,SSCP-f42b399bf94b0ab8,1,1
2,SSCP-f42f69530413355b,1,1
2,SSCP-f434008326bab244,1,1
2,SSCP-f4410a680c70a94e,1,1
2,SSCP-f4f3b7b8bf07ac0b,1,1
2,SSCP-f5016c98f3a2bc4b,1,1
2,SSCP-f50db51aff30fc74,1,1
2,SSCP-f5742c0998c92e5a,1,1
2,SSCP-f58b2a957ce8fade,1,1
2,SSCP-f5906099120c9b91,1,1
2,SSCP-f5a5283884e6285a,1,1
2,SSCP-f5bc444b75a8cc46,1,1
2,SSCP-f5fd1fc6011008f9,1,1
2,SSCP-f61eec984e6ba422,1,1
2,SSCP-f628d87369d13116,1,1
2,SSCP-f6727f2ac32bc85f,1,1
2,SSCP-f6abce2332bde77b,1,1
2,SSCP-f6ac2060e75ab757,1,1
2,SSCP-f6c48fad5745a164,1,1
2,SSCP-f6e70dc540ae59d5,1,1
2,SSCP-f7607212f2a9c5de,1,1
2,SSCP-f79053ecbd26f6b6,1,1
2,SSCP-f7cf77450202526b,1,1
2,SSCP-f7d047cf5f26df4c,1,1
2,SSCP-f806980795d98004,1,1
2,SSCP-f814d5332ecdbffe,1,1
2,SSCP-f893b931e61f2b52,1,1
2,SSCP-f8aaba7072e0e8ba,1,1
2,SSCP-f8b7e23d034bfeb7,1,1
2,SSCP-f8cdab8ae7f6fd5a,1,1
2,SSCP-f904c2c3960f8edd,1,1
2,SSCP-f98e17fb66d425eb,1,1
2,SSCP-fa3cfb4a607dbeb6,1,1
2,SSCP-fa6c69844c1130b7,1,1
2,SSCP-fa8232c8268a814e,1,1
2,SSCP-fad3881eaab4c93c,1,1
2,SSCP-fb171ca593250802,1,1
2,SSCP-fb755da3380e9a20,1,1
2,SSCP-fb79bb29d3f1d0c9,1,1
2,SSCP-fbf921e344618544,1,1
2,SSCP-fc35604d5ccf95fa,1,1
2,SSCP-fcb9fb3ed5accc4c,1,1
2,SSCP-fd3823694f5576c2,1,1
2,SSCP-fd6bf40188c0e284,1,1
2,SSCP-fdbc5b35abf11222,1,1
2,SSCP-fe46feda574e356d,1,1
2,SSCP-fe4c7d9bef799e4b,1,1
2,SSCP-fe4d1748189c33bf,1,1
2,SSCP-fe85085797507971,1,1
2,SSCP-feabece44284913f,1,1
2,SSCP-fec0f87197389d25,1,1
2,SSCP-ff00cc6d61245732,1,1
2,SSCP-ff08ea901e525be5,1,1
2,SSCP-ff0fe6c2eebd07c3,1,1
2,SSCP-ff31bd50635b969e,1,1
2,SSCP-ff4c8e1aab7ccc0f,1,1
2,SSCP-ffa673c5bf7931ea,1,1
2,SSCP-ffc41a85a763415d,1,1
2,SSCP-001eb19defd3cb75,2,3
2,SSCP-0030cbdba246c74b,2,3
2,SSCP-0035e4c65c3a8326,2,3
2,SSCP-00639ae7589904e1,2,3
2,SSCP-006d4798025f1716,2,3
2,SSCP-009c050c405aed8f,2,3
2,SSCP-00a6952fc5cbe87f,2,3
2,SSCP-00acade7e1578155,2,3
2,SSCP-00bf524e777ea7f3,2,3
2,SSCP-00dc5041633d3c58,2,3
2,SSCP-00e04b37389ab0c8,2,3
2,SSCP-00e95dd3d9c9ed38,2,3
2,SSCP-0107e9a8e73deef1,2,3
2,SSCP-01085871a3128d5c,2,3
2,SSCP-01386d32d5418ae5,2,3
2,SSCP-017f3d1881b66660,2,3
2,SSCP-018395cc70dcdaa1,2,3
2,SSCP-0193a902ed308a47,2,3
2,SSCP-01997338bc725ff9,2,3
2,SSCP-01b88f31b49794b3,2,3
2,SSCP-01f273fea93f26c0,2,3
2,SSCP-021f69b030f005b6,2,3
2,SSCP-0252fab4ed093076,2,3
2,SSCP-02ca21c6ace39bb1,2,3
2,SSCP-02fba89213f6f7ff,2,3
2,SSCP-0308621888e1ace4,2,3
2,SSCP-03088bb5d9c1c3bb,2,3
2,SSCP-0341c127a867cfdd,2,3
2,SSCP-035adacad34cdf6c,2,3
2,SSCP-036e45107e9001bb,2,3
2,SSCP-03732bbc7acbf849,2,3
2,SSCP-039f7337e1c43b8a,2,3
2,SSCP-03c5f24816fe8fc6,2,3
2,SSCP-03e23f6a5a7af88b,2,3
2,SSCP-03e86d23a8ddb28f,2,3
2,SSCP-03f8d8593846e670,2,3
2,SSCP-04ceeb53c793ecd2,2,3
2,SSCP-0513c4013f6024f3,2,3
2,SSCP-05166ae6edf0d214,2,3
2,SSCP-054a4492ae4fde6c,2,3
2,SSCP-05712368980007ec,2,3
2,SSCP-0583118cbe7f47c4,2,3
2,SSCP-05afb13936745902,2,3
2,SSCP-05c5d3c362a2d77a,2,3
2,SSCP-064343f11d014fe2,2,3
2,SSCP-066912a576819277,2,3
2,SSCP-06ac538da779ead4,2,3
2,SSCP-06eb1d03334f398a,2,3
2,SSCP-06ef392309351e2c,2,3
2,SSCP-07064da4d0184704,2,3
2,SSCP-07097bce15c5cf2b,2,3
2,SSCP-078053ca33452a49,2,3
2,SSCP-07b18188c849128a,2,3
2,SSCP-07f2e04b047f2c59,2,3
2,SSCP-07f5f5439fa0236a,2,3
2,SSCP-07fc2474747ac984,2,3
2,SSCP-080b1319ee323917,2,3
2,SSCP-08243742fe4ca631,2,3
2,SSCP-08583c51d0b145e8,2,3
2,SSCP-08858665b7b6a0c6,2,3
2,SSCP-08c0363a92a5befd,2,3
2,SSCP-08c2a6a0e6ca82dd,2,3
2,SSCP-08fee2625eabdea5,2,3
2,SSCP-091a508e5bd938ac,2,3
2,SSCP-092a5f60e0afc540,2,3
2,SSCP-0945ed5622f16164,2,3
2,SSCP-099ee237d0e34a84,2,3
2,SSCP-09b7204bca41ad28,2,3
2,SSCP-09dc274bf40dcb14,2,3
2,SSCP-0a9f445266757c4f,2,3
2,SSCP-0ad9ecae2c4c47da,2,3
2,SSCP-0af0edc75f0a961e,2,3
2,SSCP-0b391693c5e8119c,2,3
2,SSCP-0b9d125bbf39e92e,2,3
2,SSCP-0bb1d68c0442ef14,2,3
2,SSCP-0bb41cdcb1521a5d,2,3
2,SSCP-0bd4d0d475b51ea1,2,3
2,SSCP-0bedd597f85c2ba6,2,3
2,SSCP-0c21cf875f84fff8,2,3
2,SSCP-0c2e7bcec9e125fe,2,3
2,SSCP-0c4118fba5d8fab2,2,3
2,SSCP-0c5442df87bf5ba5,2,3
2,SSCP-0c872b4d79dbfbee,2,3
2,SSCP-0c9a60436dfdcafd,2,3
2,SSCP-0cb8edec4c13a28a,2,3
2,SSCP-0cbd5e158d14427a,2,3
2,SSCP-0ccc19700c6b7bc6,2,3
2,SSCP-0cdb9dfd3357498c,2,3
2,SSCP-0d47f3cb964eed24,2,3
2,SSCP-0d625eef7c9556c4,2,3
2,SSCP-0d6316dcbe2930b6,2,3
2,SSCP-0d81ea27f942667a,2,3
2,SSCP-0d8917410dad98f6,2,3
2,SSCP-0d89dea98528c160,2,3
2,SSCP-0da8a7bbc2f1efd2,2,3
2,SSCP-0dc3734e1fdc293e,2,3
2,SSCP-0dcc73633d4cc506,2,3
2,SSCP-0e5a1cfc3aec4b0d,2,3
2,SSCP-0f05e8e34827c829,2,3
2,SSCP-0f8f971f494a2c36,2,3
2,SSCP-0fca51197c13be2b,2,3
2,SSCP-1022edce5b0e276b,2,3
2,SSCP-102727651d252972,2,3
2,SSCP-1033b0389c933105,2,3
2,SSCP-10356a28321d9048,2,3
2,SSCP-10535378ab6b0cff,2,3
2,SSCP-10e89b435a78b69c,2,3
2,SSCP-1133396c96e67a88,2,3
2,SSCP-113be00eea03bc96,2,3
2,SSCP-113ca45ab879532f,2,3
2,SSCP-114c139695ddceb3,2,3
2,SSCP-115d840e8cb15011,2,3
2,SSCP-116d0d64a40f78bd,2,3
2,SSCP-11ec0a92ce50d9e1,2,3
2,SSCP-11fcb65679237b63,2,3
2,SSCP-12955a76eef9b9d4,2,3
2,SSCP-12b04fd90bc96ed6,2,3
2,SSCP-12eff7c1978604c7,2,3
2,SSCP-12f124966007b8a0,2,3
2,SSCP-12f56d9ab009731f,2,3
2,SSCP-1313f291e1f4dba9,2,3
2,SSCP-133c0d9fdb0848ee,2,3
2,SSCP-1350cdbd408aed7a,2,3
2,SSCP-137617d7497a7fb3,2,3
2,SSCP-13a73124b7518ef8,2,3
2,SSCP-13ccd2eb34d16ff8,2,3
2,SSCP-145fe8c61fd24cac,2,3
2,SSCP-14801e1272aab80b,2,3
2,SSCP-149969da5920b550,2,3
2,SSCP-14d5512ad86f4601,2,3
2,SSCP-14f673145c6964d9,2,3
2,SSCP-14fe3b108f313037,2,3
2,SSCP-153269d51d51bee6,2,3
2,SSCP-153a6326ebfe9531,2,3
2,SSCP-15e177c70ca49f2d,2,3
2,SSCP-15ea98f85a36a4b8,2,3
2,SSCP-1601e9664d9a97d5,2,3
2,SSCP-16053eae3d3270bc,2,3
2,SSCP-16136cc93c92a8da,2,3
2,SSCP-16262061109cad99,2,3
2,SSCP-162cb9003c7ddf6b,2,3
2,SSCP-1689fe7d08961677,2,3
2,SSCP-16e97318e3786de5,2,3
2,SSCP-171fd648987218f6,2,3
2,SSCP-176ae260f62c485e,2,3
2,SSCP-17e799f47b69445f,2,3
2,SSCP-17f0e5d65d0ef12f,2,3
2,SSCP-1848deb74f91a755,2,3
2,SSCP-184f9b15950cb375,2,3
2,SSCP-18908d435d828c49,2,3
2,SSCP-18c875d74c3a370f,2,3
2,SSCP-18c90e5ff410ff82,2,3
2,SSCP-18cddfccc47bde64,2,3
2,SSCP-18e96732e64f1e5d,2,3
2,SSCP-1923cd9b497f44f7,2,3
2,SSCP-19f1c4f7e86a571e,2,3
2,SSCP-1a474088c32c7d4f,2,3
2,SSCP-1a514ab989862518,2,3
2,SSCP-1a682e135a191741,2,3
2,SSCP-1a7278e879ea5806,2,3
2,SSCP-1aaf8e25fcb84657,2,3
2,SSCP-1ab6ffb5785a004a,2,3
2,SSCP-1aecc897def8f349,2,3
2,SSCP-1b5fc10c5d33261d,2,3
2,SSCP-1bb26062a64ed749,2,3
2,SSCP-1bb951d38dc20fe3,2,3
2,SSCP-1be427ae7d4c43ec,2,3
2,SSCP-1beca41bf9eebde8,2,3
2,SSCP-1bfc4a808e553642,2,3
2,SSCP-1c2367aee7c47068,2,3
2,SSCP-1c2aee0bacc41e1c,2,3
2,SSCP-1c459321e3de32c8,2,3
2,SSCP-1c511248eb5c0b5d,2,3
2,SSCP-1c8d4a1de5abc8e9,2,3
2,SSCP-1cf2cd43738a18cd,2,3
2,SSCP-1cf759fcf751f6b3,2,3
2,SSCP-1d53956f7450f058,2,3
2,SSCP-1da17ee9cbf04e4f,2,3
2,SSCP-1dbdba8aa2782a82,2,3
2,SSCP-1e00909de1d9c80e,2,3
2,SSCP-1e0c430215c3e7a9,2,3
2,SSCP-1e12fdb154503f73,2,3
2,SSCP-1e21c17bf7a55193,2,3
2,SSCP-1e25efc072fff295,2,3
2,SSCP-1e3c47af013876be,2,3
2,SSCP-1f0cb1315191e921,2,3
2,SSCP-1f1670a692f90ec6,2,3
2,SSCP-1f68061f4eb2c811,2,3
2,SSCP-1f8aa3252c77fc33,2,3
2,SSCP-1f8c01282b7f646e,2,3
2,SSCP-1f90771a34bd47bb,2,3
2,SSCP-1fb94957cd4ecc40,2,3
2,SSCP-1ff0ee765a7e1c44,2,3
2,SSCP-200151cd56667300,2,3
2,SSCP-2087272ecde4aac8,2,3
2,SSCP-20de642cf74a09b3,2,3
2,SSCP-20dfc672beb90510,2,3
2,SSCP-20efda7dfda91a39,2,3
2,SSCP-20f285a14493bde7,2,3
2,SSCP-2135840ba8c26ce9,2,3
2,SSCP-214f363ac58b00e0,2,3
2,SSCP-216e08e214f9396d,2,3
2,SSCP-218f30714c939d48,2,3
2,SSCP-21a7b4c30fd82462,2,3
2,SSCP-21b0c6d7206cc71d,2,3
2,SSCP-21d7fdd24186b4ca,2,3
2,SSCP-21fa2f2218eacb60,2,3
2,SSCP-2233d7df3f6b3c6d,2,3
2,SSCP-227746540739a0a0,2,3
2,SSCP-230c9f7ea887a703,2,3
2,SSCP-2326efb1f8aac18a,2,3
2,SSCP-2336c2a01c037a08,2,3
2,SSCP-235244c57291bc76,2,3
2,SSCP-237f3c4f13b2d287,2,3
2,SSCP-23885b93b3a73e96,2,3
2,SSCP-243954445eb2ee1a,2,3
2,SSCP-248d72e9e5b93719,2,3
2,SSCP-24dd688985743ecb,2,3
2,SSCP-24feaa54fe4d4403,2,3
2,SSCP-252c309e2db80377,2,3
2,SSCP-254b25ff8f63c885,2,3
2,SSCP-255899760428603c,2,3
2,SSCP-25607f0e658030cd,2,3
2,SSCP-2562fad61ee1aab7,2,3
2,SSCP-25e1c81c437d252f,2,3
2,SSCP-260e82a24fb942cc,2,3
2,SSCP-261db7d6a8c0bc54,2,3
2,SSCP-264fec38b9312475,2,3
2,SSCP-267fdb7d89d1fcda,2,3
2,SSCP-26eb41b4b447b2b7,2,3
2,SSCP-2756df9576223888,2,3
2,SSCP-27ceba546c5076b1,2,3
2,SSCP-27fb46c40435deef,2,3
2,SSCP-28444463d17eaff5,2,3
2,SSCP-287b053968b847ea,2,3
2,SSCP-287e65dd3e0129b7,2,3
2,SSCP-288769dd69171de1,2,3
2,SSCP-289829f4101cd620,2,3
2,SSCP-28bf78422a3e1788,2,3
2,SSCP-28ca51d25f5fe684,2,3
2,SSCP-28cf39bac48366ee,2,3
2,SSCP-28dc669d547bdb82,2,3
2,SSCP-28e03c68009a8d65,2,3
2,SSCP-28f8756c3a309d2d,2,3
2,SSCP-28fa68cc5eb8f331,2,3
2,SSCP-292e8f38b256033b,2,3
2,SSCP-2942db1358a02575,2,3
2,SSCP-2976911e37d1d667,2,3
2,SSCP-298361b028ef6202,2,3
2,SSCP-29a7440848239782,2,3
2,SSCP-29ee74c1148c2db2,2,3
2,SSCP-2a0e6dc85b13b357,2,3
2,SSCP-2a2edf2876b5cef1,2,3
2,SSCP-2a5443421584becd,2,3
2,SSCP-2a987dfeac5b82ec,2,3
2,SSCP-2aa3f6146aade2ec,2,3
2,SSCP-2ac0e563f89236e4,2,3
2,SSCP-2af74367313aacef,2,3
2,SSCP-2b13790aa97878d4,2,3
2,SSCP-2b22b0cab903cc39,2,3
2,SSCP-2b343d8f9327be80,2,3
2,SSCP-2b4fb9c2064d7894,2,3
2,SSCP-2b515cf7f82ac253,2,3
2,SSCP-2ba0ea1b9c0e2bac,2,3
2,SSCP-2bb74674dd2390dc,2,3
2,SSCP-2be455125ffae282,2,3
2,SSCP-2c2f69a2920e9848,2,3
2,SSCP-2ca15c66631974fd,2,3
2,SSCP-2cdaef2639125111,2,3
2,SSCP-2d97627e0c58b7fe,2,3
2,SSCP-2d9f66f60ca31781,2,3
2,SSCP-2dbd5995f7680e10,2,3
2,SSCP-2ddf62b0a54614cd,2,3
2,SSCP-2e5fb87b076ede60,2,3
2,SSCP-2ebcd34794406155,2,3
2,SSCP-2f6a8710ebc0e3f8,2,3
2,SSCP-2f9331b5d737a8a1,2,3
2,SSCP-2fc636f6c2fc2697,2,3
2,SSCP-2fd04bb8c974b578,2,3
2,SSCP-305e14e7fb23bc7a,2,3
2,SSCP-30805901f9db2c9e,2,3
2,SSCP-3098c05f01f28948,2,3
2,SSCP-309a371802643ed9,2,3
2,SSCP-309dcbde4e007ace,2,3
2,SSCP-30a3f8e976a8963b,2,3
2,SSCP-30b7bedd44280221,2,3
2,SSCP-30db7fed73624441,2,3
2,SSCP-31171d7e8771795f,2,3
2,SSCP-313cc04ac514c57b,2,3
2,SSCP-3150256f605e5454,2,3
2,SSCP-318340086c52f697,2,3
2,SSCP-318fdd7163c8d266,2,3
2,SSCP-31d624f6c741cebf,2,3
2,SSCP-31fbdd543aa58085,2,3
2,SSCP-323af9dead527660,2,3
2,SSCP-32513796a0e0ef86,2,3
2,SSCP-3270aaeb9758c04c,2,3
2,SSCP-32d63313092b1c7d,2,3
2,SSCP-332fc94e4074a6f4,2,3
2,SSCP-335fdb1cb362d49c,2,3
2,SSCP-336416c5fd9ad770,2,3
2,SSCP-33853c203497b963,2,3
2,SSCP-3387adb5793a7cd6,2,3
2,SSCP-3393e1adb9b73e18,2,3
2,SSCP-339f1a2d960ca492,2,3
2,SSCP-33a52bcfeef158d7,2,3
2,SSCP-33d07a39c48fc575,2,3
2,SSCP-343dbb167eb379c4,2,3
2,SSCP-3506f28f9132707a,2,3
2,SSCP-350a865b93e8f280,2,3
2,SSCP-352fcc4a7d2d3506,2,3
2,SSCP-35303fd1ccea70c9,2,3
2,SSCP-35d8fba277a88d28,2,3
2,SSCP-368aa099adb6045e,2,3
2,SSCP-36c8488b11924198,2,3
2,SSCP-37470b6733a2bc8c,2,3
2,SSCP-37af6ad4b659ab09,2,3
2,SSCP-38beb93fa9fc5763,2,3
2,SSCP-38f7e0e5f2a31696,2,3
2,SSCP-39b39a92c834e07d,2,3
2,SSCP-39d3f78e5be17d3c,2,3
2,SSCP-39fd5815cf77fa0c,2,3
2,SSCP-3a5033601261265c,2,3
2,SSCP-3a9743e58ab49cb2,2,3
2,SSCP-3aa558f567373a87,2,3
2,SSCP-3aa74178172dce8f,2,3
2,SSCP-3aaa0b55f9daf4c7,2,3
2,SSCP-3aaa719dbbffa30f,2,3
2,SSCP-3ad3c99c5b300f9c,2,3
2,SSCP-3adfe346b8f11725,2,3
2,SSCP-3b1b8e80fd98587f,2,3
2,SSCP-3b32122825bada60,2,3
2,SSCP-3b5d560ee2e0ff27,2,3
2,SSCP-3b6ac516d0eccd8a,2,3
2,SSCP-3bd429ee035c8d3a,2,3
2,SSCP-3bf0a806a820b7c1,2,3
2,SSCP-3c23802ed117b87c,2,3
2,SSCP-3c2c9199c75ac847,2,3
2,SSCP-3c3d32ea84d855b7,2,3
2,SSCP-3cd8da1dc0a7fcde,2,3
2,SSCP-3d49673adbbe3baa,2,3
2,SSCP-3d762c9242fc81f0,2,3
2,SSCP-3d8b49aff88fdf9b,2,3
2,SSCP-3d90edbbb1ea9612,2,3
2,SSCP-3da02608c2d8c8f2,2,3
2,SSCP-3e97ed03edf2ec45,2,3
2,SSCP-3eb7f397bc8e3fea,2,3
2,SSCP-3f147a3ac0a24674,2,3
2,SSCP-3f1afa7babd30f80,2,3
2,SSCP-3f45413e9679bdd6,2,3
2,SSCP-3f7d1bcdb01c25c6,2,3
2,SSCP-3f83855499c6ef89,2,3
2,SSCP-3fa88e59825ae80e,2,3
2,SSCP-3fd71f5e7d10321b,2,3
2,SSCP-40457d3750812687,2,3
2,SSCP-408657e92229bae2,2,3
2,SSCP-410d13fe33ddc307,2,3
2,SSCP-415179dbbb8ddc9a,2,3
2,SSCP-4180bf73882e79db,2,3
2,SSCP-421c5d72644c7257,2,3
2,SSCP-4226e28110ae9530,2,3
2,SSCP-42602f512134d7b9,2,3
2,SSCP-42a8ba89588e9fb3,2,3
2,SSCP-42d39d095b476690,2,3
2,SSCP-42f42ff2dc62a79a,2,3
2,SSCP-435340d4340d28f6,2,3
2,SSCP-438e07410ad2cdf9,2,3
2,SSCP-43cd09d029c282d3,2,3
2,SSCP-43ebf3bf9d76699f,2,3
2,SSCP-43f07969bc8ffbb3,2,3
2,SSCP-441a038183d1c362,2,3
2,SSCP-4445666bf4843c6f,2,3
2,SSCP-44a1b9755bdb513d,2,3
2,SSCP-44b6c29450b36a1d,2,3
2,SSCP-44d671083e8c8c92,2,3
2,SSCP-4523a2ab5c2acf64,2,3
2,SSCP-4575486571ac0155,2,3
2,SSCP-457f0ecb477caca1,2,3
2,SSCP-4596463d9d153b17,2,3
2,SSCP-45a11c2600d332f7,2,3
2,SSCP-45c47b2adf1952da,2,3
2,SSCP-45d1652ad6f74774,2,3
2,SSCP-4625eabe32deee83,2,3
2,SSCP-464dae289258d651,2,3
2,SSCP-4664ad2ef902dec5,2,3
2,SSCP-4678426f61d7bd6b,2,3
2,SSCP-46ae8e32c2c02c00,2,3
2,SSCP-46b668bf0240c78d,2,3
2,SSCP-472c3c0bea47f703,2,3
2,SSCP-4731bad27910a0e9,2,3
2,SSCP-475fd8d719a10c81,2,3
2,SSCP-4775c3ec2510d2e0,2,3
2,SSCP-47817dd98e3ec67c,2,3
2,SSCP-4784a78f8b6c8290,2,3
2,SSCP-478e1956c04be3cc,2,3
2,SSCP-47e7048e09ce88c6,2,3
2,SSCP-48652d706f6cb23b,2,3
2,SSCP-4915f91fed2952a4,2,3
2,SSCP-492120fc074424be,2,3
2,SSCP-49288a8756f22d8a,2,3
2,SSCP-493419552dc711fa,2,3
2,SSCP-4941eb00ba39844d,2,3
2,SSCP-49429fa206059e56,2,3
2,SSCP-4963e927648e6fd3,2,3
2,SSCP-4972df665fe27a87,2,3
2,SSCP-498095d1af8ea966,2,3
2,SSCP-49af0eb6665b9f93,2,3
2,SSCP-4a06803f5a4653e8,2,3
2,SSCP-4a1b8f5db1536e94,2,3
2,SSCP-4a1e5c5bfc8ab7d4,2,3
2,SSCP-4a4a878e51005ca4,2,3
2,SSCP-4b1cc4e460fa33aa,2,3
2,SSCP-4bb8835f217a639b,2,3
2,SSCP-4bd48f96c9fe603b,2,3
2,SSCP-4bed83c74ef7c6c6,2,3
2,SSCP-4c1de0e7e6490f8b,2,3
2,SSCP-4c1f5f8cce76b2fe,2,3
2,SSCP-4c5a922c253731af,2,3
2,SSCP-4cd939a924b592f5,2,3
2,SSCP-4d3d198570922bc7,2,3
2,SSCP-4d3db9292be6f439,2,3
2,SSCP-4d6ac799599e25ed,2,3
2,SSCP-4d8dad95bd9eabc9,2,3
2,SSCP-4da2a47fe63c6856,2,3
2,SSCP-4dfcd48d5e221ac9,2,3
2,SSCP-4e26474aa6f4cf02,2,3
2,SSCP-4e294de0ecc03a19,2,3
2,SSCP-4e3879070bc51c94,2,3
2,SSCP-4e3f3ebb00173be7,2,3
2,SSCP-4eb571eb2702390a,2,3
2,SSCP-4f214dbe0886f857,2,3
2,SSCP-4f2ac6ddc60ca091,2,3
2,SSCP-4f8e62895a54494b,2,3
2,SSCP-4f91128ea0cc12e4,2,3
2,SSCP-4f944a4f50b568eb,2,3
2,SSCP-4fa3dae6a40f69ef,2,3
2,SSCP-4facc48fc97cccf4,2,3
2,SSCP-4fd6d829fc58d5ed,2,3
2,SSCP-4fdda3cbaecd161d,2,3
2,SSCP-4fdf81f5a25113da,2,3
2,SSCP-4fe0e23479210a38,2,3
2,SSCP-4ffa3075ca6a0ea6,2,3
2,SSCP-501572cf7cabc5a5,2,3
2,SSCP-501cbf81868154c6,2,3
2,SSCP-503d98d51b157d24,2,3
2,SSCP-5163b2eedce1b660,2,3
2,SSCP-51eab8131d03f4f2,2,3
2,SSCP-5208a0c4ee3b53b5,2,3
2,SSCP-52fcc2fe8f2487a9,2,3
2,SSCP-5353220f958ec1a2,2,3
2,SSCP-538ac6457c79e2a5,2,3
2,SSCP-539a698fe38ea588,2,3
2,SSCP-539f26d55658cf97,2,3
2,SSCP-53ed065fab0622b5,2,3
2,SSCP-53f7decada88f06a,2,3
2,SSCP-5445c671acaf49c9,2,3
2,SSCP-547d5a9beebfd7c2,2,3
2,SSCP-54a04a2a95a79598,2,3
2,SSCP-54d652a7d44de793,2,3
2,SSCP-550a16e1db08b1e4,2,3
2,SSCP-5515dbbf5c41ce74,2,3
2,SSCP-551b5d420a31fd41,2,3
2,SSCP-5528d99a80642384,2,3
2,SSCP-553430d82b09f7ff,2,3
2,SSCP-557ef8e2394b2aa7,2,3
2,SSCP-5592278e9f2ef340,2,3
2,SSCP-55a9745a34c20f4b,2,3
2,SSCP-55c93f28758cb1c0,2,3
2,SSCP-55f640e37603a361,2,3
2,SSCP-561cd171f1c77438,2,3
2,SSCP-5620173486b704f7,2,3
2,SSCP-563dfe2281656f23,2,3
2,SSCP-569dd35d8528e95c,2,3
2,SSCP-5718e765e672eeb8,2,3
2,SSCP-5771352555f7f37c,2,3
2,SSCP-578b7ef60dc21c7c,2,3
2,SSCP-57a5e40985689da7,2,3
2,SSCP-584390268f0d30e2,2,3
2,SSCP-588ba3f0a789961f,2,3
2,SSCP-58c1848805046e8d,2,3
2,SSCP-58f9c3b2f2aa1937,2,3
2,SSCP-590e1cefa644411c,2,3
2,SSCP-5913e3ebf013ebd7,2,3
2,SSCP-5997ccd01b1f6be1,2,3
2,SSCP-59a059afdd492704,2,3
2,SSCP-59e9e1226a923867,2,3
2,SSCP-5a0b7ffb2397f20f,2,3
2,SSCP-5a0e4452696903fb,2,3
2,SSCP-5a21161256d4687f,2,3
2,SSCP-5ab6da75ed6eea99,2,3
2,SSCP-5ae3403d2ac9497f,2,3
2,SSCP-5af61cd3cfa41f36,2,3
2,SSCP-5afd139acdf9f6d2,2,3
2,SSCP-5b1baebcd4f5d92f,2,3
2,SSCP-5baf9c85ec6836c5,2,3
2,SSCP-5bb4dd6287acb6e2,2,3
2,SSCP-5be15cd72d93122b,2,3
2,SSCP-5becdb7caaaa6f6e,2,3
2,SSCP-5bed57e481076146,2,3
2,SSCP-5c00c53612130116,2,3
2,SSCP-5c24f53bb778d73c,2,3
2,SSCP-5c34f8b6fceac028,2,3
2,SSCP-5c504530229604f5,2,3
2,SSCP-5c5624d9bbe0c433,2,3
2,SSCP-5c9d270bd4f6f0b2,2,3
2,SSCP-5ccb419450d54c2a,2,3
2,SSCP-5ccf9b4c45d518ef,2,3
2,SSCP-5cded527a88e6a79,2,3
2,SSCP-5cfb578f5606aecc,2,3
2,SSCP-5d068cb357ddda84,2,3
2,SSCP-5d110ddf62d74b22,2,3
2,SSCP-5d41c4fb7ca70a9c,2,3
2,SSCP-5d895ac42fdc8ed0,2,3
2,SSCP-5db03960bc00a497,2,3
2,SSCP-5de31198de05497e,2,3
2,SSCP-5e0488bd3912363a,2,3
2,SSCP-5e43f63b3982dcb4,2,3
2,SSCP-5eba7fea8f8eca16,2,3
2,SSCP-5eef44956a3cbe0c,2,3
2,SSCP-5fae00e1d1b9a1c5,2,3
2,SSCP-5fd2e9bf45f6476d,2,3
2,SSCP-5feaa106613fc2fa,2,3
2,SSCP-603eb49e08bb665a,2,3
2,SSCP-6064251118ae7be0,2,3
2,SSCP-606d950eac139e99,2,3
2,SSCP-60a43d1c7e3bfe7d,2,3
2,SSCP-60fa46874e6160db,2,3
2,SSCP-613c9f19489ad457,2,3
2,SSCP-6161b8440a61431c,2,3
2,SSCP-6189d0981366e989,2,3
2,SSCP-626ef1015ce22a2d,2,3
2,SSCP-62a8cf79f1921884,2,3
2,SSCP-62b17976d69339f5,2,3
2,SSCP-62b53ad997e7c75c,2,3
2,SSCP-62df807482ba29bd,2,3
2,SSCP-6302ecb9eddb7dfa,2,3
2,SSCP-630556a197b54d30,2,3
2,SSCP-63154382386eab5f,2,3
2,SSCP-633b899f48f22ff9,2,3
2,SSCP-634e8880c72474c2,2,3
2,SSCP-635cb1a2d31246bc,2,3
2,SSCP-6373c40f63e37e5d,2,3
2,SSCP-6385149e1b9b081b,2,3
2,SSCP-63879fc3baab7730,2,3
2,SSCP-638e30e9cc699cf4,2,3
2,SSCP-63e93a460f11efa1,2,3
2,SSCP-6430251cc5371d25,2,3
2,SSCP-6483480393e8c0bb,2,3
2,SSCP-64c6d07684bc625a,2,3
2,SSCP-6557716e76ae5365,2,3
2,SSCP-655840011e6f5be7,2,3
2,SSCP-65cc4a10e1a91bf0,2,3
2,SSCP-65f6e694d2d21d98,2,3
2,SSCP-662f4acf535c1883,2,3
2,SSCP-66420df55d2dfc3e,2,3
2,SSCP-66b2edd8d89d0b06,2,3
2,SSCP-66cd103a486fd15c,2,3
2,SSCP-66ee51993f380c2d,2,3
2,SSCP-672ded41b1cd2d0a,2,3
2,SSCP-674ee9fbc03cb076,2,3
2,SSCP-6770f50e7a200174,2,3
2,SSCP-67ba31f3365acce7,2,3
2,SSCP-67ce854cb79ff867,2,3
2,SSCP-67dbe0e8d0c0ca21,2,3
2,SSCP-68453d7b2b543808,2,3
2,SSCP-68bbe39880856c7e,2,3
2,SSCP-68db4484f89802c5,2,3
2,SSCP-68dd53621f6ddadc,2,3
2,SSCP-68e4c5bb24e53b62,2,3
2,SSCP-68eae66155250596,2,3
2,SSCP-68f233e4ec79980b,2,3
2,SSCP-691d6c05b3d1192b,2,3
2,SSCP-692c6fb69626354b,2,3
2,SSCP-694073c6acf1158b,2,3
2,SSCP-6947da72bac2811e,2,3
2,SSCP-69c251e07b0001dc,2,3
2,SSCP-6a35a94f9542c136,2,3
2,SSCP-6aac45c15f829525,2,3
2,SSCP-6ac4528e5a88d277,2,3
2,SSCP-6acc308d85a13a58,2,3
2,SSCP-6adec8dc34b51da5,2,3
2,SSCP-6ae6a482115a6582,2,3
2,SSCP-6ae788474da38c48,2,3
2,SSCP-6afb2f9a477c7f53,2,3
2,SSCP-6aff493f0ab35b85,2,3
2,SSCP-6b0b48a7f4c2f854,2,3
2,SSCP-6b6fcebbc1bf7824,2,3
2,SSCP-6ba06797a9646853,2,3
2,SSCP-6bbc7d5813ef6649,2,3
2,SSCP-6bcfac69ca15b0f0,2,3
2,SSCP-6c053cdd9f35e63a,2,3
2,SSCP-6c74efa2f336d316,2,3
2,SSCP-6ca0e122230cd3b2,2,3
2,SSCP-6ca5dc332d9b88ec,2,3
2,SSCP-6cc89c77a35e7a6b,2,3
2,SSCP-6ccc70a4f6571beb,2,3
2,SSCP-6d316342ac50d095,2,3
2,SSCP-6d40ec813359c348,2,3
2,SSCP-6d7f46e43f02481c,2,3
2,SSCP-6d9623b29e0362a1,2,3
2,SSCP-6def5e01c02d799d,2,3
2,SSCP-6e2177a8b39450d4,2,3
2,SSCP-6e3da6836ac1dd88,2,3
2,SSCP-6e6d46e272fd5f30,2,3
2,SSCP-6e76883edcc4242a,2,3
2,SSCP-6ea0c4b572cd64e6,2,3
2,SSCP-6ed770672eee839e,2,3
2,SSCP-6f4918ef63a39cb0,2,3
2,SSCP-6f5363aecdc04e82,2,3
2,SSCP-6f6f5c88923f4b63,2,3
2,SSCP-7077bd119ece6e1a,2,3
2,SSCP-7079ae24e562ea1c,2,3
2,SSCP-707f43d0a08ef1ef,2,3
2,SSCP-7091f3fe546d9862,2,3
2,SSCP-70aefb6cf458c346,2,3
2,SSCP-70e6b4976bd0fd59,2,3
2,SSCP-70e9dfb9e440cac6,2,3
2,SSCP-716b90e41f98c86f,2,3
2,SSCP-719393cc85069020,2,3
2,SSCP-71a18ad6dee65a6e,2,3
2,SSCP-71bcca6d04e16aef,2,3
2,SSCP-71d210b5c14ec30b,2,3
2,SSCP-71ef8f726da40cec,2,3
2,SSCP-71f4c151f81175be,2,3
2,SSCP-721d2960c06fd49b,2,3
2,SSCP-7222eab2b27d4e24,2,3
2,SSCP-72ac71a18d20ad21,2,3
2,SSCP-72b12cf52d3043cd,2,3
2,SSCP-739a994451f39e84,2,3
2,SSCP-73a8a2d5efc5aff1,2,3
2,SSCP-73da21688f4544c4,2,3
2,SSCP-7430f5a1fd5d30d3,2,3
2,SSCP-744a34952a26f0fa,2,3
2,SSCP-74730292de497184,2,3
2,SSCP-7498b93ac8c910b1,2,3
2,SSCP-74aeea97bc84a795,2,3
2,SSCP-74e2513f73f8fec9,2,3
2,SSCP-74f34aa2731e5e0c,2,3
2,SSCP-74f54fc8acbbee1a,2,3
2,SSCP-7502462fd7df7ad7,2,3
2,SSCP-754c01374141fe11,2,3
2,SSCP-7588e59dab4e8aa2,2,3
2,SSCP-7590a4398b9f0175,2,3
2,SSCP-75bc19bc6bafd904,2,3
2,SSCP-75e891b9b34a61ff,2,3
2,SSCP-75edeff968837ac9,2,3
2,SSCP-7618b036ad7fb772,2,3
2,SSCP-766d0d6f877f0c00,2,3
2,SSCP-7680e1ff0ab6421a,2,3
2,SSCP-76e8ad68c90502a6,2,3
2,SSCP-77058fa5de6232eb,2,3
2,SSCP-7735c225ac9b20f3,2,3
2,SSCP-77886676d44e7a83,2,3
2,SSCP-77b1f4ad98351157,2,3
2,SSCP-77d7eeb2731f0000,2,3
2,SSCP-77e05897e760f138,2,3
2,SSCP-77fa7ffd593401c9,2,3
2,SSCP-7814ad97ed2a30a7,2,3
2,SSCP-7839eaf6ea6b3b16,2,3
2,SSCP-78575bb313c0da67,2,3
2,SSCP-786f855766faf931,2,3
2,SSCP-7876011b198548a6,2,3
2,SSCP-792b80c92bc31150,2,3
2,SSCP-7961977ee1000b23,2,3
2,SSCP-796e0eff7bd18357,2,3
2,SSCP-799d9ac2b85c5822,2,3
2,SSCP-79a9620666c06c9e,2,3
2,SSCP-79acb94b9611f727,2,3
2,SSCP-79b956a2b9714b27,2,3
2,SSCP-79ccaaff78e02e9b,2,3
2,SSCP-79cd22bcd9afe615,2,3
2,SSCP-7a56cf3b993fccbb,2,3
2,SSCP-7a5b399046aa66d3,2,3
2,SSCP-7ac2033dbc21a566,2,3
2,SSCP-7acc795c19bbd91d,2,3
2,SSCP-7b21d37a57c5d50b,2,3
2,SSCP-7b7a823d56112417,2,3
2,SSCP-7b81c1cef319f07e,2,3
2,SSCP-7ba1365041f4b6a8,2,3
2,SSCP-7c64a4f84156aab6,2,3
2,SSCP-7c6637752364063c,2,3
2,SSCP-7c95945933290fb6,2,3
2,SSCP-7c9fe7baca99adb3,2,3
2,SSCP-7d3842058e157749,2,3
2,SSCP-7d44e3322b34bfb7,2,3
2,SSCP-7d475edfc7e3e018,2,3
2,SSCP-7d877dae360456c1,2,3
2,SSCP-7d899ff19b560c82,2,3
2,SSCP-7d9af49a62409b08,2,3
2,SSCP-7dc3ebcd84eccaa7,2,3
2,SSCP-7e0c5141fb6968fa,2,3
2,SSCP-7e1d720b8b92bf07,2,3
2,SSCP-7e5e7bdb069d9045,2,3
2,SSCP-7eb1c6a62621767c,2,3
2,SSCP-7ef79a2dcb2ba48f,2,3
2,SSCP-7f259975f7536cd4,2,3
2,SSCP-7f528ab0500a5d58,2,3
2,SSCP-7faede657e065d24,2,3
2,SSCP-7ffc24795aa7b5a9,2,3
2,SSCP-8006018dd53c2e56,2,3
2,SSCP-801732f18d3bfe04,2,3
2,SSCP-805f2d1a89bd42a8,2,3
2,SSCP-807c1e79c64c7c19,2,3
2,SSCP-80b86a3834c224be,2,3
2,SSCP-811e6064066ccf4b,2,3
2,SSCP-813e27a936e9b140,2,3
2,SSCP-8179514c32d06cb5,2,3
2,SSCP-81c985325bc06beb,2,3
2,SSCP-81d9322531a48666,2,3
2,SSCP-81eb85ff08f13097,2,3
2,SSCP-81ed02a2120cabee,2,3
2,SSCP-82332675051df493,2,3
2,SSCP-8266b1acf3779811,2,3
2,SSCP-826e575d8e93a63a,2,3
2,SSCP-82a8dce31ed950a5,2,3
2,SSCP-82eb7425d89a0e55,2,3
2,SSCP-83346a79d02396fc,2,3
2,SSCP-83b2fd950ca6d1ea,2,3
2,SSCP-840f02ac8a4cda89,2,3
2,SSCP-84347aecd6b8e079,2,3
2,SSCP-8475024ce544af32,2,3
2,SSCP-84a01e8f48388545,2,3
2,SSCP-84a0d459588ba09a,2,3
2,SSCP-84e6b8effbd7260c,2,3
2,SSCP-84f072b5abcd821e,2,3
2,SSCP-854726eeae4cb668,2,3
2,SSCP-855eeda5216e0f61,2,3
2,SSCP-85633d99cfaa2a78,2,3
2,SSCP-856e761eb37e9310,2,3
2,SSCP-85ab437bc917c15b,2,3
2,SSCP-85ce830f3c47952b,2,3
2,SSCP-86429d68117f3b53,2,3
2,SSCP-8665b554888db6cf,2,3
2,SSCP-8687fc07b40c039c,2,3
2,SSCP-86b2ec975326a421,2,3
2,SSCP-873e958ebef36419,2,3
2,SSCP-87d6f03a4a2c6c0e,2,3
2,SSCP-87fdf918849736d8,2,3
2,SSCP-8845b05dac7535b2,2,3
2,SSCP-888c2e75ee0af125,2,3
2,SSCP-88ad3553a08cc184,2,3
2,SSCP-88af56309f5d363c,2,3
2,SSCP-88d9ece2cc9342e2,2,3
2,SSCP-88fd64d6f5906be1,2,3
2,SSCP-89e8420b3d26f923,2,3
2,SSCP-8a0b3f99b47b1ba0,2,3
2,SSCP-8ac6599e6a806e11,2,3
2,SSCP-8ac74a5e19075aff,2,3
2,SSCP-8adc945cf4f5ad93,2,3
2,SSCP-8ae45133e3762247,2,3
2,SSCP-8af70fa4350bb176,2,3
2,SSCP-8b0ac28a9df8e684,2,3
2,SSCP-8b120bd05e6fb175,2,3
2,SSCP-8b13f8c7faa0365f,2,3
2,SSCP-8b34ecbe89c7410c,2,3
2,SSCP-8b68b61400337eac,2,3
2,SSCP-8b75f4a009fcba39,2,3
2,SSCP-8b840e32d7f5d934,2,3
2,SSCP-8bc04c8569d92b3d,2,3
2,SSCP-8bd9b32511292f19,2,3
2,SSCP-8c08ae3770800a6c,2,3
2,SSCP-8c7979d0ec931dfa,2,3
2,SSCP-8c9920152c5a558b,2,3
2,SSCP-8c99a842dec28551,2,3
2,SSCP-8ca33c0c02732b8b,2,3
2,SSCP-8ca7bdb5c4580086,2,3
2,SSCP-8cb15d3d9114ae51,2,3
2,SSCP-8cf5282a85d92f72,2,3
2,SSCP-8cfe70e3b37281ab,2,3
2,SSCP-8d0882cacf834371,2,3
2,SSCP-8d5a09ccce0e5e8e,2,3
2,SSCP-8d72c6fc0407300f,2,3
2,SSCP-8da719d4b30623a1,2,3
2,SSCP-8def514f3b440bde,2,3
2,SSCP-8e4aa62cbce581a5,2,3
2,SSCP-8e5048fe7539060e,2,3
2,SSCP-8eab2c147bfc6f9e,2,3
2,SSCP-8ed3791f740e6783,2,3
2,SSCP-8f8c12f42a5203ef,2,3
2,SSCP-8f97b08ef6f7d04f,2,3
2,SSCP-8f97f434bc2b6f4e,2,3
2,SSCP-8fad15e0086a6182,2,3
2,SSCP-8fbecb18173d1be4,2,3
2,SSCP-8fcf066662e4581a,2,3
2,SSCP-90195965a83590b8,2,3
2,SSCP-9072cbbbb9271e07,2,3
2,SSCP-90851cbeb8f70cad,2,3
2,SSCP-90a14e0a5b21e8e4,2,3
2,SSCP-910e5124f37a614a,2,3
2,SSCP-913296ebf4fd76bd,2,3
2,SSCP-92064160e999c2f3,2,3
2,SSCP-921f07c2439c92bf,2,3
2,SSCP-9231e03984b0c9b1,2,3
2,SSCP-92825fe1b876c03e,2,3
2,SSCP-92d886906139d5ac,2,3
2,SSCP-94118b77aea4e381,2,3
2,SSCP-94e30d09c8c4e33b,2,3
2,SSCP-952edcee45993c13,2,3
2,SSCP-95632e43a2773774,2,3
2,SSCP-957dcdb2e6673628,2,3
2,SSCP-95a6d12c9f68ad74,2,3
2,SSCP-95bf7d5159b44fe6,2,3
2,SSCP-95f4e991e00d3db2,2,3
2,SSCP-963552f736678a5d,2,3
2,SSCP-963eba05fc0c4758,2,3
2,SSCP-9642aba802a755b2,2,3
2,SSCP-9649309604adef81,2,3
2,SSCP-970b3b40af8e644a,2,3
2,SSCP-972170a386b1c55c,2,3
2,SSCP-97219cd72c704f9b,2,3
2,SSCP-97589bbf077fa17c,2,3
2,SSCP-975cd27e1dda9556,2,3
2,SSCP-9771c44a7ba13985,2,3
2,SSCP-978ceb458f76af1c,2,3
2,SSCP-979a25537b703915,2,3
2,SSCP-97b342ba615f938c,2,3
2,SSCP-9857a9e4b37375ce,2,3
2,SSCP-98c30e0124ded4ff,2,3
2,SSCP-98e83d13809546fb,2,3
2,SSCP-990e98f0089e9c51,2,3
2,SSCP-990ec4ff8d03de32,2,3
2,SSCP-9962f33e0a3885a8,2,3
2,SSCP-996702551e7f5515,2,3
2,SSCP-99ab776c5e83863e,2,3
2,SSCP-99fa14b3d42e899f,2,3
2,SSCP-9a0da285bdcaa176,2,3
2,SSCP-9a104236dc769bbe,2,3
2,SSCP-9a3d71d94ec8eb6f,2,3
2,SSCP-9a59e58d18a23cf5,2,3
2,SSCP-9a91bd86fca1ae76,2,3
2,SSCP-9ad525df31ef3bfc,2,3
2,SSCP-9ae150ba6d8eaaf2,2,3
2,SSCP-9ba8c11d6a93b015,2,3
2,SSCP-9bb37401079c412e,2,3
2,SSCP-9c2a0ab594a6a42b,2,3
2,SSCP-9c524ed20bec2884,2,3
2,SSCP-9c7ec57b38f11af0,2,3
2,SSCP-9c7f8fdf79d3b495,2,3
2,SSCP-9c93f73c8743307e,2,3
2,SSCP-9d217d56c93b45bb,2,3
2,SSCP-9d3acdc71861a15c,2,3
2,SSCP-9d46aa81ed041dfc,2,3
2,SSCP-9d7861e04d358f03,2,3
2,SSCP-9ddaa8380d5e91d2,2,3
2,SSCP-9ddebc0ebf9bf715,2,3
2,SSCP-9e2bc66646245371,2,3
2,SSCP-9f03c96b4cbcde7b,2,3
2,SSCP-9f1c97d4374f3224,2,3
2,SSCP-9f26f70f48af1d44,2,3
2,SSCP-9f4bdfb03bf6267e,2,3
2,SSCP-9f52824e1b1e9b38,2,3
2,SSCP-9fe1e2c7d1acd581,2,3
2,SSCP-9fed2bcbd11b091e,2,3
2,SSCP-a0305b10591f8248,2,3
2,SSCP-a034fb896a7c2958,2,3
2,SSCP-a0a8a3ea3623fa21,2,3
2,SSCP-a0fb0296ecfe4183,2,3
2,SSCP-a11205a29db036f1,2,3
2,SSCP-a117cb3a3794bb73,2,3
2,SSCP-a182629bc989311e,2,3
2,SSCP-a1b9ba0617f90fe1,2,3
2,SSCP-a200dd1670d9f348,2,3
2,SSCP-a2273d14c77de6d2,2,3
2,SSCP-a23997396706ccf6,2,3
2,SSCP-a247e6a328e31023,2,3
2,SSCP-a2badc527735e800,2,3
2,SSCP-a2eacddad57865de,2,3
2,SSCP-a301f0bf1c693e5c,2,3
2,SSCP-a30de48252bad7e9,2,3
2,SSCP-a33fad52232e009d,2,3
2,SSCP-a34bcd41280abf58,2,3
2,SSCP-a388c6abce4edd30,2,3
2,SSCP-a3de39b52aeadf8d,2,3
2,SSCP-a3e9267a47f52e46,2,3
2,SSCP-a3fc8980da055527,2,3
2,SSCP-a4119704a77e847a,2,3
2,SSCP-a42de7139306a2d2,2,3
2,SSCP-a49571890ed1d02f,2,3
2,SSCP-a4e241b9a63340e9,2,3
2,SSCP-a50cd1e1e8e4ec9b,2,3
2,SSCP-a528af2abb43e705,2,3
2,SSCP-a54076ffd1899261,2,3
2,SSCP-a559ca4586ab5d43,2,3
2,SSCP-a5622dc1e0602b59,2,3
2,SSCP-a594ccb0dfd4d1fa,2,3
2,SSCP-a59ed1ee9c4d2184,2,3
2,SSCP-a5c8b018c7c7d645,2,3
2,SSCP-a5e1da987eb9fdd3,2,3
2,SSCP-a5f9c06d6221a8fa,2,3
2,SSCP-a627b9526493e06e,2,3
2,SSCP-a62f284f9dc0193e,2,3
2,SSCP-a64403311324522b,2,3
2,SSCP-a67b74f6f1d1772d,2,3
2,SSCP-a6ce573dcf052946,2,3
2,SSCP-a714332bf3d8d919,2,3
2,SSCP-a72a85209de0cb9d,2,3
2,SSCP-a7417b7748080d72,2,3
2,SSCP-a74aa15f24353194,2,3
2,SSCP-a75d459f665c77b1,2,3
2,SSCP-a7807c84cfd8de00,2,3
2,SSCP-a78e0781818b0f24,2,3
2,SSCP-a7a926f827fe1940,2,3
2,SSCP-a809dbf20196c51f,2,3
2,SSCP-a866a330bd3a8727,2,3
2,SSCP-a872345a330b8696,2,3
2,SSCP-a897212ca2fe79cc,2,3
2,SSCP-a8fecaffb75b742a,2,3
2,SSCP-a932077eb567d8bc,2,3
2,SSCP-a9ae857d05e22bdb,2,3
2,SSCP-a9c495baeb0958b1,2,3
2,SSCP-a9edf67e2a887478,2,3
2,SSCP-a9ee3962b03b169e,2,3
2,SSCP-a9ee4faa87479236,2,3
2,SSCP-aa8c2c190c51408c,2,3
2,SSCP-aab0f8b1c2b7ec44,2,3
2,SSCP-aadd1465137fe3fe,2,3
2,SSCP-ab036d301f414672,2,3
2,SSCP-ab0692f3c6c00759,2,3
2,SSCP-ab6afd8e9d0d1fad,2,3
2,SSCP-ab711c0b4ecd15f5,2,3
2,SSCP-ac478fae91c1af81,2,3
2,SSCP-ac4b23bfbf69ce4c,2,3
2,SSCP-ac6133d5c22cec77,2,3
2,SSCP-ac7f1c1ddd3251ad,2,3
2,SSCP-ac85b5bae736b580,2,3
2,SSCP-acb9a311aaccb614,2,3
2,SSCP-ace9c01c702461cf,2,3
2,SSCP-acf172e380d1bc11,2,3
2,SSCP-ad01541038747b27,2,3
2,SSCP-ad10aab54e6e435d,2,3
2,SSCP-ad2712d8829c4941,2,3
2,SSCP-ada6fadd5ee9977a,2,3
2,SSCP-ada87697375da58f,2,3
2,SSCP-adb7bdea130e7c7d,2,3
2,SSCP-adbb6b0f06d3e82e,2,3
2,SSCP-add53f35765a483a,2,3
2,SSCP-adeb09bdd31083c9,2,3
2,SSCP-ae08f0546c6b5f5f,2,3
2,SSCP-ae6d049e9af9a1fd,2,3
2,SSCP-aea81424627291a7,2,3
2,SSCP-aeb4b75359b06dbd,2,3
2,SSCP-aecce1c9311e6838,2,3
2,SSCP-aed06bd2bb6e8b50,2,3
2,SSCP-af691294062cf04b,2,3
2,SSCP-af7cc6531cb0c729,2,3
2,SSCP-afea5969367a4dc9,2,3
2,SSCP-b05b6189011fee03,2,3
2,SSCP-b05ce2f334edbc0d,2,3
2,SSCP-b08e1b9bf40958bc,2,3
2,SSCP-b0bad80f702fdda5,2,3
2,SSCP-b0c82a7a3285093a,2,3
2,SSCP-b0dca2e80299c64b,2,3
2,SSCP-b179502c4da61e95,2,3
2,SSCP-b2110ee12f1b6a95,2,3
2,SSCP-b236dfb00004999a,2,3
2,SSCP-b2c1904cfbea58b9,2,3
2,SSCP-b33bc39c49e73823,2,3
2,SSCP-b3486f9231e400e9,2,3
2,SSCP-b35791ab9853637b,2,3
2,SSCP-b38087aec48f8299,2,3
2,SSCP-b39bd5ad8695bdac,2,3
2,SSCP-b3cdfd3adc8c09fb,2,3
2,SSCP-b3ffdddad824adab,2,3
2,SSCP-b47a81149528e56e,2,3
2,SSCP-b48d14f7be6a0e44,2,3
2,SSCP-b4f45f8b9d29483d,2,3
2,SSCP-b50bbf58a3b96b3e,2,3
2,SSCP-b5410d716ba984c8,2,3
2,SSCP-b567e7ea1831ef19,2,3
2,SSCP-b59dc33efdda006a,2,3
2,SSCP-b5b4bdafd2a0fcf0,2,3
2,SSCP-b5f34893f3889a4e,2,3
2,SSCP-b5f65510d54db8f0,2,3
2,SSCP-b609c9d86e0177c5,2,3
2,SSCP-b677d801a4204af2,2,3
2,SSCP-b6ea7983ce512977,2,3
2,SSCP-b7061261785bd178,2,3
2,SSCP-b70b7b04c7e01de1,2,3
2,SSCP-b770d96540736891,2,3
2,SSCP-b795c05eaae7eccc,2,3
2,SSCP-b7d193e53943328f,2,3
2,SSCP-b7d88046fe561079,2,3
2,SSCP-b7fc6016d0b15448,2,3
2,SSCP-b901dc2f263243cd,2,3
2,SSCP-b91ef2d666f64f93,2,3
2,SSCP-b925268542ae565c,2,3
2,SSCP-b945db1c8466c152,2,3
2,SSCP-ba0272721a19bfa4,2,3
2,SSCP-ba0908c3e256fa32,2,3
2,SSCP-ba453cb8409b3456,2,3
2,SSCP-ba6489c24e0b5845,2,3
2,SSCP-ba7402409fd65a04,2,3
2,SSCP-bac1d6ab15dba055,2,3
2,SSCP-bb4e9c65afa37241,2,3
2,SSCP-bbe1d47fe991d9c6,2,3
2,SSCP-bbe6fb7b8a1b1b2e,2,3
2,SSCP-bc19b5a79296fa68,2,3
2,SSCP-bc3672f9093fc504,2,3
2,SSCP-bc612cbd550706bd,2,3
2,SSCP-bcab64af8efda69c,2,3
2,SSCP-bcca5a02f06de847,2,3
2,SSCP-bd3615309a75685d,2,3
2,SSCP-bd4866be58355bb3,2,3
2,SSCP-bd813e0d6d70adda,2,3
2,SSCP-bd81ec993a0015d0,2,3
2,SSCP-bdbca21b6d6cb2d8,2,3
2,SSCP-bded0a1c707a1138,2,3
2,SSCP-be359bd1983317c5,2,3
2,SSCP-be80b8bb014e4309,2,3
2,SSCP-bea79f1770e89286,2,3
2,SSCP-bec3316f67406290,2,3
2,SSCP-beca98a0145720c3,2,3
2,SSCP-bf05bb8bb29eca51,2,3
2,SSCP-bfa925c212712770,2,3
2,SSCP-bfb5eede588d90d1,2,3
2,SSCP-c00a5b9d2d84fc73,2,3
2,SSCP-c00edf7af6c6af53,2,3
2,SSCP-c01e41e53bc52812,2,3
2,SSCP-c02085a21265cc0a,2,3
2,SSCP-c02407ac0c2f42f8,2,3
2,SSCP-c070c1b5b37bbfa5,2,3
2,SSCP-c0a4676607d5bd27,2,3
2,SSCP-c1015c767dc10104,2,3
2,SSCP-c12787448dcc2a24,2,3
2,SSCP-c1724167c55e48b6,2,3
2,SSCP-c1770abf1fbc2258,2,3
2,SSCP-c1900acc77a5df3b,2,3
2,SSCP-c1b863988d9940c8,2,3
2,SSCP-c1bca9ecebf63dae,2,3
2,SSCP-c1e8e522540a3370,2,3
2,SSCP-c256ea9e1906f6d4,2,3
2,SSCP-c27048dc365e976b,2,3
2,SSCP-c273a26a18518fc2,2,3
2,SSCP-c2afba1bee56a209,2,3
2,SSCP-c2df380c61fdcfcb,2,3
2,SSCP-c306097762fddc33,2,3
2,SSCP-c3652648ac95dbd1,2,3
2,SSCP-c37e7ca16c78c9b1,2,3
2,SSCP-c3c1f446f282a2ac,2,3
2,SSCP-c3e916f8f364173e,2,3
2,SSCP-c4163f98f2fffdd3,2,3
2,SSCP-c46080d32c0542fb,2,3
2,SSCP-c4775352b52d0fa7,2,3
2,SSCP-c4ace949e30baa7f,2,3
2,SSCP-c4c41accf5f3ae48,2,3
2,SSCP-c511972e0c903853,2,3
2,SSCP-c524d20a29722b85,2,3
2,SSCP-c5394cb0de55a642,2,3
2,SSCP-c5783531b9ff59d3,2,3
2,SSCP-c58a214b878fc2f2,2,3
2,SSCP-c63d75af977858ab,2,3
2,SSCP-c674253475731a90,2,3
2,SSCP-c68033165baacc63,2,3
2,SSCP-c6d4997b6fb97a34,2,3
2,SSCP-c6f296aa8a390041,2,3
2,SSCP-c75f5e257f7ecd23,2,3
2,SSCP-c7710cef704784a6,2,3
2,SSCP-c7b8b31aad10886a,2,3
2,SSCP-c7efd736903baf74,2,3
2,SSCP-c866c34afe041c82,2,3
2,SSCP-c976f2aa7f01f567,2,3
2,SSCP-c981292ffb772d88,2,3
2,SSCP-c99219f2c4f25741,2,3
2,SSCP-c99ae0f25cff5a2e,2,3
2,SSCP-c9a70510e1ae92c6,2,3
2,SSCP-c9bf058677ed3ab5,2,3
2,SSCP-c9efc4688cca6f53,2,3
2,SSCP-ca2e4c393970627d,2,3
2,SSCP-ca5c6cf4838e8084,2,3
2,SSCP-ca6ec54ddc4ea63a,2,3
2,SSCP-caa1546ee7b29549,2,3
2,SSCP-caa475a232e7d753,2,3
2,SSCP-caa5891945495e9e,2,3
2,SSCP-caca384d427ed80b,2,3
2,SSCP-cb052b6c2cf53783,2,3
2,SSCP-cb1a38868fc0df0a,2,3
2,SSCP-cc0ba88945572ed3,2,3
2,SSCP-cc179fb311a7d60e,2,3
2,SSCP-cc872a8c247082b4,2,3
2,SSCP-cc8a5a6f1d18335b,2,3
2,SSCP-cc948c4c0dbd466e,2,3
2,SSCP-cd060524ba67d533,2,3
2,SSCP-cd37e0e738e47018,2,3
2,SSCP-cd9a83476a58887f,2,3
2,SSCP-cdb8b1fe628ccd39,2,3
2,SSCP-ce068aba3f50fa74,2,3
2,SSCP-ce52f0b17ec0d329,2,3
2,SSCP-ce530de17f0d0501,2,3
2,SSCP-ce79c001ebd07c04,2,3
2,SSCP-ce97591f15d08dd4,2,3
2,SSCP-ce98b8f20bd74114,2,3
2,SSCP-ceca45fad97cd58f,2,3
2,SSCP-ceec933ac1cf23cd,2,3
2,SSCP-cf13a347357fa078,2,3
2,SSCP-cf6ec856d94c8217,2,3
2,SSCP-cf944b738e0c7d8d,2,3
2,SSCP-cff2f9df5cf593e9,2,3
2,SSCP-d00d649680b93c1b,2,3
2,SSCP-d017958b72c63afb,2,3
2,SSCP-d030c40860d78cf1,2,3
2,SSCP-d075d65f7247cda4,2,3
2,SSCP-d0f751b894eaa131,2,3
2,SSCP-d0fed1cb33eb1222,2,3
2,SSCP-d113477891a24a83,2,3
2,SSCP-d11d61889e0c9741,2,3
2,SSCP-d1543db864b56947,2,3
2,SSCP-d1a4b2e1eb19a96d,2,3
2,SSCP-d232e3605c828156,2,3
2,SSCP-d2a958dbaafcdc73,2,3
2,SSCP-d2c7d1ecc825f8fb,2,3
2,SSCP-d2d0e74e6da6e390,2,3
2,SSCP-d2df7795f7788650,2,3
2,SSCP-d303299a954aad5e,2,3
2,SSCP-d30bf98a74b2727e,2,3
2,SSCP-d36090022d2323c3,2,3
2,SSCP-d398c507eba21454,2,3
2,SSCP-d39bc6aff636f388,2,3
2,SSCP-d39c06cc1f14ebd6,2,3
2,SSCP-d3b05ca836f6f351,2,3
2,SSCP-d3c7b923b4180b37,2,3
2,SSCP-d3df278ede702e7c,2,3
2,SSCP-d3eb82401acd84e6,2,3
2,SSCP-d41897890afc3c87,2,3
2,SSCP-d473d368fda835a1,2,3
2,SSCP-d4b201601d1b4a8b,2,3
2,SSCP-d4cd2af7f26fa2f9,2,3
2,SSCP-d4f8184284a454d6,2,3
2,SSCP-d503a61a4962f905,2,3
2,SSCP-d50602d73b6f22cd,2,3
2,SSCP-d53fee607b92468d,2,3
2,SSCP-d5a34693c661ddb2,2,3
2,SSCP-d5df2e59061fec2d,2,3
2,SSCP-d6129fff676f87b3,2,3
2,SSCP-d61d7ac145eb59a1,2,3
2,SSCP-d674fcc6c5dfb284,2,3
2,SSCP-d72a7a1b8214d794,2,3
2,SSCP-d736fc6c7a097ddf,2,3
2,SSCP-d761719c298af998,2,3
2,SSCP-d792e3a65797ecad,2,3
2,SSCP-d79574bb1f875ee5,2,3
2,SSCP-d7c21300de02b6e7,2,3
2,SSCP-d7f6085ff954d4d1,2,3
2,SSCP-d8140aa6a6133f64,2,3
2,SSCP-d82cf005da22724f,2,3
2,SSCP-d83e47bbfa318539,2,3
2,SSCP-d8583fa3beebf69f,2,3
2,SSCP-d89e35d44d8ffcc6,2,3
2,SSCP-d9267b87d85ff09a,2,3
2,SSCP-d93a08b2629cb1fb,2,3
2,SSCP-d93ede118168571d,2,3
2,SSCP-d943123af1e58228,2,3
2,SSCP-d953117a71926e44,2,3
2,SSCP-d98d8a06723ce687,2,3
2,SSCP-d9b7f08b53ca4f67,2,3
2,SSCP-da42af8ae9367688,2,3
2,SSCP-da92544fc89e48cf,2,3
2,SSCP-daaed742697fd2c2,2,3
2,SSCP-db0bef369ab4d68e,2,3
2,SSCP-db29ca746a625e1e,2,3
2,SSCP-db4e2b9235013cb0,2,3
2,SSCP-db770b7a9fe970db,2,3
2,SSCP-db7d6e72c7168ce3,2,3
2,SSCP-dba0563ad355226d,2,3
2,SSCP-dba596e7656e9142,2,3
2,SSCP-dbad302442bc7e5a,2,3
2,SSCP-dbe27ad5a1b9cd18,2,3
2,SSCP-dc15ec5ec7e18cb2,2,3
2,SSCP-dc1b7435b14bcb0d,2,3
2,SSCP-dc33bf30e0dde2a1,2,3
2,SSCP-dca3c50e96edde02,2,3
2,SSCP-dd5e043ad8a2e961,2,3
2,SSCP-de1f6c87af74d623,2,3
2,SSCP-de31a732a73409a4,2,3
2,SSCP-de3898c4944cb385,2,3
2,SSCP-de58d9fbe9d076ec,2,3
2,SSCP-de6a28699399b614,2,3
2,SSCP-de6ac8f50184be60,2,3
2,SSCP-de8aeb38de7fbe56,2,3
2,SSCP-deff5c323f028ad9,2,3
2,SSCP-df031cec4c8ea02d,2,3
2,SSCP-df130d19edf4a12a,2,3
2,SSCP-df442c0b3c3d9e77,2,3
2,SSCP-df81fd6ba9a84885,2,3
2,SSCP-df945fa5079ffa1f,2,3
2,SSCP-df97298d510771f9,2,3
2,SSCP-e035d43e32a59bb3,2,3
2,SSCP-e03ecdcba3ca10cc,2,3
2,SSCP-e04b7e5cc4473a03,2,3
2,SSCP-e09eddfde876c6f9,2,3
2,SSCP-e0e263319e9d2704,2,3
2,SSCP-e132c4d5eb7ba3f6,2,3
2,SSCP-e15bf7fa957ab58d,2,3
2,SSCP-e19135b3a64b621a,2,3
2,SSCP-e1a8b59c1dc73743,2,3
2,SSCP-e2024ebfc52d8425,2,3
2,SSCP-e2134427ef4bffc6,2,3
2,SSCP-e2499070f69f348f,2,3
2,SSCP-e24f6d59993030f1,2,3
2,SSCP-e2d60caa9fc73475,2,3
2,SSCP-e32dbc3c78a995ec,2,3
2,SSCP-e3c1d29e89d30d31,2,3
2,SSCP-e3f147c5074dc539,2,3
2,SSCP-e422a3db093ea5b8,2,3
2,SSCP-e43feb644256715b,2,3
2,SSCP-e452960d2a893958,2,3
2,SSCP-e457e78d33d9746a,2,3
2,SSCP-e45a0ea8fbd62524,2,3
2,SSCP-e46b9b9163463e20,2,3
2,SSCP-e47825ba109c728d,2,3
2,SSCP-e49cc47f1f48f514,2,3
2,SSCP-e52286206a9f4161,2,3
2,SSCP-e56c47cbe8968ac4,2,3
2,SSCP-e56e40ed94cc1ae6,2,3
2,SSCP-e575ab7c2ea19174,2,3
2,SSCP-e5988028ac89aea8,2,3
2,SSCP-e5a8a4f9303b7b2f,2,3
2,SSCP-e5b072e862a41f9a,2,3
2,SSCP-e5b87caafe558c71,2,3
2,SSCP-e638c1c2970dcef7,2,3
2,SSCP-e681d6ef1bd6d8e3,2,3
2,SSCP-e688007c2a83755c,2,3
2,SSCP-e696ded8783b845e,2,3
2,SSCP-e6a0edc46c41f3a3,2,3
2,SSCP-e6bda30cd6f99c91,2,3
2,SSCP-e6c73c08c8665484,2,3
2,SSCP-e6f22fc052b1df49,2,3
2,SSCP-e6fb51efd20ff1b3,2,3
2,SSCP-e6fe24ef89574383,2,3
2,SSCP-e6fe750ef5c3b612,2,3
2,SSCP-e73a1cf6299b348e,2,3
2,SSCP-e7683d776eb8360b,2,3
2,SSCP-e79154d7f3cb8b38,2,3
2,SSCP-e7b108173bdbaed9,2,3
2,SSCP-e80750a519a3afc1,2,3
2,SSCP-e80f85d58510000e,2,3
2,SSCP-e812293fd317a86d,2,3
2,SSCP-e83d897fe8c7ac93,2,3
2,SSCP-e86a6f4924b6f61b,2,3
2,SSCP-e89c5e2f1257bc40,2,3
2,SSCP-e8dcd976db0dec79,2,3
2,SSCP-e8e2c9631d4792c9,2,3
2,SSCP-e8fe64eebf4823c4,2,3
2,SSCP-e900fc2d14184cbd,2,3
2,SSCP-ea57694e6ab91aca,2,3
2,SSCP-ea5b8685ab043d95,2,3
2,SSCP-ea7a8a225a52deb7,2,3
2,SSCP-eaf5010044f6ca22,2,3
2,SSCP-eb36db5593da53a3,2,3
2,SSCP-eb5f842cf2ca0221,2,3
2,SSCP-eb630c775d37005c,2,3
2,SSCP-eb698bcde1010bb9,2,3
2,SSCP-eb903bdd5727f7fe,2,3
2,SSCP-eb90c68bfd3df461,2,3
2,SSCP-eb936a29d4a4ee6d,2,3
2,SSCP-eba43814e3bff7de,2,3
2,SSCP-ebc5908ea3695d5d,2,3
2,SSCP-ebcadb08fe0a9ef6,2,3
2,SSCP-ebf475485488e8f1,2,3
2,SSCP-ebfa37b8f171cafb,2,3
2,SSCP-ec23c0d73f235249,2,3
2,SSCP-ec33e47a57d06abc,2,3
2,SSCP-ec3eb796deb8e336,2,3
2,SSCP-ec749d6a9185d80e,2,3
2,SSCP-ecbdd7b907cfe339,2,3
2,SSCP-ecfab2bfdf166fed,2,3
2,SSCP-ed06d1bb1ded4c0d,2,3
2,SSCP-ed0fbd279dd57882,2,3
2,SSCP-ed61f51e98755ae7,2,3
2,SSCP-edc9521094e74de7,2,3
2,SSCP-edcc07023d03bc6c,2,3
2,SSCP-ede3b0583f681f6d,2,3
2,SSCP-edf7fb5ff2427730,2,3
2,SSCP-ee27aff333d55734,2,3
2,SSCP-ee40a439f2249cea,2,3
2,SSCP-ee7718b6920ded5a,2,3
2,SSCP-ee78423801019d69,2,3
2,SSCP-eea7f8fc19f009e8,2,3
2,SSCP-eee434b47bcbf0d6,2,3
2,SSCP-ef04e5aee75a63f2,2,3
2,SSCP-ef1b9b17860fcbb8,2,3
2,SSCP-ef9adcda3e8315cf,2,3
2,SSCP-efebde7ad6603833,2,3
2,SSCP-eff736f07ba4ba22,2,3
2,SSCP-f007088356aa1daa,2,3
2,SSCP-f00f565318c34ae2,2,3
2,SSCP-f01309f603ecaf36,2,3
2,SSCP-f03065cc238f49c2,2,3
2,SSCP-f03c4d2f521d7d9b,2,3
2,SSCP-f04ce1a796d7b7a0,2,3
2,SSCP-f096f92e651577b1,2,3
2,SSCP-f0ffcbeb558e1bbf,2,3
2,SSCP-f11bb3d27fa642d2,2,3
2,SSCP-f1a8f167df683d5d,2,3
2,SSCP-f1e490fbb84a7e20,2,3
2,SSCP-f1e7a5a84e933c68,2,3
2,SSCP-f1ee22dfd35fb46d,2,3
2,SSCP-f24d24b001f2e0d8,2,3
2,SSCP-f26b9dca83e905bf,2,3
2,SSCP-f27bab9250684e63,2,3
2,SSCP-f29d548719598dfc,2,3
2,SSCP-f2a67d7a09c08d6c,2,3
2,SSCP-f2e8501889cbd419,2,3
2,SSCP-f331e2fae45e30cb,2,3
2,SSCP-f39b104c37e7a54d,2,3
2,SSCP-f3d16645f8b7a600,2,3
2,SSCP-f42c0a91e7090951,2,3
2,SSCP-f46acc2a1774c096,2,3
2,SSCP-f4dc9c6418eb0c21,2,3
2,SSCP-f51180013ff803c1,2,3
2,SSCP-f54cfa0b577ad551,2,3
2,SSCP-f57bbb66513f54f7,2,3
2,SSCP-f5a1b9df313996df,2,3
2,SSCP-f5b0c2cca92fd4d8,2,3
2,SSCP-f5e68c6be0c9f5e4,2,3
2,SSCP-f5f5cd2187d635b3,2,3
2,SSCP-f6212986907a0949,2,3
2,SSCP-f685e7b98ebe8f62,2,3
2,SSCP-f6afcd2029c026b1,2,3
2,SSCP-f6d40b8927ef7cdc,2,3
2,SSCP-f6e2726e438f3622,2,3
2,SSCP-f70362bb82fbba80,2,3
2,SSCP-f70d1f267360b54c,2,3
2,SSCP-f71a7885830ca44d,2,3
2,SSCP-f75e6fed9ebc0c95,2,3
2,SSCP-f77c3a4d4ba687a9,2,3
2,SSCP-f800556279427169,2,3
2,SSCP-f863e5f80f3b1c80,2,3
2,SSCP-f8bf1806b331b55a,2,3
2,SSCP-f8f46b93cc79e377,2,3
2,SSCP-f8f6c26e5dbac862,2,3
2,SSCP-f946858fbab35586,2,3
2,SSCP-f9e00dfadc36b6de,2,3
2,SSCP-f9e8852da9ee2a86,2,3
2,SSCP-fa74ad071f3327a1,2,3
2,SSCP-fa845e834b49e8c5,2,3
2,SSCP-faaa69d04822f8e4,2,3
2,SSCP-fab3c8bd6ffe5f94,2,3
2,SSCP-fad79dca1289005d,2,3
2,SSCP-fada4dac57e96d06,2,3
2,SSCP-fade678ffd02f411,2,3
2,SSCP-fae4a76b00305ea7,2,3
2,SSCP-fb0a454e8426be17,2,3
2,SSCP-fbc33f99ca3e57ad,2,3
2,SSCP-fbd0131fbc5b4564,2,3
2,SSCP-fc4ee3dbbc470cf0,2,3
2,SSCP-fc7e3e69e1a358ee,2,3
2,SSCP-fc830b9b6334646e,2,3
2,SSCP-fc9fc7bb15f2592d,2,3
2,SSCP-fcb0dc2f3390c729,2,3
2,SSCP-fcb4a57adc6d406d,2,3
2,SSCP-fcdb420eed802954,2,3
2,SSCP-fd2611d4e490dd8f,2,3
2,SSCP-fd277068a871af38,2,3
2,SSCP-fd28296dbccda583,2,3
2,SSCP-fd28aa09abf26634,2,3
2,SSCP-fd2ddf8cda6072e0,2,3
2,SSCP-fd2de4063849d793,2,3
2,SSCP-fd65b027c763f7af,2,3
2,SSCP-fd65cf03ab9263e8,2,3
2,SSCP-fd78fc0f147dae3c,2,3
2,SSCP-fd82cacd37a9de6a,2,3
2,SSCP-fd9bbe1ce9cc234a,2,3
2,SSCP-fde473751b24a721,2,3
2,SSCP-fe38d65e74ff2745,2,3
2,SSCP-fe462b38de440813,2,3
2,SSCP-fe4fb8799b363386,2,3
2,SSCP-fe69100e8d30b566,2,3
2,SSCP-fe81f74919047aeb,2,3
2,SSCP-fe965b41c849afd7,2,3
2,SSCP-fecfdadb6ab02ce9,2,3
2,SSCP-fed3feff7861a6f1,2,3
2,SSCP-fef24bced5f0543e,2,3
2,SSCP-ff0f33874a501ddf,2,3
2,SSCP-ff2d0c4fab0edd1f,2,3
2,SSCP-ff61a1e6d8ea28d8,2,3
2,SSCP-ff795e19a42521b0,2,3
2,SSCP-ff8ff1b200a80376,2,3
2,SSCP-ffc8405c422768ae,2,3
2,SSCP-ffd8d4764ec8a527,2,3
2,SSCP-0028ba97a7daa03b,3,4
2,SSCP-006e14887ba7fd42,3,4
2,SSCP-00a276a15a1dc320,3,4
2,SSCP-00ad7d795216f1d4,3,4
2,SSCP-015aedee5fdfb40d,3,4
2,SSCP-015b1f05ff4e8ab3,3,4
2,SSCP-02915bfaebbe09bd,3,4
2,SSCP-02976f2eb4cf9c8b,3,4
2,SSCP-030b06b2eab9c15e,3,4
2,SSCP-0321d79aa693d8a8,3,4
2,SSCP-0390d0b416b1cfab,3,4
2,SSCP-03cd99860e542373,3,4
2,SSCP-03d4df53c4567078,3,4
2,SSCP-040fdf2d45c068a6,3,4
2,SSCP-043747e1af18b5d3,3,4
2,SSCP-04608a3be4e7965e,3,4
2,SSCP-048e5fd7b7b2cb75,3,4
2,SSCP-049baedd058bba3b,3,4
2,SSCP-04a1b117761202bb,3,4
2,SSCP-04a432617cd799e9,3,4
2,SSCP-04c34d4a9a5aa872,3,4
2,SSCP-04f0eb8ac8713e66,3,4
2,SSCP-04fcaded7f145fef,3,4
2,SSCP-054535579ece2b52,3,4
2,SSCP-056d5bb8e664988b,3,4
2,SSCP-05f7c31d9cea533e,3,4
2,SSCP-060d068bb3fd5a25,3,4
2,SSCP-0644c597e1bc977c,3,4
2,SSCP-064e09136acb8b6d,3,4
2,SSCP-06a495cd611b7876,3,4
2,SSCP-06ba46d4ff0ffcd3,3,4
2,SSCP-06ff7c6c7dd358fe,3,4
2,SSCP-071478fb8bb48228,3,4
2,SSCP-071ac0a218108dc9,3,4
2,SSCP-07326cceec8e37b5,3,4
2,SSCP-084ce66bd627a4b3,3,4
2,SSCP-084f42149f5c585a,3,4
2,SSCP-086c058a3aac3c69,3,4
2,SSCP-0892c2dafd240612,3,4
2,SSCP-092e1bdc8eac16c7,3,4
2,SSCP-0954ab5c180aecaa,3,4
2,SSCP-0996346b340fc0a3,3,4
2,SSCP-09cee3b3ac900d6e,3,4
2,SSCP-0a4746f54469dd7f,3,4
2,SSCP-0a53305b75d68668,3,4
2,SSCP-0a6aad5177677b7c,3,4
2,SSCP-0a9242d064d61b8e,3,4
2,SSCP-0acb06b89ff942d6,3,4
2,SSCP-0ade04a8e2ceeae8,3,4
2,SSCP-0adf8eb00307f551,3,4
2,SSCP-0af1398bd142969a,3,4
2,SSCP-0b0706ad757555b9,3,4
2,SSCP-0b321e33cf6661d9,3,4
2,SSCP-0b508292bc8c848c,3,4
2,SSCP-0b9a0c0afe2298b5,3,4
2,SSCP-0bfdc19bf11b41ad,3,4
2,SSCP-0c170bf084ea891e,3,4
2,SSCP-0c564ba8c9e14106,3,4
2,SSCP-0cb6e66d54399921,3,4
2,SSCP-0cbb5caea1373538,3,4
2,SSCP-0d2f6d5b7a03a7da,3,4
2,SSCP-0da0d6ed08954145,3,4
2,SSCP-0dc2252c7f21db75,3,4
2,SSCP-0e153ea485b03c68,3,4
2,SSCP-0e42e4d1c7b56606,3,4
2,SSCP-0f409c23a8ea94c3,3,4
2,SSCP-0f8920c3c9061d7b,3,4
2,SSCP-0fbcb907ace6b708,3,4
2,SSCP-101114b7bec35ca5,3,4
2,SSCP-10252edc6e30a5b4,3,4
2,SSCP-103eaae443c13af2,3,4
2,SSCP-10745dd87290c57d,3,4
2,SSCP-107ee5b0338a5feb,3,4
2,SSCP-10dce81dfa2008d1,3,4
2,SSCP-119d2a21cd798744,3,4
2,SSCP-11b61732358eefaa,3,4
2,SSCP-11f06acbf29afe5d,3,4
2,SSCP-1223555610254f3b,3,4
2,SSCP-123cbfedc664fd28,3,4
2,SSCP-125d47f00770a849,3,4
2,SSCP-12600ab00543c476,3,4
2,SSCP-129983b5eea89f9e,3,4
2,SSCP-129acbfb6694e72c,3,4
2,SSCP-12df594b83dbc600,3,4
2,SSCP-12e37c440092eeec,3,4
2,SSCP-130bbdce4570cd24,3,4
2,SSCP-1324ccd6f9021c7d,3,4
2,SSCP-133350ac69b6f1fd,3,4
2,SSCP-135f52389e38188d,3,4
2,SSCP-136b44d2ce162c73,3,4
2,SSCP-137c28c33b817d6b,3,4
2,SSCP-13acd5efd86313b3,3,4
2,SSCP-13cc0bfc68ce97b4,3,4
2,SSCP-1404259d857e80eb,3,4
2,SSCP-1426543d1c76f752,3,4
2,SSCP-144b36fbf4bb4a6b,3,4
2,SSCP-14c58e7c7eceebea,3,4
2,SSCP-14f8390943c5300b,3,4
2,SSCP-1516fcddbfa2beb2,3,4
2,SSCP-153bef7cfab95f35,3,4
2,SSCP-1565f395922a2454,3,4
2,SSCP-15dd5013c84bff88,3,4
2,SSCP-1609e70019cc1b15,3,4
2,SSCP-160bd684a60797e8,3,4
2,SSCP-164429e32260deb5,3,4
2,SSCP-16756ffda0ab6616,3,4
2,SSCP-16a4f374d686e769,3,4
2,SSCP-171824e17b67902e,3,4
2,SSCP-17453591bbe1f2df,3,4
2,SSCP-175d064fea0f613a,3,4
2,SSCP-17a95ca3cec239a5,3,4
2,SSCP-17b5ba70019944ac,3,4
2,SSCP-17b79b3b51bd2652,3,4
2,SSCP-18174cbd57c5097a,3,4
2,SSCP-18200bef50de23f4,3,4
2,SSCP-184a1e5e563f740c,3,4
2,SSCP-18684504b973c62c,3,4
2,SSCP-187aef72e51282fc,3,4
2,SSCP-18c42a9db6584ab8,3,4
2,SSCP-18cff46e9f254c58,3,4
2,SSCP-18f3da7d60fad7c3,3,4
2,SSCP-1927eb875164cb04,3,4
2,SSCP-193411b60bdb5fe5,3,4
2,SSCP-1991e0476ab3783b,3,4
2,SSCP-1a048d4f4290beab,3,4
2,SSCP-1a4160f104c3221a,3,4
2,SSCP-1ac2a5f94831dc53,3,4
2,SSCP-1b1e1253b11f2979,3,4
2,SSCP-1b28649eda206225,3,4
2,SSCP-1b8205e4f2197536,3,4
2,SSCP-1c3f1a3bb0b79c33,3,4
2,SSCP-1c4247df2c43a578,3,4
2,SSCP-1c45b63d5bfd645a,3,4
2,SSCP-1ca8852da246d306,3,4
2,SSCP-1ccefa90f243f555,3,4
2,SSCP-1cdb7f123e5303fc,3,4
2,SSCP-1d2ba9514f4af750,3,4
2,SSCP-1d49094533994357,3,4
2,SSCP-1d52be086911ead9,3,4
2,SSCP-1d6694305f323327,3,4
2,SSCP-1d724a25f0b7cdae,3,4
2,SSCP-1db0d9ebfa3d4347,3,4
2,SSCP-1dbf281744840ce6,3,4
2,SSCP-1dc145edb1d5972c,3,4
2,SSCP-1dff8b92dab3d697,3,4
2,SSCP-1e0bb9ecb14e0737,3,4
2,SSCP-1e23478fbd03dc4b,3,4
2,SSCP-1e7453b1f3c0aea1,3,4
2,SSCP-1e7dc13dc45c4771,3,4
2,SSCP-1e8f5b052357e81e,3,4
2,SSCP-1e90c1de07a989dd,3,4
2,SSCP-1ed327c037effc1f,3,4
2,SSCP-1f3dd24e94111358,3,4
2,SSCP-1f5a943c08aa35f2,3,4
2,SSCP-1fc8d25289de4723,3,4
2,SSCP-1fdf099952945830,3,4
2,SSCP-1fef9d7a242e3287,3,4
2,SSCP-1fff3cd694ddd07a,3,4
2,SSCP-2009129a73d0da2c,3,4
2,SSCP-2011b2faeeb8d44c,3,4
2,SSCP-201dd664ddb4d6da,3,4
2,SSCP-20e3c9cbf69e2044,3,4
2,SSCP-20f1d0ffc95cbedf,3,4
2,SSCP-212bea0e0feb8a47,3,4
2,SSCP-2135d0719a258c1c,3,4
2,SSCP-21b465f6530824c2,3,4
2,SSCP-21b914532b38bd2f,3,4
2,SSCP-22225b162c0e7fcf,3,4
2,SSCP-224a9e603604dee8,3,4
2,SSCP-229036adf0e39178,3,4
2,SSCP-22a16202402f4c94,3,4
2,SSCP-2310fbd26ce358b3,3,4
2,SSCP-232919a0e4e8a624,3,4
2,SSCP-2338b0105513c083,3,4
2,SSCP-2392ab05f569e421,3,4
2,SSCP-23dd219f2d08e9fe,3,4
2,SSCP-23e2c8b51d5c54f2,3,4
2,SSCP-23e50714849b496f,3,4
2,SSCP-2464c9973771dae2,3,4
2,SSCP-24708f2afc4a6dc7,3,4
2,SSCP-24a47f2283b0599e,3,4
2,SSCP-24a8865de64b2a3b,3,4
2,SSCP-24c513048769df1e,3,4
2,SSCP-24e0615714b029ca,3,4
2,SSCP-24f19a987178f5b8,3,4
2,SSCP-25269bdafcbda917,3,4
2,SSCP-2541391f22e0cd51,3,4
2,SSCP-2609051475891bf6,3,4
2,SSCP-261094101d321fc2,3,4
2,SSCP-26735b5febce44d6,3,4
2,SSCP-267d74d8b4969cc7,3,4
2,SSCP-268ef7f5fe3ec22f,3,4
2,SSCP-269f6634e644091b,3,4
2,SSCP-272ada377b9cd874,3,4
2,SSCP-2792a7256ab64053,3,4
2,SSCP-2793786d6c5d6eb1,3,4
2,SSCP-27a5638eb595edb1,3,4
2,SSCP-27c103acba874f8c,3,4
2,SSCP-27f03137e59f76ff,3,4
2,SSCP-2857cd6fdb1fc672,3,4
2,SSCP-28bd89e60dec2bf5,3,4
2,SSCP-28c287628cad9c28,3,4
2,SSCP-28cd37fed9142c9c,3,4
2,SSCP-292af9b1c3337d66,3,4
2,SSCP-295306e7e36726de,3,4
2,SSCP-298e93130f84cb5e,3,4
2,SSCP-299a4a79e09b9b31,3,4
2,SSCP-29c679a936d88a00,3,4
2,SSCP-29de71b59cf3cc45,3,4
2,SSCP-2a0657c91f4f42e0,3,4
2,SSCP-2a074bef785ca240,3,4
2,SSCP-2a39a5a6de03df0f,3,4
2,SSCP-2a43141f798d6418,3,4
2,SSCP-2a4fb33123a322fd,3,4
2,SSCP-2a842ba084518b45,3,4
2,SSCP-2b0662ced5bfb085,3,4
2,SSCP-2b6d2950c04a9f81,3,4
2,SSCP-2b6d752654eabe7e,3,4
2,SSCP-2b8d3b40c0e77d02,3,4
2,SSCP-2bb427b1e2d272e9,3,4
2,SSCP-2be316ec4cadbbd0,3,4
2,SSCP-2bfe20fe1f1f3d32,3,4
2,SSCP-2c2e1ccddea38b42,3,4
2,SSCP-2c394aee9c24f2a5,3,4
2,SSCP-2c5a546dba6cf897,3,4
2,SSCP-2c85502079a33d3b,3,4
2,SSCP-2c857ab1db71f2a5,3,4
2,SSCP-2c9e5f0405c92ba3,3,4
2,SSCP-2ccc7b00fc78bdcd,3,4
2,SSCP-2cf4b092d7471da5,3,4
2,SSCP-2d193d40e222e010,3,4
2,SSCP-2d26d1b3727357b7,3,4
2,SSCP-2da54775339edd8e,3,4
2,SSCP-2da68e059ab48d12,3,4
2,SSCP-2daa9b61451b7ee5,3,4
2,SSCP-2dd43c53470e07a4,3,4
2,SSCP-2df5247719d77f2d,3,4
2,SSCP-2dff02c910e15aa5,3,4
2,SSCP-2e38f604d1c4d512,3,4
2,SSCP-2e976a58e64b3ad8,3,4
2,SSCP-2ecaac79e4d3caeb,3,4
2,SSCP-2eddc9ef7e5ce0f7,3,4
2,SSCP-2fce01eddff61570,3,4
2,SSCP-2fe8ec138feaea56,3,4
2,SSCP-2ff503cce8ee16f2,3,4
2,SSCP-30356c34d2508277,3,4
2,SSCP-3060ed9223ffe504,3,4
2,SSCP-306c4f1233a49e7a,3,4
2,SSCP-3092e81bce4996da,3,4
2,SSCP-30a731c17efbcac0,3,4
2,SSCP-30cefd36c7be7d5b,3,4
2,SSCP-30de6b94bae41447,3,4
2,SSCP-30efa7fc5db733f1,3,4
2,SSCP-311cf6d1a79262a8,3,4
2,SSCP-3141257912531634,3,4
2,SSCP-315d4cb71a078170,3,4
2,SSCP-315dcce793efdce8,3,4
2,SSCP-31a50334db116b8c,3,4
2,SSCP-320825a626918ec6,3,4
2,SSCP-32279e7ab3afeab0,3,4
2,SSCP-3248ede9d6acf27c,3,4
2,SSCP-32954b4029e562ec,3,4
2,SSCP-32a8e7a08c0915d7,3,4
2,SSCP-32e690aee0bec6bf,3,4
2,SSCP-32ffd5843469ad68,3,4
2,SSCP-3318291c625f454b,3,4
2,SSCP-332379c9d0cffb10,3,4
2,SSCP-334fb0befd27201b,3,4
2,SSCP-3356d2d6629f9231,3,4
2,SSCP-33653fc617042f52,3,4
2,SSCP-33924fece89d0aa7,3,4
2,SSCP-33db7371ea7af200,3,4
2,SSCP-33f50a94570b2c0e,3,4
2,SSCP-33fff1a96f0034a2,3,4
2,SSCP-3469323e553ca003,3,4
2,SSCP-3477c01cae02de88,3,4
2,SSCP-3480d91822876b55,3,4
2,SSCP-34b316d330e21121,3,4
2,SSCP-34ca76812050920a,3,4
2,SSCP-3518b6ea282e2b7b,3,4
2,SSCP-35395aede274b1f1,3,4
2,SSCP-35baac097d995dec,3,4
2,SSCP-35e3bd76cdd80004,3,4
2,SSCP-3609fd9df6a9afe1,3,4
2,SSCP-362aa1a2cb9291f5,3,4
2,SSCP-3632d5dab24eb788,3,4
2,SSCP-36768a907949f813,3,4
2,SSCP-36b6f9a0f822da5b,3,4
2,SSCP-36e3558367eca570,3,4
2,SSCP-371ec3099d78904b,3,4
2,SSCP-374e0e6cbb5e0820,3,4
2,SSCP-376ab31587a9cd8b,3,4
2,SSCP-3774c5052a317109,3,4
2,SSCP-377923d47ebf2df1,3,4
2,SSCP-3810997e7cd1ea7e,3,4
2,SSCP-386048b128283a86,3,4
2,SSCP-386b2439d354c1fd,3,4
2,SSCP-38a659e4123906bc,3,4
2,SSCP-38ca4d62396c2879,3,4
2,SSCP-3951b4e9879d0b6f,3,4
2,SSCP-395757e12ff8627d,3,4
2,SSCP-399f1432f41dbb90,3,4
2,SSCP-39aa837501d16240,3,4
2,SSCP-39ab892c397d6a19,3,4
2,SSCP-3a0c85079301fca0,3,4
2,SSCP-3a181cb7036204d1,3,4
2,SSCP-3a525afff29cdd29,3,4
2,SSCP-3a8a886d49e197c5,3,4
2,SSCP-3a8dc9e0bba4105d,3,4
2,SSCP-3aafbe8bad99ca53,3,4
2,SSCP-3ad2d4b1f7c16094,3,4
2,SSCP-3ae106fe31b3d46e,3,4
2,SSCP-3af0008cc9b0e684,3,4
2,SSCP-3b407bd5520420d3,3,4
2,SSCP-3b52f7c25615071e,3,4
2,SSCP-3bad3dfdf87e518c,3,4
2,SSCP-3bc76147afe2e55e,3,4
2,SSCP-3c139f22c51ca9a7,3,4
2,SSCP-3c320e777c23e63f,3,4
2,SSCP-3c450a66181f754e,3,4
2,SSCP-3c84f918080be6a1,3,4
2,SSCP-3c8bd77abc193be7,3,4
2,SSCP-3cf5a43bbbb989ee,3,4
2,SSCP-3d47753f9bf632f0,3,4
2,SSCP-3d53661dfe261a9f,3,4
2,SSCP-3d92b2a8d72f5158,3,4
2,SSCP-3da26e0e1b31ddbb,3,4
2,SSCP-3dab7aa643556d5f,3,4
2,SSCP-3dfa598267cc5670,3,4
2,SSCP-3e1bfc2aea1418c4,3,4
2,SSCP-3e65dd3aba3cae66,3,4
2,SSCP-3e8e0b3090a613bb,3,4
2,SSCP-3ec2a2923a16b2b2,3,4
2,SSCP-3ed5e43bc17d22c9,3,4
2,SSCP-3f59a1b83ce1b16a,3,4
2,SSCP-3febbfbc6bb0aa73,3,4
2,SSCP-4006a333e6c3edcd,3,4
2,SSCP-400d8d8d0bda3b99,3,4
2,SSCP-408663a1e0b96e3d,3,4
2,SSCP-40ded9bccb65f527,3,4
2,SSCP-40e3742e6ac284e3,3,4
2,SSCP-40e652167cf880cb,3,4
2,SSCP-41522db2860da1c1,3,4
2,SSCP-41a3c437eaa92713,3,4
2,SSCP-41b99de12cca8584,3,4
2,SSCP-41bb07892c797470,3,4
2,SSCP-41e54df9cc6fec70,3,4
2,SSCP-4240f375c18171a4,3,4
2,SSCP-425391e25f3e8cb2,3,4
2,SSCP-42913b2b35c62722,3,4
2,SSCP-42cd94869aed45a1,3,4
2,SSCP-430104296c1d9275,3,4
2,SSCP-436ebeea537969a0,3,4
2,SSCP-43777e3a01b91718,3,4
2,SSCP-437b64f3d6427ed0,3,4
2,SSCP-43863d9f6cc2024b,3,4
2,SSCP-43e8eefa6d1473a8,3,4
2,SSCP-449ae97c6ef59428,3,4
2,SSCP-44ef9ee4d019d0f1,3,4
2,SSCP-451fae8242c2de6e,3,4
2,SSCP-45677fe1816a7014,3,4
2,SSCP-4588637a5b3168af,3,4
2,SSCP-459d3b305e9ca40d,3,4
2,SSCP-45b29b33caab493c,3,4
2,SSCP-45e1b3a072ac701f,3,4
2,SSCP-460eb7d55a86cf79,3,4
2,SSCP-4655178605dd071a,3,4
2,SSCP-4655a3a7f1b44582,3,4
2,SSCP-466c3b2c9126e5e8,3,4
2,SSCP-471a019cbde6c8a7,3,4
2,SSCP-476098766a47ca60,3,4
2,SSCP-4777e782ba28b43a,3,4
2,SSCP-47b34a64056ae6f1,3,4
2,SSCP-48386658e2628d11,3,4
2,SSCP-4875acb6222f9751,3,4
2,SSCP-48b1cc0c3644ce00,3,4
2,SSCP-48f6e6f33e07586d,3,4
2,SSCP-492c284467a3bdfa,3,4
2,SSCP-49330681998d297d,3,4
2,SSCP-4941528c2ddf8252,3,4
2,SSCP-494170ef00196017,3,4
2,SSCP-497f6cc2c4d711a4,3,4
2,SSCP-4984114a534ce392,3,4
2,SSCP-49b5fecbf8668178,3,4
2,SSCP-49ed9ec63533aa38,3,4
2,SSCP-4a0e27b74c2ab263,3,4
2,SSCP-4a719b097fa3f6f7,3,4
2,SSCP-4aa4c34cfba1490b,3,4
2,SSCP-4ae1f1641acc221d,3,4
2,SSCP-4aeeb45958a75c82,3,4
2,SSCP-4b48ba3f1eaf09b8,3,4
2,SSCP-4b6309f8e502804d,3,4
2,SSCP-4b939288203af777,3,4
2,SSCP-4bc75c7b8bddc64b,3,4
2,SSCP-4c0e44ed1dd8c3fb,3,4
2,SSCP-4c8223ca4b1836c4,3,4
2,SSCP-4c8b6953e3545454,3,4
2,SSCP-4cbaa44c93473930,3,4
2,SSCP-4cfbb6acf3d2e439,3,4
2,SSCP-4d3de5b6b9d8b60a,3,4
2,SSCP-4dbb10c80816f478,3,4
2,SSCP-4dec6c92196855ac,3,4
2,SSCP-4e1cbc49a2f802f3,3,4
2,SSCP-4e5b146964e0b39d,3,4
2,SSCP-4e61c72b3be1ad73,3,4
2,SSCP-4eb659ed4b556327,3,4
2,SSCP-4f01d4bf1c848784,3,4
2,SSCP-4f03793e13ac87b4,3,4
2,SSCP-4f0ce07e8c893aae,3,4
2,SSCP-4f5e23cfebb8ec3c,3,4
2,SSCP-4f6e557d65c63852,3,4
2,SSCP-4fb0bfce65f2d0e8,3,4
2,SSCP-4fb3e0a63c4deaa1,3,4
2,SSCP-4fc1b5e1e527e877,3,4
2,SSCP-4fd4c685e53f4f04,3,4
2,SSCP-500b3130c32c2229,3,4
2,SSCP-50686ff1e1f4df13,3,4
2,SSCP-508b3d4faf45cbe0,3,4
2,SSCP-50a72fd858450aba,3,4
2,SSCP-50e3d5416b877759,3,4
2,SSCP-50fa802aa173f2e8,3,4
2,SSCP-512e6ee8f0fe46a4,3,4
2,SSCP-5161e06566d806cc,3,4
2,SSCP-5192efc2ef43656c,3,4
2,SSCP-51ef81c52fe22e4f,3,4
2,SSCP-5201113b43aecbdb,3,4
2,SSCP-5233a166a5ca060d,3,4
2,SSCP-5252e555d24be969,3,4
2,SSCP-525b251d228a3fe5,3,4
2,SSCP-52d8f98d3867b333,3,4
2,SSCP-52ddd7f531e7d89a,3,4
2,SSCP-52eb639a43711065,3,4
2,SSCP-52f55046703aed9c,3,4
2,SSCP-53570ac13390e6e5,3,4
2,SSCP-53b2d193082aa394,3,4
2,SSCP-53b4c22612e91f3e,3,4
2,SSCP-53b9d0d1e1429325,3,4
2,SSCP-540dd0fd0e2fbfb8,3,4
2,SSCP-542ff88f773297ac,3,4
2,SSCP-546c0756f7ddf393,3,4
2,SSCP-549ef68ed7ffa320,3,4
2,SSCP-54d15ee02068b0fb,3,4
2,SSCP-550b6081cd5629fe,3,4
2,SSCP-55a1844299112e8a,3,4
2,SSCP-55cfb09876ec8b97,3,4
2,SSCP-55e6ee4a59413da1,3,4
2,SSCP-5617703ed2f56bf8,3,4
2,SSCP-562dd351c70e5c7b,3,4
2,SSCP-567fca0bd9510e4f,3,4
2,SSCP-56d3d91fe99be02c,3,4
2,SSCP-56e9283cdef957d2,3,4
2,SSCP-5701005faec66d63,3,4
2,SSCP-572df4ef34829587,3,4
2,SSCP-57605bf6fc1703a1,3,4
2,SSCP-576cf8da960e3ae3,3,4
2,SSCP-57a5f2072811bf6f,3,4
2,SSCP-57dfb6ba338e078a,3,4
2,SSCP-58057f04e269ebd8,3,4
2,SSCP-582a82a23cdbf531,3,4
2,SSCP-5842a702744b2cc2,3,4
2,SSCP-5843b05db01f5c40,3,4
2,SSCP-58dbd6be91d050f8,3,4
2,SSCP-58df97e097f72804,3,4
2,SSCP-58f2607d4f37cf46,3,4
2,SSCP-591198e0b0493577,3,4
2,SSCP-592d27cf727a666a,3,4
2,SSCP-594a04ad89c43dd3,3,4
2,SSCP-597d1a2c21051c36,3,4
2,SSCP-59b306186cc8dc00,3,4
2,SSCP-59fdc190f26c95f0,3,4
2,SSCP-5a178d6b2b43c8e6,3,4
2,SSCP-5a5bed43397fd034,3,4
2,SSCP-5a65fd73f334c5ef,3,4
2,SSCP-5a70222a4047ef99,3,4
2,SSCP-5a818ef0fa159a3c,3,4
2,SSCP-5a862276480d10f5,3,4
2,SSCP-5ae4c32993a648a7,3,4
2,SSCP-5aeb2f3c5db0bd93,3,4
2,SSCP-5afd90c8c5057500,3,4
2,SSCP-5b337588d8cedbd5,3,4
2,SSCP-5b4d66dffc9118fe,3,4
2,SSCP-5b5386ffe2acd4c8,3,4
2,SSCP-5b6355ac829aa731,3,4
2,SSCP-5bac4803b94aeec1,3,4
2,SSCP-5bf866fda97ee353,3,4
2,SSCP-5c4feaa1a51ec358,3,4
2,SSCP-5c5a6b0169af7a69,3,4
2,SSCP-5c903c43dcde2f4e,3,4
2,SSCP-5cd6baec72f3da64,3,4
2,SSCP-5d12837d268edcd8,3,4
2,SSCP-5d78a029d85f3db6,3,4
2,SSCP-5daa7de5cc883dac,3,4
2,SSCP-5dabb430b2297cca,3,4
2,SSCP-5dd2b6657bd6ceb4,3,4
2,SSCP-5ddf264ece52d08c,3,4
2,SSCP-5e0443154198b0c9,3,4
2,SSCP-5e4f4a23d4604220,3,4
2,SSCP-5e6de1859194cdcd,3,4
2,SSCP-5e775445911eb13d,3,4
2,SSCP-5ea94f4b8aff35ac,3,4
2,SSCP-5ec3758471262685,3,4
2,SSCP-5f2b5e8ed0901729,3,4
2,SSCP-5f4b46409cd5c000,3,4
2,SSCP-5f6bfa91989b148d,3,4
2,SSCP-5f6ec20edc91ee6d,3,4
2,SSCP-5ff27ad46baf27ca,3,4
2,SSCP-6013942a3baf564c,3,4
2,SSCP-6029208be7945559,3,4
2,SSCP-602c6a5b08db886a,3,4
2,SSCP-6039cc6f6a0b11a5,3,4
2,SSCP-603b163a1e5bc6ce,3,4
2,SSCP-609b4bbc6c22aa27,3,4
2,SSCP-60d36a60ad9b1b8b,3,4
2,SSCP-61007b353ce8cb7e,3,4
2,SSCP-6101bd873b4e8b63,3,4
2,SSCP-613085e7c5da7b40,3,4
2,SSCP-613d400fe2005eb1,3,4
2,SSCP-615878e0f8fc01ef,3,4
2,SSCP-6175a1c1a70b5c1b,3,4
2,SSCP-6198bac3774963d3,3,4
2,SSCP-624f80971e985ab2,3,4
2,SSCP-6274640858e68887,3,4
2,SSCP-627ec2eb9494d256,3,4
2,SSCP-62a7743bfe93dde9,3,4
2,SSCP-62e9a0ae050b8703,3,4
2,SSCP-631a31afed7d09fc,3,4
2,SSCP-6398359090a89704,3,4
2,SSCP-63be9c481f6e802b,3,4
2,SSCP-63d17108454b579d,3,4
2,SSCP-642757e4723b7b93,3,4
2,SSCP-644405e02c7b8b12,3,4
2,SSCP-644c19994a43dc07,3,4
2,SSCP-6475b56f08c83605,3,4
2,SSCP-64801f0f766820e0,3,4
2,SSCP-6485cbf77b459ecd,3,4
2,SSCP-6488547e21de6827,3,4
2,SSCP-6499df16230646af,3,4
2,SSCP-649dbbc7edc1c22a,3,4
2,SSCP-64e864f72dcacc77,3,4
2,SSCP-65b1c6680a5999dd,3,4
2,SSCP-65d1e9990d2c9994,3,4
2,SSCP-65fab0878e2604a5,3,4
2,SSCP-6667ba5e44fbbe8f,3,4
2,SSCP-669561f86bc8c954,3,4
2,SSCP-66b3fadaeb32c894,3,4
2,SSCP-670dc945a101811e,3,4
2,SSCP-670e24c746d5f682,3,4
2,SSCP-673f6532d9f6b25f,3,4
2,SSCP-67416c026576acde,3,4
2,SSCP-67b7cd5729622398,3,4
2,SSCP-6802f290cd2ad698,3,4
2,SSCP-680db35663a52f20,3,4
2,SSCP-681c2afd2ce35577,3,4
2,SSCP-68502a00d6148f4b,3,4
2,SSCP-68b564766c370b96,3,4
2,SSCP-68d37095602ab51d,3,4
2,SSCP-68f34b2dd698450e,3,4
2,SSCP-69547adc99b15544,3,4
2,SSCP-6977e4665c5dc3e8,3,4
2,SSCP-697eebe472a6afa7,3,4
2,SSCP-698f87278d00ae6d,3,4
2,SSCP-69baa2a6511b4a37,3,4
2,SSCP-69bb6909865761fd,3,4
2,SSCP-6a85a193dd33b9db,3,4
2,SSCP-6a86e46a5f9ec039,3,4
2,SSCP-6a8f7a5e6775ba8d,3,4
2,SSCP-6b640c45dddb7433,3,4
2,SSCP-6baf61573aae6b8c,3,4
2,SSCP-6bc806b98b53bc73,3,4
2,SSCP-6bdfe639bec1b0b7,3,4
2,SSCP-6c187cdb576e04a2,3,4
2,SSCP-6c240e50c3635136,3,4
2,SSCP-6c98ba8e293779cc,3,4
2,SSCP-6ca7744146055000,3,4
2,SSCP-6caaa1e8c5dd70b1,3,4
2,SSCP-6cab232ee0fe3373,3,4
2,SSCP-6cb274b753c99ea4,3,4
2,SSCP-6cb38d46048c68d4,3,4
2,SSCP-6d0f9af532d4f2a5,3,4
2,SSCP-6d15fc7d87237bff,3,4
2,SSCP-6d38e9ad7ecadb1f,3,4
2,SSCP-6d850e13db22121d,3,4
2,SSCP-6dc89606e15a5cb7,3,4
2,SSCP-6dd65f49274c7f16,3,4
2,SSCP-6dec2d3181706ecb,3,4
2,SSCP-6deeb290b8bd022a,3,4
2,SSCP-6dfbb11024b3a6da,3,4
2,SSCP-6e9d38878c90aa9d,3,4
2,SSCP-6ec3dcba923c7a29,3,4
2,SSCP-6ec893231d0d87ca,3,4
2,SSCP-6ef8adfbcadb1841,3,4
2,SSCP-6f1b9793bd32f2fa,3,4
2,SSCP-6f1deced1b4b237c,3,4
2,SSCP-6f347e2161e03159,3,4
2,SSCP-6fc9e672006b979c,3,4
2,SSCP-6ffc33c63794ce67,3,4
2,SSCP-706bb026cabcd437,3,4
2,SSCP-70c431b8b0bccf9a,3,4
2,SSCP-70c8e2ed5d339db5,3,4
2,SSCP-71389076d7955097,3,4
2,SSCP-7180b6559623d2ef,3,4
2,SSCP-71c8e8ec87bbd3a3,3,4
2,SSCP-721d5db85c053e48,3,4
2,SSCP-721f25377a23065a,3,4
2,SSCP-72582fd5dcf6eb1d,3,4
2,SSCP-726f9b0239ba5c64,3,4
2,SSCP-728fcd4656767bb6,3,4
2,SSCP-72a3f0e0b2f5d480,3,4
2,SSCP-72c0fc6402bbe1d4,3,4
2,SSCP-72f0adbff2caa0c9,3,4
2,SSCP-730f1c61b452bd1b,3,4
2,SSCP-73392d344c6e8ea1,3,4
2,SSCP-7355ee7e2d2b17b3,3,4
2,SSCP-73844130f24ea55d,3,4
2,SSCP-738e6eb1f3fe8710,3,4
2,SSCP-73b44a0b970fd2d5,3,4
2,SSCP-73d3dea985e627f5,3,4
2,SSCP-73ed7c2a99ca58b6,3,4
2,SSCP-74203d4c94985aa5,3,4
2,SSCP-74477107dc2f740d,3,4
2,SSCP-7465285595fde2e3,3,4
2,SSCP-74d50fe5760a6ea3,3,4
2,SSCP-74fd074c2d6a33cb,3,4
2,SSCP-752483a7f1a2e961,3,4
2,SSCP-752e8969dc9b85a8,3,4
2,SSCP-75315f68ae6ad8d3,3,4
2,SSCP-756438497dfbd3c6,3,4
2,SSCP-75652c6d974acb81,3,4
2,SSCP-758a2210c23a7a52,3,4
2,SSCP-758f8f669f8bb241,3,4
2,SSCP-7592036347df4583,3,4
2,SSCP-75e7ca0d93677706,3,4
2,SSCP-767961a4550b72ee,3,4
2,SSCP-76cdb90503681448,3,4
2,SSCP-7702dcced3fa5498,3,4
2,SSCP-771de0dd48e13b6d,3,4
2,SSCP-775207567d4017f5,3,4
2,SSCP-776605edca654a5d,3,4
2,SSCP-776608c7bc8d94e4,3,4
2,SSCP-777122ad3522ebc3,3,4
2,SSCP-78047fe23b8f921b,3,4
2,SSCP-787077e6f935d110,3,4
2,SSCP-78873283d303fc73,3,4
2,SSCP-788b9f97437fc834,3,4
2,SSCP-78abcb74c229b817,3,4
2,SSCP-78b7db3d8737335f,3,4
2,SSCP-79034c07ac3bb8e0,3,4
2,SSCP-799a0c892ee7aea3,3,4
2,SSCP-79aa23958c9cb494,3,4
2,SSCP-7a64d3c952a4ea8f,3,4
2,SSCP-7a7685da261564e2,3,4
2,SSCP-7a9020e8b1a4d0e6,3,4
2,SSCP-7b42eb060bf669fc,3,4
2,SSCP-7b8c87e6bfd020c4,3,4
2,SSCP-7b8cb0844432995e,3,4
2,SSCP-7bbfd97166043ca2,3,4
2,SSCP-7bcf9f48a516a5ca,3,4
2,SSCP-7bdae0e52b913db1,3,4
2,SSCP-7bdb694bd46842ed,3,4
2,SSCP-7c242c996d1402e3,3,4
2,SSCP-7c5908b9d2eb2dbd,3,4
2,SSCP-7c73255fbb9a6c79,3,4
2,SSCP-7c8e1b4dce99b868,3,4
2,SSCP-7cc90703c6c62e84,3,4
2,SSCP-7cd0661973d77339,3,4
2,SSCP-7ceadcb1b064968f,3,4
2,SSCP-7cfbd9c0e4b714af,3,4
2,SSCP-7d82ea52c8a5b6ad,3,4
2,SSCP-7d9310aedd1ab1ed,3,4
2,SSCP-7ddb9c963b43ebfb,3,4
2,SSCP-7ddcf65c5a7485f5,3,4
2,SSCP-7de370b0ef34b09c,3,4
2,SSCP-7e650bc8c7bb08a5,3,4
2,SSCP-7e88d8c1baa8b3b3,3,4
2,SSCP-7eb2fd7257d07dfd,3,4
2,SSCP-7eba8ada5f53fa98,3,4
2,SSCP-7ec615dccacb84b9,3,4
2,SSCP-7ed483146201d4cd,3,4
2,SSCP-7edd92fceb8b2d8a,3,4
2,SSCP-7ef4207b0ce2db69,3,4
2,SSCP-7f3c712ccac9c81f,3,4
2,SSCP-7f42d06a6265efc0,3,4
2,SSCP-7f46605c6b96056c,3,4
2,SSCP-7f581017f2221bba,3,4
2,SSCP-7f71e2eca1a719be,3,4
2,SSCP-7f86768957cc6e72,3,4
2,SSCP-7fa91aca9c172173,3,4
2,SSCP-8007d447f59dd36f,3,4
2,SSCP-8011fac22bb116f4,3,4
2,SSCP-80180565689ced62,3,4
2,SSCP-809d25edbfcf1ccf,3,4
2,SSCP-810ecc03ca902bd7,3,4
2,SSCP-8127c0c6132d911b,3,4
2,SSCP-814d30b9b6519d6f,3,4
2,SSCP-818d4f37ed014c32,3,4
2,SSCP-81a1a16d9684666c,3,4
2,SSCP-8265d37bb459ad35,3,4
2,SSCP-82da7b0f1c35e07c,3,4
2,SSCP-8346ec7aa76a3adf,3,4
2,SSCP-836b6aa334120003,3,4
2,SSCP-83e726ecd0c08db5,3,4
2,SSCP-840d39e53d38d15b,3,4
2,SSCP-8437489a2dc93b9a,3,4
2,SSCP-84636119f1c7252e,3,4
2,SSCP-8493f0a3fd713a52,3,4
2,SSCP-8504f391f578d5e2,3,4
2,SSCP-853ab9245cffc1c6,3,4
2,SSCP-854c92ca754bf485,3,4
2,SSCP-8555d987cf0904a0,3,4
2,SSCP-8598d19f4a4c128f,3,4
2,SSCP-85e57f3de06b9cb1,3,4
2,SSCP-861d09f5ffced859,3,4
2,SSCP-86392e483248cab3,3,4
2,SSCP-8644ad0045229255,3,4
2,SSCP-8662aaf548ad70f3,3,4
2,SSCP-86c8d7bd8c8a863a,3,4
2,SSCP-86f4de9843e2028f,3,4
2,SSCP-86f9e050ac50ca48,3,4
2,SSCP-87091310626dffa0,3,4
2,SSCP-872175e71a22665b,3,4
2,SSCP-8764d9a31aa5ff9d,3,4
2,SSCP-8780058f971e260a,3,4
2,SSCP-885b82a7d4c87087,3,4
2,SSCP-88617f6bffb074f2,3,4
2,SSCP-88dc9a25c98093e9,3,4
2,SSCP-88eb75c57df7aef1,3,4
2,SSCP-88fb285ff2732a96,3,4
2,SSCP-89481d209499e35d,3,4
2,SSCP-896fcb2773e1257a,3,4
2,SSCP-89a2b3d39e721c9f,3,4
2,SSCP-89a43cefbbb15f95,3,4
2,SSCP-89b65d444c30732a,3,4
2,SSCP-89b8839e0c7573c8,3,4
2,SSCP-89cd8a01ee43345e,3,4
2,SSCP-89cdce005bfda3c7,3,4
2,SSCP-89d4cd3fc0afd848,3,4
2,SSCP-89e2b2566481c1b9,3,4
2,SSCP-89f1de97df908a84,3,4
2,SSCP-8a4b207766e6153d,3,4
2,SSCP-8a56e5aa78908124,3,4
2,SSCP-8a656737fb32b887,3,4
2,SSCP-8a9d45c05ae5ab38,3,4
2,SSCP-8ac1d82ea8896fa7,3,4
2,SSCP-8ae7db6e46cd1d7e,3,4
2,SSCP-8af0ce4b95aa1a8f,3,4
2,SSCP-8b6c65cf0ba59f10,3,4
2,SSCP-8b6d6e938ae50308,3,4
2,SSCP-8b9be1a70a4ff655,3,4
2,SSCP-8b9f1fd277b6e621,3,4
2,SSCP-8bd9571061c4cc8a,3,4
2,SSCP-8bdcbe39db73716d,3,4
2,SSCP-8be96299ff4a7497,3,4
2,SSCP-8c0e5b66ebf016f2,3,4
2,SSCP-8c9a156ff3be6065,3,4
2,SSCP-8cbc90eee8f9c342,3,4
2,SSCP-8cd890be105529ec,3,4
2,SSCP-8cec2832d002f84c,3,4
2,SSCP-8cf8aa6144282738,3,4
2,SSCP-8d2f2a16ff73fc00,3,4
2,SSCP-8d63bbce652c8c96,3,4
2,SSCP-8d9276a72a72de33,3,4
2,SSCP-8d92fe5961a4a83b,3,4
2,SSCP-8ddf135d4bf48bdf,3,4
2,SSCP-8e1e9b24851173d4,3,4
2,SSCP-8e33023e4b7213ec,3,4
2,SSCP-8e42757a8efda1b2,3,4
2,SSCP-8e6e95bd7d030236,3,4
2,SSCP-8e768b522c1939c0,3,4
2,SSCP-8ea2f1e461b1b494,3,4
2,SSCP-8f2760f9d2c9c77d,3,4
2,SSCP-8f34f661db207cd7,3,4
2,SSCP-8f4b6ce82f72c7c9,3,4
2,SSCP-8f83ca55c0250c75,3,4
2,SSCP-8f9d63812b1ccb76,3,4
2,SSCP-8fb22d6c9770ef29,3,4
2,SSCP-8fbc48116aa3b604,3,4
2,SSCP-8fbd1b09d9a4b3af,3,4
2,SSCP-8fd02211cb5d822c,3,4
2,SSCP-8fea73cb63066b45,3,4
2,SSCP-90068efce083eda3,3,4
2,SSCP-9009169d1cf93971,3,4
2,SSCP-90093f20424369aa,3,4
2,SSCP-90277585f8d1b6ca,3,4
2,SSCP-90c7863cc61efd22,3,4
2,SSCP-912f9cf7200f28c2,3,4
2,SSCP-919f99b329cdf8cc,3,4
2,SSCP-91dc81bbbb3208f4,3,4
2,SSCP-926c7ea75aeb8fac,3,4
2,SSCP-927335ad59e48c4d,3,4
2,SSCP-928b69aad49bd424,3,4
2,SSCP-928e8518da39aaf3,3,4
2,SSCP-92c4b9c89778fe53,3,4
2,SSCP-92f04c96265d4e88,3,4
2,SSCP-93451bbe6ba9e7f6,3,4
2,SSCP-934636ff748875b7,3,4
2,SSCP-941871a4268d5ef8,3,4
2,SSCP-94505fc594b80bc7,3,4
2,SSCP-94ababd714cc9dce,3,4
2,SSCP-94ac7a5d8d19374b,3,4
2,SSCP-94de21ccf0358005,3,4
2,SSCP-9509ac434b9379a7,3,4
2,SSCP-95989866ece3bc72,3,4
2,SSCP-95a6704c319f0ec9,3,4
2,SSCP-95f2e273fedf70a1,3,4
2,SSCP-96084ee10bc854ca,3,4
2,SSCP-9647a991bccf21a7,3,4
2,SSCP-96514ea028d74d38,3,4
2,SSCP-968ebf03b7c5fb6a,3,4
2,SSCP-96a69b0e531ae59b,3,4
2,SSCP-96ec53652f16c072,3,4
2,SSCP-972686a6c33ab486,3,4
2,SSCP-974abba227edb1b3,3,4
2,SSCP-97518326310250b2,3,4
2,SSCP-976252ee0b357d97,3,4
2,SSCP-97762c6c24c21954,3,4
2,SSCP-97b3ce0ff58fb0ca,3,4
2,SSCP-97dae1bb862344e2,3,4
2,SSCP-984e94c04c7f504b,3,4
2,SSCP-98780b8600597b33,3,4
2,SSCP-98b2e1af4947c3e8,3,4
2,SSCP-98c46fc285c6c703,3,4
2,SSCP-98e4d1c9c265bb3b,3,4
2,SSCP-98e79333cc34c9ad,3,4
2,SSCP-9900dddbfb3dbb18,3,4
2,SSCP-99811e5acc8e37b7,3,4
2,SSCP-9988bc1cecd16104,3,4
2,SSCP-99cf0465468da9cf,3,4
2,SSCP-9a06ad25e873c93f,3,4
2,SSCP-9a42224a147bf07c,3,4
2,SSCP-9a463fd615ff5b98,3,4
2,SSCP-9a563ec83e3d854a,3,4
2,SSCP-9a593af0eeef8c0d,3,4
2,SSCP-9ac14b97da2a3553,3,4
2,SSCP-9adc496c82422ac6,3,4
2,SSCP-9af4d4af6db38393,3,4
2,SSCP-9b182e71a1c85c54,3,4
2,SSCP-9b5312bbd47cfd4e,3,4
2,SSCP-9b6f50e0e3cef0d9,3,4
2,SSCP-9bced350ee4f8db5,3,4
2,SSCP-9c3b59749b75d1cc,3,4
2,SSCP-9cbea5ab2a1419f9,3,4
2,SSCP-9cc65caed4c90b55,3,4
2,SSCP-9d0086f0bb7a7714,3,4
2,SSCP-9d249510625e0baf,3,4
2,SSCP-9d42e9a8d14aa424,3,4
2,SSCP-9d51c62c5059400a,3,4
2,SSCP-9d542eae17aaf2ed,3,4
2,SSCP-9d7f32d9596aaf20,3,4
2,SSCP-9d829eb6129c97d2,3,4
2,SSCP-9d89939671d6bb81,3,4
2,SSCP-9da897547decec54,3,4
2,SSCP-9db713cf4e8657df,3,4
2,SSCP-9e03f9d1764f0c24,3,4
2,SSCP-9e2e4b20daa45878,3,4
2,SSCP-9e614539ccc4b9bd,3,4
2,SSCP-9e9f2e71e9ae1db2,3,4
2,SSCP-9eb3f601fd20befc,3,4
2,SSCP-9ec53303d92ade3e,3,4
2,SSCP-9f6eaee9ccf6bf0e,3,4
2,SSCP-9f9dc0c2e63db4b1,3,4
2,SSCP-9fbb12136d124295,3,4
2,SSCP-9fccc550ceee9d54,3,4
2,SSCP-9fd1c91770bc45db,3,4
2,SSCP-a008cfdb16a7b167,3,4
2,SSCP-a035401b0b2e90b7,3,4
2,SSCP-a099df84b9551b92,3,4
2,SSCP-a0a8f4db0758348b,3,4
2,SSCP-a0df4e23fe8c388a,3,4
2,SSCP-a0eff1bce624a57c,3,4
2,SSCP-a1126d0f63feb6d7,3,4
2,SSCP-a1484e3d7df86f75,3,4
2,SSCP-a14db0bbddaa41da,3,4
2,SSCP-a14f71c3681d4e79,3,4
2,SSCP-a15c7a78af6c52ab,3,4
2,SSCP-a18000945291350f,3,4
2,SSCP-a1ba4247b8008370,3,4
2,SSCP-a1f06dfb5435e347,3,4
2,SSCP-a2b0014c5975279c,3,4
2,SSCP-a2bfa0dd3af33e43,3,4
2,SSCP-a2f8e5eb1265fda7,3,4
2,SSCP-a31f37d7a6fb772d,3,4
2,SSCP-a338ef4fb3c3fc7a,3,4
2,SSCP-a33f68c5ec7a1af2,3,4
2,SSCP-a34614376f11b3af,3,4
2,SSCP-a360f416ad250281,3,4
2,SSCP-a38890ca6ac3250e,3,4
2,SSCP-a39de95188bcd01e,3,4
2,SSCP-a39f73c3110113af,3,4
2,SSCP-a3d6439b441fc497,3,4
2,SSCP-a3f1ae8f42efd4da,3,4
2,SSCP-a3f719f29b139627,3,4
2,SSCP-a40101e65b6653d1,3,4
2,SSCP-a412a2d4bddc93a8,3,4
2,SSCP-a413a8e8194e8460,3,4
2,SSCP-a46728be64b7e2ae,3,4
2,SSCP-a4ac8a419fd11687,3,4
2,SSCP-a4af7c169ea90866,3,4
2,SSCP-a4be0465f39338ae,3,4
2,SSCP-a4cea69210faa495,3,4
2,SSCP-a4e29f98659ed635,3,4
2,SSCP-a5108853addcc52c,3,4
2,SSCP-a5e0ee0b3bee4606,3,4
2,SSCP-a5e4ead972ba1d4e,3,4
2,SSCP-a64740f967efcd51,3,4
2,SSCP-a6538b36308c6a2d,3,4
2,SSCP-a68d6f479629c980,3,4
2,SSCP-a6f93f70fb3ecd19,3,4
2,SSCP-a7070a6561140f9d,3,4
2,SSCP-a72c2d30ced6be31,3,4
2,SSCP-a7f1d15aebb81cde,3,4
2,SSCP-a82061073f2930d0,3,4
2,SSCP-a825c5de47867670,3,4
2,SSCP-a8532da380719c17,3,4
2,SSCP-a8567bc6ca9ac23c,3,4
2,SSCP-a8872aaac1e540fc,3,4
2,SSCP-a89fd73fc8889210,3,4
2,SSCP-a8a45b4b68fb87d4,3,4
2,SSCP-a8a4fb1fa665dc69,3,4
2,SSCP-a8acebdfada68758,3,4
2,SSCP-a9156b013e29b72d,3,4
2,SSCP-a943b15e2035d87d,3,4
2,SSCP-a98abfd3affc4c05,3,4
2,SSCP-a9f4753de74b6bcc,3,4
2,SSCP-aa5c0d59d70cd809,3,4
2,SSCP-aa6516838aad47dc,3,4
2,SSCP-aa84c5b35824cdb4,3,4
2,SSCP-ab363a44df27a2ec,3,4
2,SSCP-ab6d3b1a0bd0cf5b,3,4
2,SSCP-ab72cdb9b66d2cd9,3,4
2,SSCP-ab95e5bcf381c2e7,3,4
2,SSCP-abc699d2a49faf63,3,4
2,SSCP-abdcfaf9686c61dd,3,4
2,SSCP-ac1564636c95f72a,3,4
2,SSCP-ac362179e2635280,3,4
2,SSCP-acf00569c0eac3fa,3,4
2,SSCP-ad022cc6ea51a554,3,4
2,SSCP-ad37ab749b8d3d97,3,4
2,SSCP-ad5b3f2d4f8f53b3,3,4
2,SSCP-ad823ac21201064f,3,4
2,SSCP-ad83427ddc10cac2,3,4
2,SSCP-ade85a32256a4911,3,4
2,SSCP-ae13e7e4e17c339b,3,4
2,SSCP-ae1e0110b1a6ac16,3,4
2,SSCP-ae5dc8868a864194,3,4
2,SSCP-ae8355234abdcb1a,3,4
2,SSCP-aeb2946cff52ee23,3,4
2,SSCP-af00faf4c56a600b,3,4
2,SSCP-af65f049d202a689,3,4
2,SSCP-af8fef0e061f54a5,3,4
2,SSCP-afa6cede9beb7144,3,4
2,SSCP-affcfc3d6dfd13f4,3,4
2,SSCP-b010789f1ebcb48e,3,4
2,SSCP-b047065bbe1da368,3,4
2,SSCP-b06c58bf3fb3c97f,3,4
2,SSCP-b07ae3539ce12d9a,3,4
2,SSCP-b0fafded5f38b566,3,4
2,SSCP-b1185a16406f3eab,3,4
2,SSCP-b1613ee9d3b9cc53,3,4
2,SSCP-b1a193c43e5b448f,3,4
2,SSCP-b1c79325899ada63,3,4
2,SSCP-b211757f9dae5f27,3,4
2,SSCP-b219d1ecff50b24c,3,4
2,SSCP-b2333d1d98fe2314,3,4
2,SSCP-b271805de50f0586,3,4
2,SSCP-b29edbf0bbc2354a,3,4
2,SSCP-b2fa017aa07de22d,3,4
2,SSCP-b2fc60edfc0e1880,3,4
2,SSCP-b30c8b46e7349923,3,4
2,SSCP-b32d2f8dc6f79d49,3,4
2,SSCP-b390f0a5c131e74e,3,4
2,SSCP-b39f0d70b3b45931,3,4
2,SSCP-b3a7a3b54933844f,3,4
2,SSCP-b3b6b5be7dcea9fe,3,4
2,SSCP-b3dcd733812e60b6,3,4
2,SSCP-b3f51cf60c2c9408,3,4
2,SSCP-b3fc2c4c8c8f9c9a,3,4
2,SSCP-b4230d594cc7fc73,3,4
2,SSCP-b44f1935f4c5a23e,3,4
2,SSCP-b45dbfd66005db5f,3,4
2,SSCP-b4907e4c2a8b46c3,3,4
2,SSCP-b4cfa591855bd3db,3,4
2,SSCP-b4e5cf3885cb3b82,3,4
2,SSCP-b4f87b7456659d0b,3,4
2,SSCP-b50feb498a7c76bc,3,4
2,SSCP-b565e805b5983e0f,3,4
2,SSCP-b5b17254374ddffe,3,4
2,SSCP-b629030726d7da50,3,4
2,SSCP-b63dd4dd6e0783f5,3,4
2,SSCP-b649cdd9d989eb47,3,4
2,SSCP-b657eca362afcaba,3,4
2,SSCP-b68f7ab4465a68cb,3,4
2,SSCP-b69c5ef89dd9da9d,3,4
2,SSCP-b6c63c3b0168fa55,3,4
2,SSCP-b6d4576f01d85d32,3,4
2,SSCP-b6f798130f72ba93,3,4
2,SSCP-b7352cc49da80d1b,3,4
2,SSCP-b79a5cee218b87f7,3,4
2,SSCP-b7cf3359af309d74,3,4
2,SSCP-b7d7ca4dc10f2c65,3,4
2,SSCP-b8018f5caeccd4b2,3,4
2,SSCP-b833c1616fea6d0d,3,4
2,SSCP-b889b14a5b99669b,3,4
2,SSCP-b89f5734a8fc1ae8,3,4
2,SSCP-b8a33e379c178a01,3,4
2,SSCP-b8c14ad71c976713,3,4
2,SSCP-b8f69140b2ab94a7,3,4
2,SSCP-b9085854a6161efa,3,4
2,SSCP-b96683d071db44e9,3,4
2,SSCP-b994a18a9cc218c0,3,4
2,SSCP-b9ba20ec64664469,3,4
2,SSCP-ba451153524c13aa,3,4
2,SSCP-ba46a686dd963543,3,4
2,SSCP-ba5653c7a9f1ccd5,3,4
2,SSCP-ba980adba864b985,3,4
2,SSCP-bb1a85789267abfc,3,4
2,SSCP-bb23684629f865a5,3,4
2,SSCP-bb5dc5e9851590e6,3,4
2,SSCP-bb9438cbf4de1637,3,4
2,SSCP-bc44b60e0d383224,3,4
2,SSCP-bc5aaeba957f20bb,3,4
2,SSCP-bc68665c426c6e9d,3,4
2,SSCP-bc7953ee531e93e4,3,4
2,SSCP-bd14fefc8e583416,3,4
2,SSCP-bd8c4a181faa96a1,3,4
2,SSCP-bda9b04378fc89c7,3,4
2,SSCP-bdb43d6cb55c2269,3,4
2,SSCP-be03f8d7cbf9a3bc,3,4
2,SSCP-be5abcbea58ec0f1,3,4
2,SSCP-bf1ea35eeb354851,3,4
2,SSCP-bfc8d7e181d8eb2d,3,4
2,SSCP-bff3f40dcf06390b,3,4
2,SSCP-bff542b18b62157c,3,4
2,SSCP-bffadc1fac1563ac,3,4
2,SSCP-c035045de6fb4362,3,4
2,SSCP-c061fa4a2807b1f1,3,4
2,SSCP-c062c148f1f493d1,3,4
2,SSCP-c09f476f284a8c45,3,4
2,SSCP-c0b996c4e952136f,3,4
2,SSCP-c0da76f29a1574b7,3,4
2,SSCP-c154d30924bc439b,3,4
2,SSCP-c1714b17f0e8a0c1,3,4
2,SSCP-c17ab66022f0bba2,3,4
2,SSCP-c17cefa554bb546e,3,4
2,SSCP-c18b8cccd424a619,3,4
2,SSCP-c1a4384e3286c118,3,4
2,SSCP-c1a454e508e5d0f3,3,4
2,SSCP-c1a4ade0697819c9,3,4
2,SSCP-c1a6032afcc9b74f,3,4
2,SSCP-c1c3914e370449d5,3,4
2,SSCP-c236a04ce941a7a9,3,4
2,SSCP-c25cc36ae9f06c53,3,4
2,SSCP-c264ea38aa398186,3,4
2,SSCP-c2a2318810ee041f,3,4
2,SSCP-c321872f919f010e,3,4
2,SSCP-c3219902ce17cea4,3,4
2,SSCP-c340c2ac9eb48721,3,4
2,SSCP-c377083aec334ddd,3,4
2,SSCP-c39dcd8c85fc4690,3,4
2,SSCP-c4231af3360ae94d,3,4
2,SSCP-c4d38fa122ba6742,3,4
2,SSCP-c50006633f8fe748,3,4
2,SSCP-c5258582c5c2ff09,3,4
2,SSCP-c53e4d57a1dbb56c,3,4
2,SSCP-c56612f1b3d64d2b,3,4
2,SSCP-c596a3ae5125759c,3,4
2,SSCP-c63fb866e2f113b4,3,4
2,SSCP-c66297885f1c00e7,3,4
2,SSCP-c69a1daad963f929,3,4
2,SSCP-c6b06ded6879f585,3,4
2,SSCP-c6ffe61c36779788,3,4
2,SSCP-c7222081d9fb768f,3,4
2,SSCP-c739b4310288e7f6,3,4
2,SSCP-c73b4b43f16edd31,3,4
2,SSCP-c7a56708dab8a1bd,3,4
2,SSCP-c7be33c9fbd4bd58,3,4
2,SSCP-c7e9dc57954b9656,3,4
2,SSCP-c87f2d65c29d6282,3,4
2,SSCP-c997416a75f8e691,3,4
2,SSCP-c9df3bd3379ab458,3,4
2,SSCP-ca763f04f3923a72,3,4
2,SSCP-ca8822d25fc544f5,3,4
2,SSCP-ca9a27cf1c70f583,3,4
2,SSCP-caeede47f7872727,3,4
2,SSCP-cb066c6b737e8a1c,3,4
2,SSCP-cb66038499634c3e,3,4
2,SSCP-cba66654f43dbb2b,3,4
2,SSCP-cbc75b0909390d7b,3,4
2,SSCP-cbc961c9bbdfa62b,3,4
2,SSCP-cbd0e608f795938d,3,4
2,SSCP-cc28b3d62a5d2486,3,4
2,SSCP-cc70a9396858b94e,3,4
2,SSCP-cc9af3590503955e,3,4
2,SSCP-cce159f101583e33,3,4
2,SSCP-cd22928454ee1f75,3,4
2,SSCP-cd4a7c9d2e9d3fad,3,4
2,SSCP-cd537cf3e34944bb,3,4
2,SSCP-cd55246a348dd677,3,4
2,SSCP-cd8c43039380b6a9,3,4
2,SSCP-cdc9b2a28de4b7b5,3,4
2,SSCP-ce394e3ac46a744c,3,4
2,SSCP-ce68cfcc91912931,3,4
2,SSCP-cf1ae9aaf69e2117,3,4
2,SSCP-cf2936badf55c0f7,3,4
2,SSCP-cf4296bd71137fed,3,4
2,SSCP-cfb9930b69b9647e,3,4
2,SSCP-cffb899966613277,3,4
2,SSCP-d05ff13723ba08cd,3,4
2,SSCP-d07991a5d5cdfc0e,3,4
2,SSCP-d0839d47c2f6acd9,3,4
2,SSCP-d0ba4f13b7bf4619,3,4
2,SSCP-d0bc18f936d3cda5,3,4
2,SSCP-d0c0c845e285ff6e,3,4
2,SSCP-d0d7d01c360eed32,3,4
2,SSCP-d14ec9243f20f34d,3,4
2,SSCP-d15e656f6b850480,3,4
2,SSCP-d19b7dee5c902eaf,3,4
2,SSCP-d1dc1f8f5ae52817,3,4
2,SSCP-d1f6a23256b161d1,3,4
2,SSCP-d3389bf387eba04c,3,4
2,SSCP-d33f4ad74344b300,3,4
2,SSCP-d3429216657289db,3,4
2,SSCP-d3c19aa0ebcbb384,3,4
2,SSCP-d3e37566945a3686,3,4
2,SSCP-d46c23fd2cee76a3,3,4
2,SSCP-d4b8c2a9947d8d54,3,4
2,SSCP-d4dd818ec77663d1,3,4
2,SSCP-d5215469d28273ab,3,4
2,SSCP-d536aa41b9c9785b,3,4
2,SSCP-d5747b3b3f59f148,3,4
2,SSCP-d57ff1c642d4d0e6,3,4
2,SSCP-d5d475fda03dc575,3,4
2,SSCP-d5db8015510911d4,3,4
2,SSCP-d5dda128d91bcbc0,3,4
2,SSCP-d5dfa5fdc833cf0d,3,4
2,SSCP-d601f27c1e43a5a9,3,4
2,SSCP-d60a63f35f8d812b,3,4
2,SSCP-d67ca092a418c798,3,4
2,SSCP-d67ff1dd78e3beb6,3,4
2,SSCP-d69563c6e282ea8c,3,4
2,SSCP-d6a2a0bdaf935fd4,3,4
2,SSCP-d6f52bce0719b7ec,3,4
2,SSCP-d72f9caed86bfa4b,3,4
2,SSCP-d7770381a1e47826,3,4
2,SSCP-d79039f534e73abb,3,4
2,SSCP-d795a15dcf5371dc,3,4
2,SSCP-d79e2ea776dc5517,3,4
2,SSCP-d7a0a12e5f6358e0,3,4
2,SSCP-d862b1526cd32467,3,4
2,SSCP-d87cfae958a39961,3,4
2,SSCP-d89c76dc99e83a3f,3,4
2,SSCP-d8b4ba1e558eaac8,3,4
2,SSCP-d8e073f9035d604d,3,4
2,SSCP-d8f88e7944a3d7d0,3,4
2,SSCP-d9051db0548548b4,3,4
2,SSCP-d9136674d340a785,3,4
2,SSCP-d954879b82faa1d3,3,4
2,SSCP-d95cd4bf21096b13,3,4
2,SSCP-d9670335a6d8e48b,3,4
2,SSCP-d9b4b99bb294beba,3,4
2,SSCP-d9bfe7d5f2cedcc5,3,4
2,SSCP-d9c55aa337330b7f,3,4
2,SSCP-d9ebcf6ac9c1499f,3,4
2,SSCP-d9f2c1f001d7f508,3,4
2,SSCP-d9f6dbb9f2607bfb,3,4
2,SSCP-da0729bf0dbdf0c2,3,4
2,SSCP-da137a8b0ef1843c,3,4
2,SSCP-da5b4234e6c98d51,3,4
2,SSCP-da6a57ad201ebf2f,3,4
2,SSCP-da857c1f99610617,3,4
2,SSCP-dabcddd29962ce60,3,4
2,SSCP-dabd77691e2b6843,3,4
2,SSCP-daecf015d86714dd,3,4
2,SSCP-dafc1db328e85b9a,3,4
2,SSCP-db1c435a154d8365,3,4
2,SSCP-db2ee181e2e32d21,3,4
2,SSCP-db4936d1d825ef34,3,4
2,SSCP-db5cf29716cfba76,3,4
2,SSCP-dbf4911c3ff0ce26,3,4
2,SSCP-dc2287bbe9be2120,3,4
2,SSCP-dc3a172314f87daf,3,4
2,SSCP-dc4451decca3aefa,3,4
2,SSCP-dc9574f6b7517ae6,3,4
2,SSCP-dcdcfc8788665b45,3,4
2,SSCP-dce0a238a97a3392,3,4
2,SSCP-dd0035f94e82de17,3,4
2,SSCP-dd2512660cd23c08,3,4
2,SSCP-dd3c5e4c427acd1b,3,4
2,SSCP-dd7ca205b237c93e,3,4
2,SSCP-dd9143de6f8523ac,3,4
2,SSCP-dd920214093718d7,3,4
2,SSCP-ddae6950ee46c9c7,3,4
2,SSCP-ddbe180cb70a2290,3,4
2,SSCP-ddd66a699f7042f5,3,4
2,SSCP-de2e08c17abc8756,3,4
2,SSCP-de41e6b2614386ad,3,4
2,SSCP-de5ab7194ac16cbb,3,4
2,SSCP-de658e974fafd528,3,4
2,SSCP-ded086162e58d146,3,4
2,SSCP-df0ac5d63c9ecfd7,3,4
2,SSCP-df1f6f1bad927f6a,3,4
2,SSCP-df3d2851bf05a706,3,4
2,SSCP-df49d83e0e0e7a69,3,4
2,SSCP-df9cd44eb978d25d,3,4
2,SSCP-dfc520db39fa9cd5,3,4
2,SSCP-dfddb0bed62f6c98,3,4
2,SSCP-dfe565870a857192,3,4
2,SSCP-dffaa5501840e570,3,4
2,SSCP-e00da93fbb394177,3,4
2,SSCP-e0146caefaa58336,3,4
2,SSCP-e07c35039fb62cf1,3,4
2,SSCP-e07d150e73aae5c8,3,4
2,SSCP-e086e445ca95e941,3,4
2,SSCP-e0a37bf253eeb79b,3,4
2,SSCP-e0c0c9a7c316729a,3,4
2,SSCP-e170e794621041bc,3,4
2,SSCP-e1be8eecd0758c3d,3,4
2,SSCP-e1fc03497c2542e5,3,4
2,SSCP-e28c37f9a979debd,3,4
2,SSCP-e2f8628fcea5bcbf,3,4
2,SSCP-e32722fb2b2a6519,3,4
2,SSCP-e350ae252fa847f1,3,4
2,SSCP-e4361de50f21be38,3,4
2,SSCP-e473d5adda38f4ce,3,4
2,SSCP-e482fe9e900a92b5,3,4
2,SSCP-e4964f2abbeba8e7,3,4
2,SSCP-e504e3cb19ceb117,3,4
2,SSCP-e52791b70a24d7d1,3,4
2,SSCP-e52d8cf1d0001707,3,4
2,SSCP-e53713ccae62b771,3,4
2,SSCP-e5bc90e83e0472bb,3,4
2,SSCP-e5e124634917ddb0,3,4
2,SSCP-e5fa9d6831093293,3,4
2,SSCP-e5fd0392c26dec78,3,4
2,SSCP-e621baddf9d0aa1e,3,4
2,SSCP-e6241479dd909b9c,3,4
2,SSCP-e627611c9b6aeba4,3,4
2,SSCP-e63196979eec2fff,3,4
2,SSCP-e6944f61f3e7b5c0,3,4
2,SSCP-e6c5219964bb92e3,3,4
2,SSCP-e6d996b9d1b84629,3,4
2,SSCP-e718a27d244f6f24,3,4
2,SSCP-e7523986bcd9cb09,3,4
2,SSCP-e756b20919011c6e,3,4
2,SSCP-e7b3c3f30b5ef459,3,4
2,SSCP-e7bba3546fe6f226,3,4
2,SSCP-e80e82ec664e097d,3,4
2,SSCP-e830a02156c889f1,3,4
2,SSCP-e89dd4b4b5c39dd3,3,4
2,SSCP-e9027f55a4378c69,3,4
2,SSCP-e929b12fed4495ce,3,4
2,SSCP-e92b0dc487c3507c,3,4
2,SSCP-e98f9717872c31c8,3,4
2,SSCP-e9aee796de3f16b8,3,4
2,SSCP-ea019b51b874bec7,3,4
2,SSCP-ea78c17d6510739a,3,4
2,SSCP-ea7ca91deac6154f,3,4
2,SSCP-ea8e2edef8c18103,3,4
2,SSCP-eacab584b9e832dc,3,4
2,SSCP-eae77cfbcfb28ea8,3,4
2,SSCP-eaed04f8ecf9beea,3,4
2,SSCP-eb0a83e384fcf105,3,4
2,SSCP-eb3ae41327f1b66b,3,4
2,SSCP-eb54b7c076eda1a4,3,4
2,SSCP-eb9e678e97f2eab1,3,4
2,SSCP-eba3aa358d1b1410,3,4
2,SSCP-ebda490c4256b52b,3,4
2,SSCP-ec2c5dde275d8769,3,4
2,SSCP-ec31679a58f660a1,3,4
2,SSCP-ecb5a069605a1719,3,4
2,SSCP-ecea21c29ebc39cd,3,4
2,SSCP-ecfcaceb944571a7,3,4
2,SSCP-ed72b0067d270e57,3,4
2,SSCP-ed8166faf05b7c59,3,4
2,SSCP-ed921128bd97a919,3,4
2,SSCP-edab51c1f1609956,3,4
2,SSCP-edbfa56ba4233653,3,4
2,SSCP-edd1d9b82d7bed21,3,4
2,SSCP-ede26c7e8acdbb6f,3,4
2,SSCP-ee02249232c502e7,3,4
2,SSCP-ee1a3abbe7b586b1,3,4
2,SSCP-ee38feb24a5cf2b2,3,4
2,SSCP-ee4da9e98f0d02ca,3,4
2,SSCP-ee5eccb8a2254c88,3,4
2,SSCP-ee7ae221e9a624c9,3,4
2,SSCP-ee9c3b3ffbfc80d6,3,4
2,SSCP-eedfdbaf90d702d9,3,4
2,SSCP-ef42516076c53c61,3,4
2,SSCP-ef4915bc6369fba0,3,4
2,SSCP-f04ccf4d279abb46,3,4
2,SSCP-f0b1e8f1e839dd19,3,4
2,SSCP-f0d1a17a6e5c4bc2,3,4
2,SSCP-f0e36f1804d3c3e9,3,4
2,SSCP-f14064207d4cc877,3,4
2,SSCP-f18d1465b941d1a7,3,4
2,SSCP-f19aee5670456402,3,4
2,SSCP-f1a2ac2c6b96b407,3,4
2,SSCP-f1b7621009b55865,3,4
2,SSCP-f1d49beeb0166014,3,4
2,SSCP-f1d4daaea9240ec7,3,4
2,SSCP-f228c1f261c7e525,3,4
2,SSCP-f24beae95f236cdb,3,4
2,SSCP-f31e9b483a3393de,3,4
2,SSCP-f3204d149be7e008,3,4
2,SSCP-f34feb52c26c9c61,3,4
2,SSCP-f3a50cbf78cb3e61,3,4
2,SSCP-f3a88b4b0caa9cac,3,4
2,SSCP-f3c2b8ac264e5316,3,4
2,SSCP-f3c7a592f5c3e013,3,4
2,SSCP-f3cae26c9cba6375,3,4
2,SSCP-f478b5e613fe8f27,3,4
2,SSCP-f48e7e7bbb41cd39,3,4
2,SSCP-f4b27d3f7b845d4a,3,4
2,SSCP-f4e55b501e8624c7,3,4
2,SSCP-f549da74be9ffadc,3,4
2,SSCP-f55cde32a831e71f,3,4
2,SSCP-f58f78bd36a39e56,3,4
2,SSCP-f595ea4364101471,3,4
2,SSCP-f5f128cd5e23306a,3,4
2,SSCP-f66b0eaf80f4c847,3,4
2,SSCP-f67f5a3029c8bb10,3,4
2,SSCP-f680b30e83c951be,3,4
2,SSCP-f682bb5c9871d953,3,4
2,SSCP-f6877187efd0505b,3,4
2,SSCP-f69e7540c4a98c90,3,4
2,SSCP-f6ae95b2e3de1a51,3,4
2,SSCP-f6b90ef5c321e4a2,3,4
2,SSCP-f6ceb0f9da6734d9,3,4
2,SSCP-f707e61e5783d0de,3,4
2,SSCP-f70dd8b4eea2557e,3,4
2,SSCP-f71840f1a7198f80,3,4
2,SSCP-f756603d1849722a,3,4
2,SSCP-f77d86cb9d54ea6f,3,4
2,SSCP-f7ac1b5da5b1a000,3,4
2,SSCP-f7d8aa1f9fa534db,3,4
2,SSCP-f7f08fbadc07e0c9,3,4
2,SSCP-f7f426af6eea6fb7,3,4
2,SSCP-f83c854f1663efd3,3,4
2,SSCP-f844ae05e69b0d85,3,4
2,SSCP-f85f125bb46df07a,3,4
2,SSCP-f88556e5d56cbda8,3,4
2,SSCP-f8902246fb89d425,3,4
2,SSCP-f8a63fecd8343901,3,4
2,SSCP-f8aced3489a6acd0,3,4
2,SSCP-f8b2e9e035c1cacf,3,4
2,SSCP-f8cc98dbcd227ad7,3,4
2,SSCP-f8f7a15bed98190c,3,4
2,SSCP-f9abd17f5762030f,3,4
2,SSCP-f9ae7fd0d9f43377,3,4
2,SSCP-f9f5d578ede9fc20,3,4
2,SSCP-fa66a1a8852d09ab,3,4
2,SSCP-fa6c3581351506e9,3,4
2,SSCP-fa849b09a53f8b80,3,4
2,SSCP-faa5ef120003cc81,3,4
2,SSCP-fb0211f8e3e0cf00,3,4
2,SSCP-fb271b8d2e1a1bb4,3,4
2,SSCP-fb6163d809fe2c85,3,4
2,SSCP-fb803af6c7960b05,3,4
2,SSCP-fb81fe31ce28d59e,3,4
2,SSCP-fbce4b7641e4a300,3,4
2,SSCP-fc059eb7b1196d71,3,4
2,SSCP-fc2fd179ff6dc3df,3,4
2,SSCP-fc54ee4c18bec4c5,3,4
2,SSCP-fc7493a9f8f0522f,3,4
2,SSCP-fcb98941771c5ba2,3,4
2,SSCP-fce8516877472c4d,3,4
2,SSCP-fd70e3c664a640e5,3,4
2,SSCP-fda21c75b8d5da75,3,4
2,SSCP-fdac4a49ab7a847e,3,4
2,SSCP-fde4475d0dcd8904,3,4
2,SSCP-fe3e6dab254bf12c,3,4
2,SSCP-fe8943c3d13216f0,3,4
2,SSCP-febd8a5c2314fbda,3,4
2,SSCP-ff40911a1ef8134c,3,4
2,SSCP-ff45d99a4d248c36,3,4
2,SSCP-ff4c44f55c26c6cf,3,4
2,SSCP-ffa54bca764709d6,3,4
2,SSCP-ffdcccb2614725bf,3,4
2,SSCP-fff8960c5a94e377,3,4
2,SSCP-fffb1bccdb873763,3,4
2,SSCP-000a8487e899bcf7,4,5
2,SSCP-007348f537c8cd4c,4,5
2,SSCP-00e6d7a813501019,4,5
2,SSCP-012a04013c75aeae,4,5
2,SSCP-0178084d0982157e,4,5
2,SSCP-0195d2c0149d8fbe,4,5
2,SSCP-01f3c1fb2225263f,4,5
2,SSCP-02a9240ec061d409,4,5
2,SSCP-03ef7e8421b15193,4,5
2,SSCP-0420624ef0aa5971,4,5
2,SSCP-045d41daeb6d46db,4,5
2,SSCP-046379d562230719,4,5
2,SSCP-0472de082a9451c8,4,5
2,SSCP-04ecbe67e4e29207,4,5
2,SSCP-052e7e14abe650a0,4,5
2,SSCP-056821a4fe54c29c,4,5
2,SSCP-0590a53afae2032c,4,5
2,SSCP-059f2a445638405e,4,5
2,SSCP-05bf366e069e42b5,4,5
2,SSCP-05d8dc068f3de20f,4,5
2,SSCP-05fe2a123398dfce,4,5
2,SSCP-0628fb7999339112,4,5
2,SSCP-0637149104dba432,4,5
2,SSCP-06875e0a7bc3b675,4,5
2,SSCP-06fdb414354a6559,4,5
2,SSCP-0776231342bc71de,4,5
2,SSCP-07b96e40456e1812,4,5
2,SSCP-07d538a3edeb9524,4,5
2,SSCP-0857e087716c11e2,4,5
2,SSCP-08b41f9853dc92ef,4,5
2,SSCP-095d741d63c4dc3b,4,5
2,SSCP-096c4e50e0d72c1c,4,5
2,SSCP-097d9a3fd3c1b4dd,4,5
2,SSCP-09c5bd0cfb48b18f,4,5
2,SSCP-09fef344e7d5b6fd,4,5
2,SSCP-0a07efacba4e847f,4,5
2,SSCP-0a24681204dae2bf,4,5
2,SSCP-0a3b8b3700b2a40f,4,5
2,SSCP-0a3bc1d9870db6af,4,5
2,SSCP-0a631805f3778369,4,5
2,SSCP-0aba96b3dfa8e09e,4,5
2,SSCP-0b2bd45f7ec78b87,4,5
2,SSCP-0b4f5b98e5659c9b,4,5
2,SSCP-0b650dcb3531e6d8,4,5
2,SSCP-0b86b22611e51d69,4,5
2,SSCP-0b88eab868b3ec52,4,5
2,SSCP-0ba034cc597940ad,4,5
2,SSCP-0ba7eda71d0b6576,4,5
2,SSCP-0c23108d96ee7a80,4,5
2,SSCP-0c63808ee37be37c,4,5
2,SSCP-0c7deba2c1bc39cf,4,5
2,SSCP-0d20de49fd557b9d,4,5
2,SSCP-0d72277ea37da3dd,4,5
2,SSCP-0dd195aaf68222f6,4,5
2,SSCP-0e243233d07cbc4a,4,5
2,SSCP-0e2f86d6e58157ce,4,5
2,SSCP-0e45fe7b2e0ad61a,4,5
2,SSCP-0e767c311bf19a07,4,5
2,SSCP-0e956b7fc189afb3,4,5
2,SSCP-0eb7d4a6c2758004,4,5
2,SSCP-0ecdb255f5eec3c9,4,5
2,SSCP-0ed4f68efc98a2d5,4,5
2,SSCP-0eeb161b93702a6b,4,5
2,SSCP-0f0f6c3ba262e105,4,5
2,SSCP-0f657fdb83f94d10,4,5
2,SSCP-0f8aef4dd9f311c9,4,5
2,SSCP-0f93670f5dc3d3fa,4,5
2,SSCP-0fa05d4c44a34de6,4,5
2,SSCP-0faa7be070dc080a,4,5
2,SSCP-0fd03ed3d87e1de1,4,5
2,SSCP-101a2287cff5ad90,4,5
2,SSCP-102dd3b66d500791,4,5
2,SSCP-1032695c720e3fbe,4,5
2,SSCP-10a0199f971cfb25,4,5
2,SSCP-10a54d2d885a594a,4,5
2,SSCP-10a74b4b70cd6f68,4,5
2,SSCP-11021d9b48ee8a2e,4,5
2,SSCP-112bd768ca7e0e95,4,5
2,SSCP-114a48b4784f71af,4,5
2,SSCP-119b9574e3bd25d1,4,5
2,SSCP-11b262b2cc0d97ca,4,5
2,SSCP-11e85fd72faf21cb,4,5
2,SSCP-123ce6847f4910ce,4,5
2,SSCP-129c38af1b9b2e91,4,5
2,SSCP-12c4af19e6b3d3fd,4,5
2,SSCP-12d1e0b6061e64ce,4,5
2,SSCP-12e7fc2d85e3f212,4,5
2,SSCP-12f05d2962130584,4,5
2,SSCP-12f930c47fabcecf,4,5
2,SSCP-13096096237cb762,4,5
2,SSCP-131b5d7979b7b83c,4,5
2,SSCP-1350f1660729dda3,4,5
2,SSCP-13cb2ce8d7db8f76,4,5
2,SSCP-1434d13fe352b634,4,5
2,SSCP-144308cbfca1e3e5,4,5
2,SSCP-147cd6a6f73603de,4,5
2,SSCP-148d7233cdef4cfd,4,5
2,SSCP-1495c8d62dcea1b0,4,5
2,SSCP-14b7a6415f9e5eed,4,5
2,SSCP-14be4520bef42260,4,5
2,SSCP-1508847564d3f1b5,4,5
2,SSCP-1559d803865ab3cf,4,5
2,SSCP-157b52429480b02f,4,5
2,SSCP-158432da82bc6b63,4,5
2,SSCP-158a371554e71f14,4,5
2,SSCP-15b78ba72a507bbc,4,5
2,SSCP-15c3c5c36da37c7e,4,5
2,SSCP-15c7c26c6b3f3a70,4,5
2,SSCP-1656e8697d948be1,4,5
2,SSCP-16682a56c0d2b428,4,5
2,SSCP-16688701c2be1cb6,4,5
2,SSCP-16a160642ae0a2e1,4,5
2,SSCP-16dbda1594790d6a,4,5
2,SSCP-17048ce5f13be66c,4,5
2,SSCP-1732036334502763,4,5
2,SSCP-177e52dbaa5cc103,4,5
2,SSCP-17d9605d5958d6a4,4,5
2,SSCP-18137560148a183a,4,5
2,SSCP-1827de14c8d4b523,4,5
2,SSCP-182aa0c3e9484626,4,5
2,SSCP-1856e278a6066d04,4,5
2,SSCP-187c7b1e2a7331ea,4,5
2,SSCP-18d997639226886d,4,5
2,SSCP-194dc0740ec1d415,4,5
2,SSCP-195df84fa8b16e4a,4,5
2,SSCP-1963a27df2adcaa1,4,5
2,SSCP-19698cbdb6ad2623,4,5
2,SSCP-199640d375def1fb,4,5
2,SSCP-19dfd3216b2de027,4,5
2,SSCP-19e4231d1da1f0b4,4,5
2,SSCP-19f9b96bae6ee55f,4,5
2,SSCP-1a2907a48a1ad9ef,4,5
2,SSCP-1a82836fa6d9b122,4,5
2,SSCP-1a898ee0242c4476,4,5
2,SSCP-1aa035f798c5acbe,4,5
2,SSCP-1aa5244b95b0e468,4,5
2,SSCP-1add889a9822e8e0,4,5
2,SSCP-1b1fbd497a01653d,4,5
2,SSCP-1b3c58d0f7beb081,4,5
2,SSCP-1b54aad93e1f5a79,4,5
2,SSCP-1b5d7eb8251cec3b,4,5
2,SSCP-1bc09a2a55ae07c8,4,5
2,SSCP-1bec4fbe5f08222d,4,5
2,SSCP-1c46f0d290a69dfe,4,5
2,SSCP-1c79bf59e457aeb2,4,5
2,SSCP-1c8cd3c32d783a26,4,5
2,SSCP-1cb9de1b65ac95f1,4,5
2,SSCP-1cc8179b3992e263,4,5
2,SSCP-1da2b070e4df8198,4,5
2,SSCP-1e63839bcca65d68,4,5
2,SSCP-1eb826f5ffcccc5f,4,5
2,SSCP-1ec70057bafdace8,4,5
2,SSCP-1efb80dc1d11fe23,4,5
2,SSCP-1f0d28b79b71b70d,4,5
2,SSCP-1f167b840dc6f7d8,4,5
2,SSCP-1f74204d2caea14a,4,5
2,SSCP-1f8d969126aecc77,4,5
2,SSCP-1f9366cc7254b1c7,4,5
2,SSCP-1ffbf190d67c5537,4,5
2,SSCP-1ffdb4ec5f881777,4,5
2,SSCP-2071af5408ad12b7,4,5
2,SSCP-208613386d693081,4,5
2,SSCP-209c26f7b402d310,4,5
2,SSCP-209ec38a00cab2bc,4,5
2,SSCP-21138e53decb5773,4,5
2,SSCP-21151fccfa01a7b9,4,5
2,SSCP-211881ba834a8812,4,5
2,SSCP-21238b34620d959b,4,5
2,SSCP-2126ae7343307a4f,4,5
2,SSCP-214052f473b487bf,4,5
2,SSCP-2143f36afdd1ab7f,4,5
2,SSCP-2167e9e45aa0e460,4,5
2,SSCP-21b17ba1eb901efe,4,5
2,SSCP-21cd951809751f89,4,5
2,SSCP-2221d68f25e09bde,4,5
2,SSCP-222693c5d2c2ace5,4,5
2,SSCP-22298ec3451d9ca9,4,5
2,SSCP-2263b8fc5cb3fb8d,4,5
2,SSCP-22c89ea2777d4e9b,4,5
2,SSCP-22d03a76581c2e45,4,5
2,SSCP-22f97cc58c0764f2,4,5
2,SSCP-230e8decd1a50b7a,4,5
2,SSCP-2338dc76fbe318c3,4,5
2,SSCP-2342b12270ecd3b0,4,5
2,SSCP-235e5760c48f565f,4,5
2,SSCP-23d0f7dba84e6719,4,5
2,SSCP-23eec8b90f8070b8,4,5
2,SSCP-244add395e6d79ed,4,5
2,SSCP-247fe1dfe4792cc0,4,5
2,SSCP-24825271c9e97bfd,4,5
2,SSCP-2491ef44d1a39e7e,4,5
2,SSCP-24bbd872a875f61c,4,5
2,SSCP-252773d85b72ae6a,4,5
2,SSCP-253352bdd363ad14,4,5
2,SSCP-253baa2fcc363fb5,4,5
2,SSCP-2602db4ec319e199,4,5
2,SSCP-2608f736bc5126bd,4,5
2,SSCP-261d9a5e40117a5d,4,5
2,SSCP-262672854eabff8a,4,5
2,SSCP-2661382902887702,4,5
2,SSCP-269934391700578c,4,5
2,SSCP-26b5aa987c0c0fae,4,5
2,SSCP-26dc33af81d76cc2,4,5
2,SSCP-26e09f60bf94274b,4,5
2,SSCP-26fa47761fd002ca,4,5
2,SSCP-271e181ea0283a84,4,5
2,SSCP-27389493c13f326b,4,5
2,SSCP-274168de359f8b2b,4,5
2,SSCP-275380981594e871,4,5
2,SSCP-275a56ad9554c034,4,5
2,SSCP-276bcc8bd56a32fb,4,5
2,SSCP-27a30cff7573feae,4,5
2,SSCP-27d33ef32bbcc06e,4,5
2,SSCP-27d502ea762ad20b,4,5
2,SSCP-27da00534c8ba96a,4,5
2,SSCP-27eb3554c4eda60a,4,5
2,SSCP-2805d818397133d3,4,5
2,SSCP-280e494611178cc1,4,5
2,SSCP-28329eeae2a0bd0f,4,5
2,SSCP-287b3f41e3323074,4,5
2,SSCP-28c8731be918f22c,4,5
2,SSCP-28d772a64cffbba7,4,5
2,SSCP-28dfe6429dd7ee2c,4,5
2,SSCP-29130527bb629d83,4,5
2,SSCP-29a2b41fae6d83c0,4,5
2,SSCP-29ac37051bd9af5c,4,5
2,SSCP-2a6bc45d082bc47f,4,5
2,SSCP-2a7808d8f7b00f64,4,5
2,SSCP-2ae6b7eb5c7aae57,4,5
2,SSCP-2b1a5d0644bc0388,4,5
2,SSCP-2b3a9612df80fbdc,4,5
2,SSCP-2b5badc6fc08abc1,4,5
2,SSCP-2b63ffcaa25b3f3c,4,5
2,SSCP-2bfdc7d2e5cd7d70,4,5
2,SSCP-2c89717179d040ba,4,5
2,SSCP-2ca8c4de23324d9d,4,5
2,SSCP-2cecc99a05883e94,4,5
2,SSCP-2d55dce805613683,4,5
2,SSCP-2d6e6ff476e7accf,4,5
2,SSCP-2d742561cd05685d,4,5
2,SSCP-2d7a501fcc63366b,4,5
2,SSCP-2d9e7fc936e02bb1,4,5
2,SSCP-2dc593fd1b26b8c9,4,5
2,SSCP-2dcc1b7c22914743,4,5
2,SSCP-2e63bb5c172a8ce7,4,5
2,SSCP-2e95325015b53757,4,5
2,SSCP-2ed32d464d39e7f8,4,5
2,SSCP-2ef24368d17ee119,4,5
2,SSCP-2efa3dc5edc42915,4,5
2,SSCP-2f3130ed4bc1ae73,4,5
2,SSCP-2f6b32872458678d,4,5
2,SSCP-2fa6a6c911f02949,4,5
2,SSCP-2fb474b8823d0971,4,5
2,SSCP-2fbac43748bf9954,4,5
2,SSCP-3005a16b2fff6a15,4,5
2,SSCP-3035323b4a813863,4,5
2,SSCP-30b08524d94c9200,4,5
2,SSCP-30d087696e1475e3,4,5
2,SSCP-30fc56db15b0a04e,4,5
2,SSCP-313799747320c4f1,4,5
2,SSCP-315d69aba674efd0,4,5
2,SSCP-3176e61b89ee1b91,4,5
2,SSCP-31ddc31bafcacc86,4,5
2,SSCP-31ef99f32e580589,4,5
2,SSCP-32105c3f12f92f5b,4,5
2,SSCP-32359cba8fc72bd3,4,5
2,SSCP-323ab0bc177d428c,4,5
2,SSCP-326bf32a8abd9221,4,5
2,SSCP-32759f359a99fe16,4,5
2,SSCP-329b71999461e9ea,4,5
2,SSCP-32adfebda70c5e4e,4,5
2,SSCP-330cf5c2e70abe25,4,5
2,SSCP-339693bf35df21b8,4,5
2,SSCP-33f7e68cf8ae94fb,4,5
2,SSCP-341228b4d5eee3b0,4,5
2,SSCP-34296176fe1a5e40,4,5
2,SSCP-34454abe4c8fcba7,4,5
2,SSCP-35f1517c4f1f069b,4,5
2,SSCP-35fecc5040916b5a,4,5
2,SSCP-3645fc5e1f6ea090,4,5
2,SSCP-369a256163ac5314,4,5
2,SSCP-3704f22caef55951,4,5
2,SSCP-3705c319711049a6,4,5
2,SSCP-372f2fedcc2930ff,4,5
2,SSCP-3784b8b98a0afcb0,4,5
2,SSCP-37a23ea3bf1a457d,4,5
2,SSCP-37b049cecc9b4de5,4,5
2,SSCP-37e25334288a6f48,4,5
2,SSCP-37ed0dd70944751f,4,5
2,SSCP-37eef880bf9e20ef,4,5
2,SSCP-386f108ce2dd4cb8,4,5
2,SSCP-3874367417008673,4,5
2,SSCP-388d5b0879594714,4,5
2,SSCP-38e800b856223d0c,4,5
2,SSCP-39a57b5281b86a53,4,5
2,SSCP-39abad56461551d2,4,5
2,SSCP-39e13e8223888b10,4,5
2,SSCP-3a08e589cb1212af,4,5
2,SSCP-3a453fa32b6952d1,4,5
2,SSCP-3a65a6cb70432122,4,5
2,SSCP-3ad1723078d06d7c,4,5
2,SSCP-3ad3cd5b9a36410c,4,5
2,SSCP-3b2cd1d1482cad9f,4,5
2,SSCP-3b6ddeea41acdd11,4,5
2,SSCP-3b9c8e89274a3d57,4,5
2,SSCP-3bb56fe49492bffb,4,5
2,SSCP-3bdc59bd8f8fc7d5,4,5
2,SSCP-3c1c8bb37b53625a,4,5
2,SSCP-3c34893cc90898cc,4,5
2,SSCP-3c5e4401714b9812,4,5
2,SSCP-3cabb3058d3ab869,4,5
2,SSCP-3d41c31391d3a1e8,4,5
2,SSCP-3df7609591ff289c,4,5
2,SSCP-3e414ded84606bf8,4,5
2,SSCP-3e7aa53bdb2cd879,4,5
2,SSCP-3e91900a319c598d,4,5
2,SSCP-3e99639f52edc458,4,5
2,SSCP-3e9fdddbb44d4202,4,5
2,SSCP-3ee384005f22208c,4,5
2,SSCP-3f05651c7e6a4417,4,5
2,SSCP-3f64a5eb309880da,4,5
2,SSCP-3fa77592229bde74,4,5
2,SSCP-400247b4b92fa930,4,5
2,SSCP-40196bdfa9668283,4,5
2,SSCP-4026f878f72b5f26,4,5
2,SSCP-405e33ec95790432,4,5
2,SSCP-415cfcb196fb13c1,4,5
2,SSCP-418bed398b4292c7,4,5
2,SSCP-41a984b3b48c35ec,4,5
2,SSCP-41d6081694c7e00e,4,5
2,SSCP-41e663561180009c,4,5
2,SSCP-42355c8d90c78c45,4,5
2,SSCP-42d0168719f4ca76,4,5
2,SSCP-42d3177ef418c584,4,5
2,SSCP-431860e6387e2c74,4,5
2,SSCP-43306c8295893bd0,4,5
2,SSCP-4360ec8effdcd383,4,5
2,SSCP-437268e8d1e3511c,4,5
2,SSCP-43802487365f4f1c,4,5
2,SSCP-43e3ecaa0d6d10f5,4,5
2,SSCP-43faf9da4a22c3a2,4,5
2,SSCP-440672dc6770aee7,4,5
2,SSCP-44d1f854ec7e0776,4,5
2,SSCP-44e9769318b1b045,4,5
2,SSCP-452228a7a8d73b8d,4,5
2,SSCP-4560c0dfd38315fd,4,5
2,SSCP-457da9fdb9bc0c37,4,5
2,SSCP-45c52364343205a9,4,5
2,SSCP-461056b66222bc05,4,5
2,SSCP-463a48ba30f26b22,4,5
2,SSCP-464bfdcd2ddfa3af,4,5
2,SSCP-466086d3c4137939,4,5
2,SSCP-46cdb6bfdac5ce90,4,5
2,SSCP-46d69aa1f635fc04,4,5
2,SSCP-46da2cb3259e9ebb,4,5
2,SSCP-47311ad5ebd7e685,4,5
2,SSCP-474ec6e17ae786ce,4,5
2,SSCP-4751967b5e948fdd,4,5
2,SSCP-47bceeb5ec45085b,4,5
2,SSCP-483069868617c329,4,5
2,SSCP-4864890b8c3d29d3,4,5
2,SSCP-4883df9b49561b8d,4,5
2,SSCP-48895c15ec7caa7c,4,5
2,SSCP-48b14b212b1deb6b,4,5
2,SSCP-48df8ff7d5a5a153,4,5
2,SSCP-48eb032b2699e755,4,5
2,SSCP-48ef18bcad775f4c,4,5
2,SSCP-48fd3db342334cb2,4,5
2,SSCP-49044fc132d69a36,4,5
2,SSCP-494b683b55446df0,4,5
2,SSCP-49516ed74be7e212,4,5
2,SSCP-49bcd950c69085e4,4,5
2,SSCP-49e241d17209b471,4,5
2,SSCP-49ee8f86f611a55b,4,5
2,SSCP-49fb2d2785328899,4,5
2,SSCP-4a62ce6d07bb5dda,4,5
2,SSCP-4aa385b3816ede41,4,5
2,SSCP-4aab0c698e5ff887,4,5
2,SSCP-4ae43dad9087f8d7,4,5
2,SSCP-4b031ff032196b75,4,5
2,SSCP-4b12f74c7c41ede5,4,5
2,SSCP-4b410ac397262ae6,4,5
2,SSCP-4b823e05acf82e3f,4,5
2,SSCP-4b97acbffaec6aeb,4,5
2,SSCP-4c12c684c6ccd357,4,5
2,SSCP-4c2114c8424aa6f4,4,5
2,SSCP-4ca6d2c6738f82d7,4,5
2,SSCP-4caaf492134f90ea,4,5
2,SSCP-4ce17de81212f681,4,5
2,SSCP-4d063e9a5f27989f,4,5
2,SSCP-4d2081071953accb,4,5
2,SSCP-4d721467b4ef3aaa,4,5
2,SSCP-4d8142a46bc59c4d,4,5
2,SSCP-4d84bbe15d357ee0,4,5
2,SSCP-4da7a29b9727d7c2,4,5
2,SSCP-4dab09122ebea75d,4,5
2,SSCP-4ddc72d6c07b0403,4,5
2,SSCP-4e0545d0404d2f11,4,5
2,SSCP-4e3358b8eb61c9c4,4,5
2,SSCP-4e5582a6aa4fc6c2,4,5
2,SSCP-4eaf05eb65c6056c,4,5
2,SSCP-4f4dbb75b8643656,4,5
2,SSCP-4f6bf77c46c230c1,4,5
2,SSCP-4f807c108abdc2fb,4,5
2,SSCP-4fb0f43c8a15f60e,4,5
2,SSCP-4fb269295acdfe86,4,5
2,SSCP-4fc9042246c66758,4,5
2,SSCP-5004bf60903ab12c,4,5
2,SSCP-5051c14968bb6229,4,5
2,SSCP-506056a6dd93d211,4,5
2,SSCP-508ed943452a57c1,4,5
2,SSCP-50b0fb9a6e133dd5,4,5
2,SSCP-50dc292758f67529,4,5
2,SSCP-515bba62b2c4e272,4,5
2,SSCP-516b382936727bf4,4,5
2,SSCP-51de1d38f5c24825,4,5
2,SSCP-51eac6b95c73df06,4,5
2,SSCP-51f0114d0c2d42d3,4,5
2,SSCP-530c4bafbdaf78df,4,5
2,SSCP-531e49bd013a4185,4,5
2,SSCP-5336768e0a0733e6,4,5
2,SSCP-534b0e2075ea9b4a,4,5
2,SSCP-53765197110d7c42,4,5
2,SSCP-53e9ba0dcc44c7ab,4,5
2,SSCP-5412ce3ce6cafbd7,4,5
2,SSCP-541ad98f362df99c,4,5
2,SSCP-542679e257223de6,4,5
2,SSCP-543069be1cafd0e9,4,5
2,SSCP-543e04626ba18aad,4,5
2,SSCP-546ec343d0340ce9,4,5
2,SSCP-54b6b1a7d73ab40e,4,5
2,SSCP-54be08e588e1ba33,4,5
2,SSCP-54da73c4a8b8ff35,4,5
2,SSCP-54e16d1f1e66ce8b,4,5
2,SSCP-553d2106b50b4c5a,4,5
2,SSCP-5570df2f4c7866e9,4,5
2,SSCP-5572d4dc92f662bc,4,5
2,SSCP-558004fad87b20a4,4,5
2,SSCP-55b5999781d224cf,4,5
2,SSCP-55c1f363a76ab7d3,4,5
2,SSCP-55decc3a0af9417d,4,5
2,SSCP-569789a7b642526a,4,5
2,SSCP-56a90d40d596437c,4,5
2,SSCP-56f1ca0e26714339,4,5
2,SSCP-57053cfe11f91cea,4,5
2,SSCP-5757811292c53893,4,5
2,SSCP-57ab6282f7092fb8,4,5
2,SSCP-57b22fe0d151727b,4,5
2,SSCP-57cc0a1b512a3a03,4,5
2,SSCP-57e8b0cfe9d43dd1,4,5
2,SSCP-5804529825a9f2e3,4,5
2,SSCP-580559549124cd38,4,5
2,SSCP-58230e43e72ba347,4,5
2,SSCP-58b6f12e814c2487,4,5
2,SSCP-58e253e49db57b51,4,5
2,SSCP-5905e55f40c5606f,4,5
2,SSCP-59fc706772f8e6ca,4,5
2,SSCP-5a47a71edb04b537,4,5
2,SSCP-5ab591a503159e72,4,5
2,SSCP-5abbda2936b9315e,4,5
2,SSCP-5ac1b0f875737c4c,4,5
2,SSCP-5ae41fe25937c803,4,5
2,SSCP-5afe603c0db3f894,4,5
2,SSCP-5baa6e4b70e0752b,4,5
2,SSCP-5c0d3a7cc0c41f49,4,5
2,SSCP-5c323646440ddd27,4,5
2,SSCP-5c4e032279f8dd14,4,5
2,SSCP-5c625e1c356673de,4,5
2,SSCP-5c9f6645fc6f0572,4,5
2,SSCP-5cb131f0ab7a0484,4,5
2,SSCP-5ce426975532a744,4,5
2,SSCP-5d2a65cf16aa2172,4,5
2,SSCP-5d73be0d677fbb17,4,5
2,SSCP-5d763337fb01aeff,4,5
2,SSCP-5d7a26d81b0a5456,4,5
2,SSCP-5e4cb428805fcd32,4,5
2,SSCP-5eaed177af9078f0,4,5
2,SSCP-5eb7a09b83f44039,4,5
2,SSCP-5ed9b6d199685c34,4,5
2,SSCP-5f22be2a68d5d005,4,5
2,SSCP-5f2b61ef60e2058d,4,5
2,SSCP-5f54404742af814b,4,5
2,SSCP-5fcb807ff6b26a83,4,5
2,SSCP-5fdcc3c5adbc2940,4,5
2,SSCP-5ffce261366cf706,4,5
2,SSCP-600e1364263c71f0,4,5
2,SSCP-602d68b6ed725055,4,5
2,SSCP-6034c0bae76ae84c,4,5
2,SSCP-604e5c3fa9bcf3bf,4,5
2,SSCP-60a85537d4556725,4,5
2,SSCP-60dbc5a97b8de07a,4,5
2,SSCP-60fe2b4dab710abd,4,5
2,SSCP-61820f92c5133ca0,4,5
2,SSCP-61bbc0abf2946e17,4,5
2,SSCP-61de5345a4537c0d,4,5
2,SSCP-6211af663f17a94c,4,5
2,SSCP-6237683eeb8c9922,4,5
2,SSCP-624ad8832ec0ee27,4,5
2,SSCP-6252d43187d67efb,4,5
2,SSCP-62836763b92ba7cc,4,5
2,SSCP-6288324ec0ec552a,4,5
2,SSCP-62e30df976813aee,4,5
2,SSCP-6320810e6ff83dd6,4,5
2,SSCP-63481d7bd286232a,4,5
2,SSCP-63545826f07a253c,4,5
2,SSCP-63879d642b80250b,4,5
2,SSCP-638b4ea5a57d7bac,4,5
2,SSCP-63a14adabc14c7cf,4,5
2,SSCP-63a26bdc2af4cd26,4,5
2,SSCP-63af43990739f5a5,4,5
2,SSCP-63b378490b58d4c8,4,5
2,SSCP-63f3de8d7cd8eddd,4,5
2,SSCP-644ad211c1219554,4,5
2,SSCP-645f1165c64e5a6b,4,5
2,SSCP-64aad4c0177d79c1,4,5
2,SSCP-65190655ed61d975,4,5
2,SSCP-656970636682393b,4,5
2,SSCP-65883bf3a6f95637,4,5
2,SSCP-65c60471a443152b,4,5
2,SSCP-6630a5c4e4c1f29f,4,5
2,SSCP-66420910d7b0de3e,4,5
2,SSCP-668162a9dc5d5521,4,5
2,SSCP-668205a81fb093b8,4,5
2,SSCP-66c208e5267d0861,4,5
2,SSCP-66ce401a42f9803a,4,5
2,SSCP-67028a47e680cd2d,4,5
2,SSCP-67206e0416f18044,4,5
2,SSCP-6735ae1d9a33797c,4,5
2,SSCP-677dc49ade059e75,4,5
2,SSCP-679a41a04c44933e,4,5
2,SSCP-67bfd0371c44f9b1,4,5
2,SSCP-67c540fa78e3fbe5,4,5
2,SSCP-67dd5b00654a7206,4,5
2,SSCP-680074bc41edc63d,4,5
2,SSCP-685ca0d417ffb984,4,5
2,SSCP-68ebca60c771370c,4,5
2,SSCP-68f5956e58c892e1,4,5
2,SSCP-6903113ef7186ea4,4,5
2,SSCP-694a69f174dc0bf6,4,5
2,SSCP-695d57c8b3247548,4,5
2,SSCP-695d6daed5428ad7,4,5
2,SSCP-6989eee6f4185234,4,5
2,SSCP-6996c2f34449f49e,4,5
2,SSCP-69c506a158913490,4,5
2,SSCP-69d620c8cb80f674,4,5
2,SSCP-69ee34f7283207db,4,5
2,SSCP-69f8c976638f535b,4,5
2,SSCP-6a038de9f3dca339,4,5
2,SSCP-6a38103d43be7ca7,4,5
2,SSCP-6a433f5275534a5d,4,5
2,SSCP-6a7c7000f2f4f27b,4,5
2,SSCP-6abbd9027894d469,4,5
2,SSCP-6ad339dadbf4c4ce,4,5
2,SSCP-6adecf10d4a7c33b,4,5
2,SSCP-6b1d63b112e8f94a,4,5
2,SSCP-6b64dcec73030e93,4,5
2,SSCP-6bf26fdacdc151b3,4,5
2,SSCP-6bfaa7cd6eb4e04d,4,5
2,SSCP-6c13eb417c31d1f8,4,5
2,SSCP-6c1b479516f51e1c,4,5
2,SSCP-6c347c54e9c2205e,4,5
2,SSCP-6c487d6abcc20ff4,4,5
2,SSCP-6c5210328f40e295,4,5
2,SSCP-6ca41950af157a59,4,5
2,SSCP-6ccd36b606e18710,4,5
2,SSCP-6ce29fc22f15b62e,4,5
2,SSCP-6cf71bfdc0336846,4,5
2,SSCP-6d37710ba9123abc,4,5
2,SSCP-6d3a839072f16fe4,4,5
2,SSCP-6e0811efcb93a7c1,4,5
2,SSCP-6e366e1142df3ac6,4,5
2,SSCP-6e3debcf0b8c3502,4,5
2,SSCP-6e6b7e6cf09dbf4a,4,5
2,SSCP-6e7c126163be3ea3,4,5
2,SSCP-6e92fdf57d518a1a,4,5
2,SSCP-6eb094137af49065,4,5
2,SSCP-6ec90c3a28200df1,4,5
2,SSCP-6ed26ee574ecdee9,4,5
2,SSCP-6eeb611216672c17,4,5
2,SSCP-6f8307c0737adad3,4,5
2,SSCP-6fddbdbe6776cf49,4,5
2,SSCP-70072ad93b7723ba,4,5
2,SSCP-701aac927d5ef746,4,5
2,SSCP-71965552fda4da58,4,5
2,SSCP-71be7e58fc31d370,4,5
2,SSCP-71cd2fa1eab1a879,4,5
2,SSCP-71f03f7c17fb6c11,4,5
2,SSCP-71f9827faa8589b6,4,5
2,SSCP-7250d13d86b65730,4,5
2,SSCP-72876c69663c797d,4,5
2,SSCP-72bffac3b9a097f8,4,5
2,SSCP-72d9d9484668afb4,4,5
2,SSCP-72f0601065255acd,4,5
2,SSCP-730897d916bd0812,4,5
2,SSCP-735ea39b644ac7c1,4,5
2,SSCP-73796a4dedb92fb0,4,5
2,SSCP-73f540eb3028e168,4,5
2,SSCP-7463a00690fe4f96,4,5
2,SSCP-747f9efea998c639,4,5
2,SSCP-7507ee004a618f50,4,5
2,SSCP-759b19801e9fea63,4,5
2,SSCP-75f3b5ff238bd255,4,5
2,SSCP-760a34cce75aea2e,4,5
2,SSCP-7649cbff27500885,4,5
2,SSCP-76607ff138816b5b,4,5
2,SSCP-773b8a7a703e454a,4,5
2,SSCP-77978de896525b7d,4,5
2,SSCP-77cf8fba08575b66,4,5
2,SSCP-782cd86c44b83f1a,4,5
2,SSCP-7869d20a5ab9d8c4,4,5
2,SSCP-78757f7f5da86923,4,5
2,SSCP-78cf44cd5f214a05,4,5
2,SSCP-791a1cc56432f3f3,4,5
2,SSCP-7975c96bf80e6dcd,4,5
2,SSCP-79d379aec6b18e8c,4,5
2,SSCP-79d7c8115ec1c4cd,4,5
2,SSCP-79dfd95c1075c538,4,5
2,SSCP-79f4f156e510ea0a,4,5
2,SSCP-79ff368783c89ed4,4,5
2,SSCP-7a466691779f07d2,4,5
2,SSCP-7a4a34e0bd71d554,4,5
2,SSCP-7a730c981783f48b,4,5
2,SSCP-7b00406ff9b8beaa,4,5
2,SSCP-7b496a4ac798c460,4,5
2,SSCP-7b88b8a0d179b517,4,5
2,SSCP-7bae662f454353a4,4,5
2,SSCP-7bb2d0926e1be4a6,4,5
2,SSCP-7bd4a183913de1cb,4,5
2,SSCP-7c22c33bce3c2707,4,5
2,SSCP-7c34b9159dbe88c0,4,5
2,SSCP-7c76808d2e408f41,4,5
2,SSCP-7cacadee0c6da439,4,5
2,SSCP-7cae71e06ea65222,4,5
2,SSCP-7cbfc94458265710,4,5
2,SSCP-7d62cc90804f9a80,4,5
2,SSCP-7d7ffd4ca621e463,4,5
2,SSCP-7da3beaf7e43fc43,4,5
2,SSCP-7dac788d556cd0c0,4,5
2,SSCP-7dcf924540e870fb,4,5
2,SSCP-7dd1104229e60137,4,5
2,SSCP-7df9b10a25f791fe,4,5
2,SSCP-7e0bbfcdf69ae09e,4,5
2,SSCP-7e4f6d2a681ec29d,4,5
2,SSCP-7e945160cbde7280,4,5
2,SSCP-7f0472bfd11bf610,4,5
2,SSCP-7f175a8657fa1189,4,5
2,SSCP-7f1a5fe2cfee21a6,4,5
2,SSCP-7f5c5e0f093d9ba5,4,5
2,SSCP-7f9babc31954aa79,4,5
2,SSCP-7fc3206279147160,4,5
2,SSCP-80286c9e113164a7,4,5
2,SSCP-803dab4f1e602d43,4,5
2,SSCP-803f18553b7b5ceb,4,5
2,SSCP-8062d18166215ae1,4,5
2,SSCP-80fc18e990d36efe,4,5
2,SSCP-8105fbe079e3e0a0,4,5
2,SSCP-8106b3436dd50b2d,4,5
2,SSCP-81117a0818e69a95,4,5
2,SSCP-814c742a99ee3845,4,5
2,SSCP-8176c7c298495a7b,4,5
2,SSCP-819d575d4a95d972,4,5
2,SSCP-81b4d74e71f12f29,4,5
2,SSCP-81d4de7a65cb4aa9,4,5
2,SSCP-81d8441dee7b2a1e,4,5
2,SSCP-82192fcc1c7c228b,4,5
2,SSCP-82305a7f47b8a40d,4,5
2,SSCP-82657726b5f4193e,4,5
2,SSCP-828752fc906b5b2c,4,5
2,SSCP-82f41918d880dbe9,4,5
2,SSCP-8307fa91f3230b79,4,5
2,SSCP-830e6d385e7db2e8,4,5
2,SSCP-83380b0ae1b1e651,4,5
2,SSCP-833ce15527025e2e,4,5
2,SSCP-83553f5dcf3f7bc0,4,5
2,SSCP-8390c3fd94597ef4,4,5
2,SSCP-8427d9ee81ec29e2,4,5
2,SSCP-843c48d59cc7ea7f,4,5
2,SSCP-845d187cfaf5b5f9,4,5
2,SSCP-84715b65e8c6b7c0,4,5
2,SSCP-8472a4416c791108,4,5
2,SSCP-848d8acee7c34e68,4,5
2,SSCP-84bd431d1454dcf0,4,5
2,SSCP-84ca365c21fd6e5d,4,5
2,SSCP-84fc4c886b7af9c3,4,5
2,SSCP-85050a5894d7ed64,4,5
2,SSCP-851979d3ccbaccb8,4,5
2,SSCP-85466f2ff876b9e7,4,5
2,SSCP-856d54703b18427e,4,5
2,SSCP-8577662420b128a4,4,5
2,SSCP-859cf4538b8bdb9f,4,5
2,SSCP-85bb9e1215366390,4,5
2,SSCP-8610a1f62738ac35,4,5
2,SSCP-862c3d04abec1547,4,5
2,SSCP-86531669b453e409,4,5
2,SSCP-866cc5a350fc1d7f,4,5
2,SSCP-867daf5c6afd5b96,4,5
2,SSCP-8698f4adecc0f229,4,5
2,SSCP-86aabcf52803ab95,4,5
2,SSCP-86ac29496b40956c,4,5
2,SSCP-86cdf2a097269c09,4,5
2,SSCP-871fb0a38b064656,4,5
2,SSCP-877a83c383d4126a,4,5
2,SSCP-8783dceed0268a32,4,5
2,SSCP-881a6a0c47a69cb6,4,5
2,SSCP-88335733d679f94e,4,5
2,SSCP-883d9258eb092c7a,4,5
2,SSCP-8893c9ff0c79e99f,4,5
2,SSCP-88df2d8e92c7a154,4,5
2,SSCP-892a55d4cf6e321d,4,5
2,SSCP-8944f813d63bd2d2,4,5
2,SSCP-894c5eaba060f2ec,4,5
2,SSCP-89b03779599d1b7f,4,5
2,SSCP-89ca81a76223460c,4,5
2,SSCP-89d4bc25da90db31,4,5
2,SSCP-8a125927a406e2f8,4,5
2,SSCP-8b2ddd8dc80fe90f,4,5
2,SSCP-8b5fe5d5a19a3975,4,5
2,SSCP-8b667005f82aa22d,4,5
2,SSCP-8b77ea9adf5c9dee,4,5
2,SSCP-8b91e1142cb23927,4,5
2,SSCP-8bde97d1fb536da7,4,5
2,SSCP-8be5b9c5ed1b32ac,4,5
2,SSCP-8bf7f68301aea624,4,5
2,SSCP-8c04cbfdc8351880,4,5
2,SSCP-8c4fbf47275b83db,4,5
2,SSCP-8c8fe662c046c212,4,5
2,SSCP-8c9513230a2bf4d2,4,5
2,SSCP-8cac6e2e949fa46d,4,5
2,SSCP-8cb2baffd0cea5a6,4,5
2,SSCP-8cf346c312708524,4,5
2,SSCP-8d37dde5999b7c92,4,5
2,SSCP-8d58b948f6bbe67d,4,5
2,SSCP-8d5e3bbc2b7a0aef,4,5
2,SSCP-8d6211175c5ec7c9,4,5
2,SSCP-8d8d2e5dc17651ef,4,5
2,SSCP-8d9036cd47b60c77,4,5
2,SSCP-8db6e684d1ad617d,4,5
2,SSCP-8dba166665ec97de,4,5
2,SSCP-8dce5b95fa66f164,4,5
2,SSCP-8e386227356e854f,4,5
2,SSCP-8e3bb2cebf14a700,4,5
2,SSCP-8e606ced5cbaa26b,4,5
2,SSCP-8ed3a4571b8d0579,4,5
2,SSCP-8f3ce1b3814ad26f,4,5
2,SSCP-8f4fbf4f6666b680,4,5
2,SSCP-8f5e309802dd3d1a,4,5
2,SSCP-8f6cd77689c64b1b,4,5
2,SSCP-8f91ab64982e33de,4,5
2,SSCP-8fcb8f79c721b2d0,4,5
2,SSCP-8fdfb01217b5683e,4,5
2,SSCP-8fe286a9345df78a,4,5
2,SSCP-909e755eae26a46f,4,5
2,SSCP-909f9a58145e8910,4,5
2,SSCP-90b08133327889e3,4,5
2,SSCP-90b16342f4b95766,4,5
2,SSCP-90f1afccabab3f59,4,5
2,SSCP-91137d7d94c5abb9,4,5
2,SSCP-9115aa4b9d3f97bb,4,5
2,SSCP-91267085e4d3e4e4,4,5
2,SSCP-91493ae1326dd96c,4,5
2,SSCP-917e50c0fbd76e69,4,5
2,SSCP-91e58abc9dbe0bdf,4,5
2,SSCP-91f3f99696730eb4,4,5
2,SSCP-920e73914be6f0c5,4,5
2,SSCP-926b6a0d28b118da,4,5
2,SSCP-92910a3f26602b59,4,5
2,SSCP-92931fd1b78fb6cb,4,5
2,SSCP-92b167a2eb442d92,4,5
2,SSCP-935c3a30cb943a7e,4,5
2,SSCP-93784ed5e20b6f81,4,5
2,SSCP-937c9d831e6a1867,4,5
2,SSCP-93a222312db5e1d4,4,5
2,SSCP-93bb1a7ffeb5089b,4,5
2,SSCP-93f238cd33485e2c,4,5
2,SSCP-9419bc7e8790dc84,4,5
2,SSCP-94546c34ed096fc9,4,5
2,SSCP-94671873968fa25b,4,5
2,SSCP-9540bd330b899da5,4,5
2,SSCP-95532d31755bd34f,4,5
2,SSCP-958427c8bf987391,4,5
2,SSCP-95a4476f2e5dd498,4,5
2,SSCP-95a8da2ca0a06ddb,4,5
2,SSCP-95c5b380564969b9,4,5
2,SSCP-95f366fc8ff9e9cc,4,5
2,SSCP-96a68395b9785feb,4,5
2,SSCP-96e0a831c235fbc9,4,5
2,SSCP-97328b3c98af6e72,4,5
2,SSCP-976a3ad2905d00e2,4,5
2,SSCP-9770bfd0d5b8b00d,4,5
2,SSCP-97cdfd09f3ab473a,4,5
2,SSCP-9826bc560a311b83,4,5
2,SSCP-9857fb1aa409359d,4,5
2,SSCP-985b6cc5677edf12,4,5
2,SSCP-98cb91d427852af8,4,5
2,SSCP-98e6182d0d85d5f8,4,5
2,SSCP-98e85f7d84882825,4,5
2,SSCP-98e88cdbd05fc53a,4,5
2,SSCP-98e89a1fadb80106,4,5
2,SSCP-98f7d382134eeae9,4,5
2,SSCP-990c7e6d17e6865a,4,5
2,SSCP-9955317ffed41430,4,5
2,SSCP-9963a08c7de707af,4,5
2,SSCP-99d23d528e99440b,4,5
2,SSCP-99e3a68dae410219,4,5
2,SSCP-99e60c3cabef6a39,4,5
2,SSCP-99fb90f835370633,4,5
2,SSCP-9a8d1d5686a38003,4,5
2,SSCP-9ab4c67139390a1e,4,5
2,SSCP-9adc52496d28f135,4,5
2,SSCP-9b2c4ebf6b9e4f47,4,5
2,SSCP-9b6dc076574429da,4,5
2,SSCP-9b89f3788fea1ea6,4,5
2,SSCP-9bba30b839c02c41,4,5
2,SSCP-9c4fd0359f495b48,4,5
2,SSCP-9cb04b62b7b27c4c,4,5
2,SSCP-9cbb7d44c6af67d3,4,5
2,SSCP-9cbfe209c29e8aff,4,5
2,SSCP-9cdfc5488e3460a4,4,5
2,SSCP-9d1357722509250a,4,5
2,SSCP-9d183cfffd4d18be,4,5
2,SSCP-9d39818783ff5b79,4,5
2,SSCP-9d96637344ef986f,4,5
2,SSCP-9dc1f499c663ad55,4,5
2,SSCP-9de8b8eb9fe91c81,4,5
2,SSCP-9ea413dd015084f2,4,5
2,SSCP-9ed1a042ecad9ab1,4,5
2,SSCP-9ef605f9c9f15ab5,4,5
2,SSCP-9f67017a4ac88ec0,4,5
2,SSCP-9faa9cbfc4dbe9ae,4,5
2,SSCP-9fc46366d8aa1365,4,5
2,SSCP-9fcbd77473791a8f,4,5
2,SSCP-a01b804dcda9fe0a,4,5
2,SSCP-a01d259b1607eed2,4,5
2,SSCP-a0486de9972074a8,4,5
2,SSCP-a05f3e57f00392c8,4,5
2,SSCP-a0ab2e90a0a48835,4,5
2,SSCP-a0d3485195f18992,4,5
2,SSCP-a0dd22bdea66dfa8,4,5
2,SSCP-a19cdbfedf83df91,4,5
2,SSCP-a1d73481dc0c3e63,4,5
2,SSCP-a1ee96363963d25e,4,5
2,SSCP-a20e03c2f6ecc793,4,5
2,SSCP-a228afc2c5d68649,4,5
2,SSCP-a242c7c64c2a78cc,4,5
2,SSCP-a27a165c1d4b62b4,4,5
2,SSCP-a2a9e9f0cb760b17,4,5
2,SSCP-a2af9faf2d6f5bb2,4,5
2,SSCP-a2cde3a150a73638,4,5
2,SSCP-a2e4cad8c41693e5,4,5
2,SSCP-a2ecd2395feb34f1,4,5
2,SSCP-a2fa3a73b972207b,4,5
2,SSCP-a402257e26a984b2,4,5
2,SSCP-a4252a88b5284351,4,5
2,SSCP-a42af28b04ff2415,4,5
2,SSCP-a433eb98cdbee8d8,4,5
2,SSCP-a437364139bdec91,4,5
2,SSCP-a4439ffb25a2820e,4,5
2,SSCP-a466f312a94f0e00,4,5
2,SSCP-a480b528f8d31b5c,4,5
2,SSCP-a49cdb86269ea734,4,5
2,SSCP-a4e6cc2a7d919f6b,4,5
2,SSCP-a54a9badfe2305a7,4,5
2,SSCP-a5960fc5b929559a,4,5
2,SSCP-a5ba94319ecf8353,4,5
2,SSCP-a6729a142a3e2370,4,5
2,SSCP-a6bde0f0aa94757b,4,5
2,SSCP-a6c8c512ed099fc3,4,5
2,SSCP-a774fc2decdd04d5,4,5
2,SSCP-a79631ad9d91c54f,4,5
2,SSCP-a7b995374dae3140,4,5
2,SSCP-a7c6be478ab64f60,4,5
2,SSCP-a7d180a084a9e545,4,5
2,SSCP-a843e575ecd1a2cb,4,5
2,SSCP-a8472cb96267d419,4,5
2,SSCP-a854335cf4d3b80e,4,5
2,SSCP-a86e7d317a9da892,4,5
2,SSCP-a89fc18297af2200,4,5
2,SSCP-a8ce8f0c0c278ec3,4,5
2,SSCP-a8df77e2c14fb8a6,4,5
2,SSCP-a921db907dc794a6,4,5
2,SSCP-a9249d1dca1760c8,4,5
2,SSCP-a990cb2eebceb03a,4,5
2,SSCP-a99184bee5cb3aab,4,5
2,SSCP-a99916f730ca7689,4,5
2,SSCP-a9be2897b20cba60,4,5
2,SSCP-aa0b727b92919a8d,4,5
2,SSCP-aa2f4bbbc60f992b,4,5
2,SSCP-aa30fa7aa8bc16c8,4,5
2,SSCP-aa3d3d553bdd800a,4,5
2,SSCP-aa406c5cfcb6513e,4,5
2,SSCP-aa539adfc719b3ca,4,5
2,SSCP-aa594ce384ec448d,4,5
2,SSCP-aa6c33fd4d3bfa9d,4,5
2,SSCP-aa7a17ba1e570302,4,5
2,SSCP-aaa19e4dbf9b1b3d,4,5
2,SSCP-aab72fa141f195a2,4,5
2,SSCP-aab90c63af37802f,4,5
2,SSCP-aac12d63cdce4b5a,4,5
2,SSCP-aac7e674793c717b,4,5
2,SSCP-ab2b752b81277f3d,4,5
2,SSCP-ab80006bbc300f76,4,5
2,SSCP-abbc6e9cac05ee35,4,5
2,SSCP-abd56d0f18c81ca4,4,5
2,SSCP-abdeabad43be59a9,4,5
2,SSCP-abfdaf9f3d8ba83f,4,5
2,SSCP-ac20feb69b243f33,4,5
2,SSCP-ac2252e5738cc187,4,5
2,SSCP-ac23a7bd50fac21c,4,5
2,SSCP-ac8fbf1f78c15ef3,4,5
2,SSCP-ac9796d8129467f5,4,5
2,SSCP-aca6b0e854abd828,4,5
2,SSCP-ad22216bd6cba9a5,4,5
2,SSCP-ad4c116f5dc63b11,4,5
2,SSCP-ad708e665cf3bf52,4,5
2,SSCP-ad92a7affc2a8f26,4,5
2,SSCP-adc9d21b094e3514,4,5
2,SSCP-ade2a15857e28507,4,5
2,SSCP-ade390cdad3d36b5,4,5
2,SSCP-ae41c3d73d6b5796,4,5
2,SSCP-ae8579851ee2cee2,4,5
2,SSCP-aec9a6f2c5aa765d,4,5
2,SSCP-af062edbb2c0f170,4,5
2,SSCP-af43097c8e70eec8,4,5
2,SSCP-af43333260ae9cd8,4,5
2,SSCP-af492fd59aa231c6,4,5
2,SSCP-af7a201b6e241bba,4,5
2,SSCP-af90afbb835e5548,4,5
2,SSCP-afaa3d7748ff785f,4,5
2,SSCP-afbb567ecc942793,4,5
2,SSCP-aff91c6bf2d171be,4,5
2,SSCP-b0016ff201482e93,4,5
2,SSCP-b03eaa73eb819b65,4,5
2,SSCP-b0405d1e0c1b9762,4,5
2,SSCP-b06667b6b7e5c313,4,5
2,SSCP-b0971221d42cc499,4,5
2,SSCP-b0a168845e75e419,4,5
2,SSCP-b0d50c140dadd65c,4,5
2,SSCP-b0ee713bff1faaf7,4,5
2,SSCP-b0f8d59e7bc3b873,4,5
2,SSCP-b0fdb7f2bd39699c,4,5
2,SSCP-b157e3aa699cae47,4,5
2,SSCP-b1588620b08692d5,4,5
2,SSCP-b17c16ae3fc86c2c,4,5
2,SSCP-b1ac30f76d603101,4,5
2,SSCP-b1bcf304bf48dda7,4,5
2,SSCP-b1ca20417352de7b,4,5
2,SSCP-b1f7c41f1d533528,4,5
2,SSCP-b20c8628307da364,4,5
2,SSCP-b2442bccad908c47,4,5
2,SSCP-b24509bc8656f3c9,4,5
2,SSCP-b2c8d93f21ffdc78,4,5
2,SSCP-b2d60a26c81f7401,4,5
2,SSCP-b2df0b42080247ab,4,5
2,SSCP-b2e708e074c271c4,4,5
2,SSCP-b32e664add93d25d,4,5
2,SSCP-b34bd9b4675a6db9,4,5
2,SSCP-b352931bc178dd14,4,5
2,SSCP-b368e8fbcb9a9e06,4,5
2,SSCP-b3bb634c604b2c6a,4,5
2,SSCP-b3bd82c3ec010c0b,4,5
2,SSCP-b3de8f309b6803b4,4,5
2,SSCP-b3f0bb444bf986be,4,5
2,SSCP-b4ca02fcf8182f26,4,5
2,SSCP-b51ee168d01985aa,4,5
2,SSCP-b560781792071af0,4,5
2,SSCP-b566f56e743c7e2c,4,5
2,SSCP-b5a7f99548b22979,4,5
2,SSCP-b5ba8dcd6d67aa5d,4,5
2,SSCP-b5d4143c1e2708b0,4,5
2,SSCP-b6262536cf30cc2e,4,5
2,SSCP-b6c648f4d5c3aaab,4,5
2,SSCP-b6f7761e412aa9f6,4,5
2,SSCP-b7272de51a70d384,4,5
2,SSCP-b74af286f74fb892,4,5
2,SSCP-b7650ad93b28af3e,4,5
2,SSCP-b774915133d906b0,4,5
2,SSCP-b775ce8c37107137,4,5
2,SSCP-b7a805ba4295fa0d,4,5
2,SSCP-b7d1b717a742aa87,4,5
2,SSCP-b7fbee5495118bd2,4,5
2,SSCP-b879db1016f578f3,4,5
2,SSCP-b8c534b149eb3302,4,5
2,SSCP-b8d023384092eaa9,4,5
2,SSCP-b908c13ab7c1907a,4,5
2,SSCP-b90c29784fa3975c,4,5
2,SSCP-b90ec58b724d3931,4,5
2,SSCP-b92f3caeba00a8eb,4,5
2,SSCP-b93f61e9b665fc92,4,5
2,SSCP-b97c2eea1738dac0,4,5
2,SSCP-b9b746e196be62dd,4,5
2,SSCP-b9d7ca6eac6353b7,4,5
2,SSCP-b9d86d5283528b99,4,5
2,SSCP-b9f7a550239dd19c,4,5
2,SSCP-ba046d7bd2d3a506,4,5
2,SSCP-ba30448f5bfe679f,4,5
2,SSCP-ba31d7e5ed8fe500,4,5
2,SSCP-ba46fbb71aa3db9f,4,5
2,SSCP-baf68fce8d978dd5,4,5
2,SSCP-bb04f647469c619b,4,5
2,SSCP-bb5193a7fa56402c,4,5
2,SSCP-bb54f4bfa5bf1c54,4,5
2,SSCP-bb90452eb449be0b,4,5
2,SSCP-bbf0187100584da4,4,5
2,SSCP-bc620cd574066f87,4,5
2,SSCP-bc6d1b3aa1db92d9,4,5
2,SSCP-bc937b25b8a350e5,4,5
2,SSCP-bca05f4be4b0c195,4,5
2,SSCP-bd23101f62aec04c,4,5
2,SSCP-bd53c2b2002d6c1a,4,5
2,SSCP-bdb30075b42ea147,4,5
2,SSCP-be014ee5bbd5f737,4,5
2,SSCP-be34874500820fa4,4,5
2,SSCP-be4830b2dff7701b,4,5
2,SSCP-be6edbc9dc2e9561,4,5
2,SSCP-be860b467e9ae394,4,5
2,SSCP-bea693ac65e749d0,4,5
2,SSCP-bee303442b20008f,4,5
2,SSCP-bf0eb498edac76ea,4,5
2,SSCP-bf14bb214a8f4268,4,5
2,SSCP-bf7ce84bd9e5ee7c,4,5
2,SSCP-bfa911f82fa041f0,4,5
2,SSCP-bfc4d99977a46d1d,4,5
2,SSCP-c02001d068c98f42,4,5
2,SSCP-c027d6e23ae255ef,4,5
2,SSCP-c0666977caaeab9f,4,5
2,SSCP-c093e4beb0343879,4,5
2,SSCP-c095bdb9096232e8,4,5
2,SSCP-c09d0bb7038d2da0,4,5
2,SSCP-c0feeaf913e44ad4,4,5
2,SSCP-c10b2a26216aaa80,4,5
2,SSCP-c1619b8abe5036c6,4,5
2,SSCP-c1ca75b9afc497da,4,5
2,SSCP-c23c1e07076df0a8,4,5
2,SSCP-c25fc8df957502b1,4,5
2,SSCP-c274cd649d047fa7,4,5
2,SSCP-c2a9ba64c5659167,4,5
2,SSCP-c2aa11f65c37d64e,4,5
2,SSCP-c2cfc36292e73409,4,5
2,SSCP-c33a04d6b761e1df,4,5
2,SSCP-c33e1227bf0fa0c4,4,5
2,SSCP-c3411baa06226edb,4,5
2,SSCP-c344c2479dc9d296,4,5
2,SSCP-c3ad69ca6a887b09,4,5
2,SSCP-c3c0c7a47cee6cd9,4,5
2,SSCP-c42ec44b724fc326,4,5
2,SSCP-c469ed46340387e2,4,5
2,SSCP-c46fcff82cec2c7e,4,5
2,SSCP-c47674ddcf669259,4,5
2,SSCP-c4bce7a63c6278c8,4,5
2,SSCP-c5046be40e2dadf1,4,5
2,SSCP-c50e1ab8c5bd2092,4,5
2,SSCP-c5141a3cc5d18c51,4,5
2,SSCP-c51926bedc848248,4,5
2,SSCP-c51c04d6f72f10a9,4,5
2,SSCP-c5270aca300594a5,4,5
2,SSCP-c5477226ef965d63,4,5
2,SSCP-c547b4af37f4b979,4,5
2,SSCP-c5f3187d9de0f3e2,4,5
2,SSCP-c5f9401d9a7288ef,4,5
2,SSCP-c635c6e91bcafe47,4,5
2,SSCP-c64220314c48b880,4,5
2,SSCP-c663ddc876b19706,4,5
2,SSCP-c6e5973932399c1a,4,5
2,SSCP-c6ff60970d6cc053,4,5
2,SSCP-c7100d80620e1e79,4,5
2,SSCP-c73cedff6b869145,4,5
2,SSCP-c74f27c34f1e5725,4,5
2,SSCP-c765262ae328c4a7,4,5
2,SSCP-c7c4e4bb42e72040,4,5
2,SSCP-c7c8b8592619cb16,4,5
2,SSCP-c7d4e679eb680563,4,5
2,SSCP-c7dc840fe05412f1,4,5
2,SSCP-c7fecbfa91ab919c,4,5
2,SSCP-c80874c76d406ba5,4,5
2,SSCP-c80cf1720044d4a9,4,5
2,SSCP-c827370286b6273e,4,5
2,SSCP-c833da77e6feb570,4,5
2,SSCP-c83a6d5cdc20a289,4,5
2,SSCP-c8453a870aea25a7,4,5
2,SSCP-c8493802b8d32c0d,4,5
2,SSCP-c86096f88a1e58d5,4,5
2,SSCP-c8744148639aa1f8,4,5
2,SSCP-c95e38ec55fae670,4,5
2,SSCP-c98179d368252c3f,4,5
2,SSCP-c9acecc0b88a57d7,4,5
2,SSCP-c9bd7331d25871d5,4,5
2,SSCP-c9c112c9c2c9715b,4,5
2,SSCP-c9fee08cd7b323e6,4,5
2,SSCP-ca3a5a5338527341,4,5
2,SSCP-ca49dfe142b6802b,4,5
2,SSCP-ca4dfad63659a55f,4,5
2,SSCP-ca548ce48fb7eed1,4,5
2,SSCP-ca6cabdfdfe59520,4,5
2,SSCP-ca7cff1676934061,4,5
2,SSCP-cbeabcb222986ab4,4,5
2,SSCP-cc074b86d5749ae6,4,5
2,SSCP-cc26ef48f34a0fed,4,5
2,SSCP-cc346e808de86953,4,5
2,SSCP-cc3c7afd0d6342f3,4,5
2,SSCP-cc5daf307b112d37,4,5
2,SSCP-cc8a319d6c2e2266,4,5
2,SSCP-cc99e73783a32f64,4,5
2,SSCP-ccb6439839db03c6,4,5
2,SSCP-ccf697100488e72b,4,5
2,SSCP-cd00de4508c006f9,4,5
2,SSCP-cd0e5ba5a4026ba8,4,5
2,SSCP-cd48c9652f92f373,4,5
2,SSCP-cd98a6746373f57e,4,5
2,SSCP-ce362597c8e773f2,4,5
2,SSCP-ce490a9f48f7da67,4,5
2,SSCP-ce81caae7fdecd66,4,5
2,SSCP-ceb48834e9fc07e0,4,5
2,SSCP-ceb6c634c1ba25bb,4,5
2,SSCP-cedf42ab5f24d229,4,5
2,SSCP-cef0e56573fcee9b,4,5
2,SSCP-cf1a81a86c908278,4,5
2,SSCP-cf5e24a9fcb294a9,4,5
2,SSCP-cf9055686eee8e52,4,5
2,SSCP-cfa3df1fb4afc816,4,5
2,SSCP-cfb4bed7be33b126,4,5
2,SSCP-cfc1f28452f9fefa,4,5
2,SSCP-cfe3ac012655376c,4,5
2,SSCP-d003e0223d1c57f5,4,5
2,SSCP-d045e67df8251311,4,5
2,SSCP-d0925735b1b7d93d,4,5
2,SSCP-d0b45d08c883b3c0,4,5
2,SSCP-d11c5102ddfa31cc,4,5
2,SSCP-d158ad9681813dc9,4,5
2,SSCP-d1860e0b89595f79,4,5
2,SSCP-d19b9141f05c10e2,4,5
2,SSCP-d1a4b15d6a9aa6f0,4,5
2,SSCP-d1dfd2ec06045df6,4,5
2,SSCP-d2023095a2b934fd,4,5
2,SSCP-d21a87d7fd087395,4,5
2,SSCP-d2831028c4db5975,4,5
2,SSCP-d2b1745a556fca24,4,5
2,SSCP-d2ec6a688ed3b2b0,4,5
2,SSCP-d30cd321e99aa246,4,5
2,SSCP-d312bac240ee4ffb,4,5
2,SSCP-d317a604b008a3b5,4,5
2,SSCP-d35542170d9d289f,4,5
2,SSCP-d35b6e6d8085936c,4,5
2,SSCP-d376a57fb848ec41,4,5
2,SSCP-d38d630e7812440f,4,5
2,SSCP-d3eee17ea3db8825,4,5
2,SSCP-d400eb57cd6f450a,4,5
2,SSCP-d4e5d82c87b34206,4,5
2,SSCP-d4ec024506154fc1,4,5
2,SSCP-d51486d7bfc20c86,4,5
2,SSCP-d5173d6d4aa6cfc7,4,5
2,SSCP-d528019a87bb67c3,4,5
2,SSCP-d5345030553dfa5e,4,5
2,SSCP-d547f2376f4b0894,4,5
2,SSCP-d5815c8216a2ca81,4,5
2,SSCP-d59d1dded80b90e4,4,5
2,SSCP-d687e0d3f8bcc5a5,4,5
2,SSCP-d769f9ce1a281aac,4,5
2,SSCP-d77b17cd93809f24,4,5
2,SSCP-d791464a346bd00f,4,5
2,SSCP-d799a1300cda1d47,4,5
2,SSCP-d7b6d867bb67ecdb,4,5
2,SSCP-d7bfd391fa29098d,4,5
2,SSCP-d7f34ae4efa7ee52,4,5
2,SSCP-d7f3c8628314f1d4,4,5
2,SSCP-d8495ba1d3f09b73,4,5
2,SSCP-d84c46219bb4ed79,4,5
2,SSCP-d8536dd8c15cf72a,4,5
2,SSCP-d8806c714de06185,4,5
2,SSCP-d888cddb31a561dd,4,5
2,SSCP-d8baa48c4312bbfb,4,5
2,SSCP-d9250cd195b04166,4,5
2,SSCP-d94c5a0d3a1fac1e,4,5
2,SSCP-d977594e7de4db4f,4,5
2,SSCP-d97c17ab986d2aac,4,5
2,SSCP-d9872a8bbb414e21,4,5
2,SSCP-d993dcbc6d2fcb4b,4,5
2,SSCP-da15213e75608f53,4,5
2,SSCP-da9d9000221bb503,4,5
2,SSCP-daa278806acf4a8a,4,5
2,SSCP-daacd39df3f4ed35,4,5
2,SSCP-dac957df5a0e012a,4,5
2,SSCP-dacbdf5af305ab65,4,5
2,SSCP-dafdd950f2e6767f,4,5
2,SSCP-db2815e14cb1495c,4,5
2,SSCP-db75023fc3cf54c5,4,5
2,SSCP-db9b7d7440590e11,4,5
2,SSCP-dbc94e96cebe074e,4,5
2,SSCP-dc164af73761c5d2,4,5
2,SSCP-dc4c1cebc4e43aea,4,5
2,SSCP-dc992162f58a3b1b,4,5
2,SSCP-dd6385d03a45b825,4,5
2,SSCP-dd7010c978a95012,4,5
2,SSCP-dd8c18ac42fb7d5d,4,5
2,SSCP-dd8f6af0e1a4bea7,4,5
2,SSCP-dd93c73e88d5b5ab,4,5
2,SSCP-dd9c2bfda3dd8659,4,5
2,SSCP-dd9fd504e8d10ed1,4,5
2,SSCP-de383dd1189c771c,4,5
2,SSCP-de4a208153472dc8,4,5
2,SSCP-de4fc0040ca0a855,4,5
2,SSCP-de8631f27b8b85c6,4,5
2,SSCP-deccef4f6e01c5db,4,5
2,SSCP-df72aa1293946345,4,5
2,SSCP-df965a628c960699,4,5
2,SSCP-dfa08fa7f69880d3,4,5
2,SSCP-dff35e0820941fe0,4,5
2,SSCP-e02f04d850a1f525,4,5
2,SSCP-e04ff6cf9bf0883f,4,5
2,SSCP-e11115b3f619e041,4,5
2,SSCP-e1159c4101121e52,4,5
2,SSCP-e11af26770d076d2,4,5
2,SSCP-e129f7f2909c27b2,4,5
2,SSCP-e136466af34ba463,4,5
2,SSCP-e13c544f1cf60f52,4,5
2,SSCP-e1cb524b14e7a78a,4,5
2,SSCP-e1fabd09d652585c,4,5
2,SSCP-e2008725d81c5d43,4,5
2,SSCP-e215d0adde2598e7,4,5
2,SSCP-e21a1f181dab36a0,4,5
2,SSCP-e22967bdd223497b,4,5
2,SSCP-e29600f5b7271563,4,5
2,SSCP-e296673710b67f24,4,5
2,SSCP-e2a0e05cfba31b73,4,5
2,SSCP-e2caa7bbd2caaab2,4,5
2,SSCP-e2d0f6da06b7f4d7,4,5
2,SSCP-e2db3f909b22ef17,4,5
2,SSCP-e3c996740b2a85a2,4,5
2,SSCP-e3ca7f8113328c27,4,5
2,SSCP-e4093e8474fc2349,4,5
2,SSCP-e412f6fabc28c303,4,5
2,SSCP-e467d99939f87704,4,5
2,SSCP-e4caa2dc857da258,4,5
2,SSCP-e545be7814381b23,4,5
2,SSCP-e569515bf3921810,4,5
2,SSCP-e59fa4e520c9bf57,4,5
2,SSCP-e5a9619f28b78d3e,4,5
2,SSCP-e5b676072c428b5a,4,5
2,SSCP-e5b7dfb79dbd797c,4,5
2,SSCP-e5eaed4f27e74837,4,5
2,SSCP-e5f770a8b313cc42,4,5
2,SSCP-e617d3a6dcb79826,4,5
2,SSCP-e6285f8f968adbe9,4,5
2,SSCP-e64ccbc1b3b56af9,4,5
2,SSCP-e683f34b9ffed263,4,5
2,SSCP-e69711580a8fe444,4,5
2,SSCP-e698ca2fb968fde3,4,5
2,SSCP-e6bc5481e8725031,4,5
2,SSCP-e6e2137a2013f3ef,4,5
2,SSCP-e6f7b21dd01e88aa,4,5
2,SSCP-e6fac03f0dfbcf9e,4,5
2,SSCP-e73170eaa0dd46a7,4,5
2,SSCP-e75905dd58f5a53b,4,5
2,SSCP-e7738f8f99a574f2,4,5
2,SSCP-e77833419c237620,4,5
2,SSCP-e793dcea6160706a,4,5
2,SSCP-e79add3267405924,4,5
2,SSCP-e7c803e0eb0e352e,4,5
2,SSCP-e7dee069a7367179,4,5
2,SSCP-e8018902f3846ad4,4,5
2,SSCP-e870e4df1d114e71,4,5
2,SSCP-e884c36e818aedbb,4,5
2,SSCP-e89f3236b42e04e4,4,5
2,SSCP-e8d2c1b43279976a,4,5
2,SSCP-e8e9fbbcd77c26bc,4,5
2,SSCP-e930e5fa6928d20e,4,5
2,SSCP-e93bff1fd5a5ba0e,4,5
2,SSCP-e9470f0123698bcb,4,5
2,SSCP-e98074058c739b3a,4,5
2,SSCP-e984a528faea7172,4,5
2,SSCP-e9c25757ed11ed2c,4,5
2,SSCP-e9cc72c9367474eb,4,5
2,SSCP-e9e2ab2378ac7b00,4,5
2,SSCP-ea7bae9c2ff21e96,4,5
2,SSCP-eb119e108f133cc4,4,5
2,SSCP-eb4944e712c63db9,4,5
2,SSCP-eb846f0850fabf2d,4,5
2,SSCP-ec0a91c108f61e0e,4,5
2,SSCP-ec2302b5f59fae7a,4,5
2,SSCP-ec315fe126a3c4d0,4,5
2,SSCP-ed40deee60a7f9ea,4,5
2,SSCP-ed47cedb59358bbb,4,5
2,SSCP-edcf9a57a5b830c5,4,5
2,SSCP-ede68de203aac616,4,5
2,SSCP-ee10bc6742c2a099,4,5
2,SSCP-ee530dc3a846e3e7,4,5
2,SSCP-ee6724d1742bf678,4,5
2,SSCP-ee92b0487691bb80,4,5
2,SSCP-eed654e9eac25bc0,4,5
2,SSCP-ef29cc3fb21bbc64,4,5
2,SSCP-ef47fe1bdb4750ad,4,5
2,SSCP-ef954e1a1432de42,4,5
2,SSCP-efbd5c7dd01233d9,4,5
2,SSCP-efc237d911a98f73,4,5
2,SSCP-efe89e77980f37bc,4,5
2,SSCP-eff64c393aa447be,4,5
2,SSCP-f018d27fe2dad16e,4,5
2,SSCP-f0c96e898a9749bc,4,5
2,SSCP-f0de1b2bae6827ce,4,5
2,SSCP-f0fb5c90d7cd6553,4,5
2,SSCP-f0fd986359df30be,4,5
2,SSCP-f1069a195aa447bb,4,5
2,SSCP-f14c960498261543,4,5
2,SSCP-f161a98821d13129,4,5
2,SSCP-f1726bc55b240f86,4,5
2,SSCP-f17f6f3c589b2e03,4,5
2,SSCP-f1c7df06ea22058e,4,5
2,SSCP-f1dc094b08774bc3,4,5
2,SSCP-f1f94a3858eae6e3,4,5
2,SSCP-f23059690c7c8181,4,5
2,SSCP-f2342a6ea2a52b20,4,5
2,SSCP-f2368591d515daa5,4,5
2,SSCP-f242d66572a8275f,4,5
2,SSCP-f245a612bbe97107,4,5
2,SSCP-f25d191f1840cba6,4,5
2,SSCP-f28a82f57ae0159a,4,5
2,SSCP-f299344c33bb2192,4,5
2,SSCP-f2be2e10921a9bdb,4,5
2,SSCP-f2e0d67d5f88a7f0,4,5
2,SSCP-f2f04451daccbd4d,4,5
2,SSCP-f30cec7c69785f41,4,5
2,SSCP-f39bd7351bb0d21e,4,5
2,SSCP-f3bdc042d847075e,4,5
2,SSCP-f3cfb0a0c9588f86,4,5
2,SSCP-f41cf3336b7a7b6b,4,5
2,SSCP-f43e624c4f0c15fe,4,5
2,SSCP-f4c61e8e0989b49b,4,5
2,SSCP-f4d4f2367123f623,4,5
2,SSCP-f4e05a320c4609de,4,5
2,SSCP-f57d23f5ed83f191,4,5
2,SSCP-f5bb9d8fe21dd31f,4,5
2,SSCP-f5c63f70455cc0af,4,5
2,SSCP-f5c6f48780993d2d,4,5
2,SSCP-f6202746c4eafa3d,4,5
2,SSCP-f6c149144ca3a461,4,5
2,SSCP-f6ec869134fd724e,4,5
2,SSCP-f75ad1d4b43e4a0a,4,5
2,SSCP-f766c4284883322e,4,5
2,SSCP-f7857ab095734da4,4,5
2,SSCP-f7fe57d191dd271c,4,5
2,SSCP-f837657097b3840e,4,5
2,SSCP-f86162afb5b862c9,4,5
2,SSCP-f889037b9eb5868d,4,5
2,SSCP-f8a90cb3d2b34635,4,5
2,SSCP-f8e0b827f57e785e,4,5
2,SSCP-f8ef5cf7c1f5f69c,4,5
2,SSCP-f9142513b432edd8,4,5
2,SSCP-f9a7b2c4165fce8a,4,5
2,SSCP-f9dafb4fb29927db,4,5
2,SSCP-f9e07c75530abbe5,4,5
2,SSCP-f9f544e8b5d12c11,4,5
2,SSCP-fac36820e275caa3,4,5
2,SSCP-fac8545ca1eb4872,4,5
2,SSCP-fad41f1e8146df89,4,5
2,SSCP-fae283ba7d9742f7,4,5
2,SSCP-fb2bd47a85459407,4,5
2,SSCP-fb463b9bbbb57316,4,5
2,SSCP-fb4c6ef3dc36820b,4,5
2,SSCP-fbf64a7d55d1375d,4,5
2,SSCP-fc077209f3715b69,4,5
2,SSCP-fc287c7c75c5bb69,4,5
2,SSCP-fc557c1f34cb84b6,4,5
2,SSCP-fc915f7e3c311c5b,4,5
2,SSCP-fd094b195496a769,4,5
2,SSCP-fd2df0e7cce210ab,4,5
2,SSCP-fd8bcdc36c2fbc17,4,5
2,SSCP-fda1f1553ac61e27,4,5
2,SSCP-fe165989b7e5bd50,4,5
2,SSCP-fe219f4f5ef58739,4,5
2,SSCP-fe30ffc70b246992,4,5
2,SSCP-fea4314407d8010a,4,5
2,SSCP-fec7654453ea0187,4,5
2,SSCP-fee1696267566ad1,4,5
2,SSCP-fefbd02b3c0f26ae,4,5
2,SSCP-ff1dc86539d7f45c,4,5
2,SSCP-ff39cb603c13c632,4,5
2,SSCP-ff4a1a307b4a9af9,4,5
2,SSCP-ff5596d7fa17eaa3,4,5
2,SSCP-ff71132e9fb095aa,4,5
2,SSCP-fff38c7dceeef9b4,4,5
3,SSCP-00095e8cb86235e5,1,1
3,SSCP-00a092a2f7a25ae1,1,1
3,SSCP-0101f020a34a701a,1,1
3,SSCP-016752729b9346ab,1,1
3,SSCP-018fb6e52e679f0f,1,1
3,SSCP-019f2cf3661c7a80,1,1
3,SSCP-01b0cd02748765e6,1,1
3,SSCP-028da6aedb47474e,1,1
3,SSCP-02b42f26cfb30b85,1,1
3,SSCP-02d0c9cd32848464,1,1
3,SSCP-030b725ccb616ba3,1,1
3,SSCP-031a0e7ab110f692,1,1
3,SSCP-032b95a39839267d,1,1
3,SSCP-0337e2d05d7e9513,1,1
3,SSCP-033a1ac1fcfcb18d,1,1
3,SSCP-036feb5468ec175d,1,1
3,SSCP-038f5d4979b7b308,1,1
3,SSCP-03ddc829284aa18f,1,1
3,SSCP-0407d6a8ec7f4d24,1,1
3,SSCP-0470f19b48a84e9e,1,1
3,SSCP-047db441c22939a3,1,1
3,SSCP-0491322505e1f7c0,1,1
3,SSCP-05083f3fe6d03fbe,1,1
3,SSCP-051c59dccea1cc72,1,1
3,SSCP-0541ffbeb32b84aa,1,1
3,SSCP-0543e2d064dbaaf0,1,1
3,SSCP-0551b59dfdb4ebf5,1,1
3,SSCP-05a1c7adfb119a3b,1,1
3,SSCP-05c95ce5ac93542b,1,1
3,SSCP-05d38ecbfa8078d3,1,1
3,SSCP-063303c21e686931,1,1
3,SSCP-06639b60e733c06a,1,1
3,SSCP-0676fe3192a9d005,1,1
3,SSCP-06bed51ecb30370b,1,1
3,SSCP-06ff045d9e1b372d,1,1
3,SSCP-07b16dec14914beb,1,1
3,SSCP-07bf1c319510730f,1,1
3,SSCP-08636f613c722976,1,1
3,SSCP-086eb5d31c3e559b,1,1
3,SSCP-087c744b7b1ff895,1,1
3,SSCP-087fa01f443e7b51,1,1
3,SSCP-088b4136463e54e3,1,1
3,SSCP-08a3f926221057dd,1,1
3,SSCP-08ed200294d92f15,1,1
3,SSCP-094b34d954723e56,1,1
3,SSCP-0954a93f474638b8,1,1
3,SSCP-09611728f950164f,1,1
3,SSCP-09a3d2a194610044,1,1
3,SSCP-09ac8d9cd72f6424,1,1
3,SSCP-09b8c58cbbf771fd,1,1
3,SSCP-09cbaef98fd10b79,1,1
3,SSCP-09d2283cc6d9aaa9,1,1
3,SSCP-0a387cd505763058,1,1
3,SSCP-0a5dcb3e054c6309,1,1
3,SSCP-0a782141866de643,1,1
3,SSCP-0ad1ff3c223acf98,1,1
3,SSCP-0ae04150a6f9a6c1,1,1
3,SSCP-0ae4a3ee8a233391,1,1
3,SSCP-0b44cedb59e1839d,1,1
3,SSCP-0bcac4da970eedf5,1,1
3,SSCP-0be9d245918953d3,1,1
3,SSCP-0c185a5b0a74805e,1,1
3,SSCP-0c6fb5555c96f60d,1,1
3,SSCP-0cd582e696a8f274,1,1
3,SSCP-0d5647406ef0b2c4,1,1
3,SSCP-0d7c867d902cb141,1,1
3,SSCP-0dd2afba8650ec67,1,1
3,SSCP-0dd861c6276096cc,1,1
3,SSCP-0e0770c4a7259b85,1,1
3,SSCP-0e26effaaee2ba03,1,1
3,SSCP-0e74bc5ad044471a,1,1
3,SSCP-0ea2e73c0ebeb556,1,1
3,SSCP-0eaf37497e9c9220,1,1
3,SSCP-0ef0720f1a8912fd,1,1
3,SSCP-0ef87e83b2756462,1,1
3,SSCP-0f1489f360fe90ae,1,1
3,SSCP-0f449899ba993ece,1,1
3,SSCP-0f8125c13742d544,1,1
3,SSCP-0fa9b27355d7306b,1,1
3,SSCP-0fc64047996ee95f,1,1
3,SSCP-0feeb3de3b6750f7,1,1
3,SSCP-10257764a06f1f47,1,1
3,SSCP-106d6d4ac2f8a2ce,1,1
3,SSCP-10f6b2730268bb94,1,1
3,SSCP-115f6fddc1815ebd,1,1
3,SSCP-119a2bc31f033483,1,1
3,SSCP-11ccf5726e5bcc34,1,1
3,SSCP-11f55c80c8c2d697,1,1
3,SSCP-1217a6093be91573,1,1
3,SSCP-123b84b412af66b0,1,1
3,SSCP-1253828cac50252e,1,1
3,SSCP-12741ecb89eec870,1,1
3,SSCP-12e8c25d254bcd99,1,1
3,SSCP-1300bb1d0d74efdb,1,1
3,SSCP-132b93039450368b,1,1
3,SSCP-133368b1a3d654fc,1,1
3,SSCP-134cba193e54d078,1,1
3,SSCP-13697b2f0ef94590,1,1
3,SSCP-13de4456618c885e,1,1
3,SSCP-1488e04b6f25574b,1,1
3,SSCP-14b95b7791126a52,1,1
3,SSCP-14c52b534fe4a358,1,1
3,SSCP-1575d20e43087934,1,1
3,SSCP-157bbdde105e8f6c,1,1
3,SSCP-157c52c725a593f2,1,1
3,SSCP-158be948cfb4f2e5,1,1
3,SSCP-15b294c00698bcf4,1,1
3,SSCP-15c0219a4e3919cb,1,1
3,SSCP-162e9e748070ebc3,1,1
3,SSCP-167e1bda118b468e,1,1
3,SSCP-168793525f21cd8d,1,1
3,SSCP-16a2265ff807b972,1,1
3,SSCP-16b0341ae416bca1,1,1
3,SSCP-16e62d891cd93cbd,1,1
3,SSCP-1730ea7b9ce82502,1,1
3,SSCP-173daa47f98f8f0f,1,1
3,SSCP-17413df638a6772f,1,1
3,SSCP-175eb0ee3efb46aa,1,1
3,SSCP-175ed88749e988cb,1,1
3,SSCP-176a6a911b2dde43,1,1
3,SSCP-176c06ed358ffc9a,1,1
3,SSCP-176edca2565e1976,1,1
3,SSCP-179439578e29f53f,1,1
3,SSCP-17dec04a752b8388,1,1
3,SSCP-18327c67c84a5749,1,1
3,SSCP-185b09b6d572d8bc,1,1
3,SSCP-18a3e0a448006590,1,1
3,SSCP-18be57feda8c51f8,1,1
3,SSCP-18e0f4f5c7884b43,1,1
3,SSCP-19138646c5726969,1,1
3,SSCP-191fcd4c0eec6e0a,1,1
3,SSCP-193b9a85fa67b590,1,1
3,SSCP-194f60655929b0cf,1,1
3,SSCP-19631882ef0d6f99,1,1
3,SSCP-1983215dff510d4a,1,1
3,SSCP-1992d3811512011f,1,1
3,SSCP-19c12ff4ad3ddba3,1,1
3,SSCP-1a05bb6709697877,1,1
3,SSCP-1a0d0daadc027570,1,1
3,SSCP-1a327d5fbf1dddbd,1,1
3,SSCP-1a3de188be191fc1,1,1
3,SSCP-1a7be44c90785475,1,1
3,SSCP-1a9b24d338d2b494,1,1
3,SSCP-1a9d6a5ab4b2f6c5,1,1
3,SSCP-1b3b8aee0a6c3644,1,1
3,SSCP-1b75ecfc724c270c,1,1
3,SSCP-1bf19460a8e3d9bb,1,1
3,SSCP-1d12f8f94daa8c34,1,1
3,SSCP-1d78b52b3d417a36,1,1
3,SSCP-1db5d35058ca9ac1,1,1
3,SSCP-1e12658d69595b8b,1,1
3,SSCP-1e7801faf668490c,1,1
3,SSCP-1e9d5fe376e616b0,1,1
3,SSCP-1ebaac2ba4e30cd3,1,1
3,SSCP-1ece110834f76bc8,1,1
3,SSCP-1ed321a2cc144e3b,1,1
3,SSCP-1ee81918ee986143,1,1
3,SSCP-1ef76e9f2459aa9f,1,1
3,SSCP-1f2e97a517c7aef3,1,1
3,SSCP-1fd2a2fb910b2c51,1,1
3,SSCP-2034eda3cada94bc,1,1
3,SSCP-2060a481ca9a078f,1,1
3,SSCP-20722e7ab3b7042c,1,1
3,SSCP-2077c00cba2793aa,1,1
3,SSCP-2082220902ee0150,1,1
3,SSCP-20a268f59aad0fdb,1,1
3,SSCP-20b7a41eadb60599,1,1
3,SSCP-20f5532e6f19b81e,1,1
3,SSCP-20fb80bb34d7b069,1,1
3,SSCP-211a2ed062f8ae7e,1,1
3,SSCP-211b98fda3fafb36,1,1
3,SSCP-2124329a97efb69e,1,1
3,SSCP-21269da168789676,1,1
3,SSCP-212a221cdbb7fc7b,1,1
3,SSCP-217c84cac56f9259,1,1
3,SSCP-219ea94032f238a8,1,1
3,SSCP-21b17b90fa492742,1,1
3,SSCP-21dfb8afcdfe6eee,1,1
3,SSCP-21fb7432b4678a4f,1,1
3,SSCP-2261fc486ef50b6c,1,1
3,SSCP-22998165e6209253,1,1
3,SSCP-22a33a72dcd09973,1,1
3,SSCP-22c51ae70e7af363,1,1
3,SSCP-22e4a817ace7fa81,1,1
3,SSCP-22f19cabf3e44425,1,1
3,SSCP-2359b60881bfc716,1,1
3,SSCP-2377379416ef5de4,1,1
3,SSCP-23a61c94d87f4a5a,1,1
3,SSCP-23bec4376182764a,1,1
3,SSCP-23c20c6c18e5d3a8,1,1
3,SSCP-2471f4bec23bb260,1,1
3,SSCP-24c108cb70ce761a,1,1
3,SSCP-24dc3bc5d7cc8f56,1,1
3,SSCP-254283ec79ea2b29,1,1
3,SSCP-25504a174bfe4815,1,1
3,SSCP-25826f40993ae5c0,1,1
3,SSCP-25b1d36c781164c7,1,1
3,SSCP-25b2ac527f8cb1e0,1,1
3,SSCP-25c8ca9343839cb7,1,1
3,SSCP-25e96080dcf37e9f,1,1
3,SSCP-2613bfa1be2885ba,1,1
3,SSCP-2615d2060699bfce,1,1
3,SSCP-2648a5bd90edf990,1,1
3,SSCP-26a55f56c9be2390,1,1
3,SSCP-26b1f1968db573f7,1,1
3,SSCP-26d7dadbe57eb220,1,1
3,SSCP-26e4743e77116f64,1,1
3,SSCP-27430a7cc4d81d90,1,1
3,SSCP-275501ac0c8ac05b,1,1
3,SSCP-2775db0d388e5cef,1,1
3,SSCP-27bb49ddad16c004,1,1
3,SSCP-27efbdc96065eba6,1,1
3,SSCP-28704aa95103667d,1,1
3,SSCP-28949c14e5358fbe,1,1
3,SSCP-28fd6c7957fe75e0,1,1
3,SSCP-290336a138ee947b,1,1
3,SSCP-29629bc1a9afe664,1,1
3,SSCP-298589125e2d1196,1,1
3,SSCP-298dc1d46d24e7fb,1,1
3,SSCP-29cc92dd858f214c,1,1
3,SSCP-29f327c4306f0370,1,1
3,SSCP-2a66c8b8c5c5b64e,1,1
3,SSCP-2ad67f55026ad39a,1,1
3,SSCP-2af68cd99e476314,1,1
3,SSCP-2b1360f1dc41f802,1,1
3,SSCP-2b1b25e01acef756,1,1
3,SSCP-2b36b33c67eb2f99,1,1
3,SSCP-2b7e145708cb4387,1,1
3,SSCP-2bd001189a6fdec0,1,1
3,SSCP-2cba5a05f0b1da73,1,1
3,SSCP-2cf2749b601bcd89,1,1
3,SSCP-2cf8c3df30342a25,1,1
3,SSCP-2d221817366dd827,1,1
3,SSCP-2d6a184b66188fea,1,1
3,SSCP-2de84f709dde4507,1,1
3,SSCP-2e753f217fd02a84,1,1
3,SSCP-2ec31ad791a7c3bf,1,1
3,SSCP-2ed813e3526fa810,1,1
3,SSCP-2eed17d982412023,1,1
3,SSCP-2eee045a2395647e,1,1
3,SSCP-2f0b477276df94ea,1,1
3,SSCP-2fc167f23fda48ff,1,1
3,SSCP-30044ff81fec9f22,1,1
3,SSCP-30493e3468c3322d,1,1
3,SSCP-3072bd8330e6a834,1,1
3,SSCP-307a49a088bd1cbb,1,1
3,SSCP-3093ff773e7b4ec2,1,1
3,SSCP-309f03172f99f1ca,1,1
3,SSCP-30d20286fb861f3d,1,1
3,SSCP-30d4a7bc1468ec81,1,1
3,SSCP-31727ff7bb87324a,1,1
3,SSCP-319264c11b74938e,1,1
3,SSCP-32394366e2a6d91c,1,1
3,SSCP-3251142837fa495c,1,1
3,SSCP-3279b17f57599dcd,1,1
3,SSCP-32a0e050e82855b7,1,1
3,SSCP-33010e1584633619,1,1
3,SSCP-33a7b5ed7b62348d,1,1
3,SSCP-33e641c74b60ef23,1,1
3,SSCP-344422c139d8de6a,1,1
3,SSCP-34549e8b13e3190c,1,1
3,SSCP-34722d9375a3d563,1,1
3,SSCP-34a3febcdd025b0e,1,1
3,SSCP-34ded1e2a4da452a,1,1
3,SSCP-3529e8057f4e46ef,1,1
3,SSCP-352c1f29289b0e81,1,1
3,SSCP-3590a9695aaf425a,1,1
3,SSCP-35acb237f48ccb13,1,1
3,SSCP-35adf34f23d0e193,1,1
3,SSCP-35d2ad51a0be1032,1,1
3,SSCP-35dc08f82e7b1bee,1,1
3,SSCP-36018f8735cc907f,1,1
3,SSCP-360588c600173902,1,1
3,SSCP-3640e016365d0b4e,1,1
3,SSCP-36b109eb34dd3780,1,1
3,SSCP-36b1316c397ccd1c,1,1
3,SSCP-36c39590183b08da,1,1
3,SSCP-36c3962d0ee28718,1,1
3,SSCP-36f497d1b25aad2d,1,1
3,SSCP-3795632927db465e,1,1
3,SSCP-37b1718bb8f750f6,1,1
3,SSCP-37fd5e87db6293fc,1,1
3,SSCP-384e45b074dd9512,1,1
3,SSCP-3887400db64ece22,1,1
3,SSCP-3903d039b98a156a,1,1
3,SSCP-3932b683ceb6d11c,1,1
3,SSCP-39c425fa404ab2e2,1,1
3,SSCP-39d7ac754e0bcde1,1,1
3,SSCP-3a093dc24f46978c,1,1
3,SSCP-3a5474b2da2c73d0,1,1
3,SSCP-3a63ad5fb85c1ad7,1,1
3,SSCP-3a830b054969073a,1,1
3,SSCP-3a93150ab522be30,1,1
3,SSCP-3acd50e3346dad3c,1,1
3,SSCP-3ad527b2d9253252,1,1
3,SSCP-3b7581e51f6c219e,1,1
3,SSCP-3b8e1e8d191857aa,1,1
3,SSCP-3bbf7b070dc95578,1,1
3,SSCP-3bc9e0e7b480a994,1,1
3,SSCP-3bcd645a83312e31,1,1
3,SSCP-3bcd6c661df5c71c,1,1
3,SSCP-3bea1fcbcbbe7126,1,1
3,SSCP-3c1a8a65508b0db3,1,1
3,SSCP-3c1f22485f894830,1,1
3,SSCP-3c3cb9e0c0dd3cfb,1,1
3,SSCP-3c50a7e9c4066377,1,1
3,SSCP-3ca419a0f4be920a,1,1
3,SSCP-3cdbace5bb63df6d,1,1
3,SSCP-3d045d72f46ec2ff,1,1
3,SSCP-3defbd0f55ac8a16,1,1
3,SSCP-3e0b1e23db9e84ca,1,1
3,SSCP-3e16aafec3e2068d,1,1
3,SSCP-3e28875f463a4acc,1,1
3,SSCP-3e343ab0a2e965ca,1,1
3,SSCP-3ea1c8bf2356183c,1,1
3,SSCP-3ead74389af1ecaa,1,1
3,SSCP-3eb736fc5c8cd3b9,1,1
3,SSCP-3ed09cbd0c03d88b,1,1
3,SSCP-3edbf9f96e35953b,1,1
3,SSCP-3f048c533fc7af12,1,1
3,SSCP-3f77f2db433c523e,1,1
3,SSCP-3f7eec5435943410,1,1
3,SSCP-3fca4fb853127765,1,1
3,SSCP-4008d92c416f2b66,1,1
3,SSCP-402f4763b55803c5,1,1
3,SSCP-404241eb5300588a,1,1
3,SSCP-4070f5d9c2fc75ff,1,1
3,SSCP-40795932033fb8d3,1,1
3,SSCP-410bb3caa4005c81,1,1
3,SSCP-410c80c18cc79fcf,1,1
3,SSCP-41f8a5ed71e5316e,1,1
3,SSCP-426a9638e861ebd0,1,1
3,SSCP-4273a1f650a30a47,1,1
3,SSCP-42da6ef2784a9aff,1,1
3,SSCP-42eacf363ad74bbc,1,1
3,SSCP-435de4ae70dbc6fa,1,1
3,SSCP-438f4e85d2254c9d,1,1
3,SSCP-4391321010f670f2,1,1
3,SSCP-43ab9b9619560bd6,1,1
3,SSCP-43caa7d251b8d756,1,1
3,SSCP-43ef95038810e3f8,1,1
3,SSCP-4407b1c22f8496a2,1,1
3,SSCP-445ffa43528e1c4e,1,1
3,SSCP-44e5f9dffba64c47,1,1
3,SSCP-450187cb1a7de137,1,1
3,SSCP-4531c17cac49a4f5,1,1
3,SSCP-453eea92b352a3f1,1,1
3,SSCP-456f46851ade81b8,1,1
3,SSCP-45b08ab22be7b1e1,1,1
3,SSCP-45c9082d29e68210,1,1
3,SSCP-45d2de95d2347545,1,1
3,SSCP-45e8cfd95b0543c7,1,1
3,SSCP-45f3614ecbcad5aa,1,1
3,SSCP-467e352e048b305f,1,1
3,SSCP-46859832e6f9cdb8,1,1
3,SSCP-46cf95c2a082b07c,1,1
3,SSCP-4717ec4239f92289,1,1
3,SSCP-4760dda70bac9a3c,1,1
3,SSCP-47b90f8589223383,1,1
3,SSCP-47d4747b4a686d8f,1,1
3,SSCP-47d8f77e58653273,1,1
3,SSCP-484cfc8b5330c37e,1,1
3,SSCP-48fdf586b5b620d2,1,1
3,SSCP-491a2e615102884f,1,1
3,SSCP-491a34cdef1ac33b,1,1
3,SSCP-491d85885d8f5d55,1,1
3,SSCP-494b2062c79202ee,1,1
3,SSCP-497adc52eb0cbfbb,1,1
3,SSCP-498f043bf1355400,1,1
3,SSCP-499302c762db8f6d,1,1
3,SSCP-499e8d7ef0eccd84,1,1
3,SSCP-49ba18261155dc82,1,1
3,SSCP-49d805438c7f1c39,1,1
3,SSCP-49e4e551f3d56715,1,1
3,SSCP-4a3981a8bf2d2ecc,1,1
3,SSCP-4a3acdbbaf8c897e,1,1
3,SSCP-4a4d72767f91f613,1,1
3,SSCP-4a7151c3a1bf682f,1,1
3,SSCP-4a74e9a1872d6ce5,1,1
3,SSCP-4aaed91ca19c1d4b,1,1
3,SSCP-4ae6eec72c9dcea4,1,1
3,SSCP-4ae92787b44d010e,1,1
3,SSCP-4afd01791d20f762,1,1
3,SSCP-4b520408061ce58b,1,1
3,SSCP-4b52982a8e533c5e,1,1
3,SSCP-4b709e059509f287,1,1
3,SSCP-4bdbc7ba99dd0dc1,1,1
3,SSCP-4c41e500948065bd,1,1
3,SSCP-4c50716c85ffb8fe,1,1
3,SSCP-4c99ded96609b328,1,1
3,SSCP-4cae918cf55901ca,1,1
3,SSCP-4cbdadb72b5accf5,1,1
3,SSCP-4d55fd0609146b62,1,1
3,SSCP-4d980f1653a161df,1,1
3,SSCP-4dc648989bbbc924,1,1
3,SSCP-4ddb4fdd7bcd3e5c,1,1
3,SSCP-4dffcc3e3646dc3c,1,1
3,SSCP-4e020370fc4630cf,1,1
3,SSCP-4eb1c6e00a02cbf3,1,1
3,SSCP-4f3cc995e9cbc1ec,1,1
3,SSCP-4f7f967fd5d1d9a3,1,1
3,SSCP-4f8c23d7104ef9ba,1,1
3,SSCP-4fb9753c6cb666a7,1,1
3,SSCP-500b4d505711aa9d,1,1
3,SSCP-50da7f187080f427,1,1
3,SSCP-512d972499a3b754,1,1
3,SSCP-5170b25b9ca400eb,1,1
3,SSCP-51744dee7e6a567a,1,1
3,SSCP-5184ddeaa9d2f207,1,1
3,SSCP-51b8acaad677b434,1,1
3,SSCP-523a4b1494c8cf95,1,1
3,SSCP-523cba9df755677d,1,1
3,SSCP-5250669abd001a45,1,1
3,SSCP-5308083fef30ce42,1,1
3,SSCP-5322fde440c05450,1,1
3,SSCP-534c2f0b2fefa622,1,1
3,SSCP-53513486a722b242,1,1
3,SSCP-53548812ed70c653,1,1
3,SSCP-535f7998a166004c,1,1
3,SSCP-53f13f0f5292a3e3,1,1
3,SSCP-54deeaa30bd20cb0,1,1
3,SSCP-54f57466a401b8fc,1,1
3,SSCP-54f6b78965e5f864,1,1
3,SSCP-551ee949b3637ced,1,1
3,SSCP-55208d47b401b042,1,1
3,SSCP-55326284cd3da4c1,1,1
3,SSCP-55529ab2f275b181,1,1
3,SSCP-5592d5aea4eb21e4,1,1
3,SSCP-562a4d217eb832a6,1,1
3,SSCP-562e969cc051a3ea,1,1
3,SSCP-5635e5aa20de9e6b,1,1
3,SSCP-56360188dca61a65,1,1
3,SSCP-5663bde93ff612f6,1,1
3,SSCP-56793fc6294d0a97,1,1
3,SSCP-568353bf3af391cb,1,1
3,SSCP-5687c85e9626febc,1,1
3,SSCP-56a2a41c0ab946b6,1,1
3,SSCP-56e08fc740376f68,1,1
3,SSCP-5706801c7b224e22,1,1
3,SSCP-57102290389c85fc,1,1
3,SSCP-573596ce3cb92412,1,1
3,SSCP-5756825133fef6c3,1,1
3,SSCP-575f7641ddac8ffb,1,1
3,SSCP-576a671cb3c34ac8,1,1
3,SSCP-576def1035d3cb60,1,1
3,SSCP-5795df8803fae94b,1,1
3,SSCP-57acada3924a2347,1,1
3,SSCP-587df98aa9dbf959,1,1
3,SSCP-588825e15e87ccaa,1,1
3,SSCP-5894e5c1facd990c,1,1
3,SSCP-58e7aeb332a3c5bd,1,1
3,SSCP-58f30935bcc52d52,1,1
3,SSCP-594643bc4757bc0a,1,1
3,SSCP-59636aedd967aff6,1,1
3,SSCP-5985f8c4fe067510,1,1
3,SSCP-5992d127bc0454b1,1,1
3,SSCP-59cc0440cdf02c95,1,1
3,SSCP-5a0a071412e4eefc,1,1
3,SSCP-5a6e62b6dd128cbb,1,1
3,SSCP-5ab8ed293efd6e2a,1,1
3,SSCP-5ab9539fbbd74654,1,1
3,SSCP-5af59f82734992c0,1,1
3,SSCP-5b1376ce96f703d7,1,1
3,SSCP-5b26573bede36992,1,1
3,SSCP-5b6a0425383a86c0,1,1
3,SSCP-5bae9914bb10c456,1,1
3,SSCP-5c17e7ea72c62219,1,1
3,SSCP-5c3cc21efcb14a6e,1,1
3,SSCP-5c67b17006b8de79,1,1
3,SSCP-5c6d9c27144ba625,1,1
3,SSCP-5c78eafe904ebb82,1,1
3,SSCP-5c91304898727a49,1,1
3,SSCP-5cb5991c549ede79,1,1
3,SSCP-5cc22ba879dad7d2,1,1
3,SSCP-5d8ad433d6e5e85e,1,1
3,SSCP-5daab4af5fa7bf4b,1,1
3,SSCP-5db98c24454c6e59,1,1
3,SSCP-5deea4cc752a5ca3,1,1
3,SSCP-5e12c262f812073e,1,1
3,SSCP-5e27cba5d6984672,1,1
3,SSCP-5e58caf5f8e1c0c1,1,1
3,SSCP-5eb510bbf21a1afd,1,1
3,SSCP-5ee1aef80c59d124,1,1
3,SSCP-5ef7ab5e663bdfac,1,1
3,SSCP-5f1643fa957855e4,1,1
3,SSCP-5f6eacb2344bcf20,1,1
3,SSCP-5f8b3c739792a5d1,1,1
3,SSCP-5fa83eca06323bac,1,1
3,SSCP-5fdd03a7aebe7b16,1,1
3,SSCP-5fdec548dff939fc,1,1
3,SSCP-5feb74b31f4855b3,1,1
3,SSCP-606111be03933d54,1,1
3,SSCP-608696230973dca6,1,1
3,SSCP-609d024cc654c453,1,1
3,SSCP-61af292fa95405d5,1,1
3,SSCP-61b4dd9181179825,1,1
3,SSCP-61b9859344cc426d,1,1
3,SSCP-61d6489dc99e116a,1,1
3,SSCP-61e3f5095de23de1,1,1
3,SSCP-62009276a969063c,1,1
3,SSCP-620dc765f50e4953,1,1
3,SSCP-621726ccd22bf158,1,1
3,SSCP-624158c77cff20d0,1,1
3,SSCP-62c43e814cf9db0a,1,1
3,SSCP-62f9ca618137cc35,1,1
3,SSCP-631e86522259a1aa,1,1
3,SSCP-63211abcf55abab8,1,1
3,SSCP-63a5e9558fd2a4c7,1,1
3,SSCP-63ae937778ecb74f,1,1
3,SSCP-640a8982a75fa310,1,1
3,SSCP-640e2371ecd1c62b,1,1
3,SSCP-6427fe08d91ed7e2,1,1
3,SSCP-642e6a296315fbc2,1,1
3,SSCP-64478ef28a543f5a,1,1
3,SSCP-647387ca089a2664,1,1
3,SSCP-64aac172e6cd4dfb,1,1
3,SSCP-64deff97f0f77c8a,1,1
3,SSCP-6526980778d619b4,1,1
3,SSCP-652790d78f3ed7d4,1,1
3,SSCP-657bc02f309da03d,1,1
3,SSCP-65bf78dc49c8b372,1,1
3,SSCP-66030863d9495cf3,1,1
3,SSCP-6656f86ac88736d3,1,1
3,SSCP-66734c451e4ece7b,1,1
3,SSCP-66d2fabf5bff159b,1,1
3,SSCP-66f4f6382dbed81b,1,1
3,SSCP-66ff6469bd7cec2d,1,1
3,SSCP-67117dc980b1e6d8,1,1
3,SSCP-672413687901adeb,1,1
3,SSCP-6758711ecba29a00,1,1
3,SSCP-677dd7def4cf43d2,1,1
3,SSCP-67adc4f81f723277,1,1
3,SSCP-67c7d1212db02a80,1,1
3,SSCP-6833bdba801fbc89,1,1
3,SSCP-68ab37aa0b03a1a3,1,1
3,SSCP-68b93ae93c747b7d,1,1
3,SSCP-68cf33e2fafcab79,1,1
3,SSCP-6922e565472de0ef,1,1
3,SSCP-695ffcba077adf70,1,1
3,SSCP-6960dec695da5cd2,1,1
3,SSCP-696c5ffe68b6ba14,1,1
3,SSCP-696e29363483126c,1,1
3,SSCP-696febb25971b9fa,1,1
3,SSCP-69f25014e00dfe4d,1,1
3,SSCP-69fa3809e4944d12,1,1
3,SSCP-6a4f39c867e9e066,1,1
3,SSCP-6a5b58cb5632c1b6,1,1
3,SSCP-6a9facd2a03a0b4c,1,1
3,SSCP-6ab5c732cf67c007,1,1
3,SSCP-6abfe8daf8908676,1,1
3,SSCP-6ad4a1b01543dd97,1,1
3,SSCP-6aea4a651825c2da,1,1
3,SSCP-6b71567e2a2d532e,1,1
3,SSCP-6bd825b2ab614b28,1,1
3,SSCP-6bdb4a56155d3c94,1,1
3,SSCP-6c41b33e3ca0a570,1,1
3,SSCP-6c6984b3257c90bc,1,1
3,SSCP-6cfc59ad5b3ff5c3,1,1
3,SSCP-6d8a1d75beb2e66e,1,1
3,SSCP-6db24efb8ea85652,1,1
3,SSCP-6de423d02720227a,1,1
3,SSCP-6de775418a341478,1,1
3,SSCP-6e0c6bfe8dbbbadb,1,1
3,SSCP-6e29b2cd622bb333,1,1
3,SSCP-6e371a17d788269c,1,1
3,SSCP-6ebc02d47004bb73,1,1
3,SSCP-6f065c1c4a081e63,1,1
3,SSCP-6f2d237c290a27cd,1,1
3,SSCP-6f639d8d6e444ec4,1,1
3,SSCP-6faebe564cf7cbb3,1,1
3,SSCP-6fd345919159adf4,1,1
3,SSCP-700378e20ddf7c6a,1,1
3,SSCP-7041a3e7d0f4a2e8,1,1
3,SSCP-705aa6dc25ad4ac3,1,1
3,SSCP-70c99fddebe0adb0,1,1
3,SSCP-711587c0594684f4,1,1
3,SSCP-71200506dd1e67cb,1,1
3,SSCP-713ec2efbdf65e30,1,1
3,SSCP-7184b29aa7e258ee,1,1
3,SSCP-723d852dd6756fb5,1,1
3,SSCP-72d03e80b0be2cb1,1,1
3,SSCP-73033ab9e5a73225,1,1
3,SSCP-7306b043253bd0e5,1,1
3,SSCP-732786c565d54f8f,1,1
3,SSCP-7328e6418345f52f,1,1
3,SSCP-733b8c382fa4bfd2,1,1
3,SSCP-73885c692f44e7b2,1,1
3,SSCP-747b9d0f24c80ec7,1,1
3,SSCP-74a85133dfcd6e7d,1,1
3,SSCP-74b13a9f23c4e673,1,1
3,SSCP-74dc96d8a7159072,1,1
3,SSCP-750f5bae6287821d,1,1
3,SSCP-75142159959d5cb9,1,1
3,SSCP-7550afb09be8d226,1,1
3,SSCP-7558a8b9600b1f81,1,1
3,SSCP-7584a619a771b6f0,1,1
3,SSCP-75c7af7c090c9b83,1,1
3,SSCP-75d04da78cfc146c,1,1
3,SSCP-75f4a3afe03fbdda,1,1
3,SSCP-75f5ff4365549127,1,1
3,SSCP-76034d49f3909685,1,1
3,SSCP-763717fd7c56a624,1,1
3,SSCP-7655e11cb4b75c8d,1,1
3,SSCP-76d5008b7b965178,1,1
3,SSCP-76eff1dd1288a408,1,1
3,SSCP-76f626950fe8ba7a,1,1
3,SSCP-77097c43b979ed02,1,1
3,SSCP-7741f97f775f3285,1,1
3,SSCP-774a3d5bf4ff1ea4,1,1
3,SSCP-77c78bc7522d1997,1,1
3,SSCP-77d55c2efeee956f,1,1
3,SSCP-78171775993f046d,1,1
3,SSCP-7830ca674c63928c,1,1
3,SSCP-78909c15f8bfd975,1,1
3,SSCP-78b2f5836fa77281,1,1
3,SSCP-78b85e0cbd58643e,1,1
3,SSCP-78fee748bca35762,1,1
3,SSCP-78ffcfadacea1ecd,1,1
3,SSCP-796ad7e7825bddb9,1,1
3,SSCP-7982464200b1a4fd,1,1
3,SSCP-79c6d4438ab23309,1,1
3,SSCP-79ce1c7d1c64ac16,1,1
3,SSCP-79d9969ea4b8e1cc,1,1
3,SSCP-79dc6b4a6f8aaec2,1,1
3,SSCP-79e94cd8cfcac9a9,1,1
3,SSCP-7a01be3565ee96f4,1,1
3,SSCP-7a05c6adee085941,1,1
3,SSCP-7a58910c0e91a80f,1,1
3,SSCP-7a6ff8721fa67979,1,1
3,SSCP-7a7ca0c8a7a940ff,1,1
3,SSCP-7ab134a30b9878c6,1,1
3,SSCP-7afdab44bd1b5e04,1,1
3,SSCP-7b053ec27808a10c,1,1
3,SSCP-7b0820a8f4c384a9,1,1
3,SSCP-7b1c6193733647a9,1,1
3,SSCP-7b23c78c0cbbca35,1,1
3,SSCP-7b6f75f13d3ca931,1,1
3,SSCP-7ba474cab40e6744,1,1
3,SSCP-7bd1928129f4f893,1,1
3,SSCP-7bd5903780aef536,1,1
3,SSCP-7be0a5917af69476,1,1
3,SSCP-7c373bcef22888eb,1,1
3,SSCP-7c3bed71404b73e0,1,1
3,SSCP-7c91fab0c6da178c,1,1
3,SSCP-7c96b403b61cbd51,1,1
3,SSCP-7ca8edc405c007d0,1,1
3,SSCP-7cb6762274fde5aa,1,1
3,SSCP-7cd645a84cc50445,1,1
3,SSCP-7cf6b5099ef2651e,1,1
3,SSCP-7cfdbcae308430b0,1,1
3,SSCP-7d200845682ab68f,1,1
3,SSCP-7d4783fcd98397a9,1,1
3,SSCP-7dc83a3dc3de7c67,1,1
3,SSCP-7dfb1d6e2ebbcd24,1,1
3,SSCP-7dfeabf034524e2e,1,1
3,SSCP-7e02b7b8a149b7ac,1,1
3,SSCP-7e5394c30d0f5f92,1,1
3,SSCP-7e57e653969139a3,1,1
3,SSCP-7ea24a071d03e6cb,1,1
3,SSCP-7eb0575dc199708f,1,1
3,SSCP-7ed92538e75eaad6,1,1
3,SSCP-7f16bf47b4eac318,1,1
3,SSCP-7f68b804697fa83b,1,1
3,SSCP-7f6da7b707707b13,1,1
3,SSCP-7f93853a002f695e,1,1
3,SSCP-7fa1ac299f53cf25,1,1
3,SSCP-8011409942422d95,1,1
3,SSCP-80c12ff25da6471c,1,1
3,SSCP-80cd1e35d35d629e,1,1
3,SSCP-81040a11b0141b1b,1,1
3,SSCP-811f3b34be8b6b38,1,1
3,SSCP-8124d82428dcdd35,1,1
3,SSCP-813d93799d16cb10,1,1
3,SSCP-81504dda02cf9e13,1,1
3,SSCP-818c60b27f214b7f,1,1
3,SSCP-818cc21ef6651cf2,1,1
3,SSCP-82279135274991f5,1,1
3,SSCP-82699cef622fd377,1,1
3,SSCP-82a420af2e26fa76,1,1
3,SSCP-82e8def3da3ca9c4,1,1
3,SSCP-83c2d4d1a18d83da,1,1
3,SSCP-84aa844e593861e8,1,1
3,SSCP-84c617c7d8161814,1,1
3,SSCP-84d287ad721484c9,1,1
3,SSCP-84e3e858c42f2ffc,1,1
3,SSCP-8536b535ff245afd,1,1
3,SSCP-85371653897c6d88,1,1
3,SSCP-853a9e3b6f5d627a,1,1
3,SSCP-858a1505583f9749,1,1
3,SSCP-85b160ad8650396e,1,1
3,SSCP-85e8de5baad62979,1,1
3,SSCP-863047c460278521,1,1
3,SSCP-863e3b3f391f396b,1,1
3,SSCP-863eb9ac5fbd93f2,1,1
3,SSCP-864bb3357644e60e,1,1
3,SSCP-8720c61a2681220c,1,1
3,SSCP-872b7fa7a320c64d,1,1
3,SSCP-87d7e30aaf4d96f2,1,1
3,SSCP-880d027db8b0dae5,1,1
3,SSCP-880f1d6db1543643,1,1
3,SSCP-8811018ef2d9b6fc,1,1
3,SSCP-88111ba4ef652913,1,1
3,SSCP-88185b72994ff278,1,1
3,SSCP-888ec90daba33ec5,1,1
3,SSCP-889e00345493ef8d,1,1
3,SSCP-88db50e1a5f54e1d,1,1
3,SSCP-88e78acc804181d4,1,1
3,SSCP-88e8d2f66bfcffa6,1,1
3,SSCP-89043c140696824b,1,1
3,SSCP-893008c117ffee22,1,1
3,SSCP-893c84af0edf63df,1,1
3,SSCP-8993f90d5635b47b,1,1
3,SSCP-89b72747851abb48,1,1
3,SSCP-89c6494771611e46,1,1
3,SSCP-89e06f11c06cc15b,1,1
3,SSCP-8a01a3da88342e56,1,1
3,SSCP-8a18f985738488ac,1,1
3,SSCP-8a8be1309b983678,1,1
3,SSCP-8ab5b5f79a3f6fb8,1,1
3,SSCP-8af5cb3c7c96aa87,1,1
3,SSCP-8b048253e96b48a6,1,1
3,SSCP-8b2a85ed0ff83499,1,1
3,SSCP-8b5fba6dc5c869b1,1,1
3,SSCP-8b817c5d1d139239,1,1
3,SSCP-8b96ec25b1d7f6f1,1,1
3,SSCP-8bc274ec72e91353,1,1
3,SSCP-8bf9cf4ab3eae7bb,1,1
3,SSCP-8c6601d31ab7bd90,1,1
3,SSCP-8cb7665ca135bce7,1,1
3,SSCP-8cf556e869ef53ac,1,1
3,SSCP-8d83a04233f9df0c,1,1
3,SSCP-8d9717730e50339b,1,1
3,SSCP-8d9f29507558369c,1,1
3,SSCP-8da8d355ad8580ad,1,1
3,SSCP-8db1848162102365,1,1
3,SSCP-8e38ea335a0fedef,1,1
3,SSCP-8e4f451a56081405,1,1
3,SSCP-8ee7e860144dd1d1,1,1
3,SSCP-8f0a9adcc1206a71,1,1
3,SSCP-8f0c3d4dcfa95940,1,1
3,SSCP-8f601b715661043f,1,1
3,SSCP-8f759a8855eb6841,1,1
3,SSCP-8fa2e24e73c97711,1,1
3,SSCP-8fd66f960bfbd5c9,1,1
3,SSCP-8ffd7658b00a3b9a,1,1
3,SSCP-90167a317bb1bba1,1,1
3,SSCP-902c508d311d035a,1,1
3,SSCP-90699ac5e563a7a4,1,1
3,SSCP-9094f8e22f63cf84,1,1
3,SSCP-90bbc8009789f04d,1,1
3,SSCP-90d17f323138de7b,1,1
3,SSCP-90d63facdb1967d3,1,1
3,SSCP-90d97309e1f9d8f1,1,1
3,SSCP-912b067574b6e2a2,1,1
3,SSCP-912e747dd7c5250a,1,1
3,SSCP-9136750a3a059d81,1,1
3,SSCP-91505f1d1b35d053,1,1
3,SSCP-91635f53ae23c219,1,1
3,SSCP-91b43fd51519bc76,1,1
3,SSCP-91e6786f75ab8508,1,1
3,SSCP-92d894b5aaa5f492,1,1
3,SSCP-92f016d85032e799,1,1
3,SSCP-92f3e47168a23963,1,1
3,SSCP-930570adc4dce2b8,1,1
3,SSCP-930df227a70bfeea,1,1
3,SSCP-930e3bdd7a724672,1,1
3,SSCP-933f2b1afcc99d7a,1,1
3,SSCP-93539b3d71d4736a,1,1
3,SSCP-935e9710e2fdefa2,1,1
3,SSCP-9367b9a23503d097,1,1
3,SSCP-938ad587d1d57a41,1,1
3,SSCP-93bcfd091dd51bfb,1,1
3,SSCP-93cc67a3fdf4eee0,1,1
3,SSCP-93d31c22e02dcae6,1,1
3,SSCP-940156e4531284a3,1,1
3,SSCP-94bb6e4b58162b02,1,1
3,SSCP-94be9fb76e749a52,1,1
3,SSCP-94f66ef40c7ae989,1,1
3,SSCP-952d84b2a2d08469,1,1
3,SSCP-9538ae499f2b56cb,1,1
3,SSCP-953fa45644d8a881,1,1
3,SSCP-956941046fcfab9d,1,1
3,SSCP-9599de33a17a48e0,1,1
3,SSCP-95c5350a5f5747d0,1,1
3,SSCP-95c7b53901ec23c8,1,1
3,SSCP-95e3d6cf5a5bbf30,1,1
3,SSCP-95fb8903c174f6d4,1,1
3,SSCP-95fbefe38cd1e6cb,1,1
3,SSCP-960ce4cd82d2a10e,1,1
3,SSCP-962c8ab4ed71d56e,1,1
3,SSCP-96459366243e7248,1,1
3,SSCP-968089671a2c98ee,1,1
3,SSCP-96be2765ee0ba2ce,1,1
3,SSCP-971abd1071a17a9a,1,1
3,SSCP-9739ee79e1ec975d,1,1
3,SSCP-97a474aab53cdd82,1,1
3,SSCP-97b3f79396e49017,1,1
3,SSCP-97d47dcb7d121d42,1,1
3,SSCP-97df74a05aad303b,1,1
3,SSCP-98265ce429df5de0,1,1
3,SSCP-982d94feba9efbd0,1,1
3,SSCP-9851280b7c576d5f,1,1
3,SSCP-9856d0a3efa9b8f8,1,1
3,SSCP-98a7f30d3c3566ea,1,1
3,SSCP-98da63e39f86e74f,1,1
3,SSCP-98e9f642a59c0071,1,1
3,SSCP-995dccab363ab9f0,1,1
3,SSCP-99b9bda6b21de42a,1,1
3,SSCP-9a2106acb082ea36,1,1
3,SSCP-9a351bb677264a80,1,1
3,SSCP-9a93620f2877e635,1,1
3,SSCP-9a95b7fa80796612,1,1
3,SSCP-9a9d535146bac5ae,1,1
3,SSCP-9ad2d65f300d119c,1,1
3,SSCP-9aeabe019615b96e,1,1
3,SSCP-9b0debfe50daa401,1,1
3,SSCP-9b15782b1942aa0d,1,1
3,SSCP-9b28e0b54552570e,1,1
3,SSCP-9b4bd5d91a3bd4d7,1,1
3,SSCP-9b6dfe11b9f5f7c0,1,1
3,SSCP-9ba2c001841ad9db,1,1
3,SSCP-9baaedecc6eff776,1,1
3,SSCP-9bcd95e33eb90614,1,1
3,SSCP-9bdf361189b3017d,1,1
3,SSCP-9bedb75bb504dc89,1,1
3,SSCP-9bfebc7e137a0ac0,1,1
3,SSCP-9c119691821322b0,1,1
3,SSCP-9c653e5b210941a4,1,1
3,SSCP-9c791dcab24f35c3,1,1
3,SSCP-9cd03db38a7ec7d4,1,1
3,SSCP-9d0322d71fe332f3,1,1
3,SSCP-9d463366489fd0e8,1,1
3,SSCP-9d4fa508dc463d6f,1,1
3,SSCP-9d6a58dfa8c619db,1,1
3,SSCP-9d94d35748186a2f,1,1
3,SSCP-9da933527de5ab2c,1,1
3,SSCP-9dd43e7494b34d38,1,1
3,SSCP-9ddf195e3399a48e,1,1
3,SSCP-9dfa492779b0e65e,1,1
3,SSCP-9e2fea588e5f83ce,1,1
3,SSCP-9ea50a8108ab5014,1,1
3,SSCP-9eb75afe78866397,1,1
3,SSCP-9ecca02e1afd6153,1,1
3,SSCP-9ecd86fbafdf5dc3,1,1
3,SSCP-9ed5910664666989,1,1
3,SSCP-9ee04c2f99adf2f0,1,1
3,SSCP-9eeff14d84cdc1e5,1,1
3,SSCP-9fb2885fad2f8999,1,1
3,SSCP-9fd106a5c4113941,1,1
3,SSCP-a085def931b12695,1,1
3,SSCP-a08c3698e6b597af,1,1
3,SSCP-a0cffc6edb5a5c63,1,1
3,SSCP-a13587005a5efaf4,1,1
3,SSCP-a174b446808a302d,1,1
3,SSCP-a1910ac1524ba60d,1,1
3,SSCP-a1d42a8e9e5f6eca,1,1
3,SSCP-a1e739f3a781dc37,1,1
3,SSCP-a219cc98971fec70,1,1
3,SSCP-a231d4deb74ec77e,1,1
3,SSCP-a26c77a1250ea29a,1,1
3,SSCP-a2eae24a162f0659,1,1
3,SSCP-a31184100a992a68,1,1
3,SSCP-a32b99cb9f4ffc56,1,1
3,SSCP-a32e7bc14392869c,1,1
3,SSCP-a34bac16b2bcec6c,1,1
3,SSCP-a3663ecbef2876b9,1,1
3,SSCP-a36db26899889060,1,1
3,SSCP-a37a6025a11c03f0,1,1
3,SSCP-a3c1b91b8fc5c942,1,1
3,SSCP-a3db2cefc2169414,1,1
3,SSCP-a3dcd1a97d54eb24,1,1
3,SSCP-a3e35bc92275a5ef,1,1
3,SSCP-a3ee0e958c2fd018,1,1
3,SSCP-a402f585cdab0ddb,1,1
3,SSCP-a405e16d7765609d,1,1
3,SSCP-a44ea30ad2d41745,1,1
3,SSCP-a45465c43a3682a7,1,1
3,SSCP-a460c7e5e94fca75,1,1
3,SSCP-a464a11ba542f9e7,1,1
3,SSCP-a4668f40f90200dd,1,1
3,SSCP-a49238d4f85aa766,1,1
3,SSCP-a4e689f48361adc8,1,1
3,SSCP-a554b0cd844273f8,1,1
3,SSCP-a58ff7400da61ebf,1,1
3,SSCP-a5cbd4547514228a,1,1
3,SSCP-a6008a19da146e4b,1,1
3,SSCP-a61736fe7395e8cf,1,1
3,SSCP-a627c22683999756,1,1
3,SSCP-a6b6cf3f23d6043f,1,1
3,SSCP-a6c64cd944c55780,1,1
3,SSCP-a720c2919103a3a0,1,1
3,SSCP-a74f8fb4301cc549,1,1
3,SSCP-a76f237103601f62,1,1
3,SSCP-a79fda899b647871,1,1
3,SSCP-a7c51a66d3bcb2c6,1,1
3,SSCP-a7cf07c21bfefc44,1,1
3,SSCP-a7e1ddb174b0567b,1,1
3,SSCP-a7ed39dbe0c2d4e1,1,1
3,SSCP-a7efc75a06d7b75e,1,1
3,SSCP-a842fcd9ee5e6f26,1,1
3,SSCP-a8bc655a190988e1,1,1
3,SSCP-a8cf5eec4465923c,1,1
3,SSCP-a8d601e5b7919683,1,1
3,SSCP-a9390572aa069e38,1,1
3,SSCP-a985b5e7c93eb384,1,1
3,SSCP-a9b145b440fe5a2a,1,1
3,SSCP-a9f094cfee298572,1,1
3,SSCP-aa3f42b41ca7e75f,1,1
3,SSCP-aa9f33632dfd987a,1,1
3,SSCP-aacbd9a85f0f04f5,1,1
3,SSCP-aaf9a0dbb3bad78b,1,1
3,SSCP-ab1887a0b2e59185,1,1
3,SSCP-ab2d00ac1b000dfe,1,1
3,SSCP-ab3eae7e954888ce,1,1
3,SSCP-ab59e9ae083dd5d2,1,1
3,SSCP-ab95b588ef13da41,1,1
3,SSCP-abb35a9a7a266f44,1,1
3,SSCP-abd12d837f53d4bc,1,1
3,SSCP-abdb9c6f9b0600bb,1,1
3,SSCP-abf60b1ffc54f497,1,1
3,SSCP-ac0db2de1cf9666e,1,1
3,SSCP-ac2bb91e744e10f4,1,1
3,SSCP-ac42ea9fd8240599,1,1
3,SSCP-accdb815f83c64ff,1,1
3,SSCP-acf88be2bd3def6b,1,1
3,SSCP-ad0a6dcf2b5b900a,1,1
3,SSCP-ad188e7db0f58850,1,1
3,SSCP-ad545f9219a2de3e,1,1
3,SSCP-ad58988c723da7ab,1,1
3,SSCP-ad597828c2f57920,1,1
3,SSCP-ad6601f6a8dde79e,1,1
3,SSCP-adaa63ea7e5aefdc,1,1
3,SSCP-adabf96d7fdbe989,1,1
3,SSCP-ae01293f6e9eea1e,1,1
3,SSCP-ae5d81c33fbc22f2,1,1
3,SSCP-aeabe573acc3305b,1,1
3,SSCP-aeb50e61e700e4a5,1,1
3,SSCP-aedd3f10f756dd02,1,1
3,SSCP-aee55680ce3c707c,1,1
3,SSCP-aefe6c8ab253b98f,1,1
3,SSCP-af0b9b5b72bab94a,1,1
3,SSCP-af89ab77071960a7,1,1
3,SSCP-af9031363b50c813,1,1
3,SSCP-af95173ad5e1a8c1,1,1
3,SSCP-afaa755d02c22264,1,1
3,SSCP-b00452db15a78bf9,1,1
3,SSCP-b0310b76fb599162,1,1
3,SSCP-b09253ac026555b0,1,1
3,SSCP-b0e8c95f7b7bd1b5,1,1
3,SSCP-b101e37e841622a0,1,1
3,SSCP-b156d17294c79006,1,1
3,SSCP-b16107e4bdf22b9b,1,1
3,SSCP-b164ae493894aa6e,1,1
3,SSCP-b17483b20a1a37c6,1,1
3,SSCP-b192c0ba93a419b0,1,1
3,SSCP-b1ac1c6a44366c12,1,1
3,SSCP-b1f782029c833594,1,1
3,SSCP-b1fab98a268c75d2,1,1
3,SSCP-b1fefd31900805c2,1,1
3,SSCP-b2152c604dd12623,1,1
3,SSCP-b262ac2e1cb60a70,1,1
3,SSCP-b2908788998f4ebe,1,1
3,SSCP-b2bd4ed53f49a00c,1,1
3,SSCP-b2c00ee2bcabb072,1,1
3,SSCP-b2c76e72540dba66,1,1
3,SSCP-b2e0218fe9139d7f,1,1
3,SSCP-b35134195b5cd76b,1,1
3,SSCP-b373e3d5bd07edd3,1,1
3,SSCP-b378c828620f6b5b,1,1
3,SSCP-b3b7889d4de5ec13,1,1
3,SSCP-b3ca318a43020f55,1,1
3,SSCP-b401b6ffb77432d8,1,1
3,SSCP-b50def781a3ec49b,1,1
3,SSCP-b54d8ef742dd22d3,1,1
3,SSCP-b5875430d3053f6c,1,1
3,SSCP-b59e340c8a4d7e8f,1,1
3,SSCP-b5b8fcbb03ef1824,1,1
3,SSCP-b5bf9eaf88362028,1,1
3,SSCP-b5c10da2b2122cb0,1,1
3,SSCP-b5c3d38d13881bf0,1,1
3,SSCP-b657b277e4a89dbb,1,1
3,SSCP-b65d9188e88bee00,1,1
3,SSCP-b66d00e134ec0df8,1,1
3,SSCP-b6779b958222b17a,1,1
3,SSCP-b69cefa1f724c3b6,1,1
3,SSCP-b6b855044eeb9973,1,1
3,SSCP-b6b98d75e95daefd,1,1
3,SSCP-b6de05f61b7bccb4,1,1
3,SSCP-b704ab9f6c7b1334,1,1
3,SSCP-b7221988079809cd,1,1
3,SSCP-b728bbca0c2f4cf7,1,1
3,SSCP-b76b0d624e0feec4,1,1
3,SSCP-b785746f63758cc0,1,1
3,SSCP-b78fd823ff89c822,1,1
3,SSCP-b7988c2fa9cf987f,1,1
3,SSCP-b7b689fde5732270,1,1
3,SSCP-b7d3fd37af35d507,1,1
3,SSCP-b7fee72616cfaad0,1,1
3,SSCP-b82f602ea858229d,1,1
3,SSCP-b843e891b3b3d0a9,1,1
3,SSCP-b844253674f4e29e,1,1
3,SSCP-b88151dbf41cefc2,1,1
3,SSCP-b899469b0cf7c0f3,1,1
3,SSCP-b8ad69d240f3bc34,1,1
3,SSCP-b9120ab67e0d1667,1,1
3,SSCP-b91adee376351aeb,1,1
3,SSCP-b92be61001a0503e,1,1
3,SSCP-b95518392987a943,1,1
3,SSCP-b97e5cb97fd8374e,1,1
3,SSCP-b9bfa21edba01fe6,1,1
3,SSCP-b9c338f3f764234d,1,1
3,SSCP-b9f0ec64714ada88,1,1
3,SSCP-ba37d504cdaf0eeb,1,1
3,SSCP-ba427e22bee03678,1,1
3,SSCP-ba72ae0a589d7a7c,1,1
3,SSCP-ba823ef269ec542a,1,1
3,SSCP-baa07a896e706b41,1,1
3,SSCP-badb7afa282f9630,1,1
3,SSCP-bae348c7a45eafd4,1,1
3,SSCP-baed35e60cc08f11,1,1
3,SSCP-bb0e3abee4e78b32,1,1
3,SSCP-bb2c338a327c6ed6,1,1
3,SSCP-bb33a646f5c1b79c,1,1
3,SSCP-bb3699b8fe93261c,1,1
3,SSCP-bb46cd632f0c1101,1,1
3,SSCP-bb4fb15ccf1be883,1,1
3,SSCP-bb6116b20d1b9495,1,1
3,SSCP-bb994ce3e62966be,1,1
3,SSCP-bbaa72f1a601307f,1,1
3,SSCP-bbfc16084866ff33,1,1
3,SSCP-bc239afd281f0864,1,1
3,SSCP-bc61bb406d89d67c,1,1
3,SSCP-bc78dace3a5c3365,1,1
3,SSCP-bc7fc5014a35bbdb,1,1
3,SSCP-bcb047f908d67d06,1,1
3,SSCP-bccdb8698bd2194b,1,1
3,SSCP-bcde196dc7c73f3f,1,1
3,SSCP-bd4f01b16abf4432,1,1
3,SSCP-bd8e49116ae4de2b,1,1
3,SSCP-bdf0a0e9000b4f48,1,1
3,SSCP-be0e7ff200310ebb,1,1
3,SSCP-be262982e3682924,1,1
3,SSCP-be72bc7b68d57b60,1,1
3,SSCP-be7cbddf297169ed,1,1
3,SSCP-beb2835f895303b1,1,1
3,SSCP-bedd47161dc2aecd,1,1
3,SSCP-befcff1befcd245f,1,1
3,SSCP-bf61a7703544e740,1,1
3,SSCP-bfb3d5a6933e3e69,1,1
3,SSCP-bfbf4d306cccae47,1,1
3,SSCP-bffd48c933950f27,1,1
3,SSCP-c017981df177980d,1,1
3,SSCP-c07c2b0f26489eef,1,1
3,SSCP-c07cb9a8d6e09222,1,1
3,SSCP-c0ccc8d9e34db661,1,1
3,SSCP-c0e3ec639a19a4ce,1,1
3,SSCP-c0edc1ba654e08f8,1,1
3,SSCP-c0f62b84863733f3,1,1
3,SSCP-c107827a1f7a1b7c,1,1
3,SSCP-c1b431fff7fd98b6,1,1
3,SSCP-c1d6a40e47980238,1,1
3,SSCP-c205addb1186cab6,1,1
3,SSCP-c21b86190446e4b0,1,1
3,SSCP-c27ca192d200a55f,1,1
3,SSCP-c29f2aef899980ea,1,1
3,SSCP-c2a4867d3137da91,1,1
3,SSCP-c2b6aa0708738d4a,1,1
3,SSCP-c2ed85d55d3dc77f,1,1
3,SSCP-c321ae4021110184,1,1
3,SSCP-c32c8d366d3fe465,1,1
3,SSCP-c3cee308a471cec5,1,1
3,SSCP-c431268993721b65,1,1
3,SSCP-c4358fb420b233a3,1,1
3,SSCP-c4535385b557ab8b,1,1
3,SSCP-c463df9a42701be9,1,1
3,SSCP-c4793a974b34a389,1,1
3,SSCP-c4bc8538bd68ee6e,1,1
3,SSCP-c4fc80f6ce5c4ad6,1,1
3,SSCP-c511c082f29a904d,1,1
3,SSCP-c541f4b2a013e591,1,1
3,SSCP-c54a845629680856,1,1
3,SSCP-c57c2d63665d4d5e,1,1
3,SSCP-c5a3fcd0b3b7ce16,1,1
3,SSCP-c5bcddb59b92b467,1,1
3,SSCP-c5c6f933fed344fd,1,1
3,SSCP-c645aa832f1aee84,1,1
3,SSCP-c69a82f730e52126,1,1
3,SSCP-c6c153fe7a82d51c,1,1
3,SSCP-c752499a16119137,1,1
3,SSCP-c76e627c71d6c1f1,1,1
3,SSCP-c7b08cf617ce06c3,1,1
3,SSCP-c7d155f6db5068a1,1,1
3,SSCP-c7f4c9d4982e71df,1,1
3,SSCP-c7f79e5654ade4b2,1,1
3,SSCP-c80a84c2fcd05fda,1,1
3,SSCP-c8109bb5e0881af6,1,1
3,SSCP-c819e8e4c468b5cc,1,1
3,SSCP-c81dc59e3a153e80,1,1
3,SSCP-c8385efd2823f1a7,1,1
3,SSCP-c885d83d5293fdb2,1,1
3,SSCP-c8dad88bb1a00d9b,1,1
3,SSCP-c8f7b752c18330b1,1,1
3,SSCP-c90a8d6cf074b089,1,1
3,SSCP-c929547136c56bbf,1,1
3,SSCP-c93db90ae0bd1469,1,1
3,SSCP-c98affdd6977e92e,1,1
3,SSCP-c9a31745a241cb10,1,1
3,SSCP-c9a630005c138467,1,1
3,SSCP-c9ae4b6610decce6,1,1
3,SSCP-c9bb6bb26cfbbd20,1,1
3,SSCP-c9c4bb283e8e1591,1,1
3,SSCP-ca05c340128cf3e4,1,1
3,SSCP-ca0865374a8da247,1,1
3,SSCP-ca167fa74b0cdedd,1,1
3,SSCP-ca1aa14a9f8dbabb,1,1
3,SSCP-ca775983cd24fa48,1,1
3,SSCP-ca94af7e57b0936f,1,1
3,SSCP-cab7d1f9e731fd7d,1,1
3,SSCP-cb00cb7fd2bb7c1e,1,1
3,SSCP-cb515b9c623ed1cc,1,1
3,SSCP-cba1c3d3447695da,1,1
3,SSCP-cbab3d93c2908b23,1,1
3,SSCP-cbb06331ff4de4bd,1,1
3,SSCP-cbe0f7c29ae2c93f,1,1
3,SSCP-cbebd6c7e60f4dac,1,1
3,SSCP-cc06eabfc6ddeb05,1,1
3,SSCP-cca2f6a662b80b66,1,1
3,SSCP-ccedc972691080dc,1,1
3,SSCP-cd0a8d36fd1c1934,1,1
3,SSCP-cd1636f7aa50557c,1,1
3,SSCP-cd21bbb2772b1237,1,1
3,SSCP-cd3178c2245ad24c,1,1
3,SSCP-cd5563f6e9e67a96,1,1
3,SSCP-cd8f01e624e3d060,1,1
3,SSCP-cdb1298976b3a521,1,1
3,SSCP-ce2351d975a0ab8b,1,1
3,SSCP-ce38d76d95a6d6a4,1,1
3,SSCP-ce4058358944ba9f,1,1
3,SSCP-ce4204320efeb1f4,1,1
3,SSCP-cef3b598a2b29235,1,1
3,SSCP-cf07c2cd6b72202e,1,1
3,SSCP-cf22f24cb1f7b215,1,1
3,SSCP-cfef832e5cf8da3b,1,1
3,SSCP-d014840ae2eb6a13,1,1
3,SSCP-d041425524c700f6,1,1
3,SSCP-d088b2920d13d46d,1,1
3,SSCP-d09af572775dced1,1,1
3,SSCP-d0ae616a7a00aa19,1,1
3,SSCP-d10d01bc01f23168,1,1
3,SSCP-d206997ca04705e2,1,1
3,SSCP-d211540c5f8fcd45,1,1
3,SSCP-d272ec737b946b6b,1,1
3,SSCP-d274bb16a7e85226,1,1
3,SSCP-d2d375b7f7cfad8b,1,1
3,SSCP-d3530c33ff3b6fa9,1,1
3,SSCP-d3a3ec186fb6bcae,1,1
3,SSCP-d3b8d4288789d26b,1,1
3,SSCP-d3df3c5b6c8f31ac,1,1
3,SSCP-d416715d03ec5213,1,1
3,SSCP-d46297e1a4cc052f,1,1
3,SSCP-d46935afbc6dbb6a,1,1
3,SSCP-d47832ff3f00542c,1,1
3,SSCP-d4ad0f7aaf64eaa5,1,1
3,SSCP-d4b90fddc3bb1259,1,1
3,SSCP-d4d0de5750618f86,1,1
3,SSCP-d4d1adcb63ea92bf,1,1
3,SSCP-d5283ccddf8316f7,1,1
3,SSCP-d52b59d3266bcf20,1,1
3,SSCP-d544cf34020a33f6,1,1
3,SSCP-d5544a5b140af3f2,1,1
3,SSCP-d554a2a00059f55e,1,1
3,SSCP-d56e18a843f60344,1,1
3,SSCP-d59d53987b840290,1,1
3,SSCP-d5aa610785f9c823,1,1
3,SSCP-d5d3814c70bf8316,1,1
3,SSCP-d68c96e242e55771,1,1
3,SSCP-d6b77dd701da8a41,1,1
3,SSCP-d74d427123223709,1,1
3,SSCP-d750d642dc5dad90,1,1
3,SSCP-d7592b14b1f51f9b,1,1
3,SSCP-d77e5404724fc13d,1,1
3,SSCP-d7a413afbbc78d0f,1,1
3,SSCP-d7a6e14ebfce2d50,1,1
3,SSCP-d7b7618f18de3f0f,1,1
3,SSCP-d80676ef20804d26,1,1
3,SSCP-d82e0126b5dff6ea,1,1
3,SSCP-d86229d7a0461632,1,1
3,SSCP-d892eae135ccbf6c,1,1
3,SSCP-d895a6c1fa4a426d,1,1
3,SSCP-d8ce0780119746c4,1,1
3,SSCP-d916e6b253761cc9,1,1
3,SSCP-d958edbf67173394,1,1
3,SSCP-d9b41e52474e6df3,1,1
3,SSCP-d9d2cb2d480fa47b,1,1
3,SSCP-d9eedefe5e98a993,1,1
3,SSCP-da22cad96c7c0f20,1,1
3,SSCP-da6b18d11f6b0fc4,1,1
3,SSCP-da75eafa63b7f95c,1,1
3,SSCP-dada03d4832466b0,1,1
3,SSCP-dae45b75d60931ec,1,1
3,SSCP-daf65a3743debcc6,1,1
3,SSCP-db9d7349a30c9100,1,1
3,SSCP-dbde31c654fb874f,1,1
3,SSCP-dbe0c3c38e7cbfa1,1,1
3,SSCP-dbffe6a054ee9fca,1,1
3,SSCP-dc307feec62a08a5,1,1
3,SSCP-dc3eaef74a2b00d2,1,1
3,SSCP-dc6d81c00012686b,1,1
3,SSCP-dca057ebc16a89c2,1,1
3,SSCP-dceadcbd3b8476d0,1,1
3,SSCP-dcf84bedddf42ab2,1,1
3,SSCP-dd207fee167252fb,1,1
3,SSCP-dd321c35b798f106,1,1
3,SSCP-dd7418f61ad12861,1,1
3,SSCP-dd8ddd7321a64ad1,1,1
3,SSCP-ddd68bb1b9bbb400,1,1
3,SSCP-ddee6e27d1d3c29c,1,1
3,SSCP-ddfa04f1449b6ccf,1,1
3,SSCP-de0eebf3f53b0825,1,1
3,SSCP-de98a10099d87488,1,1
3,SSCP-ded3f01ecffd53d1,1,1
3,SSCP-df2d2d330c059884,1,1
3,SSCP-df51e7d2b9f060c7,1,1
3,SSCP-df68ea599fb936bd,1,1
3,SSCP-dfb740e78e817221,1,1
3,SSCP-dfc3b6974f8c41ca,1,1
3,SSCP-e03bb6caca463d34,1,1
3,SSCP-e0484f9c4141174e,1,1
3,SSCP-e0aa02c7aefbb7b3,1,1
3,SSCP-e10ba052e2d30eec,1,1
3,SSCP-e186e7fd4933f09d,1,1
3,SSCP-e1b87751bf5d3e36,1,1
3,SSCP-e1ed562e096af8c3,1,1
3,SSCP-e21c030e22407e2a,1,1
3,SSCP-e22a6dc95d34d382,1,1
3,SSCP-e236f3c28dca25dc,1,1
3,SSCP-e24e29d320d8d95c,1,1
3,SSCP-e251525814586983,1,1
3,SSCP-e2937a83259c6253,1,1
3,SSCP-e30c4b4f65e81372,1,1
3,SSCP-e32a8f2d98baa8ff,1,1
3,SSCP-e39fea5beea69b6a,1,1
3,SSCP-e405fcaaf843c1b3,1,1
3,SSCP-e41bccd224b2a6c1,1,1
3,SSCP-e4618bb9df0d1fdb,1,1
3,SSCP-e477dc2ef52341f7,1,1
3,SSCP-e48a003ada407faf,1,1
3,SSCP-e48e6cfe13a7db84,1,1
3,SSCP-e4a1f58d345e747e,1,1
3,SSCP-e4a3416b506ea548,1,1
3,SSCP-e4c2651669c4ad54,1,1
3,SSCP-e4f68807b89cd613,1,1
3,SSCP-e545ef34d517667b,1,1
3,SSCP-e5818aa16129e1cb,1,1
3,SSCP-e58766ae3c82df6b,1,1
3,SSCP-e5a10db5959d43e1,1,1
3,SSCP-e5d500fb13e7b26e,1,1
3,SSCP-e683b2781eede751,1,1
3,SSCP-e6a1d6070f5ce8ba,1,1
3,SSCP-e6ac41f460e5ddb1,1,1
3,SSCP-e6ed29fd6d432c68,1,1
3,SSCP-e76231b2c1b14d71,1,1
3,SSCP-e78b34ec0ca43218,1,1
3,SSCP-e7ab48491acf8c36,1,1
3,SSCP-e7d0e95b30a4b892,1,1
3,SSCP-e7e09882611e95e3,1,1
3,SSCP-e80f8091d0e0a2d0,1,1
3,SSCP-e8630bb1d6a4b3ba,1,1
3,SSCP-e8b414276bbc06c0,1,1
3,SSCP-e91fa02a382fb4a0,1,1
3,SSCP-e9ba6a3dd207a3c4,1,1
3,SSCP-e9e080659413a6a2,1,1
3,SSCP-e9f67b522b3977d4,1,1
3,SSCP-e9fff900594e15b4,1,1
3,SSCP-eabc3724052f7939,1,1
3,SSCP-eb08e4406f9d5b50,1,1
3,SSCP-eb4193b805bf0115,1,1
3,SSCP-eb626cf06971736b,1,1
3,SSCP-eb98fa6c4bd5a28b,1,1
3,SSCP-ebe19935051a16ba,1,1
3,SSCP-ebf03fd19f830329,1,1
3,SSCP-ebf5199ba84c6c62,1,1
3,SSCP-ec043ea122525b98,1,1
3,SSCP-ec0b38db01a1a55e,1,1
3,SSCP-ec2ce680d264a9a2,1,1
3,SSCP-ec6dae0e80b8a33b,1,1
3,SSCP-ec7aa1c21c8f5736,1,1
3,SSCP-eca00254bc293d06,1,1
3,SSCP-ecbbf09bf668a987,1,1
3,SSCP-ed290f8853b672cf,1,1
3,SSCP-ed4e6a51bc5cd957,1,1
3,SSCP-ed92419cf27b71c9,1,1
3,SSCP-ee22816d2df991bd,1,1
3,SSCP-ee71b8bf53f24334,1,1
3,SSCP-eeded4b7fe3cf18d,1,1
3,SSCP-eee50953b01072ee,1,1
3,SSCP-eeefa5a30290bd33,1,1
3,SSCP-ef2ac76769956303,1,1
3,SSCP-ef30692d22da2413,1,1
3,SSCP-ef3f13ab015d6dd7,1,1
3,SSCP-ef42ff10ae6b841b,1,1
3,SSCP-ef6913e40cc67789,1,1
3,SSCP-efae4a906421b98c,1,1
3,SSCP-efbc9110e8d1de20,1,1
3,SSCP-efbdeb059aeb1837,1,1
3,SSCP-effdd44cd31cbdf7,1,1
3,SSCP-f15bc11ca2b7250c,1,1
3,SSCP-f2317c89c567ffdb,1,1
3,SSCP-f234f03c0eb6bfee,1,1
3,SSCP-f2473b8c4aac366a,1,1
3,SSCP-f25d4890000ef52e,1,1
3,SSCP-f293c5ecdca3a313,1,1
3,SSCP-f2ca9591a15a9afb,1,1
3,SSCP-f2ce440ac8a0e182,1,1
3,SSCP-f306616585fe1371,1,1
3,SSCP-f31d82ebcc21ef34,1,1
3,SSCP-f35a751a414f5cf2,1,1
3,SSCP-f3609eb2698f0c4a,1,1
3,SSCP-f3c02a516ded93c3,1,1
3,SSCP-f3ce1940be5e15ae,1,1
3,SSCP-f3dccb37ad832c40,1,1
3,SSCP-f42b399bf94b0ab8,1,1
3,SSCP-f42f69530413355b,1,1
3,SSCP-f434008326bab244,1,1
3,SSCP-f4410a680c70a94e,1,1
3,SSCP-f4f3b7b8bf07ac0b,1,1
3,SSCP-f5016c98f3a2bc4b,1,1
3,SSCP-f50db51aff30fc74,1,1
3,SSCP-f5742c0998c92e5a,1,1
3,SSCP-f58b2a957ce8fade,1,1
3,SSCP-f5906099120c9b91,1,1
3,SSCP-f5a5283884e6285a,1,1
3,SSCP-f5bc444b75a8cc46,1,1
3,SSCP-f5fd1fc6011008f9,1,1
3,SSCP-f61eec984e6ba422,1,1
3,SSCP-f628d87369d13116,1,1
3,SSCP-f6727f2ac32bc85f,1,1
3,SSCP-f6abce2332bde77b,1,1
3,SSCP-f6ac2060e75ab757,1,1
3,SSCP-f6c48fad5745a164,1,1
3,SSCP-f6e70dc540ae59d5,1,1
3,SSCP-f7607212f2a9c5de,1,1
3,SSCP-f79053ecbd26f6b6,1,1
3,SSCP-f7cf77450202526b,1,1
3,SSCP-f7d047cf5f26df4c,1,1
3,SSCP-f806980795d98004,1,1
3,SSCP-f814d5332ecdbffe,1,1
3,SSCP-f893b931e61f2b52,1,1
3,SSCP-f8aaba7072e0e8ba,1,1
3,SSCP-f8b7e23d034bfeb7,1,1
3,SSCP-f8cdab8ae7f6fd5a,1,1
3,SSCP-f904c2c3960f8edd,1,1
3,SSCP-f98e17fb66d425eb,1,1
3,SSCP-fa3cfb4a607dbeb6,1,1
3,SSCP-fa6c69844c1130b7,1,1
3,SSCP-fa8232c8268a814e,1,1
3,SSCP-fad3881eaab4c93c,1,1
3,SSCP-fb171ca593250802,1,1
3,SSCP-fb755da3380e9a20,1,1
3,SSCP-fb79bb29d3f1d0c9,1,1
3,SSCP-fbf921e344618544,1,1
3,SSCP-fc35604d5ccf95fa,1,1
3,SSCP-fcb9fb3ed5accc4c,1,1
3,SSCP-fd3823694f5576c2,1,1
3,SSCP-fd6bf40188c0e284,1,1
3,SSCP-fdbc5b35abf11222,1,1
3,SSCP-fe46feda574e356d,1,1
3,SSCP-fe4c7d9bef799e4b,1,1
3,SSCP-fe4d1748189c33bf,1,1
3,SSCP-fe85085797507971,1,1
3,SSCP-feabece44284913f,1,1
3,SSCP-fec0f87197389d25,1,1
3,SSCP-ff00cc6d61245732,1,1
3,SSCP-ff08ea901e525be5,1,1
3,SSCP-ff0fe6c2eebd07c3,1,1
3,SSCP-ff31bd50635b969e,1,1
3,SSCP-ff4c8e1aab7ccc0f,1,1
3,SSCP-ffa673c5bf7931ea,1,1
3,SSCP-ffc41a85a763415d,1,1
3,SSCP-0001914838e8cc4c,2,2
3,SSCP-0001a0000d1e0d48,2,2
3,SSCP-00661d874a768b31,2,2
3,SSCP-008a443d73170279,2,2
3,SSCP-009428fe60df9a44,2,2
3,SSCP-00ccebf472ae4d8e,2,2
3,SSCP-00d7cd22f8123d27,2,2
3,SSCP-010a71a703626e4e,2,2
3,SSCP-012dfca348758c8c,2,2
3,SSCP-012f0dff5e676197,2,2
3,SSCP-013acd97e635c46c,2,2
3,SSCP-015f5df84155b691,2,2
3,SSCP-0173b321125643d3,2,2
3,SSCP-01e5d7ad30da201e,2,2
3,SSCP-02760a211cf57ea1,2,2
3,SSCP-036aa002f8325dfe,2,2
3,SSCP-036e4c2ce649d9e0,2,2
3,SSCP-0382ce86f28f220c,2,2
3,SSCP-039176f90f110e7c,2,2
3,SSCP-03992c933aa0f990,2,2
3,SSCP-039e99ecc6ba247c,2,2
3,SSCP-03f5833535b5c416,2,2
3,SSCP-0424dedce7979966,2,2
3,SSCP-042ab7cc2a5829e4,2,2
3,SSCP-043bcc07b2ab4d6c,2,2
3,SSCP-0453904610c6a5e2,2,2
3,SSCP-04df124f18acc598,2,2
3,SSCP-051b3b51188d45f0,2,2
3,SSCP-0534c6517f0756c9,2,2
3,SSCP-05645ce12eb7c244,2,2
3,SSCP-05bb2ae7b9ecac58,2,2
3,SSCP-05d4a14c1caa1ec0,2,2
3,SSCP-06593781dba86cb7,2,2
3,SSCP-0665c31e34355fdb,2,2
3,SSCP-06e5c0cc41c28ebc,2,2
3,SSCP-06efe08a5bc9094b,2,2
3,SSCP-070bde1f77ba4969,2,2
3,SSCP-0744e3be64c7baa9,2,2
3,SSCP-074cda148cbaa40c,2,2
3,SSCP-07a156b73e8bdee8,2,2
3,SSCP-07b7f81724168005,2,2
3,SSCP-07b91af8622de607,2,2
3,SSCP-07bdf9a6de47a56f,2,2
3,SSCP-07cbd47087850a06,2,2
3,SSCP-07f74b125f8ecb56,2,2
3,SSCP-081aac9bce99132b,2,2
3,SSCP-0838f2e7ebc7940a,2,2
3,SSCP-0839dafce3db3872,2,2
3,SSCP-08c49c031679b21b,2,2
3,SSCP-08ef84cd22fa453a,2,2
3,SSCP-09000017d5165753,2,2
3,SSCP-0902f55f8633bd2f,2,2
3,SSCP-0921d8f883b3c5be,2,2
3,SSCP-09427946de8095ef,2,2
3,SSCP-096c13417ffc5c97,2,2
3,SSCP-0981e7f250a419b7,2,2
3,SSCP-09ee2290b0a6d32e,2,2
3,SSCP-0a0450d94bee92f6,2,2
3,SSCP-0a106d2f879bfa80,2,2
3,SSCP-0a641c0e8045190b,2,2
3,SSCP-0a855bc49394034d,2,2
3,SSCP-0ad8119db87492ce,2,2
3,SSCP-0b54a0c85e2ed74b,2,2
3,SSCP-0bcc77ab5f567590,2,2
3,SSCP-0bd5362079f76a9c,2,2
3,SSCP-0c2f3688d54a0bec,2,2
3,SSCP-0c3794e432c93971,2,2
3,SSCP-0c43b121b237c18c,2,2
3,SSCP-0c5dc8e283c1d00c,2,2
3,SSCP-0ca12d4566f5347e,2,2
3,SSCP-0d04c5e3f4546c7e,2,2
3,SSCP-0d0d82609cb418e6,2,2
3,SSCP-0d1a9d7169aed238,2,2
3,SSCP-0d57d6d70edbd537,2,2
3,SSCP-0df0eac21e51c536,2,2
3,SSCP-0e033c7b98f151a7,2,2
3,SSCP-0e4476b0fc519182,2,2
3,SSCP-0e6784eef6f1a8b3,2,2
3,SSCP-0e7f31dec14b524a,2,2
3,SSCP-0e90d92e7c189e18,2,2
3,SSCP-0f15fa99b8cd38f7,2,2
3,SSCP-0f1f9f0aa56c7011,2,2
3,SSCP-0ffd61b4bb329303,2,2
3,SSCP-105dbf8abd0d03fa,2,2
3,SSCP-10b4db971531ccb1,2,2
3,SSCP-1186e9d99ba37751,2,2
3,SSCP-12143f9304aeed30,2,2
3,SSCP-1266bcafa1af1d82,2,2
3,SSCP-12ac7a027d8cb163,2,2
3,SSCP-12cb1c16665c700a,2,2
3,SSCP-12d3193cf40f6844,2,2
3,SSCP-12df49e57de546f5,2,2
3,SSCP-132403e6822a35e7,2,2
3,SSCP-133516395c66c0bb,2,2
3,SSCP-1366207753f0db73,2,2
3,SSCP-137102913b35c2ff,2,2
3,SSCP-138245443440ff1d,2,2
3,SSCP-13a59d3bc71307cb,2,2
3,SSCP-13f2a9cbea258ef7,2,2
3,SSCP-13fb4dbdade955c7,2,2
3,SSCP-14417e86ba535162,2,2
3,SSCP-1453547cad8515ec,2,2
3,SSCP-1457ed1624c31fa8,2,2
3,SSCP-14883f33989405b6,2,2
3,SSCP-14b1c0fd8b369f20,2,2
3,SSCP-14b6dc57fc094477,2,2
3,SSCP-14c5b4c172902c1c,2,2
3,SSCP-14f47dcae619855b,2,2
3,SSCP-151b874a1aee8fa0,2,2
3,SSCP-153dd6c1eb50dcbb,2,2
3,SSCP-1548dab984331cfa,2,2
3,SSCP-1566632879480f5d,2,2
3,SSCP-160c99ebe3a5956b,2,2
3,SSCP-163f250377e282b2,2,2
3,SSCP-16728e94d1143544,2,2
3,SSCP-167eff4ef7d57416,2,2
3,SSCP-16d08aba4163ab37,2,2
3,SSCP-1738d4044220e97f,2,2
3,SSCP-175414241dcd9475,2,2
3,SSCP-17673630d858d412,2,2
3,SSCP-17a5cd48b87b6b33,2,2
3,SSCP-17ef1c7c06ba3b11,2,2
3,SSCP-1809cbfe1c86cbb0,2,2
3,SSCP-1825dd09490f1cb1,2,2
3,SSCP-1830d16ccfc3da9f,2,2
3,SSCP-183526a613b1e68b,2,2
3,SSCP-18a571c7c9b44d15,2,2
3,SSCP-18bd4ef83756a695,2,2
3,SSCP-18e079969ee3b402,2,2
3,SSCP-190ed9b09dc8a9ae,2,2
3,SSCP-192dc210728f4c49,2,2
3,SSCP-193ae5e1329c1701,2,2
3,SSCP-193b9621e4371660,2,2
3,SSCP-19869a760504abab,2,2
3,SSCP-199559f6609e669e,2,2
3,SSCP-199ee0933dd6e7d5,2,2
3,SSCP-19a8d7f6539f6fcc,2,2
3,SSCP-19b02c5ec767c4ec,2,2
3,SSCP-19b0b4c341079643,2,2
3,SSCP-19d4687554aaf68c,2,2
3,SSCP-19dcc98805ef6df2,2,2
3,SSCP-1a36a5261620f36e,2,2
3,SSCP-1a3b12e5ce02568f,2,2
3,SSCP-1a3ec38b3747ae5d,2,2
3,SSCP-1a5402b102f24864,2,2
3,SSCP-1aaa3fa19fe71b5d,2,2
3,SSCP-1abbed88c1b1340d,2,2
3,SSCP-1ae2e10835bbca3c,2,2
3,SSCP-1af38f1e1661fe2d,2,2
3,SSCP-1b24551c2c607884,2,2
3,SSCP-1b2fddbafbeefa2c,2,2
3,SSCP-1b3e005175d57ec1,2,2
3,SSCP-1b40980d9ffc7a59,2,2
3,SSCP-1b4a961c5815157e,2,2
3,SSCP-1b8ccde45234d88a,2,2
3,SSCP-1c6abe31d873c5be,2,2
3,SSCP-1c820a4f54e358a8,2,2
3,SSCP-1cb0122165de1baa,2,2
3,SSCP-1cb55129519d05b3,2,2
3,SSCP-1cc0da57c14aedcf,2,2
3,SSCP-1cf069faa2c4b5ea,2,2
3,SSCP-1d474637b607db42,2,2
3,SSCP-1d7811c289d891a9,2,2
3,SSCP-1dba4f41e41368af,2,2
3,SSCP-1e391311976df17d,2,2
3,SSCP-1e8c448a74964747,2,2
3,SSCP-1eab58550a33b216,2,2
3,SSCP-1ebe21a529bd0dc9,2,2
3,SSCP-1ed7beb41f1c6340,2,2
3,SSCP-1f7bc473dfb93234,2,2
3,SSCP-1f83e7be7670b886,2,2
3,SSCP-1faac3410b06a2d1,2,2
3,SSCP-1fedacbc09c58b93,2,2
3,SSCP-201b77c226c68c77,2,2
3,SSCP-2027e32db1a81dbd,2,2
3,SSCP-202b75eabee33361,2,2
3,SSCP-204dced1a396d9cb,2,2
3,SSCP-20606c2788f08cde,2,2
3,SSCP-207170dad667e0b6,2,2
3,SSCP-2073d11c1276c67d,2,2
3,SSCP-20749c680d6359b2,2,2
3,SSCP-207e08c72e94c09c,2,2
3,SSCP-20878e08560a9961,2,2
3,SSCP-20ad93589c57d321,2,2
3,SSCP-20ae16c167ebbf87,2,2
3,SSCP-20bebed3bd0afe28,2,2
3,SSCP-20c25526751ff38b,2,2
3,SSCP-20ca779259efa394,2,2
3,SSCP-20cb2a2760b08d2b,2,2
3,SSCP-20ec20de3c80720b,2,2
3,SSCP-210ba4a8e8cb8104,2,2
3,SSCP-214d229ec3d9fbe1,2,2
3,SSCP-217112ecbdbb57b0,2,2
3,SSCP-21acea63a8b565b3,2,2
3,SSCP-21dc3e5ad8835d86,2,2
3,SSCP-21ed9b4fa1013183,2,2
3,SSCP-22011a3eeef70e40,2,2
3,SSCP-22156620c109d4b8,2,2
3,SSCP-225ccdac557bebf0,2,2
3,SSCP-225e2d88806568a7,2,2
3,SSCP-226ca4ddefad1e93,2,2
3,SSCP-22bb1b090c0973ed,2,2
3,SSCP-22df6c03eef95791,2,2
3,SSCP-22f4ab8b23baa7a6,2,2
3,SSCP-23072d87eae73f85,2,2
3,SSCP-233e0b89b83fd947,2,2
3,SSCP-2362db94c23f78d3,2,2
3,SSCP-236a9ba2e2addaa2,2,2
3,SSCP-2390414445e8e4c3,2,2
3,SSCP-23e41969eeeeafb3,2,2
3,SSCP-24111c4ace896ac9,2,2
3,SSCP-244230beb8c276b3,2,2
3,SSCP-244bfc0a7e90d245,2,2
3,SSCP-2482f5dbaf6f4d09,2,2
3,SSCP-24b23f48dfd17fcf,2,2
3,SSCP-25030a36053dfd67,2,2
3,SSCP-250df5b00774aea0,2,2
3,SSCP-2524e50e48198318,2,2
3,SSCP-2538f1bc8b8e7c24,2,2
3,SSCP-256817b64ff6d4d1,2,2
3,SSCP-25af95fe77235722,2,2
3,SSCP-25afc84ef7f4e924,2,2
3,SSCP-25c93b2ee5df56be,2,2
3,SSCP-25d27f4b4d19b5fa,2,2
3,SSCP-262337893631903a,2,2
3,SSCP-268b5f0cc6768335,2,2
3,SSCP-26aba27ee133a842,2,2
3,SSCP-26b00720bc185023,2,2
3,SSCP-2724561bbef7bc81,2,2
3,SSCP-275693a59dcb35f5,2,2
3,SSCP-27573e06f895b0ca,2,2
3,SSCP-2775e5d5a136ce41,2,2
3,SSCP-2777afc6f8a75d09,2,2
3,SSCP-2857abba1308552d,2,2
3,SSCP-28a71d5e375afd61,2,2
3,SSCP-28c5acd23e9a0787,2,2
3,SSCP-28d18de427e5f4a9,2,2
3,SSCP-29473d7fff15ed85,2,2
3,SSCP-296cc6b7c19e0b4e,2,2
3,SSCP-29c827dffda351d0,2,2
3,SSCP-2a611e05c8d638a4,2,2
3,SSCP-2abed7c9dc53b17f,2,2
3,SSCP-2abfb2c811b06b9e,2,2
3,SSCP-2ac7e9a262da269f,2,2
3,SSCP-2b2cbb97f23e79ab,2,2
3,SSCP-2b2f9faba731e65a,2,2
3,SSCP-2b56d53cc74fbd81,2,2
3,SSCP-2b5fda76d0929a32,2,2
3,SSCP-2bbf498d264a3856,2,2
3,SSCP-2bf9fc7d4f3a0098,2,2
3,SSCP-2c29fab263a0d70d,2,2
3,SSCP-2c537a4d4301c820,2,2
3,SSCP-2c553bd28a0468b8,2,2
3,SSCP-2c84354b30856d70,2,2
3,SSCP-2c846825027a3920,2,2
3,SSCP-2ce561e279bb165c,2,2
3,SSCP-2d321aed82bc3196,2,2
3,SSCP-2d3b64aaedb5c249,2,2
3,SSCP-2d3d09d36d7716e6,2,2
3,SSCP-2d74cec0ca735cbe,2,2
3,SSCP-2de124cff77d34c7,2,2
3,SSCP-2dedddf31e56972e,2,2
3,SSCP-2e128ce44617f50b,2,2
3,SSCP-2e4724259bc52420,2,2
3,SSCP-2e60f26030cbf044,2,2
3,SSCP-2e62bbadb6c2ad8c,2,2
3,SSCP-2e6f1259e92caef4,2,2
3,SSCP-2e73f6b099208991,2,2
3,SSCP-2e797ecb5921a196,2,2
3,SSCP-2e9922b6f2787091,2,2
3,SSCP-2ef04a348fc93651,2,2
3,SSCP-2f11073e5c0746be,2,2
3,SSCP-2f243fe127ed3cbe,2,2
3,SSCP-2f51ebbc020cb07f,2,2
3,SSCP-2f5d678c5743a120,2,2
3,SSCP-2f94435b55541db6,2,2
3,SSCP-2f9e6af82fc854ba,2,2
3,SSCP-2fc26d8a2a0f8393,2,2
3,SSCP-2fdeac6ede81eb36,2,2
3,SSCP-2fe79b53c3d337e7,2,2
3,SSCP-300f479b71de78f2,2,2
3,SSCP-3071a3814a07abe7,2,2
3,SSCP-30ffa4e457b61011,2,2
3,SSCP-3114ef2379e35c27,2,2
3,SSCP-31153c6ceff95b1d,2,2
3,SSCP-314e96f4027d3aa4,2,2
3,SSCP-31572266b29efd4d,2,2
3,SSCP-3184c870eeae19f9,2,2
3,SSCP-3227601bcd2d5bdf,2,2
3,SSCP-32b646c9134ebf31,2,2
3,SSCP-32def98ea56db6ac,2,2
3,SSCP-32edf34771c9b7da,2,2
3,SSCP-330cc3b6c555ccba,2,2
3,SSCP-3421bc36ef6579d1,2,2
3,SSCP-348a376bba29d90b,2,2
3,SSCP-349336763a53cea4,2,2
3,SSCP-3496f42819c3f193,2,2
3,SSCP-351631b9d04079bd,2,2
3,SSCP-351e03709f81e20e,2,2
3,SSCP-352e7fc54028dce6,2,2
3,SSCP-3553ae7481a13a85,2,2
3,SSCP-35f532906c9a027b,2,2
3,SSCP-366e1415b6d38902,2,2
3,SSCP-36c4cdbfb52f9571,2,2
3,SSCP-36ca2f4eace66d86,2,2
3,SSCP-36e11d73934dde30,2,2
3,SSCP-37240bdcc2b27e86,2,2
3,SSCP-373df0aec9492667,2,2
3,SSCP-37778e8d47bc39d4,2,2
3,SSCP-37ed86231a3de020,2,2
3,SSCP-37f0ef1b6e7488fc,2,2
3,SSCP-388a2b3c6e10eae9,2,2
3,SSCP-38b46a48c7b23fd1,2,2
3,SSCP-392e4473f363ca34,2,2
3,SSCP-397f7d16001fc15c,2,2
3,SSCP-39afbc6049a8dce6,2,2
3,SSCP-3a3ce08869dac8a4,2,2
3,SSCP-3aaeaae989b21914,2,2
3,SSCP-3ada726763eb0073,2,2
3,SSCP-3b32040ea77dbfea,2,2
3,SSCP-3b420bf37bd4f180,2,2
3,SSCP-3b556f0314eb812c,2,2
3,SSCP-3b5914f9431c2bdb,2,2
3,SSCP-3b601706fe596645,2,2
3,SSCP-3bbde4e097d41786,2,2
3,SSCP-3c033c1c34cec44b,2,2
3,SSCP-3c0bf9e86e3df428,2,2
3,SSCP-3c30cce22edcfbd4,2,2
3,SSCP-3c7908e2671e147e,2,2
3,SSCP-3c93b2ae614fed5a,2,2
3,SSCP-3ce7d61ec6b0ee11,2,2
3,SSCP-3d47629c5c4ef604,2,2
3,SSCP-3ddf6d5f3f9e0bed,2,2
3,SSCP-3e6928379452ca8b,2,2
3,SSCP-3ed55a8496f0e0d2,2,2
3,SSCP-3edb3e7ba043706f,2,2
3,SSCP-3eef56a53b977bcb,2,2
3,SSCP-3f2554a5fe967d17,2,2
3,SSCP-3f5b4c3a2c7e0ff7,2,2
3,SSCP-3f768071522399ed,2,2
3,SSCP-3f8b7bc0c1c15eec,2,2
3,SSCP-3f9b43ace722d719,2,2
3,SSCP-3fcd0d803ad880ad,2,2
3,SSCP-3fe73c2d79ef40c6,2,2
3,SSCP-4198da62d8056056,2,2
3,SSCP-419ed2b2aeb8ded2,2,2
3,SSCP-41a5353baf98d45c,2,2
3,SSCP-41dc8b4dd905e546,2,2
3,SSCP-4212360ec445a251,2,2
3,SSCP-422821ced2847995,2,2
3,SSCP-422bb7b082ccf0ee,2,2
3,SSCP-426a8688ea8fe2d1,2,2
3,SSCP-429608d038df84cc,2,2
3,SSCP-42c942a3ea245a56,2,2
3,SSCP-42df823fdbc96f09,2,2
3,SSCP-43003115d1c522e5,2,2
3,SSCP-431bd177f83b448d,2,2
3,SSCP-4320b7c1140732b3,2,2
3,SSCP-4343b00a7b893736,2,2
3,SSCP-43f049d9f0db625a,2,2
3,SSCP-4495a2c0021ca5a1,2,2
3,SSCP-450da5cd272fa851,2,2
3,SSCP-45c050e7329d400e,2,2
3,SSCP-45d66c23109777f9,2,2
3,SSCP-46183841a4e007c7,2,2
3,SSCP-461bd6e1f61903c1,2,2
3,SSCP-462a6994fc614a30,2,2
3,SSCP-46601e172a97268b,2,2
3,SSCP-469284f85f704f5b,2,2
3,SSCP-46ca62b3be4e2d1c,2,2
3,SSCP-46ce29f2a54f7312,2,2
3,SSCP-4729bb6ffd558bb8,2,2
3,SSCP-4816f9705106251c,2,2
3,SSCP-4823727736167da9,2,2
3,SSCP-4859ce21e4cc472b,2,2
3,SSCP-489a8fe23e8ceb73,2,2
3,SSCP-49758e93c49d80bd,2,2
3,SSCP-497d85f71d8c8896,2,2
3,SSCP-498596ab6fa63045,2,2
3,SSCP-49e998bcf838cab9,2,2
3,SSCP-4a557efd8da8a111,2,2
3,SSCP-4a861c730d304257,2,2
3,SSCP-4a8679dfc3bf70e4,2,2
3,SSCP-4a9a7ec15a52be42,2,2
3,SSCP-4adb81fc451ecb7f,2,2
3,SSCP-4ae6763dd9b35293,2,2
3,SSCP-4b10bd5af59929f6,2,2
3,SSCP-4b2504a526d7883d,2,2
3,SSCP-4b38f5f47f7c45e9,2,2
3,SSCP-4b6be914a5a306df,2,2
3,SSCP-4bf7514686600aea,2,2
3,SSCP-4c3055539be088e3,2,2
3,SSCP-4c5229443395b3ec,2,2
3,SSCP-4c6aabb81b471fab,2,2
3,SSCP-4c767d3e08d6b584,2,2
3,SSCP-4ca0c2846a89ef12,2,2
3,SSCP-4cdbbb85f00dc345,2,2
3,SSCP-4cfb0575170696cc,2,2
3,SSCP-4d1dde8872f0ef29,2,2
3,SSCP-4da0a49df49eb936,2,2
3,SSCP-4dbc2aeae7783ab9,2,2
3,SSCP-4e0a5c1fefd72716,2,2
3,SSCP-4e0d8bcf0338d211,2,2
3,SSCP-4e35a4d81eb62613,2,2
3,SSCP-4e56a87b4c71a71c,2,2
3,SSCP-4e62bc6e78e44920,2,2
3,SSCP-4e77eb8984061552,2,2
3,SSCP-4f1202d106592234,2,2
3,SSCP-4f24fe3a72b1a0de,2,2
3,SSCP-4f81a8724ad21e0b,2,2
3,SSCP-4f875ac6a597e2bc,2,2
3,SSCP-4f9397efa7487a4f,2,2
3,SSCP-4f9e42dff49a4d23,2,2
3,SSCP-4feeac3b931c561f,2,2
3,SSCP-4ffe1f6326be1ad0,2,2
3,SSCP-50160d2ae305b2fa,2,2
3,SSCP-50253b2828d85a1d,2,2
3,SSCP-5026178c8874b7db,2,2
3,SSCP-50604013c999f1e1,2,2
3,SSCP-50777b93424adb5b,2,2
3,SSCP-50884a9d0655873e,2,2
3,SSCP-50daba5b47fbb664,2,2
3,SSCP-50edccc0566bbc85,2,2
3,SSCP-513b61cc7e2bce45,2,2
3,SSCP-51f47d48a7bf6ea1,2,2
3,SSCP-522ec085f4a931c7,2,2
3,SSCP-525b502641bc780b,2,2
3,SSCP-528827cc1aa4e8ef,2,2
3,SSCP-52a8e54fe6382d8e,2,2
3,SSCP-52c826c56766729c,2,2
3,SSCP-52de642b5f81451d,2,2
3,SSCP-530cb2585f07eb3d,2,2
3,SSCP-5318ef170d612460,2,2
3,SSCP-53556d9e199c2783,2,2
3,SSCP-5359503f502a7837,2,2
3,SSCP-53ba5b9df4859d49,2,2
3,SSCP-53bffbe1a720dd64,2,2
3,SSCP-540bd08b709917ab,2,2
3,SSCP-541b16490db2cb7f,2,2
3,SSCP-5452121b69f3b7c7,2,2
3,SSCP-54544253045000f5,2,2
3,SSCP-5482ec0d545df370,2,2
3,SSCP-54b4f32fb4363334,2,2
3,SSCP-54c463380cf7700f,2,2
3,SSCP-54e34786050c0ff4,2,2
3,SSCP-54fc17255363cb28,2,2
3,SSCP-54ffe8422552c6fe,2,2
3,SSCP-5542d5eb52c4fb97,2,2
3,SSCP-554b3ff4937a7fc0,2,2
3,SSCP-554c3082bfde7d60,2,2
3,SSCP-55707e3e6d5ae29a,2,2
3,SSCP-55e8abfa3a4daff6,2,2
3,SSCP-562096e736165653,2,2
3,SSCP-562f3d62e4e9dab0,2,2
3,SSCP-56371d72e370d026,2,2
3,SSCP-56dce2a86bc42d77,2,2
3,SSCP-5740f52cc765c71a,2,2
3,SSCP-574da1376a003674,2,2
3,SSCP-578e91018895358a,2,2
3,SSCP-57dee76443273673,2,2
3,SSCP-58006b1ce4370048,2,2
3,SSCP-5852b8c64a81dd17,2,2
3,SSCP-5865ded4b3063db4,2,2
3,SSCP-589ea22a02be9617,2,2
3,SSCP-58a4114ba572beb5,2,2
3,SSCP-58adeb3cb5243e37,2,2
3,SSCP-59123c7fc16ec1ef,2,2
3,SSCP-591304ef46df433a,2,2
3,SSCP-59a803a54be3362d,2,2
3,SSCP-59d921e53c01aabd,2,2
3,SSCP-59fcbc17c2345f25,2,2
3,SSCP-5a1904ecb5927977,2,2
3,SSCP-5a4928104da0a537,2,2
3,SSCP-5a60ad87d2c0f134,2,2
3,SSCP-5a639844aac6f29d,2,2
3,SSCP-5b24e2649cd1f894,2,2
3,SSCP-5b28e7478c7e207a,2,2
3,SSCP-5b6d8656ffbe597d,2,2
3,SSCP-5baed7a4bdaeeb06,2,2
3,SSCP-5c0bbf368d1a5dc9,2,2
3,SSCP-5c0c81664d1cf8a6,2,2
3,SSCP-5c3efbc0b23ee0f6,2,2
3,SSCP-5c8c44e56e27e97f,2,2
3,SSCP-5c96652426825453,2,2
3,SSCP-5c9c55ed039d50c9,2,2
3,SSCP-5ccce97b7c1f7330,2,2
3,SSCP-5d14256d9aa46d5e,2,2
3,SSCP-5d33dd8944028e59,2,2
3,SSCP-5d4c9c0c457a493c,2,2
3,SSCP-5dab76094490fa5d,2,2
3,SSCP-5dfd06d01a9e1565,2,2
3,SSCP-5e0347e0880e8806,2,2
3,SSCP-5e506d8ce4c76051,2,2
3,SSCP-5e5e8eefd65eabcb,2,2
3,SSCP-5e7f6ad4327cfc6f,2,2
3,SSCP-5ebeb28b2054e763,2,2
3,SSCP-5ed15297491cbaef,2,2
3,SSCP-5ef9857c0fc84433,2,2
3,SSCP-5f3dba66293f45c2,2,2
3,SSCP-5f6d77021b416e63,2,2
3,SSCP-5fc121e1e714bc53,2,2
3,SSCP-5fcb889fcda40027,2,2
3,SSCP-5fe21bf9816270d6,2,2
3,SSCP-60364f227748892c,2,2
3,SSCP-606cff152a09decb,2,2
3,SSCP-611e12a89f27977c,2,2
3,SSCP-6135ee294223c574,2,2
3,SSCP-614085fb10e4c111,2,2
3,SSCP-614561ffab21e033,2,2
3,SSCP-62170065ded4bfc9,2,2
3,SSCP-625cdb236aeddc96,2,2
3,SSCP-62a8f82ad97cdd43,2,2
3,SSCP-63906b90876fab86,2,2
3,SSCP-639f58a38fe0aee8,2,2
3,SSCP-640159165ebd253a,2,2
3,SSCP-64098ca175195edc,2,2
3,SSCP-6420ee3bdfdaeb36,2,2
3,SSCP-64336101efb893f9,2,2
3,SSCP-643561d7f8993049,2,2
3,SSCP-64896f28a7c09573,2,2
3,SSCP-6504c9de9fe84e5e,2,2
3,SSCP-6508bc8e874b5171,2,2
3,SSCP-650f14e70d88d5b0,2,2
3,SSCP-654d94c31b5c69f2,2,2
3,SSCP-656db08078cff6ce,2,2
3,SSCP-65747dc66b4dcd12,2,2
3,SSCP-65b63834cd7ea272,2,2
3,SSCP-65cd54f0f99fc83d,2,2
3,SSCP-65d8857f64e211be,2,2
3,SSCP-6612a9d7f70449f1,2,2
3,SSCP-665aee58f9744b1b,2,2
3,SSCP-667f3ccbfb92d232,2,2
3,SSCP-6693bee5ba041145,2,2
3,SSCP-66f6944ee01429d4,2,2
3,SSCP-6712a28ef7fd2fbf,2,2
3,SSCP-671405231cc2a8a4,2,2
3,SSCP-672b66a67d7ddd56,2,2
3,SSCP-672f5d3a52344363,2,2
3,SSCP-6731f2c1c6342791,2,2
3,SSCP-67f2994fe858dc24,2,2
3,SSCP-681f9ba178f50378,2,2
3,SSCP-684bc7498519ba9d,2,2
3,SSCP-684d2e5b6afb5b94,2,2
3,SSCP-68938f14a2e702b3,2,2
3,SSCP-68b3acddae3e4dd0,2,2
3,SSCP-6927d7fdfca5685d,2,2
3,SSCP-6976aa466682efee,2,2
3,SSCP-69d508385a1820a4,2,2
3,SSCP-6a0520ca27e8a1fc,2,2
3,SSCP-6a43b65e963493ee,2,2
3,SSCP-6a4c49dabb8dfdd8,2,2
3,SSCP-6aa5cfdd8c475422,2,2
3,SSCP-6b2ff343f9b37210,2,2
3,SSCP-6b43c609cb081b31,2,2
3,SSCP-6b652385b9867dfc,2,2
3,SSCP-6ba328781ddc1bc6,2,2
3,SSCP-6bb7ae1a5c105302,2,2
3,SSCP-6bbf4b42c0a7567c,2,2
3,SSCP-6be461271134484f,2,2
3,SSCP-6bf3c859aa1de00f,2,2
3,SSCP-6c78faa800afc318,2,2
3,SSCP-6cf264218e15c13c,2,2
3,SSCP-6cf31f207f28bc40,2,2
3,SSCP-6cfc0d3edbe3392d,2,2
3,SSCP-6d51854b5b0efa91,2,2
3,SSCP-6dd0131846ffc453,2,2
3,SSCP-6dd15d5127d61b9c,2,2
3,SSCP-6e09883a64596ae4,2,2
3,SSCP-6e3e5e7d32553b51,2,2
3,SSCP-6e56c3c1da28c394,2,2
3,SSCP-6e92aba74f45dd6f,2,2
3,SSCP-6ee4aaff84cea928,2,2
3,SSCP-6ee8d8575443b80f,2,2
3,SSCP-6fb7cfd10038104a,2,2
3,SSCP-6ffbb3ae89401230,2,2
3,SSCP-7015440c071baf91,2,2
3,SSCP-70367f1ea9593d44,2,2
3,SSCP-7063b80f35ef2d8e,2,2
3,SSCP-708aa68b53441465,2,2
3,SSCP-712f96e7b4b6806f,2,2
3,SSCP-71ed918883cc7ff8,2,2
3,SSCP-720d3738f0f507d9,2,2
3,SSCP-725e68767e81495b,2,2
3,SSCP-726de7fc9d6eb279,2,2
3,SSCP-7294b49d4fd6eb04,2,2
3,SSCP-72ada3cf97d49d9a,2,2
3,SSCP-72e713d2d6c369ef,2,2
3,SSCP-72efd2205a24a304,2,2
3,SSCP-73043cf538b3f73b,2,2
3,SSCP-730786f0e9f090b2,2,2
3,SSCP-7314b88f41da371a,2,2
3,SSCP-736248c3c68ca29c,2,2
3,SSCP-73fccea9a0dc11a4,2,2
3,SSCP-744c10e07f2643bd,2,2
3,SSCP-7492c5302281214f,2,2
3,SSCP-74d67319d9bed9dc,2,2
3,SSCP-74dabec5fc831c67,2,2
3,SSCP-754126a0796b9445,2,2
3,SSCP-755f521120cd64ca,2,2
3,SSCP-756a0dc41373284e,2,2
3,SSCP-758a4277342f6e11,2,2
3,SSCP-759c934827490d03,2,2
3,SSCP-75d10bef1e72922a,2,2
3,SSCP-7620225662dad21e,2,2
3,SSCP-76459afbe4253931,2,2
3,SSCP-765e77431f3e03d3,2,2
3,SSCP-768c3899eab5f677,2,2
3,SSCP-768d533d2deebcf7,2,2
3,SSCP-76d779a39de12d6c,2,2
3,SSCP-76d9f40b943bae45,2,2
3,SSCP-7702f36ca15f2cb8,2,2
3,SSCP-770b069541be9fba,2,2
3,SSCP-771b08d38ce337e0,2,2
3,SSCP-7729d4c0408ae2c6,2,2
3,SSCP-774752e59d3a311c,2,2
3,SSCP-775a1009c0e52d63,2,2
3,SSCP-78334550d5421893,2,2
3,SSCP-7872503c77af0713,2,2
3,SSCP-78b2fa62a4b418ab,2,2
3,SSCP-78c0972c61062ddf,2,2
3,SSCP-78ef7b0cb7eb3327,2,2
3,SSCP-791918143f815f1a,2,2
3,SSCP-7924bcf19762f824,2,2
3,SSCP-79424ed6c8be1d70,2,2
3,SSCP-794307a4193cec2c,2,2
3,SSCP-796669264fc927c2,2,2
3,SSCP-79b6f858e52ffcd6,2,2
3,SSCP-79bd9b0dae595816,2,2
3,SSCP-79ca227863fc1e5f,2,2
3,SSCP-79db350229b3c2ec,2,2
3,SSCP-7a0f80201a919d99,2,2
3,SSCP-7a3cc43fe0aed68e,2,2
3,SSCP-7a5b8a9a1ba9530c,2,2
3,SSCP-7a63d4541d22fee7,2,2
3,SSCP-7a6608e0f8d0cc78,2,2
3,SSCP-7b06a76e4809a13c,2,2
3,SSCP-7b719f4fc73a404f,2,2
3,SSCP-7b7f10b1ebfa7ab9,2,2
3,SSCP-7c1f569fbaa1a25d,2,2
3,SSCP-7c2ccb7744ea2880,2,2
3,SSCP-7c3c9b3bcac71f2b,2,2
3,SSCP-7c4066d51ba18958,2,2
3,SSCP-7c4293d36f39df20,2,2
3,SSCP-7c643c086a000068,2,2
3,SSCP-7c904f0db29bcf3b,2,2
3,SSCP-7c90728472a59caa,2,2
3,SSCP-7cb55d0256d00ae4,2,2
3,SSCP-7ccb98720b6d1d35,2,2
3,SSCP-7cd114ac83e69b8f,2,2
3,SSCP-7ce87f27e591d883,2,2
3,SSCP-7d41f373f61fcffe,2,2
3,SSCP-7d66cef5b3cbab98,2,2
3,SSCP-7d69e826de870c58,2,2
3,SSCP-7df284cf98ed0487,2,2
3,SSCP-7e0cf6529d4e4e47,2,2
3,SSCP-7ec501ae1982bb45,2,2
3,SSCP-7ef190dc97708f57,2,2
3,SSCP-7f004567fec59977,2,2
3,SSCP-7f29b21ca86c0c9b,2,2
3,SSCP-7f396fd72824a0a5,2,2
3,SSCP-7f45dc3dae70b1f9,2,2
3,SSCP-7f5241b2a2629dcc,2,2
3,SSCP-7f7ecf84c136eece,2,2
3,SSCP-7f8b66e69e45fa6d,2,2
3,SSCP-7fac4d68b7228b90,2,2
3,SSCP-7fcde8aabe62fb2d,2,2
3,SSCP-7fd507d8ece71bb1,2,2
3,SSCP-7ffc785e87b7989f,2,2
3,SSCP-8006c5f5d64c5c6f,2,2
3,SSCP-8058373540028171,2,2
3,SSCP-80c50b0f9520eff7,2,2
3,SSCP-8136585581ff8d42,2,2
3,SSCP-81585062e5df5343,2,2
3,SSCP-81ad6cc5b50f6446,2,2
3,SSCP-81d5e90aeb9e8344,2,2
3,SSCP-82175eb2a2db6119,2,2
3,SSCP-8236633ad8bf6594,2,2
3,SSCP-823de5ded496d7b7,2,2
3,SSCP-827f23cf7528aab4,2,2
3,SSCP-833c7027ff488fc8,2,2
3,SSCP-83a64d956fbdb419,2,2
3,SSCP-844e5a1520afcf1a,2,2
3,SSCP-845cc4cb8915fc74,2,2
3,SSCP-846da4f85c6e0c62,2,2
3,SSCP-84838f44676821d0,2,2
3,SSCP-84dbd35854d03b04,2,2
3,SSCP-8535f92511dc0c06,2,2
3,SSCP-8544c54df87c319a,2,2
3,SSCP-8585cc1ca670c5c8,2,2
3,SSCP-8595f97dd7b52161,2,2
3,SSCP-85d28656d78e8ff1,2,2
3,SSCP-860440df9d2ddf13,2,2
3,SSCP-8622198799c1ac78,2,2
3,SSCP-8629ba7bf70103c8,2,2
3,SSCP-86596ef6e8cce561,2,2
3,SSCP-869268142927832b,2,2
3,SSCP-86babc5e6f16cbb4,2,2
3,SSCP-86c672ce36d8f4a0,2,2
3,SSCP-86eb5e986b2341f2,2,2
3,SSCP-875bf9028de981db,2,2
3,SSCP-8793526dc8e494fa,2,2
3,SSCP-879eadae3cca1716,2,2
3,SSCP-87baeb6baa1b9077,2,2
3,SSCP-88079f9ddd2d39fc,2,2
3,SSCP-880e8f917952bcb5,2,2
3,SSCP-881084b3802ff6b1,2,2
3,SSCP-881a633a11061b14,2,2
3,SSCP-88379c3817d94845,2,2
3,SSCP-890a1df45368c275,2,2
3,SSCP-890ccbc0efcee2a4,2,2
3,SSCP-892a904c7decf61f,2,2
3,SSCP-8974476f9784f25c,2,2
3,SSCP-89822cf5b2282bdb,2,2
3,SSCP-898d8c169d9cb96b,2,2
3,SSCP-89a001170812fa1e,2,2
3,SSCP-89eaf7836078b298,2,2
3,SSCP-89f6b84f72d112db,2,2
3,SSCP-8a3588a3e9a9bcb4,2,2
3,SSCP-8a45ab783c106f75,2,2
3,SSCP-8a4d0b9a36d09cbf,2,2
3,SSCP-8a64676636933234,2,2
3,SSCP-8ac2e248c0c791f6,2,2
3,SSCP-8ade04e9c52962ff,2,2
3,SSCP-8b0da5722d27592c,2,2
3,SSCP-8b4ebd8a4ec4ee6a,2,2
3,SSCP-8bc65126500af247,2,2
3,SSCP-8bf27c7f47054158,2,2
3,SSCP-8c322fe41faf94ac,2,2
3,SSCP-8c40713cee28032b,2,2
3,SSCP-8d201aa4cd5ecb0f,2,2
3,SSCP-8d213d61c0b1f085,2,2
3,SSCP-8d46d5004756f506,2,2
3,SSCP-8d9850f291a3822a,2,2
3,SSCP-8da7c7308243a86a,2,2
3,SSCP-8dfdbf929bbb4ed8,2,2
3,SSCP-8e06d93ddc59a01f,2,2
3,SSCP-8e1787037e6e0b46,2,2
3,SSCP-8e18c89d72193bac,2,2
3,SSCP-8e3a250b1d041504,2,2
3,SSCP-8e48a0a6fc107f13,2,2
3,SSCP-8e93dac81a4b28fd,2,2
3,SSCP-8e9a301971cf6122,2,2
3,SSCP-8ee5e8d5cd7f950a,2,2
3,SSCP-8f271cbab24b4d01,2,2
3,SSCP-8f59350109d6b47a,2,2
3,SSCP-8f6232435eabf10a,2,2
3,SSCP-8fbb91103e5d1595,2,2
3,SSCP-8fcb0c787d83667a,2,2
3,SSCP-901e50ab9dbbb216,2,2
3,SSCP-902cdd1b969a3b97,2,2
3,SSCP-90549f983c761a5e,2,2
3,SSCP-907defa035dfc7d5,2,2
3,SSCP-908631cc6ab0fbbf,2,2
3,SSCP-90d7a129bfdf463c,2,2
3,SSCP-90ec06138c1f1632,2,2
3,SSCP-90f9784ed10753e6,2,2
3,SSCP-9159e4e4de54abf6,2,2
3,SSCP-916a79be4eece91e,2,2
3,SSCP-923324cbf923d232,2,2
3,SSCP-9267299435194b0f,2,2
3,SSCP-92ed99abcd75a7f1,2,2
3,SSCP-9309ab610acfdb82,2,2
3,SSCP-93368e314e12452a,2,2
3,SSCP-939ec57168cefa47,2,2
3,SSCP-9408821b065c219a,2,2
3,SSCP-9456588b72f06d64,2,2
3,SSCP-94604ad73189c47d,2,2
3,SSCP-94788a3502b76f03,2,2
3,SSCP-94f8dcfff52c2066,2,2
3,SSCP-950ddd0173703359,2,2
3,SSCP-951cb4cc4ebdfc95,2,2
3,SSCP-9580281d18a5c7d9,2,2
3,SSCP-95e1d638416fa9f5,2,2
3,SSCP-961d1c321d0cf6ec,2,2
3,SSCP-9668072b4567174f,2,2
3,SSCP-966a0502bd3b8a55,2,2
3,SSCP-969a21950c11ea89,2,2
3,SSCP-969c7169dd308cfc,2,2
3,SSCP-96d1a680dac2f100,2,2
3,SSCP-973c5b5af0f5c32c,2,2
3,SSCP-97490b2ea7937485,2,2
3,SSCP-9757102c5284deaa,2,2
3,SSCP-97576014dcb71310,2,2
3,SSCP-985572e40e9550cb,2,2
3,SSCP-986b9218c3a9d07b,2,2
3,SSCP-9876428e856afdfa,2,2
3,SSCP-988e2fd1f21991c8,2,2
3,SSCP-98dc379a448834ac,2,2
3,SSCP-98e75ece72e66ecc,2,2
3,SSCP-992b21e49ddea21d,2,2
3,SSCP-99d8651aed85aa3d,2,2
3,SSCP-9a018f0c4bd11aca,2,2
3,SSCP-9a0a95984ec63d4e,2,2
3,SSCP-9a0fb7c581732db7,2,2
3,SSCP-9a97d435043ad3e8,2,2
3,SSCP-9aabc7567302a0c2,2,2
3,SSCP-9b1198312a951a9b,2,2
3,SSCP-9b72770dc9e588cd,2,2
3,SSCP-9bc00d5e281d61ba,2,2
3,SSCP-9bde22ecdd822756,2,2
3,SSCP-9bdf8ae142f7dd6b,2,2
3,SSCP-9be4e160b4d91b3a,2,2
3,SSCP-9c07888fc59135b0,2,2
3,SSCP-9cbad76d4da2e4cd,2,2
3,SSCP-9cdf1e4b1e90c4c3,2,2
3,SSCP-9d49113764fe7ae8,2,2
3,SSCP-9d5df21fc53efbbe,2,2
3,SSCP-9dd91f4faa1f73e7,2,2
3,SSCP-9dec4462d94f81b0,2,2
3,SSCP-9e3830139ebd06fe,2,2
3,SSCP-9e95bf37b0c9e68c,2,2
3,SSCP-9edddbb95d1d3ab1,2,2
3,SSCP-9ef4b2f391ebb421,2,2
3,SSCP-9ef800787eb9c187,2,2
3,SSCP-9f16dcda9e1775d3,2,2
3,SSCP-9f37dfdc6fb5e106,2,2
3,SSCP-9f5e9ccb824f9212,2,2
3,SSCP-9f76b98ddcfcc9f0,2,2
3,SSCP-9f7e0ac2e11d7f39,2,2
3,SSCP-9f8756b22fac9d56,2,2
3,SSCP-9fc049a757a34884,2,2
3,SSCP-9fe3f2cb9849368d,2,2
3,SSCP-9ff8922ce9620f39,2,2
3,SSCP-9fff12b0cc65ff5b,2,2
3,SSCP-a03ed164246c321f,2,2
3,SSCP-a0a570a5c6e38611,2,2
3,SSCP-a11d46ff8c2f711d,2,2
3,SSCP-a156fa2807aad0dd,2,2
3,SSCP-a15a4dd30b9cf821,2,2
3,SSCP-a16c3667168bc2ac,2,2
3,SSCP-a19ddb7c1cfa7825,2,2
3,SSCP-a1d9abb5ea21041a,2,2
3,SSCP-a1e18b3d7e9e55a9,2,2
3,SSCP-a20271a65365cf88,2,2
3,SSCP-a215d7f8e2cd5949,2,2
3,SSCP-a22439c4a1d1257a,2,2
3,SSCP-a25014698399b3cf,2,2
3,SSCP-a282b514c040917f,2,2
3,SSCP-a2f3fcb2fc410da1,2,2
3,SSCP-a3146e09eeab8bef,2,2
3,SSCP-a31bd1d96bb8fdeb,2,2
3,SSCP-a33281cf3ab9c57c,2,2
3,SSCP-a33f92e9103a455d,2,2
3,SSCP-a355d58ded58435c,2,2
3,SSCP-a35882838c899f73,2,2
3,SSCP-a3dbcd30c03fab54,2,2
3,SSCP-a3f47bb93639a1d5,2,2
3,SSCP-a3fdc4bb7457e5ad,2,2
3,SSCP-a44d5e0c7ff720ca,2,2
3,SSCP-a45829f890dbc80d,2,2
3,SSCP-a47f97121d419e9c,2,2
3,SSCP-a4b3d40d2c9a6fa7,2,2
3,SSCP-a4c6e646d8cd613b,2,2
3,SSCP-a504086ecb64c79e,2,2
3,SSCP-a5261e0a58c3bc44,2,2
3,SSCP-a599feacb354f5d3,2,2
3,SSCP-a59ba08eb62949b5,2,2
3,SSCP-a5d7b42fff193596,2,2
3,SSCP-a5dba76664418451,2,2
3,SSCP-a65a339b09f329bb,2,2
3,SSCP-a694b53af398b81e,2,2
3,SSCP-a71ff8ab4dbd1515,2,2
3,SSCP-a7af7ca72457cb2b,2,2
3,SSCP-a7eec55ed75aafff,2,2
3,SSCP-a7f2ee9fb9d2e12c,2,2
3,SSCP-a809bbe553658ff3,2,2
3,SSCP-a857bb9278cb8d6f,2,2
3,SSCP-a87f60ad287aa8d3,2,2
3,SSCP-a89a3ab2f425c3f6,2,2
3,SSCP-a8a49c90a408c497,2,2
3,SSCP-a8a8a067ba967fbd,2,2
3,SSCP-a8f40688d5c4437d,2,2
3,SSCP-a90d433649ab3b98,2,2
3,SSCP-a932ca95052ae2a9,2,2
3,SSCP-a950321bc72f5142,2,2
3,SSCP-a953a9cd549281ea,2,2
3,SSCP-a9bbdce40ecfa640,2,2
3,SSCP-a9c501cb868d7cec,2,2
3,SSCP-a9f24d919cbb07d7,2,2
3,SSCP-a9f82eede7acc4b3,2,2
3,SSCP-aa11a0f14b67fd58,2,2
3,SSCP-aa2f76086367acda,2,2
3,SSCP-aa52d8cafcbf58ab,2,2
3,SSCP-aa84c4f8e59b2586,2,2
3,SSCP-aaf3ca3d61366011,2,2
3,SSCP-ab190c5c16ac1198,2,2
3,SSCP-ab22c4e3a4d9fb41,2,2
3,SSCP-ab3aecffe9c1cbaf,2,2
3,SSCP-ab3e0c473192d4ab,2,2
3,SSCP-ab5c78e91c8de8fe,2,2
3,SSCP-ab80cd077a283c90,2,2
3,SSCP-ab87339afc7e3db2,2,2
3,SSCP-aba852a195a8b0fe,2,2
3,SSCP-abb6c44649543be8,2,2
3,SSCP-abdc67adb7ec2c74,2,2
3,SSCP-abf1c19d05cab9bc,2,2
3,SSCP-ac0a8a0c2295f8d9,2,2
3,SSCP-ac1d3a1380e29957,2,2
3,SSCP-ac45a6eb6bf7777d,2,2
3,SSCP-ac536e9f3cd4d684,2,2
3,SSCP-ac57dcd68c170f24,2,2
3,SSCP-ac6d89cc9db882f3,2,2
3,SSCP-ac784d1771ca50fb,2,2
3,SSCP-ac85097311421127,2,2
3,SSCP-ace9baf280ae2bd9,2,2
3,SSCP-ad74acc2bed9f285,2,2
3,SSCP-ada9ebaf1ea0d892,2,2
3,SSCP-adc5cc0641a14b4c,2,2
3,SSCP-ade028fd16bd0541,2,2
3,SSCP-ae49ecdfb175d0af,2,2
3,SSCP-ae545d29cda16a73,2,2
3,SSCP-ae6eead5e863f296,2,2
3,SSCP-ae85f41859d89944,2,2
3,SSCP-aec8c5eda2063620,2,2
3,SSCP-aefbc07b01f03eee,2,2
3,SSCP-aff45221e4a7f54e,2,2
3,SSCP-aff4bf61e576d476,2,2
3,SSCP-b0134a5ac756d3cf,2,2
3,SSCP-b06f7e8a7200665c,2,2
3,SSCP-b094ebdfa9df2b1d,2,2
3,SSCP-b0b35bdc40ace38e,2,2
3,SSCP-b0d8fe57c5c071bb,2,2
3,SSCP-b0e8a1850fe19700,2,2
3,SSCP-b130304f62912e6e,2,2
3,SSCP-b1964409bbc91f68,2,2
3,SSCP-b1e91dd352197de7,2,2
3,SSCP-b219d759089ac773,2,2
3,SSCP-b22f5b1cab3d4692,2,2
3,SSCP-b27817e2a076529e,2,2
3,SSCP-b27db484fc9788c8,2,2
3,SSCP-b2c564cc2eca1474,2,2
3,SSCP-b2f74b487553eb7b,2,2
3,SSCP-b3519234055b3fb4,2,2
3,SSCP-b35f8401efd6dea3,2,2
3,SSCP-b3a96c9ddc6c0af6,2,2
3,SSCP-b3bcb31f0ded5afc,2,2
3,SSCP-b3f3da07c64c3757,2,2
3,SSCP-b3fcdb3f59ab6dd7,2,2
3,SSCP-b3fdbbb9917d0dc2,2,2
3,SSCP-b40f07066b5dd11f,2,2
3,SSCP-b436499db87f08e6,2,2
3,SSCP-b460edef6b41bb55,2,2
3,SSCP-b477929fcd0a70eb,2,2
3,SSCP-b48804e080a7b941,2,2
3,SSCP-b4966eac71787b12,2,2
3,SSCP-b4a10b903949d5ff,2,2
3,SSCP-b4ada21738b9dbeb,2,2
3,SSCP-b52810ab1a869d9d,2,2
3,SSCP-b5570dbcfd185227,2,2
3,SSCP-b559627740991635,2,2
3,SSCP-b594f624429381bc,2,2
3,SSCP-b5c8ec9a0062db9e,2,2
3,SSCP-b5ee54ec9e023981,2,2
3,SSCP-b6b28c7b090f29e3,2,2
3,SSCP-b6d3ee688795cffc,2,2
3,SSCP-b6deb9fad959ebbd,2,2
3,SSCP-b6e0202ef24ac683,2,2
3,SSCP-b6fa2ba06e7aa890,2,2
3,SSCP-b70cb8a261656842,2,2
3,SSCP-b71006345e37dbb7,2,2
3,SSCP-b7471723c584fb58,2,2
3,SSCP-b79b57ec6aaf1813,2,2
3,SSCP-b7a1a35c2332fe79,2,2
3,SSCP-b7bc11f3674f74ab,2,2
3,SSCP-b7e07eef17bbf826,2,2
3,SSCP-b822e543140861cc,2,2
3,SSCP-b823ff608aa439b8,2,2
3,SSCP-b86f03748a2a8c4c,2,2
3,SSCP-b8a21e8b6fc31a1b,2,2
3,SSCP-b8a95a4d787fd7d3,2,2
3,SSCP-b8b1309741d82cbd,2,2
3,SSCP-b8d8263728004d84,2,2
3,SSCP-b940c9081bb41d20,2,2
3,SSCP-b942e18529c4a661,2,2
3,SSCP-b9940046f9eb519f,2,2
3,SSCP-b99a2ac65f8cb3ed,2,2
3,SSCP-b9a2306d6e54cdc4,2,2
3,SSCP-b9bc01073ebd69c3,2,2
3,SSCP-b9cf3dfbe475f902,2,2
3,SSCP-ba2bcdae1b049a38,2,2
3,SSCP-ba3681ba6f72e06c,2,2
3,SSCP-ba3b4d201570a963,2,2
3,SSCP-ba7f0a2bb7147b13,2,2
3,SSCP-ba837053c56fd66b,2,2
3,SSCP-bb4cd2d7ced7d162,2,2
3,SSCP-bb5dc317c0a26048,2,2
3,SSCP-bb62ef2710fa6757,2,2
3,SSCP-bba1bcd2fa49cbd4,2,2
3,SSCP-bba6f35e3dc8af04,2,2
3,SSCP-bbfe8dbc86f5d517,2,2
3,SSCP-bc39936afac258cd,2,2
3,SSCP-bc68b1db276c7fad,2,2
3,SSCP-bce3d5bfa9f1ec02,2,2
3,SSCP-bce60069e7e3d0f5,2,2
3,SSCP-bd69b70428b3404a,2,2
3,SSCP-bd976946914886a5,2,2
3,SSCP-bd9b479b09896c97,2,2
3,SSCP-bda989dc28ca9778,2,2
3,SSCP-bdb16c5bc4576002,2,2
3,SSCP-bddebe0f460c4afe,2,2
3,SSCP-be100b62d2556b2d,2,2
3,SSCP-be61179547fffaff,2,2
3,SSCP-bef21a651475429c,2,2
3,SSCP-bef52efddf68f55a,2,2
3,SSCP-befd6eaffbe7f287,2,2
3,SSCP-bf3a641ef893e416,2,2
3,SSCP-bf3ba2d6d0a36cbe,2,2
3,SSCP-bf3d4b6ae92eb2ef,2,2
3,SSCP-bf779f6c0a01d535,2,2
3,SSCP-bfea02f77ccc128f,2,2
3,SSCP-bff4ac797cf87ed2,2,2
3,SSCP-c0e260357d779dfc,2,2
3,SSCP-c101b7a4bec8d0b2,2,2
3,SSCP-c1122d03d19db64a,2,2
3,SSCP-c132c46e12b01f6a,2,2
3,SSCP-c185807c05eda0ea,2,2
3,SSCP-c1bde980d11b74aa,2,2
3,SSCP-c1f5e40a92b69481,2,2
3,SSCP-c21cb3f74ed34aa3,2,2
3,SSCP-c26785e93cac04d5,2,2
3,SSCP-c27f91dd5394e8f4,2,2
3,SSCP-c28038e4008e3141,2,2
3,SSCP-c2b7796dd7a8e0ac,2,2
3,SSCP-c370d26fcf1127af,2,2
3,SSCP-c375826a551c61d9,2,2
3,SSCP-c39e5488c200945e,2,2
3,SSCP-c3ce5e35e86eb333,2,2
3,SSCP-c3f8f38b68cb9d7e,2,2
3,SSCP-c41e6531ee088f4c,2,2
3,SSCP-c444e8cca906a4dc,2,2
3,SSCP-c4a261662546c2e6,2,2
3,SSCP-c4df77c40d0bac6a,2,2
3,SSCP-c506f1539800c55f,2,2
3,SSCP-c51a62982bae7b81,2,2
3,SSCP-c55e048b7fc07dd5,2,2
3,SSCP-c5641ffa39953e1a,2,2
3,SSCP-c56cc0396fbc77c9,2,2
3,SSCP-c5729bf76c2ca203,2,2
3,SSCP-c57e5184c3ea9246,2,2
3,SSCP-c58763206e12e6dc,2,2
3,SSCP-c5e16b903439e85d,2,2
3,SSCP-c65980effe09814a,2,2
3,SSCP-c67d19f504068604,2,2
3,SSCP-c71414336feb5f32,2,2
3,SSCP-c72b488ee873d7cc,2,2
3,SSCP-c7472d319239e8bb,2,2
3,SSCP-c77270452867e4a5,2,2
3,SSCP-c7969aa4c9749852,2,2
3,SSCP-c7b2715af5c1e0ba,2,2
3,SSCP-c7b5e637b0dec4d3,2,2
3,SSCP-c7c62106ddf321b4,2,2
3,SSCP-c7f2757cc6220b39,2,2
3,SSCP-c7fc358b81cdc669,2,2
3,SSCP-c82a0eccd13aebfe,2,2
3,SSCP-c8456910c410e4e3,2,2
3,SSCP-c8c72b336d6fde2e,2,2
3,SSCP-c8c834f7865a40ce,2,2
3,SSCP-c927da440ac86c02,2,2
3,SSCP-c96c5b1ed069e660,2,2
3,SSCP-c9cac46a08690b33,2,2
3,SSCP-ca088f01690094b5,2,2
3,SSCP-ca0bc737f01dedec,2,2
3,SSCP-ca14c10fda74a36c,2,2
3,SSCP-ca27b3c57990a800,2,2
3,SSCP-ca3044e9745737e6,2,2
3,SSCP-ca4086211d6dd7c5,2,2
3,SSCP-ca5783d96bdbac01,2,2
3,SSCP-ca5ad25415dba058,2,2
3,SSCP-ca950d29c47c8513,2,2
3,SSCP-caa0a08020cb47f1,2,2
3,SSCP-caa95ad80e832ca3,2,2
3,SSCP-cad6e2b4eace0fa7,2,2
3,SSCP-cb4fabae73c3c4c8,2,2
3,SSCP-cb60406ca5f737c6,2,2
3,SSCP-cb78b3baa4e95618,2,2
3,SSCP-cc62d840f715f0f7,2,2
3,SSCP-cc73b9c507e1916e,2,2
3,SSCP-cc744f9860a502cd,2,2
3,SSCP-cc75e0d3c8bc9f42,2,2
3,SSCP-cc91bad8966e5d8b,2,2
3,SSCP-cc93e8db88f4c534,2,2
3,SSCP-cc9e759220dae3ca,2,2
3,SSCP-ccb04c3c1f40e261,2,2
3,SSCP-ccb074e8350e8caf,2,2
3,SSCP-ccf9052c0f321ca3,2,2
3,SSCP-cd15c643d90bd611,2,2
3,SSCP-cd29aff043d24686,2,2
3,SSCP-cd2ccde2be18692c,2,2
3,SSCP-cd3a0370daa2b653,2,2
3,SSCP-ce0fe6d75684b152,2,2
3,SSCP-ce2ced7f013b8614,2,2
3,SSCP-ce506cc3838561bf,2,2
3,SSCP-ce82a654d4c68493,2,2
3,SSCP-cf1c92a8d1b52f27,2,2
3,SSCP-cf8ffe91fb45a811,2,2
3,SSCP-cfa66e8f9be1aa95,2,2
3,SSCP-cfb0d60633dc103d,2,2
3,SSCP-d02a20b38f7f6957,2,2
3,SSCP-d03d5c5b83575e7f,2,2
3,SSCP-d0807a39bb21e9b6,2,2
3,SSCP-d0cbec70fa4de23c,2,2
3,SSCP-d0d70e962ede2339,2,2
3,SSCP-d0f13288c42d4d12,2,2
3,SSCP-d0feb6dff4b27fe7,2,2
3,SSCP-d1467ae0af7ff6ba,2,2
3,SSCP-d14a7568bf97093e,2,2
3,SSCP-d15626d27a5ec3a7,2,2
3,SSCP-d15ac5913f934e23,2,2
3,SSCP-d15aeb6c74bcc898,2,2
3,SSCP-d15f730f106c127e,2,2
3,SSCP-d223076a555cb56d,2,2
3,SSCP-d28a655f922fad50,2,2
3,SSCP-d2987fbd7a9f67f8,2,2
3,SSCP-d29a57755537188f,2,2
3,SSCP-d2f85e75bf19e84d,2,2
3,SSCP-d308d1d5a3fe3c50,2,2
3,SSCP-d33a7d8946b1b14f,2,2
3,SSCP-d33aca27900dfaed,2,2
3,SSCP-d3674f680a36aa0b,2,2
3,SSCP-d3a6cb24e81544c2,2,2
3,SSCP-d3d6cf3d6fbea1e1,2,2
3,SSCP-d3fd8faea75b7ca3,2,2
3,SSCP-d456eef0e76cc380,2,2
3,SSCP-d4a4ce3cedfb51f3,2,2
3,SSCP-d4ad67aa75b4f322,2,2
3,SSCP-d4d544510d837c1f,2,2
3,SSCP-d52112565b08c921,2,2
3,SSCP-d5419e61565db464,2,2
3,SSCP-d57a2e9d5ae51526,2,2
3,SSCP-d59a25cccfc2445e,2,2
3,SSCP-d5aafb48fe2b9c64,2,2
3,SSCP-d64dcff058f5c124,2,2
3,SSCP-d7622b3cf0d6c6dd,2,2
3,SSCP-d787d7e185c04d36,2,2
3,SSCP-d79af7d97353dbe1,2,2
3,SSCP-d79ba25a7c076b7c,2,2
3,SSCP-d7d7cb6d8ec28b6c,2,2
3,SSCP-d7ef109384ec90f8,2,2
3,SSCP-d80b5131544810e2,2,2
3,SSCP-d82937b81cdc91d1,2,2
3,SSCP-d846c2ef7113a8c9,2,2
3,SSCP-d8571dfdae15dccd,2,2
3,SSCP-d8ec9431d4191470,2,2
3,SSCP-d8fb437d78b4509a,2,2
3,SSCP-d92361deded9a5e7,2,2
3,SSCP-d92dd04739b1a871,2,2
3,SSCP-d9344f539477717c,2,2
3,SSCP-d948e5ef16b3a1cb,2,2
3,SSCP-d979eacd2f1d3376,2,2
3,SSCP-d97d163137035811,2,2
3,SSCP-d97e31cbfcb3ac9e,2,2
3,SSCP-d9855b6bc4d50593,2,2
3,SSCP-d9a243f225fcbc09,2,2
3,SSCP-d9b4f2713419f088,2,2
3,SSCP-d9b7669f7f4a7b88,2,2
3,SSCP-d9fc8f01479f244c,2,2
3,SSCP-da3fe8d6efe6d077,2,2
3,SSCP-da54775fd262a1b2,2,2
3,SSCP-daadd723beef45bd,2,2
3,SSCP-dabdb80a9e49d9a3,2,2
3,SSCP-db56b0c479acfacb,2,2
3,SSCP-db73c9edb05c2a31,2,2
3,SSCP-dbd9040dc50b70ea,2,2
3,SSCP-dc54d618c2af7e07,2,2
3,SSCP-dc7eec55b61b56a6,2,2
3,SSCP-dc8f116eb38d5119,2,2
3,SSCP-dcb096137c7c8840,2,2
3,SSCP-dcc14b98b1211c00,2,2
3,SSCP-dcdae5832e6f2fb2,2,2
3,SSCP-dcdb8587837da06c,2,2
3,SSCP-dce905e2da9a6a2a,2,2
3,SSCP-dcf576a7c9326616,2,2
3,SSCP-dd15b8c80e15c790,2,2
3,SSCP-dd795d7b2874014b,2,2
3,SSCP-dd8ec10f3cf52a47,2,2
3,SSCP-ddb5d76b729cc5aa,2,2
3,SSCP-dde5d9a5ccdd9275,2,2
3,SSCP-de0681ef8b59e761,2,2
3,SSCP-de2d7cad4735fb0e,2,2
3,SSCP-de419e2feb06931c,2,2
3,SSCP-de4f0d72f7ff2508,2,2
3,SSCP-de792fe317a6ab5d,2,2
3,SSCP-debd807e797fb696,2,2
3,SSCP-dec9896ef1a9d434,2,2
3,SSCP-df0f7069fcda8166,2,2
3,SSCP-df1551d92452d376,2,2
3,SSCP-df3520251dcfcd0f,2,2
3,SSCP-df3a2e9f1bcdd426,2,2
3,SSCP-df42b46d8cacff77,2,2
3,SSCP-df7f01cb45e4597e,2,2
3,SSCP-dfdc688f7aca9e79,2,2
3,SSCP-dfdc9002404f68c1,2,2
3,SSCP-e02f5b40582d518f,2,2
3,SSCP-e03872d0c826f5f8,2,2
3,SSCP-e03ccafb022beba0,2,2
3,SSCP-e0677ab16778bb74,2,2
3,SSCP-e06e4a17daec1de8,2,2
3,SSCP-e07ddad74fe9f1f6,2,2
3,SSCP-e0967d3ecc24d649,2,2
3,SSCP-e0e389f64cac0805,2,2
3,SSCP-e0f2a32db50b4df3,2,2
3,SSCP-e124f8fde1311ed4,2,2
3,SSCP-e1487edd866f9eb0,2,2
3,SSCP-e14b3c40eff57836,2,2
3,SSCP-e16f4425bb3c2a7c,2,2
3,SSCP-e187c1aac4df28d3,2,2
3,SSCP-e1bb9b8b1c3a7aef,2,2
3,SSCP-e21432e77f3a4b75,2,2
3,SSCP-e2445277d9858d88,2,2
3,SSCP-e24cc5ecf3bf8bf6,2,2
3,SSCP-e25be8c8dab5d73d,2,2
3,SSCP-e296b72d472376ba,2,2
3,SSCP-e2ed8565043546b8,2,2
3,SSCP-e2f13cf8549a72cc,2,2
3,SSCP-e2f48312dfad9b80,2,2
3,SSCP-e344f6b203558a9f,2,2
3,SSCP-e35d014015bc53f9,2,2
3,SSCP-e3998734694134b4,2,2
3,SSCP-e39caa6b45c3b00a,2,2
3,SSCP-e424cf7448640560,2,2
3,SSCP-e46bc7bcfe09023a,2,2
3,SSCP-e48d32133bf84b06,2,2
3,SSCP-e4a10296b94dc1be,2,2
3,SSCP-e4c43945a6eff4a2,2,2
3,SSCP-e4e4f1885483a48f,2,2
3,SSCP-e4ed03d16211a155,2,2
3,SSCP-e4f82ae4226e3c8b,2,2
3,SSCP-e506010c6b99ceb4,2,2
3,SSCP-e5321e429070d5e8,2,2
3,SSCP-e54e1d6f460d5e4e,2,2
3,SSCP-e581e6d7a7ab90f0,2,2
3,SSCP-e5894b9d74dc9d4f,2,2
3,SSCP-e5d2b5231e3ac8ec,2,2
3,SSCP-e61c644d5fdeef20,2,2
3,SSCP-e662eda3fbd348ce,2,2
3,SSCP-e6809fbc821ef4ef,2,2
3,SSCP-e74a39f6a8a2acfa,2,2
3,SSCP-e78a4804dcada6e7,2,2
3,SSCP-e7c453a09120b26a,2,2
3,SSCP-e806d5c75900f10c,2,2
3,SSCP-e860ee4df46cc6d1,2,2
3,SSCP-e866a325c66c7a60,2,2
3,SSCP-e877ee0529545ea0,2,2
3,SSCP-e8941f5b32c28be2,2,2
3,SSCP-e90d9b70d53501de,2,2
3,SSCP-e96d3b33b601f3bc,2,2
3,SSCP-e96fc34668b8bee5,2,2
3,SSCP-e9b2af3d0546cb3c,2,2
3,SSCP-e9f238ab29e7a218,2,2
3,SSCP-ea1653bad3e9b117,2,2
3,SSCP-ea360add17f58efb,2,2
3,SSCP-ea7dc2e7c8255df2,2,2
3,SSCP-eaa15c7c973e0997,2,2
3,SSCP-eaf156cb0e8f4deb,2,2
3,SSCP-eb19c538414934ae,2,2
3,SSCP-eb419c599868652b,2,2
3,SSCP-ebd899bc4ba7955d,2,2
3,SSCP-ebf8aa409abae191,2,2
3,SSCP-ec339333cd5dab63,2,2
3,SSCP-ec74cbe09a81fd95,2,2
3,SSCP-ec7939fc05595bf8,2,2
3,SSCP-ecf19c15cb41a6d6,2,2
3,SSCP-ed0d954a7302d522,2,2
3,SSCP-ed1fd5e7755f06bd,2,2
3,SSCP-ed89a7a979b52d39,2,2
3,SSCP-edaef592bf2400f3,2,2
3,SSCP-edddc4b3939ed2e5,2,2
3,SSCP-edf69e8a3b14ca02,2,2
3,SSCP-ee2faaec72aed960,2,2
3,SSCP-ee3502256d7e2248,2,2
3,SSCP-ee44ccac2d7fe452,2,2
3,SSCP-ee5df92dd011784a,2,2
3,SSCP-ee7213a7b7bbfd54,2,2
3,SSCP-ee7b129a22158274,2,2
3,SSCP-ef0baf881043bedf,2,2
3,SSCP-ef244e6e5308c655,2,2
3,SSCP-ef4401133d09ec63,2,2
3,SSCP-ef65f48c947413ff,2,2
3,SSCP-ef71940a9396458b,2,2
3,SSCP-efa3e0abc3df3ba6,2,2
3,SSCP-efe843ac802c4935,2,2
3,SSCP-f02f77809442b27e,2,2
3,SSCP-f088706290a7fcb5,2,2
3,SSCP-f09068ec5e90f900,2,2
3,SSCP-f0aff5a4f6f78665,2,2
3,SSCP-f112729d800bc39f,2,2
3,SSCP-f12f722f06eecf87,2,2
3,SSCP-f1328d37a748e807,2,2
3,SSCP-f14044cc306b1e7f,2,2
3,SSCP-f15816e46f02bba6,2,2
3,SSCP-f1937067e3b0d51d,2,2
3,SSCP-f1e71466675f13ce,2,2
3,SSCP-f2153aa30e330e0d,2,2
3,SSCP-f24edd42d740139f,2,2
3,SSCP-f2504062b2f60c11,2,2
3,SSCP-f289f6740a730b45,2,2
3,SSCP-f2a0f80cdffaecdc,2,2
3,SSCP-f3025d9d9d13762a,2,2
3,SSCP-f326c2d8f6b4998f,2,2
3,SSCP-f3339c9ff14b36f3,2,2
3,SSCP-f36550c07c61a85d,2,2
3,SSCP-f3927c1f2e51540b,2,2
3,SSCP-f39bdb1106188a4d,2,2
3,SSCP-f3de08cbe2958ab3,2,2
3,SSCP-f40786de1433804e,2,2
3,SSCP-f412378034d56af3,2,2
3,SSCP-f43b047b7dce366d,2,2
3,SSCP-f44ee519864631c6,2,2
3,SSCP-f45915c488cfeb05,2,2
3,SSCP-f466a85a13ea6db0,2,2
3,SSCP-f4e41959aa8ef116,2,2
3,SSCP-f4ec3a1a5865da6b,2,2
3,SSCP-f4f90486180f9bc0,2,2
3,SSCP-f53b034798fb7231,2,2
3,SSCP-f542f6392cb5cdb4,2,2
3,SSCP-f56dcfd762086ed7,2,2
3,SSCP-f5a800a250bd18e3,2,2
3,SSCP-f5dbea11c032ddda,2,2
3,SSCP-f6b415c24159df36,2,2
3,SSCP-f6cd47f7a0419b6a,2,2
3,SSCP-f6d05c72b60e4935,2,2
3,SSCP-f74fa5ceb9c06187,2,2
3,SSCP-f75fb803d4559a10,2,2
3,SSCP-f7722d3f0ca11434,2,2
3,SSCP-f7bc5a72a72c94b9,2,2
3,SSCP-f7bfada75fb20f85,2,2
3,SSCP-f7c30d3cf7ae1e73,2,2
3,SSCP-f802ac3cf07918e6,2,2
3,SSCP-f814b2307650eb05,2,2
3,SSCP-f8510a7b38eaee15,2,2
3,SSCP-f8a90f916c97bdc2,2,2
3,SSCP-f8be70a9c2681225,2,2
3,SSCP-f8ca01f94c887ab2,2,2
3,SSCP-f8d30f6db46779ed,2,2
3,SSCP-f91a59ac221df27d,2,2
3,SSCP-f932ad8a30f81ae4,2,2
3,SSCP-f98160672246470f,2,2
3,SSCP-f98216f7aa82dd51,2,2
3,SSCP-f9ae266c789328d0,2,2
3,SSCP-f9b65e96cad4af95,2,2
3,SSCP-f9c250c19050a96c,2,2
3,SSCP-f9f45571673a55a4,2,2
3,SSCP-fa329f5a2f3defd6,2,2
3,SSCP-fa72722b2a78ebd5,2,2
3,SSCP-faf17df2598778ba,2,2
3,SSCP-fb0eb3be569d3c77,2,2
3,SSCP-fb793944815d702a,2,2
3,SSCP-fb7f50a7912b5a57,2,2
3,SSCP-fba7e71846c5e780,2,2
3,SSCP-fbb53ce1ffa7ed0b,2,2
3,SSCP-fbda882f4b21b1f2,2,2
3,SSCP-fbe1b67edac6886b,2,2
3,SSCP-fc198505fd66d13f,2,2
3,SSCP-fc24f121d0986d80,2,2
3,SSCP-fc301e86864e15a6,2,2
3,SSCP-fc3d5da41b318ec8,2,2
3,SSCP-fc528dbe189261ab,2,2
3,SSCP-fc5ff837806c1a91,2,2
3,SSCP-fc8a5a0fbd7da3ca,2,2
3,SSCP-fcd6baf39d5c7e25,2,2
3,SSCP-fcddf59388bcd8ae,2,2
3,SSCP-fd669bb5af423d43,2,2
3,SSCP-fd89d813c8fbdab8,2,2
3,SSCP-fdb548b77c3fe545,2,2
3,SSCP-fde513494e838b88,2,2
3,SSCP-fdfd70a526826ff4,2,2
3,SSCP-fdfdc3652da41037,2,2
3,SSCP-fe153cca556625b4,2,2
3,SSCP-fe17afa7d59b1be6,2,2
3,SSCP-fe1c6a7c6763027e,2,2
3,SSCP-fe5287c4dc2641df,2,2
3,SSCP-fea8c502c9ab80fe,2,2
3,SSCP-feabe02892b26097,2,2
3,SSCP-feedc6a6c65b638a,2,2
3,SSCP-ff1e9831385cbc05,2,2
3,SSCP-ff793736f6ea2fa4,2,2
3,SSCP-ff8976d045ec48d6,2,2
3,SSCP-fffaa7a600811aeb,2,2
3,SSCP-fffcb5ce849410de,2,2
3,SSCP-0028ba97a7daa03b,3,4
3,SSCP-006e14887ba7fd42,3,4
3,SSCP-00a276a15a1dc320,3,4
3,SSCP-00ad7d795216f1d4,3,4
3,SSCP-015aedee5fdfb40d,3,4
3,SSCP-015b1f05ff4e8ab3,3,4
3,SSCP-02915bfaebbe09bd,3,4
3,SSCP-02976f2eb4cf9c8b,3,4
3,SSCP-030b06b2eab9c15e,3,4
3,SSCP-0321d79aa693d8a8,3,4
3,SSCP-0390d0b416b1cfab,3,4
3,SSCP-03cd99860e542373,3,4
3,SSCP-03d4df53c4567078,3,4
3,SSCP-040fdf2d45c068a6,3,4
3,SSCP-043747e1af18b5d3,3,4
3,SSCP-04608a3be4e7965e,3,4
3,SSCP-048e5fd7b7b2cb75,3,4
3,SSCP-049baedd058bba3b,3,4
3,SSCP-04a1b117761202bb,3,4
3,SSCP-04a432617cd799e9,3,4
3,SSCP-04c34d4a9a5aa872,3,4
3,SSCP-04f0eb8ac8713e66,3,4
3,SSCP-04fcaded7f145fef,3,4
3,SSCP-054535579ece2b52,3,4
3,SSCP-056d5bb8e664988b,3,4
3,SSCP-05f7c31d9cea533e,3,4
3,SSCP-060d068bb3fd5a25,3,4
3,SSCP-0644c597e1bc977c,3,4
3,SSCP-064e09136acb8b6d,3,4
3,SSCP-06a495cd611b7876,3,4
3,SSCP-06ba46d4ff0ffcd3,3,4
3,SSCP-06ff7c6c7dd358fe,3,4
3,SSCP-071478fb8bb48228,3,4
3,SSCP-071ac0a218108dc9,3,4
3,SSCP-07326cceec8e37b5,3,4
3,SSCP-084ce66bd627a4b3,3,4
3,SSCP-084f42149f5c585a,3,4
3,SSCP-086c058a3aac3c69,3,4
3,SSCP-0892c2dafd240612,3,4
3,SSCP-092e1bdc8eac16c7,3,4
3,SSCP-0954ab5c180aecaa,3,4
3,SSCP-0996346b340fc0a3,3,4
3,SSCP-09cee3b3ac900d6e,3,4
3,SSCP-0a4746f54469dd7f,3,4
3,SSCP-0a53305b75d68668,3,4
3,SSCP-0a6aad5177677b7c,3,4
3,SSCP-0a9242d064d61b8e,3,4
3,SSCP-0acb06b89ff942d6,3,4
3,SSCP-0ade04a8e2ceeae8,3,4
3,SSCP-0adf8eb00307f551,3,4
3,SSCP-0af1398bd142969a,3,4
3,SSCP-0b0706ad757555b9,3,4
3,SSCP-0b321e33cf6661d9,3,4
3,SSCP-0b508292bc8c848c,3,4
3,SSCP-0b9a0c0afe2298b5,3,4
3,SSCP-0bfdc19bf11b41ad,3,4
3,SSCP-0c170bf084ea891e,3,4
3,SSCP-0c564ba8c9e14106,3,4
3,SSCP-0cb6e66d54399921,3,4
3,SSCP-0cbb5caea1373538,3,4
3,SSCP-0d2f6d5b7a03a7da,3,4
3,SSCP-0da0d6ed08954145,3,4
3,SSCP-0dc2252c7f21db75,3,4
3,SSCP-0e153ea485b03c68,3,4
3,SSCP-0e42e4d1c7b56606,3,4
3,SSCP-0f409c23a8ea94c3,3,4
3,SSCP-0f8920c3c9061d7b,3,4
3,SSCP-0fbcb907ace6b708,3,4
3,SSCP-101114b7bec35ca5,3,4
3,SSCP-10252edc6e30a5b4,3,4
3,SSCP-103eaae443c13af2,3,4
3,SSCP-10745dd87290c57d,3,4
3,SSCP-107ee5b0338a5feb,3,4
3,SSCP-10dce81dfa2008d1,3,4
3,SSCP-119d2a21cd798744,3,4
3,SSCP-11b61732358eefaa,3,4
3,SSCP-11f06acbf29afe5d,3,4
3,SSCP-1223555610254f3b,3,4
3,SSCP-123cbfedc664fd28,3,4
3,SSCP-125d47f00770a849,3,4
3,SSCP-12600ab00543c476,3,4
3,SSCP-129983b5eea89f9e,3,4
3,SSCP-129acbfb6694e72c,3,4
3,SSCP-12df594b83dbc600,3,4
3,SSCP-12e37c440092eeec,3,4
3,SSCP-130bbdce4570cd24,3,4
3,SSCP-1324ccd6f9021c7d,3,4
3,SSCP-133350ac69b6f1fd,3,4
3,SSCP-135f52389e38188d,3,4
3,SSCP-136b44d2ce162c73,3,4
3,SSCP-137c28c33b817d6b,3,4
3,SSCP-13acd5efd86313b3,3,4
3,SSCP-13cc0bfc68ce97b4,3,4
3,SSCP-1404259d857e80eb,3,4
3,SSCP-1426543d1c76f752,3,4
3,SSCP-144b36fbf4bb4a6b,3,4
3,SSCP-14c58e7c7eceebea,3,4
3,SSCP-14f8390943c5300b,3,4
3,SSCP-1516fcddbfa2beb2,3,4
3,SSCP-153bef7cfab95f35,3,4
3,SSCP-1565f395922a2454,3,4
3,SSCP-15dd5013c84bff88,3,4
3,SSCP-1609e70019cc1b15,3,4
3,SSCP-160bd684a60797e8,3,4
3,SSCP-164429e32260deb5,3,4
3,SSCP-16756ffda0ab6616,3,4
3,SSCP-16a4f374d686e769,3,4
3,SSCP-171824e17b67902e,3,4
3,SSCP-17453591bbe1f2df,3,4
3,SSCP-175d064fea0f613a,3,4
3,SSCP-17a95ca3cec239a5,3,4
3,SSCP-17b5ba70019944ac,3,4
3,SSCP-17b79b3b51bd2652,3,4
3,SSCP-18174cbd57c5097a,3,4
3,SSCP-18200bef50de23f4,3,4
3,SSCP-184a1e5e563f740c,3,4
3,SSCP-18684504b973c62c,3,4
3,SSCP-187aef72e51282fc,3,4
3,SSCP-18c42a9db6584ab8,3,4
3,SSCP-18cff46e9f254c58,3,4
3,SSCP-18f3da7d60fad7c3,3,4
3,SSCP-1927eb875164cb04,3,4
3,SSCP-193411b60bdb5fe5,3,4
3,SSCP-1991e0476ab3783b,3,4
3,SSCP-1a048d4f4290beab,3,4
3,SSCP-1a4160f104c3221a,3,4
3,SSCP-1ac2a5f94831dc53,3,4
3,SSCP-1b1e1253b11f2979,3,4
3,SSCP-1b28649eda206225,3,4
3,SSCP-1b8205e4f2197536,3,4
3,SSCP-1c3f1a3bb0b79c33,3,4
3,SSCP-1c4247df2c43a578,3,4
3,SSCP-1c45b63d5bfd645a,3,4
3,SSCP-1ca8852da246d306,3,4
3,SSCP-1ccefa90f243f555,3,4
3,SSCP-1cdb7f123e5303fc,3,4
3,SSCP-1d2ba9514f4af750,3,4
3,SSCP-1d49094533994357,3,4
3,SSCP-1d52be086911ead9,3,4
3,SSCP-1d6694305f323327,3,4
3,SSCP-1d724a25f0b7cdae,3,4
3,SSCP-1db0d9ebfa3d4347,3,4
3,SSCP-1dbf281744840ce6,3,4
3,SSCP-1dc145edb1d5972c,3,4
3,SSCP-1dff8b92dab3d697,3,4
3,SSCP-1e0bb9ecb14e0737,3,4
3,SSCP-1e23478fbd03dc4b,3,4
3,SSCP-1e7453b1f3c0aea1,3,4
3,SSCP-1e7dc13dc45c4771,3,4
3,SSCP-1e8f5b052357e81e,3,4
3,SSCP-1e90c1de07a989dd,3,4
3,SSCP-1ed327c037effc1f,3,4
3,SSCP-1f3dd24e94111358,3,4
3,SSCP-1f5a943c08aa35f2,3,4
3,SSCP-1fc8d25289de4723,3,4
3,SSCP-1fdf099952945830,3,4
3,SSCP-1fef9d7a242e3287,3,4
3,SSCP-1fff3cd694ddd07a,3,4
3,SSCP-2009129a73d0da2c,3,4
3,SSCP-2011b2faeeb8d44c,3,4
3,SSCP-201dd664ddb4d6da,3,4
3,SSCP-20e3c9cbf69e2044,3,4
3,SSCP-20f1d0ffc95cbedf,3,4
3,SSCP-212bea0e0feb8a47,3,4
3,SSCP-2135d0719a258c1c,3,4
3,SSCP-21b465f6530824c2,3,4
3,SSCP-21b914532b38bd2f,3,4
3,SSCP-22225b162c0e7fcf,3,4
3,SSCP-224a9e603604dee8,3,4
3,SSCP-229036adf0e39178,3,4
3,SSCP-22a16202402f4c94,3,4
3,SSCP-2310fbd26ce358b3,3,4
3,SSCP-232919a0e4e8a624,3,4
3,SSCP-2338b0105513c083,3,4
3,SSCP-2392ab05f569e421,3,4
3,SSCP-23dd219f2d08e9fe,3,4
3,SSCP-23e2c8b51d5c54f2,3,4
3,SSCP-23e50714849b496f,3,4
3,SSCP-2464c9973771dae2,3,4
3,SSCP-24708f2afc4a6dc7,3,4
3,SSCP-24a47f2283b0599e,3,4
3,SSCP-24a8865de64b2a3b,3,4
3,SSCP-24c513048769df1e,3,4
3,SSCP-24e0615714b029ca,3,4
3,SSCP-24f19a987178f5b8,3,4
3,SSCP-25269bdafcbda917,3,4
3,SSCP-2541391f22e0cd51,3,4
3,SSCP-2609051475891bf6,3,4
3,SSCP-261094101d321fc2,3,4
3,SSCP-26735b5febce44d6,3,4
3,SSCP-267d74d8b4969cc7,3,4
3,SSCP-268ef7f5fe3ec22f,3,4
3,SSCP-269f6634e644091b,3,4
3,SSCP-272ada377b9cd874,3,4
3,SSCP-2792a7256ab64053,3,4
3,SSCP-2793786d6c5d6eb1,3,4
3,SSCP-27a5638eb595edb1,3,4
3,SSCP-27c103acba874f8c,3,4
3,SSCP-27f03137e59f76ff,3,4
3,SSCP-2857cd6fdb1fc672,3,4
3,SSCP-28bd89e60dec2bf5,3,4
3,SSCP-28c287628cad9c28,3,4
3,SSCP-28cd37fed9142c9c,3,4
3,SSCP-292af9b1c3337d66,3,4
3,SSCP-295306e7e36726de,3,4
3,SSCP-298e93130f84cb5e,3,4
3,SSCP-299a4a79e09b9b31,3,4
3,SSCP-29c679a936d88a00,3,4
3,SSCP-29de71b59cf3cc45,3,4
3,SSCP-2a0657c91f4f42e0,3,4
3,SSCP-2a074bef785ca240,3,4
3,SSCP-2a39a5a6de03df0f,3,4
3,SSCP-2a43141f798d6418,3,4
3,SSCP-2a4fb33123a322fd,3,4
3,SSCP-2a842ba084518b45,3,4
3,SSCP-2b0662ced5bfb085,3,4
3,SSCP-2b6d2950c04a9f81,3,4
3,SSCP-2b6d752654eabe7e,3,4
3,SSCP-2b8d3b40c0e77d02,3,4
3,SSCP-2bb427b1e2d272e9,3,4
3,SSCP-2be316ec4cadbbd0,3,4
3,SSCP-2bfe20fe1f1f3d32,3,4
3,SSCP-2c2e1ccddea38b42,3,4
3,SSCP-2c394aee9c24f2a5,3,4
3,SSCP-2c5a546dba6cf897,3,4
3,SSCP-2c85502079a33d3b,3,4
3,SSCP-2c857ab1db71f2a5,3,4
3,SSCP-2c9e5f0405c92ba3,3,4
3,SSCP-2ccc7b00fc78bdcd,3,4
3,SSCP-2cf4b092d7471da5,3,4
3,SSCP-2d193d40e222e010,3,4
3,SSCP-2d26d1b3727357b7,3,4
3,SSCP-2da54775339edd8e,3,4
3,SSCP-2da68e059ab48d12,3,4
3,SSCP-2daa9b61451b7ee5,3,4
3,SSCP-2dd43c53470e07a4,3,4
3,SSCP-2df5247719d77f2d,3,4
3,SSCP-2dff02c910e15aa5,3,4
3,SSCP-2e38f604d1c4d512,3,4
3,SSCP-2e976a58e64b3ad8,3,4
3,SSCP-2ecaac79e4d3caeb,3,4
3,SSCP-2eddc9ef7e5ce0f7,3,4
3,SSCP-2fce01eddff61570,3,4
3,SSCP-2fe8ec138feaea56,3,4
3,SSCP-2ff503cce8ee16f2,3,4
3,SSCP-30356c34d2508277,3,4
3,SSCP-3060ed9223ffe504,3,4
3,SSCP-306c4f1233a49e7a,3,4
3,SSCP-3092e81bce4996da,3,4
3,SSCP-30a731c17efbcac0,3,4
3,SSCP-30cefd36c7be7d5b,3,4
3,SSCP-30de6b94bae41447,3,4
3,SSCP-30efa7fc5db733f1,3,4
3,SSCP-311cf6d1a79262a8,3,4
3,SSCP-3141257912531634,3,4
3,SSCP-315d4cb71a078170,3,4
3,SSCP-315dcce793efdce8,3,4
3,SSCP-31a50334db116b8c,3,4
3,SSCP-320825a626918ec6,3,4
3,SSCP-32279e7ab3afeab0,3,4
3,SSCP-3248ede9d6acf27c,3,4
3,SSCP-32954b4029e562ec,3,4
3,SSCP-32a8e7a08c0915d7,3,4
3,SSCP-32e690aee0bec6bf,3,4
3,SSCP-32ffd5843469ad68,3,4
3,SSCP-3318291c625f454b,3,4
3,SSCP-332379c9d0cffb10,3,4
3,SSCP-334fb0befd27201b,3,4
3,SSCP-3356d2d6629f9231,3,4
3,SSCP-33653fc617042f52,3,4
3,SSCP-33924fece89d0aa7,3,4
3,SSCP-33db7371ea7af200,3,4
3,SSCP-33f50a94570b2c0e,3,4
3,SSCP-33fff1a96f0034a2,3,4
3,SSCP-3469323e553ca003,3,4
3,SSCP-3477c01cae02de88,3,4
3,SSCP-3480d91822876b55,3,4
3,SSCP-34b316d330e21121,3,4
3,SSCP-34ca76812050920a,3,4
3,SSCP-3518b6ea282e2b7b,3,4
3,SSCP-35395aede274b1f1,3,4
3,SSCP-35baac097d995dec,3,4
3,SSCP-35e3bd76cdd80004,3,4
3,SSCP-3609fd9df6a9afe1,3,4
3,SSCP-362aa1a2cb9291f5,3,4
3,SSCP-3632d5dab24eb788,3,4
3,SSCP-36768a907949f813,3,4
3,SSCP-36b6f9a0f822da5b,3,4
3,SSCP-36e3558367eca570,3,4
3,SSCP-371ec3099d78904b,3,4
3,SSCP-374e0e6cbb5e0820,3,4
3,SSCP-376ab31587a9cd8b,3,4
3,SSCP-3774c5052a317109,3,4
3,SSCP-377923d47ebf2df1,3,4
3,SSCP-3810997e7cd1ea7e,3,4
3,SSCP-386048b128283a86,3,4
3,SSCP-386b2439d354c1fd,3,4
3,SSCP-38a659e4123906bc,3,4
3,SSCP-38ca4d62396c2879,3,4
3,SSCP-3951b4e9879d0b6f,3,4
3,SSCP-395757e12ff8627d,3,4
3,SSCP-399f1432f41dbb90,3,4
3,SSCP-39aa837501d16240,3,4
3,SSCP-39ab892c397d6a19,3,4
3,SSCP-3a0c85079301fca0,3,4
3,SSCP-3a181cb7036204d1,3,4
3,SSCP-3a525afff29cdd29,3,4
3,SSCP-3a8a886d49e197c5,3,4
3,SSCP-3a8dc9e0bba4105d,3,4
3,SSCP-3aafbe8bad99ca53,3,4
3,SSCP-3ad2d4b1f7c16094,3,4
3,SSCP-3ae106fe31b3d46e,3,4
3,SSCP-3af0008cc9b0e684,3,4
3,SSCP-3b407bd5520420d3,3,4
3,SSCP-3b52f7c25615071e,3,4
3,SSCP-3bad3dfdf87e518c,3,4
3,SSCP-3bc76147afe2e55e,3,4
3,SSCP-3c139f22c51ca9a7,3,4
3,SSCP-3c320e777c23e63f,3,4
3,SSCP-3c450a66181f754e,3,4
3,SSCP-3c84f918080be6a1,3,4
3,SSCP-3c8bd77abc193be7,3,4
3,SSCP-3cf5a43bbbb989ee,3,4
3,SSCP-3d47753f9bf632f0,3,4
3,SSCP-3d53661dfe261a9f,3,4
3,SSCP-3d92b2a8d72f5158,3,4
3,SSCP-3da26e0e1b31ddbb,3,4
3,SSCP-3dab7aa643556d5f,3,4
3,SSCP-3dfa598267cc5670,3,4
3,SSCP-3e1bfc2aea1418c4,3,4
3,SSCP-3e65dd3aba3cae66,3,4
3,SSCP-3e8e0b3090a613bb,3,4
3,SSCP-3ec2a2923a16b2b2,3,4
3,SSCP-3ed5e43bc17d22c9,3,4
3,SSCP-3f59a1b83ce1b16a,3,4
3,SSCP-3febbfbc6bb0aa73,3,4
3,SSCP-4006a333e6c3edcd,3,4
3,SSCP-400d8d8d0bda3b99,3,4
3,SSCP-408663a1e0b96e3d,3,4
3,SSCP-40ded9bccb65f527,3,4
3,SSCP-40e3742e6ac284e3,3,4
3,SSCP-40e652167cf880cb,3,4
3,SSCP-41522db2860da1c1,3,4
3,SSCP-41a3c437eaa92713,3,4
3,SSCP-41b99de12cca8584,3,4
3,SSCP-41bb07892c797470,3,4
3,SSCP-41e54df9cc6fec70,3,4
3,SSCP-4240f375c18171a4,3,4
3,SSCP-425391e25f3e8cb2,3,4
3,SSCP-42913b2b35c62722,3,4
3,SSCP-42cd94869aed45a1,3,4
3,SSCP-430104296c1d9275,3,4
3,SSCP-436ebeea537969a0,3,4
3,SSCP-43777e3a01b91718,3,4
3,SSCP-437b64f3d6427ed0,3,4
3,SSCP-43863d9f6cc2024b,3,4
3,SSCP-43e8eefa6d1473a8,3,4
3,SSCP-449ae97c6ef59428,3,4
3,SSCP-44ef9ee4d019d0f1,3,4
3,SSCP-451fae8242c2de6e,3,4
3,SSCP-45677fe1816a7014,3,4
3,SSCP-4588637a5b3168af,3,4
3,SSCP-459d3b305e9ca40d,3,4
3,SSCP-45b29b33caab493c,3,4
3,SSCP-45e1b3a072ac701f,3,4
3,SSCP-460eb7d55a86cf79,3,4
3,SSCP-4655178605dd071a,3,4
3,SSCP-4655a3a7f1b44582,3,4
3,SSCP-466c3b2c9126e5e8,3,4
3,SSCP-471a019cbde6c8a7,3,4
3,SSCP-476098766a47ca60,3,4
3,SSCP-4777e782ba28b43a,3,4
3,SSCP-47b34a64056ae6f1,3,4
3,SSCP-48386658e2628d11,3,4
3,SSCP-4875acb6222f9751,3,4
3,SSCP-48b1cc0c3644ce00,3,4
3,SSCP-48f6e6f33e07586d,3,4
3,SSCP-492c284467a3bdfa,3,4
3,SSCP-49330681998d297d,3,4
3,SSCP-4941528c2ddf8252,3,4
3,SSCP-494170ef00196017,3,4
3,SSCP-497f6cc2c4d711a4,3,4
3,SSCP-4984114a534ce392,3,4
3,SSCP-49b5fecbf8668178,3,4
3,SSCP-49ed9ec63533aa38,3,4
3,SSCP-4a0e27b74c2ab263,3,4
3,SSCP-4a719b097fa3f6f7,3,4
3,SSCP-4aa4c34cfba1490b,3,4
3,SSCP-4ae1f1641acc221d,3,4
3,SSCP-4aeeb45958a75c82,3,4
3,SSCP-4b48ba3f1eaf09b8,3,4
3,SSCP-4b6309f8e502804d,3,4
3,SSCP-4b939288203af777,3,4
3,SSCP-4bc75c7b8bddc64b,3,4
3,SSCP-4c0e44ed1dd8c3fb,3,4
3,SSCP-4c8223ca4b1836c4,3,4
3,SSCP-4c8b6953e3545454,3,4
3,SSCP-4cbaa44c93473930,3,4
3,SSCP-4cfbb6acf3d2e439,3,4
3,SSCP-4d3de5b6b9d8b60a,3,4
3,SSCP-4dbb10c80816f478,3,4
3,SSCP-4dec6c92196855ac,3,4
3,SSCP-4e1cbc49a2f802f3,3,4
3,SSCP-4e5b146964e0b39d,3,4
3,SSCP-4e61c72b3be1ad73,3,4
3,SSCP-4eb659ed4b556327,3,4
3,SSCP-4f01d4bf1c848784,3,4
3,SSCP-4f03793e13ac87b4,3,4
3,SSCP-4f0ce07e8c893aae,3,4
3,SSCP-4f5e23cfebb8ec3c,3,4
3,SSCP-4f6e557d65c63852,3,4
3,SSCP-4fb0bfce65f2d0e8,3,4
3,SSCP-4fb3e0a63c4deaa1,3,4
3,SSCP-4fc1b5e1e527e877,3,4
3,SSCP-4fd4c685e53f4f04,3,4
3,SSCP-500b3130c32c2229,3,4
3,SSCP-50686ff1e1f4df13,3,4
3,SSCP-508b3d4faf45cbe0,3,4
3,SSCP-50a72fd858450aba,3,4
3,SSCP-50e3d5416b877759,3,4
3,SSCP-50fa802aa173f2e8,3,4
3,SSCP-512e6ee8f0fe46a4,3,4
3,SSCP-5161e06566d806cc,3,4
3,SSCP-5192efc2ef43656c,3,4
3,SSCP-51ef81c52fe22e4f,3,4
3,SSCP-5201113b43aecbdb,3,4
3,SSCP-5233a166a5ca060d,3,4
3,SSCP-5252e555d24be969,3,4
3,SSCP-525b251d228a3fe5,3,4
3,SSCP-52d8f98d3867b333,3,4
3,SSCP-52ddd7f531e7d89a,3,4
3,SSCP-52eb639a43711065,3,4
3,SSCP-52f55046703aed9c,3,4
3,SSCP-53570ac13390e6e5,3,4
3,SSCP-53b2d193082aa394,3,4
3,SSCP-53b4c22612e91f3e,3,4
3,SSCP-53b9d0d1e1429325,3,4
3,SSCP-540dd0fd0e2fbfb8,3,4
3,SSCP-542ff88f773297ac,3,4
3,SSCP-546c0756f7ddf393,3,4
3,SSCP-549ef68ed7ffa320,3,4
3,SSCP-54d15ee02068b0fb,3,4
3,SSCP-550b6081cd5629fe,3,4
3,SSCP-55a1844299112e8a,3,4
3,SSCP-55cfb09876ec8b97,3,4
3,SSCP-55e6ee4a59413da1,3,4
3,SSCP-5617703ed2f56bf8,3,4
3,SSCP-562dd351c70e5c7b,3,4
3,SSCP-567fca0bd9510e4f,3,4
3,SSCP-56d3d91fe99be02c,3,4
3,SSCP-56e9283cdef957d2,3,4
3,SSCP-5701005faec66d63,3,4
3,SSCP-572df4ef34829587,3,4
3,SSCP-57605bf6fc1703a1,3,4
3,SSCP-576cf8da960e3ae3,3,4
3,SSCP-57a5f2072811bf6f,3,4
3,SSCP-57dfb6ba338e078a,3,4
3,SSCP-58057f04e269ebd8,3,4
3,SSCP-582a82a23cdbf531,3,4
3,SSCP-5842a702744b2cc2,3,4
3,SSCP-5843b05db01f5c40,3,4
3,SSCP-58dbd6be91d050f8,3,4
3,SSCP-58df97e097f72804,3,4
3,SSCP-58f2607d4f37cf46,3,4
3,SSCP-591198e0b0493577,3,4
3,SSCP-592d27cf727a666a,3,4
3,SSCP-594a04ad89c43dd3,3,4
3,SSCP-597d1a2c21051c36,3,4
3,SSCP-59b306186cc8dc00,3,4
3,SSCP-59fdc190f26c95f0,3,4
3,SSCP-5a178d6b2b43c8e6,3,4
3,SSCP-5a5bed43397fd034,3,4
3,SSCP-5a65fd73f334c5ef,3,4
3,SSCP-5a70222a4047ef99,3,4
3,SSCP-5a818ef0fa159a3c,3,4
3,SSCP-5a862276480d10f5,3,4
3,SSCP-5ae4c32993a648a7,3,4
3,SSCP-5aeb2f3c5db0bd93,3,4
3,SSCP-5afd90c8c5057500,3,4
3,SSCP-5b337588d8cedbd5,3,4
3,SSCP-5b4d66dffc9118fe,3,4
3,SSCP-5b5386ffe2acd4c8,3,4
3,SSCP-5b6355ac829aa731,3,4
3,SSCP-5bac4803b94aeec1,3,4
3,SSCP-5bf866fda97ee353,3,4
3,SSCP-5c4feaa1a51ec358,3,4
3,SSCP-5c5a6b0169af7a69,3,4
3,SSCP-5c903c43dcde2f4e,3,4
3,SSCP-5cd6baec72f3da64,3,4
3,SSCP-5d12837d268edcd8,3,4
3,SSCP-5d78a029d85f3db6,3,4
3,SSCP-5daa7de5cc883dac,3,4
3,SSCP-5dabb430b2297cca,3,4
3,SSCP-5dd2b6657bd6ceb4,3,4
3,SSCP-5ddf264ece52d08c,3,4
3,SSCP-5e0443154198b0c9,3,4
3,SSCP-5e4f4a23d4604220,3,4
3,SSCP-5e6de1859194cdcd,3,4
3,SSCP-5e775445911eb13d,3,4
3,SSCP-5ea94f4b8aff35ac,3,4
3,SSCP-5ec3758471262685,3,4
3,SSCP-5f2b5e8ed0901729,3,4
3,SSCP-5f4b46409cd5c000,3,4
3,SSCP-5f6bfa91989b148d,3,4
3,SSCP-5f6ec20edc91ee6d,3,4
3,SSCP-5ff27ad46baf27ca,3,4
3,SSCP-6013942a3baf564c,3,4
3,SSCP-6029208be7945559,3,4
3,SSCP-602c6a5b08db886a,3,4
3,SSCP-6039cc6f6a0b11a5,3,4
3,SSCP-603b163a1e5bc6ce,3,4
3,SSCP-609b4bbc6c22aa27,3,4
3,SSCP-60d36a60ad9b1b8b,3,4
3,SSCP-61007b353ce8cb7e,3,4
3,SSCP-6101bd873b4e8b63,3,4
3,SSCP-613085e7c5da7b40,3,4
3,SSCP-613d400fe2005eb1,3,4
3,SSCP-615878e0f8fc01ef,3,4
3,SSCP-6175a1c1a70b5c1b,3,4
3,SSCP-6198bac3774963d3,3,4
3,SSCP-624f80971e985ab2,3,4
3,SSCP-6274640858e68887,3,4
3,SSCP-627ec2eb9494d256,3,4
3,SSCP-62a7743bfe93dde9,3,4
3,SSCP-62e9a0ae050b8703,3,4
3,SSCP-631a31afed7d09fc,3,4
3,SSCP-6398359090a89704,3,4
3,SSCP-63be9c481f6e802b,3,4
3,SSCP-63d17108454b579d,3,4
3,SSCP-642757e4723b7b93,3,4
3,SSCP-644405e02c7b8b12,3,4
3,SSCP-644c19994a43dc07,3,4
3,SSCP-6475b56f08c83605,3,4
3,SSCP-64801f0f766820e0,3,4
3,SSCP-6485cbf77b459ecd,3,4
3,SSCP-6488547e21de6827,3,4
3,SSCP-6499df16230646af,3,4
3,SSCP-649dbbc7edc1c22a,3,4
3,SSCP-64e864f72dcacc77,3,4
3,SSCP-65b1c6680a5999dd,3,4
3,SSCP-65d1e9990d2c9994,3,4
3,SSCP-65fab0878e2604a5,3,4
3,SSCP-6667ba5e44fbbe8f,3,4
3,SSCP-669561f86bc8c954,3,4
3,SSCP-66b3fadaeb32c894,3,4
3,SSCP-670dc945a101811e,3,4
3,SSCP-670e24c746d5f682,3,4
3,SSCP-673f6532d9f6b25f,3,4
3,SSCP-67416c026576acde,3,4
3,SSCP-67b7cd5729622398,3,4
3,SSCP-6802f290cd2ad698,3,4
3,SSCP-680db35663a52f20,3,4
3,SSCP-681c2afd2ce35577,3,4
3,SSCP-68502a00d6148f4b,3,4
3,SSCP-68b564766c370b96,3,4
3,SSCP-68d37095602ab51d,3,4
3,SSCP-68f34b2dd698450e,3,4
3,SSCP-69547adc99b15544,3,4
3,SSCP-6977e4665c5dc3e8,3,4
3,SSCP-697eebe472a6afa7,3,4
3,SSCP-698f87278d00ae6d,3,4
3,SSCP-69baa2a6511b4a37,3,4
3,SSCP-69bb6909865761fd,3,4
3,SSCP-6a85a193dd33b9db,3,4
3,SSCP-6a86e46a5f9ec039,3,4
3,SSCP-6a8f7a5e6775ba8d,3,4
3,SSCP-6b640c45dddb7433,3,4
3,SSCP-6baf61573aae6b8c,3,4
3,SSCP-6bc806b98b53bc73,3,4
3,SSCP-6bdfe639bec1b0b7,3,4
3,SSCP-6c187cdb576e04a2,3,4
3,SSCP-6c240e50c3635136,3,4
3,SSCP-6c98ba8e293779cc,3,4
3,SSCP-6ca7744146055000,3,4
3,SSCP-6caaa1e8c5dd70b1,3,4
3,SSCP-6cab232ee0fe3373,3,4
3,SSCP-6cb274b753c99ea4,3,4
3,SSCP-6cb38d46048c68d4,3,4
3,SSCP-6d0f9af532d4f2a5,3,4
3,SSCP-6d15fc7d87237bff,3,4
3,SSCP-6d38e9ad7ecadb1f,3,4
3,SSCP-6d850e13db22121d,3,4
3,SSCP-6dc89606e15a5cb7,3,4
3,SSCP-6dd65f49274c7f16,3,4
3,SSCP-6dec2d3181706ecb,3,4
3,SSCP-6deeb290b8bd022a,3,4
3,SSCP-6dfbb11024b3a6da,3,4
3,SSCP-6e9d38878c90aa9d,3,4
3,SSCP-6ec3dcba923c7a29,3,4
3,SSCP-6ec893231d0d87ca,3,4
3,SSCP-6ef8adfbcadb1841,3,4
3,SSCP-6f1b9793bd32f2fa,3,4
3,SSCP-6f1deced1b4b237c,3,4
3,SSCP-6f347e2161e03159,3,4
3,SSCP-6fc9e672006b979c,3,4
3,SSCP-6ffc33c63794ce67,3,4
3,SSCP-706bb026cabcd437,3,4
3,SSCP-70c431b8b0bccf9a,3,4
3,SSCP-70c8e2ed5d339db5,3,4
3,SSCP-71389076d7955097,3,4
3,SSCP-7180b6559623d2ef,3,4
3,SSCP-71c8e8ec87bbd3a3,3,4
3,SSCP-721d5db85c053e48,3,4
3,SSCP-721f25377a23065a,3,4
3,SSCP-72582fd5dcf6eb1d,3,4
3,SSCP-726f9b0239ba5c64,3,4
3,SSCP-728fcd4656767bb6,3,4
3,SSCP-72a3f0e0b2f5d480,3,4
3,SSCP-72c0fc6402bbe1d4,3,4
3,SSCP-72f0adbff2caa0c9,3,4
3,SSCP-730f1c61b452bd1b,3,4
3,SSCP-73392d344c6e8ea1,3,4
3,SSCP-7355ee7e2d2b17b3,3,4
3,SSCP-73844130f24ea55d,3,4
3,SSCP-738e6eb1f3fe8710,3,4
3,SSCP-73b44a0b970fd2d5,3,4
3,SSCP-73d3dea985e627f5,3,4
3,SSCP-73ed7c2a99ca58b6,3,4
3,SSCP-74203d4c94985aa5,3,4
3,SSCP-74477107dc2f740d,3,4
3,SSCP-7465285595fde2e3,3,4
3,SSCP-74d50fe5760a6ea3,3,4
3,SSCP-74fd074c2d6a33cb,3,4
3,SSCP-752483a7f1a2e961,3,4
3,SSCP-752e8969dc9b85a8,3,4
3,SSCP-75315f68ae6ad8d3,3,4
3,SSCP-756438497dfbd3c6,3,4
3,SSCP-75652c6d974acb81,3,4
3,SSCP-758a2210c23a7a52,3,4
3,SSCP-758f8f669f8bb241,3,4
3,SSCP-7592036347df4583,3,4
3,SSCP-75e7ca0d93677706,3,4
3,SSCP-767961a4550b72ee,3,4
3,SSCP-76cdb90503681448,3,4
3,SSCP-7702dcced3fa5498,3,4
3,SSCP-771de0dd48e13b6d,3,4
3,SSCP-775207567d4017f5,3,4
3,SSCP-776605edca654a5d,3,4
3,SSCP-776608c7bc8d94e4,3,4
3,SSCP-777122ad3522ebc3,3,4
3,SSCP-78047fe23b8f921b,3,4
3,SSCP-787077e6f935d110,3,4
3,SSCP-78873283d303fc73,3,4
3,SSCP-788b9f97437fc834,3,4
3,SSCP-78abcb74c229b817,3,4
3,SSCP-78b7db3d8737335f,3,4
3,SSCP-79034c07ac3bb8e0,3,4
3,SSCP-799a0c892ee7aea3,3,4
3,SSCP-79aa23958c9cb494,3,4
3,SSCP-7a64d3c952a4ea8f,3,4
3,SSCP-7a7685da261564e2,3,4
3,SSCP-7a9020e8b1a4d0e6,3,4
3,SSCP-7b42eb060bf669fc,3,4
3,SSCP-7b8c87e6bfd020c4,3,4
3,SSCP-7b8cb0844432995e,3,4
3,SSCP-7bbfd97166043ca2,3,4
3,SSCP-7bcf9f48a516a5ca,3,4
3,SSCP-7bdae0e52b913db1,3,4
3,SSCP-7bdb694bd46842ed,3,4
3,SSCP-7c242c996d1402e3,3,4
3,SSCP-7c5908b9d2eb2dbd,3,4
3,SSCP-7c73255fbb9a6c79,3,4
3,SSCP-7c8e1b4dce99b868,3,4
3,SSCP-7cc90703c6c62e84,3,4
3,SSCP-7cd0661973d77339,3,4
3,SSCP-7ceadcb1b064968f,3,4
3,SSCP-7cfbd9c0e4b714af,3,4
3,SSCP-7d82ea52c8a5b6ad,3,4
3,SSCP-7d9310aedd1ab1ed,3,4
3,SSCP-7ddb9c963b43ebfb,3,4
3,SSCP-7ddcf65c5a7485f5,3,4
3,SSCP-7de370b0ef34b09c,3,4
3,SSCP-7e650bc8c7bb08a5,3,4
3,SSCP-7e88d8c1baa8b3b3,3,4
3,SSCP-7eb2fd7257d07dfd,3,4
3,SSCP-7eba8ada5f53fa98,3,4
3,SSCP-7ec615dccacb84b9,3,4
3,SSCP-7ed483146201d4cd,3,4
3,SSCP-7edd92fceb8b2d8a,3,4
3,SSCP-7ef4207b0ce2db69,3,4
3,SSCP-7f3c712ccac9c81f,3,4
3,SSCP-7f42d06a6265efc0,3,4
3,SSCP-7f46605c6b96056c,3,4
3,SSCP-7f581017f2221bba,3,4
3,SSCP-7f71e2eca1a719be,3,4
3,SSCP-7f86768957cc6e72,3,4
3,SSCP-7fa91aca9c172173,3,4
3,SSCP-8007d447f59dd36f,3,4
3,SSCP-8011fac22bb116f4,3,4
3,SSCP-80180565689ced62,3,4
3,SSCP-809d25edbfcf1ccf,3,4
3,SSCP-810ecc03ca902bd7,3,4
3,SSCP-8127c0c6132d911b,3,4
3,SSCP-814d30b9b6519d6f,3,4
3,SSCP-818d4f37ed014c32,3,4
3,SSCP-81a1a16d9684666c,3,4
3,SSCP-8265d37bb459ad35,3,4
3,SSCP-82da7b0f1c35e07c,3,4
3,SSCP-8346ec7aa76a3adf,3,4
3,SSCP-836b6aa334120003,3,4
3,SSCP-83e726ecd0c08db5,3,4
3,SSCP-840d39e53d38d15b,3,4
3,SSCP-8437489a2dc93b9a,3,4
3,SSCP-84636119f1c7252e,3,4
3,SSCP-8493f0a3fd713a52,3,4
3,SSCP-8504f391f578d5e2,3,4
3,SSCP-853ab9245cffc1c6,3,4
3,SSCP-854c92ca754bf485,3,4
3,SSCP-8555d987cf0904a0,3,4
3,SSCP-8598d19f4a4c128f,3,4
3,SSCP-85e57f3de06b9cb1,3,4
3,SSCP-861d09f5ffced859,3,4
3,SSCP-86392e483248cab3,3,4
3,SSCP-8644ad0045229255,3,4
3,SSCP-8662aaf548ad70f3,3,4
3,SSCP-86c8d7bd8c8a863a,3,4
3,SSCP-86f4de9843e2028f,3,4
3,SSCP-86f9e050ac50ca48,3,4
3,SSCP-87091310626dffa0,3,4
3,SSCP-872175e71a22665b,3,4
3,SSCP-8764d9a31aa5ff9d,3,4
3,SSCP-8780058f971e260a,3,4
3,SSCP-885b82a7d4c87087,3,4
3,SSCP-88617f6bffb074f2,3,4
3,SSCP-88dc9a25c98093e9,3,4
3,SSCP-88eb75c57df7aef1,3,4
3,SSCP-88fb285ff2732a96,3,4
3,SSCP-89481d209499e35d,3,4
3,SSCP-896fcb2773e1257a,3,4
3,SSCP-89a2b3d39e721c9f,3,4
3,SSCP-89a43cefbbb15f95,3,4
3,SSCP-89b65d444c30732a,3,4
3,SSCP-89b8839e0c7573c8,3,4
3,SSCP-89cd8a01ee43345e,3,4
3,SSCP-89cdce005bfda3c7,3,4
3,SSCP-89d4cd3fc0afd848,3,4
3,SSCP-89e2b2566481c1b9,3,4
3,SSCP-89f1de97df908a84,3,4
3,SSCP-8a4b207766e6153d,3,4
3,SSCP-8a56e5aa78908124,3,4
3,SSCP-8a656737fb32b887,3,4
3,SSCP-8a9d45c05ae5ab38,3,4
3,SSCP-8ac1d82ea8896fa7,3,4
3,SSCP-8ae7db6e46cd1d7e,3,4
3,SSCP-8af0ce4b95aa1a8f,3,4
3,SSCP-8b6c65cf0ba59f10,3,4
3,SSCP-8b6d6e938ae50308,3,4
3,SSCP-8b9be1a70a4ff655,3,4
3,SSCP-8b9f1fd277b6e621,3,4
3,SSCP-8bd9571061c4cc8a,3,4
3,SSCP-8bdcbe39db73716d,3,4
3,SSCP-8be96299ff4a7497,3,4
3,SSCP-8c0e5b66ebf016f2,3,4
3,SSCP-8c9a156ff3be6065,3,4
3,SSCP-8cbc90eee8f9c342,3,4
3,SSCP-8cd890be105529ec,3,4
3,SSCP-8cec2832d002f84c,3,4
3,SSCP-8cf8aa6144282738,3,4
3,SSCP-8d2f2a16ff73fc00,3,4
3,SSCP-8d63bbce652c8c96,3,4
3,SSCP-8d9276a72a72de33,3,4
3,SSCP-8d92fe5961a4a83b,3,4
3,SSCP-8ddf135d4bf48bdf,3,4
3,SSCP-8e1e9b24851173d4,3,4
3,SSCP-8e33023e4b7213ec,3,4
3,SSCP-8e42757a8efda1b2,3,4
3,SSCP-8e6e95bd7d030236,3,4
3,SSCP-8e768b522c1939c0,3,4
3,SSCP-8ea2f1e461b1b494,3,4
3,SSCP-8f2760f9d2c9c77d,3,4
3,SSCP-8f34f661db207cd7,3,4
3,SSCP-8f4b6ce82f72c7c9,3,4
3,SSCP-8f83ca55c0250c75,3,4
3,SSCP-8f9d63812b1ccb76,3,4
3,SSCP-8fb22d6c9770ef29,3,4
3,SSCP-8fbc48116aa3b604,3,4
3,SSCP-8fbd1b09d9a4b3af,3,4
3,SSCP-8fd02211cb5d822c,3,4
3,SSCP-8fea73cb63066b45,3,4
3,SSCP-90068efce083eda3,3,4
3,SSCP-9009169d1cf93971,3,4
3,SSCP-90093f20424369aa,3,4
3,SSCP-90277585f8d1b6ca,3,4
3,SSCP-90c7863cc61efd22,3,4
3,SSCP-912f9cf7200f28c2,3,4
3,SSCP-919f99b329cdf8cc,3,4
3,SSCP-91dc81bbbb3208f4,3,4
3,SSCP-926c7ea75aeb8fac,3,4
3,SSCP-927335ad59e48c4d,3,4
3,SSCP-928b69aad49bd424,3,4
3,SSCP-928e8518da39aaf3,3,4
3,SSCP-92c4b9c89778fe53,3,4
3,SSCP-92f04c96265d4e88,3,4
3,SSCP-93451bbe6ba9e7f6,3,4
3,SSCP-934636ff748875b7,3,4
3,SSCP-941871a4268d5ef8,3,4
3,SSCP-94505fc594b80bc7,3,4
3,SSCP-94ababd714cc9dce,3,4
3,SSCP-94ac7a5d8d19374b,3,4
3,SSCP-94de21ccf0358005,3,4
3,SSCP-9509ac434b9379a7,3,4
3,SSCP-95989866ece3bc72,3,4
3,SSCP-95a6704c319f0ec9,3,4
3,SSCP-95f2e273fedf70a1,3,4
3,SSCP-96084ee10bc854ca,3,4
3,SSCP-9647a991bccf21a7,3,4
3,SSCP-96514ea028d74d38,3,4
3,SSCP-968ebf03b7c5fb6a,3,4
3,SSCP-96a69b0e531ae59b,3,4
3,SSCP-96ec53652f16c072,3,4
3,SSCP-972686a6c33ab486,3,4
3,SSCP-974abba227edb1b3,3,4
3,SSCP-97518326310250b2,3,4
3,SSCP-976252ee0b357d97,3,4
3,SSCP-97762c6c24c21954,3,4
3,SSCP-97b3ce0ff58fb0ca,3,4
3,SSCP-97dae1bb862344e2,3,4
3,SSCP-984e94c04c7f504b,3,4
3,SSCP-98780b8600597b33,3,4
3,SSCP-98b2e1af4947c3e8,3,4
3,SSCP-98c46fc285c6c703,3,4
3,SSCP-98e4d1c9c265bb3b,3,4
3,SSCP-98e79333cc34c9ad,3,4
3,SSCP-9900dddbfb3dbb18,3,4
3,SSCP-99811e5acc8e37b7,3,4
3,SSCP-9988bc1cecd16104,3,4
3,SSCP-99cf0465468da9cf,3,4
3,SSCP-9a06ad25e873c93f,3,4
3,SSCP-9a42224a147bf07c,3,4
3,SSCP-9a463fd615ff5b98,3,4
3,SSCP-9a563ec83e3d854a,3,4
3,SSCP-9a593af0eeef8c0d,3,4
3,SSCP-9ac14b97da2a3553,3,4
3,SSCP-9adc496c82422ac6,3,4
3,SSCP-9af4d4af6db38393,3,4
3,SSCP-9b182e71a1c85c54,3,4
3,SSCP-9b5312bbd47cfd4e,3,4
3,SSCP-9b6f50e0e3cef0d9,3,4
3,SSCP-9bced350ee4f8db5,3,4
3,SSCP-9c3b59749b75d1cc,3,4
3,SSCP-9cbea5ab2a1419f9,3,4
3,SSCP-9cc65caed4c90b55,3,4
3,SSCP-9d0086f0bb7a7714,3,4
3,SSCP-9d249510625e0baf,3,4
3,SSCP-9d42e9a8d14aa424,3,4
3,SSCP-9d51c62c5059400a,3,4
3,SSCP-9d542eae17aaf2ed,3,4
3,SSCP-9d7f32d9596aaf20,3,4
3,SSCP-9d829eb6129c97d2,3,4
3,SSCP-9d89939671d6bb81,3,4
3,SSCP-9da897547decec54,3,4
3,SSCP-9db713cf4e8657df,3,4
3,SSCP-9e03f9d1764f0c24,3,4
3,SSCP-9e2e4b20daa45878,3,4
3,SSCP-9e614539ccc4b9bd,3,4
3,SSCP-9e9f2e71e9ae1db2,3,4
3,SSCP-9eb3f601fd20befc,3,4
3,SSCP-9ec53303d92ade3e,3,4
3,SSCP-9f6eaee9ccf6bf0e,3,4
3,SSCP-9f9dc0c2e63db4b1,3,4
3,SSCP-9fbb12136d124295,3,4
3,SSCP-9fccc550ceee9d54,3,4
3,SSCP-9fd1c91770bc45db,3,4
3,SSCP-a008cfdb16a7b167,3,4
3,SSCP-a035401b0b2e90b7,3,4
3,SSCP-a099df84b9551b92,3,4
3,SSCP-a0a8f4db0758348b,3,4
3,SSCP-a0df4e23fe8c388a,3,4
3,SSCP-a0eff1bce624a57c,3,4
3,SSCP-a1126d0f63feb6d7,3,4
3,SSCP-a1484e3d7df86f75,3,4
3,SSCP-a14db0bbddaa41da,3,4
3,SSCP-a14f71c3681d4e79,3,4
3,SSCP-a15c7a78af6c52ab,3,4
3,SSCP-a18000945291350f,3,4
3,SSCP-a1ba4247b8008370,3,4
3,SSCP-a1f06dfb5435e347,3,4
3,SSCP-a2b0014c5975279c,3,4
3,SSCP-a2bfa0dd3af33e43,3,4
3,SSCP-a2f8e5eb1265fda7,3,4
3,SSCP-a31f37d7a6fb772d,3,4
3,SSCP-a338ef4fb3c3fc7a,3,4
3,SSCP-a33f68c5ec7a1af2,3,4
3,SSCP-a34614376f11b3af,3,4
3,SSCP-a360f416ad250281,3,4
3,SSCP-a38890ca6ac3250e,3,4
3,SSCP-a39de95188bcd01e,3,4
3,SSCP-a39f73c3110113af,3,4
3,SSCP-a3d6439b441fc497,3,4
3,SSCP-a3f1ae8f42efd4da,3,4
3,SSCP-a3f719f29b139627,3,4
3,SSCP-a40101e65b6653d1,3,4
3,SSCP-a412a2d4bddc93a8,3,4
3,SSCP-a413a8e8194e8460,3,4
3,SSCP-a46728be64b7e2ae,3,4
3,SSCP-a4ac8a419fd11687,3,4
3,SSCP-a4af7c169ea90866,3,4
3,SSCP-a4be0465f39338ae,3,4
3,SSCP-a4cea69210faa495,3,4
3,SSCP-a4e29f98659ed635,3,4
3,SSCP-a5108853addcc52c,3,4
3,SSCP-a5e0ee0b3bee4606,3,4
3,SSCP-a5e4ead972ba1d4e,3,4
3,SSCP-a64740f967efcd51,3,4
3,SSCP-a6538b36308c6a2d,3,4
3,SSCP-a68d6f479629c980,3,4
3,SSCP-a6f93f70fb3ecd19,3,4
3,SSCP-a7070a6561140f9d,3,4
3,SSCP-a72c2d30ced6be31,3,4
3,SSCP-a7f1d15aebb81cde,3,4
3,SSCP-a82061073f2930d0,3,4
3,SSCP-a825c5de47867670,3,4
3,SSCP-a8532da380719c17,3,4
3,SSCP-a8567bc6ca9ac23c,3,4
3,SSCP-a8872aaac1e540fc,3,4
3,SSCP-a89fd73fc8889210,3,4
3,SSCP-a8a45b4b68fb87d4,3,4
3,SSCP-a8a4fb1fa665dc69,3,4
3,SSCP-a8acebdfada68758,3,4
3,SSCP-a9156b013e29b72d,3,4
3,SSCP-a943b15e2035d87d,3,4
3,SSCP-a98abfd3affc4c05,3,4
3,SSCP-a9f4753de74b6bcc,3,4
3,SSCP-aa5c0d59d70cd809,3,4
3,SSCP-aa6516838aad47dc,3,4
3,SSCP-aa84c5b35824cdb4,3,4
3,SSCP-ab363a44df27a2ec,3,4
3,SSCP-ab6d3b1a0bd0cf5b,3,4
3,SSCP-ab72cdb9b66d2cd9,3,4
3,SSCP-ab95e5bcf381c2e7,3,4
3,SSCP-abc699d2a49faf63,3,4
3,SSCP-abdcfaf9686c61dd,3,4
3,SSCP-ac1564636c95f72a,3,4
3,SSCP-ac362179e2635280,3,4
3,SSCP-acf00569c0eac3fa,3,4
3,SSCP-ad022cc6ea51a554,3,4
3,SSCP-ad37ab749b8d3d97,3,4
3,SSCP-ad5b3f2d4f8f53b3,3,4
3,SSCP-ad823ac21201064f,3,4
3,SSCP-ad83427ddc10cac2,3,4
3,SSCP-ade85a32256a4911,3,4
3,SSCP-ae13e7e4e17c339b,3,4
3,SSCP-ae1e0110b1a6ac16,3,4
3,SSCP-ae5dc8868a864194,3,4
3,SSCP-ae8355234abdcb1a,3,4
3,SSCP-aeb2946cff52ee23,3,4
3,SSCP-af00faf4c56a600b,3,4
3,SSCP-af65f049d202a689,3,4
3,SSCP-af8fef0e061f54a5,3,4
3,SSCP-afa6cede9beb7144,3,4
3,SSCP-affcfc3d6dfd13f4,3,4
3,SSCP-b010789f1ebcb48e,3,4
3,SSCP-b047065bbe1da368,3,4
3,SSCP-b06c58bf3fb3c97f,3,4
3,SSCP-b07ae3539ce12d9a,3,4
3,SSCP-b0fafded5f38b566,3,4
3,SSCP-b1185a16406f3eab,3,4
3,SSCP-b1613ee9d3b9cc53,3,4
3,SSCP-b1a193c43e5b448f,3,4
3,SSCP-b1c79325899ada63,3,4
3,SSCP-b211757f9dae5f27,3,4
3,SSCP-b219d1ecff50b24c,3,4
3,SSCP-b2333d1d98fe2314,3,4
3,SSCP-b271805de50f0586,3,4
3,SSCP-b29edbf0bbc2354a,3,4
3,SSCP-b2fa017aa07de22d,3,4
3,SSCP-b2fc60edfc0e1880,3,4
3,SSCP-b30c8b46e7349923,3,4
3,SSCP-b32d2f8dc6f79d49,3,4
3,SSCP-b390f0a5c131e74e,3,4
3,SSCP-b39f0d70b3b45931,3,4
3,SSCP-b3a7a3b54933844f,3,4
3,SSCP-b3b6b5be7dcea9fe,3,4
3,SSCP-b3dcd733812e60b6,3,4
3,SSCP-b3f51cf60c2c9408,3,4
3,SSCP-b3fc2c4c8c8f9c9a,3,4
3,SSCP-b4230d594cc7fc73,3,4
3,SSCP-b44f1935f4c5a23e,3,4
3,SSCP-b45dbfd66005db5f,3,4
3,SSCP-b4907e4c2a8b46c3,3,4
3,SSCP-b4cfa591855bd3db,3,4
3,SSCP-b4e5cf3885cb3b82,3,4
3,SSCP-b4f87b7456659d0b,3,4
3,SSCP-b50feb498a7c76bc,3,4
3,SSCP-b565e805b5983e0f,3,4
3,SSCP-b5b17254374ddffe,3,4
3,SSCP-b629030726d7da50,3,4
3,SSCP-b63dd4dd6e0783f5,3,4
3,SSCP-b649cdd9d989eb47,3,4
3,SSCP-b657eca362afcaba,3,4
3,SSCP-b68f7ab4465a68cb,3,4
3,SSCP-b69c5ef89dd9da9d,3,4
3,SSCP-b6c63c3b0168fa55,3,4
3,SSCP-b6d4576f01d85d32,3,4
3,SSCP-b6f798130f72ba93,3,4
3,SSCP-b7352cc49da80d1b,3,4
3,SSCP-b79a5cee218b87f7,3,4
3,SSCP-b7cf3359af309d74,3,4
3,SSCP-b7d7ca4dc10f2c65,3,4
3,SSCP-b8018f5caeccd4b2,3,4
3,SSCP-b833c1616fea6d0d,3,4
3,SSCP-b889b14a5b99669b,3,4
3,SSCP-b89f5734a8fc1ae8,3,4
3,SSCP-b8a33e379c178a01,3,4
3,SSCP-b8c14ad71c976713,3,4
3,SSCP-b8f69140b2ab94a7,3,4
3,SSCP-b9085854a6161efa,3,4
3,SSCP-b96683d071db44e9,3,4
3,SSCP-b994a18a9cc218c0,3,4
3,SSCP-b9ba20ec64664469,3,4
3,SSCP-ba451153524c13aa,3,4
3,SSCP-ba46a686dd963543,3,4
3,SSCP-ba5653c7a9f1ccd5,3,4
3,SSCP-ba980adba864b985,3,4
3,SSCP-bb1a85789267abfc,3,4
3,SSCP-bb23684629f865a5,3,4
3,SSCP-bb5dc5e9851590e6,3,4
3,SSCP-bb9438cbf4de1637,3,4
3,SSCP-bc44b60e0d383224,3,4
3,SSCP-bc5aaeba957f20bb,3,4
3,SSCP-bc68665c426c6e9d,3,4
3,SSCP-bc7953ee531e93e4,3,4
3,SSCP-bd14fefc8e583416,3,4
3,SSCP-bd8c4a181faa96a1,3,4
3,SSCP-bda9b04378fc89c7,3,4
3,SSCP-bdb43d6cb55c2269,3,4
3,SSCP-be03f8d7cbf9a3bc,3,4
3,SSCP-be5abcbea58ec0f1,3,4
3,SSCP-bf1ea35eeb354851,3,4
3,SSCP-bfc8d7e181d8eb2d,3,4
3,SSCP-bff3f40dcf06390b,3,4
3,SSCP-bff542b18b62157c,3,4
3,SSCP-bffadc1fac1563ac,3,4
3,SSCP-c035045de6fb4362,3,4
3,SSCP-c061fa4a2807b1f1,3,4
3,SSCP-c062c148f1f493d1,3,4
3,SSCP-c09f476f284a8c45,3,4
3,SSCP-c0b996c4e952136f,3,4
3,SSCP-c0da76f29a1574b7,3,4
3,SSCP-c154d30924bc439b,3,4
3,SSCP-c1714b17f0e8a0c1,3,4
3,SSCP-c17ab66022f0bba2,3,4
3,SSCP-c17cefa554bb546e,3,4
3,SSCP-c18b8cccd424a619,3,4
3,SSCP-c1a4384e3286c118,3,4
3,SSCP-c1a454e508e5d0f3,3,4
3,SSCP-c1a4ade0697819c9,3,4
3,SSCP-c1a6032afcc9b74f,3,4
3,SSCP-c1c3914e370449d5,3,4
3,SSCP-c236a04ce941a7a9,3,4
3,SSCP-c25cc36ae9f06c53,3,4
3,SSCP-c264ea38aa398186,3,4
3,SSCP-c2a2318810ee041f,3,4
3,SSCP-c321872f919f010e,3,4
3,SSCP-c3219902ce17cea4,3,4
3,SSCP-c340c2ac9eb48721,3,4
3,SSCP-c377083aec334ddd,3,4
3,SSCP-c39dcd8c85fc4690,3,4
3,SSCP-c4231af3360ae94d,3,4
3,SSCP-c4d38fa122ba6742,3,4
3,SSCP-c50006633f8fe748,3,4
3,SSCP-c5258582c5c2ff09,3,4
3,SSCP-c53e4d57a1dbb56c,3,4
3,SSCP-c56612f1b3d64d2b,3,4
3,SSCP-c596a3ae5125759c,3,4
3,SSCP-c63fb866e2f113b4,3,4
3,SSCP-c66297885f1c00e7,3,4
3,SSCP-c69a1daad963f929,3,4
3,SSCP-c6b06ded6879f585,3,4
3,SSCP-c6ffe61c36779788,3,4
3,SSCP-c7222081d9fb768f,3,4
3,SSCP-c739b4310288e7f6,3,4
3,SSCP-c73b4b43f16edd31,3,4
3,SSCP-c7a56708dab8a1bd,3,4
3,SSCP-c7be33c9fbd4bd58,3,4
3,SSCP-c7e9dc57954b9656,3,4
3,SSCP-c87f2d65c29d6282,3,4
3,SSCP-c997416a75f8e691,3,4
3,SSCP-c9df3bd3379ab458,3,4
3,SSCP-ca763f04f3923a72,3,4
3,SSCP-ca8822d25fc544f5,3,4
3,SSCP-ca9a27cf1c70f583,3,4
3,SSCP-caeede47f7872727,3,4
3,SSCP-cb066c6b737e8a1c,3,4
3,SSCP-cb66038499634c3e,3,4
3,SSCP-cba66654f43dbb2b,3,4
3,SSCP-cbc75b0909390d7b,3,4
3,SSCP-cbc961c9bbdfa62b,3,4
3,SSCP-cbd0e608f795938d,3,4
3,SSCP-cc28b3d62a5d2486,3,4
3,SSCP-cc70a9396858b94e,3,4
3,SSCP-cc9af3590503955e,3,4
3,SSCP-cce159f101583e33,3,4
3,SSCP-cd22928454ee1f75,3,4
3,SSCP-cd4a7c9d2e9d3fad,3,4
3,SSCP-cd537cf3e34944bb,3,4
3,SSCP-cd55246a348dd677,3,4
3,SSCP-cd8c43039380b6a9,3,4
3,SSCP-cdc9b2a28de4b7b5,3,4
3,SSCP-ce394e3ac46a744c,3,4
3,SSCP-ce68cfcc91912931,3,4
3,SSCP-cf1ae9aaf69e2117,3,4
3,SSCP-cf2936badf55c0f7,3,4
3,SSCP-cf4296bd71137fed,3,4
3,SSCP-cfb9930b69b9647e,3,4
3,SSCP-cffb899966613277,3,4
3,SSCP-d05ff13723ba08cd,3,4
3,SSCP-d07991a5d5cdfc0e,3,4
3,SSCP-d0839d47c2f6acd9,3,4
3,SSCP-d0ba4f13b7bf4619,3,4
3,SSCP-d0bc18f936d3cda5,3,4
3,SSCP-d0c0c845e285ff6e,3,4
3,SSCP-d0d7d01c360eed32,3,4
3,SSCP-d14ec9243f20f34d,3,4
3,SSCP-d15e656f6b850480,3,4
3,SSCP-d19b7dee5c902eaf,3,4
3,SSCP-d1dc1f8f5ae52817,3,4
3,SSCP-d1f6a23256b161d1,3,4
3,SSCP-d3389bf387eba04c,3,4
3,SSCP-d33f4ad74344b300,3,4
3,SSCP-d3429216657289db,3,4
3,SSCP-d3c19aa0ebcbb384,3,4
3,SSCP-d3e37566945a3686,3,4
3,SSCP-d46c23fd2cee76a3,3,4
3,SSCP-d4b8c2a9947d8d54,3,4
3,SSCP-d4dd818ec77663d1,3,4
3,SSCP-d5215469d28273ab,3,4
3,SSCP-d536aa41b9c9785b,3,4
3,SSCP-d5747b3b3f59f148,3,4
3,SSCP-d57ff1c642d4d0e6,3,4
3,SSCP-d5d475fda03dc575,3,4
3,SSCP-d5db8015510911d4,3,4
3,SSCP-d5dda128d91bcbc0,3,4
3,SSCP-d5dfa5fdc833cf0d,3,4
3,SSCP-d601f27c1e43a5a9,3,4
3,SSCP-d60a63f35f8d812b,3,4
3,SSCP-d67ca092a418c798,3,4
3,SSCP-d67ff1dd78e3beb6,3,4
3,SSCP-d69563c6e282ea8c,3,4
3,SSCP-d6a2a0bdaf935fd4,3,4
3,SSCP-d6f52bce0719b7ec,3,4
3,SSCP-d72f9caed86bfa4b,3,4
3,SSCP-d7770381a1e47826,3,4
3,SSCP-d79039f534e73abb,3,4
3,SSCP-d795a15dcf5371dc,3,4
3,SSCP-d79e2ea776dc5517,3,4
3,SSCP-d7a0a12e5f6358e0,3,4
3,SSCP-d862b1526cd32467,3,4
3,SSCP-d87cfae958a39961,3,4
3,SSCP-d89c76dc99e83a3f,3,4
3,SSCP-d8b4ba1e558eaac8,3,4
3,SSCP-d8e073f9035d604d,3,4
3,SSCP-d8f88e7944a3d7d0,3,4
3,SSCP-d9051db0548548b4,3,4
3,SSCP-d9136674d340a785,3,4
3,SSCP-d954879b82faa1d3,3,4
3,SSCP-d95cd4bf21096b13,3,4
3,SSCP-d9670335a6d8e48b,3,4
3,SSCP-d9b4b99bb294beba,3,4
3,SSCP-d9bfe7d5f2cedcc5,3,4
3,SSCP-d9c55aa337330b7f,3,4
3,SSCP-d9ebcf6ac9c1499f,3,4
3,SSCP-d9f2c1f001d7f508,3,4
3,SSCP-d9f6dbb9f2607bfb,3,4
3,SSCP-da0729bf0dbdf0c2,3,4
3,SSCP-da137a8b0ef1843c,3,4
3,SSCP-da5b4234e6c98d51,3,4
3,SSCP-da6a57ad201ebf2f,3,4
3,SSCP-da857c1f99610617,3,4
3,SSCP-dabcddd29962ce60,3,4
3,SSCP-dabd77691e2b6843,3,4
3,SSCP-daecf015d86714dd,3,4
3,SSCP-dafc1db328e85b9a,3,4
3,SSCP-db1c435a154d8365,3,4
3,SSCP-db2ee181e2e32d21,3,4
3,SSCP-db4936d1d825ef34,3,4
3,SSCP-db5cf29716cfba76,3,4
3,SSCP-dbf4911c3ff0ce26,3,4
3,SSCP-dc2287bbe9be2120,3,4
3,SSCP-dc3a172314f87daf,3,4
3,SSCP-dc4451decca3aefa,3,4
3,SSCP-dc9574f6b7517ae6,3,4
3,SSCP-dcdcfc8788665b45,3,4
3,SSCP-dce0a238a97a3392,3,4
3,SSCP-dd0035f94e82de17,3,4
3,SSCP-dd2512660cd23c08,3,4
3,SSCP-dd3c5e4c427acd1b,3,4
3,SSCP-dd7ca205b237c93e,3,4
3,SSCP-dd9143de6f8523ac,3,4
3,SSCP-dd920214093718d7,3,4
3,SSCP-ddae6950ee46c9c7,3,4
3,SSCP-ddbe180cb70a2290,3,4
3,SSCP-ddd66a699f7042f5,3,4
3,SSCP-de2e08c17abc8756,3,4
3,SSCP-de41e6b2614386ad,3,4
3,SSCP-de5ab7194ac16cbb,3,4
3,SSCP-de658e974fafd528,3,4
3,SSCP-ded086162e58d146,3,4
3,SSCP-df0ac5d63c9ecfd7,3,4
3,SSCP-df1f6f1bad927f6a,3,4
3,SSCP-df3d2851bf05a706,3,4
3,SSCP-df49d83e0e0e7a69,3,4
3,SSCP-df9cd44eb978d25d,3,4
3,SSCP-dfc520db39fa9cd5,3,4
3,SSCP-dfddb0bed62f6c98,3,4
3,SSCP-dfe565870a857192,3,4
3,SSCP-dffaa5501840e570,3,4
3,SSCP-e00da93fbb394177,3,4
3,SSCP-e0146caefaa58336,3,4
3,SSCP-e07c35039fb62cf1,3,4
3,SSCP-e07d150e73aae5c8,3,4
3,SSCP-e086e445ca95e941,3,4
3,SSCP-e0a37bf253eeb79b,3,4
3,SSCP-e0c0c9a7c316729a,3,4
3,SSCP-e170e794621041bc,3,4
3,SSCP-e1be8eecd0758c3d,3,4
3,SSCP-e1fc03497c2542e5,3,4
3,SSCP-e28c37f9a979debd,3,4
3,SSCP-e2f8628fcea5bcbf,3,4
3,SSCP-e32722fb2b2a6519,3,4
3,SSCP-e350ae252fa847f1,3,4
3,SSCP-e4361de50f21be38,3,4
3,SSCP-e473d5adda38f4ce,3,4
3,SSCP-e482fe9e900a92b5,3,4
3,SSCP-e4964f2abbeba8e7,3,4
3,SSCP-e504e3cb19ceb117,3,4
3,SSCP-e52791b70a24d7d1,3,4
3,SSCP-e52d8cf1d0001707,3,4
3,SSCP-e53713ccae62b771,3,4
3,SSCP-e5bc90e83e0472bb,3,4
3,SSCP-e5e124634917ddb0,3,4
3,SSCP-e5fa9d6831093293,3,4
3,SSCP-e5fd0392c26dec78,3,4
3,SSCP-e621baddf9d0aa1e,3,4
3,SSCP-e6241479dd909b9c,3,4
3,SSCP-e627611c9b6aeba4,3,4
3,SSCP-e63196979eec2fff,3,4
3,SSCP-e6944f61f3e7b5c0,3,4
3,SSCP-e6c5219964bb92e3,3,4
3,SSCP-e6d996b9d1b84629,3,4
3,SSCP-e718a27d244f6f24,3,4
3,SSCP-e7523986bcd9cb09,3,4
3,SSCP-e756b20919011c6e,3,4
3,SSCP-e7b3c3f30b5ef459,3,4
3,SSCP-e7bba3546fe6f226,3,4
3,SSCP-e80e82ec664e097d,3,4
3,SSCP-e830a02156c889f1,3,4
3,SSCP-e89dd4b4b5c39dd3,3,4
3,SSCP-e9027f55a4378c69,3,4
3,SSCP-e929b12fed4495ce,3,4
3,SSCP-e92b0dc487c3507c,3,4
3,SSCP-e98f9717872c31c8,3,4
3,SSCP-e9aee796de3f16b8,3,4
3,SSCP-ea019b51b874bec7,3,4
3,SSCP-ea78c17d6510739a,3,4
3,SSCP-ea7ca91deac6154f,3,4
3,SSCP-ea8e2edef8c18103,3,4
3,SSCP-eacab584b9e832dc,3,4
3,SSCP-eae77cfbcfb28ea8,3,4
3,SSCP-eaed04f8ecf9beea,3,4
3,SSCP-eb0a83e384fcf105,3,4
3,SSCP-eb3ae41327f1b66b,3,4
3,SSCP-eb54b7c076eda1a4,3,4
3,SSCP-eb9e678e97f2eab1,3,4
3,SSCP-eba3aa358d1b1410,3,4
3,SSCP-ebda490c4256b52b,3,4
3,SSCP-ec2c5dde275d8769,3,4
3,SSCP-ec31679a58f660a1,3,4
3,SSCP-ecb5a069605a1719,3,4
3,SSCP-ecea21c29ebc39cd,3,4
3,SSCP-ecfcaceb944571a7,3,4
3,SSCP-ed72b0067d270e57,3,4
3,SSCP-ed8166faf05b7c59,3,4
3,SSCP-ed921128bd97a919,3,4
3,SSCP-edab51c1f1609956,3,4
3,SSCP-edbfa56ba4233653,3,4
3,SSCP-edd1d9b82d7bed21,3,4
3,SSCP-ede26c7e8acdbb6f,3,4
3,SSCP-ee02249232c502e7,3,4
3,SSCP-ee1a3abbe7b586b1,3,4
3,SSCP-ee38feb24a5cf2b2,3,4
3,SSCP-ee4da9e98f0d02ca,3,4
3,SSCP-ee5eccb8a2254c88,3,4
3,SSCP-ee7ae221e9a624c9,3,4
3,SSCP-ee9c3b3ffbfc80d6,3,4
3,SSCP-eedfdbaf90d702d9,3,4
3,SSCP-ef42516076c53c61,3,4
3,SSCP-ef4915bc6369fba0,3,4
3,SSCP-f04ccf4d279abb46,3,4
3,SSCP-f0b1e8f1e839dd19,3,4
3,SSCP-f0d1a17a6e5c4bc2,3,4
3,SSCP-f0e36f1804d3c3e9,3,4
3,SSCP-f14064207d4cc877,3,4
3,SSCP-f18d1465b941d1a7,3,4
3,SSCP-f19aee5670456402,3,4
3,SSCP-f1a2ac2c6b96b407,3,4
3,SSCP-f1b7621009b55865,3,4
3,SSCP-f1d49beeb0166014,3,4
3,SSCP-f1d4daaea9240ec7,3,4
3,SSCP-f228c1f261c7e525,3,4
3,SSCP-f24beae95f236cdb,3,4
3,SSCP-f31e9b483a3393de,3,4
3,SSCP-f3204d149be7e008,3,4
3,SSCP-f34feb52c26c9c61,3,4
3,SSCP-f3a50cbf78cb3e61,3,4
3,SSCP-f3a88b4b0caa9cac,3,4
3,SSCP-f3c2b8ac264e5316,3,4
3,SSCP-f3c7a592f5c3e013,3,4
3,SSCP-f3cae26c9cba6375,3,4
3,SSCP-f478b5e613fe8f27,3,4
3,SSCP-f48e7e7bbb41cd39,3,4
3,SSCP-f4b27d3f7b845d4a,3,4
3,SSCP-f4e55b501e8624c7,3,4
3,SSCP-f549da74be9ffadc,3,4
3,SSCP-f55cde32a831e71f,3,4
3,SSCP-f58f78bd36a39e56,3,4
3,SSCP-f595ea4364101471,3,4
3,SSCP-f5f128cd5e23306a,3,4
3,SSCP-f66b0eaf80f4c847,3,4
3,SSCP-f67f5a3029c8bb10,3,4
3,SSCP-f680b30e83c951be,3,4
3,SSCP-f682bb5c9871d953,3,4
3,SSCP-f6877187efd0505b,3,4
3,SSCP-f69e7540c4a98c90,3,4
3,SSCP-f6ae95b2e3de1a51,3,4
3,SSCP-f6b90ef5c321e4a2,3,4
3,SSCP-f6ceb0f9da6734d9,3,4
3,SSCP-f707e61e5783d0de,3,4
3,SSCP-f70dd8b4eea2557e,3,4
3,SSCP-f71840f1a7198f80,3,4
3,SSCP-f756603d1849722a,3,4
3,SSCP-f77d86cb9d54ea6f,3,4
3,SSCP-f7ac1b5da5b1a000,3,4
3,SSCP-f7d8aa1f9fa534db,3,4
3,SSCP-f7f08fbadc07e0c9,3,4
3,SSCP-f7f426af6eea6fb7,3,4
3,SSCP-f83c854f1663efd3,3,4
3,SSCP-f844ae05e69b0d85,3,4
3,SSCP-f85f125bb46df07a,3,4
3,SSCP-f88556e5d56cbda8,3,4
3,SSCP-f8902246fb89d425,3,4
3,SSCP-f8a63fecd8343901,3,4
3,SSCP-f8aced3489a6acd0,3,4
3,SSCP-f8b2e9e035c1cacf,3,4
3,SSCP-f8cc98dbcd227ad7,3,4
3,SSCP-f8f7a15bed98190c,3,4
3,SSCP-f9abd17f5762030f,3,4
3,SSCP-f9ae7fd0d9f43377,3,4
3,SSCP-f9f5d578ede9fc20,3,4
3,SSCP-fa66a1a8852d09ab,3,4
3,SSCP-fa6c3581351506e9,3,4
3,SSCP-fa849b09a53f8b80,3,4
3,SSCP-faa5ef120003cc81,3,4
3,SSCP-fb0211f8e3e0cf00,3,4
3,SSCP-fb271b8d2e1a1bb4,3,4
3,SSCP-fb6163d809fe2c85,3,4
3,SSCP-fb803af6c7960b05,3,4
3,SSCP-fb81fe31ce28d59e,3,4
3,SSCP-fbce4b7641e4a300,3,4
3,SSCP-fc059eb7b1196d71,3,4
3,SSCP-fc2fd179ff6dc3df,3,4
3,SSCP-fc54ee4c18bec4c5,3,4
3,SSCP-fc7493a9f8f0522f,3,4
3,SSCP-fcb98941771c5ba2,3,4
3,SSCP-fce8516877472c4d,3,4
3,SSCP-fd70e3c664a640e5,3,4
3,SSCP-fda21c75b8d5da75,3,4
3,SSCP-fdac4a49ab7a847e,3,4
3,SSCP-fde4475d0dcd8904,3,4
3,SSCP-fe3e6dab254bf12c,3,4
3,SSCP-fe8943c3d13216f0,3,4
3,SSCP-febd8a5c2314fbda,3,4
3,SSCP-ff40911a1ef8134c,3,4
3,SSCP-ff45d99a4d248c36,3,4
3,SSCP-ff4c44f55c26c6cf,3,4
3,SSCP-ffa54bca764709d6,3,4
3,SSCP-ffdcccb2614725bf,3,4
3,SSCP-fff8960c5a94e377,3,4
3,SSCP-fffb1bccdb873763,3,4
3,SSCP-000a8487e899bcf7,4,5
3,SSCP-007348f537c8cd4c,4,5
3,SSCP-00e6d7a813501019,4,5
3,SSCP-012a04013c75aeae,4,5
3,SSCP-0178084d0982157e,4,5
3,SSCP-0195d2c0149d8fbe,4,5
3,SSCP-01f3c1fb2225263f,4,5
3,SSCP-02a9240ec061d409,4,5
3,SSCP-03ef7e8421b15193,4,5
3,SSCP-0420624ef0aa5971,4,5
3,SSCP-045d41daeb6d46db,4,5
3,SSCP-046379d562230719,4,5
3,SSCP-0472de082a9451c8,4,5
3,SSCP-04ecbe67e4e29207,4,5
3,SSCP-052e7e14abe650a0,4,5
3,SSCP-056821a4fe54c29c,4,5
3,SSCP-0590a53afae2032c,4,5
3,SSCP-059f2a445638405e,4,5
3,SSCP-05bf366e069e42b5,4,5
3,SSCP-05d8dc068f3de20f,4,5
3,SSCP-05fe2a123398dfce,4,5
3,SSCP-0628fb7999339112,4,5
3,SSCP-0637149104dba432,4,5
3,SSCP-06875e0a7bc3b675,4,5
3,SSCP-06fdb414354a6559,4,5
3,SSCP-0776231342bc71de,4,5
3,SSCP-07b96e40456e1812,4,5
3,SSCP-07d538a3edeb9524,4,5
3,SSCP-0857e087716c11e2,4,5
3,SSCP-08b41f9853dc92ef,4,5
3,SSCP-095d741d63c4dc3b,4,5
3,SSCP-096c4e50e0d72c1c,4,5
3,SSCP-097d9a3fd3c1b4dd,4,5
3,SSCP-09c5bd0cfb48b18f,4,5
3,SSCP-09fef344e7d5b6fd,4,5
3,SSCP-0a07efacba4e847f,4,5
3,SSCP-0a24681204dae2bf,4,5
3,SSCP-0a3b8b3700b2a40f,4,5
3,SSCP-0a3bc1d9870db6af,4,5
3,SSCP-0a631805f3778369,4,5
3,SSCP-0aba96b3dfa8e09e,4,5
3,SSCP-0b2bd45f7ec78b87,4,5
3,SSCP-0b4f5b98e5659c9b,4,5
3,SSCP-0b650dcb3531e6d8,4,5
3,SSCP-0b86b22611e51d69,4,5
3,SSCP-0b88eab868b3ec52,4,5
3,SSCP-0ba034cc597940ad,4,5
3,SSCP-0ba7eda71d0b6576,4,5
3,SSCP-0c23108d96ee7a80,4,5
3,SSCP-0c63808ee37be37c,4,5
3,SSCP-0c7deba2c1bc39cf,4,5
3,SSCP-0d20de49fd557b9d,4,5
3,SSCP-0d72277ea37da3dd,4,5
3,SSCP-0dd195aaf68222f6,4,5
3,SSCP-0e243233d07cbc4a,4,5
3,SSCP-0e2f86d6e58157ce,4,5
3,SSCP-0e45fe7b2e0ad61a,4,5
3,SSCP-0e767c311bf19a07,4,5
3,SSCP-0e956b7fc189afb3,4,5
3,SSCP-0eb7d4a6c2758004,4,5
3,SSCP-0ecdb255f5eec3c9,4,5
3,SSCP-0ed4f68efc98a2d5,4,5
3,SSCP-0eeb161b93702a6b,4,5
3,SSCP-0f0f6c3ba262e105,4,5
3,SSCP-0f657fdb83f94d10,4,5
3,SSCP-0f8aef4dd9f311c9,4,5
3,SSCP-0f93670f5dc3d3fa,4,5
3,SSCP-0fa05d4c44a34de6,4,5
3,SSCP-0faa7be070dc080a,4,5
3,SSCP-0fd03ed3d87e1de1,4,5
3,SSCP-101a2287cff5ad90,4,5
3,SSCP-102dd3b66d500791,4,5
3,SSCP-1032695c720e3fbe,4,5
3,SSCP-10a0199f971cfb25,4,5
3,SSCP-10a54d2d885a594a,4,5
3,SSCP-10a74b4b70cd6f68,4,5
3,SSCP-11021d9b48ee8a2e,4,5
3,SSCP-112bd768ca7e0e95,4,5
3,SSCP-114a48b4784f71af,4,5
3,SSCP-119b9574e3bd25d1,4,5
3,SSCP-11b262b2cc0d97ca,4,5
3,SSCP-11e85fd72faf21cb,4,5
3,SSCP-123ce6847f4910ce,4,5
3,SSCP-129c38af1b9b2e91,4,5
3,SSCP-12c4af19e6b3d3fd,4,5
3,SSCP-12d1e0b6061e64ce,4,5
3,SSCP-12e7fc2d85e3f212,4,5
3,SSCP-12f05d2962130584,4,5
3,SSCP-12f930c47fabcecf,4,5
3,SSCP-13096096237cb762,4,5
3,SSCP-131b5d7979b7b83c,4,5
3,SSCP-1350f1660729dda3,4,5
3,SSCP-13cb2ce8d7db8f76,4,5
3,SSCP-1434d13fe352b634,4,5
3,SSCP-144308cbfca1e3e5,4,5
3,SSCP-147cd6a6f73603de,4,5
3,SSCP-148d7233cdef4cfd,4,5
3,SSCP-1495c8d62dcea1b0,4,5
3,SSCP-14b7a6415f9e5eed,4,5
3,SSCP-14be4520bef42260,4,5
3,SSCP-1508847564d3f1b5,4,5
3,SSCP-1559d803865ab3cf,4,5
3,SSCP-157b52429480b02f,4,5
3,SSCP-158432da82bc6b63,4,5
3,SSCP-158a371554e71f14,4,5
3,SSCP-15b78ba72a507bbc,4,5
3,SSCP-15c3c5c36da37c7e,4,5
3,SSCP-15c7c26c6b3f3a70,4,5
3,SSCP-1656e8697d948be1,4,5
3,SSCP-16682a56c0d2b428,4,5
3,SSCP-16688701c2be1cb6,4,5
3,SSCP-16a160642ae0a2e1,4,5
3,SSCP-16dbda1594790d6a,4,5
3,SSCP-17048ce5f13be66c,4,5
3,SSCP-1732036334502763,4,5
3,SSCP-177e52dbaa5cc103,4,5
3,SSCP-17d9605d5958d6a4,4,5
3,SSCP-18137560148a183a,4,5
3,SSCP-1827de14c8d4b523,4,5
3,SSCP-182aa0c3e9484626,4,5
3,SSCP-1856e278a6066d04,4,5
3,SSCP-187c7b1e2a7331ea,4,5
3,SSCP-18d997639226886d,4,5
3,SSCP-194dc0740ec1d415,4,5
3,SSCP-195df84fa8b16e4a,4,5
3,SSCP-1963a27df2adcaa1,4,5
3,SSCP-19698cbdb6ad2623,4,5
3,SSCP-199640d375def1fb,4,5
3,SSCP-19dfd3216b2de027,4,5
3,SSCP-19e4231d1da1f0b4,4,5
3,SSCP-19f9b96bae6ee55f,4,5
3,SSCP-1a2907a48a1ad9ef,4,5
3,SSCP-1a82836fa6d9b122,4,5
3,SSCP-1a898ee0242c4476,4,5
3,SSCP-1aa035f798c5acbe,4,5
3,SSCP-1aa5244b95b0e468,4,5
3,SSCP-1add889a9822e8e0,4,5
3,SSCP-1b1fbd497a01653d,4,5
3,SSCP-1b3c58d0f7beb081,4,5
3,SSCP-1b54aad93e1f5a79,4,5
3,SSCP-1b5d7eb8251cec3b,4,5
3,SSCP-1bc09a2a55ae07c8,4,5
3,SSCP-1bec4fbe5f08222d,4,5
3,SSCP-1c46f0d290a69dfe,4,5
3,SSCP-1c79bf59e457aeb2,4,5
3,SSCP-1c8cd3c32d783a26,4,5
3,SSCP-1cb9de1b65ac95f1,4,5
3,SSCP-1cc8179b3992e263,4,5
3,SSCP-1da2b070e4df8198,4,5
3,SSCP-1e63839bcca65d68,4,5
3,SSCP-1eb826f5ffcccc5f,4,5
3,SSCP-1ec70057bafdace8,4,5
3,SSCP-1efb80dc1d11fe23,4,5
3,SSCP-1f0d28b79b71b70d,4,5
3,SSCP-1f167b840dc6f7d8,4,5
3,SSCP-1f74204d2caea14a,4,5
3,SSCP-1f8d969126aecc77,4,5
3,SSCP-1f9366cc7254b1c7,4,5
3,SSCP-1ffbf190d67c5537,4,5
3,SSCP-1ffdb4ec5f881777,4,5
3,SSCP-2071af5408ad12b7,4,5
3,SSCP-208613386d693081,4,5
3,SSCP-209c26f7b402d310,4,5
3,SSCP-209ec38a00cab2bc,4,5
3,SSCP-21138e53decb5773,4,5
3,SSCP-21151fccfa01a7b9,4,5
3,SSCP-211881ba834a8812,4,5
3,SSCP-21238b34620d959b,4,5
3,SSCP-2126ae7343307a4f,4,5
3,SSCP-214052f473b487bf,4,5
3,SSCP-2143f36afdd1ab7f,4,5
3,SSCP-2167e9e45aa0e460,4,5
3,SSCP-21b17ba1eb901efe,4,5
3,SSCP-21cd951809751f89,4,5
3,SSCP-2221d68f25e09bde,4,5
3,SSCP-222693c5d2c2ace5,4,5
3,SSCP-22298ec3451d9ca9,4,5
3,SSCP-2263b8fc5cb3fb8d,4,5
3,SSCP-22c89ea2777d4e9b,4,5
3,SSCP-22d03a76581c2e45,4,5
3,SSCP-22f97cc58c0764f2,4,5
3,SSCP-230e8decd1a50b7a,4,5
3,SSCP-2338dc76fbe318c3,4,5
3,SSCP-2342b12270ecd3b0,4,5
3,SSCP-235e5760c48f565f,4,5
3,SSCP-23d0f7dba84e6719,4,5
3,SSCP-23eec8b90f8070b8,4,5
3,SSCP-244add395e6d79ed,4,5
3,SSCP-247fe1dfe4792cc0,4,5
3,SSCP-24825271c9e97bfd,4,5
3,SSCP-2491ef44d1a39e7e,4,5
3,SSCP-24bbd872a875f61c,4,5
3,SSCP-252773d85b72ae6a,4,5
3,SSCP-253352bdd363ad14,4,5
3,SSCP-253baa2fcc363fb5,4,5
3,SSCP-2602db4ec319e199,4,5
3,SSCP-2608f736bc5126bd,4,5
3,SSCP-261d9a5e40117a5d,4,5
3,SSCP-262672854eabff8a,4,5
3,SSCP-2661382902887702,4,5
3,SSCP-269934391700578c,4,5
3,SSCP-26b5aa987c0c0fae,4,5
3,SSCP-26dc33af81d76cc2,4,5
3,SSCP-26e09f60bf94274b,4,5
3,SSCP-26fa47761fd002ca,4,5
3,SSCP-271e181ea0283a84,4,5
3,SSCP-27389493c13f326b,4,5
3,SSCP-274168de359f8b2b,4,5
3,SSCP-275380981594e871,4,5
3,SSCP-275a56ad9554c034,4,5
3,SSCP-276bcc8bd56a32fb,4,5
3,SSCP-27a30cff7573feae,4,5
3,SSCP-27d33ef32bbcc06e,4,5
3,SSCP-27d502ea762ad20b,4,5
3,SSCP-27da00534c8ba96a,4,5
3,SSCP-27eb3554c4eda60a,4,5
3,SSCP-2805d818397133d3,4,5
3,SSCP-280e494611178cc1,4,5
3,SSCP-28329eeae2a0bd0f,4,5
3,SSCP-287b3f41e3323074,4,5
3,SSCP-28c8731be918f22c,4,5
3,SSCP-28d772a64cffbba7,4,5
3,SSCP-28dfe6429dd7ee2c,4,5
3,SSCP-29130527bb629d83,4,5
3,SSCP-29a2b41fae6d83c0,4,5
3,SSCP-29ac37051bd9af5c,4,5
3,SSCP-2a6bc45d082bc47f,4,5
3,SSCP-2a7808d8f7b00f64,4,5
3,SSCP-2ae6b7eb5c7aae57,4,5
3,SSCP-2b1a5d0644bc0388,4,5
3,SSCP-2b3a9612df80fbdc,4,5
3,SSCP-2b5badc6fc08abc1,4,5
3,SSCP-2b63ffcaa25b3f3c,4,5
3,SSCP-2bfdc7d2e5cd7d70,4,5
3,SSCP-2c89717179d040ba,4,5
3,SSCP-2ca8c4de23324d9d,4,5
3,SSCP-2cecc99a05883e94,4,5
3,SSCP-2d55dce805613683,4,5
3,SSCP-2d6e6ff476e7accf,4,5
3,SSCP-2d742561cd05685d,4,5
3,SSCP-2d7a501fcc63366b,4,5
3,SSCP-2d9e7fc936e02bb1,4,5
3,SSCP-2dc593fd1b26b8c9,4,5
3,SSCP-2dcc1b7c22914743,4,5
3,SSCP-2e63bb5c172a8ce7,4,5
3,SSCP-2e95325015b53757,4,5
3,SSCP-2ed32d464d39e7f8,4,5
3,SSCP-2ef24368d17ee119,4,5
3,SSCP-2efa3dc5edc42915,4,5
3,SSCP-2f3130ed4bc1ae73,4,5
3,SSCP-2f6b32872458678d,4,5
3,SSCP-2fa6a6c911f02949,4,5
3,SSCP-2fb474b8823d0971,4,5
3,SSCP-2fbac43748bf9954,4,5
3,SSCP-3005a16b2fff6a15,4,5
3,SSCP-3035323b4a813863,4,5
3,SSCP-30b08524d94c9200,4,5
3,SSCP-30d087696e1475e3,4,5
3,SSCP-30fc56db15b0a04e,4,5
3,SSCP-313799747320c4f1,4,5
3,SSCP-315d69aba674efd0,4,5
3,SSCP-3176e61b89ee1b91,4,5
3,SSCP-31ddc31bafcacc86,4,5
3,SSCP-31ef99f32e580589,4,5
3,SSCP-32105c3f12f92f5b,4,5
3,SSCP-32359cba8fc72bd3,4,5
3,SSCP-323ab0bc177d428c,4,5
3,SSCP-326bf32a8abd9221,4,5
3,SSCP-32759f359a99fe16,4,5
3,SSCP-329b71999461e9ea,4,5
3,SSCP-32adfebda70c5e4e,4,5
3,SSCP-330cf5c2e70abe25,4,5
3,SSCP-339693bf35df21b8,4,5
3,SSCP-33f7e68cf8ae94fb,4,5
3,SSCP-341228b4d5eee3b0,4,5
3,SSCP-34296176fe1a5e40,4,5
3,SSCP-34454abe4c8fcba7,4,5
3,SSCP-35f1517c4f1f069b,4,5
3,SSCP-35fecc5040916b5a,4,5
3,SSCP-3645fc5e1f6ea090,4,5
3,SSCP-369a256163ac5314,4,5
3,SSCP-3704f22caef55951,4,5
3,SSCP-3705c319711049a6,4,5
3,SSCP-372f2fedcc2930ff,4,5
3,SSCP-3784b8b98a0afcb0,4,5
3,SSCP-37a23ea3bf1a457d,4,5
3,SSCP-37b049cecc9b4de5,4,5
3,SSCP-37e25334288a6f48,4,5
3,SSCP-37ed0dd70944751f,4,5
3,SSCP-37eef880bf9e20ef,4,5
3,SSCP-386f108ce2dd4cb8,4,5
3,SSCP-3874367417008673,4,5
3,SSCP-388d5b0879594714,4,5
3,SSCP-38e800b856223d0c,4,5
3,SSCP-39a57b5281b86a53,4,5
3,SSCP-39abad56461551d2,4,5
3,SSCP-39e13e8223888b10,4,5
3,SSCP-3a08e589cb1212af,4,5
3,SSCP-3a453fa32b6952d1,4,5
3,SSCP-3a65a6cb70432122,4,5
3,SSCP-3ad1723078d06d7c,4,5
3,SSCP-3ad3cd5b9a36410c,4,5
3,SSCP-3b2cd1d1482cad9f,4,5
3,SSCP-3b6ddeea41acdd11,4,5
3,SSCP-3b9c8e89274a3d57,4,5
3,SSCP-3bb56fe49492bffb,4,5
3,SSCP-3bdc59bd8f8fc7d5,4,5
3,SSCP-3c1c8bb37b53625a,4,5
3,SSCP-3c34893cc90898cc,4,5
3,SSCP-3c5e4401714b9812,4,5
3,SSCP-3cabb3058d3ab869,4,5
3,SSCP-3d41c31391d3a1e8,4,5
3,SSCP-3df7609591ff289c,4,5
3,SSCP-3e414ded84606bf8,4,5
3,SSCP-3e7aa53bdb2cd879,4,5
3,SSCP-3e91900a319c598d,4,5
3,SSCP-3e99639f52edc458,4,5
3,SSCP-3e9fdddbb44d4202,4,5
3,SSCP-3ee384005f22208c,4,5
3,SSCP-3f05651c7e6a4417,4,5
3,SSCP-3f64a5eb309880da,4,5
3,SSCP-3fa77592229bde74,4,5
3,SSCP-400247b4b92fa930,4,5
3,SSCP-40196bdfa9668283,4,5
3,SSCP-4026f878f72b5f26,4,5
3,SSCP-405e33ec95790432,4,5
3,SSCP-415cfcb196fb13c1,4,5
3,SSCP-418bed398b4292c7,4,5
3,SSCP-41a984b3b48c35ec,4,5
3,SSCP-41d6081694c7e00e,4,5
3,SSCP-41e663561180009c,4,5
3,SSCP-42355c8d90c78c45,4,5
3,SSCP-42d0168719f4ca76,4,5
3,SSCP-42d3177ef418c584,4,5
3,SSCP-431860e6387e2c74,4,5
3,SSCP-43306c8295893bd0,4,5
3,SSCP-4360ec8effdcd383,4,5
3,SSCP-437268e8d1e3511c,4,5
3,SSCP-43802487365f4f1c,4,5
3,SSCP-43e3ecaa0d6d10f5,4,5
3,SSCP-43faf9da4a22c3a2,4,5
3,SSCP-440672dc6770aee7,4,5
3,SSCP-44d1f854ec7e0776,4,5
3,SSCP-44e9769318b1b045,4,5
3,SSCP-452228a7a8d73b8d,4,5
3,SSCP-4560c0dfd38315fd,4,5
3,SSCP-457da9fdb9bc0c37,4,5
3,SSCP-45c52364343205a9,4,5
3,SSCP-461056b66222bc05,4,5
3,SSCP-463a48ba30f26b22,4,5
3,SSCP-464bfdcd2ddfa3af,4,5
3,SSCP-466086d3c4137939,4,5
3,SSCP-46cdb6bfdac5ce90,4,5
3,SSCP-46d69aa1f635fc04,4,5
3,SSCP-46da2cb3259e9ebb,4,5
3,SSCP-47311ad5ebd7e685,4,5
3,SSCP-474ec6e17ae786ce,4,5
3,SSCP-4751967b5e948fdd,4,5
3,SSCP-47bceeb5ec45085b,4,5
3,SSCP-483069868617c329,4,5
3,SSCP-4864890b8c3d29d3,4,5
3,SSCP-4883df9b49561b8d,4,5
3,SSCP-48895c15ec7caa7c,4,5
3,SSCP-48b14b212b1deb6b,4,5
3,SSCP-48df8ff7d5a5a153,4,5
3,SSCP-48eb032b2699e755,4,5
3,SSCP-48ef18bcad775f4c,4,5
3,SSCP-48fd3db342334cb2,4,5
3,SSCP-49044fc132d69a36,4,5
3,SSCP-494b683b55446df0,4,5
3,SSCP-49516ed74be7e212,4,5
3,SSCP-49bcd950c69085e4,4,5
3,SSCP-49e241d17209b471,4,5
3,SSCP-49ee8f86f611a55b,4,5
3,SSCP-49fb2d2785328899,4,5
3,SSCP-4a62ce6d07bb5dda,4,5
3,SSCP-4aa385b3816ede41,4,5
3,SSCP-4aab0c698e5ff887,4,5
3,SSCP-4ae43dad9087f8d7,4,5
3,SSCP-4b031ff032196b75,4,5
3,SSCP-4b12f74c7c41ede5,4,5
3,SSCP-4b410ac397262ae6,4,5
3,SSCP-4b823e05acf82e3f,4,5
3,SSCP-4b97acbffaec6aeb,4,5
3,SSCP-4c12c684c6ccd357,4,5
3,SSCP-4c2114c8424aa6f4,4,5
3,SSCP-4ca6d2c6738f82d7,4,5
3,SSCP-4caaf492134f90ea,4,5
3,SSCP-4ce17de81212f681,4,5
3,SSCP-4d063e9a5f27989f,4,5
3,SSCP-4d2081071953accb,4,5
3,SSCP-4d721467b4ef3aaa,4,5
3,SSCP-4d8142a46bc59c4d,4,5
3,SSCP-4d84bbe15d357ee0,4,5
3,SSCP-4da7a29b9727d7c2,4,5
3,SSCP-4dab09122ebea75d,4,5
3,SSCP-4ddc72d6c07b0403,4,5
3,SSCP-4e0545d0404d2f11,4,5
3,SSCP-4e3358b8eb61c9c4,4,5
3,SSCP-4e5582a6aa4fc6c2,4,5
3,SSCP-4eaf05eb65c6056c,4,5
3,SSCP-4f4dbb75b8643656,4,5
3,SSCP-4f6bf77c46c230c1,4,5
3,SSCP-4f807c108abdc2fb,4,5
3,SSCP-4fb0f43c8a15f60e,4,5
3,SSCP-4fb269295acdfe86,4,5
3,SSCP-4fc9042246c66758,4,5
3,SSCP-5004bf60903ab12c,4,5
3,SSCP-5051c14968bb6229,4,5
3,SSCP-506056a6dd93d211,4,5
3,SSCP-508ed943452a57c1,4,5
3,SSCP-50b0fb9a6e133dd5,4,5
3,SSCP-50dc292758f67529,4,5
3,SSCP-515bba62b2c4e272,4,5
3,SSCP-516b382936727bf4,4,5
3,SSCP-51de1d38f5c24825,4,5
3,SSCP-51eac6b95c73df06,4,5
3,SSCP-51f0114d0c2d42d3,4,5
3,SSCP-530c4bafbdaf78df,4,5
3,SSCP-531e49bd013a4185,4,5
3,SSCP-5336768e0a0733e6,4,5
3,SSCP-534b0e2075ea9b4a,4,5
3,SSCP-53765197110d7c42,4,5
3,SSCP-53e9ba0dcc44c7ab,4,5
3,SSCP-5412ce3ce6cafbd7,4,5
3,SSCP-541ad98f362df99c,4,5
3,SSCP-542679e257223de6,4,5
3,SSCP-543069be1cafd0e9,4,5
3,SSCP-543e04626ba18aad,4,5
3,SSCP-546ec343d0340ce9,4,5
3,SSCP-54b6b1a7d73ab40e,4,5
3,SSCP-54be08e588e1ba33,4,5
3,SSCP-54da73c4a8b8ff35,4,5
3,SSCP-54e16d1f1e66ce8b,4,5
3,SSCP-553d2106b50b4c5a,4,5
3,SSCP-5570df2f4c7866e9,4,5
3,SSCP-5572d4dc92f662bc,4,5
3,SSCP-558004fad87b20a4,4,5
3,SSCP-55b5999781d224cf,4,5
3,SSCP-55c1f363a76ab7d3,4,5
3,SSCP-55decc3a0af9417d,4,5
3,SSCP-569789a7b642526a,4,5
3,SSCP-56a90d40d596437c,4,5
3,SSCP-56f1ca0e26714339,4,5
3,SSCP-57053cfe11f91cea,4,5
3,SSCP-5757811292c53893,4,5
3,SSCP-57ab6282f7092fb8,4,5
3,SSCP-57b22fe0d151727b,4,5
3,SSCP-57cc0a1b512a3a03,4,5
3,SSCP-57e8b0cfe9d43dd1,4,5
3,SSCP-5804529825a9f2e3,4,5
3,SSCP-580559549124cd38,4,5
3,SSCP-58230e43e72ba347,4,5
3,SSCP-58b6f12e814c2487,4,5
3,SSCP-58e253e49db57b51,4,5
3,SSCP-5905e55f40c5606f,4,5
3,SSCP-59fc706772f8e6ca,4,5
3,SSCP-5a47a71edb04b537,4,5
3,SSCP-5ab591a503159e72,4,5
3,SSCP-5abbda2936b9315e,4,5
3,SSCP-5ac1b0f875737c4c,4,5
3,SSCP-5ae41fe25937c803,4,5
3,SSCP-5afe603c0db3f894,4,5
3,SSCP-5baa6e4b70e0752b,4,5
3,SSCP-5c0d3a7cc0c41f49,4,5
3,SSCP-5c323646440ddd27,4,5
3,SSCP-5c4e032279f8dd14,4,5
3,SSCP-5c625e1c356673de,4,5
3,SSCP-5c9f6645fc6f0572,4,5
3,SSCP-5cb131f0ab7a0484,4,5
3,SSCP-5ce426975532a744,4,5
3,SSCP-5d2a65cf16aa2172,4,5
3,SSCP-5d73be0d677fbb17,4,5
3,SSCP-5d763337fb01aeff,4,5
3,SSCP-5d7a26d81b0a5456,4,5
3,SSCP-5e4cb428805fcd32,4,5
3,SSCP-5eaed177af9078f0,4,5
3,SSCP-5eb7a09b83f44039,4,5
3,SSCP-5ed9b6d199685c34,4,5
3,SSCP-5f22be2a68d5d005,4,5
3,SSCP-5f2b61ef60e2058d,4,5
3,SSCP-5f54404742af814b,4,5
3,SSCP-5fcb807ff6b26a83,4,5
3,SSCP-5fdcc3c5adbc2940,4,5
3,SSCP-5ffce261366cf706,4,5
3,SSCP-600e1364263c71f0,4,5
3,SSCP-602d68b6ed725055,4,5
3,SSCP-6034c0bae76ae84c,4,5
3,SSCP-604e5c3fa9bcf3bf,4,5
3,SSCP-60a85537d4556725,4,5
3,SSCP-60dbc5a97b8de07a,4,5
3,SSCP-60fe2b4dab710abd,4,5
3,SSCP-61820f92c5133ca0,4,5
3,SSCP-61bbc0abf2946e17,4,5
3,SSCP-61de5345a4537c0d,4,5
3,SSCP-6211af663f17a94c,4,5
3,SSCP-6237683eeb8c9922,4,5
3,SSCP-624ad8832ec0ee27,4,5
3,SSCP-6252d43187d67efb,4,5
3,SSCP-62836763b92ba7cc,4,5
3,SSCP-6288324ec0ec552a,4,5
3,SSCP-62e30df976813aee,4,5
3,SSCP-6320810e6ff83dd6,4,5
3,SSCP-63481d7bd286232a,4,5
3,SSCP-63545826f07a253c,4,5
3,SSCP-63879d642b80250b,4,5
3,SSCP-638b4ea5a57d7bac,4,5
3,SSCP-63a14adabc14c7cf,4,5
3,SSCP-63a26bdc2af4cd26,4,5
3,SSCP-63af43990739f5a5,4,5
3,SSCP-63b378490b58d4c8,4,5
3,SSCP-63f3de8d7cd8eddd,4,5
3,SSCP-644ad211c1219554,4,5
3,SSCP-645f1165c64e5a6b,4,5
3,SSCP-64aad4c0177d79c1,4,5
3,SSCP-65190655ed61d975,4,5
3,SSCP-656970636682393b,4,5
3,SSCP-65883bf3a6f95637,4,5
3,SSCP-65c60471a443152b,4,5
3,SSCP-6630a5c4e4c1f29f,4,5
3,SSCP-66420910d7b0de3e,4,5
3,SSCP-668162a9dc5d5521,4,5
3,SSCP-668205a81fb093b8,4,5
3,SSCP-66c208e5267d0861,4,5
3,SSCP-66ce401a42f9803a,4,5
3,SSCP-67028a47e680cd2d,4,5
3,SSCP-67206e0416f18044,4,5
3,SSCP-6735ae1d9a33797c,4,5
3,SSCP-677dc49ade059e75,4,5
3,SSCP-679a41a04c44933e,4,5
3,SSCP-67bfd0371c44f9b1,4,5
3,SSCP-67c540fa78e3fbe5,4,5
3,SSCP-67dd5b00654a7206,4,5
3,SSCP-680074bc41edc63d,4,5
3,SSCP-685ca0d417ffb984,4,5
3,SSCP-68ebca60c771370c,4,5
3,SSCP-68f5956e58c892e1,4,5
3,SSCP-6903113ef7186ea4,4,5
3,SSCP-694a69f174dc0bf6,4,5
3,SSCP-695d57c8b3247548,4,5
3,SSCP-695d6daed5428ad7,4,5
3,SSCP-6989eee6f4185234,4,5
3,SSCP-6996c2f34449f49e,4,5
3,SSCP-69c506a158913490,4,5
3,SSCP-69d620c8cb80f674,4,5
3,SSCP-69ee34f7283207db,4,5
3,SSCP-69f8c976638f535b,4,5
3,SSCP-6a038de9f3dca339,4,5
3,SSCP-6a38103d43be7ca7,4,5
3,SSCP-6a433f5275534a5d,4,5
3,SSCP-6a7c7000f2f4f27b,4,5
3,SSCP-6abbd9027894d469,4,5
3,SSCP-6ad339dadbf4c4ce,4,5
3,SSCP-6adecf10d4a7c33b,4,5
3,SSCP-6b1d63b112e8f94a,4,5
3,SSCP-6b64dcec73030e93,4,5
3,SSCP-6bf26fdacdc151b3,4,5
3,SSCP-6bfaa7cd6eb4e04d,4,5
3,SSCP-6c13eb417c31d1f8,4,5
3,SSCP-6c1b479516f51e1c,4,5
3,SSCP-6c347c54e9c2205e,4,5
3,SSCP-6c487d6abcc20ff4,4,5
3,SSCP-6c5210328f40e295,4,5
3,SSCP-6ca41950af157a59,4,5
3,SSCP-6ccd36b606e18710,4,5
3,SSCP-6ce29fc22f15b62e,4,5
3,SSCP-6cf71bfdc0336846,4,5
3,SSCP-6d37710ba9123abc,4,5
3,SSCP-6d3a839072f16fe4,4,5
3,SSCP-6e0811efcb93a7c1,4,5
3,SSCP-6e366e1142df3ac6,4,5
3,SSCP-6e3debcf0b8c3502,4,5
3,SSCP-6e6b7e6cf09dbf4a,4,5
3,SSCP-6e7c126163be3ea3,4,5
3,SSCP-6e92fdf57d518a1a,4,5
3,SSCP-6eb094137af49065,4,5
3,SSCP-6ec90c3a28200df1,4,5
3,SSCP-6ed26ee574ecdee9,4,5
3,SSCP-6eeb611216672c17,4,5
3,SSCP-6f8307c0737adad3,4,5
3,SSCP-6fddbdbe6776cf49,4,5
3,SSCP-70072ad93b7723ba,4,5
3,SSCP-701aac927d5ef746,4,5
3,SSCP-71965552fda4da58,4,5
3,SSCP-71be7e58fc31d370,4,5
3,SSCP-71cd2fa1eab1a879,4,5
3,SSCP-71f03f7c17fb6c11,4,5
3,SSCP-71f9827faa8589b6,4,5
3,SSCP-7250d13d86b65730,4,5
3,SSCP-72876c69663c797d,4,5
3,SSCP-72bffac3b9a097f8,4,5
3,SSCP-72d9d9484668afb4,4,5
3,SSCP-72f0601065255acd,4,5
3,SSCP-730897d916bd0812,4,5
3,SSCP-735ea39b644ac7c1,4,5
3,SSCP-73796a4dedb92fb0,4,5
3,SSCP-73f540eb3028e168,4,5
3,SSCP-7463a00690fe4f96,4,5
3,SSCP-747f9efea998c639,4,5
3,SSCP-7507ee004a618f50,4,5
3,SSCP-759b19801e9fea63,4,5
3,SSCP-75f3b5ff238bd255,4,5
3,SSCP-760a34cce75aea2e,4,5
3,SSCP-7649cbff27500885,4,5
3,SSCP-76607ff138816b5b,4,5
3,SSCP-773b8a7a703e454a,4,5
3,SSCP-77978de896525b7d,4,5
3,SSCP-77cf8fba08575b66,4,5
3,SSCP-782cd86c44b83f1a,4,5
3,SSCP-7869d20a5ab9d8c4,4,5
3,SSCP-78757f7f5da86923,4,5
3,SSCP-78cf44cd5f214a05,4,5
3,SSCP-791a1cc56432f3f3,4,5
3,SSCP-7975c96bf80e6dcd,4,5
3,SSCP-79d379aec6b18e8c,4,5
3,SSCP-79d7c8115ec1c4cd,4,5
3,SSCP-79dfd95c1075c538,4,5
3,SSCP-79f4f156e510ea0a,4,5
3,SSCP-79ff368783c89ed4,4,5
3,SSCP-7a466691779f07d2,4,5
3,SSCP-7a4a34e0bd71d554,4,5
3,SSCP-7a730c981783f48b,4,5
3,SSCP-7b00406ff9b8beaa,4,5
3,SSCP-7b496a4ac798c460,4,5
3,SSCP-7b88b8a0d179b517,4,5
3,SSCP-7bae662f454353a4,4,5
3,SSCP-7bb2d0926e1be4a6,4,5
3,SSCP-7bd4a183913de1cb,4,5
3,SSCP-7c22c33bce3c2707,4,5
3,SSCP-7c34b9159dbe88c0,4,5
3,SSCP-7c76808d2e408f41,4,5
3,SSCP-7cacadee0c6da439,4,5
3,SSCP-7cae71e06ea65222,4,5
3,SSCP-7cbfc94458265710,4,5
3,SSCP-7d62cc90804f9a80,4,5
3,SSCP-7d7ffd4ca621e463,4,5
3,SSCP-7da3beaf7e43fc43,4,5
3,SSCP-7dac788d556cd0c0,4,5
3,SSCP-7dcf924540e870fb,4,5
3,SSCP-7dd1104229e60137,4,5
3,SSCP-7df9b10a25f791fe,4,5
3,SSCP-7e0bbfcdf69ae09e,4,5
3,SSCP-7e4f6d2a681ec29d,4,5
3,SSCP-7e945160cbde7280,4,5
3,SSCP-7f0472bfd11bf610,4,5
3,SSCP-7f175a8657fa1189,4,5
3,SSCP-7f1a5fe2cfee21a6,4,5
3,SSCP-7f5c5e0f093d9ba5,4,5
3,SSCP-7f9babc31954aa79,4,5
3,SSCP-7fc3206279147160,4,5
3,SSCP-80286c9e113164a7,4,5
3,SSCP-803dab4f1e602d43,4,5
3,SSCP-803f18553b7b5ceb,4,5
3,SSCP-8062d18166215ae1,4,5
3,SSCP-80fc18e990d36efe,4,5
3,SSCP-8105fbe079e3e0a0,4,5
3,SSCP-8106b3436dd50b2d,4,5
3,SSCP-81117a0818e69a95,4,5
3,SSCP-814c742a99ee3845,4,5
3,SSCP-8176c7c298495a7b,4,5
3,SSCP-819d575d4a95d972,4,5
3,SSCP-81b4d74e71f12f29,4,5
3,SSCP-81d4de7a65cb4aa9,4,5
3,SSCP-81d8441dee7b2a1e,4,5
3,SSCP-82192fcc1c7c228b,4,5
3,SSCP-82305a7f47b8a40d,4,5
3,SSCP-82657726b5f4193e,4,5
3,SSCP-828752fc906b5b2c,4,5
3,SSCP-82f41918d880dbe9,4,5
3,SSCP-8307fa91f3230b79,4,5
3,SSCP-830e6d385e7db2e8,4,5
3,SSCP-83380b0ae1b1e651,4,5
3,SSCP-833ce15527025e2e,4,5
3,SSCP-83553f5dcf3f7bc0,4,5
3,SSCP-8390c3fd94597ef4,4,5
3,SSCP-8427d9ee81ec29e2,4,5
3,SSCP-843c48d59cc7ea7f,4,5
3,SSCP-845d187cfaf5b5f9,4,5
3,SSCP-84715b65e8c6b7c0,4,5
3,SSCP-8472a4416c791108,4,5
3,SSCP-848d8acee7c34e68,4,5
3,SSCP-84bd431d1454dcf0,4,5
3,SSCP-84ca365c21fd6e5d,4,5
3,SSCP-84fc4c886b7af9c3,4,5
3,SSCP-85050a5894d7ed64,4,5
3,SSCP-851979d3ccbaccb8,4,5
3,SSCP-85466f2ff876b9e7,4,5
3,SSCP-856d54703b18427e,4,5
3,SSCP-8577662420b128a4,4,5
3,SSCP-859cf4538b8bdb9f,4,5
3,SSCP-85bb9e1215366390,4,5
3,SSCP-8610a1f62738ac35,4,5
3,SSCP-862c3d04abec1547,4,5
3,SSCP-86531669b453e409,4,5
3,SSCP-866cc5a350fc1d7f,4,5
3,SSCP-867daf5c6afd5b96,4,5
3,SSCP-8698f4adecc0f229,4,5
3,SSCP-86aabcf52803ab95,4,5
3,SSCP-86ac29496b40956c,4,5
3,SSCP-86cdf2a097269c09,4,5
3,SSCP-871fb0a38b064656,4,5
3,SSCP-877a83c383d4126a,4,5
3,SSCP-8783dceed0268a32,4,5
3,SSCP-881a6a0c47a69cb6,4,5
3,SSCP-88335733d679f94e,4,5
3,SSCP-883d9258eb092c7a,4,5
3,SSCP-8893c9ff0c79e99f,4,5
3,SSCP-88df2d8e92c7a154,4,5
3,SSCP-892a55d4cf6e321d,4,5
3,SSCP-8944f813d63bd2d2,4,5
3,SSCP-894c5eaba060f2ec,4,5
3,SSCP-89b03779599d1b7f,4,5
3,SSCP-89ca81a76223460c,4,5
3,SSCP-89d4bc25da90db31,4,5
3,SSCP-8a125927a406e2f8,4,5
3,SSCP-8b2ddd8dc80fe90f,4,5
3,SSCP-8b5fe5d5a19a3975,4,5
3,SSCP-8b667005f82aa22d,4,5
3,SSCP-8b77ea9adf5c9dee,4,5
3,SSCP-8b91e1142cb23927,4,5
3,SSCP-8bde97d1fb536da7,4,5
3,SSCP-8be5b9c5ed1b32ac,4,5
3,SSCP-8bf7f68301aea624,4,5
3,SSCP-8c04cbfdc8351880,4,5
3,SSCP-8c4fbf47275b83db,4,5
3,SSCP-8c8fe662c046c212,4,5
3,SSCP-8c9513230a2bf4d2,4,5
3,SSCP-8cac6e2e949fa46d,4,5
3,SSCP-8cb2baffd0cea5a6,4,5
3,SSCP-8cf346c312708524,4,5
3,SSCP-8d37dde5999b7c92,4,5
3,SSCP-8d58b948f6bbe67d,4,5
3,SSCP-8d5e3bbc2b7a0aef,4,5
3,SSCP-8d6211175c5ec7c9,4,5
3,SSCP-8d8d2e5dc17651ef,4,5
3,SSCP-8d9036cd47b60c77,4,5
3,SSCP-8db6e684d1ad617d,4,5
3,SSCP-8dba166665ec97de,4,5
3,SSCP-8dce5b95fa66f164,4,5
3,SSCP-8e386227356e854f,4,5
3,SSCP-8e3bb2cebf14a700,4,5
3,SSCP-8e606ced5cbaa26b,4,5
3,SSCP-8ed3a4571b8d0579,4,5
3,SSCP-8f3ce1b3814ad26f,4,5
3,SSCP-8f4fbf4f6666b680,4,5
3,SSCP-8f5e309802dd3d1a,4,5
3,SSCP-8f6cd77689c64b1b,4,5
3,SSCP-8f91ab64982e33de,4,5
3,SSCP-8fcb8f79c721b2d0,4,5
3,SSCP-8fdfb01217b5683e,4,5
3,SSCP-8fe286a9345df78a,4,5
3,SSCP-909e755eae26a46f,4,5
3,SSCP-909f9a58145e8910,4,5
3,SSCP-90b08133327889e3,4,5
3,SSCP-90b16342f4b95766,4,5
3,SSCP-90f1afccabab3f59,4,5
3,SSCP-91137d7d94c5abb9,4,5
3,SSCP-9115aa4b9d3f97bb,4,5
3,SSCP-91267085e4d3e4e4,4,5
3,SSCP-91493ae1326dd96c,4,5
3,SSCP-917e50c0fbd76e69,4,5
3,SSCP-91e58abc9dbe0bdf,4,5
3,SSCP-91f3f99696730eb4,4,5
3,SSCP-920e73914be6f0c5,4,5
3,SSCP-926b6a0d28b118da,4,5
3,SSCP-92910a3f26602b59,4,5
3,SSCP-92931fd1b78fb6cb,4,5
3,SSCP-92b167a2eb442d92,4,5
3,SSCP-935c3a30cb943a7e,4,5
3,SSCP-93784ed5e20b6f81,4,5
3,SSCP-937c9d831e6a1867,4,5
3,SSCP-93a222312db5e1d4,4,5
3,SSCP-93bb1a7ffeb5089b,4,5
3,SSCP-93f238cd33485e2c,4,5
3,SSCP-9419bc7e8790dc84,4,5
3,SSCP-94546c34ed096fc9,4,5
3,SSCP-94671873968fa25b,4,5
3,SSCP-9540bd330b899da5,4,5
3,SSCP-95532d31755bd34f,4,5
3,SSCP-958427c8bf987391,4,5
3,SSCP-95a4476f2e5dd498,4,5
3,SSCP-95a8da2ca0a06ddb,4,5
3,SSCP-95c5b380564969b9,4,5
3,SSCP-95f366fc8ff9e9cc,4,5
3,SSCP-96a68395b9785feb,4,5
3,SSCP-96e0a831c235fbc9,4,5
3,SSCP-97328b3c98af6e72,4,5
3,SSCP-976a3ad2905d00e2,4,5
3,SSCP-9770bfd0d5b8b00d,4,5
3,SSCP-97cdfd09f3ab473a,4,5
3,SSCP-9826bc560a311b83,4,5
3,SSCP-9857fb1aa409359d,4,5
3,SSCP-985b6cc5677edf12,4,5
3,SSCP-98cb91d427852af8,4,5
3,SSCP-98e6182d0d85d5f8,4,5
3,SSCP-98e85f7d84882825,4,5
3,SSCP-98e88cdbd05fc53a,4,5
3,SSCP-98e89a1fadb80106,4,5
3,SSCP-98f7d382134eeae9,4,5
3,SSCP-990c7e6d17e6865a,4,5
3,SSCP-9955317ffed41430,4,5
3,SSCP-9963a08c7de707af,4,5
3,SSCP-99d23d528e99440b,4,5
3,SSCP-99e3a68dae410219,4,5
3,SSCP-99e60c3cabef6a39,4,5
3,SSCP-99fb90f835370633,4,5
3,SSCP-9a8d1d5686a38003,4,5
3,SSCP-9ab4c67139390a1e,4,5
3,SSCP-9adc52496d28f135,4,5
3,SSCP-9b2c4ebf6b9e4f47,4,5
3,SSCP-9b6dc076574429da,4,5
3,SSCP-9b89f3788fea1ea6,4,5
3,SSCP-9bba30b839c02c41,4,5
3,SSCP-9c4fd0359f495b48,4,5
3,SSCP-9cb04b62b7b27c4c,4,5
3,SSCP-9cbb7d44c6af67d3,4,5
3,SSCP-9cbfe209c29e8aff,4,5
3,SSCP-9cdfc5488e3460a4,4,5
3,SSCP-9d1357722509250a,4,5
3,SSCP-9d183cfffd4d18be,4,5
3,SSCP-9d39818783ff5b79,4,5
3,SSCP-9d96637344ef986f,4,5
3,SSCP-9dc1f499c663ad55,4,5
3,SSCP-9de8b8eb9fe91c81,4,5
3,SSCP-9ea413dd015084f2,4,5
3,SSCP-9ed1a042ecad9ab1,4,5
3,SSCP-9ef605f9c9f15ab5,4,5
3,SSCP-9f67017a4ac88ec0,4,5
3,SSCP-9faa9cbfc4dbe9ae,4,5
3,SSCP-9fc46366d8aa1365,4,5
3,SSCP-9fcbd77473791a8f,4,5
3,SSCP-a01b804dcda9fe0a,4,5
3,SSCP-a01d259b1607eed2,4,5
3,SSCP-a0486de9972074a8,4,5
3,SSCP-a05f3e57f00392c8,4,5
3,SSCP-a0ab2e90a0a48835,4,5
3,SSCP-a0d3485195f18992,4,5
3,SSCP-a0dd22bdea66dfa8,4,5
3,SSCP-a19cdbfedf83df91,4,5
3,SSCP-a1d73481dc0c3e63,4,5
3,SSCP-a1ee96363963d25e,4,5
3,SSCP-a20e03c2f6ecc793,4,5
3,SSCP-a228afc2c5d68649,4,5
3,SSCP-a242c7c64c2a78cc,4,5
3,SSCP-a27a165c1d4b62b4,4,5
3,SSCP-a2a9e9f0cb760b17,4,5
3,SSCP-a2af9faf2d6f5bb2,4,5
3,SSCP-a2cde3a150a73638,4,5
3,SSCP-a2e4cad8c41693e5,4,5
3,SSCP-a2ecd2395feb34f1,4,5
3,SSCP-a2fa3a73b972207b,4,5
3,SSCP-a402257e26a984b2,4,5
3,SSCP-a4252a88b5284351,4,5
3,SSCP-a42af28b04ff2415,4,5
3,SSCP-a433eb98cdbee8d8,4,5
3,SSCP-a437364139bdec91,4,5
3,SSCP-a4439ffb25a2820e,4,5
3,SSCP-a466f312a94f0e00,4,5
3,SSCP-a480b528f8d31b5c,4,5
3,SSCP-a49cdb86269ea734,4,5
3,SSCP-a4e6cc2a7d919f6b,4,5
3,SSCP-a54a9badfe2305a7,4,5
3,SSCP-a5960fc5b929559a,4,5
3,SSCP-a5ba94319ecf8353,4,5
3,SSCP-a6729a142a3e2370,4,5
3,SSCP-a6bde0f0aa94757b,4,5
3,SSCP-a6c8c512ed099fc3,4,5
3,SSCP-a774fc2decdd04d5,4,5
3,SSCP-a79631ad9d91c54f,4,5
3,SSCP-a7b995374dae3140,4,5
3,SSCP-a7c6be478ab64f60,4,5
3,SSCP-a7d180a084a9e545,4,5
3,SSCP-a843e575ecd1a2cb,4,5
3,SSCP-a8472cb96267d419,4,5
3,SSCP-a854335cf4d3b80e,4,5
3,SSCP-a86e7d317a9da892,4,5
3,SSCP-a89fc18297af2200,4,5
3,SSCP-a8ce8f0c0c278ec3,4,5
3,SSCP-a8df77e2c14fb8a6,4,5
3,SSCP-a921db907dc794a6,4,5
3,SSCP-a9249d1dca1760c8,4,5
3,SSCP-a990cb2eebceb03a,4,5
3,SSCP-a99184bee5cb3aab,4,5
3,SSCP-a99916f730ca7689,4,5
3,SSCP-a9be2897b20cba60,4,5
3,SSCP-aa0b727b92919a8d,4,5
3,SSCP-aa2f4bbbc60f992b,4,5
3,SSCP-aa30fa7aa8bc16c8,4,5
3,SSCP-aa3d3d553bdd800a,4,5
3,SSCP-aa406c5cfcb6513e,4,5
3,SSCP-aa539adfc719b3ca,4,5
3,SSCP-aa594ce384ec448d,4,5
3,SSCP-aa6c33fd4d3bfa9d,4,5
3,SSCP-aa7a17ba1e570302,4,5
3,SSCP-aaa19e4dbf9b1b3d,4,5
3,SSCP-aab72fa141f195a2,4,5
3,SSCP-aab90c63af37802f,4,5
3,SSCP-aac12d63cdce4b5a,4,5
3,SSCP-aac7e674793c717b,4,5
3,SSCP-ab2b752b81277f3d,4,5
3,SSCP-ab80006bbc300f76,4,5
3,SSCP-abbc6e9cac05ee35,4,5
3,SSCP-abd56d0f18c81ca4,4,5
3,SSCP-abdeabad43be59a9,4,5
3,SSCP-abfdaf9f3d8ba83f,4,5
3,SSCP-ac20feb69b243f33,4,5
3,SSCP-ac2252e5738cc187,4,5
3,SSCP-ac23a7bd50fac21c,4,5
3,SSCP-ac8fbf1f78c15ef3,4,5
3,SSCP-ac9796d8129467f5,4,5
3,SSCP-aca6b0e854abd828,4,5
3,SSCP-ad22216bd6cba9a5,4,5
3,SSCP-ad4c116f5dc63b11,4,5
3,SSCP-ad708e665cf3bf52,4,5
3,SSCP-ad92a7affc2a8f26,4,5
3,SSCP-adc9d21b094e3514,4,5
3,SSCP-ade2a15857e28507,4,5
3,SSCP-ade390cdad3d36b5,4,5
3,SSCP-ae41c3d73d6b5796,4,5
3,SSCP-ae8579851ee2cee2,4,5
3,SSCP-aec9a6f2c5aa765d,4,5
3,SSCP-af062edbb2c0f170,4,5
3,SSCP-af43097c8e70eec8,4,5
3,SSCP-af43333260ae9cd8,4,5
3,SSCP-af492fd59aa231c6,4,5
3,SSCP-af7a201b6e241bba,4,5
3,SSCP-af90afbb835e5548,4,5
3,SSCP-afaa3d7748ff785f,4,5
3,SSCP-afbb567ecc942793,4,5
3,SSCP-aff91c6bf2d171be,4,5
3,SSCP-b0016ff201482e93,4,5
3,SSCP-b03eaa73eb819b65,4,5
3,SSCP-b0405d1e0c1b9762,4,5
3,SSCP-b06667b6b7e5c313,4,5
3,SSCP-b0971221d42cc499,4,5
3,SSCP-b0a168845e75e419,4,5
3,SSCP-b0d50c140dadd65c,4,5
3,SSCP-b0ee713bff1faaf7,4,5
3,SSCP-b0f8d59e7bc3b873,4,5
3,SSCP-b0fdb7f2bd39699c,4,5
3,SSCP-b157e3aa699cae47,4,5
3,SSCP-b1588620b08692d5,4,5
3,SSCP-b17c16ae3fc86c2c,4,5
3,SSCP-b1ac30f76d603101,4,5
3,SSCP-b1bcf304bf48dda7,4,5
3,SSCP-b1ca20417352de7b,4,5
3,SSCP-b1f7c41f1d533528,4,5
3,SSCP-b20c8628307da364,4,5
3,SSCP-b2442bccad908c47,4,5
3,SSCP-b24509bc8656f3c9,4,5
3,SSCP-b2c8d93f21ffdc78,4,5
3,SSCP-b2d60a26c81f7401,4,5
3,SSCP-b2df0b42080247ab,4,5
3,SSCP-b2e708e074c271c4,4,5
3,SSCP-b32e664add93d25d,4,5
3,SSCP-b34bd9b4675a6db9,4,5
3,SSCP-b352931bc178dd14,4,5
3,SSCP-b368e8fbcb9a9e06,4,5
3,SSCP-b3bb634c604b2c6a,4,5
3,SSCP-b3bd82c3ec010c0b,4,5
3,SSCP-b3de8f309b6803b4,4,5
3,SSCP-b3f0bb444bf986be,4,5
3,SSCP-b4ca02fcf8182f26,4,5
3,SSCP-b51ee168d01985aa,4,5
3,SSCP-b560781792071af0,4,5
3,SSCP-b566f56e743c7e2c,4,5
3,SSCP-b5a7f99548b22979,4,5
3,SSCP-b5ba8dcd6d67aa5d,4,5
3,SSCP-b5d4143c1e2708b0,4,5
3,SSCP-b6262536cf30cc2e,4,5
3,SSCP-b6c648f4d5c3aaab,4,5
3,SSCP-b6f7761e412aa9f6,4,5
3,SSCP-b7272de51a70d384,4,5
3,SSCP-b74af286f74fb892,4,5
3,SSCP-b7650ad93b28af3e,4,5
3,SSCP-b774915133d906b0,4,5
3,SSCP-b775ce8c37107137,4,5
3,SSCP-b7a805ba4295fa0d,4,5
3,SSCP-b7d1b717a742aa87,4,5
3,SSCP-b7fbee5495118bd2,4,5
3,SSCP-b879db1016f578f3,4,5
3,SSCP-b8c534b149eb3302,4,5
3,SSCP-b8d023384092eaa9,4,5
3,SSCP-b908c13ab7c1907a,4,5
3,SSCP-b90c29784fa3975c,4,5
3,SSCP-b90ec58b724d3931,4,5
3,SSCP-b92f3caeba00a8eb,4,5
3,SSCP-b93f61e9b665fc92,4,5
3,SSCP-b97c2eea1738dac0,4,5
3,SSCP-b9b746e196be62dd,4,5
3,SSCP-b9d7ca6eac6353b7,4,5
3,SSCP-b9d86d5283528b99,4,5
3,SSCP-b9f7a550239dd19c,4,5
3,SSCP-ba046d7bd2d3a506,4,5
3,SSCP-ba30448f5bfe679f,4,5
3,SSCP-ba31d7e5ed8fe500,4,5
3,SSCP-ba46fbb71aa3db9f,4,5
3,SSCP-baf68fce8d978dd5,4,5
3,SSCP-bb04f647469c619b,4,5
3,SSCP-bb5193a7fa56402c,4,5
3,SSCP-bb54f4bfa5bf1c54,4,5
3,SSCP-bb90452eb449be0b,4,5
3,SSCP-bbf0187100584da4,4,5
3,SSCP-bc620cd574066f87,4,5
3,SSCP-bc6d1b3aa1db92d9,4,5
3,SSCP-bc937b25b8a350e5,4,5
3,SSCP-bca05f4be4b0c195,4,5
3,SSCP-bd23101f62aec04c,4,5
3,SSCP-bd53c2b2002d6c1a,4,5
3,SSCP-bdb30075b42ea147,4,5
3,SSCP-be014ee5bbd5f737,4,5
3,SSCP-be34874500820fa4,4,5
3,SSCP-be4830b2dff7701b,4,5
3,SSCP-be6edbc9dc2e9561,4,5
3,SSCP-be860b467e9ae394,4,5
3,SSCP-bea693ac65e749d0,4,5
3,SSCP-bee303442b20008f,4,5
3,SSCP-bf0eb498edac76ea,4,5
3,SSCP-bf14bb214a8f4268,4,5
3,SSCP-bf7ce84bd9e5ee7c,4,5
3,SSCP-bfa911f82fa041f0,4,5
3,SSCP-bfc4d99977a46d1d,4,5
3,SSCP-c02001d068c98f42,4,5
3,SSCP-c027d6e23ae255ef,4,5
3,SSCP-c0666977caaeab9f,4,5
3,SSCP-c093e4beb0343879,4,5
3,SSCP-c095bdb9096232e8,4,5
3,SSCP-c09d0bb7038d2da0,4,5
3,SSCP-c0feeaf913e44ad4,4,5
3,SSCP-c10b2a26216aaa80,4,5
3,SSCP-c1619b8abe5036c6,4,5
3,SSCP-c1ca75b9afc497da,4,5
3,SSCP-c23c1e07076df0a8,4,5
3,SSCP-c25fc8df957502b1,4,5
3,SSCP-c274cd649d047fa7,4,5
3,SSCP-c2a9ba64c5659167,4,5
3,SSCP-c2aa11f65c37d64e,4,5
3,SSCP-c2cfc36292e73409,4,5
3,SSCP-c33a04d6b761e1df,4,5
3,SSCP-c33e1227bf0fa0c4,4,5
3,SSCP-c3411baa06226edb,4,5
3,SSCP-c344c2479dc9d296,4,5
3,SSCP-c3ad69ca6a887b09,4,5
3,SSCP-c3c0c7a47cee6cd9,4,5
3,SSCP-c42ec44b724fc326,4,5
3,SSCP-c469ed46340387e2,4,5
3,SSCP-c46fcff82cec2c7e,4,5
3,SSCP-c47674ddcf669259,4,5
3,SSCP-c4bce7a63c6278c8,4,5
3,SSCP-c5046be40e2dadf1,4,5
3,SSCP-c50e1ab8c5bd2092,4,5
3,SSCP-c5141a3cc5d18c51,4,5
3,SSCP-c51926bedc848248,4,5
3,SSCP-c51c04d6f72f10a9,4,5
3,SSCP-c5270aca300594a5,4,5
3,SSCP-c5477226ef965d63,4,5
3,SSCP-c547b4af37f4b979,4,5
3,SSCP-c5f3187d9de0f3e2,4,5
3,SSCP-c5f9401d9a7288ef,4,5
3,SSCP-c635c6e91bcafe47,4,5
3,SSCP-c64220314c48b880,4,5
3,SSCP-c663ddc876b19706,4,5
3,SSCP-c6e5973932399c1a,4,5
3,SSCP-c6ff60970d6cc053,4,5
3,SSCP-c7100d80620e1e79,4,5
3,SSCP-c73cedff6b869145,4,5
3,SSCP-c74f27c34f1e5725,4,5
3,SSCP-c765262ae328c4a7,4,5
3,SSCP-c7c4e4bb42e72040,4,5
3,SSCP-c7c8b8592619cb16,4,5
3,SSCP-c7d4e679eb680563,4,5
3,SSCP-c7dc840fe05412f1,4,5
3,SSCP-c7fecbfa91ab919c,4,5
3,SSCP-c80874c76d406ba5,4,5
3,SSCP-c80cf1720044d4a9,4,5
3,SSCP-c827370286b6273e,4,5
3,SSCP-c833da77e6feb570,4,5
3,SSCP-c83a6d5cdc20a289,4,5
3,SSCP-c8453a870aea25a7,4,5
3,SSCP-c8493802b8d32c0d,4,5
3,SSCP-c86096f88a1e58d5,4,5
3,SSCP-c8744148639aa1f8,4,5
3,SSCP-c95e38ec55fae670,4,5
3,SSCP-c98179d368252c3f,4,5
3,SSCP-c9acecc0b88a57d7,4,5
3,SSCP-c9bd7331d25871d5,4,5
3,SSCP-c9c112c9c2c9715b,4,5
3,SSCP-c9fee08cd7b323e6,4,5
3,SSCP-ca3a5a5338527341,4,5
3,SSCP-ca49dfe142b6802b,4,5
3,SSCP-ca4dfad63659a55f,4,5
3,SSCP-ca548ce48fb7eed1,4,5
3,SSCP-ca6cabdfdfe59520,4,5
3,SSCP-ca7cff1676934061,4,5
3,SSCP-cbeabcb222986ab4,4,5
3,SSCP-cc074b86d5749ae6,4,5
3,SSCP-cc26ef48f34a0fed,4,5
3,SSCP-cc346e808de86953,4,5
3,SSCP-cc3c7afd0d6342f3,4,5
3,SSCP-cc5daf307b112d37,4,5
3,SSCP-cc8a319d6c2e2266,4,5
3,SSCP-cc99e73783a32f64,4,5
3,SSCP-ccb6439839db03c6,4,5
3,SSCP-ccf697100488e72b,4,5
3,SSCP-cd00de4508c006f9,4,5
3,SSCP-cd0e5ba5a4026ba8,4,5
3,SSCP-cd48c9652f92f373,4,5
3,SSCP-cd98a6746373f57e,4,5
3,SSCP-ce362597c8e773f2,4,5
3,SSCP-ce490a9f48f7da67,4,5
3,SSCP-ce81caae7fdecd66,4,5
3,SSCP-ceb48834e9fc07e0,4,5
3,SSCP-ceb6c634c1ba25bb,4,5
3,SSCP-cedf42ab5f24d229,4,5
3,SSCP-cef0e56573fcee9b,4,5
3,SSCP-cf1a81a86c908278,4,5
3,SSCP-cf5e24a9fcb294a9,4,5
3,SSCP-cf9055686eee8e52,4,5
3,SSCP-cfa3df1fb4afc816,4,5
3,SSCP-cfb4bed7be33b126,4,5
3,SSCP-cfc1f28452f9fefa,4,5
3,SSCP-cfe3ac012655376c,4,5
3,SSCP-d003e0223d1c57f5,4,5
3,SSCP-d045e67df8251311,4,5
3,SSCP-d0925735b1b7d93d,4,5
3,SSCP-d0b45d08c883b3c0,4,5
3,SSCP-d11c5102ddfa31cc,4,5
3,SSCP-d158ad9681813dc9,4,5
3,SSCP-d1860e0b89595f79,4,5
3,SSCP-d19b9141f05c10e2,4,5
3,SSCP-d1a4b15d6a9aa6f0,4,5
3,SSCP-d1dfd2ec06045df6,4,5
3,SSCP-d2023095a2b934fd,4,5
3,SSCP-d21a87d7fd087395,4,5
3,SSCP-d2831028c4db5975,4,5
3,SSCP-d2b1745a556fca24,4,5
3,SSCP-d2ec6a688ed3b2b0,4,5
3,SSCP-d30cd321e99aa246,4,5
3,SSCP-d312bac240ee4ffb,4,5
3,SSCP-d317a604b008a3b5,4,5
3,SSCP-d35542170d9d289f,4,5
3,SSCP-d35b6e6d8085936c,4,5
3,SSCP-d376a57fb848ec41,4,5
3,SSCP-d38d630e7812440f,4,5
3,SSCP-d3eee17ea3db8825,4,5
3,SSCP-d400eb57cd6f450a,4,5
3,SSCP-d4e5d82c87b34206,4,5
3,SSCP-d4ec024506154fc1,4,5
3,SSCP-d51486d7bfc20c86,4,5
3,SSCP-d5173d6d4aa6cfc7,4,5
3,SSCP-d528019a87bb67c3,4,5
3,SSCP-d5345030553dfa5e,4,5
3,SSCP-d547f2376f4b0894,4,5
3,SSCP-d5815c8216a2ca81,4,5
3,SSCP-d59d1dded80b90e4,4,5
3,SSCP-d687e0d3f8bcc5a5,4,5
3,SSCP-d769f9ce1a281aac,4,5
3,SSCP-d77b17cd93809f24,4,5
3,SSCP-d791464a346bd00f,4,5
3,SSCP-d799a1300cda1d47,4,5
3,SSCP-d7b6d867bb67ecdb,4,5
3,SSCP-d7bfd391fa29098d,4,5
3,SSCP-d7f34ae4efa7ee52,4,5
3,SSCP-d7f3c8628314f1d4,4,5
3,SSCP-d8495ba1d3f09b73,4,5
3,SSCP-d84c46219bb4ed79,4,5
3,SSCP-d8536dd8c15cf72a,4,5
3,SSCP-d8806c714de06185,4,5
3,SSCP-d888cddb31a561dd,4,5
3,SSCP-d8baa48c4312bbfb,4,5
3,SSCP-d9250cd195b04166,4,5
3,SSCP-d94c5a0d3a1fac1e,4,5
3,SSCP-d977594e7de4db4f,4,5
3,SSCP-d97c17ab986d2aac,4,5
3,SSCP-d9872a8bbb414e21,4,5
3,SSCP-d993dcbc6d2fcb4b,4,5
3,SSCP-da15213e75608f53,4,5
3,SSCP-da9d9000221bb503,4,5
3,SSCP-daa278806acf4a8a,4,5
3,SSCP-daacd39df3f4ed35,4,5
3,SSCP-dac957df5a0e012a,4,5
3,SSCP-dacbdf5af305ab65,4,5
3,SSCP-dafdd950f2e6767f,4,5
3,SSCP-db2815e14cb1495c,4,5
3,SSCP-db75023fc3cf54c5,4,5
3,SSCP-db9b7d7440590e11,4,5
3,SSCP-dbc94e96cebe074e,4,5
3,SSCP-dc164af73761c5d2,4,5
3,SSCP-dc4c1cebc4e43aea,4,5
3,SSCP-dc992162f58a3b1b,4,5
3,SSCP-dd6385d03a45b825,4,5
3,SSCP-dd7010c978a95012,4,5
3,SSCP-dd8c18ac42fb7d5d,4,5
3,SSCP-dd8f6af0e1a4bea7,4,5
3,SSCP-dd93c73e88d5b5ab,4,5
3,SSCP-dd9c2bfda3dd8659,4,5
3,SSCP-dd9fd504e8d10ed1,4,5
3,SSCP-de383dd1189c771c,4,5
3,SSCP-de4a208153472dc8,4,5
3,SSCP-de4fc0040ca0a855,4,5
3,SSCP-de8631f27b8b85c6,4,5
3,SSCP-deccef4f6e01c5db,4,5
3,SSCP-df72aa1293946345,4,5
3,SSCP-df965a628c960699,4,5
3,SSCP-dfa08fa7f69880d3,4,5
3,SSCP-dff35e0820941fe0,4,5
3,SSCP-e02f04d850a1f525,4,5
3,SSCP-e04ff6cf9bf0883f,4,5
3,SSCP-e11115b3f619e041,4,5
3,SSCP-e1159c4101121e52,4,5
3,SSCP-e11af26770d076d2,4,5
3,SSCP-e129f7f2909c27b2,4,5
3,SSCP-e136466af34ba463,4,5
3,SSCP-e13c544f1cf60f52,4,5
3,SSCP-e1cb524b14e7a78a,4,5
3,SSCP-e1fabd09d652585c,4,5
3,SSCP-e2008725d81c5d43,4,5
3,SSCP-e215d0adde2598e7,4,5
3,SSCP-e21a1f181dab36a0,4,5
3,SSCP-e22967bdd223497b,4,5
3,SSCP-e29600f5b7271563,4,5
3,SSCP-e296673710b67f24,4,5
3,SSCP-e2a0e05cfba31b73,4,5
3,SSCP-e2caa7bbd2caaab2,4,5
3,SSCP-e2d0f6da06b7f4d7,4,5
3,SSCP-e2db3f909b22ef17,4,5
3,SSCP-e3c996740b2a85a2,4,5
3,SSCP-e3ca7f8113328c27,4,5
3,SSCP-e4093e8474fc2349,4,5
3,SSCP-e412f6fabc28c303,4,5
3,SSCP-e467d99939f87704,4,5
3,SSCP-e4caa2dc857da258,4,5
3,SSCP-e545be7814381b23,4,5
3,SSCP-e569515bf3921810,4,5
3,SSCP-e59fa4e520c9bf57,4,5
3,SSCP-e5a9619f28b78d3e,4,5
3,SSCP-e5b676072c428b5a,4,5
3,SSCP-e5b7dfb79dbd797c,4,5
3,SSCP-e5eaed4f27e74837,4,5
3,SSCP-e5f770a8b313cc42,4,5
3,SSCP-e617d3a6dcb79826,4,5
3,SSCP-e6285f8f968adbe9,4,5
3,SSCP-e64ccbc1b3b56af9,4,5
3,SSCP-e683f34b9ffed263,4,5
3,SSCP-e69711580a8fe444,4,5
3,SSCP-e698ca2fb968fde3,4,5
3,SSCP-e6bc5481e8725031,4,5
3,SSCP-e6e2137a2013f3ef,4,5
3,SSCP-e6f7b21dd01e88aa,4,5
3,SSCP-e6fac03f0dfbcf9e,4,5
3,SSCP-e73170eaa0dd46a7,4,5
3,SSCP-e75905dd58f5a53b,4,5
3,SSCP-e7738f8f99a574f2,4,5
3,SSCP-e77833419c237620,4,5
3,SSCP-e793dcea6160706a,4,5
3,SSCP-e79add3267405924,4,5
3,SSCP-e7c803e0eb0e352e,4,5
3,SSCP-e7dee069a7367179,4,5
3,SSCP-e8018902f3846ad4,4,5
3,SSCP-e870e4df1d114e71,4,5
3,SSCP-e884c36e818aedbb,4,5
3,SSCP-e89f3236b42e04e4,4,5
3,SSCP-e8d2c1b43279976a,4,5
3,SSCP-e8e9fbbcd77c26bc,4,5
3,SSCP-e930e5fa6928d20e,4,5
3,SSCP-e93bff1fd5a5ba0e,4,5
3,SSCP-e9470f0123698bcb,4,5
3,SSCP-e98074058c739b3a,4,5
3,SSCP-e984a528faea7172,4,5
3,SSCP-e9c25757ed11ed2c,4,5
3,SSCP-e9cc72c9367474eb,4,5
3,SSCP-e9e2ab2378ac7b00,4,5
3,SSCP-ea7bae9c2ff21e96,4,5
3,SSCP-eb119e108f133cc4,4,5
3,SSCP-eb4944e712c63db9,4,5
3,SSCP-eb846f0850fabf2d,4,5
3,SSCP-ec0a91c108f61e0e,4,5
3,SSCP-ec2302b5f59fae7a,4,5
3,SSCP-ec315fe126a3c4d0,4,5
3,SSCP-ed40deee60a7f9ea,4,5
3,SSCP-ed47cedb59358bbb,4,5
3,SSCP-edcf9a57a5b830c5,4,5
3,SSCP-ede68de203aac616,4,5
3,SSCP-ee10bc6742c2a099,4,5
3,SSCP-ee530dc3a846e3e7,4,5
3,SSCP-ee6724d1742bf678,4,5
3,SSCP-ee92b0487691bb80,4,5
3,SSCP-eed654e9eac25bc0,4,5
3,SSCP-ef29cc3fb21bbc64,4,5
3,SSCP-ef47fe1bdb4750ad,4,5
3,SSCP-ef954e1a1432de42,4,5
3,SSCP-efbd5c7dd01233d9,4,5
3,SSCP-efc237d911a98f73,4,5
3,SSCP-efe89e77980f37bc,4,5
3,SSCP-eff64c393aa447be,4,5
3,SSCP-f018d27fe2dad16e,4,5
3,SSCP-f0c96e898a9749bc,4,5
3,SSCP-f0de1b2bae6827ce,4,5
3,SSCP-f0fb5c90d7cd6553,4,5
3,SSCP-f0fd986359df30be,4,5
3,SSCP-f1069a195aa447bb,4,5
3,SSCP-f14c960498261543,4,5
3,SSCP-f161a98821d13129,4,5
3,SSCP-f1726bc55b240f86,4,5
3,SSCP-f17f6f3c589b2e03,4,5
3,SSCP-f1c7df06ea22058e,4,5
3,SSCP-f1dc094b08774bc3,4,5
3,SSCP-f1f94a3858eae6e3,4,5
3,SSCP-f23059690c7c8181,4,5
3,SSCP-f2342a6ea2a52b20,4,5
3,SSCP-f2368591d515daa5,4,5
3,SSCP-f242d66572a8275f,4,5
3,SSCP-f245a612bbe97107,4,5
3,SSCP-f25d191f1840cba6,4,5
3,SSCP-f28a82f57ae0159a,4,5
3,SSCP-f299344c33bb2192,4,5
3,SSCP-f2be2e10921a9bdb,4,5
3,SSCP-f2e0d67d5f88a7f0,4,5
3,SSCP-f2f04451daccbd4d,4,5
3,SSCP-f30cec7c69785f41,4,5
3,SSCP-f39bd7351bb0d21e,4,5
3,SSCP-f3bdc042d847075e,4,5
3,SSCP-f3cfb0a0c9588f86,4,5
3,SSCP-f41cf3336b7a7b6b,4,5
3,SSCP-f43e624c4f0c15fe,4,5
3,SSCP-f4c61e8e0989b49b,4,5
3,SSCP-f4d4f2367123f623,4,5
3,SSCP-f4e05a320c4609de,4,5
3,SSCP-f57d23f5ed83f191,4,5
3,SSCP-f5bb9d8fe21dd31f,4,5
3,SSCP-f5c63f70455cc0af,4,5
3,SSCP-f5c6f48780993d2d,4,5
3,SSCP-f6202746c4eafa3d,4,5
3,SSCP-f6c149144ca3a461,4,5
3,SSCP-f6ec869134fd724e,4,5
3,SSCP-f75ad1d4b43e4a0a,4,5
3,SSCP-f766c4284883322e,4,5
3,SSCP-f7857ab095734da4,4,5
3,SSCP-f7fe57d191dd271c,4,5
3,SSCP-f837657097b3840e,4,5
3,SSCP-f86162afb5b862c9,4,5
3,SSCP-f889037b9eb5868d,4,5
3,SSCP-f8a90cb3d2b34635,4,5
3,SSCP-f8e0b827f57e785e,4,5
3,SSCP-f8ef5cf7c1f5f69c,4,5
3,SSCP-f9142513b432edd8,4,5
3,SSCP-f9a7b2c4165fce8a,4,5
3,SSCP-f9dafb4fb29927db,4,5
3,SSCP-f9e07c75530abbe5,4,5
3,SSCP-f9f544e8b5d12c11,4,5
3,SSCP-fac36820e275caa3,4,5
3,SSCP-fac8545ca1eb4872,4,5
3,SSCP-fad41f1e8146df89,4,5
3,SSCP-fae283ba7d9742f7,4,5
3,SSCP-fb2bd47a85459407,4,5
3,SSCP-fb463b9bbbb57316,4,5
3,SSCP-fb4c6ef3dc36820b,4,5
3,SSCP-fbf64a7d55d1375d,4,5
3,SSCP-fc077209f3715b69,4,5
3,SSCP-fc287c7c75c5bb69,4,5
3,SSCP-fc557c1f34cb84b6,4,5
3,SSCP-fc915f7e3c311c5b,4,5
3,SSCP-fd094b195496a769,4,5
3,SSCP-fd2df0e7cce210ab,4,5
3,SSCP-fd8bcdc36c2fbc17,4,5
3,SSCP-fda1f1553ac61e27,4,5
3,SSCP-fe165989b7e5bd50,4,5
3,SSCP-fe219f4f5ef58739,4,5
3,SSCP-fe30ffc70b246992,4,5
3,SSCP-fea4314407d8010a,4,5
3,SSCP-fec7654453ea0187,4,5
3,SSCP-fee1696267566ad1,4,5
3,SSCP-fefbd02b3c0f26ae,4,5
3,SSCP-ff1dc86539d7f45c,4,5
3,SSCP-ff39cb603c13c632,4,5
3,SSCP-ff4a1a307b4a9af9,4,5
3,SSCP-ff5596d7fa17eaa3,4,5
3,SSCP-ff71132e9fb095aa,4,5
3,SSCP-fff38c7dceeef9b4,4,5
4,SSCP-00095e8cb86235e5,1,1
4,SSCP-00a092a2f7a25ae1,1,1
4,SSCP-0101f020a34a701a,1,1
4,SSCP-016752729b9346ab,1,1
4,SSCP-018fb6e52e679f0f,1,1
4,SSCP-019f2cf3661c7a80,1,1
4,SSCP-01b0cd02748765e6,1,1
4,SSCP-028da6aedb47474e,1,1
4,SSCP-02b42f26cfb30b85,1,1
4,SSCP-02d0c9cd32848464,1,1
4,SSCP-030b725ccb616ba3,1,1
4,SSCP-031a0e7ab110f692,1,1
4,SSCP-032b95a39839267d,1,1
4,SSCP-0337e2d05d7e9513,1,1
4,SSCP-033a1ac1fcfcb18d,1,1
4,SSCP-036feb5468ec175d,1,1
4,SSCP-038f5d4979b7b308,1,1
4,SSCP-03ddc829284aa18f,1,1
4,SSCP-0407d6a8ec7f4d24,1,1
4,SSCP-0470f19b48a84e9e,1,1
4,SSCP-047db441c22939a3,1,1
4,SSCP-0491322505e1f7c0,1,1
4,SSCP-05083f3fe6d03fbe,1,1
4,SSCP-051c59dccea1cc72,1,1
4,SSCP-0541ffbeb32b84aa,1,1
4,SSCP-0543e2d064dbaaf0,1,1
4,SSCP-0551b59dfdb4ebf5,1,1
4,SSCP-05a1c7adfb119a3b,1,1
4,SSCP-05c95ce5ac93542b,1,1
4,SSCP-05d38ecbfa8078d3,1,1
4,SSCP-063303c21e686931,1,1
4,SSCP-06639b60e733c06a,1,1
4,SSCP-0676fe3192a9d005,1,1
4,SSCP-06bed51ecb30370b,1,1
4,SSCP-06ff045d9e1b372d,1,1
4,SSCP-07b16dec14914beb,1,1
4,SSCP-07bf1c319510730f,1,1
4,SSCP-08636f613c722976,1,1
4,SSCP-086eb5d31c3e559b,1,1
4,SSCP-087c744b7b1ff895,1,1
4,SSCP-087fa01f443e7b51,1,1
4,SSCP-088b4136463e54e3,1,1
4,SSCP-08a3f926221057dd,1,1
4,SSCP-08ed200294d92f15,1,1
4,SSCP-094b34d954723e56,1,1
4,SSCP-0954a93f474638b8,1,1
4,SSCP-09611728f950164f,1,1
4,SSCP-09a3d2a194610044,1,1
4,SSCP-09ac8d9cd72f6424,1,1
4,SSCP-09b8c58cbbf771fd,1,1
4,SSCP-09cbaef98fd10b79,1,1
4,SSCP-09d2283cc6d9aaa9,1,1
4,SSCP-0a387cd505763058,1,1
4,SSCP-0a5dcb3e054c6309,1,1
4,SSCP-0a782141866de643,1,1
4,SSCP-0ad1ff3c223acf98,1,1
4,SSCP-0ae04150a6f9a6c1,1,1
4,SSCP-0ae4a3ee8a233391,1,1
4,SSCP-0b44cedb59e1839d,1,1
4,SSCP-0bcac4da970eedf5,1,1
4,SSCP-0be9d245918953d3,1,1
4,SSCP-0c185a5b0a74805e,1,1
4,SSCP-0c6fb5555c96f60d,1,1
4,SSCP-0cd582e696a8f274,1,1
4,SSCP-0d5647406ef0b2c4,1,1
4,SSCP-0d7c867d902cb141,1,1
4,SSCP-0dd2afba8650ec67,1,1
4,SSCP-0dd861c6276096cc,1,1
4,SSCP-0e0770c4a7259b85,1,1
4,SSCP-0e26effaaee2ba03,1,1
4,SSCP-0e74bc5ad044471a,1,1
4,SSCP-0ea2e73c0ebeb556,1,1
4,SSCP-0eaf37497e9c9220,1,1
4,SSCP-0ef0720f1a8912fd,1,1
4,SSCP-0ef87e83b2756462,1,1
4,SSCP-0f1489f360fe90ae,1,1
4,SSCP-0f449899ba993ece,1,1
4,SSCP-0f8125c13742d544,1,1
4,SSCP-0fa9b27355d7306b,1,1
4,SSCP-0fc64047996ee95f,1,1
4,SSCP-0feeb3de3b6750f7,1,1
4,SSCP-10257764a06f1f47,1,1
4,SSCP-106d6d4ac2f8a2ce,1,1
4,SSCP-10f6b2730268bb94,1,1
4,SSCP-115f6fddc1815ebd,1,1
4,SSCP-119a2bc31f033483,1,1
4,SSCP-11ccf5726e5bcc34,1,1
4,SSCP-11f55c80c8c2d697,1,1
4,SSCP-1217a6093be91573,1,1
4,SSCP-123b84b412af66b0,1,1
4,SSCP-1253828cac50252e,1,1
4,SSCP-12741ecb89eec870,1,1
4,SSCP-12e8c25d254bcd99,1,1
4,SSCP-1300bb1d0d74efdb,1,1
4,SSCP-132b93039450368b,1,1
4,SSCP-133368b1a3d654fc,1,1
4,SSCP-134cba193e54d078,1,1
4,SSCP-13697b2f0ef94590,1,1
4,SSCP-13de4456618c885e,1,1
4,SSCP-1488e04b6f25574b,1,1
4,SSCP-14b95b7791126a52,1,1
4,SSCP-14c52b534fe4a358,1,1
4,SSCP-1575d20e43087934,1,1
4,SSCP-157bbdde105e8f6c,1,1
4,SSCP-157c52c725a593f2,1,1
4,SSCP-158be948cfb4f2e5,1,1
4,SSCP-15b294c00698bcf4,1,1
4,SSCP-15c0219a4e3919cb,1,1
4,SSCP-162e9e748070ebc3,1,1
4,SSCP-167e1bda118b468e,1,1
4,SSCP-168793525f21cd8d,1,1
4,SSCP-16a2265ff807b972,1,1
4,SSCP-16b0341ae416bca1,1,1
4,SSCP-16e62d891cd93cbd,1,1
4,SSCP-1730ea7b9ce82502,1,1
4,SSCP-173daa47f98f8f0f,1,1
4,SSCP-17413df638a6772f,1,1
4,SSCP-175eb0ee3efb46aa,1,1
4,SSCP-175ed88749e988cb,1,1
4,SSCP-176a6a911b2dde43,1,1
4,SSCP-176c06ed358ffc9a,1,1
4,SSCP-176edca2565e1976,1,1
4,SSCP-179439578e29f53f,1,1
4,SSCP-17dec04a752b8388,1,1
4,SSCP-18327c67c84a5749,1,1
4,SSCP-185b09b6d572d8bc,1,1
4,SSCP-18a3e0a448006590,1,1
4,SSCP-18be57feda8c51f8,1,1
4,SSCP-18e0f4f5c7884b43,1,1
4,SSCP-19138646c5726969,1,1
4,SSCP-191fcd4c0eec6e0a,1,1
4,SSCP-193b9a85fa67b590,1,1
4,SSCP-194f60655929b0cf,1,1
4,SSCP-19631882ef0d6f99,1,1
4,SSCP-1983215dff510d4a,1,1
4,SSCP-1992d3811512011f,1,1
4,SSCP-19c12ff4ad3ddba3,1,1
4,SSCP-1a05bb6709697877,1,1
4,SSCP-1a0d0daadc027570,1,1
4,SSCP-1a327d5fbf1dddbd,1,1
4,SSCP-1a3de188be191fc1,1,1
4,SSCP-1a7be44c90785475,1,1
4,SSCP-1a9b24d338d2b494,1,1
4,SSCP-1a9d6a5ab4b2f6c5,1,1
4,SSCP-1b3b8aee0a6c3644,1,1
4,SSCP-1b75ecfc724c270c,1,1
4,SSCP-1bf19460a8e3d9bb,1,1
4,SSCP-1d12f8f94daa8c34,1,1
4,SSCP-1d78b52b3d417a36,1,1
4,SSCP-1db5d35058ca9ac1,1,1
4,SSCP-1e12658d69595b8b,1,1
4,SSCP-1e7801faf668490c,1,1
4,SSCP-1e9d5fe376e616b0,1,1
4,SSCP-1ebaac2ba4e30cd3,1,1
4,SSCP-1ece110834f76bc8,1,1
4,SSCP-1ed321a2cc144e3b,1,1
4,SSCP-1ee81918ee986143,1,1
4,SSCP-1ef76e9f2459aa9f,1,1
4,SSCP-1f2e97a517c7aef3,1,1
4,SSCP-1fd2a2fb910b2c51,1,1
4,SSCP-2034eda3cada94bc,1,1
4,SSCP-2060a481ca9a078f,1,1
4,SSCP-20722e7ab3b7042c,1,1
4,SSCP-2077c00cba2793aa,1,1
4,SSCP-2082220902ee0150,1,1
4,SSCP-20a268f59aad0fdb,1,1
4,SSCP-20b7a41eadb60599,1,1
4,SSCP-20f5532e6f19b81e,1,1
4,SSCP-20fb80bb34d7b069,1,1
4,SSCP-211a2ed062f8ae7e,1,1
4,SSCP-211b98fda3fafb36,1,1
4,SSCP-2124329a97efb69e,1,1
4,SSCP-21269da168789676,1,1
4,SSCP-212a221cdbb7fc7b,1,1
4,SSCP-217c84cac56f9259,1,1
4,SSCP-219ea94032f238a8,1,1
4,SSCP-21b17b90fa492742,1,1
4,SSCP-21dfb8afcdfe6eee,1,1
4,SSCP-21fb7432b4678a4f,1,1
4,SSCP-2261fc486ef50b6c,1,1
4,SSCP-22998165e6209253,1,1
4,SSCP-22a33a72dcd09973,1,1
4,SSCP-22c51ae70e7af363,1,1
4,SSCP-22e4a817ace7fa81,1,1
4,SSCP-22f19cabf3e44425,1,1
4,SSCP-2359b60881bfc716,1,1
4,SSCP-2377379416ef5de4,1,1
4,SSCP-23a61c94d87f4a5a,1,1
4,SSCP-23bec4376182764a,1,1
4,SSCP-23c20c6c18e5d3a8,1,1
4,SSCP-2471f4bec23bb260,1,1
4,SSCP-24c108cb70ce761a,1,1
4,SSCP-24dc3bc5d7cc8f56,1,1
4,SSCP-254283ec79ea2b29,1,1
4,SSCP-25504a174bfe4815,1,1
4,SSCP-25826f40993ae5c0,1,1
4,SSCP-25b1d36c781164c7,1,1
4,SSCP-25b2ac527f8cb1e0,1,1
4,SSCP-25c8ca9343839cb7,1,1
4,SSCP-25e96080dcf37e9f,1,1
4,SSCP-2613bfa1be2885ba,1,1
4,SSCP-2615d2060699bfce,1,1
4,SSCP-2648a5bd90edf990,1,1
4,SSCP-26a55f56c9be2390,1,1
4,SSCP-26b1f1968db573f7,1,1
4,SSCP-26d7dadbe57eb220,1,1
4,SSCP-26e4743e77116f64,1,1
4,SSCP-27430a7cc4d81d90,1,1
4,SSCP-275501ac0c8ac05b,1,1
4,SSCP-2775db0d388e5cef,1,1
4,SSCP-27bb49ddad16c004,1,1
4,SSCP-27efbdc96065eba6,1,1
4,SSCP-28704aa95103667d,1,1
4,SSCP-28949c14e5358fbe,1,1
4,SSCP-28fd6c7957fe75e0,1,1
4,SSCP-290336a138ee947b,1,1
4,SSCP-29629bc1a9afe664,1,1
4,SSCP-298589125e2d1196,1,1
4,SSCP-298dc1d46d24e7fb,1,1
4,SSCP-29cc92dd858f214c,1,1
4,SSCP-29f327c4306f0370,1,1
4,SSCP-2a66c8b8c5c5b64e,1,1
4,SSCP-2ad67f55026ad39a,1,1
4,SSCP-2af68cd99e476314,1,1
4,SSCP-2b1360f1dc41f802,1,1
4,SSCP-2b1b25e01acef756,1,1
4,SSCP-2b36b33c67eb2f99,1,1
4,SSCP-2b7e145708cb4387,1,1
4,SSCP-2bd001189a6fdec0,1,1
4,SSCP-2cba5a05f0b1da73,1,1
4,SSCP-2cf2749b601bcd89,1,1
4,SSCP-2cf8c3df30342a25,1,1
4,SSCP-2d221817366dd827,1,1
4,SSCP-2d6a184b66188fea,1,1
4,SSCP-2de84f709dde4507,1,1
4,SSCP-2e753f217fd02a84,1,1
4,SSCP-2ec31ad791a7c3bf,1,1
4,SSCP-2ed813e3526fa810,1,1
4,SSCP-2eed17d982412023,1,1
4,SSCP-2eee045a2395647e,1,1
4,SSCP-2f0b477276df94ea,1,1
4,SSCP-2fc167f23fda48ff,1,1
4,SSCP-30044ff81fec9f22,1,1
4,SSCP-30493e3468c3322d,1,1
4,SSCP-3072bd8330e6a834,1,1
4,SSCP-307a49a088bd1cbb,1,1
4,SSCP-3093ff773e7b4ec2,1,1
4,SSCP-309f03172f99f1ca,1,1
4,SSCP-30d20286fb861f3d,1,1
4,SSCP-30d4a7bc1468ec81,1,1
4,SSCP-31727ff7bb87324a,1,1
4,SSCP-319264c11b74938e,1,1
4,SSCP-32394366e2a6d91c,1,1
4,SSCP-3251142837fa495c,1,1
4,SSCP-3279b17f57599dcd,1,1
4,SSCP-32a0e050e82855b7,1,1
4,SSCP-33010e1584633619,1,1
4,SSCP-33a7b5ed7b62348d,1,1
4,SSCP-33e641c74b60ef23,1,1
4,SSCP-344422c139d8de6a,1,1
4,SSCP-34549e8b13e3190c,1,1
4,SSCP-34722d9375a3d563,1,1
4,SSCP-34a3febcdd025b0e,1,1
4,SSCP-34ded1e2a4da452a,1,1
4,SSCP-3529e8057f4e46ef,1,1
4,SSCP-352c1f29289b0e81,1,1
4,SSCP-3590a9695aaf425a,1,1
4,SSCP-35acb237f48ccb13,1,1
4,SSCP-35adf34f23d0e193,1,1
4,SSCP-35d2ad51a0be1032,1,1
4,SSCP-35dc08f82e7b1bee,1,1
4,SSCP-36018f8735cc907f,1,1
4,SSCP-360588c600173902,1,1
4,SSCP-3640e016365d0b4e,1,1
4,SSCP-36b109eb34dd3780,1,1
4,SSCP-36b1316c397ccd1c,1,1
4,SSCP-36c39590183b08da,1,1
4,SSCP-36c3962d0ee28718,1,1
4,SSCP-36f497d1b25aad2d,1,1
4,SSCP-3795632927db465e,1,1
4,SSCP-37b1718bb8f750f6,1,1
4,SSCP-37fd5e87db6293fc,1,1
4,SSCP-384e45b074dd9512,1,1
4,SSCP-3887400db64ece22,1,1
4,SSCP-3903d039b98a156a,1,1
4,SSCP-3932b683ceb6d11c,1,1
4,SSCP-39c425fa404ab2e2,1,1
4,SSCP-39d7ac754e0bcde1,1,1
4,SSCP-3a093dc24f46978c,1,1
4,SSCP-3a5474b2da2c73d0,1,1
4,SSCP-3a63ad5fb85c1ad7,1,1
4,SSCP-3a830b054969073a,1,1
4,SSCP-3a93150ab522be30,1,1
4,SSCP-3acd50e3346dad3c,1,1
4,SSCP-3ad527b2d9253252,1,1
4,SSCP-3b7581e51f6c219e,1,1
4,SSCP-3b8e1e8d191857aa,1,1
4,SSCP-3bbf7b070dc95578,1,1
4,SSCP-3bc9e0e7b480a994,1,1
4,SSCP-3bcd645a83312e31,1,1
4,SSCP-3bcd6c661df5c71c,1,1
4,SSCP-3bea1fcbcbbe7126,1,1
4,SSCP-3c1a8a65508b0db3,1,1
4,SSCP-3c1f22485f894830,1,1
4,SSCP-3c3cb9e0c0dd3cfb,1,1
4,SSCP-3c50a7e9c4066377,1,1
4,SSCP-3ca419a0f4be920a,1,1
4,SSCP-3cdbace5bb63df6d,1,1
4,SSCP-3d045d72f46ec2ff,1,1
4,SSCP-3defbd0f55ac8a16,1,1
4,SSCP-3e0b1e23db9e84ca,1,1
4,SSCP-3e16aafec3e2068d,1,1
4,SSCP-3e28875f463a4acc,1,1
4,SSCP-3e343ab0a2e965ca,1,1
4,SSCP-3ea1c8bf2356183c,1,1
4,SSCP-3ead74389af1ecaa,1,1
4,SSCP-3eb736fc5c8cd3b9,1,1
4,SSCP-3ed09cbd0c03d88b,1,1
4,SSCP-3edbf9f96e35953b,1,1
4,SSCP-3f048c533fc7af12,1,1
4,SSCP-3f77f2db433c523e,1,1
4,SSCP-3f7eec5435943410,1,1
4,SSCP-3fca4fb853127765,1,1
4,SSCP-4008d92c416f2b66,1,1
4,SSCP-402f4763b55803c5,1,1
4,SSCP-404241eb5300588a,1,1
4,SSCP-4070f5d9c2fc75ff,1,1
4,SSCP-40795932033fb8d3,1,1
4,SSCP-410bb3caa4005c81,1,1
4,SSCP-410c80c18cc79fcf,1,1
4,SSCP-41f8a5ed71e5316e,1,1
4,SSCP-426a9638e861ebd0,1,1
4,SSCP-4273a1f650a30a47,1,1
4,SSCP-42da6ef2784a9aff,1,1
4,SSCP-42eacf363ad74bbc,1,1
4,SSCP-435de4ae70dbc6fa,1,1
4,SSCP-438f4e85d2254c9d,1,1
4,SSCP-4391321010f670f2,1,1
4,SSCP-43ab9b9619560bd6,1,1
4,SSCP-43caa7d251b8d756,1,1
4,SSCP-43ef95038810e3f8,1,1
4,SSCP-4407b1c22f8496a2,1,1
4,SSCP-445ffa43528e1c4e,1,1
4,SSCP-44e5f9dffba64c47,1,1
4,SSCP-450187cb1a7de137,1,1
4,SSCP-4531c17cac49a4f5,1,1
4,SSCP-453eea92b352a3f1,1,1
4,SSCP-456f46851ade81b8,1,1
4,SSCP-45b08ab22be7b1e1,1,1
4,SSCP-45c9082d29e68210,1,1
4,SSCP-45d2de95d2347545,1,1
4,SSCP-45e8cfd95b0543c7,1,1
4,SSCP-45f3614ecbcad5aa,1,1
4,SSCP-467e352e048b305f,1,1
4,SSCP-46859832e6f9cdb8,1,1
4,SSCP-46cf95c2a082b07c,1,1
4,SSCP-4717ec4239f92289,1,1
4,SSCP-4760dda70bac9a3c,1,1
4,SSCP-47b90f8589223383,1,1
4,SSCP-47d4747b4a686d8f,1,1
4,SSCP-47d8f77e58653273,1,1
4,SSCP-484cfc8b5330c37e,1,1
4,SSCP-48fdf586b5b620d2,1,1
4,SSCP-491a2e615102884f,1,1
4,SSCP-491a34cdef1ac33b,1,1
4,SSCP-491d85885d8f5d55,1,1
4,SSCP-494b2062c79202ee,1,1
4,SSCP-497adc52eb0cbfbb,1,1
4,SSCP-498f043bf1355400,1,1
4,SSCP-499302c762db8f6d,1,1
4,SSCP-499e8d7ef0eccd84,1,1
4,SSCP-49ba18261155dc82,1,1
4,SSCP-49d805438c7f1c39,1,1
4,SSCP-49e4e551f3d56715,1,1
4,SSCP-4a3981a8bf2d2ecc,1,1
4,SSCP-4a3acdbbaf8c897e,1,1
4,SSCP-4a4d72767f91f613,1,1
4,SSCP-4a7151c3a1bf682f,1,1
4,SSCP-4a74e9a1872d6ce5,1,1
4,SSCP-4aaed91ca19c1d4b,1,1
4,SSCP-4ae6eec72c9dcea4,1,1
4,SSCP-4ae92787b44d010e,1,1
4,SSCP-4afd01791d20f762,1,1
4,SSCP-4b520408061ce58b,1,1
4,SSCP-4b52982a8e533c5e,1,1
4,SSCP-4b709e059509f287,1,1
4,SSCP-4bdbc7ba99dd0dc1,1,1
4,SSCP-4c41e500948065bd,1,1
4,SSCP-4c50716c85ffb8fe,1,1
4,SSCP-4c99ded96609b328,1,1
4,SSCP-4cae918cf55901ca,1,1
4,SSCP-4cbdadb72b5accf5,1,1
4,SSCP-4d55fd0609146b62,1,1
4,SSCP-4d980f1653a161df,1,1
4,SSCP-4dc648989bbbc924,1,1
4,SSCP-4ddb4fdd7bcd3e5c,1,1
4,SSCP-4dffcc3e3646dc3c,1,1
4,SSCP-4e020370fc4630cf,1,1
4,SSCP-4eb1c6e00a02cbf3,1,1
4,SSCP-4f3cc995e9cbc1ec,1,1
4,SSCP-4f7f967fd5d1d9a3,1,1
4,SSCP-4f8c23d7104ef9ba,1,1
4,SSCP-4fb9753c6cb666a7,1,1
4,SSCP-500b4d505711aa9d,1,1
4,SSCP-50da7f187080f427,1,1
4,SSCP-512d972499a3b754,1,1
4,SSCP-5170b25b9ca400eb,1,1
4,SSCP-51744dee7e6a567a,1,1
4,SSCP-5184ddeaa9d2f207,1,1
4,SSCP-51b8acaad677b434,1,1
4,SSCP-523a4b1494c8cf95,1,1
4,SSCP-523cba9df755677d,1,1
4,SSCP-5250669abd001a45,1,1
4,SSCP-5308083fef30ce42,1,1
4,SSCP-5322fde440c05450,1,1
4,SSCP-534c2f0b2fefa622,1,1
4,SSCP-53513486a722b242,1,1
4,SSCP-53548812ed70c653,1,1
4,SSCP-535f7998a166004c,1,1
4,SSCP-53f13f0f5292a3e3,1,1
4,SSCP-54deeaa30bd20cb0,1,1
4,SSCP-54f57466a401b8fc,1,1
4,SSCP-54f6b78965e5f864,1,1
4,SSCP-551ee949b3637ced,1,1
4,SSCP-55208d47b401b042,1,1
4,SSCP-55326284cd3da4c1,1,1
4,SSCP-55529ab2f275b181,1,1
4,SSCP-5592d5aea4eb21e4,1,1
4,SSCP-562a4d217eb832a6,1,1
4,SSCP-562e969cc051a3ea,1,1
4,SSCP-5635e5aa20de9e6b,1,1
4,SSCP-56360188dca61a65,1,1
4,SSCP-5663bde93ff612f6,1,1
4,SSCP-56793fc6294d0a97,1,1
4,SSCP-568353bf3af391cb,1,1
4,SSCP-5687c85e9626febc,1,1
4,SSCP-56a2a41c0ab946b6,1,1
4,SSCP-56e08fc740376f68,1,1
4,SSCP-5706801c7b224e22,1,1
4,SSCP-57102290389c85fc,1,1
4,SSCP-573596ce3cb92412,1,1
4,SSCP-5756825133fef6c3,1,1
4,SSCP-575f7641ddac8ffb,1,1
4,SSCP-576a671cb3c34ac8,1,1
4,SSCP-576def1035d3cb60,1,1
4,SSCP-5795df8803fae94b,1,1
4,SSCP-57acada3924a2347,1,1
4,SSCP-587df98aa9dbf959,1,1
4,SSCP-588825e15e87ccaa,1,1
4,SSCP-5894e5c1facd990c,1,1
4,SSCP-58e7aeb332a3c5bd,1,1
4,SSCP-58f30935bcc52d52,1,1
4,SSCP-594643bc4757bc0a,1,1
4,SSCP-59636aedd967aff6,1,1
4,SSCP-5985f8c4fe067510,1,1
4,SSCP-5992d127bc0454b1,1,1
4,SSCP-59cc0440cdf02c95,1,1
4,SSCP-5a0a071412e4eefc,1,1
4,SSCP-5a6e62b6dd128cbb,1,1
4,SSCP-5ab8ed293efd6e2a,1,1
4,SSCP-5ab9539fbbd74654,1,1
4,SSCP-5af59f82734992c0,1,1
4,SSCP-5b1376ce96f703d7,1,1
4,SSCP-5b26573bede36992,1,1
4,SSCP-5b6a0425383a86c0,1,1
4,SSCP-5bae9914bb10c456,1,1
4,SSCP-5c17e7ea72c62219,1,1
4,SSCP-5c3cc21efcb14a6e,1,1
4,SSCP-5c67b17006b8de79,1,1
4,SSCP-5c6d9c27144ba625,1,1
4,SSCP-5c78eafe904ebb82,1,1
4,SSCP-5c91304898727a49,1,1
4,SSCP-5cb5991c549ede79,1,1
4,SSCP-5cc22ba879dad7d2,1,1
4,SSCP-5d8ad433d6e5e85e,1,1
4,SSCP-5daab4af5fa7bf4b,1,1
4,SSCP-5db98c24454c6e59,1,1
4,SSCP-5deea4cc752a5ca3,1,1
4,SSCP-5e12c262f812073e,1,1
4,SSCP-5e27cba5d6984672,1,1
4,SSCP-5e58caf5f8e1c0c1,1,1
4,SSCP-5eb510bbf21a1afd,1,1
4,SSCP-5ee1aef80c59d124,1,1
4,SSCP-5ef7ab5e663bdfac,1,1
4,SSCP-5f1643fa957855e4,1,1
4,SSCP-5f6eacb2344bcf20,1,1
4,SSCP-5f8b3c739792a5d1,1,1
4,SSCP-5fa83eca06323bac,1,1
4,SSCP-5fdd03a7aebe7b16,1,1
4,SSCP-5fdec548dff939fc,1,1
4,SSCP-5feb74b31f4855b3,1,1
4,SSCP-606111be03933d54,1,1
4,SSCP-608696230973dca6,1,1
4,SSCP-609d024cc654c453,1,1
4,SSCP-61af292fa95405d5,1,1
4,SSCP-61b4dd9181179825,1,1
4,SSCP-61b9859344cc426d,1,1
4,SSCP-61d6489dc99e116a,1,1
4,SSCP-61e3f5095de23de1,1,1
4,SSCP-62009276a969063c,1,1
4,SSCP-620dc765f50e4953,1,1
4,SSCP-621726ccd22bf158,1,1
4,SSCP-624158c77cff20d0,1,1
4,SSCP-62c43e814cf9db0a,1,1
4,SSCP-62f9ca618137cc35,1,1
4,SSCP-631e86522259a1aa,1,1
4,SSCP-63211abcf55abab8,1,1
4,SSCP-63a5e9558fd2a4c7,1,1
4,SSCP-63ae937778ecb74f,1,1
4,SSCP-640a8982a75fa310,1,1
4,SSCP-640e2371ecd1c62b,1,1
4,SSCP-6427fe08d91ed7e2,1,1
4,SSCP-642e6a296315fbc2,1,1
4,SSCP-64478ef28a543f5a,1,1
4,SSCP-647387ca089a2664,1,1
4,SSCP-64aac172e6cd4dfb,1,1
4,SSCP-64deff97f0f77c8a,1,1
4,SSCP-6526980778d619b4,1,1
4,SSCP-652790d78f3ed7d4,1,1
4,SSCP-657bc02f309da03d,1,1
4,SSCP-65bf78dc49c8b372,1,1
4,SSCP-66030863d9495cf3,1,1
4,SSCP-6656f86ac88736d3,1,1
4,SSCP-66734c451e4ece7b,1,1
4,SSCP-66d2fabf5bff159b,1,1
4,SSCP-66f4f6382dbed81b,1,1
4,SSCP-66ff6469bd7cec2d,1,1
4,SSCP-67117dc980b1e6d8,1,1
4,SSCP-672413687901adeb,1,1
4,SSCP-6758711ecba29a00,1,1
4,SSCP-677dd7def4cf43d2,1,1
4,SSCP-67adc4f81f723277,1,1
4,SSCP-67c7d1212db02a80,1,1
4,SSCP-6833bdba801fbc89,1,1
4,SSCP-68ab37aa0b03a1a3,1,1
4,SSCP-68b93ae93c747b7d,1,1
4,SSCP-68cf33e2fafcab79,1,1
4,SSCP-6922e565472de0ef,1,1
4,SSCP-695ffcba077adf70,1,1
4,SSCP-6960dec695da5cd2,1,1
4,SSCP-696c5ffe68b6ba14,1,1
4,SSCP-696e29363483126c,1,1
4,SSCP-696febb25971b9fa,1,1
4,SSCP-69f25014e00dfe4d,1,1
4,SSCP-69fa3809e4944d12,1,1
4,SSCP-6a4f39c867e9e066,1,1
4,SSCP-6a5b58cb5632c1b6,1,1
4,SSCP-6a9facd2a03a0b4c,1,1
4,SSCP-6ab5c732cf67c007,1,1
4,SSCP-6abfe8daf8908676,1,1
4,SSCP-6ad4a1b01543dd97,1,1
4,SSCP-6aea4a651825c2da,1,1
4,SSCP-6b71567e2a2d532e,1,1
4,SSCP-6bd825b2ab614b28,1,1
4,SSCP-6bdb4a56155d3c94,1,1
4,SSCP-6c41b33e3ca0a570,1,1
4,SSCP-6c6984b3257c90bc,1,1
4,SSCP-6cfc59ad5b3ff5c3,1,1
4,SSCP-6d8a1d75beb2e66e,1,1
4,SSCP-6db24efb8ea85652,1,1
4,SSCP-6de423d02720227a,1,1
4,SSCP-6de775418a341478,1,1
4,SSCP-6e0c6bfe8dbbbadb,1,1
4,SSCP-6e29b2cd622bb333,1,1
4,SSCP-6e371a17d788269c,1,1
4,SSCP-6ebc02d47004bb73,1,1
4,SSCP-6f065c1c4a081e63,1,1
4,SSCP-6f2d237c290a27cd,1,1
4,SSCP-6f639d8d6e444ec4,1,1
4,SSCP-6faebe564cf7cbb3,1,1
4,SSCP-6fd345919159adf4,1,1
4,SSCP-700378e20ddf7c6a,1,1
4,SSCP-7041a3e7d0f4a2e8,1,1
4,SSCP-705aa6dc25ad4ac3,1,1
4,SSCP-70c99fddebe0adb0,1,1
4,SSCP-711587c0594684f4,1,1
4,SSCP-71200506dd1e67cb,1,1
4,SSCP-713ec2efbdf65e30,1,1
4,SSCP-7184b29aa7e258ee,1,1
4,SSCP-723d852dd6756fb5,1,1
4,SSCP-72d03e80b0be2cb1,1,1
4,SSCP-73033ab9e5a73225,1,1
4,SSCP-7306b043253bd0e5,1,1
4,SSCP-732786c565d54f8f,1,1
4,SSCP-7328e6418345f52f,1,1
4,SSCP-733b8c382fa4bfd2,1,1
4,SSCP-73885c692f44e7b2,1,1
4,SSCP-747b9d0f24c80ec7,1,1
4,SSCP-74a85133dfcd6e7d,1,1
4,SSCP-74b13a9f23c4e673,1,1
4,SSCP-74dc96d8a7159072,1,1
4,SSCP-750f5bae6287821d,1,1
4,SSCP-75142159959d5cb9,1,1
4,SSCP-7550afb09be8d226,1,1
4,SSCP-7558a8b9600b1f81,1,1
4,SSCP-7584a619a771b6f0,1,1
4,SSCP-75c7af7c090c9b83,1,1
4,SSCP-75d04da78cfc146c,1,1
4,SSCP-75f4a3afe03fbdda,1,1
4,SSCP-75f5ff4365549127,1,1
4,SSCP-76034d49f3909685,1,1
4,SSCP-763717fd7c56a624,1,1
4,SSCP-7655e11cb4b75c8d,1,1
4,SSCP-76d5008b7b965178,1,1
4,SSCP-76eff1dd1288a408,1,1
4,SSCP-76f626950fe8ba7a,1,1
4,SSCP-77097c43b979ed02,1,1
4,SSCP-7741f97f775f3285,1,1
4,SSCP-774a3d5bf4ff1ea4,1,1
4,SSCP-77c78bc7522d1997,1,1
4,SSCP-77d55c2efeee956f,1,1
4,SSCP-78171775993f046d,1,1
4,SSCP-7830ca674c63928c,1,1
4,SSCP-78909c15f8bfd975,1,1
4,SSCP-78b2f5836fa77281,1,1
4,SSCP-78b85e0cbd58643e,1,1
4,SSCP-78fee748bca35762,1,1
4,SSCP-78ffcfadacea1ecd,1,1
4,SSCP-796ad7e7825bddb9,1,1
4,SSCP-7982464200b1a4fd,1,1
4,SSCP-79c6d4438ab23309,1,1
4,SSCP-79ce1c7d1c64ac16,1,1
4,SSCP-79d9969ea4b8e1cc,1,1
4,SSCP-79dc6b4a6f8aaec2,1,1
4,SSCP-79e94cd8cfcac9a9,1,1
4,SSCP-7a01be3565ee96f4,1,1
4,SSCP-7a05c6adee085941,1,1
4,SSCP-7a58910c0e91a80f,1,1
4,SSCP-7a6ff8721fa67979,1,1
4,SSCP-7a7ca0c8a7a940ff,1,1
4,SSCP-7ab134a30b9878c6,1,1
4,SSCP-7afdab44bd1b5e04,1,1
4,SSCP-7b053ec27808a10c,1,1
4,SSCP-7b0820a8f4c384a9,1,1
4,SSCP-7b1c6193733647a9,1,1
4,SSCP-7b23c78c0cbbca35,1,1
4,SSCP-7b6f75f13d3ca931,1,1
4,SSCP-7ba474cab40e6744,1,1
4,SSCP-7bd1928129f4f893,1,1
4,SSCP-7bd5903780aef536,1,1
4,SSCP-7be0a5917af69476,1,1
4,SSCP-7c373bcef22888eb,1,1
4,SSCP-7c3bed71404b73e0,1,1
4,SSCP-7c91fab0c6da178c,1,1
4,SSCP-7c96b403b61cbd51,1,1
4,SSCP-7ca8edc405c007d0,1,1
4,SSCP-7cb6762274fde5aa,1,1
4,SSCP-7cd645a84cc50445,1,1
4,SSCP-7cf6b5099ef2651e,1,1
4,SSCP-7cfdbcae308430b0,1,1
4,SSCP-7d200845682ab68f,1,1
4,SSCP-7d4783fcd98397a9,1,1
4,SSCP-7dc83a3dc3de7c67,1,1
4,SSCP-7dfb1d6e2ebbcd24,1,1
4,SSCP-7dfeabf034524e2e,1,1
4,SSCP-7e02b7b8a149b7ac,1,1
4,SSCP-7e5394c30d0f5f92,1,1
4,SSCP-7e57e653969139a3,1,1
4,SSCP-7ea24a071d03e6cb,1,1
4,SSCP-7eb0575dc199708f,1,1
4,SSCP-7ed92538e75eaad6,1,1
4,SSCP-7f16bf47b4eac318,1,1
4,SSCP-7f68b804697fa83b,1,1
4,SSCP-7f6da7b707707b13,1,1
4,SSCP-7f93853a002f695e,1,1
4,SSCP-7fa1ac299f53cf25,1,1
4,SSCP-8011409942422d95,1,1
4,SSCP-80c12ff25da6471c,1,1
4,SSCP-80cd1e35d35d629e,1,1
4,SSCP-81040a11b0141b1b,1,1
4,SSCP-811f3b34be8b6b38,1,1
4,SSCP-8124d82428dcdd35,1,1
4,SSCP-813d93799d16cb10,1,1
4,SSCP-81504dda02cf9e13,1,1
4,SSCP-818c60b27f214b7f,1,1
4,SSCP-818cc21ef6651cf2,1,1
4,SSCP-82279135274991f5,1,1
4,SSCP-82699cef622fd377,1,1
4,SSCP-82a420af2e26fa76,1,1
4,SSCP-82e8def3da3ca9c4,1,1
4,SSCP-83c2d4d1a18d83da,1,1
4,SSCP-84aa844e593861e8,1,1
4,SSCP-84c617c7d8161814,1,1
4,SSCP-84d287ad721484c9,1,1
4,SSCP-84e3e858c42f2ffc,1,1
4,SSCP-8536b535ff245afd,1,1
4,SSCP-85371653897c6d88,1,1
4,SSCP-853a9e3b6f5d627a,1,1
4,SSCP-858a1505583f9749,1,1
4,SSCP-85b160ad8650396e,1,1
4,SSCP-85e8de5baad62979,1,1
4,SSCP-863047c460278521,1,1
4,SSCP-863e3b3f391f396b,1,1
4,SSCP-863eb9ac5fbd93f2,1,1
4,SSCP-864bb3357644e60e,1,1
4,SSCP-8720c61a2681220c,1,1
4,SSCP-872b7fa7a320c64d,1,1
4,SSCP-87d7e30aaf4d96f2,1,1
4,SSCP-880d027db8b0dae5,1,1
4,SSCP-880f1d6db1543643,1,1
4,SSCP-8811018ef2d9b6fc,1,1
4,SSCP-88111ba4ef652913,1,1
4,SSCP-88185b72994ff278,1,1
4,SSCP-888ec90daba33ec5,1,1
4,SSCP-889e00345493ef8d,1,1
4,SSCP-88db50e1a5f54e1d,1,1
4,SSCP-88e78acc804181d4,1,1
4,SSCP-88e8d2f66bfcffa6,1,1
4,SSCP-89043c140696824b,1,1
4,SSCP-893008c117ffee22,1,1
4,SSCP-893c84af0edf63df,1,1
4,SSCP-8993f90d5635b47b,1,1
4,SSCP-89b72747851abb48,1,1
4,SSCP-89c6494771611e46,1,1
4,SSCP-89e06f11c06cc15b,1,1
4,SSCP-8a01a3da88342e56,1,1
4,SSCP-8a18f985738488ac,1,1
4,SSCP-8a8be1309b983678,1,1
4,SSCP-8ab5b5f79a3f6fb8,1,1
4,SSCP-8af5cb3c7c96aa87,1,1
4,SSCP-8b048253e96b48a6,1,1
4,SSCP-8b2a85ed0ff83499,1,1
4,SSCP-8b5fba6dc5c869b1,1,1
4,SSCP-8b817c5d1d139239,1,1
4,SSCP-8b96ec25b1d7f6f1,1,1
4,SSCP-8bc274ec72e91353,1,1
4,SSCP-8bf9cf4ab3eae7bb,1,1
4,SSCP-8c6601d31ab7bd90,1,1
4,SSCP-8cb7665ca135bce7,1,1
4,SSCP-8cf556e869ef53ac,1,1
4,SSCP-8d83a04233f9df0c,1,1
4,SSCP-8d9717730e50339b,1,1
4,SSCP-8d9f29507558369c,1,1
4,SSCP-8da8d355ad8580ad,1,1
4,SSCP-8db1848162102365,1,1
4,SSCP-8e38ea335a0fedef,1,1
4,SSCP-8e4f451a56081405,1,1
4,SSCP-8ee7e860144dd1d1,1,1
4,SSCP-8f0a9adcc1206a71,1,1
4,SSCP-8f0c3d4dcfa95940,1,1
4,SSCP-8f601b715661043f,1,1
4,SSCP-8f759a8855eb6841,1,1
4,SSCP-8fa2e24e73c97711,1,1
4,SSCP-8fd66f960bfbd5c9,1,1
4,SSCP-8ffd7658b00a3b9a,1,1
4,SSCP-90167a317bb1bba1,1,1
4,SSCP-902c508d311d035a,1,1
4,SSCP-90699ac5e563a7a4,1,1
4,SSCP-9094f8e22f63cf84,1,1
4,SSCP-90bbc8009789f04d,1,1
4,SSCP-90d17f323138de7b,1,1
4,SSCP-90d63facdb1967d3,1,1
4,SSCP-90d97309e1f9d8f1,1,1
4,SSCP-912b067574b6e2a2,1,1
4,SSCP-912e747dd7c5250a,1,1
4,SSCP-9136750a3a059d81,1,1
4,SSCP-91505f1d1b35d053,1,1
4,SSCP-91635f53ae23c219,1,1
4,SSCP-91b43fd51519bc76,1,1
4,SSCP-91e6786f75ab8508,1,1
4,SSCP-92d894b5aaa5f492,1,1
4,SSCP-92f016d85032e799,1,1
4,SSCP-92f3e47168a23963,1,1
4,SSCP-930570adc4dce2b8,1,1
4,SSCP-930df227a70bfeea,1,1
4,SSCP-930e3bdd7a724672,1,1
4,SSCP-933f2b1afcc99d7a,1,1
4,SSCP-93539b3d71d4736a,1,1
4,SSCP-935e9710e2fdefa2,1,1
4,SSCP-9367b9a23503d097,1,1
4,SSCP-938ad587d1d57a41,1,1
4,SSCP-93bcfd091dd51bfb,1,1
4,SSCP-93cc67a3fdf4eee0,1,1
4,SSCP-93d31c22e02dcae6,1,1
4,SSCP-940156e4531284a3,1,1
4,SSCP-94bb6e4b58162b02,1,1
4,SSCP-94be9fb76e749a52,1,1
4,SSCP-94f66ef40c7ae989,1,1
4,SSCP-952d84b2a2d08469,1,1
4,SSCP-9538ae499f2b56cb,1,1
4,SSCP-953fa45644d8a881,1,1
4,SSCP-956941046fcfab9d,1,1
4,SSCP-9599de33a17a48e0,1,1
4,SSCP-95c5350a5f5747d0,1,1
4,SSCP-95c7b53901ec23c8,1,1
4,SSCP-95e3d6cf5a5bbf30,1,1
4,SSCP-95fb8903c174f6d4,1,1
4,SSCP-95fbefe38cd1e6cb,1,1
4,SSCP-960ce4cd82d2a10e,1,1
4,SSCP-962c8ab4ed71d56e,1,1
4,SSCP-96459366243e7248,1,1
4,SSCP-968089671a2c98ee,1,1
4,SSCP-96be2765ee0ba2ce,1,1
4,SSCP-971abd1071a17a9a,1,1
4,SSCP-9739ee79e1ec975d,1,1
4,SSCP-97a474aab53cdd82,1,1
4,SSCP-97b3f79396e49017,1,1
4,SSCP-97d47dcb7d121d42,1,1
4,SSCP-97df74a05aad303b,1,1
4,SSCP-98265ce429df5de0,1,1
4,SSCP-982d94feba9efbd0,1,1
4,SSCP-9851280b7c576d5f,1,1
4,SSCP-9856d0a3efa9b8f8,1,1
4,SSCP-98a7f30d3c3566ea,1,1
4,SSCP-98da63e39f86e74f,1,1
4,SSCP-98e9f642a59c0071,1,1
4,SSCP-995dccab363ab9f0,1,1
4,SSCP-99b9bda6b21de42a,1,1
4,SSCP-9a2106acb082ea36,1,1
4,SSCP-9a351bb677264a80,1,1
4,SSCP-9a93620f2877e635,1,1
4,SSCP-9a95b7fa80796612,1,1
4,SSCP-9a9d535146bac5ae,1,1
4,SSCP-9ad2d65f300d119c,1,1
4,SSCP-9aeabe019615b96e,1,1
4,SSCP-9b0debfe50daa401,1,1
4,SSCP-9b15782b1942aa0d,1,1
4,SSCP-9b28e0b54552570e,1,1
4,SSCP-9b4bd5d91a3bd4d7,1,1
4,SSCP-9b6dfe11b9f5f7c0,1,1
4,SSCP-9ba2c001841ad9db,1,1
4,SSCP-9baaedecc6eff776,1,1
4,SSCP-9bcd95e33eb90614,1,1
4,SSCP-9bdf361189b3017d,1,1
4,SSCP-9bedb75bb504dc89,1,1
4,SSCP-9bfebc7e137a0ac0,1,1
4,SSCP-9c119691821322b0,1,1
4,SSCP-9c653e5b210941a4,1,1
4,SSCP-9c791dcab24f35c3,1,1
4,SSCP-9cd03db38a7ec7d4,1,1
4,SSCP-9d0322d71fe332f3,1,1
4,SSCP-9d463366489fd0e8,1,1
4,SSCP-9d4fa508dc463d6f,1,1
4,SSCP-9d6a58dfa8c619db,1,1
4,SSCP-9d94d35748186a2f,1,1
4,SSCP-9da933527de5ab2c,1,1
4,SSCP-9dd43e7494b34d38,1,1
4,SSCP-9ddf195e3399a48e,1,1
4,SSCP-9dfa492779b0e65e,1,1
4,SSCP-9e2fea588e5f83ce,1,1
4,SSCP-9ea50a8108ab5014,1,1
4,SSCP-9eb75afe78866397,1,1
4,SSCP-9ecca02e1afd6153,1,1
4,SSCP-9ecd86fbafdf5dc3,1,1
4,SSCP-9ed5910664666989,1,1
4,SSCP-9ee04c2f99adf2f0,1,1
4,SSCP-9eeff14d84cdc1e5,1,1
4,SSCP-9fb2885fad2f8999,1,1
4,SSCP-9fd106a5c4113941,1,1
4,SSCP-a085def931b12695,1,1
4,SSCP-a08c3698e6b597af,1,1
4,SSCP-a0cffc6edb5a5c63,1,1
4,SSCP-a13587005a5efaf4,1,1
4,SSCP-a174b446808a302d,1,1
4,SSCP-a1910ac1524ba60d,1,1
4,SSCP-a1d42a8e9e5f6eca,1,1
4,SSCP-a1e739f3a781dc37,1,1
4,SSCP-a219cc98971fec70,1,1
4,SSCP-a231d4deb74ec77e,1,1
4,SSCP-a26c77a1250ea29a,1,1
4,SSCP-a2eae24a162f0659,1,1
4,SSCP-a31184100a992a68,1,1
4,SSCP-a32b99cb9f4ffc56,1,1
4,SSCP-a32e7bc14392869c,1,1
4,SSCP-a34bac16b2bcec6c,1,1
4,SSCP-a3663ecbef2876b9,1,1
4,SSCP-a36db26899889060,1,1
4,SSCP-a37a6025a11c03f0,1,1
4,SSCP-a3c1b91b8fc5c942,1,1
4,SSCP-a3db2cefc2169414,1,1
4,SSCP-a3dcd1a97d54eb24,1,1
4,SSCP-a3e35bc92275a5ef,1,1
4,SSCP-a3ee0e958c2fd018,1,1
4,SSCP-a402f585cdab0ddb,1,1
4,SSCP-a405e16d7765609d,1,1
4,SSCP-a44ea30ad2d41745,1,1
4,SSCP-a45465c43a3682a7,1,1
4,SSCP-a460c7e5e94fca75,1,1
4,SSCP-a464a11ba542f9e7,1,1
4,SSCP-a4668f40f90200dd,1,1
4,SSCP-a49238d4f85aa766,1,1
4,SSCP-a4e689f48361adc8,1,1
4,SSCP-a554b0cd844273f8,1,1
4,SSCP-a58ff7400da61ebf,1,1
4,SSCP-a5cbd4547514228a,1,1
4,SSCP-a6008a19da146e4b,1,1
4,SSCP-a61736fe7395e8cf,1,1
4,SSCP-a627c22683999756,1,1
4,SSCP-a6b6cf3f23d6043f,1,1
4,SSCP-a6c64cd944c55780,1,1
4,SSCP-a720c2919103a3a0,1,1
4,SSCP-a74f8fb4301cc549,1,1
4,SSCP-a76f237103601f62,1,1
4,SSCP-a79fda899b647871,1,1
4,SSCP-a7c51a66d3bcb2c6,1,1
4,SSCP-a7cf07c21bfefc44,1,1
4,SSCP-a7e1ddb174b0567b,1,1
4,SSCP-a7ed39dbe0c2d4e1,1,1
4,SSCP-a7efc75a06d7b75e,1,1
4,SSCP-a842fcd9ee5e6f26,1,1
4,SSCP-a8bc655a190988e1,1,1
4,SSCP-a8cf5eec4465923c,1,1
4,SSCP-a8d601e5b7919683,1,1
4,SSCP-a9390572aa069e38,1,1
4,SSCP-a985b5e7c93eb384,1,1
4,SSCP-a9b145b440fe5a2a,1,1
4,SSCP-a9f094cfee298572,1,1
4,SSCP-aa3f42b41ca7e75f,1,1
4,SSCP-aa9f33632dfd987a,1,1
4,SSCP-aacbd9a85f0f04f5,1,1
4,SSCP-aaf9a0dbb3bad78b,1,1
4,SSCP-ab1887a0b2e59185,1,1
4,SSCP-ab2d00ac1b000dfe,1,1
4,SSCP-ab3eae7e954888ce,1,1
4,SSCP-ab59e9ae083dd5d2,1,1
4,SSCP-ab95b588ef13da41,1,1
4,SSCP-abb35a9a7a266f44,1,1
4,SSCP-abd12d837f53d4bc,1,1
4,SSCP-abdb9c6f9b0600bb,1,1
4,SSCP-abf60b1ffc54f497,1,1
4,SSCP-ac0db2de1cf9666e,1,1
4,SSCP-ac2bb91e744e10f4,1,1
4,SSCP-ac42ea9fd8240599,1,1
4,SSCP-accdb815f83c64ff,1,1
4,SSCP-acf88be2bd3def6b,1,1
4,SSCP-ad0a6dcf2b5b900a,1,1
4,SSCP-ad188e7db0f58850,1,1
4,SSCP-ad545f9219a2de3e,1,1
4,SSCP-ad58988c723da7ab,1,1
4,SSCP-ad597828c2f57920,1,1
4,SSCP-ad6601f6a8dde79e,1,1
4,SSCP-adaa63ea7e5aefdc,1,1
4,SSCP-adabf96d7fdbe989,1,1
4,SSCP-ae01293f6e9eea1e,1,1
4,SSCP-ae5d81c33fbc22f2,1,1
4,SSCP-aeabe573acc3305b,1,1
4,SSCP-aeb50e61e700e4a5,1,1
4,SSCP-aedd3f10f756dd02,1,1
4,SSCP-aee55680ce3c707c,1,1
4,SSCP-aefe6c8ab253b98f,1,1
4,SSCP-af0b9b5b72bab94a,1,1
4,SSCP-af89ab77071960a7,1,1
4,SSCP-af9031363b50c813,1,1
4,SSCP-af95173ad5e1a8c1,1,1
4,SSCP-afaa755d02c22264,1,1
4,SSCP-b00452db15a78bf9,1,1
4,SSCP-b0310b76fb599162,1,1
4,SSCP-b09253ac026555b0,1,1
4,SSCP-b0e8c95f7b7bd1b5,1,1
4,SSCP-b101e37e841622a0,1,1
4,SSCP-b156d17294c79006,1,1
4,SSCP-b16107e4bdf22b9b,1,1
4,SSCP-b164ae493894aa6e,1,1
4,SSCP-b17483b20a1a37c6,1,1
4,SSCP-b192c0ba93a419b0,1,1
4,SSCP-b1ac1c6a44366c12,1,1
4,SSCP-b1f782029c833594,1,1
4,SSCP-b1fab98a268c75d2,1,1
4,SSCP-b1fefd31900805c2,1,1
4,SSCP-b2152c604dd12623,1,1
4,SSCP-b262ac2e1cb60a70,1,1
4,SSCP-b2908788998f4ebe,1,1
4,SSCP-b2bd4ed53f49a00c,1,1
4,SSCP-b2c00ee2bcabb072,1,1
4,SSCP-b2c76e72540dba66,1,1
4,SSCP-b2e0218fe9139d7f,1,1
4,SSCP-b35134195b5cd76b,1,1
4,SSCP-b373e3d5bd07edd3,1,1
4,SSCP-b378c828620f6b5b,1,1
4,SSCP-b3b7889d4de5ec13,1,1
4,SSCP-b3ca318a43020f55,1,1
4,SSCP-b401b6ffb77432d8,1,1
4,SSCP-b50def781a3ec49b,1,1
4,SSCP-b54d8ef742dd22d3,1,1
4,SSCP-b5875430d3053f6c,1,1
4,SSCP-b59e340c8a4d7e8f,1,1
4,SSCP-b5b8fcbb03ef1824,1,1
4,SSCP-b5bf9eaf88362028,1,1
4,SSCP-b5c10da2b2122cb0,1,1
4,SSCP-b5c3d38d13881bf0,1,1
4,SSCP-b657b277e4a89dbb,1,1
4,SSCP-b65d9188e88bee00,1,1
4,SSCP-b66d00e134ec0df8,1,1
4,SSCP-b6779b958222b17a,1,1
4,SSCP-b69cefa1f724c3b6,1,1
4,SSCP-b6b855044eeb9973,1,1
4,SSCP-b6b98d75e95daefd,1,1
4,SSCP-b6de05f61b7bccb4,1,1
4,SSCP-b704ab9f6c7b1334,1,1
4,SSCP-b7221988079809cd,1,1
4,SSCP-b728bbca0c2f4cf7,1,1
4,SSCP-b76b0d624e0feec4,1,1
4,SSCP-b785746f63758cc0,1,1
4,SSCP-b78fd823ff89c822,1,1
4,SSCP-b7988c2fa9cf987f,1,1
4,SSCP-b7b689fde5732270,1,1
4,SSCP-b7d3fd37af35d507,1,1
4,SSCP-b7fee72616cfaad0,1,1
4,SSCP-b82f602ea858229d,1,1
4,SSCP-b843e891b3b3d0a9,1,1
4,SSCP-b844253674f4e29e,1,1
4,SSCP-b88151dbf41cefc2,1,1
4,SSCP-b899469b0cf7c0f3,1,1
4,SSCP-b8ad69d240f3bc34,1,1
4,SSCP-b9120ab67e0d1667,1,1
4,SSCP-b91adee376351aeb,1,1
4,SSCP-b92be61001a0503e,1,1
4,SSCP-b95518392987a943,1,1
4,SSCP-b97e5cb97fd8374e,1,1
4,SSCP-b9bfa21edba01fe6,1,1
4,SSCP-b9c338f3f764234d,1,1
4,SSCP-b9f0ec64714ada88,1,1
4,SSCP-ba37d504cdaf0eeb,1,1
4,SSCP-ba427e22bee03678,1,1
4,SSCP-ba72ae0a589d7a7c,1,1
4,SSCP-ba823ef269ec542a,1,1
4,SSCP-baa07a896e706b41,1,1
4,SSCP-badb7afa282f9630,1,1
4,SSCP-bae348c7a45eafd4,1,1
4,SSCP-baed35e60cc08f11,1,1
4,SSCP-bb0e3abee4e78b32,1,1
4,SSCP-bb2c338a327c6ed6,1,1
4,SSCP-bb33a646f5c1b79c,1,1
4,SSCP-bb3699b8fe93261c,1,1
4,SSCP-bb46cd632f0c1101,1,1
4,SSCP-bb4fb15ccf1be883,1,1
4,SSCP-bb6116b20d1b9495,1,1
4,SSCP-bb994ce3e62966be,1,1
4,SSCP-bbaa72f1a601307f,1,1
4,SSCP-bbfc16084866ff33,1,1
4,SSCP-bc239afd281f0864,1,1
4,SSCP-bc61bb406d89d67c,1,1
4,SSCP-bc78dace3a5c3365,1,1
4,SSCP-bc7fc5014a35bbdb,1,1
4,SSCP-bcb047f908d67d06,1,1
4,SSCP-bccdb8698bd2194b,1,1
4,SSCP-bcde196dc7c73f3f,1,1
4,SSCP-bd4f01b16abf4432,1,1
4,SSCP-bd8e49116ae4de2b,1,1
4,SSCP-bdf0a0e9000b4f48,1,1
4,SSCP-be0e7ff200310ebb,1,1
4,SSCP-be262982e3682924,1,1
4,SSCP-be72bc7b68d57b60,1,1
4,SSCP-be7cbddf297169ed,1,1
4,SSCP-beb2835f895303b1,1,1
4,SSCP-bedd47161dc2aecd,1,1
4,SSCP-befcff1befcd245f,1,1
4,SSCP-bf61a7703544e740,1,1
4,SSCP-bfb3d5a6933e3e69,1,1
4,SSCP-bfbf4d306cccae47,1,1
4,SSCP-bffd48c933950f27,1,1
4,SSCP-c017981df177980d,1,1
4,SSCP-c07c2b0f26489eef,1,1
4,SSCP-c07cb9a8d6e09222,1,1
4,SSCP-c0ccc8d9e34db661,1,1
4,SSCP-c0e3ec639a19a4ce,1,1
4,SSCP-c0edc1ba654e08f8,1,1
4,SSCP-c0f62b84863733f3,1,1
4,SSCP-c107827a1f7a1b7c,1,1
4,SSCP-c1b431fff7fd98b6,1,1
4,SSCP-c1d6a40e47980238,1,1
4,SSCP-c205addb1186cab6,1,1
4,SSCP-c21b86190446e4b0,1,1
4,SSCP-c27ca192d200a55f,1,1
4,SSCP-c29f2aef899980ea,1,1
4,SSCP-c2a4867d3137da91,1,1
4,SSCP-c2b6aa0708738d4a,1,1
4,SSCP-c2ed85d55d3dc77f,1,1
4,SSCP-c321ae4021110184,1,1
4,SSCP-c32c8d366d3fe465,1,1
4,SSCP-c3cee308a471cec5,1,1
4,SSCP-c431268993721b65,1,1
4,SSCP-c4358fb420b233a3,1,1
4,SSCP-c4535385b557ab8b,1,1
4,SSCP-c463df9a42701be9,1,1
4,SSCP-c4793a974b34a389,1,1
4,SSCP-c4bc8538bd68ee6e,1,1
4,SSCP-c4fc80f6ce5c4ad6,1,1
4,SSCP-c511c082f29a904d,1,1
4,SSCP-c541f4b2a013e591,1,1
4,SSCP-c54a845629680856,1,1
4,SSCP-c57c2d63665d4d5e,1,1
4,SSCP-c5a3fcd0b3b7ce16,1,1
4,SSCP-c5bcddb59b92b467,1,1
4,SSCP-c5c6f933fed344fd,1,1
4,SSCP-c645aa832f1aee84,1,1
4,SSCP-c69a82f730e52126,1,1
4,SSCP-c6c153fe7a82d51c,1,1
4,SSCP-c752499a16119137,1,1
4,SSCP-c76e627c71d6c1f1,1,1
4,SSCP-c7b08cf617ce06c3,1,1
4,SSCP-c7d155f6db5068a1,1,1
4,SSCP-c7f4c9d4982e71df,1,1
4,SSCP-c7f79e5654ade4b2,1,1
4,SSCP-c80a84c2fcd05fda,1,1
4,SSCP-c8109bb5e0881af6,1,1
4,SSCP-c819e8e4c468b5cc,1,1
4,SSCP-c81dc59e3a153e80,1,1
4,SSCP-c8385efd2823f1a7,1,1
4,SSCP-c885d83d5293fdb2,1,1
4,SSCP-c8dad88bb1a00d9b,1,1
4,SSCP-c8f7b752c18330b1,1,1
4,SSCP-c90a8d6cf074b089,1,1
4,SSCP-c929547136c56bbf,1,1
4,SSCP-c93db90ae0bd1469,1,1
4,SSCP-c98affdd6977e92e,1,1
4,SSCP-c9a31745a241cb10,1,1
4,SSCP-c9a630005c138467,1,1
4,SSCP-c9ae4b6610decce6,1,1
4,SSCP-c9bb6bb26cfbbd20,1,1
4,SSCP-c9c4bb283e8e1591,1,1
4,SSCP-ca05c340128cf3e4,1,1
4,SSCP-ca0865374a8da247,1,1
4,SSCP-ca167fa74b0cdedd,1,1
4,SSCP-ca1aa14a9f8dbabb,1,1
4,SSCP-ca775983cd24fa48,1,1
4,SSCP-ca94af7e57b0936f,1,1
4,SSCP-cab7d1f9e731fd7d,1,1
4,SSCP-cb00cb7fd2bb7c1e,1,1
4,SSCP-cb515b9c623ed1cc,1,1
4,SSCP-cba1c3d3447695da,1,1
4,SSCP-cbab3d93c2908b23,1,1
4,SSCP-cbb06331ff4de4bd,1,1
4,SSCP-cbe0f7c29ae2c93f,1,1
4,SSCP-cbebd6c7e60f4dac,1,1
4,SSCP-cc06eabfc6ddeb05,1,1
4,SSCP-cca2f6a662b80b66,1,1
4,SSCP-ccedc972691080dc,1,1
4,SSCP-cd0a8d36fd1c1934,1,1
4,SSCP-cd1636f7aa50557c,1,1
4,SSCP-cd21bbb2772b1237,1,1
4,SSCP-cd3178c2245ad24c,1,1
4,SSCP-cd5563f6e9e67a96,1,1
4,SSCP-cd8f01e624e3d060,1,1
4,SSCP-cdb1298976b3a521,1,1
4,SSCP-ce2351d975a0ab8b,1,1
4,SSCP-ce38d76d95a6d6a4,1,1
4,SSCP-ce4058358944ba9f,1,1
4,SSCP-ce4204320efeb1f4,1,1
4,SSCP-cef3b598a2b29235,1,1
4,SSCP-cf07c2cd6b72202e,1,1
4,SSCP-cf22f24cb1f7b215,1,1
4,SSCP-cfef832e5cf8da3b,1,1
4,SSCP-d014840ae2eb6a13,1,1
4,SSCP-d041425524c700f6,1,1
4,SSCP-d088b2920d13d46d,1,1
4,SSCP-d09af572775dced1,1,1
4,SSCP-d0ae616a7a00aa19,1,1
4,SSCP-d10d01bc01f23168,1,1
4,SSCP-d206997ca04705e2,1,1
4,SSCP-d211540c5f8fcd45,1,1
4,SSCP-d272ec737b946b6b,1,1
4,SSCP-d274bb16a7e85226,1,1
4,SSCP-d2d375b7f7cfad8b,1,1
4,SSCP-d3530c33ff3b6fa9,1,1
4,SSCP-d3a3ec186fb6bcae,1,1
4,SSCP-d3b8d4288789d26b,1,1
4,SSCP-d3df3c5b6c8f31ac,1,1
4,SSCP-d416715d03ec5213,1,1
4,SSCP-d46297e1a4cc052f,1,1
4,SSCP-d46935afbc6dbb6a,1,1
4,SSCP-d47832ff3f00542c,1,1
4,SSCP-d4ad0f7aaf64eaa5,1,1
4,SSCP-d4b90fddc3bb1259,1,1
4,SSCP-d4d0de5750618f86,1,1
4,SSCP-d4d1adcb63ea92bf,1,1
4,SSCP-d5283ccddf8316f7,1,1
4,SSCP-d52b59d3266bcf20,1,1
4,SSCP-d544cf34020a33f6,1,1
4,SSCP-d5544a5b140af3f2,1,1
4,SSCP-d554a2a00059f55e,1,1
4,SSCP-d56e18a843f60344,1,1
4,SSCP-d59d53987b840290,1,1
4,SSCP-d5aa610785f9c823,1,1
4,SSCP-d5d3814c70bf8316,1,1
4,SSCP-d68c96e242e55771,1,1
4,SSCP-d6b77dd701da8a41,1,1
4,SSCP-d74d427123223709,1,1
4,SSCP-d750d642dc5dad90,1,1
4,SSCP-d7592b14b1f51f9b,1,1
4,SSCP-d77e5404724fc13d,1,1
4,SSCP-d7a413afbbc78d0f,1,1
4,SSCP-d7a6e14ebfce2d50,1,1
4,SSCP-d7b7618f18de3f0f,1,1
4,SSCP-d80676ef20804d26,1,1
4,SSCP-d82e0126b5dff6ea,1,1
4,SSCP-d86229d7a0461632,1,1
4,SSCP-d892eae135ccbf6c,1,1
4,SSCP-d895a6c1fa4a426d,1,1
4,SSCP-d8ce0780119746c4,1,1
4,SSCP-d916e6b253761cc9,1,1
4,SSCP-d958edbf67173394,1,1
4,SSCP-d9b41e52474e6df3,1,1
4,SSCP-d9d2cb2d480fa47b,1,1
4,SSCP-d9eedefe5e98a993,1,1
4,SSCP-da22cad96c7c0f20,1,1
4,SSCP-da6b18d11f6b0fc4,1,1
4,SSCP-da75eafa63b7f95c,1,1
4,SSCP-dada03d4832466b0,1,1
4,SSCP-dae45b75d60931ec,1,1
4,SSCP-daf65a3743debcc6,1,1
4,SSCP-db9d7349a30c9100,1,1
4,SSCP-dbde31c654fb874f,1,1
4,SSCP-dbe0c3c38e7cbfa1,1,1
4,SSCP-dbffe6a054ee9fca,1,1
4,SSCP-dc307feec62a08a5,1,1
4,SSCP-dc3eaef74a2b00d2,1,1
4,SSCP-dc6d81c00012686b,1,1
4,SSCP-dca057ebc16a89c2,1,1
4,SSCP-dceadcbd3b8476d0,1,1
4,SSCP-dcf84bedddf42ab2,1,1
4,SSCP-dd207fee167252fb,1,1
4,SSCP-dd321c35b798f106,1,1
4,SSCP-dd7418f61ad12861,1,1
4,SSCP-dd8ddd7321a64ad1,1,1
4,SSCP-ddd68bb1b9bbb400,1,1
4,SSCP-ddee6e27d1d3c29c,1,1
4,SSCP-ddfa04f1449b6ccf,1,1
4,SSCP-de0eebf3f53b0825,1,1
4,SSCP-de98a10099d87488,1,1
4,SSCP-ded3f01ecffd53d1,1,1
4,SSCP-df2d2d330c059884,1,1
4,SSCP-df51e7d2b9f060c7,1,1
4,SSCP-df68ea599fb936bd,1,1
4,SSCP-dfb740e78e817221,1,1
4,SSCP-dfc3b6974f8c41ca,1,1
4,SSCP-e03bb6caca463d34,1,1
4,SSCP-e0484f9c4141174e,1,1
4,SSCP-e0aa02c7aefbb7b3,1,1
4,SSCP-e10ba052e2d30eec,1,1
4,SSCP-e186e7fd4933f09d,1,1
4,SSCP-e1b87751bf5d3e36,1,1
4,SSCP-e1ed562e096af8c3,1,1
4,SSCP-e21c030e22407e2a,1,1
4,SSCP-e22a6dc95d34d382,1,1
4,SSCP-e236f3c28dca25dc,1,1
4,SSCP-e24e29d320d8d95c,1,1
4,SSCP-e251525814586983,1,1
4,SSCP-e2937a83259c6253,1,1
4,SSCP-e30c4b4f65e81372,1,1
4,SSCP-e32a8f2d98baa8ff,1,1
4,SSCP-e39fea5beea69b6a,1,1
4,SSCP-e405fcaaf843c1b3,1,1
4,SSCP-e41bccd224b2a6c1,1,1
4,SSCP-e4618bb9df0d1fdb,1,1
4,SSCP-e477dc2ef52341f7,1,1
4,SSCP-e48a003ada407faf,1,1
4,SSCP-e48e6cfe13a7db84,1,1
4,SSCP-e4a1f58d345e747e,1,1
4,SSCP-e4a3416b506ea548,1,1
4,SSCP-e4c2651669c4ad54,1,1
4,SSCP-e4f68807b89cd613,1,1
4,SSCP-e545ef34d517667b,1,1
4,SSCP-e5818aa16129e1cb,1,1
4,SSCP-e58766ae3c82df6b,1,1
4,SSCP-e5a10db5959d43e1,1,1
4,SSCP-e5d500fb13e7b26e,1,1
4,SSCP-e683b2781eede751,1,1
4,SSCP-e6a1d6070f5ce8ba,1,1
4,SSCP-e6ac41f460e5ddb1,1,1
4,SSCP-e6ed29fd6d432c68,1,1
4,SSCP-e76231b2c1b14d71,1,1
4,SSCP-e78b34ec0ca43218,1,1
4,SSCP-e7ab48491acf8c36,1,1
4,SSCP-e7d0e95b30a4b892,1,1
4,SSCP-e7e09882611e95e3,1,1
4,SSCP-e80f8091d0e0a2d0,1,1
4,SSCP-e8630bb1d6a4b3ba,1,1
4,SSCP-e8b414276bbc06c0,1,1
4,SSCP-e91fa02a382fb4a0,1,1
4,SSCP-e9ba6a3dd207a3c4,1,1
4,SSCP-e9e080659413a6a2,1,1
4,SSCP-e9f67b522b3977d4,1,1
4,SSCP-e9fff900594e15b4,1,1
4,SSCP-eabc3724052f7939,1,1
4,SSCP-eb08e4406f9d5b50,1,1
4,SSCP-eb4193b805bf0115,1,1
4,SSCP-eb626cf06971736b,1,1
4,SSCP-eb98fa6c4bd5a28b,1,1
4,SSCP-ebe19935051a16ba,1,1
4,SSCP-ebf03fd19f830329,1,1
4,SSCP-ebf5199ba84c6c62,1,1
4,SSCP-ec043ea122525b98,1,1
4,SSCP-ec0b38db01a1a55e,1,1
4,SSCP-ec2ce680d264a9a2,1,1
4,SSCP-ec6dae0e80b8a33b,1,1
4,SSCP-ec7aa1c21c8f5736,1,1
4,SSCP-eca00254bc293d06,1,1
4,SSCP-ecbbf09bf668a987,1,1
4,SSCP-ed290f8853b672cf,1,1
4,SSCP-ed4e6a51bc5cd957,1,1
4,SSCP-ed92419cf27b71c9,1,1
4,SSCP-ee22816d2df991bd,1,1
4,SSCP-ee71b8bf53f24334,1,1
4,SSCP-eeded4b7fe3cf18d,1,1
4,SSCP-eee50953b01072ee,1,1
4,SSCP-eeefa5a30290bd33,1,1
4,SSCP-ef2ac76769956303,1,1
4,SSCP-ef30692d22da2413,1,1
4,SSCP-ef3f13ab015d6dd7,1,1
4,SSCP-ef42ff10ae6b841b,1,1
4,SSCP-ef6913e40cc67789,1,1
4,SSCP-efae4a906421b98c,1,1
4,SSCP-efbc9110e8d1de20,1,1
4,SSCP-efbdeb059aeb1837,1,1
4,SSCP-effdd44cd31cbdf7,1,1
4,SSCP-f15bc11ca2b7250c,1,1
4,SSCP-f2317c89c567ffdb,1,1
4,SSCP-f234f03c0eb6bfee,1,1
4,SSCP-f2473b8c4aac366a,1,1
4,SSCP-f25d4890000ef52e,1,1
4,SSCP-f293c5ecdca3a313,1,1
4,SSCP-f2ca9591a15a9afb,1,1
4,SSCP-f2ce440ac8a0e182,1,1
4,SSCP-f306616585fe1371,1,1
4,SSCP-f31d82ebcc21ef34,1,1
4,SSCP-f35a751a414f5cf2,1,1
4,SSCP-f3609eb2698f0c4a,1,1
4,SSCP-f3c02a516ded93c3,1,1
4,SSCP-f3ce1940be5e15ae,1,1
4,SSCP-f3dccb37ad832c40,1,1
4,SSCP-f42b399bf94b0ab8,1,1
4,SSCP-f42f69530413355b,1,1
4,SSCP-f434008326bab244,1,1
4,SSCP-f4410a680c70a94e,1,1
4,SSCP-f4f3b7b8bf07ac0b,1,1
4,SSCP-f5016c98f3a2bc4b,1,1
4,SSCP-f50db51aff30fc74,1,1
4,SSCP-f5742c0998c92e5a,1,1
4,SSCP-f58b2a957ce8fade,1,1
4,SSCP-f5906099120c9b91,1,1
4,SSCP-f5a5283884e6285a,1,1
4,SSCP-f5bc444b75a8cc46,1,1
4,SSCP-f5fd1fc6011008f9,1,1
4,SSCP-f61eec984e6ba422,1,1
4,SSCP-f628d87369d13116,1,1
4,SSCP-f6727f2ac32bc85f,1,1
4,SSCP-f6abce2332bde77b,1,1
4,SSCP-f6ac2060e75ab757,1,1
4,SSCP-f6c48fad5745a164,1,1
4,SSCP-f6e70dc540ae59d5,1,1
4,SSCP-f7607212f2a9c5de,1,1
4,SSCP-f79053ecbd26f6b6,1,1
4,SSCP-f7cf77450202526b,1,1
4,SSCP-f7d047cf5f26df4c,1,1
4,SSCP-f806980795d98004,1,1
4,SSCP-f814d5332ecdbffe,1,1
4,SSCP-f893b931e61f2b52,1,1
4,SSCP-f8aaba7072e0e8ba,1,1
4,SSCP-f8b7e23d034bfeb7,1,1
4,SSCP-f8cdab8ae7f6fd5a,1,1
4,SSCP-f904c2c3960f8edd,1,1
4,SSCP-f98e17fb66d425eb,1,1
4,SSCP-fa3cfb4a607dbeb6,1,1
4,SSCP-fa6c69844c1130b7,1,1
4,SSCP-fa8232c8268a814e,1,1
4,SSCP-fad3881eaab4c93c,1,1
4,SSCP-fb171ca593250802,1,1
4,SSCP-fb755da3380e9a20,1,1
4,SSCP-fb79bb29d3f1d0c9,1,1
4,SSCP-fbf921e344618544,1,1
4,SSCP-fc35604d5ccf95fa,1,1
4,SSCP-fcb9fb3ed5accc4c,1,1
4,SSCP-fd3823694f5576c2,1,1
4,SSCP-fd6bf40188c0e284,1,1
4,SSCP-fdbc5b35abf11222,1,1
4,SSCP-fe46feda574e356d,1,1
4,SSCP-fe4c7d9bef799e4b,1,1
4,SSCP-fe4d1748189c33bf,1,1
4,SSCP-fe85085797507971,1,1
4,SSCP-feabece44284913f,1,1
4,SSCP-fec0f87197389d25,1,1
4,SSCP-ff00cc6d61245732,1,1
4,SSCP-ff08ea901e525be5,1,1
4,SSCP-ff0fe6c2eebd07c3,1,1
4,SSCP-ff31bd50635b969e,1,1
4,SSCP-ff4c8e1aab7ccc0f,1,1
4,SSCP-ffa673c5bf7931ea,1,1
4,SSCP-ffc41a85a763415d,1,1
4,SSCP-0001914838e8cc4c,2,2
4,SSCP-0001a0000d1e0d48,2,2
4,SSCP-00661d874a768b31,2,2
4,SSCP-008a443d73170279,2,2
4,SSCP-009428fe60df9a44,2,2
4,SSCP-00ccebf472ae4d8e,2,2
4,SSCP-00d7cd22f8123d27,2,2
4,SSCP-010a71a703626e4e,2,2
4,SSCP-012dfca348758c8c,2,2
4,SSCP-012f0dff5e676197,2,2
4,SSCP-013acd97e635c46c,2,2
4,SSCP-015f5df84155b691,2,2
4,SSCP-0173b321125643d3,2,2
4,SSCP-01e5d7ad30da201e,2,2
4,SSCP-02760a211cf57ea1,2,2
4,SSCP-036aa002f8325dfe,2,2
4,SSCP-036e4c2ce649d9e0,2,2
4,SSCP-0382ce86f28f220c,2,2
4,SSCP-039176f90f110e7c,2,2
4,SSCP-03992c933aa0f990,2,2
4,SSCP-039e99ecc6ba247c,2,2
4,SSCP-03f5833535b5c416,2,2
4,SSCP-0424dedce7979966,2,2
4,SSCP-042ab7cc2a5829e4,2,2
4,SSCP-043bcc07b2ab4d6c,2,2
4,SSCP-0453904610c6a5e2,2,2
4,SSCP-04df124f18acc598,2,2
4,SSCP-051b3b51188d45f0,2,2
4,SSCP-0534c6517f0756c9,2,2
4,SSCP-05645ce12eb7c244,2,2
4,SSCP-05bb2ae7b9ecac58,2,2
4,SSCP-05d4a14c1caa1ec0,2,2
4,SSCP-06593781dba86cb7,2,2
4,SSCP-0665c31e34355fdb,2,2
4,SSCP-06e5c0cc41c28ebc,2,2
4,SSCP-06efe08a5bc9094b,2,2
4,SSCP-070bde1f77ba4969,2,2
4,SSCP-0744e3be64c7baa9,2,2
4,SSCP-074cda148cbaa40c,2,2
4,SSCP-07a156b73e8bdee8,2,2
4,SSCP-07b7f81724168005,2,2
4,SSCP-07b91af8622de607,2,2
4,SSCP-07bdf9a6de47a56f,2,2
4,SSCP-07cbd47087850a06,2,2
4,SSCP-07f74b125f8ecb56,2,2
4,SSCP-081aac9bce99132b,2,2
4,SSCP-0838f2e7ebc7940a,2,2
4,SSCP-0839dafce3db3872,2,2
4,SSCP-08c49c031679b21b,2,2
4,SSCP-08ef84cd22fa453a,2,2
4,SSCP-09000017d5165753,2,2
4,SSCP-0902f55f8633bd2f,2,2
4,SSCP-0921d8f883b3c5be,2,2
4,SSCP-09427946de8095ef,2,2
4,SSCP-096c13417ffc5c97,2,2
4,SSCP-0981e7f250a419b7,2,2
4,SSCP-09ee2290b0a6d32e,2,2
4,SSCP-0a0450d94bee92f6,2,2
4,SSCP-0a106d2f879bfa80,2,2
4,SSCP-0a641c0e8045190b,2,2
4,SSCP-0a855bc49394034d,2,2
4,SSCP-0ad8119db87492ce,2,2
4,SSCP-0b54a0c85e2ed74b,2,2
4,SSCP-0bcc77ab5f567590,2,2
4,SSCP-0bd5362079f76a9c,2,2
4,SSCP-0c2f3688d54a0bec,2,2
4,SSCP-0c3794e432c93971,2,2
4,SSCP-0c43b121b237c18c,2,2
4,SSCP-0c5dc8e283c1d00c,2,2
4,SSCP-0ca12d4566f5347e,2,2
4,SSCP-0d04c5e3f4546c7e,2,2
4,SSCP-0d0d82609cb418e6,2,2
4,SSCP-0d1a9d7169aed238,2,2
4,SSCP-0d57d6d70edbd537,2,2
4,SSCP-0df0eac21e51c536,2,2
4,SSCP-0e033c7b98f151a7,2,2
4,SSCP-0e4476b0fc519182,2,2
4,SSCP-0e6784eef6f1a8b3,2,2
4,SSCP-0e7f31dec14b524a,2,2
4,SSCP-0e90d92e7c189e18,2,2
4,SSCP-0f15fa99b8cd38f7,2,2
4,SSCP-0f1f9f0aa56c7011,2,2
4,SSCP-0ffd61b4bb329303,2,2
4,SSCP-105dbf8abd0d03fa,2,2
4,SSCP-10b4db971531ccb1,2,2
4,SSCP-1186e9d99ba37751,2,2
4,SSCP-12143f9304aeed30,2,2
4,SSCP-1266bcafa1af1d82,2,2
4,SSCP-12ac7a027d8cb163,2,2
4,SSCP-12cb1c16665c700a,2,2
4,SSCP-12d3193cf40f6844,2,2
4,SSCP-12df49e57de546f5,2,2
4,SSCP-132403e6822a35e7,2,2
4,SSCP-133516395c66c0bb,2,2
4,SSCP-1366207753f0db73,2,2
4,SSCP-137102913b35c2ff,2,2
4,SSCP-138245443440ff1d,2,2
4,SSCP-13a59d3bc71307cb,2,2
4,SSCP-13f2a9cbea258ef7,2,2
4,SSCP-13fb4dbdade955c7,2,2
4,SSCP-14417e86ba535162,2,2
4,SSCP-1453547cad8515ec,2,2
4,SSCP-1457ed1624c31fa8,2,2
4,SSCP-14883f33989405b6,2,2
4,SSCP-14b1c0fd8b369f20,2,2
4,SSCP-14b6dc57fc094477,2,2
4,SSCP-14c5b4c172902c1c,2,2
4,SSCP-14f47dcae619855b,2,2
4,SSCP-151b874a1aee8fa0,2,2
4,SSCP-153dd6c1eb50dcbb,2,2
4,SSCP-1548dab984331cfa,2,2
4,SSCP-1566632879480f5d,2,2
4,SSCP-160c99ebe3a5956b,2,2
4,SSCP-163f250377e282b2,2,2
4,SSCP-16728e94d1143544,2,2
4,SSCP-167eff4ef7d57416,2,2
4,SSCP-16d08aba4163ab37,2,2
4,SSCP-1738d4044220e97f,2,2
4,SSCP-175414241dcd9475,2,2
4,SSCP-17673630d858d412,2,2
4,SSCP-17a5cd48b87b6b33,2,2
4,SSCP-17ef1c7c06ba3b11,2,2
4,SSCP-1809cbfe1c86cbb0,2,2
4,SSCP-1825dd09490f1cb1,2,2
4,SSCP-1830d16ccfc3da9f,2,2
4,SSCP-183526a613b1e68b,2,2
4,SSCP-18a571c7c9b44d15,2,2
4,SSCP-18bd4ef83756a695,2,2
4,SSCP-18e079969ee3b402,2,2
4,SSCP-190ed9b09dc8a9ae,2,2
4,SSCP-192dc210728f4c49,2,2
4,SSCP-193ae5e1329c1701,2,2
4,SSCP-193b9621e4371660,2,2
4,SSCP-19869a760504abab,2,2
4,SSCP-199559f6609e669e,2,2
4,SSCP-199ee0933dd6e7d5,2,2
4,SSCP-19a8d7f6539f6fcc,2,2
4,SSCP-19b02c5ec767c4ec,2,2
4,SSCP-19b0b4c341079643,2,2
4,SSCP-19d4687554aaf68c,2,2
4,SSCP-19dcc98805ef6df2,2,2
4,SSCP-1a36a5261620f36e,2,2
4,SSCP-1a3b12e5ce02568f,2,2
4,SSCP-1a3ec38b3747ae5d,2,2
4,SSCP-1a5402b102f24864,2,2
4,SSCP-1aaa3fa19fe71b5d,2,2
4,SSCP-1abbed88c1b1340d,2,2
4,SSCP-1ae2e10835bbca3c,2,2
4,SSCP-1af38f1e1661fe2d,2,2
4,SSCP-1b24551c2c607884,2,2
4,SSCP-1b2fddbafbeefa2c,2,2
4,SSCP-1b3e005175d57ec1,2,2
4,SSCP-1b40980d9ffc7a59,2,2
4,SSCP-1b4a961c5815157e,2,2
4,SSCP-1b8ccde45234d88a,2,2
4,SSCP-1c6abe31d873c5be,2,2
4,SSCP-1c820a4f54e358a8,2,2
4,SSCP-1cb0122165de1baa,2,2
4,SSCP-1cb55129519d05b3,2,2
4,SSCP-1cc0da57c14aedcf,2,2
4,SSCP-1cf069faa2c4b5ea,2,2
4,SSCP-1d474637b607db42,2,2
4,SSCP-1d7811c289d891a9,2,2
4,SSCP-1dba4f41e41368af,2,2
4,SSCP-1e391311976df17d,2,2
4,SSCP-1e8c448a74964747,2,2
4,SSCP-1eab58550a33b216,2,2
4,SSCP-1ebe21a529bd0dc9,2,2
4,SSCP-1ed7beb41f1c6340,2,2
4,SSCP-1f7bc473dfb93234,2,2
4,SSCP-1f83e7be7670b886,2,2
4,SSCP-1faac3410b06a2d1,2,2
4,SSCP-1fedacbc09c58b93,2,2
4,SSCP-201b77c226c68c77,2,2
4,SSCP-2027e32db1a81dbd,2,2
4,SSCP-202b75eabee33361,2,2
4,SSCP-204dced1a396d9cb,2,2
4,SSCP-20606c2788f08cde,2,2
4,SSCP-207170dad667e0b6,2,2
4,SSCP-2073d11c1276c67d,2,2
4,SSCP-20749c680d6359b2,2,2
4,SSCP-207e08c72e94c09c,2,2
4,SSCP-20878e08560a9961,2,2
4,SSCP-20ad93589c57d321,2,2
4,SSCP-20ae16c167ebbf87,2,2
4,SSCP-20bebed3bd0afe28,2,2
4,SSCP-20c25526751ff38b,2,2
4,SSCP-20ca779259efa394,2,2
4,SSCP-20cb2a2760b08d2b,2,2
4,SSCP-20ec20de3c80720b,2,2
4,SSCP-210ba4a8e8cb8104,2,2
4,SSCP-214d229ec3d9fbe1,2,2
4,SSCP-217112ecbdbb57b0,2,2
4,SSCP-21acea63a8b565b3,2,2
4,SSCP-21dc3e5ad8835d86,2,2
4,SSCP-21ed9b4fa1013183,2,2
4,SSCP-22011a3eeef70e40,2,2
4,SSCP-22156620c109d4b8,2,2
4,SSCP-225ccdac557bebf0,2,2
4,SSCP-225e2d88806568a7,2,2
4,SSCP-226ca4ddefad1e93,2,2
4,SSCP-22bb1b090c0973ed,2,2
4,SSCP-22df6c03eef95791,2,2
4,SSCP-22f4ab8b23baa7a6,2,2
4,SSCP-23072d87eae73f85,2,2
4,SSCP-233e0b89b83fd947,2,2
4,SSCP-2362db94c23f78d3,2,2
4,SSCP-236a9ba2e2addaa2,2,2
4,SSCP-2390414445e8e4c3,2,2
4,SSCP-23e41969eeeeafb3,2,2
4,SSCP-24111c4ace896ac9,2,2
4,SSCP-244230beb8c276b3,2,2
4,SSCP-244bfc0a7e90d245,2,2
4,SSCP-2482f5dbaf6f4d09,2,2
4,SSCP-24b23f48dfd17fcf,2,2
4,SSCP-25030a36053dfd67,2,2
4,SSCP-250df5b00774aea0,2,2
4,SSCP-2524e50e48198318,2,2
4,SSCP-2538f1bc8b8e7c24,2,2
4,SSCP-256817b64ff6d4d1,2,2
4,SSCP-25af95fe77235722,2,2
4,SSCP-25afc84ef7f4e924,2,2
4,SSCP-25c93b2ee5df56be,2,2
4,SSCP-25d27f4b4d19b5fa,2,2
4,SSCP-262337893631903a,2,2
4,SSCP-268b5f0cc6768335,2,2
4,SSCP-26aba27ee133a842,2,2
4,SSCP-26b00720bc185023,2,2
4,SSCP-2724561bbef7bc81,2,2
4,SSCP-275693a59dcb35f5,2,2
4,SSCP-27573e06f895b0ca,2,2
4,SSCP-2775e5d5a136ce41,2,2
4,SSCP-2777afc6f8a75d09,2,2
4,SSCP-2857abba1308552d,2,2
4,SSCP-28a71d5e375afd61,2,2
4,SSCP-28c5acd23e9a0787,2,2
4,SSCP-28d18de427e5f4a9,2,2
4,SSCP-29473d7fff15ed85,2,2
4,SSCP-296cc6b7c19e0b4e,2,2
4,SSCP-29c827dffda351d0,2,2
4,SSCP-2a611e05c8d638a4,2,2
4,SSCP-2abed7c9dc53b17f,2,2
4,SSCP-2abfb2c811b06b9e,2,2
4,SSCP-2ac7e9a262da269f,2,2
4,SSCP-2b2cbb97f23e79ab,2,2
4,SSCP-2b2f9faba731e65a,2,2
4,SSCP-2b56d53cc74fbd81,2,2
4,SSCP-2b5fda76d0929a32,2,2
4,SSCP-2bbf498d264a3856,2,2
4,SSCP-2bf9fc7d4f3a0098,2,2
4,SSCP-2c29fab263a0d70d,2,2
4,SSCP-2c537a4d4301c820,2,2
4,SSCP-2c553bd28a0468b8,2,2
4,SSCP-2c84354b30856d70,2,2
4,SSCP-2c846825027a3920,2,2
4,SSCP-2ce561e279bb165c,2,2
4,SSCP-2d321aed82bc3196,2,2
4,SSCP-2d3b64aaedb5c249,2,2
4,SSCP-2d3d09d36d7716e6,2,2
4,SSCP-2d74cec0ca735cbe,2,2
4,SSCP-2de124cff77d34c7,2,2
4,SSCP-2dedddf31e56972e,2,2
4,SSCP-2e128ce44617f50b,2,2
4,SSCP-2e4724259bc52420,2,2
4,SSCP-2e60f26030cbf044,2,2
4,SSCP-2e62bbadb6c2ad8c,2,2
4,SSCP-2e6f1259e92caef4,2,2
4,SSCP-2e73f6b099208991,2,2
4,SSCP-2e797ecb5921a196,2,2
4,SSCP-2e9922b6f2787091,2,2
4,SSCP-2ef04a348fc93651,2,2
4,SSCP-2f11073e5c0746be,2,2
4,SSCP-2f243fe127ed3cbe,2,2
4,SSCP-2f51ebbc020cb07f,2,2
4,SSCP-2f5d678c5743a120,2,2
4,SSCP-2f94435b55541db6,2,2
4,SSCP-2f9e6af82fc854ba,2,2
4,SSCP-2fc26d8a2a0f8393,2,2
4,SSCP-2fdeac6ede81eb36,2,2
4,SSCP-2fe79b53c3d337e7,2,2
4,SSCP-300f479b71de78f2,2,2
4,SSCP-3071a3814a07abe7,2,2
4,SSCP-30ffa4e457b61011,2,2
4,SSCP-3114ef2379e35c27,2,2
4,SSCP-31153c6ceff95b1d,2,2
4,SSCP-314e96f4027d3aa4,2,2
4,SSCP-31572266b29efd4d,2,2
4,SSCP-3184c870eeae19f9,2,2
4,SSCP-3227601bcd2d5bdf,2,2
4,SSCP-32b646c9134ebf31,2,2
4,SSCP-32def98ea56db6ac,2,2
4,SSCP-32edf34771c9b7da,2,2
4,SSCP-330cc3b6c555ccba,2,2
4,SSCP-3421bc36ef6579d1,2,2
4,SSCP-348a376bba29d90b,2,2
4,SSCP-349336763a53cea4,2,2
4,SSCP-3496f42819c3f193,2,2
4,SSCP-351631b9d04079bd,2,2
4,SSCP-351e03709f81e20e,2,2
4,SSCP-352e7fc54028dce6,2,2
4,SSCP-3553ae7481a13a85,2,2
4,SSCP-35f532906c9a027b,2,2
4,SSCP-366e1415b6d38902,2,2
4,SSCP-36c4cdbfb52f9571,2,2
4,SSCP-36ca2f4eace66d86,2,2
4,SSCP-36e11d73934dde30,2,2
4,SSCP-37240bdcc2b27e86,2,2
4,SSCP-373df0aec9492667,2,2
4,SSCP-37778e8d47bc39d4,2,2
4,SSCP-37ed86231a3de020,2,2
4,SSCP-37f0ef1b6e7488fc,2,2
4,SSCP-388a2b3c6e10eae9,2,2
4,SSCP-38b46a48c7b23fd1,2,2
4,SSCP-392e4473f363ca34,2,2
4,SSCP-397f7d16001fc15c,2,2
4,SSCP-39afbc6049a8dce6,2,2
4,SSCP-3a3ce08869dac8a4,2,2
4,SSCP-3aaeaae989b21914,2,2
4,SSCP-3ada726763eb0073,2,2
4,SSCP-3b32040ea77dbfea,2,2
4,SSCP-3b420bf37bd4f180,2,2
4,SSCP-3b556f0314eb812c,2,2
4,SSCP-3b5914f9431c2bdb,2,2
4,SSCP-3b601706fe596645,2,2
4,SSCP-3bbde4e097d41786,2,2
4,SSCP-3c033c1c34cec44b,2,2
4,SSCP-3c0bf9e86e3df428,2,2
4,SSCP-3c30cce22edcfbd4,2,2
4,SSCP-3c7908e2671e147e,2,2
4,SSCP-3c93b2ae614fed5a,2,2
4,SSCP-3ce7d61ec6b0ee11,2,2
4,SSCP-3d47629c5c4ef604,2,2
4,SSCP-3ddf6d5f3f9e0bed,2,2
4,SSCP-3e6928379452ca8b,2,2
4,SSCP-3ed55a8496f0e0d2,2,2
4,SSCP-3edb3e7ba043706f,2,2
4,SSCP-3eef56a53b977bcb,2,2
4,SSCP-3f2554a5fe967d17,2,2
4,SSCP-3f5b4c3a2c7e0ff7,2,2
4,SSCP-3f768071522399ed,2,2
4,SSCP-3f8b7bc0c1c15eec,2,2
4,SSCP-3f9b43ace722d719,2,2
4,SSCP-3fcd0d803ad880ad,2,2
4,SSCP-3fe73c2d79ef40c6,2,2
4,SSCP-4198da62d8056056,2,2
4,SSCP-419ed2b2aeb8ded2,2,2
4,SSCP-41a5353baf98d45c,2,2
4,SSCP-41dc8b4dd905e546,2,2
4,SSCP-4212360ec445a251,2,2
4,SSCP-422821ced2847995,2,2
4,SSCP-422bb7b082ccf0ee,2,2
4,SSCP-426a8688ea8fe2d1,2,2
4,SSCP-429608d038df84cc,2,2
4,SSCP-42c942a3ea245a56,2,2
4,SSCP-42df823fdbc96f09,2,2
4,SSCP-43003115d1c522e5,2,2
4,SSCP-431bd177f83b448d,2,2
4,SSCP-4320b7c1140732b3,2,2
4,SSCP-4343b00a7b893736,2,2
4,SSCP-43f049d9f0db625a,2,2
4,SSCP-4495a2c0021ca5a1,2,2
4,SSCP-450da5cd272fa851,2,2
4,SSCP-45c050e7329d400e,2,2
4,SSCP-45d66c23109777f9,2,2
4,SSCP-46183841a4e007c7,2,2
4,SSCP-461bd6e1f61903c1,2,2
4,SSCP-462a6994fc614a30,2,2
4,SSCP-46601e172a97268b,2,2
4,SSCP-469284f85f704f5b,2,2
4,SSCP-46ca62b3be4e2d1c,2,2
4,SSCP-46ce29f2a54f7312,2,2
4,SSCP-4729bb6ffd558bb8,2,2
4,SSCP-4816f9705106251c,2,2
4,SSCP-4823727736167da9,2,2
4,SSCP-4859ce21e4cc472b,2,2
4,SSCP-489a8fe23e8ceb73,2,2
4,SSCP-49758e93c49d80bd,2,2
4,SSCP-497d85f71d8c8896,2,2
4,SSCP-498596ab6fa63045,2,2
4,SSCP-49e998bcf838cab9,2,2
4,SSCP-4a557efd8da8a111,2,2
4,SSCP-4a861c730d304257,2,2
4,SSCP-4a8679dfc3bf70e4,2,2
4,SSCP-4a9a7ec15a52be42,2,2
4,SSCP-4adb81fc451ecb7f,2,2
4,SSCP-4ae6763dd9b35293,2,2
4,SSCP-4b10bd5af59929f6,2,2
4,SSCP-4b2504a526d7883d,2,2
4,SSCP-4b38f5f47f7c45e9,2,2
4,SSCP-4b6be914a5a306df,2,2
4,SSCP-4bf7514686600aea,2,2
4,SSCP-4c3055539be088e3,2,2
4,SSCP-4c5229443395b3ec,2,2
4,SSCP-4c6aabb81b471fab,2,2
4,SSCP-4c767d3e08d6b584,2,2
4,SSCP-4ca0c2846a89ef12,2,2
4,SSCP-4cdbbb85f00dc345,2,2
4,SSCP-4cfb0575170696cc,2,2
4,SSCP-4d1dde8872f0ef29,2,2
4,SSCP-4da0a49df49eb936,2,2
4,SSCP-4dbc2aeae7783ab9,2,2
4,SSCP-4e0a5c1fefd72716,2,2
4,SSCP-4e0d8bcf0338d211,2,2
4,SSCP-4e35a4d81eb62613,2,2
4,SSCP-4e56a87b4c71a71c,2,2
4,SSCP-4e62bc6e78e44920,2,2
4,SSCP-4e77eb8984061552,2,2
4,SSCP-4f1202d106592234,2,2
4,SSCP-4f24fe3a72b1a0de,2,2
4,SSCP-4f81a8724ad21e0b,2,2
4,SSCP-4f875ac6a597e2bc,2,2
4,SSCP-4f9397efa7487a4f,2,2
4,SSCP-4f9e42dff49a4d23,2,2
4,SSCP-4feeac3b931c561f,2,2
4,SSCP-4ffe1f6326be1ad0,2,2
4,SSCP-50160d2ae305b2fa,2,2
4,SSCP-50253b2828d85a1d,2,2
4,SSCP-5026178c8874b7db,2,2
4,SSCP-50604013c999f1e1,2,2
4,SSCP-50777b93424adb5b,2,2
4,SSCP-50884a9d0655873e,2,2
4,SSCP-50daba5b47fbb664,2,2
4,SSCP-50edccc0566bbc85,2,2
4,SSCP-513b61cc7e2bce45,2,2
4,SSCP-51f47d48a7bf6ea1,2,2
4,SSCP-522ec085f4a931c7,2,2
4,SSCP-525b502641bc780b,2,2
4,SSCP-528827cc1aa4e8ef,2,2
4,SSCP-52a8e54fe6382d8e,2,2
4,SSCP-52c826c56766729c,2,2
4,SSCP-52de642b5f81451d,2,2
4,SSCP-530cb2585f07eb3d,2,2
4,SSCP-5318ef170d612460,2,2
4,SSCP-53556d9e199c2783,2,2
4,SSCP-5359503f502a7837,2,2
4,SSCP-53ba5b9df4859d49,2,2
4,SSCP-53bffbe1a720dd64,2,2
4,SSCP-540bd08b709917ab,2,2
4,SSCP-541b16490db2cb7f,2,2
4,SSCP-5452121b69f3b7c7,2,2
4,SSCP-54544253045000f5,2,2
4,SSCP-5482ec0d545df370,2,2
4,SSCP-54b4f32fb4363334,2,2
4,SSCP-54c463380cf7700f,2,2
4,SSCP-54e34786050c0ff4,2,2
4,SSCP-54fc17255363cb28,2,2
4,SSCP-54ffe8422552c6fe,2,2
4,SSCP-5542d5eb52c4fb97,2,2
4,SSCP-554b3ff4937a7fc0,2,2
4,SSCP-554c3082bfde7d60,2,2
4,SSCP-55707e3e6d5ae29a,2,2
4,SSCP-55e8abfa3a4daff6,2,2
4,SSCP-562096e736165653,2,2
4,SSCP-562f3d62e4e9dab0,2,2
4,SSCP-56371d72e370d026,2,2
4,SSCP-56dce2a86bc42d77,2,2
4,SSCP-5740f52cc765c71a,2,2
4,SSCP-574da1376a003674,2,2
4,SSCP-578e91018895358a,2,2
4,SSCP-57dee76443273673,2,2
4,SSCP-58006b1ce4370048,2,2
4,SSCP-5852b8c64a81dd17,2,2
4,SSCP-5865ded4b3063db4,2,2
4,SSCP-589ea22a02be9617,2,2
4,SSCP-58a4114ba572beb5,2,2
4,SSCP-58adeb3cb5243e37,2,2
4,SSCP-59123c7fc16ec1ef,2,2
4,SSCP-591304ef46df433a,2,2
4,SSCP-59a803a54be3362d,2,2
4,SSCP-59d921e53c01aabd,2,2
4,SSCP-59fcbc17c2345f25,2,2
4,SSCP-5a1904ecb5927977,2,2
4,SSCP-5a4928104da0a537,2,2
4,SSCP-5a60ad87d2c0f134,2,2
4,SSCP-5a639844aac6f29d,2,2
4,SSCP-5b24e2649cd1f894,2,2
4,SSCP-5b28e7478c7e207a,2,2
4,SSCP-5b6d8656ffbe597d,2,2
4,SSCP-5baed7a4bdaeeb06,2,2
4,SSCP-5c0bbf368d1a5dc9,2,2
4,SSCP-5c0c81664d1cf8a6,2,2
4,SSCP-5c3efbc0b23ee0f6,2,2
4,SSCP-5c8c44e56e27e97f,2,2
4,SSCP-5c96652426825453,2,2
4,SSCP-5c9c55ed039d50c9,2,2
4,SSCP-5ccce97b7c1f7330,2,2
4,SSCP-5d14256d9aa46d5e,2,2
4,SSCP-5d33dd8944028e59,2,2
4,SSCP-5d4c9c0c457a493c,2,2
4,SSCP-5dab76094490fa5d,2,2
4,SSCP-5dfd06d01a9e1565,2,2
4,SSCP-5e0347e0880e8806,2,2
4,SSCP-5e506d8ce4c76051,2,2
4,SSCP-5e5e8eefd65eabcb,2,2
4,SSCP-5e7f6ad4327cfc6f,2,2
4,SSCP-5ebeb28b2054e763,2,2
4,SSCP-5ed15297491cbaef,2,2
4,SSCP-5ef9857c0fc84433,2,2
4,SSCP-5f3dba66293f45c2,2,2
4,SSCP-5f6d77021b416e63,2,2
4,SSCP-5fc121e1e714bc53,2,2
4,SSCP-5fcb889fcda40027,2,2
4,SSCP-5fe21bf9816270d6,2,2
4,SSCP-60364f227748892c,2,2
4,SSCP-606cff152a09decb,2,2
4,SSCP-611e12a89f27977c,2,2
4,SSCP-6135ee294223c574,2,2
4,SSCP-614085fb10e4c111,2,2
4,SSCP-614561ffab21e033,2,2
4,SSCP-62170065ded4bfc9,2,2
4,SSCP-625cdb236aeddc96,2,2
4,SSCP-62a8f82ad97cdd43,2,2
4,SSCP-63906b90876fab86,2,2
4,SSCP-639f58a38fe0aee8,2,2
4,SSCP-640159165ebd253a,2,2
4,SSCP-64098ca175195edc,2,2
4,SSCP-6420ee3bdfdaeb36,2,2
4,SSCP-64336101efb893f9,2,2
4,SSCP-643561d7f8993049,2,2
4,SSCP-64896f28a7c09573,2,2
4,SSCP-6504c9de9fe84e5e,2,2
4,SSCP-6508bc8e874b5171,2,2
4,SSCP-650f14e70d88d5b0,2,2
4,SSCP-654d94c31b5c69f2,2,2
4,SSCP-656db08078cff6ce,2,2
4,SSCP-65747dc66b4dcd12,2,2
4,SSCP-65b63834cd7ea272,2,2
4,SSCP-65cd54f0f99fc83d,2,2
4,SSCP-65d8857f64e211be,2,2
4,SSCP-6612a9d7f70449f1,2,2
4,SSCP-665aee58f9744b1b,2,2
4,SSCP-667f3ccbfb92d232,2,2
4,SSCP-6693bee5ba041145,2,2
4,SSCP-66f6944ee01429d4,2,2
4,SSCP-6712a28ef7fd2fbf,2,2
4,SSCP-671405231cc2a8a4,2,2
4,SSCP-672b66a67d7ddd56,2,2
4,SSCP-672f5d3a52344363,2,2
4,SSCP-6731f2c1c6342791,2,2
4,SSCP-67f2994fe858dc24,2,2
4,SSCP-681f9ba178f50378,2,2
4,SSCP-684bc7498519ba9d,2,2
4,SSCP-684d2e5b6afb5b94,2,2
4,SSCP-68938f14a2e702b3,2,2
4,SSCP-68b3acddae3e4dd0,2,2
4,SSCP-6927d7fdfca5685d,2,2
4,SSCP-6976aa466682efee,2,2
4,SSCP-69d508385a1820a4,2,2
4,SSCP-6a0520ca27e8a1fc,2,2
4,SSCP-6a43b65e963493ee,2,2
4,SSCP-6a4c49dabb8dfdd8,2,2
4,SSCP-6aa5cfdd8c475422,2,2
4,SSCP-6b2ff343f9b37210,2,2
4,SSCP-6b43c609cb081b31,2,2
4,SSCP-6b652385b9867dfc,2,2
4,SSCP-6ba328781ddc1bc6,2,2
4,SSCP-6bb7ae1a5c105302,2,2
4,SSCP-6bbf4b42c0a7567c,2,2
4,SSCP-6be461271134484f,2,2
4,SSCP-6bf3c859aa1de00f,2,2
4,SSCP-6c78faa800afc318,2,2
4,SSCP-6cf264218e15c13c,2,2
4,SSCP-6cf31f207f28bc40,2,2
4,SSCP-6cfc0d3edbe3392d,2,2
4,SSCP-6d51854b5b0efa91,2,2
4,SSCP-6dd0131846ffc453,2,2
4,SSCP-6dd15d5127d61b9c,2,2
4,SSCP-6e09883a64596ae4,2,2
4,SSCP-6e3e5e7d32553b51,2,2
4,SSCP-6e56c3c1da28c394,2,2
4,SSCP-6e92aba74f45dd6f,2,2
4,SSCP-6ee4aaff84cea928,2,2
4,SSCP-6ee8d8575443b80f,2,2
4,SSCP-6fb7cfd10038104a,2,2
4,SSCP-6ffbb3ae89401230,2,2
4,SSCP-7015440c071baf91,2,2
4,SSCP-70367f1ea9593d44,2,2
4,SSCP-7063b80f35ef2d8e,2,2
4,SSCP-708aa68b53441465,2,2
4,SSCP-712f96e7b4b6806f,2,2
4,SSCP-71ed918883cc7ff8,2,2
4,SSCP-720d3738f0f507d9,2,2
4,SSCP-725e68767e81495b,2,2
4,SSCP-726de7fc9d6eb279,2,2
4,SSCP-7294b49d4fd6eb04,2,2
4,SSCP-72ada3cf97d49d9a,2,2
4,SSCP-72e713d2d6c369ef,2,2
4,SSCP-72efd2205a24a304,2,2
4,SSCP-73043cf538b3f73b,2,2
4,SSCP-730786f0e9f090b2,2,2
4,SSCP-7314b88f41da371a,2,2
4,SSCP-736248c3c68ca29c,2,2
4,SSCP-73fccea9a0dc11a4,2,2
4,SSCP-744c10e07f2643bd,2,2
4,SSCP-7492c5302281214f,2,2
4,SSCP-74d67319d9bed9dc,2,2
4,SSCP-74dabec5fc831c67,2,2
4,SSCP-754126a0796b9445,2,2
4,SSCP-755f521120cd64ca,2,2
4,SSCP-756a0dc41373284e,2,2
4,SSCP-758a4277342f6e11,2,2
4,SSCP-759c934827490d03,2,2
4,SSCP-75d10bef1e72922a,2,2
4,SSCP-7620225662dad21e,2,2
4,SSCP-76459afbe4253931,2,2
4,SSCP-765e77431f3e03d3,2,2
4,SSCP-768c3899eab5f677,2,2
4,SSCP-768d533d2deebcf7,2,2
4,SSCP-76d779a39de12d6c,2,2
4,SSCP-76d9f40b943bae45,2,2
4,SSCP-7702f36ca15f2cb8,2,2
4,SSCP-770b069541be9fba,2,2
4,SSCP-771b08d38ce337e0,2,2
4,SSCP-7729d4c0408ae2c6,2,2
4,SSCP-774752e59d3a311c,2,2
4,SSCP-775a1009c0e52d63,2,2
4,SSCP-78334550d5421893,2,2
4,SSCP-7872503c77af0713,2,2
4,SSCP-78b2fa62a4b418ab,2,2
4,SSCP-78c0972c61062ddf,2,2
4,SSCP-78ef7b0cb7eb3327,2,2
4,SSCP-791918143f815f1a,2,2
4,SSCP-7924bcf19762f824,2,2
4,SSCP-79424ed6c8be1d70,2,2
4,SSCP-794307a4193cec2c,2,2
4,SSCP-796669264fc927c2,2,2
4,SSCP-79b6f858e52ffcd6,2,2
4,SSCP-79bd9b0dae595816,2,2
4,SSCP-79ca227863fc1e5f,2,2
4,SSCP-79db350229b3c2ec,2,2
4,SSCP-7a0f80201a919d99,2,2
4,SSCP-7a3cc43fe0aed68e,2,2
4,SSCP-7a5b8a9a1ba9530c,2,2
4,SSCP-7a63d4541d22fee7,2,2
4,SSCP-7a6608e0f8d0cc78,2,2
4,SSCP-7b06a76e4809a13c,2,2
4,SSCP-7b719f4fc73a404f,2,2
4,SSCP-7b7f10b1ebfa7ab9,2,2
4,SSCP-7c1f569fbaa1a25d,2,2
4,SSCP-7c2ccb7744ea2880,2,2
4,SSCP-7c3c9b3bcac71f2b,2,2
4,SSCP-7c4066d51ba18958,2,2
4,SSCP-7c4293d36f39df20,2,2
4,SSCP-7c643c086a000068,2,2
4,SSCP-7c904f0db29bcf3b,2,2
4,SSCP-7c90728472a59caa,2,2
4,SSCP-7cb55d0256d00ae4,2,2
4,SSCP-7ccb98720b6d1d35,2,2
4,SSCP-7cd114ac83e69b8f,2,2
4,SSCP-7ce87f27e591d883,2,2
4,SSCP-7d41f373f61fcffe,2,2
4,SSCP-7d66cef5b3cbab98,2,2
4,SSCP-7d69e826de870c58,2,2
4,SSCP-7df284cf98ed0487,2,2
4,SSCP-7e0cf6529d4e4e47,2,2
4,SSCP-7ec501ae1982bb45,2,2
4,SSCP-7ef190dc97708f57,2,2
4,SSCP-7f004567fec59977,2,2
4,SSCP-7f29b21ca86c0c9b,2,2
4,SSCP-7f396fd72824a0a5,2,2
4,SSCP-7f45dc3dae70b1f9,2,2
4,SSCP-7f5241b2a2629dcc,2,2
4,SSCP-7f7ecf84c136eece,2,2
4,SSCP-7f8b66e69e45fa6d,2,2
4,SSCP-7fac4d68b7228b90,2,2
4,SSCP-7fcde8aabe62fb2d,2,2
4,SSCP-7fd507d8ece71bb1,2,2
4,SSCP-7ffc785e87b7989f,2,2
4,SSCP-8006c5f5d64c5c6f,2,2
4,SSCP-8058373540028171,2,2
4,SSCP-80c50b0f9520eff7,2,2
4,SSCP-8136585581ff8d42,2,2
4,SSCP-81585062e5df5343,2,2
4,SSCP-81ad6cc5b50f6446,2,2
4,SSCP-81d5e90aeb9e8344,2,2
4,SSCP-82175eb2a2db6119,2,2
4,SSCP-8236633ad8bf6594,2,2
4,SSCP-823de5ded496d7b7,2,2
4,SSCP-827f23cf7528aab4,2,2
4,SSCP-833c7027ff488fc8,2,2
4,SSCP-83a64d956fbdb419,2,2
4,SSCP-844e5a1520afcf1a,2,2
4,SSCP-845cc4cb8915fc74,2,2
4,SSCP-846da4f85c6e0c62,2,2
4,SSCP-84838f44676821d0,2,2
4,SSCP-84dbd35854d03b04,2,2
4,SSCP-8535f92511dc0c06,2,2
4,SSCP-8544c54df87c319a,2,2
4,SSCP-8585cc1ca670c5c8,2,2
4,SSCP-8595f97dd7b52161,2,2
4,SSCP-85d28656d78e8ff1,2,2
4,SSCP-860440df9d2ddf13,2,2
4,SSCP-8622198799c1ac78,2,2
4,SSCP-8629ba7bf70103c8,2,2
4,SSCP-86596ef6e8cce561,2,2
4,SSCP-869268142927832b,2,2
4,SSCP-86babc5e6f16cbb4,2,2
4,SSCP-86c672ce36d8f4a0,2,2
4,SSCP-86eb5e986b2341f2,2,2
4,SSCP-875bf9028de981db,2,2
4,SSCP-8793526dc8e494fa,2,2
4,SSCP-879eadae3cca1716,2,2
4,SSCP-87baeb6baa1b9077,2,2
4,SSCP-88079f9ddd2d39fc,2,2
4,SSCP-880e8f917952bcb5,2,2
4,SSCP-881084b3802ff6b1,2,2
4,SSCP-881a633a11061b14,2,2
4,SSCP-88379c3817d94845,2,2
4,SSCP-890a1df45368c275,2,2
4,SSCP-890ccbc0efcee2a4,2,2
4,SSCP-892a904c7decf61f,2,2
4,SSCP-8974476f9784f25c,2,2
4,SSCP-89822cf5b2282bdb,2,2
4,SSCP-898d8c169d9cb96b,2,2
4,SSCP-89a001170812fa1e,2,2
4,SSCP-89eaf7836078b298,2,2
4,SSCP-89f6b84f72d112db,2,2
4,SSCP-8a3588a3e9a9bcb4,2,2
4,SSCP-8a45ab783c106f75,2,2
4,SSCP-8a4d0b9a36d09cbf,2,2
4,SSCP-8a64676636933234,2,2
4,SSCP-8ac2e248c0c791f6,2,2
4,SSCP-8ade04e9c52962ff,2,2
4,SSCP-8b0da5722d27592c,2,2
4,SSCP-8b4ebd8a4ec4ee6a,2,2
4,SSCP-8bc65126500af247,2,2
4,SSCP-8bf27c7f47054158,2,2
4,SSCP-8c322fe41faf94ac,2,2
4,SSCP-8c40713cee28032b,2,2
4,SSCP-8d201aa4cd5ecb0f,2,2
4,SSCP-8d213d61c0b1f085,2,2
4,SSCP-8d46d5004756f506,2,2
4,SSCP-8d9850f291a3822a,2,2
4,SSCP-8da7c7308243a86a,2,2
4,SSCP-8dfdbf929bbb4ed8,2,2
4,SSCP-8e06d93ddc59a01f,2,2
4,SSCP-8e1787037e6e0b46,2,2
4,SSCP-8e18c89d72193bac,2,2
4,SSCP-8e3a250b1d041504,2,2
4,SSCP-8e48a0a6fc107f13,2,2
4,SSCP-8e93dac81a4b28fd,2,2
4,SSCP-8e9a301971cf6122,2,2
4,SSCP-8ee5e8d5cd7f950a,2,2
4,SSCP-8f271cbab24b4d01,2,2
4,SSCP-8f59350109d6b47a,2,2
4,SSCP-8f6232435eabf10a,2,2
4,SSCP-8fbb91103e5d1595,2,2
4,SSCP-8fcb0c787d83667a,2,2
4,SSCP-901e50ab9dbbb216,2,2
4,SSCP-902cdd1b969a3b97,2,2
4,SSCP-90549f983c761a5e,2,2
4,SSCP-907defa035dfc7d5,2,2
4,SSCP-908631cc6ab0fbbf,2,2
4,SSCP-90d7a129bfdf463c,2,2
4,SSCP-90ec06138c1f1632,2,2
4,SSCP-90f9784ed10753e6,2,2
4,SSCP-9159e4e4de54abf6,2,2
4,SSCP-916a79be4eece91e,2,2
4,SSCP-923324cbf923d232,2,2
4,SSCP-9267299435194b0f,2,2
4,SSCP-92ed99abcd75a7f1,2,2
4,SSCP-9309ab610acfdb82,2,2
4,SSCP-93368e314e12452a,2,2
4,SSCP-939ec57168cefa47,2,2
4,SSCP-9408821b065c219a,2,2
4,SSCP-9456588b72f06d64,2,2
4,SSCP-94604ad73189c47d,2,2
4,SSCP-94788a3502b76f03,2,2
4,SSCP-94f8dcfff52c2066,2,2
4,SSCP-950ddd0173703359,2,2
4,SSCP-951cb4cc4ebdfc95,2,2
4,SSCP-9580281d18a5c7d9,2,2
4,SSCP-95e1d638416fa9f5,2,2
4,SSCP-961d1c321d0cf6ec,2,2
4,SSCP-9668072b4567174f,2,2
4,SSCP-966a0502bd3b8a55,2,2
4,SSCP-969a21950c11ea89,2,2
4,SSCP-969c7169dd308cfc,2,2
4,SSCP-96d1a680dac2f100,2,2
4,SSCP-973c5b5af0f5c32c,2,2
4,SSCP-97490b2ea7937485,2,2
4,SSCP-9757102c5284deaa,2,2
4,SSCP-97576014dcb71310,2,2
4,SSCP-985572e40e9550cb,2,2
4,SSCP-986b9218c3a9d07b,2,2
4,SSCP-9876428e856afdfa,2,2
4,SSCP-988e2fd1f21991c8,2,2
4,SSCP-98dc379a448834ac,2,2
4,SSCP-98e75ece72e66ecc,2,2
4,SSCP-992b21e49ddea21d,2,2
4,SSCP-99d8651aed85aa3d,2,2
4,SSCP-9a018f0c4bd11aca,2,2
4,SSCP-9a0a95984ec63d4e,2,2
4,SSCP-9a0fb7c581732db7,2,2
4,SSCP-9a97d435043ad3e8,2,2
4,SSCP-9aabc7567302a0c2,2,2
4,SSCP-9b1198312a951a9b,2,2
4,SSCP-9b72770dc9e588cd,2,2
4,SSCP-9bc00d5e281d61ba,2,2
4,SSCP-9bde22ecdd822756,2,2
4,SSCP-9bdf8ae142f7dd6b,2,2
4,SSCP-9be4e160b4d91b3a,2,2
4,SSCP-9c07888fc59135b0,2,2
4,SSCP-9cbad76d4da2e4cd,2,2
4,SSCP-9cdf1e4b1e90c4c3,2,2
4,SSCP-9d49113764fe7ae8,2,2
4,SSCP-9d5df21fc53efbbe,2,2
4,SSCP-9dd91f4faa1f73e7,2,2
4,SSCP-9dec4462d94f81b0,2,2
4,SSCP-9e3830139ebd06fe,2,2
4,SSCP-9e95bf37b0c9e68c,2,2
4,SSCP-9edddbb95d1d3ab1,2,2
4,SSCP-9ef4b2f391ebb421,2,2
4,SSCP-9ef800787eb9c187,2,2
4,SSCP-9f16dcda9e1775d3,2,2
4,SSCP-9f37dfdc6fb5e106,2,2
4,SSCP-9f5e9ccb824f9212,2,2
4,SSCP-9f76b98ddcfcc9f0,2,2
4,SSCP-9f7e0ac2e11d7f39,2,2
4,SSCP-9f8756b22fac9d56,2,2
4,SSCP-9fc049a757a34884,2,2
4,SSCP-9fe3f2cb9849368d,2,2
4,SSCP-9ff8922ce9620f39,2,2
4,SSCP-9fff12b0cc65ff5b,2,2
4,SSCP-a03ed164246c321f,2,2
4,SSCP-a0a570a5c6e38611,2,2
4,SSCP-a11d46ff8c2f711d,2,2
4,SSCP-a156fa2807aad0dd,2,2
4,SSCP-a15a4dd30b9cf821,2,2
4,SSCP-a16c3667168bc2ac,2,2
4,SSCP-a19ddb7c1cfa7825,2,2
4,SSCP-a1d9abb5ea21041a,2,2
4,SSCP-a1e18b3d7e9e55a9,2,2
4,SSCP-a20271a65365cf88,2,2
4,SSCP-a215d7f8e2cd5949,2,2
4,SSCP-a22439c4a1d1257a,2,2
4,SSCP-a25014698399b3cf,2,2
4,SSCP-a282b514c040917f,2,2
4,SSCP-a2f3fcb2fc410da1,2,2
4,SSCP-a3146e09eeab8bef,2,2
4,SSCP-a31bd1d96bb8fdeb,2,2
4,SSCP-a33281cf3ab9c57c,2,2
4,SSCP-a33f92e9103a455d,2,2
4,SSCP-a355d58ded58435c,2,2
4,SSCP-a35882838c899f73,2,2
4,SSCP-a3dbcd30c03fab54,2,2
4,SSCP-a3f47bb93639a1d5,2,2
4,SSCP-a3fdc4bb7457e5ad,2,2
4,SSCP-a44d5e0c7ff720ca,2,2
4,SSCP-a45829f890dbc80d,2,2
4,SSCP-a47f97121d419e9c,2,2
4,SSCP-a4b3d40d2c9a6fa7,2,2
4,SSCP-a4c6e646d8cd613b,2,2
4,SSCP-a504086ecb64c79e,2,2
4,SSCP-a5261e0a58c3bc44,2,2
4,SSCP-a599feacb354f5d3,2,2
4,SSCP-a59ba08eb62949b5,2,2
4,SSCP-a5d7b42fff193596,2,2
4,SSCP-a5dba76664418451,2,2
4,SSCP-a65a339b09f329bb,2,2
4,SSCP-a694b53af398b81e,2,2
4,SSCP-a71ff8ab4dbd1515,2,2
4,SSCP-a7af7ca72457cb2b,2,2
4,SSCP-a7eec55ed75aafff,2,2
4,SSCP-a7f2ee9fb9d2e12c,2,2
4,SSCP-a809bbe553658ff3,2,2
4,SSCP-a857bb9278cb8d6f,2,2
4,SSCP-a87f60ad287aa8d3,2,2
4,SSCP-a89a3ab2f425c3f6,2,2
4,SSCP-a8a49c90a408c497,2,2
4,SSCP-a8a8a067ba967fbd,2,2
4,SSCP-a8f40688d5c4437d,2,2
4,SSCP-a90d433649ab3b98,2,2
4,SSCP-a932ca95052ae2a9,2,2
4,SSCP-a950321bc72f5142,2,2
4,SSCP-a953a9cd549281ea,2,2
4,SSCP-a9bbdce40ecfa640,2,2
4,SSCP-a9c501cb868d7cec,2,2
4,SSCP-a9f24d919cbb07d7,2,2
4,SSCP-a9f82eede7acc4b3,2,2
4,SSCP-aa11a0f14b67fd58,2,2
4,SSCP-aa2f76086367acda,2,2
4,SSCP-aa52d8cafcbf58ab,2,2
4,SSCP-aa84c4f8e59b2586,2,2
4,SSCP-aaf3ca3d61366011,2,2
4,SSCP-ab190c5c16ac1198,2,2
4,SSCP-ab22c4e3a4d9fb41,2,2
4,SSCP-ab3aecffe9c1cbaf,2,2
4,SSCP-ab3e0c473192d4ab,2,2
4,SSCP-ab5c78e91c8de8fe,2,2
4,SSCP-ab80cd077a283c90,2,2
4,SSCP-ab87339afc7e3db2,2,2
4,SSCP-aba852a195a8b0fe,2,2
4,SSCP-abb6c44649543be8,2,2
4,SSCP-abdc67adb7ec2c74,2,2
4,SSCP-abf1c19d05cab9bc,2,2
4,SSCP-ac0a8a0c2295f8d9,2,2
4,SSCP-ac1d3a1380e29957,2,2
4,SSCP-ac45a6eb6bf7777d,2,2
4,SSCP-ac536e9f3cd4d684,2,2
4,SSCP-ac57dcd68c170f24,2,2
4,SSCP-ac6d89cc9db882f3,2,2
4,SSCP-ac784d1771ca50fb,2,2
4,SSCP-ac85097311421127,2,2
4,SSCP-ace9baf280ae2bd9,2,2
4,SSCP-ad74acc2bed9f285,2,2
4,SSCP-ada9ebaf1ea0d892,2,2
4,SSCP-adc5cc0641a14b4c,2,2
4,SSCP-ade028fd16bd0541,2,2
4,SSCP-ae49ecdfb175d0af,2,2
4,SSCP-ae545d29cda16a73,2,2
4,SSCP-ae6eead5e863f296,2,2
4,SSCP-ae85f41859d89944,2,2
4,SSCP-aec8c5eda2063620,2,2
4,SSCP-aefbc07b01f03eee,2,2
4,SSCP-aff45221e4a7f54e,2,2
4,SSCP-aff4bf61e576d476,2,2
4,SSCP-b0134a5ac756d3cf,2,2
4,SSCP-b06f7e8a7200665c,2,2
4,SSCP-b094ebdfa9df2b1d,2,2
4,SSCP-b0b35bdc40ace38e,2,2
4,SSCP-b0d8fe57c5c071bb,2,2
4,SSCP-b0e8a1850fe19700,2,2
4,SSCP-b130304f62912e6e,2,2
4,SSCP-b1964409bbc91f68,2,2
4,SSCP-b1e91dd352197de7,2,2
4,SSCP-b219d759089ac773,2,2
4,SSCP-b22f5b1cab3d4692,2,2
4,SSCP-b27817e2a076529e,2,2
4,SSCP-b27db484fc9788c8,2,2
4,SSCP-b2c564cc2eca1474,2,2
4,SSCP-b2f74b487553eb7b,2,2
4,SSCP-b3519234055b3fb4,2,2
4,SSCP-b35f8401efd6dea3,2,2
4,SSCP-b3a96c9ddc6c0af6,2,2
4,SSCP-b3bcb31f0ded5afc,2,2
4,SSCP-b3f3da07c64c3757,2,2
4,SSCP-b3fcdb3f59ab6dd7,2,2
4,SSCP-b3fdbbb9917d0dc2,2,2
4,SSCP-b40f07066b5dd11f,2,2
4,SSCP-b436499db87f08e6,2,2
4,SSCP-b460edef6b41bb55,2,2
4,SSCP-b477929fcd0a70eb,2,2
4,SSCP-b48804e080a7b941,2,2
4,SSCP-b4966eac71787b12,2,2
4,SSCP-b4a10b903949d5ff,2,2
4,SSCP-b4ada21738b9dbeb,2,2
4,SSCP-b52810ab1a869d9d,2,2
4,SSCP-b5570dbcfd185227,2,2
4,SSCP-b559627740991635,2,2
4,SSCP-b594f624429381bc,2,2
4,SSCP-b5c8ec9a0062db9e,2,2
4,SSCP-b5ee54ec9e023981,2,2
4,SSCP-b6b28c7b090f29e3,2,2
4,SSCP-b6d3ee688795cffc,2,2
4,SSCP-b6deb9fad959ebbd,2,2
4,SSCP-b6e0202ef24ac683,2,2
4,SSCP-b6fa2ba06e7aa890,2,2
4,SSCP-b70cb8a261656842,2,2
4,SSCP-b71006345e37dbb7,2,2
4,SSCP-b7471723c584fb58,2,2
4,SSCP-b79b57ec6aaf1813,2,2
4,SSCP-b7a1a35c2332fe79,2,2
4,SSCP-b7bc11f3674f74ab,2,2
4,SSCP-b7e07eef17bbf826,2,2
4,SSCP-b822e543140861cc,2,2
4,SSCP-b823ff608aa439b8,2,2
4,SSCP-b86f03748a2a8c4c,2,2
4,SSCP-b8a21e8b6fc31a1b,2,2
4,SSCP-b8a95a4d787fd7d3,2,2
4,SSCP-b8b1309741d82cbd,2,2
4,SSCP-b8d8263728004d84,2,2
4,SSCP-b940c9081bb41d20,2,2
4,SSCP-b942e18529c4a661,2,2
4,SSCP-b9940046f9eb519f,2,2
4,SSCP-b99a2ac65f8cb3ed,2,2
4,SSCP-b9a2306d6e54cdc4,2,2
4,SSCP-b9bc01073ebd69c3,2,2
4,SSCP-b9cf3dfbe475f902,2,2
4,SSCP-ba2bcdae1b049a38,2,2
4,SSCP-ba3681ba6f72e06c,2,2
4,SSCP-ba3b4d201570a963,2,2
4,SSCP-ba7f0a2bb7147b13,2,2
4,SSCP-ba837053c56fd66b,2,2
4,SSCP-bb4cd2d7ced7d162,2,2
4,SSCP-bb5dc317c0a26048,2,2
4,SSCP-bb62ef2710fa6757,2,2
4,SSCP-bba1bcd2fa49cbd4,2,2
4,SSCP-bba6f35e3dc8af04,2,2
4,SSCP-bbfe8dbc86f5d517,2,2
4,SSCP-bc39936afac258cd,2,2
4,SSCP-bc68b1db276c7fad,2,2
4,SSCP-bce3d5bfa9f1ec02,2,2
4,SSCP-bce60069e7e3d0f5,2,2
4,SSCP-bd69b70428b3404a,2,2
4,SSCP-bd976946914886a5,2,2
4,SSCP-bd9b479b09896c97,2,2
4,SSCP-bda989dc28ca9778,2,2
4,SSCP-bdb16c5bc4576002,2,2
4,SSCP-bddebe0f460c4afe,2,2
4,SSCP-be100b62d2556b2d,2,2
4,SSCP-be61179547fffaff,2,2
4,SSCP-bef21a651475429c,2,2
4,SSCP-bef52efddf68f55a,2,2
4,SSCP-befd6eaffbe7f287,2,2
4,SSCP-bf3a641ef893e416,2,2
4,SSCP-bf3ba2d6d0a36cbe,2,2
4,SSCP-bf3d4b6ae92eb2ef,2,2
4,SSCP-bf779f6c0a01d535,2,2
4,SSCP-bfea02f77ccc128f,2,2
4,SSCP-bff4ac797cf87ed2,2,2
4,SSCP-c0e260357d779dfc,2,2
4,SSCP-c101b7a4bec8d0b2,2,2
4,SSCP-c1122d03d19db64a,2,2
4,SSCP-c132c46e12b01f6a,2,2
4,SSCP-c185807c05eda0ea,2,2
4,SSCP-c1bde980d11b74aa,2,2
4,SSCP-c1f5e40a92b69481,2,2
4,SSCP-c21cb3f74ed34aa3,2,2
4,SSCP-c26785e93cac04d5,2,2
4,SSCP-c27f91dd5394e8f4,2,2
4,SSCP-c28038e4008e3141,2,2
4,SSCP-c2b7796dd7a8e0ac,2,2
4,SSCP-c370d26fcf1127af,2,2
4,SSCP-c375826a551c61d9,2,2
4,SSCP-c39e5488c200945e,2,2
4,SSCP-c3ce5e35e86eb333,2,2
4,SSCP-c3f8f38b68cb9d7e,2,2
4,SSCP-c41e6531ee088f4c,2,2
4,SSCP-c444e8cca906a4dc,2,2
4,SSCP-c4a261662546c2e6,2,2
4,SSCP-c4df77c40d0bac6a,2,2
4,SSCP-c506f1539800c55f,2,2
4,SSCP-c51a62982bae7b81,2,2
4,SSCP-c55e048b7fc07dd5,2,2
4,SSCP-c5641ffa39953e1a,2,2
4,SSCP-c56cc0396fbc77c9,2,2
4,SSCP-c5729bf76c2ca203,2,2
4,SSCP-c57e5184c3ea9246,2,2
4,SSCP-c58763206e12e6dc,2,2
4,SSCP-c5e16b903439e85d,2,2
4,SSCP-c65980effe09814a,2,2
4,SSCP-c67d19f504068604,2,2
4,SSCP-c71414336feb5f32,2,2
4,SSCP-c72b488ee873d7cc,2,2
4,SSCP-c7472d319239e8bb,2,2
4,SSCP-c77270452867e4a5,2,2
4,SSCP-c7969aa4c9749852,2,2
4,SSCP-c7b2715af5c1e0ba,2,2
4,SSCP-c7b5e637b0dec4d3,2,2
4,SSCP-c7c62106ddf321b4,2,2
4,SSCP-c7f2757cc6220b39,2,2
4,SSCP-c7fc358b81cdc669,2,2
4,SSCP-c82a0eccd13aebfe,2,2
4,SSCP-c8456910c410e4e3,2,2
4,SSCP-c8c72b336d6fde2e,2,2
4,SSCP-c8c834f7865a40ce,2,2
4,SSCP-c927da440ac86c02,2,2
4,SSCP-c96c5b1ed069e660,2,2
4,SSCP-c9cac46a08690b33,2,2
4,SSCP-ca088f01690094b5,2,2
4,SSCP-ca0bc737f01dedec,2,2
4,SSCP-ca14c10fda74a36c,2,2
4,SSCP-ca27b3c57990a800,2,2
4,SSCP-ca3044e9745737e6,2,2
4,SSCP-ca4086211d6dd7c5,2,2
4,SSCP-ca5783d96bdbac01,2,2
4,SSCP-ca5ad25415dba058,2,2
4,SSCP-ca950d29c47c8513,2,2
4,SSCP-caa0a08020cb47f1,2,2
4,SSCP-caa95ad80e832ca3,2,2
4,SSCP-cad6e2b4eace0fa7,2,2
4,SSCP-cb4fabae73c3c4c8,2,2
4,SSCP-cb60406ca5f737c6,2,2
4,SSCP-cb78b3baa4e95618,2,2
4,SSCP-cc62d840f715f0f7,2,2
4,SSCP-cc73b9c507e1916e,2,2
4,SSCP-cc744f9860a502cd,2,2
4,SSCP-cc75e0d3c8bc9f42,2,2
4,SSCP-cc91bad8966e5d8b,2,2
4,SSCP-cc93e8db88f4c534,2,2
4,SSCP-cc9e759220dae3ca,2,2
4,SSCP-ccb04c3c1f40e261,2,2
4,SSCP-ccb074e8350e8caf,2,2
4,SSCP-ccf9052c0f321ca3,2,2
4,SSCP-cd15c643d90bd611,2,2
4,SSCP-cd29aff043d24686,2,2
4,SSCP-cd2ccde2be18692c,2,2
4,SSCP-cd3a0370daa2b653,2,2
4,SSCP-ce0fe6d75684b152,2,2
4,SSCP-ce2ced7f013b8614,2,2
4,SSCP-ce506cc3838561bf,2,2
4,SSCP-ce82a654d4c68493,2,2
4,SSCP-cf1c92a8d1b52f27,2,2
4,SSCP-cf8ffe91fb45a811,2,2
4,SSCP-cfa66e8f9be1aa95,2,2
4,SSCP-cfb0d60633dc103d,2,2
4,SSCP-d02a20b38f7f6957,2,2
4,SSCP-d03d5c5b83575e7f,2,2
4,SSCP-d0807a39bb21e9b6,2,2
4,SSCP-d0cbec70fa4de23c,2,2
4,SSCP-d0d70e962ede2339,2,2
4,SSCP-d0f13288c42d4d12,2,2
4,SSCP-d0feb6dff4b27fe7,2,2
4,SSCP-d1467ae0af7ff6ba,2,2
4,SSCP-d14a7568bf97093e,2,2
4,SSCP-d15626d27a5ec3a7,2,2
4,SSCP-d15ac5913f934e23,2,2
4,SSCP-d15aeb6c74bcc898,2,2
4,SSCP-d15f730f106c127e,2,2
4,SSCP-d223076a555cb56d,2,2
4,SSCP-d28a655f922fad50,2,2
4,SSCP-d2987fbd7a9f67f8,2,2
4,SSCP-d29a57755537188f,2,2
4,SSCP-d2f85e75bf19e84d,2,2
4,SSCP-d308d1d5a3fe3c50,2,2
4,SSCP-d33a7d8946b1b14f,2,2
4,SSCP-d33aca27900dfaed,2,2
4,SSCP-d3674f680a36aa0b,2,2
4,SSCP-d3a6cb24e81544c2,2,2
4,SSCP-d3d6cf3d6fbea1e1,2,2
4,SSCP-d3fd8faea75b7ca3,2,2
4,SSCP-d456eef0e76cc380,2,2
4,SSCP-d4a4ce3cedfb51f3,2,2
4,SSCP-d4ad67aa75b4f322,2,2
4,SSCP-d4d544510d837c1f,2,2
4,SSCP-d52112565b08c921,2,2
4,SSCP-d5419e61565db464,2,2
4,SSCP-d57a2e9d5ae51526,2,2
4,SSCP-d59a25cccfc2445e,2,2
4,SSCP-d5aafb48fe2b9c64,2,2
4,SSCP-d64dcff058f5c124,2,2
4,SSCP-d7622b3cf0d6c6dd,2,2
4,SSCP-d787d7e185c04d36,2,2
4,SSCP-d79af7d97353dbe1,2,2
4,SSCP-d79ba25a7c076b7c,2,2
4,SSCP-d7d7cb6d8ec28b6c,2,2
4,SSCP-d7ef109384ec90f8,2,2
4,SSCP-d80b5131544810e2,2,2
4,SSCP-d82937b81cdc91d1,2,2
4,SSCP-d846c2ef7113a8c9,2,2
4,SSCP-d8571dfdae15dccd,2,2
4,SSCP-d8ec9431d4191470,2,2
4,SSCP-d8fb437d78b4509a,2,2
4,SSCP-d92361deded9a5e7,2,2
4,SSCP-d92dd04739b1a871,2,2
4,SSCP-d9344f539477717c,2,2
4,SSCP-d948e5ef16b3a1cb,2,2
4,SSCP-d979eacd2f1d3376,2,2
4,SSCP-d97d163137035811,2,2
4,SSCP-d97e31cbfcb3ac9e,2,2
4,SSCP-d9855b6bc4d50593,2,2
4,SSCP-d9a243f225fcbc09,2,2
4,SSCP-d9b4f2713419f088,2,2
4,SSCP-d9b7669f7f4a7b88,2,2
4,SSCP-d9fc8f01479f244c,2,2
4,SSCP-da3fe8d6efe6d077,2,2
4,SSCP-da54775fd262a1b2,2,2
4,SSCP-daadd723beef45bd,2,2
4,SSCP-dabdb80a9e49d9a3,2,2
4,SSCP-db56b0c479acfacb,2,2
4,SSCP-db73c9edb05c2a31,2,2
4,SSCP-dbd9040dc50b70ea,2,2
4,SSCP-dc54d618c2af7e07,2,2
4,SSCP-dc7eec55b61b56a6,2,2
4,SSCP-dc8f116eb38d5119,2,2
4,SSCP-dcb096137c7c8840,2,2
4,SSCP-dcc14b98b1211c00,2,2
4,SSCP-dcdae5832e6f2fb2,2,2
4,SSCP-dcdb8587837da06c,2,2
4,SSCP-dce905e2da9a6a2a,2,2
4,SSCP-dcf576a7c9326616,2,2
4,SSCP-dd15b8c80e15c790,2,2
4,SSCP-dd795d7b2874014b,2,2
4,SSCP-dd8ec10f3cf52a47,2,2
4,SSCP-ddb5d76b729cc5aa,2,2
4,SSCP-dde5d9a5ccdd9275,2,2
4,SSCP-de0681ef8b59e761,2,2
4,SSCP-de2d7cad4735fb0e,2,2
4,SSCP-de419e2feb06931c,2,2
4,SSCP-de4f0d72f7ff2508,2,2
4,SSCP-de792fe317a6ab5d,2,2
4,SSCP-debd807e797fb696,2,2
4,SSCP-dec9896ef1a9d434,2,2
4,SSCP-df0f7069fcda8166,2,2
4,SSCP-df1551d92452d376,2,2
4,SSCP-df3520251dcfcd0f,2,2
4,SSCP-df3a2e9f1bcdd426,2,2
4,SSCP-df42b46d8cacff77,2,2
4,SSCP-df7f01cb45e4597e,2,2
4,SSCP-dfdc688f7aca9e79,2,2
4,SSCP-dfdc9002404f68c1,2,2
4,SSCP-e02f5b40582d518f,2,2
4,SSCP-e03872d0c826f5f8,2,2
4,SSCP-e03ccafb022beba0,2,2
4,SSCP-e0677ab16778bb74,2,2
4,SSCP-e06e4a17daec1de8,2,2
4,SSCP-e07ddad74fe9f1f6,2,2
4,SSCP-e0967d3ecc24d649,2,2
4,SSCP-e0e389f64cac0805,2,2
4,SSCP-e0f2a32db50b4df3,2,2
4,SSCP-e124f8fde1311ed4,2,2
4,SSCP-e1487edd866f9eb0,2,2
4,SSCP-e14b3c40eff57836,2,2
4,SSCP-e16f4425bb3c2a7c,2,2
4,SSCP-e187c1aac4df28d3,2,2
4,SSCP-e1bb9b8b1c3a7aef,2,2
4,SSCP-e21432e77f3a4b75,2,2
4,SSCP-e2445277d9858d88,2,2
4,SSCP-e24cc5ecf3bf8bf6,2,2
4,SSCP-e25be8c8dab5d73d,2,2
4,SSCP-e296b72d472376ba,2,2
4,SSCP-e2ed8565043546b8,2,2
4,SSCP-e2f13cf8549a72cc,2,2
4,SSCP-e2f48312dfad9b80,2,2
4,SSCP-e344f6b203558a9f,2,2
4,SSCP-e35d014015bc53f9,2,2
4,SSCP-e3998734694134b4,2,2
4,SSCP-e39caa6b45c3b00a,2,2
4,SSCP-e424cf7448640560,2,2
4,SSCP-e46bc7bcfe09023a,2,2
4,SSCP-e48d32133bf84b06,2,2
4,SSCP-e4a10296b94dc1be,2,2
4,SSCP-e4c43945a6eff4a2,2,2
4,SSCP-e4e4f1885483a48f,2,2
4,SSCP-e4ed03d16211a155,2,2
4,SSCP-e4f82ae4226e3c8b,2,2
4,SSCP-e506010c6b99ceb4,2,2
4,SSCP-e5321e429070d5e8,2,2
4,SSCP-e54e1d6f460d5e4e,2,2
4,SSCP-e581e6d7a7ab90f0,2,2
4,SSCP-e5894b9d74dc9d4f,2,2
4,SSCP-e5d2b5231e3ac8ec,2,2
4,SSCP-e61c644d5fdeef20,2,2
4,SSCP-e662eda3fbd348ce,2,2
4,SSCP-e6809fbc821ef4ef,2,2
4,SSCP-e74a39f6a8a2acfa,2,2
4,SSCP-e78a4804dcada6e7,2,2
4,SSCP-e7c453a09120b26a,2,2
4,SSCP-e806d5c75900f10c,2,2
4,SSCP-e860ee4df46cc6d1,2,2
4,SSCP-e866a325c66c7a60,2,2
4,SSCP-e877ee0529545ea0,2,2
4,SSCP-e8941f5b32c28be2,2,2
4,SSCP-e90d9b70d53501de,2,2
4,SSCP-e96d3b33b601f3bc,2,2
4,SSCP-e96fc34668b8bee5,2,2
4,SSCP-e9b2af3d0546cb3c,2,2
4,SSCP-e9f238ab29e7a218,2,2
4,SSCP-ea1653bad3e9b117,2,2
4,SSCP-ea360add17f58efb,2,2
4,SSCP-ea7dc2e7c8255df2,2,2
4,SSCP-eaa15c7c973e0997,2,2
4,SSCP-eaf156cb0e8f4deb,2,2
4,SSCP-eb19c538414934ae,2,2
4,SSCP-eb419c599868652b,2,2
4,SSCP-ebd899bc4ba7955d,2,2
4,SSCP-ebf8aa409abae191,2,2
4,SSCP-ec339333cd5dab63,2,2
4,SSCP-ec74cbe09a81fd95,2,2
4,SSCP-ec7939fc05595bf8,2,2
4,SSCP-ecf19c15cb41a6d6,2,2
4,SSCP-ed0d954a7302d522,2,2
4,SSCP-ed1fd5e7755f06bd,2,2
4,SSCP-ed89a7a979b52d39,2,2
4,SSCP-edaef592bf2400f3,2,2
4,SSCP-edddc4b3939ed2e5,2,2
4,SSCP-edf69e8a3b14ca02,2,2
4,SSCP-ee2faaec72aed960,2,2
4,SSCP-ee3502256d7e2248,2,2
4,SSCP-ee44ccac2d7fe452,2,2
4,SSCP-ee5df92dd011784a,2,2
4,SSCP-ee7213a7b7bbfd54,2,2
4,SSCP-ee7b129a22158274,2,2
4,SSCP-ef0baf881043bedf,2,2
4,SSCP-ef244e6e5308c655,2,2
4,SSCP-ef4401133d09ec63,2,2
4,SSCP-ef65f48c947413ff,2,2
4,SSCP-ef71940a9396458b,2,2
4,SSCP-efa3e0abc3df3ba6,2,2
4,SSCP-efe843ac802c4935,2,2
4,SSCP-f02f77809442b27e,2,2
4,SSCP-f088706290a7fcb5,2,2
4,SSCP-f09068ec5e90f900,2,2
4,SSCP-f0aff5a4f6f78665,2,2
4,SSCP-f112729d800bc39f,2,2
4,SSCP-f12f722f06eecf87,2,2
4,SSCP-f1328d37a748e807,2,2
4,SSCP-f14044cc306b1e7f,2,2
4,SSCP-f15816e46f02bba6,2,2
4,SSCP-f1937067e3b0d51d,2,2
4,SSCP-f1e71466675f13ce,2,2
4,SSCP-f2153aa30e330e0d,2,2
4,SSCP-f24edd42d740139f,2,2
4,SSCP-f2504062b2f60c11,2,2
4,SSCP-f289f6740a730b45,2,2
4,SSCP-f2a0f80cdffaecdc,2,2
4,SSCP-f3025d9d9d13762a,2,2
4,SSCP-f326c2d8f6b4998f,2,2
4,SSCP-f3339c9ff14b36f3,2,2
4,SSCP-f36550c07c61a85d,2,2
4,SSCP-f3927c1f2e51540b,2,2
4,SSCP-f39bdb1106188a4d,2,2
4,SSCP-f3de08cbe2958ab3,2,2
4,SSCP-f40786de1433804e,2,2
4,SSCP-f412378034d56af3,2,2
4,SSCP-f43b047b7dce366d,2,2
4,SSCP-f44ee519864631c6,2,2
4,SSCP-f45915c488cfeb05,2,2
4,SSCP-f466a85a13ea6db0,2,2
4,SSCP-f4e41959aa8ef116,2,2
4,SSCP-f4ec3a1a5865da6b,2,2
4,SSCP-f4f90486180f9bc0,2,2
4,SSCP-f53b034798fb7231,2,2
4,SSCP-f542f6392cb5cdb4,2,2
4,SSCP-f56dcfd762086ed7,2,2
4,SSCP-f5a800a250bd18e3,2,2
4,SSCP-f5dbea11c032ddda,2,2
4,SSCP-f6b415c24159df36,2,2
4,SSCP-f6cd47f7a0419b6a,2,2
4,SSCP-f6d05c72b60e4935,2,2
4,SSCP-f74fa5ceb9c06187,2,2
4,SSCP-f75fb803d4559a10,2,2
4,SSCP-f7722d3f0ca11434,2,2
4,SSCP-f7bc5a72a72c94b9,2,2
4,SSCP-f7bfada75fb20f85,2,2
4,SSCP-f7c30d3cf7ae1e73,2,2
4,SSCP-f802ac3cf07918e6,2,2
4,SSCP-f814b2307650eb05,2,2
4,SSCP-f8510a7b38eaee15,2,2
4,SSCP-f8a90f916c97bdc2,2,2
4,SSCP-f8be70a9c2681225,2,2
4,SSCP-f8ca01f94c887ab2,2,2
4,SSCP-f8d30f6db46779ed,2,2
4,SSCP-f91a59ac221df27d,2,2
4,SSCP-f932ad8a30f81ae4,2,2
4,SSCP-f98160672246470f,2,2
4,SSCP-f98216f7aa82dd51,2,2
4,SSCP-f9ae266c789328d0,2,2
4,SSCP-f9b65e96cad4af95,2,2
4,SSCP-f9c250c19050a96c,2,2
4,SSCP-f9f45571673a55a4,2,2
4,SSCP-fa329f5a2f3defd6,2,2
4,SSCP-fa72722b2a78ebd5,2,2
4,SSCP-faf17df2598778ba,2,2
4,SSCP-fb0eb3be569d3c77,2,2
4,SSCP-fb793944815d702a,2,2
4,SSCP-fb7f50a7912b5a57,2,2
4,SSCP-fba7e71846c5e780,2,2
4,SSCP-fbb53ce1ffa7ed0b,2,2
4,SSCP-fbda882f4b21b1f2,2,2
4,SSCP-fbe1b67edac6886b,2,2
4,SSCP-fc198505fd66d13f,2,2
4,SSCP-fc24f121d0986d80,2,2
4,SSCP-fc301e86864e15a6,2,2
4,SSCP-fc3d5da41b318ec8,2,2
4,SSCP-fc528dbe189261ab,2,2
4,SSCP-fc5ff837806c1a91,2,2
4,SSCP-fc8a5a0fbd7da3ca,2,2
4,SSCP-fcd6baf39d5c7e25,2,2
4,SSCP-fcddf59388bcd8ae,2,2
4,SSCP-fd669bb5af423d43,2,2
4,SSCP-fd89d813c8fbdab8,2,2
4,SSCP-fdb548b77c3fe545,2,2
4,SSCP-fde513494e838b88,2,2
4,SSCP-fdfd70a526826ff4,2,2
4,SSCP-fdfdc3652da41037,2,2
4,SSCP-fe153cca556625b4,2,2
4,SSCP-fe17afa7d59b1be6,2,2
4,SSCP-fe1c6a7c6763027e,2,2
4,SSCP-fe5287c4dc2641df,2,2
4,SSCP-fea8c502c9ab80fe,2,2
4,SSCP-feabe02892b26097,2,2
4,SSCP-feedc6a6c65b638a,2,2
4,SSCP-ff1e9831385cbc05,2,2
4,SSCP-ff793736f6ea2fa4,2,2
4,SSCP-ff8976d045ec48d6,2,2
4,SSCP-fffaa7a600811aeb,2,2
4,SSCP-fffcb5ce849410de,2,2
4,SSCP-001eb19defd3cb75,3,3
4,SSCP-0030cbdba246c74b,3,3
4,SSCP-0035e4c65c3a8326,3,3
4,SSCP-00639ae7589904e1,3,3
4,SSCP-006d4798025f1716,3,3
4,SSCP-009c050c405aed8f,3,3
4,SSCP-00a6952fc5cbe87f,3,3
4,SSCP-00acade7e1578155,3,3
4,SSCP-00bf524e777ea7f3,3,3
4,SSCP-00dc5041633d3c58,3,3
4,SSCP-00e04b37389ab0c8,3,3
4,SSCP-00e95dd3d9c9ed38,3,3
4,SSCP-0107e9a8e73deef1,3,3
4,SSCP-01085871a3128d5c,3,3
4,SSCP-01386d32d5418ae5,3,3
4,SSCP-017f3d1881b66660,3,3
4,SSCP-018395cc70dcdaa1,3,3
4,SSCP-0193a902ed308a47,3,3
4,SSCP-01997338bc725ff9,3,3
4,SSCP-01b88f31b49794b3,3,3
4,SSCP-01f273fea93f26c0,3,3
4,SSCP-021f69b030f005b6,3,3
4,SSCP-0252fab4ed093076,3,3
4,SSCP-02ca21c6ace39bb1,3,3
4,SSCP-02fba89213f6f7ff,3,3
4,SSCP-0308621888e1ace4,3,3
4,SSCP-03088bb5d9c1c3bb,3,3
4,SSCP-0341c127a867cfdd,3,3
4,SSCP-035adacad34cdf6c,3,3
4,SSCP-036e45107e9001bb,3,3
4,SSCP-03732bbc7acbf849,3,3
4,SSCP-039f7337e1c43b8a,3,3
4,SSCP-03c5f24816fe8fc6,3,3
4,SSCP-03e23f6a5a7af88b,3,3
4,SSCP-03e86d23a8ddb28f,3,3
4,SSCP-03f8d8593846e670,3,3
4,SSCP-04ceeb53c793ecd2,3,3
4,SSCP-0513c4013f6024f3,3,3
4,SSCP-05166ae6edf0d214,3,3
4,SSCP-054a4492ae4fde6c,3,3
4,SSCP-05712368980007ec,3,3
4,SSCP-0583118cbe7f47c4,3,3
4,SSCP-05afb13936745902,3,3
4,SSCP-05c5d3c362a2d77a,3,3
4,SSCP-064343f11d014fe2,3,3
4,SSCP-066912a576819277,3,3
4,SSCP-06ac538da779ead4,3,3
4,SSCP-06eb1d03334f398a,3,3
4,SSCP-06ef392309351e2c,3,3
4,SSCP-07064da4d0184704,3,3
4,SSCP-07097bce15c5cf2b,3,3
4,SSCP-078053ca33452a49,3,3
4,SSCP-07b18188c849128a,3,3
4,SSCP-07f2e04b047f2c59,3,3
4,SSCP-07f5f5439fa0236a,3,3
4,SSCP-07fc2474747ac984,3,3
4,SSCP-080b1319ee323917,3,3
4,SSCP-08243742fe4ca631,3,3
4,SSCP-08583c51d0b145e8,3,3
4,SSCP-08858665b7b6a0c6,3,3
4,SSCP-08c0363a92a5befd,3,3
4,SSCP-08c2a6a0e6ca82dd,3,3
4,SSCP-08fee2625eabdea5,3,3
4,SSCP-091a508e5bd938ac,3,3
4,SSCP-092a5f60e0afc540,3,3
4,SSCP-0945ed5622f16164,3,3
4,SSCP-099ee237d0e34a84,3,3
4,SSCP-09b7204bca41ad28,3,3
4,SSCP-09dc274bf40dcb14,3,3
4,SSCP-0a9f445266757c4f,3,3
4,SSCP-0ad9ecae2c4c47da,3,3
4,SSCP-0af0edc75f0a961e,3,3
4,SSCP-0b391693c5e8119c,3,3
4,SSCP-0b9d125bbf39e92e,3,3
4,SSCP-0bb1d68c0442ef14,3,3
4,SSCP-0bb41cdcb1521a5d,3,3
4,SSCP-0bd4d0d475b51ea1,3,3
4,SSCP-0bedd597f85c2ba6,3,3
4,SSCP-0c21cf875f84fff8,3,3
4,SSCP-0c2e7bcec9e125fe,3,3
4,SSCP-0c4118fba5d8fab2,3,3
4,SSCP-0c5442df87bf5ba5,3,3
4,SSCP-0c872b4d79dbfbee,3,3
4,SSCP-0c9a60436dfdcafd,3,3
4,SSCP-0cb8edec4c13a28a,3,3
4,SSCP-0cbd5e158d14427a,3,3
4,SSCP-0ccc19700c6b7bc6,3,3
4,SSCP-0cdb9dfd3357498c,3,3
4,SSCP-0d47f3cb964eed24,3,3
4,SSCP-0d625eef7c9556c4,3,3
4,SSCP-0d6316dcbe2930b6,3,3
4,SSCP-0d81ea27f942667a,3,3
4,SSCP-0d8917410dad98f6,3,3
4,SSCP-0d89dea98528c160,3,3
4,SSCP-0da8a7bbc2f1efd2,3,3
4,SSCP-0dc3734e1fdc293e,3,3
4,SSCP-0dcc73633d4cc506,3,3
4,SSCP-0e5a1cfc3aec4b0d,3,3
4,SSCP-0f05e8e34827c829,3,3
4,SSCP-0f8f971f494a2c36,3,3
4,SSCP-0fca51197c13be2b,3,3
4,SSCP-1022edce5b0e276b,3,3
4,SSCP-102727651d252972,3,3
4,SSCP-1033b0389c933105,3,3
4,SSCP-10356a28321d9048,3,3
4,SSCP-10535378ab6b0cff,3,3
4,SSCP-10e89b435a78b69c,3,3
4,SSCP-1133396c96e67a88,3,3
4,SSCP-113be00eea03bc96,3,3
4,SSCP-113ca45ab879532f,3,3
4,SSCP-114c139695ddceb3,3,3
4,SSCP-115d840e8cb15011,3,3
4,SSCP-116d0d64a40f78bd,3,3
4,SSCP-11ec0a92ce50d9e1,3,3
4,SSCP-11fcb65679237b63,3,3
4,SSCP-12955a76eef9b9d4,3,3
4,SSCP-12b04fd90bc96ed6,3,3
4,SSCP-12eff7c1978604c7,3,3
4,SSCP-12f124966007b8a0,3,3
4,SSCP-12f56d9ab009731f,3,3
4,SSCP-1313f291e1f4dba9,3,3
4,SSCP-133c0d9fdb0848ee,3,3
4,SSCP-1350cdbd408aed7a,3,3
4,SSCP-137617d7497a7fb3,3,3
4,SSCP-13a73124b7518ef8,3,3
4,SSCP-13ccd2eb34d16ff8,3,3
4,SSCP-145fe8c61fd24cac,3,3
4,SSCP-14801e1272aab80b,3,3
4,SSCP-149969da5920b550,3,3
4,SSCP-14d5512ad86f4601,3,3
4,SSCP-14f673145c6964d9,3,3
4,SSCP-14fe3b108f313037,3,3
4,SSCP-153269d51d51bee6,3,3
4,SSCP-153a6326ebfe9531,3,3
4,SSCP-15e177c70ca49f2d,3,3
4,SSCP-15ea98f85a36a4b8,3,3
4,SSCP-1601e9664d9a97d5,3,3
4,SSCP-16053eae3d3270bc,3,3
4,SSCP-16136cc93c92a8da,3,3
4,SSCP-16262061109cad99,3,3
4,SSCP-162cb9003c7ddf6b,3,3
4,SSCP-1689fe7d08961677,3,3
4,SSCP-16e97318e3786de5,3,3
4,SSCP-171fd648987218f6,3,3
4,SSCP-176ae260f62c485e,3,3
4,SSCP-17e799f47b69445f,3,3
4,SSCP-17f0e5d65d0ef12f,3,3
4,SSCP-1848deb74f91a755,3,3
4,SSCP-184f9b15950cb375,3,3
4,SSCP-18908d435d828c49,3,3
4,SSCP-18c875d74c3a370f,3,3
4,SSCP-18c90e5ff410ff82,3,3
4,SSCP-18cddfccc47bde64,3,3
4,SSCP-18e96732e64f1e5d,3,3
4,SSCP-1923cd9b497f44f7,3,3
4,SSCP-19f1c4f7e86a571e,3,3
4,SSCP-1a474088c32c7d4f,3,3
4,SSCP-1a514ab989862518,3,3
4,SSCP-1a682e135a191741,3,3
4,SSCP-1a7278e879ea5806,3,3
4,SSCP-1aaf8e25fcb84657,3,3
4,SSCP-1ab6ffb5785a004a,3,3
4,SSCP-1aecc897def8f349,3,3
4,SSCP-1b5fc10c5d33261d,3,3
4,SSCP-1bb26062a64ed749,3,3
4,SSCP-1bb951d38dc20fe3,3,3
4,SSCP-1be427ae7d4c43ec,3,3
4,SSCP-1beca41bf9eebde8,3,3
4,SSCP-1bfc4a808e553642,3,3
4,SSCP-1c2367aee7c47068,3,3
4,SSCP-1c2aee0bacc41e1c,3,3
4,SSCP-1c459321e3de32c8,3,3
4,SSCP-1c511248eb5c0b5d,3,3
4,SSCP-1c8d4a1de5abc8e9,3,3
4,SSCP-1cf2cd43738a18cd,3,3
4,SSCP-1cf759fcf751f6b3,3,3
4,SSCP-1d53956f7450f058,3,3
4,SSCP-1da17ee9cbf04e4f,3,3
4,SSCP-1dbdba8aa2782a82,3,3
4,SSCP-1e00909de1d9c80e,3,3
4,SSCP-1e0c430215c3e7a9,3,3
4,SSCP-1e12fdb154503f73,3,3
4,SSCP-1e21c17bf7a55193,3,3
4,SSCP-1e25efc072fff295,3,3
4,SSCP-1e3c47af013876be,3,3
4,SSCP-1f0cb1315191e921,3,3
4,SSCP-1f1670a692f90ec6,3,3
4,SSCP-1f68061f4eb2c811,3,3
4,SSCP-1f8aa3252c77fc33,3,3
4,SSCP-1f8c01282b7f646e,3,3
4,SSCP-1f90771a34bd47bb,3,3
4,SSCP-1fb94957cd4ecc40,3,3
4,SSCP-1ff0ee765a7e1c44,3,3
4,SSCP-200151cd56667300,3,3
4,SSCP-2087272ecde4aac8,3,3
4,SSCP-20de642cf74a09b3,3,3
4,SSCP-20dfc672beb90510,3,3
4,SSCP-20efda7dfda91a39,3,3
4,SSCP-20f285a14493bde7,3,3
4,SSCP-2135840ba8c26ce9,3,3
4,SSCP-214f363ac58b00e0,3,3
4,SSCP-216e08e214f9396d,3,3
4,SSCP-218f30714c939d48,3,3
4,SSCP-21a7b4c30fd82462,3,3
4,SSCP-21b0c6d7206cc71d,3,3
4,SSCP-21d7fdd24186b4ca,3,3
4,SSCP-21fa2f2218eacb60,3,3
4,SSCP-2233d7df3f6b3c6d,3,3
4,SSCP-227746540739a0a0,3,3
4,SSCP-230c9f7ea887a703,3,3
4,SSCP-2326efb1f8aac18a,3,3
4,SSCP-2336c2a01c037a08,3,3
4,SSCP-235244c57291bc76,3,3
4,SSCP-237f3c4f13b2d287,3,3
4,SSCP-23885b93b3a73e96,3,3
4,SSCP-243954445eb2ee1a,3,3
4,SSCP-248d72e9e5b93719,3,3
4,SSCP-24dd688985743ecb,3,3
4,SSCP-24feaa54fe4d4403,3,3
4,SSCP-252c309e2db80377,3,3
4,SSCP-254b25ff8f63c885,3,3
4,SSCP-255899760428603c,3,3
4,SSCP-25607f0e658030cd,3,3
4,SSCP-2562fad61ee1aab7,3,3
4,SSCP-25e1c81c437d252f,3,3
4,SSCP-260e82a24fb942cc,3,3
4,SSCP-261db7d6a8c0bc54,3,3
4,SSCP-264fec38b9312475,3,3
4,SSCP-267fdb7d89d1fcda,3,3
4,SSCP-26eb41b4b447b2b7,3,3
4,SSCP-2756df9576223888,3,3
4,SSCP-27ceba546c5076b1,3,3
4,SSCP-27fb46c40435deef,3,3
4,SSCP-28444463d17eaff5,3,3
4,SSCP-287b053968b847ea,3,3
4,SSCP-287e65dd3e0129b7,3,3
4,SSCP-288769dd69171de1,3,3
4,SSCP-289829f4101cd620,3,3
4,SSCP-28bf78422a3e1788,3,3
4,SSCP-28ca51d25f5fe684,3,3
4,SSCP-28cf39bac48366ee,3,3
4,SSCP-28dc669d547bdb82,3,3
4,SSCP-28e03c68009a8d65,3,3
4,SSCP-28f8756c3a309d2d,3,3
4,SSCP-28fa68cc5eb8f331,3,3
4,SSCP-292e8f38b256033b,3,3
4,SSCP-2942db1358a02575,3,3
4,SSCP-2976911e37d1d667,3,3
4,SSCP-298361b028ef6202,3,3
4,SSCP-29a7440848239782,3,3
4,SSCP-29ee74c1148c2db2,3,3
4,SSCP-2a0e6dc85b13b357,3,3
4,SSCP-2a2edf2876b5cef1,3,3
4,SSCP-2a5443421584becd,3,3
4,SSCP-2a987dfeac5b82ec,3,3
4,SSCP-2aa3f6146aade2ec,3,3
4,SSCP-2ac0e563f89236e4,3,3
4,SSCP-2af74367313aacef,3,3
4,SSCP-2b13790aa97878d4,3,3
4,SSCP-2b22b0cab903cc39,3,3
4,SSCP-2b343d8f9327be80,3,3
4,SSCP-2b4fb9c2064d7894,3,3
4,SSCP-2b515cf7f82ac253,3,3
4,SSCP-2ba0ea1b9c0e2bac,3,3
4,SSCP-2bb74674dd2390dc,3,3
4,SSCP-2be455125ffae282,3,3
4,SSCP-2c2f69a2920e9848,3,3
4,SSCP-2ca15c66631974fd,3,3
4,SSCP-2cdaef2639125111,3,3
4,SSCP-2d97627e0c58b7fe,3,3
4,SSCP-2d9f66f60ca31781,3,3
4,SSCP-2dbd5995f7680e10,3,3
4,SSCP-2ddf62b0a54614cd,3,3
4,SSCP-2e5fb87b076ede60,3,3
4,SSCP-2ebcd34794406155,3,3
4,SSCP-2f6a8710ebc0e3f8,3,3
4,SSCP-2f9331b5d737a8a1,3,3
4,SSCP-2fc636f6c2fc2697,3,3
4,SSCP-2fd04bb8c974b578,3,3
4,SSCP-305e14e7fb23bc7a,3,3
4,SSCP-30805901f9db2c9e,3,3
4,SSCP-3098c05f01f28948,3,3
4,SSCP-309a371802643ed9,3,3
4,SSCP-309dcbde4e007ace,3,3
4,SSCP-30a3f8e976a8963b,3,3
4,SSCP-30b7bedd44280221,3,3
4,SSCP-30db7fed73624441,3,3
4,SSCP-31171d7e8771795f,3,3
4,SSCP-313cc04ac514c57b,3,3
4,SSCP-3150256f605e5454,3,3
4,SSCP-318340086c52f697,3,3
4,SSCP-318fdd7163c8d266,3,3
4,SSCP-31d624f6c741cebf,3,3
4,SSCP-31fbdd543aa58085,3,3
4,SSCP-323af9dead527660,3,3
4,SSCP-32513796a0e0ef86,3,3
4,SSCP-3270aaeb9758c04c,3,3
4,SSCP-32d63313092b1c7d,3,3
4,SSCP-332fc94e4074a6f4,3,3
4,SSCP-335fdb1cb362d49c,3,3
4,SSCP-336416c5fd9ad770,3,3
4,SSCP-33853c203497b963,3,3
4,SSCP-3387adb5793a7cd6,3,3
4,SSCP-3393e1adb9b73e18,3,3
4,SSCP-339f1a2d960ca492,3,3
4,SSCP-33a52bcfeef158d7,3,3
4,SSCP-33d07a39c48fc575,3,3
4,SSCP-343dbb167eb379c4,3,3
4,SSCP-3506f28f9132707a,3,3
4,SSCP-350a865b93e8f280,3,3
4,SSCP-352fcc4a7d2d3506,3,3
4,SSCP-35303fd1ccea70c9,3,3
4,SSCP-35d8fba277a88d28,3,3
4,SSCP-368aa099adb6045e,3,3
4,SSCP-36c8488b11924198,3,3
4,SSCP-37470b6733a2bc8c,3,3
4,SSCP-37af6ad4b659ab09,3,3
4,SSCP-38beb93fa9fc5763,3,3
4,SSCP-38f7e0e5f2a31696,3,3
4,SSCP-39b39a92c834e07d,3,3
4,SSCP-39d3f78e5be17d3c,3,3
4,SSCP-39fd5815cf77fa0c,3,3
4,SSCP-3a5033601261265c,3,3
4,SSCP-3a9743e58ab49cb2,3,3
4,SSCP-3aa558f567373a87,3,3
4,SSCP-3aa74178172dce8f,3,3
4,SSCP-3aaa0b55f9daf4c7,3,3
4,SSCP-3aaa719dbbffa30f,3,3
4,SSCP-3ad3c99c5b300f9c,3,3
4,SSCP-3adfe346b8f11725,3,3
4,SSCP-3b1b8e80fd98587f,3,3
4,SSCP-3b32122825bada60,3,3
4,SSCP-3b5d560ee2e0ff27,3,3
4,SSCP-3b6ac516d0eccd8a,3,3
4,SSCP-3bd429ee035c8d3a,3,3
4,SSCP-3bf0a806a820b7c1,3,3
4,SSCP-3c23802ed117b87c,3,3
4,SSCP-3c2c9199c75ac847,3,3
4,SSCP-3c3d32ea84d855b7,3,3
4,SSCP-3cd8da1dc0a7fcde,3,3
4,SSCP-3d49673adbbe3baa,3,3
4,SSCP-3d762c9242fc81f0,3,3
4,SSCP-3d8b49aff88fdf9b,3,3
4,SSCP-3d90edbbb1ea9612,3,3
4,SSCP-3da02608c2d8c8f2,3,3
4,SSCP-3e97ed03edf2ec45,3,3
4,SSCP-3eb7f397bc8e3fea,3,3
4,SSCP-3f147a3ac0a24674,3,3
4,SSCP-3f1afa7babd30f80,3,3
4,SSCP-3f45413e9679bdd6,3,3
4,SSCP-3f7d1bcdb01c25c6,3,3
4,SSCP-3f83855499c6ef89,3,3
4,SSCP-3fa88e59825ae80e,3,3
4,SSCP-3fd71f5e7d10321b,3,3
4,SSCP-40457d3750812687,3,3
4,SSCP-408657e92229bae2,3,3
4,SSCP-410d13fe33ddc307,3,3
4,SSCP-415179dbbb8ddc9a,3,3
4,SSCP-4180bf73882e79db,3,3
4,SSCP-421c5d72644c7257,3,3
4,SSCP-4226e28110ae9530,3,3
4,SSCP-42602f512134d7b9,3,3
4,SSCP-42a8ba89588e9fb3,3,3
4,SSCP-42d39d095b476690,3,3
4,SSCP-42f42ff2dc62a79a,3,3
4,SSCP-435340d4340d28f6,3,3
4,SSCP-438e07410ad2cdf9,3,3
4,SSCP-43cd09d029c282d3,3,3
4,SSCP-43ebf3bf9d76699f,3,3
4,SSCP-43f07969bc8ffbb3,3,3
4,SSCP-441a038183d1c362,3,3
4,SSCP-4445666bf4843c6f,3,3
4,SSCP-44a1b9755bdb513d,3,3
4,SSCP-44b6c29450b36a1d,3,3
4,SSCP-44d671083e8c8c92,3,3
4,SSCP-4523a2ab5c2acf64,3,3
4,SSCP-4575486571ac0155,3,3
4,SSCP-457f0ecb477caca1,3,3
4,SSCP-4596463d9d153b17,3,3
4,SSCP-45a11c2600d332f7,3,3
4,SSCP-45c47b2adf1952da,3,3
4,SSCP-45d1652ad6f74774,3,3
4,SSCP-4625eabe32deee83,3,3
4,SSCP-464dae289258d651,3,3
4,SSCP-4664ad2ef902dec5,3,3
4,SSCP-4678426f61d7bd6b,3,3
4,SSCP-46ae8e32c2c02c00,3,3
4,SSCP-46b668bf0240c78d,3,3
4,SSCP-472c3c0bea47f703,3,3
4,SSCP-4731bad27910a0e9,3,3
4,SSCP-475fd8d719a10c81,3,3
4,SSCP-4775c3ec2510d2e0,3,3
4,SSCP-47817dd98e3ec67c,3,3
4,SSCP-4784a78f8b6c8290,3,3
4,SSCP-478e1956c04be3cc,3,3
4,SSCP-47e7048e09ce88c6,3,3
4,SSCP-48652d706f6cb23b,3,3
4,SSCP-4915f91fed2952a4,3,3
4,SSCP-492120fc074424be,3,3
4,SSCP-49288a8756f22d8a,3,3
4,SSCP-493419552dc711fa,3,3
4,SSCP-4941eb00ba39844d,3,3
4,SSCP-49429fa206059e56,3,3
4,SSCP-4963e927648e6fd3,3,3
4,SSCP-4972df665fe27a87,3,3
4,SSCP-498095d1af8ea966,3,3
4,SSCP-49af0eb6665b9f93,3,3
4,SSCP-4a06803f5a4653e8,3,3
4,SSCP-4a1b8f5db1536e94,3,3
4,SSCP-4a1e5c5bfc8ab7d4,3,3
4,SSCP-4a4a878e51005ca4,3,3
4,SSCP-4b1cc4e460fa33aa,3,3
4,SSCP-4bb8835f217a639b,3,3
4,SSCP-4bd48f96c9fe603b,3,3
4,SSCP-4bed83c74ef7c6c6,3,3
4,SSCP-4c1de0e7e6490f8b,3,3
4,SSCP-4c1f5f8cce76b2fe,3,3
4,SSCP-4c5a922c253731af,3,3
4,SSCP-4cd939a924b592f5,3,3
4,SSCP-4d3d198570922bc7,3,3
4,SSCP-4d3db9292be6f439,3,3
4,SSCP-4d6ac799599e25ed,3,3
4,SSCP-4d8dad95bd9eabc9,3,3
4,SSCP-4da2a47fe63c6856,3,3
4,SSCP-4dfcd48d5e221ac9,3,3
4,SSCP-4e26474aa6f4cf02,3,3
4,SSCP-4e294de0ecc03a19,3,3
4,SSCP-4e3879070bc51c94,3,3
4,SSCP-4e3f3ebb00173be7,3,3
4,SSCP-4eb571eb2702390a,3,3
4,SSCP-4f214dbe0886f857,3,3
4,SSCP-4f2ac6ddc60ca091,3,3
4,SSCP-4f8e62895a54494b,3,3
4,SSCP-4f91128ea0cc12e4,3,3
4,SSCP-4f944a4f50b568eb,3,3
4,SSCP-4fa3dae6a40f69ef,3,3
4,SSCP-4facc48fc97cccf4,3,3
4,SSCP-4fd6d829fc58d5ed,3,3
4,SSCP-4fdda3cbaecd161d,3,3
4,SSCP-4fdf81f5a25113da,3,3
4,SSCP-4fe0e23479210a38,3,3
4,SSCP-4ffa3075ca6a0ea6,3,3
4,SSCP-501572cf7cabc5a5,3,3
4,SSCP-501cbf81868154c6,3,3
4,SSCP-503d98d51b157d24,3,3
4,SSCP-5163b2eedce1b660,3,3
4,SSCP-51eab8131d03f4f2,3,3
4,SSCP-5208a0c4ee3b53b5,3,3
4,SSCP-52fcc2fe8f2487a9,3,3
4,SSCP-5353220f958ec1a2,3,3
4,SSCP-538ac6457c79e2a5,3,3
4,SSCP-539a698fe38ea588,3,3
4,SSCP-539f26d55658cf97,3,3
4,SSCP-53ed065fab0622b5,3,3
4,SSCP-53f7decada88f06a,3,3
4,SSCP-5445c671acaf49c9,3,3
4,SSCP-547d5a9beebfd7c2,3,3
4,SSCP-54a04a2a95a79598,3,3
4,SSCP-54d652a7d44de793,3,3
4,SSCP-550a16e1db08b1e4,3,3
4,SSCP-5515dbbf5c41ce74,3,3
4,SSCP-551b5d420a31fd41,3,3
4,SSCP-5528d99a80642384,3,3
4,SSCP-553430d82b09f7ff,3,3
4,SSCP-557ef8e2394b2aa7,3,3
4,SSCP-5592278e9f2ef340,3,3
4,SSCP-55a9745a34c20f4b,3,3
4,SSCP-55c93f28758cb1c0,3,3
4,SSCP-55f640e37603a361,3,3
4,SSCP-561cd171f1c77438,3,3
4,SSCP-5620173486b704f7,3,3
4,SSCP-563dfe2281656f23,3,3
4,SSCP-569dd35d8528e95c,3,3
4,SSCP-5718e765e672eeb8,3,3
4,SSCP-5771352555f7f37c,3,3
4,SSCP-578b7ef60dc21c7c,3,3
4,SSCP-57a5e40985689da7,3,3
4,SSCP-584390268f0d30e2,3,3
4,SSCP-588ba3f0a789961f,3,3
4,SSCP-58c1848805046e8d,3,3
4,SSCP-58f9c3b2f2aa1937,3,3
4,SSCP-590e1cefa644411c,3,3
4,SSCP-5913e3ebf013ebd7,3,3
4,SSCP-5997ccd01b1f6be1,3,3
4,SSCP-59a059afdd492704,3,3
4,SSCP-59e9e1226a923867,3,3
4,SSCP-5a0b7ffb2397f20f,3,3
4,SSCP-5a0e4452696903fb,3,3
4,SSCP-5a21161256d4687f,3,3
4,SSCP-5ab6da75ed6eea99,3,3
4,SSCP-5ae3403d2ac9497f,3,3
4,SSCP-5af61cd3cfa41f36,3,3
4,SSCP-5afd139acdf9f6d2,3,3
4,SSCP-5b1baebcd4f5d92f,3,3
4,SSCP-5baf9c85ec6836c5,3,3
4,SSCP-5bb4dd6287acb6e2,3,3
4,SSCP-5be15cd72d93122b,3,3
4,SSCP-5becdb7caaaa6f6e,3,3
4,SSCP-5bed57e481076146,3,3
4,SSCP-5c00c53612130116,3,3
4,SSCP-5c24f53bb778d73c,3,3
4,SSCP-5c34f8b6fceac028,3,3
4,SSCP-5c504530229604f5,3,3
4,SSCP-5c5624d9bbe0c433,3,3
4,SSCP-5c9d270bd4f6f0b2,3,3
4,SSCP-5ccb419450d54c2a,3,3
4,SSCP-5ccf9b4c45d518ef,3,3
4,SSCP-5cded527a88e6a79,3,3
4,SSCP-5cfb578f5606aecc,3,3
4,SSCP-5d068cb357ddda84,3,3
4,SSCP-5d110ddf62d74b22,3,3
4,SSCP-5d41c4fb7ca70a9c,3,3
4,SSCP-5d895ac42fdc8ed0,3,3
4,SSCP-5db03960bc00a497,3,3
4,SSCP-5de31198de05497e,3,3
4,SSCP-5e0488bd3912363a,3,3
4,SSCP-5e43f63b3982dcb4,3,3
4,SSCP-5eba7fea8f8eca16,3,3
4,SSCP-5eef44956a3cbe0c,3,3
4,SSCP-5fae00e1d1b9a1c5,3,3
4,SSCP-5fd2e9bf45f6476d,3,3
4,SSCP-5feaa106613fc2fa,3,3
4,SSCP-603eb49e08bb665a,3,3
4,SSCP-6064251118ae7be0,3,3
4,SSCP-606d950eac139e99,3,3
4,SSCP-60a43d1c7e3bfe7d,3,3
4,SSCP-60fa46874e6160db,3,3
4,SSCP-613c9f19489ad457,3,3
4,SSCP-6161b8440a61431c,3,3
4,SSCP-6189d0981366e989,3,3
4,SSCP-626ef1015ce22a2d,3,3
4,SSCP-62a8cf79f1921884,3,3
4,SSCP-62b17976d69339f5,3,3
4,SSCP-62b53ad997e7c75c,3,3
4,SSCP-62df807482ba29bd,3,3
4,SSCP-6302ecb9eddb7dfa,3,3
4,SSCP-630556a197b54d30,3,3
4,SSCP-63154382386eab5f,3,3
4,SSCP-633b899f48f22ff9,3,3
4,SSCP-634e8880c72474c2,3,3
4,SSCP-635cb1a2d31246bc,3,3
4,SSCP-6373c40f63e37e5d,3,3
4,SSCP-6385149e1b9b081b,3,3
4,SSCP-63879fc3baab7730,3,3
4,SSCP-638e30e9cc699cf4,3,3
4,SSCP-63e93a460f11efa1,3,3
4,SSCP-6430251cc5371d25,3,3
4,SSCP-6483480393e8c0bb,3,3
4,SSCP-64c6d07684bc625a,3,3
4,SSCP-6557716e76ae5365,3,3
4,SSCP-655840011e6f5be7,3,3
4,SSCP-65cc4a10e1a91bf0,3,3
4,SSCP-65f6e694d2d21d98,3,3
4,SSCP-662f4acf535c1883,3,3
4,SSCP-66420df55d2dfc3e,3,3
4,SSCP-66b2edd8d89d0b06,3,3
4,SSCP-66cd103a486fd15c,3,3
4,SSCP-66ee51993f380c2d,3,3
4,SSCP-672ded41b1cd2d0a,3,3
4,SSCP-674ee9fbc03cb076,3,3
4,SSCP-6770f50e7a200174,3,3
4,SSCP-67ba31f3365acce7,3,3
4,SSCP-67ce854cb79ff867,3,3
4,SSCP-67dbe0e8d0c0ca21,3,3
4,SSCP-68453d7b2b543808,3,3
4,SSCP-68bbe39880856c7e,3,3
4,SSCP-68db4484f89802c5,3,3
4,SSCP-68dd53621f6ddadc,3,3
4,SSCP-68e4c5bb24e53b62,3,3
4,SSCP-68eae66155250596,3,3
4,SSCP-68f233e4ec79980b,3,3
4,SSCP-691d6c05b3d1192b,3,3
4,SSCP-692c6fb69626354b,3,3
4,SSCP-694073c6acf1158b,3,3
4,SSCP-6947da72bac2811e,3,3
4,SSCP-69c251e07b0001dc,3,3
4,SSCP-6a35a94f9542c136,3,3
4,SSCP-6aac45c15f829525,3,3
4,SSCP-6ac4528e5a88d277,3,3
4,SSCP-6acc308d85a13a58,3,3
4,SSCP-6adec8dc34b51da5,3,3
4,SSCP-6ae6a482115a6582,3,3
4,SSCP-6ae788474da38c48,3,3
4,SSCP-6afb2f9a477c7f53,3,3
4,SSCP-6aff493f0ab35b85,3,3
4,SSCP-6b0b48a7f4c2f854,3,3
4,SSCP-6b6fcebbc1bf7824,3,3
4,SSCP-6ba06797a9646853,3,3
4,SSCP-6bbc7d5813ef6649,3,3
4,SSCP-6bcfac69ca15b0f0,3,3
4,SSCP-6c053cdd9f35e63a,3,3
4,SSCP-6c74efa2f336d316,3,3
4,SSCP-6ca0e122230cd3b2,3,3
4,SSCP-6ca5dc332d9b88ec,3,3
4,SSCP-6cc89c77a35e7a6b,3,3
4,SSCP-6ccc70a4f6571beb,3,3
4,SSCP-6d316342ac50d095,3,3
4,SSCP-6d40ec813359c348,3,3
4,SSCP-6d7f46e43f02481c,3,3
4,SSCP-6d9623b29e0362a1,3,3
4,SSCP-6def5e01c02d799d,3,3
4,SSCP-6e2177a8b39450d4,3,3
4,SSCP-6e3da6836ac1dd88,3,3
4,SSCP-6e6d46e272fd5f30,3,3
4,SSCP-6e76883edcc4242a,3,3
4,SSCP-6ea0c4b572cd64e6,3,3
4,SSCP-6ed770672eee839e,3,3
4,SSCP-6f4918ef63a39cb0,3,3
4,SSCP-6f5363aecdc04e82,3,3
4,SSCP-6f6f5c88923f4b63,3,3
4,SSCP-7077bd119ece6e1a,3,3
4,SSCP-7079ae24e562ea1c,3,3
4,SSCP-707f43d0a08ef1ef,3,3
4,SSCP-7091f3fe546d9862,3,3
4,SSCP-70aefb6cf458c346,3,3
4,SSCP-70e6b4976bd0fd59,3,3
4,SSCP-70e9dfb9e440cac6,3,3
4,SSCP-716b90e41f98c86f,3,3
4,SSCP-719393cc85069020,3,3
4,SSCP-71a18ad6dee65a6e,3,3
4,SSCP-71bcca6d04e16aef,3,3
4,SSCP-71d210b5c14ec30b,3,3
4,SSCP-71ef8f726da40cec,3,3
4,SSCP-71f4c151f81175be,3,3
4,SSCP-721d2960c06fd49b,3,3
4,SSCP-7222eab2b27d4e24,3,3
4,SSCP-72ac71a18d20ad21,3,3
4,SSCP-72b12cf52d3043cd,3,3
4,SSCP-739a994451f39e84,3,3
4,SSCP-73a8a2d5efc5aff1,3,3
4,SSCP-73da21688f4544c4,3,3
4,SSCP-7430f5a1fd5d30d3,3,3
4,SSCP-744a34952a26f0fa,3,3
4,SSCP-74730292de497184,3,3
4,SSCP-7498b93ac8c910b1,3,3
4,SSCP-74aeea97bc84a795,3,3
4,SSCP-74e2513f73f8fec9,3,3
4,SSCP-74f34aa2731e5e0c,3,3
4,SSCP-74f54fc8acbbee1a,3,3
4,SSCP-7502462fd7df7ad7,3,3
4,SSCP-754c01374141fe11,3,3
4,SSCP-7588e59dab4e8aa2,3,3
4,SSCP-7590a4398b9f0175,3,3
4,SSCP-75bc19bc6bafd904,3,3
4,SSCP-75e891b9b34a61ff,3,3
4,SSCP-75edeff968837ac9,3,3
4,SSCP-7618b036ad7fb772,3,3
4,SSCP-766d0d6f877f0c00,3,3
4,SSCP-7680e1ff0ab6421a,3,3
4,SSCP-76e8ad68c90502a6,3,3
4,SSCP-77058fa5de6232eb,3,3
4,SSCP-7735c225ac9b20f3,3,3
4,SSCP-77886676d44e7a83,3,3
4,SSCP-77b1f4ad98351157,3,3
4,SSCP-77d7eeb2731f0000,3,3
4,SSCP-77e05897e760f138,3,3
4,SSCP-77fa7ffd593401c9,3,3
4,SSCP-7814ad97ed2a30a7,3,3
4,SSCP-7839eaf6ea6b3b16,3,3
4,SSCP-78575bb313c0da67,3,3
4,SSCP-786f855766faf931,3,3
4,SSCP-7876011b198548a6,3,3
4,SSCP-792b80c92bc31150,3,3
4,SSCP-7961977ee1000b23,3,3
4,SSCP-796e0eff7bd18357,3,3
4,SSCP-799d9ac2b85c5822,3,3
4,SSCP-79a9620666c06c9e,3,3
4,SSCP-79acb94b9611f727,3,3
4,SSCP-79b956a2b9714b27,3,3
4,SSCP-79ccaaff78e02e9b,3,3
4,SSCP-79cd22bcd9afe615,3,3
4,SSCP-7a56cf3b993fccbb,3,3
4,SSCP-7a5b399046aa66d3,3,3
4,SSCP-7ac2033dbc21a566,3,3
4,SSCP-7acc795c19bbd91d,3,3
4,SSCP-7b21d37a57c5d50b,3,3
4,SSCP-7b7a823d56112417,3,3
4,SSCP-7b81c1cef319f07e,3,3
4,SSCP-7ba1365041f4b6a8,3,3
4,SSCP-7c64a4f84156aab6,3,3
4,SSCP-7c6637752364063c,3,3
4,SSCP-7c95945933290fb6,3,3
4,SSCP-7c9fe7baca99adb3,3,3
4,SSCP-7d3842058e157749,3,3
4,SSCP-7d44e3322b34bfb7,3,3
4,SSCP-7d475edfc7e3e018,3,3
4,SSCP-7d877dae360456c1,3,3
4,SSCP-7d899ff19b560c82,3,3
4,SSCP-7d9af49a62409b08,3,3
4,SSCP-7dc3ebcd84eccaa7,3,3
4,SSCP-7e0c5141fb6968fa,3,3
4,SSCP-7e1d720b8b92bf07,3,3
4,SSCP-7e5e7bdb069d9045,3,3
4,SSCP-7eb1c6a62621767c,3,3
4,SSCP-7ef79a2dcb2ba48f,3,3
4,SSCP-7f259975f7536cd4,3,3
4,SSCP-7f528ab0500a5d58,3,3
4,SSCP-7faede657e065d24,3,3
4,SSCP-7ffc24795aa7b5a9,3,3
4,SSCP-8006018dd53c2e56,3,3
4,SSCP-801732f18d3bfe04,3,3
4,SSCP-805f2d1a89bd42a8,3,3
4,SSCP-807c1e79c64c7c19,3,3
4,SSCP-80b86a3834c224be,3,3
4,SSCP-811e6064066ccf4b,3,3
4,SSCP-813e27a936e9b140,3,3
4,SSCP-8179514c32d06cb5,3,3
4,SSCP-81c985325bc06beb,3,3
4,SSCP-81d9322531a48666,3,3
4,SSCP-81eb85ff08f13097,3,3
4,SSCP-81ed02a2120cabee,3,3
4,SSCP-82332675051df493,3,3
4,SSCP-8266b1acf3779811,3,3
4,SSCP-826e575d8e93a63a,3,3
4,SSCP-82a8dce31ed950a5,3,3
4,SSCP-82eb7425d89a0e55,3,3
4,SSCP-83346a79d02396fc,3,3
4,SSCP-83b2fd950ca6d1ea,3,3
4,SSCP-840f02ac8a4cda89,3,3
4,SSCP-84347aecd6b8e079,3,3
4,SSCP-8475024ce544af32,3,3
4,SSCP-84a01e8f48388545,3,3
4,SSCP-84a0d459588ba09a,3,3
4,SSCP-84e6b8effbd7260c,3,3
4,SSCP-84f072b5abcd821e,3,3
4,SSCP-854726eeae4cb668,3,3
4,SSCP-855eeda5216e0f61,3,3
4,SSCP-85633d99cfaa2a78,3,3
4,SSCP-856e761eb37e9310,3,3
4,SSCP-85ab437bc917c15b,3,3
4,SSCP-85ce830f3c47952b,3,3
4,SSCP-86429d68117f3b53,3,3
4,SSCP-8665b554888db6cf,3,3
4,SSCP-8687fc07b40c039c,3,3
4,SSCP-86b2ec975326a421,3,3
4,SSCP-873e958ebef36419,3,3
4,SSCP-87d6f03a4a2c6c0e,3,3
4,SSCP-87fdf918849736d8,3,3
4,SSCP-8845b05dac7535b2,3,3
4,SSCP-888c2e75ee0af125,3,3
4,SSCP-88ad3553a08cc184,3,3
4,SSCP-88af56309f5d363c,3,3
4,SSCP-88d9ece2cc9342e2,3,3
4,SSCP-88fd64d6f5906be1,3,3
4,SSCP-89e8420b3d26f923,3,3
4,SSCP-8a0b3f99b47b1ba0,3,3
4,SSCP-8ac6599e6a806e11,3,3
4,SSCP-8ac74a5e19075aff,3,3
4,SSCP-8adc945cf4f5ad93,3,3
4,SSCP-8ae45133e3762247,3,3
4,SSCP-8af70fa4350bb176,3,3
4,SSCP-8b0ac28a9df8e684,3,3
4,SSCP-8b120bd05e6fb175,3,3
4,SSCP-8b13f8c7faa0365f,3,3
4,SSCP-8b34ecbe89c7410c,3,3
4,SSCP-8b68b61400337eac,3,3
4,SSCP-8b75f4a009fcba39,3,3
4,SSCP-8b840e32d7f5d934,3,3
4,SSCP-8bc04c8569d92b3d,3,3
4,SSCP-8bd9b32511292f19,3,3
4,SSCP-8c08ae3770800a6c,3,3
4,SSCP-8c7979d0ec931dfa,3,3
4,SSCP-8c9920152c5a558b,3,3
4,SSCP-8c99a842dec28551,3,3
4,SSCP-8ca33c0c02732b8b,3,3
4,SSCP-8ca7bdb5c4580086,3,3
4,SSCP-8cb15d3d9114ae51,3,3
4,SSCP-8cf5282a85d92f72,3,3
4,SSCP-8cfe70e3b37281ab,3,3
4,SSCP-8d0882cacf834371,3,3
4,SSCP-8d5a09ccce0e5e8e,3,3
4,SSCP-8d72c6fc0407300f,3,3
4,SSCP-8da719d4b30623a1,3,3
4,SSCP-8def514f3b440bde,3,3
4,SSCP-8e4aa62cbce581a5,3,3
4,SSCP-8e5048fe7539060e,3,3
4,SSCP-8eab2c147bfc6f9e,3,3
4,SSCP-8ed3791f740e6783,3,3
4,SSCP-8f8c12f42a5203ef,3,3
4,SSCP-8f97b08ef6f7d04f,3,3
4,SSCP-8f97f434bc2b6f4e,3,3
4,SSCP-8fad15e0086a6182,3,3
4,SSCP-8fbecb18173d1be4,3,3
4,SSCP-8fcf066662e4581a,3,3
4,SSCP-90195965a83590b8,3,3
4,SSCP-9072cbbbb9271e07,3,3
4,SSCP-90851cbeb8f70cad,3,3
4,SSCP-90a14e0a5b21e8e4,3,3
4,SSCP-910e5124f37a614a,3,3
4,SSCP-913296ebf4fd76bd,3,3
4,SSCP-92064160e999c2f3,3,3
4,SSCP-921f07c2439c92bf,3,3
4,SSCP-9231e03984b0c9b1,3,3
4,SSCP-92825fe1b876c03e,3,3
4,SSCP-92d886906139d5ac,3,3
4,SSCP-94118b77aea4e381,3,3
4,SSCP-94e30d09c8c4e33b,3,3
4,SSCP-952edcee45993c13,3,3
4,SSCP-95632e43a2773774,3,3
4,SSCP-957dcdb2e6673628,3,3
4,SSCP-95a6d12c9f68ad74,3,3
4,SSCP-95bf7d5159b44fe6,3,3
4,SSCP-95f4e991e00d3db2,3,3
4,SSCP-963552f736678a5d,3,3
4,SSCP-963eba05fc0c4758,3,3
4,SSCP-9642aba802a755b2,3,3
4,SSCP-9649309604adef81,3,3
4,SSCP-970b3b40af8e644a,3,3
4,SSCP-972170a386b1c55c,3,3
4,SSCP-97219cd72c704f9b,3,3
4,SSCP-97589bbf077fa17c,3,3
4,SSCP-975cd27e1dda9556,3,3
4,SSCP-9771c44a7ba13985,3,3
4,SSCP-978ceb458f76af1c,3,3
4,SSCP-979a25537b703915,3,3
4,SSCP-97b342ba615f938c,3,3
4,SSCP-9857a9e4b37375ce,3,3
4,SSCP-98c30e0124ded4ff,3,3
4,SSCP-98e83d13809546fb,3,3
4,SSCP-990e98f0089e9c51,3,3
4,SSCP-990ec4ff8d03de32,3,3
4,SSCP-9962f33e0a3885a8,3,3
4,SSCP-996702551e7f5515,3,3
4,SSCP-99ab776c5e83863e,3,3
4,SSCP-99fa14b3d42e899f,3,3
4,SSCP-9a0da285bdcaa176,3,3
4,SSCP-9a104236dc769bbe,3,3
4,SSCP-9a3d71d94ec8eb6f,3,3
4,SSCP-9a59e58d18a23cf5,3,3
4,SSCP-9a91bd86fca1ae76,3,3
4,SSCP-9ad525df31ef3bfc,3,3
4,SSCP-9ae150ba6d8eaaf2,3,3
4,SSCP-9ba8c11d6a93b015,3,3
4,SSCP-9bb37401079c412e,3,3
4,SSCP-9c2a0ab594a6a42b,3,3
4,SSCP-9c524ed20bec2884,3,3
4,SSCP-9c7ec57b38f11af0,3,3
4,SSCP-9c7f8fdf79d3b495,3,3
4,SSCP-9c93f73c8743307e,3,3
4,SSCP-9d217d56c93b45bb,3,3
4,SSCP-9d3acdc71861a15c,3,3
4,SSCP-9d46aa81ed041dfc,3,3
4,SSCP-9d7861e04d358f03,3,3
4,SSCP-9ddaa8380d5e91d2,3,3
4,SSCP-9ddebc0ebf9bf715,3,3
4,SSCP-9e2bc66646245371,3,3
4,SSCP-9f03c96b4cbcde7b,3,3
4,SSCP-9f1c97d4374f3224,3,3
4,SSCP-9f26f70f48af1d44,3,3
4,SSCP-9f4bdfb03bf6267e,3,3
4,SSCP-9f52824e1b1e9b38,3,3
4,SSCP-9fe1e2c7d1acd581,3,3
4,SSCP-9fed2bcbd11b091e,3,3
4,SSCP-a0305b10591f8248,3,3
4,SSCP-a034fb896a7c2958,3,3
4,SSCP-a0a8a3ea3623fa21,3,3
4,SSCP-a0fb0296ecfe4183,3,3
4,SSCP-a11205a29db036f1,3,3
4,SSCP-a117cb3a3794bb73,3,3
4,SSCP-a182629bc989311e,3,3
4,SSCP-a1b9ba0617f90fe1,3,3
4,SSCP-a200dd1670d9f348,3,3
4,SSCP-a2273d14c77de6d2,3,3
4,SSCP-a23997396706ccf6,3,3
4,SSCP-a247e6a328e31023,3,3
4,SSCP-a2badc527735e800,3,3
4,SSCP-a2eacddad57865de,3,3
4,SSCP-a301f0bf1c693e5c,3,3
4,SSCP-a30de48252bad7e9,3,3
4,SSCP-a33fad52232e009d,3,3
4,SSCP-a34bcd41280abf58,3,3
4,SSCP-a388c6abce4edd30,3,3
4,SSCP-a3de39b52aeadf8d,3,3
4,SSCP-a3e9267a47f52e46,3,3
4,SSCP-a3fc8980da055527,3,3
4,SSCP-a4119704a77e847a,3,3
4,SSCP-a42de7139306a2d2,3,3
4,SSCP-a49571890ed1d02f,3,3
4,SSCP-a4e241b9a63340e9,3,3
4,SSCP-a50cd1e1e8e4ec9b,3,3
4,SSCP-a528af2abb43e705,3,3
4,SSCP-a54076ffd1899261,3,3
4,SSCP-a559ca4586ab5d43,3,3
4,SSCP-a5622dc1e0602b59,3,3
4,SSCP-a594ccb0dfd4d1fa,3,3
4,SSCP-a59ed1ee9c4d2184,3,3
4,SSCP-a5c8b018c7c7d645,3,3
4,SSCP-a5e1da987eb9fdd3,3,3
4,SSCP-a5f9c06d6221a8fa,3,3
4,SSCP-a627b9526493e06e,3,3
4,SSCP-a62f284f9dc0193e,3,3
4,SSCP-a64403311324522b,3,3
4,SSCP-a67b74f6f1d1772d,3,3
4,SSCP-a6ce573dcf052946,3,3
4,SSCP-a714332bf3d8d919,3,3
4,SSCP-a72a85209de0cb9d,3,3
4,SSCP-a7417b7748080d72,3,3
4,SSCP-a74aa15f24353194,3,3
4,SSCP-a75d459f665c77b1,3,3
4,SSCP-a7807c84cfd8de00,3,3
4,SSCP-a78e0781818b0f24,3,3
4,SSCP-a7a926f827fe1940,3,3
4,SSCP-a809dbf20196c51f,3,3
4,SSCP-a866a330bd3a8727,3,3
4,SSCP-a872345a330b8696,3,3
4,SSCP-a897212ca2fe79cc,3,3
4,SSCP-a8fecaffb75b742a,3,3
4,SSCP-a932077eb567d8bc,3,3
4,SSCP-a9ae857d05e22bdb,3,3
4,SSCP-a9c495baeb0958b1,3,3
4,SSCP-a9edf67e2a887478,3,3
4,SSCP-a9ee3962b03b169e,3,3
4,SSCP-a9ee4faa87479236,3,3
4,SSCP-aa8c2c190c51408c,3,3
4,SSCP-aab0f8b1c2b7ec44,3,3
4,SSCP-aadd1465137fe3fe,3,3
4,SSCP-ab036d301f414672,3,3
4,SSCP-ab0692f3c6c00759,3,3
4,SSCP-ab6afd8e9d0d1fad,3,3
4,SSCP-ab711c0b4ecd15f5,3,3
4,SSCP-ac478fae91c1af81,3,3
4,SSCP-ac4b23bfbf69ce4c,3,3
4,SSCP-ac6133d5c22cec77,3,3
4,SSCP-ac7f1c1ddd3251ad,3,3
4,SSCP-ac85b5bae736b580,3,3
4,SSCP-acb9a311aaccb614,3,3
4,SSCP-ace9c01c702461cf,3,3
4,SSCP-acf172e380d1bc11,3,3
4,SSCP-ad01541038747b27,3,3
4,SSCP-ad10aab54e6e435d,3,3
4,SSCP-ad2712d8829c4941,3,3
4,SSCP-ada6fadd5ee9977a,3,3
4,SSCP-ada87697375da58f,3,3
4,SSCP-adb7bdea130e7c7d,3,3
4,SSCP-adbb6b0f06d3e82e,3,3
4,SSCP-add53f35765a483a,3,3
4,SSCP-adeb09bdd31083c9,3,3
4,SSCP-ae08f0546c6b5f5f,3,3
4,SSCP-ae6d049e9af9a1fd,3,3
4,SSCP-aea81424627291a7,3,3
4,SSCP-aeb4b75359b06dbd,3,3
4,SSCP-aecce1c9311e6838,3,3
4,SSCP-aed06bd2bb6e8b50,3,3
4,SSCP-af691294062cf04b,3,3
4,SSCP-af7cc6531cb0c729,3,3
4,SSCP-afea5969367a4dc9,3,3
4,SSCP-b05b6189011fee03,3,3
4,SSCP-b05ce2f334edbc0d,3,3
4,SSCP-b08e1b9bf40958bc,3,3
4,SSCP-b0bad80f702fdda5,3,3
4,SSCP-b0c82a7a3285093a,3,3
4,SSCP-b0dca2e80299c64b,3,3
4,SSCP-b179502c4da61e95,3,3
4,SSCP-b2110ee12f1b6a95,3,3
4,SSCP-b236dfb00004999a,3,3
4,SSCP-b2c1904cfbea58b9,3,3
4,SSCP-b33bc39c49e73823,3,3
4,SSCP-b3486f9231e400e9,3,3
4,SSCP-b35791ab9853637b,3,3
4,SSCP-b38087aec48f8299,3,3
4,SSCP-b39bd5ad8695bdac,3,3
4,SSCP-b3cdfd3adc8c09fb,3,3
4,SSCP-b3ffdddad824adab,3,3
4,SSCP-b47a81149528e56e,3,3
4,SSCP-b48d14f7be6a0e44,3,3
4,SSCP-b4f45f8b9d29483d,3,3
4,SSCP-b50bbf58a3b96b3e,3,3
4,SSCP-b5410d716ba984c8,3,3
4,SSCP-b567e7ea1831ef19,3,3
4,SSCP-b59dc33efdda006a,3,3
4,SSCP-b5b4bdafd2a0fcf0,3,3
4,SSCP-b5f34893f3889a4e,3,3
4,SSCP-b5f65510d54db8f0,3,3
4,SSCP-b609c9d86e0177c5,3,3
4,SSCP-b677d801a4204af2,3,3
4,SSCP-b6ea7983ce512977,3,3
4,SSCP-b7061261785bd178,3,3
4,SSCP-b70b7b04c7e01de1,3,3
4,SSCP-b770d96540736891,3,3
4,SSCP-b795c05eaae7eccc,3,3
4,SSCP-b7d193e53943328f,3,3
4,SSCP-b7d88046fe561079,3,3
4,SSCP-b7fc6016d0b15448,3,3
4,SSCP-b901dc2f263243cd,3,3
4,SSCP-b91ef2d666f64f93,3,3
4,SSCP-b925268542ae565c,3,3
4,SSCP-b945db1c8466c152,3,3
4,SSCP-ba0272721a19bfa4,3,3
4,SSCP-ba0908c3e256fa32,3,3
4,SSCP-ba453cb8409b3456,3,3
4,SSCP-ba6489c24e0b5845,3,3
4,SSCP-ba7402409fd65a04,3,3
4,SSCP-bac1d6ab15dba055,3,3
4,SSCP-bb4e9c65afa37241,3,3
4,SSCP-bbe1d47fe991d9c6,3,3
4,SSCP-bbe6fb7b8a1b1b2e,3,3
4,SSCP-bc19b5a79296fa68,3,3
4,SSCP-bc3672f9093fc504,3,3
4,SSCP-bc612cbd550706bd,3,3
4,SSCP-bcab64af8efda69c,3,3
4,SSCP-bcca5a02f06de847,3,3
4,SSCP-bd3615309a75685d,3,3
4,SSCP-bd4866be58355bb3,3,3
4,SSCP-bd813e0d6d70adda,3,3
4,SSCP-bd81ec993a0015d0,3,3
4,SSCP-bdbca21b6d6cb2d8,3,3
4,SSCP-bded0a1c707a1138,3,3
4,SSCP-be359bd1983317c5,3,3
4,SSCP-be80b8bb014e4309,3,3
4,SSCP-bea79f1770e89286,3,3
4,SSCP-bec3316f67406290,3,3
4,SSCP-beca98a0145720c3,3,3
4,SSCP-bf05bb8bb29eca51,3,3
4,SSCP-bfa925c212712770,3,3
4,SSCP-bfb5eede588d90d1,3,3
4,SSCP-c00a5b9d2d84fc73,3,3
4,SSCP-c00edf7af6c6af53,3,3
4,SSCP-c01e41e53bc52812,3,3
4,SSCP-c02085a21265cc0a,3,3
4,SSCP-c02407ac0c2f42f8,3,3
4,SSCP-c070c1b5b37bbfa5,3,3
4,SSCP-c0a4676607d5bd27,3,3
4,SSCP-c1015c767dc10104,3,3
4,SSCP-c12787448dcc2a24,3,3
4,SSCP-c1724167c55e48b6,3,3
4,SSCP-c1770abf1fbc2258,3,3
4,SSCP-c1900acc77a5df3b,3,3
4,SSCP-c1b863988d9940c8,3,3
4,SSCP-c1bca9ecebf63dae,3,3
4,SSCP-c1e8e522540a3370,3,3
4,SSCP-c256ea9e1906f6d4,3,3
4,SSCP-c27048dc365e976b,3,3
4,SSCP-c273a26a18518fc2,3,3
4,SSCP-c2afba1bee56a209,3,3
4,SSCP-c2df380c61fdcfcb,3,3
4,SSCP-c306097762fddc33,3,3
4,SSCP-c3652648ac95dbd1,3,3
4,SSCP-c37e7ca16c78c9b1,3,3
4,SSCP-c3c1f446f282a2ac,3,3
4,SSCP-c3e916f8f364173e,3,3
4,SSCP-c4163f98f2fffdd3,3,3
4,SSCP-c46080d32c0542fb,3,3
4,SSCP-c4775352b52d0fa7,3,3
4,SSCP-c4ace949e30baa7f,3,3
4,SSCP-c4c41accf5f3ae48,3,3
4,SSCP-c511972e0c903853,3,3
4,SSCP-c524d20a29722b85,3,3
4,SSCP-c5394cb0de55a642,3,3
4,SSCP-c5783531b9ff59d3,3,3
4,SSCP-c58a214b878fc2f2,3,3
4,SSCP-c63d75af977858ab,3,3
4,SSCP-c674253475731a90,3,3
4,SSCP-c68033165baacc63,3,3
4,SSCP-c6d4997b6fb97a34,3,3
4,SSCP-c6f296aa8a390041,3,3
4,SSCP-c75f5e257f7ecd23,3,3
4,SSCP-c7710cef704784a6,3,3
4,SSCP-c7b8b31aad10886a,3,3
4,SSCP-c7efd736903baf74,3,3
4,SSCP-c866c34afe041c82,3,3
4,SSCP-c976f2aa7f01f567,3,3
4,SSCP-c981292ffb772d88,3,3
4,SSCP-c99219f2c4f25741,3,3
4,SSCP-c99ae0f25cff5a2e,3,3
4,SSCP-c9a70510e1ae92c6,3,3
4,SSCP-c9bf058677ed3ab5,3,3
4,SSCP-c9efc4688cca6f53,3,3
4,SSCP-ca2e4c393970627d,3,3
4,SSCP-ca5c6cf4838e8084,3,3
4,SSCP-ca6ec54ddc4ea63a,3,3
4,SSCP-caa1546ee7b29549,3,3
4,SSCP-caa475a232e7d753,3,3
4,SSCP-caa5891945495e9e,3,3
4,SSCP-caca384d427ed80b,3,3
4,SSCP-cb052b6c2cf53783,3,3
4,SSCP-cb1a38868fc0df0a,3,3
4,SSCP-cc0ba88945572ed3,3,3
4,SSCP-cc179fb311a7d60e,3,3
4,SSCP-cc872a8c247082b4,3,3
4,SSCP-cc8a5a6f1d18335b,3,3
4,SSCP-cc948c4c0dbd466e,3,3
4,SSCP-cd060524ba67d533,3,3
4,SSCP-cd37e0e738e47018,3,3
4,SSCP-cd9a83476a58887f,3,3
4,SSCP-cdb8b1fe628ccd39,3,3
4,SSCP-ce068aba3f50fa74,3,3
4,SSCP-ce52f0b17ec0d329,3,3
4,SSCP-ce530de17f0d0501,3,3
4,SSCP-ce79c001ebd07c04,3,3
4,SSCP-ce97591f15d08dd4,3,3
4,SSCP-ce98b8f20bd74114,3,3
4,SSCP-ceca45fad97cd58f,3,3
4,SSCP-ceec933ac1cf23cd,3,3
4,SSCP-cf13a347357fa078,3,3
4,SSCP-cf6ec856d94c8217,3,3
4,SSCP-cf944b738e0c7d8d,3,3
4,SSCP-cff2f9df5cf593e9,3,3
4,SSCP-d00d649680b93c1b,3,3
4,SSCP-d017958b72c63afb,3,3
4,SSCP-d030c40860d78cf1,3,3
4,SSCP-d075d65f7247cda4,3,3
4,SSCP-d0f751b894eaa131,3,3
4,SSCP-d0fed1cb33eb1222,3,3
4,SSCP-d113477891a24a83,3,3
4,SSCP-d11d61889e0c9741,3,3
4,SSCP-d1543db864b56947,3,3
4,SSCP-d1a4b2e1eb19a96d,3,3
4,SSCP-d232e3605c828156,3,3
4,SSCP-d2a958dbaafcdc73,3,3
4,SSCP-d2c7d1ecc825f8fb,3,3
4,SSCP-d2d0e74e6da6e390,3,3
4,SSCP-d2df7795f7788650,3,3
4,SSCP-d303299a954aad5e,3,3
4,SSCP-d30bf98a74b2727e,3,3
4,SSCP-d36090022d2323c3,3,3
4,SSCP-d398c507eba21454,3,3
4,SSCP-d39bc6aff636f388,3,3
4,SSCP-d39c06cc1f14ebd6,3,3
4,SSCP-d3b05ca836f6f351,3,3
4,SSCP-d3c7b923b4180b37,3,3
4,SSCP-d3df278ede702e7c,3,3
4,SSCP-d3eb82401acd84e6,3,3
4,SSCP-d41897890afc3c87,3,3
4,SSCP-d473d368fda835a1,3,3
4,SSCP-d4b201601d1b4a8b,3,3
4,SSCP-d4cd2af7f26fa2f9,3,3
4,SSCP-d4f8184284a454d6,3,3
4,SSCP-d503a61a4962f905,3,3
4,SSCP-d50602d73b6f22cd,3,3
4,SSCP-d53fee607b92468d,3,3
4,SSCP-d5a34693c661ddb2,3,3
4,SSCP-d5df2e59061fec2d,3,3
4,SSCP-d6129fff676f87b3,3,3
4,SSCP-d61d7ac145eb59a1,3,3
4,SSCP-d674fcc6c5dfb284,3,3
4,SSCP-d72a7a1b8214d794,3,3
4,SSCP-d736fc6c7a097ddf,3,3
4,SSCP-d761719c298af998,3,3
4,SSCP-d792e3a65797ecad,3,3
4,SSCP-d79574bb1f875ee5,3,3
4,SSCP-d7c21300de02b6e7,3,3
4,SSCP-d7f6085ff954d4d1,3,3
4,SSCP-d8140aa6a6133f64,3,3
4,SSCP-d82cf005da22724f,3,3
4,SSCP-d83e47bbfa318539,3,3
4,SSCP-d8583fa3beebf69f,3,3
4,SSCP-d89e35d44d8ffcc6,3,3
4,SSCP-d9267b87d85ff09a,3,3
4,SSCP-d93a08b2629cb1fb,3,3
4,SSCP-d93ede118168571d,3,3
4,SSCP-d943123af1e58228,3,3
4,SSCP-d953117a71926e44,3,3
4,SSCP-d98d8a06723ce687,3,3
4,SSCP-d9b7f08b53ca4f67,3,3
4,SSCP-da42af8ae9367688,3,3
4,SSCP-da92544fc89e48cf,3,3
4,SSCP-daaed742697fd2c2,3,3
4,SSCP-db0bef369ab4d68e,3,3
4,SSCP-db29ca746a625e1e,3,3
4,SSCP-db4e2b9235013cb0,3,3
4,SSCP-db770b7a9fe970db,3,3
4,SSCP-db7d6e72c7168ce3,3,3
4,SSCP-dba0563ad355226d,3,3
4,SSCP-dba596e7656e9142,3,3
4,SSCP-dbad302442bc7e5a,3,3
4,SSCP-dbe27ad5a1b9cd18,3,3
4,SSCP-dc15ec5ec7e18cb2,3,3
4,SSCP-dc1b7435b14bcb0d,3,3
4,SSCP-dc33bf30e0dde2a1,3,3
4,SSCP-dca3c50e96edde02,3,3
4,SSCP-dd5e043ad8a2e961,3,3
4,SSCP-de1f6c87af74d623,3,3
4,SSCP-de31a732a73409a4,3,3
4,SSCP-de3898c4944cb385,3,3
4,SSCP-de58d9fbe9d076ec,3,3
4,SSCP-de6a28699399b614,3,3
4,SSCP-de6ac8f50184be60,3,3
4,SSCP-de8aeb38de7fbe56,3,3
4,SSCP-deff5c323f028ad9,3,3
4,SSCP-df031cec4c8ea02d,3,3
4,SSCP-df130d19edf4a12a,3,3
4,SSCP-df442c0b3c3d9e77,3,3
4,SSCP-df81fd6ba9a84885,3,3
4,SSCP-df945fa5079ffa1f,3,3
4,SSCP-df97298d510771f9,3,3
4,SSCP-e035d43e32a59bb3,3,3
4,SSCP-e03ecdcba3ca10cc,3,3
4,SSCP-e04b7e5cc4473a03,3,3
4,SSCP-e09eddfde876c6f9,3,3
4,SSCP-e0e263319e9d2704,3,3
4,SSCP-e132c4d5eb7ba3f6,3,3
4,SSCP-e15bf7fa957ab58d,3,3
4,SSCP-e19135b3a64b621a,3,3
4,SSCP-e1a8b59c1dc73743,3,3
4,SSCP-e2024ebfc52d8425,3,3
4,SSCP-e2134427ef4bffc6,3,3
4,SSCP-e2499070f69f348f,3,3
4,SSCP-e24f6d59993030f1,3,3
4,SSCP-e2d60caa9fc73475,3,3
4,SSCP-e32dbc3c78a995ec,3,3
4,SSCP-e3c1d29e89d30d31,3,3
4,SSCP-e3f147c5074dc539,3,3
4,SSCP-e422a3db093ea5b8,3,3
4,SSCP-e43feb644256715b,3,3
4,SSCP-e452960d2a893958,3,3
4,SSCP-e457e78d33d9746a,3,3
4,SSCP-e45a0ea8fbd62524,3,3
4,SSCP-e46b9b9163463e20,3,3
4,SSCP-e47825ba109c728d,3,3
4,SSCP-e49cc47f1f48f514,3,3
4,SSCP-e52286206a9f4161,3,3
4,SSCP-e56c47cbe8968ac4,3,3
4,SSCP-e56e40ed94cc1ae6,3,3
4,SSCP-e575ab7c2ea19174,3,3
4,SSCP-e5988028ac89aea8,3,3
4,SSCP-e5a8a4f9303b7b2f,3,3
4,SSCP-e5b072e862a41f9a,3,3
4,SSCP-e5b87caafe558c71,3,3
4,SSCP-e638c1c2970dcef7,3,3
4,SSCP-e681d6ef1bd6d8e3,3,3
4,SSCP-e688007c2a83755c,3,3
4,SSCP-e696ded8783b845e,3,3
4,SSCP-e6a0edc46c41f3a3,3,3
4,SSCP-e6bda30cd6f99c91,3,3
4,SSCP-e6c73c08c8665484,3,3
4,SSCP-e6f22fc052b1df49,3,3
4,SSCP-e6fb51efd20ff1b3,3,3
4,SSCP-e6fe24ef89574383,3,3
4,SSCP-e6fe750ef5c3b612,3,3
4,SSCP-e73a1cf6299b348e,3,3
4,SSCP-e7683d776eb8360b,3,3
4,SSCP-e79154d7f3cb8b38,3,3
4,SSCP-e7b108173bdbaed9,3,3
4,SSCP-e80750a519a3afc1,3,3
4,SSCP-e80f85d58510000e,3,3
4,SSCP-e812293fd317a86d,3,3
4,SSCP-e83d897fe8c7ac93,3,3
4,SSCP-e86a6f4924b6f61b,3,3
4,SSCP-e89c5e2f1257bc40,3,3
4,SSCP-e8dcd976db0dec79,3,3
4,SSCP-e8e2c9631d4792c9,3,3
4,SSCP-e8fe64eebf4823c4,3,3
4,SSCP-e900fc2d14184cbd,3,3
4,SSCP-ea57694e6ab91aca,3,3
4,SSCP-ea5b8685ab043d95,3,3
4,SSCP-ea7a8a225a52deb7,3,3
4,SSCP-eaf5010044f6ca22,3,3
4,SSCP-eb36db5593da53a3,3,3
4,SSCP-eb5f842cf2ca0221,3,3
4,SSCP-eb630c775d37005c,3,3
4,SSCP-eb698bcde1010bb9,3,3
4,SSCP-eb903bdd5727f7fe,3,3
4,SSCP-eb90c68bfd3df461,3,3
4,SSCP-eb936a29d4a4ee6d,3,3
4,SSCP-eba43814e3bff7de,3,3
4,SSCP-ebc5908ea3695d5d,3,3
4,SSCP-ebcadb08fe0a9ef6,3,3
4,SSCP-ebf475485488e8f1,3,3
4,SSCP-ebfa37b8f171cafb,3,3
4,SSCP-ec23c0d73f235249,3,3
4,SSCP-ec33e47a57d06abc,3,3
4,SSCP-ec3eb796deb8e336,3,3
4,SSCP-ec749d6a9185d80e,3,3
4,SSCP-ecbdd7b907cfe339,3,3
4,SSCP-ecfab2bfdf166fed,3,3
4,SSCP-ed06d1bb1ded4c0d,3,3
4,SSCP-ed0fbd279dd57882,3,3
4,SSCP-ed61f51e98755ae7,3,3
4,SSCP-edc9521094e74de7,3,3
4,SSCP-edcc07023d03bc6c,3,3
4,SSCP-ede3b0583f681f6d,3,3
4,SSCP-edf7fb5ff2427730,3,3
4,SSCP-ee27aff333d55734,3,3
4,SSCP-ee40a439f2249cea,3,3
4,SSCP-ee7718b6920ded5a,3,3
4,SSCP-ee78423801019d69,3,3
4,SSCP-eea7f8fc19f009e8,3,3
4,SSCP-eee434b47bcbf0d6,3,3
4,SSCP-ef04e5aee75a63f2,3,3
4,SSCP-ef1b9b17860fcbb8,3,3
4,SSCP-ef9adcda3e8315cf,3,3
4,SSCP-efebde7ad6603833,3,3
4,SSCP-eff736f07ba4ba22,3,3
4,SSCP-f007088356aa1daa,3,3
4,SSCP-f00f565318c34ae2,3,3
4,SSCP-f01309f603ecaf36,3,3
4,SSCP-f03065cc238f49c2,3,3
4,SSCP-f03c4d2f521d7d9b,3,3
4,SSCP-f04ce1a796d7b7a0,3,3
4,SSCP-f096f92e651577b1,3,3
4,SSCP-f0ffcbeb558e1bbf,3,3
4,SSCP-f11bb3d27fa642d2,3,3
4,SSCP-f1a8f167df683d5d,3,3
4,SSCP-f1e490fbb84a7e20,3,3
4,SSCP-f1e7a5a84e933c68,3,3
4,SSCP-f1ee22dfd35fb46d,3,3
4,SSCP-f24d24b001f2e0d8,3,3
4,SSCP-f26b9dca83e905bf,3,3
4,SSCP-f27bab9250684e63,3,3
4,SSCP-f29d548719598dfc,3,3
4,SSCP-f2a67d7a09c08d6c,3,3
4,SSCP-f2e8501889cbd419,3,3
4,SSCP-f331e2fae45e30cb,3,3
4,SSCP-f39b104c37e7a54d,3,3
4,SSCP-f3d16645f8b7a600,3,3
4,SSCP-f42c0a91e7090951,3,3
4,SSCP-f46acc2a1774c096,3,3
4,SSCP-f4dc9c6418eb0c21,3,3
4,SSCP-f51180013ff803c1,3,3
4,SSCP-f54cfa0b577ad551,3,3
4,SSCP-f57bbb66513f54f7,3,3
4,SSCP-f5a1b9df313996df,3,3
4,SSCP-f5b0c2cca92fd4d8,3,3
4,SSCP-f5e68c6be0c9f5e4,3,3
4,SSCP-f5f5cd2187d635b3,3,3
4,SSCP-f6212986907a0949,3,3
4,SSCP-f685e7b98ebe8f62,3,3
4,SSCP-f6afcd2029c026b1,3,3
4,SSCP-f6d40b8927ef7cdc,3,3
4,SSCP-f6e2726e438f3622,3,3
4,SSCP-f70362bb82fbba80,3,3
4,SSCP-f70d1f267360b54c,3,3
4,SSCP-f71a7885830ca44d,3,3
4,SSCP-f75e6fed9ebc0c95,3,3
4,SSCP-f77c3a4d4ba687a9,3,3
4,SSCP-f800556279427169,3,3
4,SSCP-f863e5f80f3b1c80,3,3
4,SSCP-f8bf1806b331b55a,3,3
4,SSCP-f8f46b93cc79e377,3,3
4,SSCP-f8f6c26e5dbac862,3,3
4,SSCP-f946858fbab35586,3,3
4,SSCP-f9e00dfadc36b6de,3,3
4,SSCP-f9e8852da9ee2a86,3,3
4,SSCP-fa74ad071f3327a1,3,3
4,SSCP-fa845e834b49e8c5,3,3
4,SSCP-faaa69d04822f8e4,3,3
4,SSCP-fab3c8bd6ffe5f94,3,3
4,SSCP-fad79dca1289005d,3,3
4,SSCP-fada4dac57e96d06,3,3
4,SSCP-fade678ffd02f411,3,3
4,SSCP-fae4a76b00305ea7,3,3
4,SSCP-fb0a454e8426be17,3,3
4,SSCP-fbc33f99ca3e57ad,3,3
4,SSCP-fbd0131fbc5b4564,3,3
4,SSCP-fc4ee3dbbc470cf0,3,3
4,SSCP-fc7e3e69e1a358ee,3,3
4,SSCP-fc830b9b6334646e,3,3
4,SSCP-fc9fc7bb15f2592d,3,3
4,SSCP-fcb0dc2f3390c729,3,3
4,SSCP-fcb4a57adc6d406d,3,3
4,SSCP-fcdb420eed802954,3,3
4,SSCP-fd2611d4e490dd8f,3,3
4,SSCP-fd277068a871af38,3,3
4,SSCP-fd28296dbccda583,3,3
4,SSCP-fd28aa09abf26634,3,3
4,SSCP-fd2ddf8cda6072e0,3,3
4,SSCP-fd2de4063849d793,3,3
4,SSCP-fd65b027c763f7af,3,3
4,SSCP-fd65cf03ab9263e8,3,3
4,SSCP-fd78fc0f147dae3c,3,3
4,SSCP-fd82cacd37a9de6a,3,3
4,SSCP-fd9bbe1ce9cc234a,3,3
4,SSCP-fde473751b24a721,3,3
4,SSCP-fe38d65e74ff2745,3,3
4,SSCP-fe462b38de440813,3,3
4,SSCP-fe4fb8799b363386,3,3
4,SSCP-fe69100e8d30b566,3,3
4,SSCP-fe81f74919047aeb,3,3
4,SSCP-fe965b41c849afd7,3,3
4,SSCP-fecfdadb6ab02ce9,3,3
4,SSCP-fed3feff7861a6f1,3,3
4,SSCP-fef24bced5f0543e,3,3
4,SSCP-ff0f33874a501ddf,3,3
4,SSCP-ff2d0c4fab0edd1f,3,3
4,SSCP-ff61a1e6d8ea28d8,3,3
4,SSCP-ff795e19a42521b0,3,3
4,SSCP-ff8ff1b200a80376,3,3
4,SSCP-ffc8405c422768ae,3,3
4,SSCP-ffd8d4764ec8a527,3,3
4,SSCP-000a8487e899bcf7,4,5
4,SSCP-007348f537c8cd4c,4,5
4,SSCP-00e6d7a813501019,4,5
4,SSCP-012a04013c75aeae,4,5
4,SSCP-0178084d0982157e,4,5
4,SSCP-0195d2c0149d8fbe,4,5
4,SSCP-01f3c1fb2225263f,4,5
4,SSCP-02a9240ec061d409,4,5
4,SSCP-03ef7e8421b15193,4,5
4,SSCP-0420624ef0aa5971,4,5
4,SSCP-045d41daeb6d46db,4,5
4,SSCP-046379d562230719,4,5
4,SSCP-0472de082a9451c8,4,5
4,SSCP-04ecbe67e4e29207,4,5
4,SSCP-052e7e14abe650a0,4,5
4,SSCP-056821a4fe54c29c,4,5
4,SSCP-0590a53afae2032c,4,5
4,SSCP-059f2a445638405e,4,5
4,SSCP-05bf366e069e42b5,4,5
4,SSCP-05d8dc068f3de20f,4,5
4,SSCP-05fe2a123398dfce,4,5
4,SSCP-0628fb7999339112,4,5
4,SSCP-0637149104dba432,4,5
4,SSCP-06875e0a7bc3b675,4,5
4,SSCP-06fdb414354a6559,4,5
4,SSCP-0776231342bc71de,4,5
4,SSCP-07b96e40456e1812,4,5
4,SSCP-07d538a3edeb9524,4,5
4,SSCP-0857e087716c11e2,4,5
4,SSCP-08b41f9853dc92ef,4,5
4,SSCP-095d741d63c4dc3b,4,5
4,SSCP-096c4e50e0d72c1c,4,5
4,SSCP-097d9a3fd3c1b4dd,4,5
4,SSCP-09c5bd0cfb48b18f,4,5
4,SSCP-09fef344e7d5b6fd,4,5
4,SSCP-0a07efacba4e847f,4,5
4,SSCP-0a24681204dae2bf,4,5
4,SSCP-0a3b8b3700b2a40f,4,5
4,SSCP-0a3bc1d9870db6af,4,5
4,SSCP-0a631805f3778369,4,5
4,SSCP-0aba96b3dfa8e09e,4,5
4,SSCP-0b2bd45f7ec78b87,4,5
4,SSCP-0b4f5b98e5659c9b,4,5
4,SSCP-0b650dcb3531e6d8,4,5
4,SSCP-0b86b22611e51d69,4,5
4,SSCP-0b88eab868b3ec52,4,5
4,SSCP-0ba034cc597940ad,4,5
4,SSCP-0ba7eda71d0b6576,4,5
4,SSCP-0c23108d96ee7a80,4,5
4,SSCP-0c63808ee37be37c,4,5
4,SSCP-0c7deba2c1bc39cf,4,5
4,SSCP-0d20de49fd557b9d,4,5
4,SSCP-0d72277ea37da3dd,4,5
4,SSCP-0dd195aaf68222f6,4,5
4,SSCP-0e243233d07cbc4a,4,5
4,SSCP-0e2f86d6e58157ce,4,5
4,SSCP-0e45fe7b2e0ad61a,4,5
4,SSCP-0e767c311bf19a07,4,5
4,SSCP-0e956b7fc189afb3,4,5
4,SSCP-0eb7d4a6c2758004,4,5
4,SSCP-0ecdb255f5eec3c9,4,5
4,SSCP-0ed4f68efc98a2d5,4,5
4,SSCP-0eeb161b93702a6b,4,5
4,SSCP-0f0f6c3ba262e105,4,5
4,SSCP-0f657fdb83f94d10,4,5
4,SSCP-0f8aef4dd9f311c9,4,5
4,SSCP-0f93670f5dc3d3fa,4,5
4,SSCP-0fa05d4c44a34de6,4,5
4,SSCP-0faa7be070dc080a,4,5
4,SSCP-0fd03ed3d87e1de1,4,5
4,SSCP-101a2287cff5ad90,4,5
4,SSCP-102dd3b66d500791,4,5
4,SSCP-1032695c720e3fbe,4,5
4,SSCP-10a0199f971cfb25,4,5
4,SSCP-10a54d2d885a594a,4,5
4,SSCP-10a74b4b70cd6f68,4,5
4,SSCP-11021d9b48ee8a2e,4,5
4,SSCP-112bd768ca7e0e95,4,5
4,SSCP-114a48b4784f71af,4,5
4,SSCP-119b9574e3bd25d1,4,5
4,SSCP-11b262b2cc0d97ca,4,5
4,SSCP-11e85fd72faf21cb,4,5
4,SSCP-123ce6847f4910ce,4,5
4,SSCP-129c38af1b9b2e91,4,5
4,SSCP-12c4af19e6b3d3fd,4,5
4,SSCP-12d1e0b6061e64ce,4,5
4,SSCP-12e7fc2d85e3f212,4,5
4,SSCP-12f05d2962130584,4,5
4,SSCP-12f930c47fabcecf,4,5
4,SSCP-13096096237cb762,4,5
4,SSCP-131b5d7979b7b83c,4,5
4,SSCP-1350f1660729dda3,4,5
4,SSCP-13cb2ce8d7db8f76,4,5
4,SSCP-1434d13fe352b634,4,5
4,SSCP-144308cbfca1e3e5,4,5
4,SSCP-147cd6a6f73603de,4,5
4,SSCP-148d7233cdef4cfd,4,5
4,SSCP-1495c8d62dcea1b0,4,5
4,SSCP-14b7a6415f9e5eed,4,5
4,SSCP-14be4520bef42260,4,5
4,SSCP-1508847564d3f1b5,4,5
4,SSCP-1559d803865ab3cf,4,5
4,SSCP-157b52429480b02f,4,5
4,SSCP-158432da82bc6b63,4,5
4,SSCP-158a371554e71f14,4,5
4,SSCP-15b78ba72a507bbc,4,5
4,SSCP-15c3c5c36da37c7e,4,5
4,SSCP-15c7c26c6b3f3a70,4,5
4,SSCP-1656e8697d948be1,4,5
4,SSCP-16682a56c0d2b428,4,5
4,SSCP-16688701c2be1cb6,4,5
4,SSCP-16a160642ae0a2e1,4,5
4,SSCP-16dbda1594790d6a,4,5
4,SSCP-17048ce5f13be66c,4,5
4,SSCP-1732036334502763,4,5
4,SSCP-177e52dbaa5cc103,4,5
4,SSCP-17d9605d5958d6a4,4,5
4,SSCP-18137560148a183a,4,5
4,SSCP-1827de14c8d4b523,4,5
4,SSCP-182aa0c3e9484626,4,5
4,SSCP-1856e278a6066d04,4,5
4,SSCP-187c7b1e2a7331ea,4,5
4,SSCP-18d997639226886d,4,5
4,SSCP-194dc0740ec1d415,4,5
4,SSCP-195df84fa8b16e4a,4,5
4,SSCP-1963a27df2adcaa1,4,5
4,SSCP-19698cbdb6ad2623,4,5
4,SSCP-199640d375def1fb,4,5
4,SSCP-19dfd3216b2de027,4,5
4,SSCP-19e4231d1da1f0b4,4,5
4,SSCP-19f9b96bae6ee55f,4,5
4,SSCP-1a2907a48a1ad9ef,4,5
4,SSCP-1a82836fa6d9b122,4,5
4,SSCP-1a898ee0242c4476,4,5
4,SSCP-1aa035f798c5acbe,4,5
4,SSCP-1aa5244b95b0e468,4,5
4,SSCP-1add889a9822e8e0,4,5
4,SSCP-1b1fbd497a01653d,4,5
4,SSCP-1b3c58d0f7beb081,4,5
4,SSCP-1b54aad93e1f5a79,4,5
4,SSCP-1b5d7eb8251cec3b,4,5
4,SSCP-1bc09a2a55ae07c8,4,5
4,SSCP-1bec4fbe5f08222d,4,5
4,SSCP-1c46f0d290a69dfe,4,5
4,SSCP-1c79bf59e457aeb2,4,5
4,SSCP-1c8cd3c32d783a26,4,5
4,SSCP-1cb9de1b65ac95f1,4,5
4,SSCP-1cc8179b3992e263,4,5
4,SSCP-1da2b070e4df8198,4,5
4,SSCP-1e63839bcca65d68,4,5
4,SSCP-1eb826f5ffcccc5f,4,5
4,SSCP-1ec70057bafdace8,4,5
4,SSCP-1efb80dc1d11fe23,4,5
4,SSCP-1f0d28b79b71b70d,4,5
4,SSCP-1f167b840dc6f7d8,4,5
4,SSCP-1f74204d2caea14a,4,5
4,SSCP-1f8d969126aecc77,4,5
4,SSCP-1f9366cc7254b1c7,4,5
4,SSCP-1ffbf190d67c5537,4,5
4,SSCP-1ffdb4ec5f881777,4,5
4,SSCP-2071af5408ad12b7,4,5
4,SSCP-208613386d693081,4,5
4,SSCP-209c26f7b402d310,4,5
4,SSCP-209ec38a00cab2bc,4,5
4,SSCP-21138e53decb5773,4,5
4,SSCP-21151fccfa01a7b9,4,5
4,SSCP-211881ba834a8812,4,5
4,SSCP-21238b34620d959b,4,5
4,SSCP-2126ae7343307a4f,4,5
4,SSCP-214052f473b487bf,4,5
4,SSCP-2143f36afdd1ab7f,4,5
4,SSCP-2167e9e45aa0e460,4,5
4,SSCP-21b17ba1eb901efe,4,5
4,SSCP-21cd951809751f89,4,5
4,SSCP-2221d68f25e09bde,4,5
4,SSCP-222693c5d2c2ace5,4,5
4,SSCP-22298ec3451d9ca9,4,5
4,SSCP-2263b8fc5cb3fb8d,4,5
4,SSCP-22c89ea2777d4e9b,4,5
4,SSCP-22d03a76581c2e45,4,5
4,SSCP-22f97cc58c0764f2,4,5
4,SSCP-230e8decd1a50b7a,4,5
4,SSCP-2338dc76fbe318c3,4,5
4,SSCP-2342b12270ecd3b0,4,5
4,SSCP-235e5760c48f565f,4,5
4,SSCP-23d0f7dba84e6719,4,5
4,SSCP-23eec8b90f8070b8,4,5
4,SSCP-244add395e6d79ed,4,5
4,SSCP-247fe1dfe4792cc0,4,5
4,SSCP-24825271c9e97bfd,4,5
4,SSCP-2491ef44d1a39e7e,4,5
4,SSCP-24bbd872a875f61c,4,5
4,SSCP-252773d85b72ae6a,4,5
4,SSCP-253352bdd363ad14,4,5
4,SSCP-253baa2fcc363fb5,4,5
4,SSCP-2602db4ec319e199,4,5
4,SSCP-2608f736bc5126bd,4,5
4,SSCP-261d9a5e40117a5d,4,5
4,SSCP-262672854eabff8a,4,5
4,SSCP-2661382902887702,4,5
4,SSCP-269934391700578c,4,5
4,SSCP-26b5aa987c0c0fae,4,5
4,SSCP-26dc33af81d76cc2,4,5
4,SSCP-26e09f60bf94274b,4,5
4,SSCP-26fa47761fd002ca,4,5
4,SSCP-271e181ea0283a84,4,5
4,SSCP-27389493c13f326b,4,5
4,SSCP-274168de359f8b2b,4,5
4,SSCP-275380981594e871,4,5
4,SSCP-275a56ad9554c034,4,5
4,SSCP-276bcc8bd56a32fb,4,5
4,SSCP-27a30cff7573feae,4,5
4,SSCP-27d33ef32bbcc06e,4,5
4,SSCP-27d502ea762ad20b,4,5
4,SSCP-27da00534c8ba96a,4,5
4,SSCP-27eb3554c4eda60a,4,5
4,SSCP-2805d818397133d3,4,5
4,SSCP-280e494611178cc1,4,5
4,SSCP-28329eeae2a0bd0f,4,5
4,SSCP-287b3f41e3323074,4,5
4,SSCP-28c8731be918f22c,4,5
4,SSCP-28d772a64cffbba7,4,5
4,SSCP-28dfe6429dd7ee2c,4,5
4,SSCP-29130527bb629d83,4,5
4,SSCP-29a2b41fae6d83c0,4,5
4,SSCP-29ac37051bd9af5c,4,5
4,SSCP-2a6bc45d082bc47f,4,5
4,SSCP-2a7808d8f7b00f64,4,5
4,SSCP-2ae6b7eb5c7aae57,4,5
4,SSCP-2b1a5d0644bc0388,4,5
4,SSCP-2b3a9612df80fbdc,4,5
4,SSCP-2b5badc6fc08abc1,4,5
4,SSCP-2b63ffcaa25b3f3c,4,5
4,SSCP-2bfdc7d2e5cd7d70,4,5
4,SSCP-2c89717179d040ba,4,5
4,SSCP-2ca8c4de23324d9d,4,5
4,SSCP-2cecc99a05883e94,4,5
4,SSCP-2d55dce805613683,4,5
4,SSCP-2d6e6ff476e7accf,4,5
4,SSCP-2d742561cd05685d,4,5
4,SSCP-2d7a501fcc63366b,4,5
4,SSCP-2d9e7fc936e02bb1,4,5
4,SSCP-2dc593fd1b26b8c9,4,5
4,SSCP-2dcc1b7c22914743,4,5
4,SSCP-2e63bb5c172a8ce7,4,5
4,SSCP-2e95325015b53757,4,5
4,SSCP-2ed32d464d39e7f8,4,5
4,SSCP-2ef24368d17ee119,4,5
4,SSCP-2efa3dc5edc42915,4,5
4,SSCP-2f3130ed4bc1ae73,4,5
4,SSCP-2f6b32872458678d,4,5
4,SSCP-2fa6a6c911f02949,4,5
4,SSCP-2fb474b8823d0971,4,5
4,SSCP-2fbac43748bf9954,4,5
4,SSCP-3005a16b2fff6a15,4,5
4,SSCP-3035323b4a813863,4,5
4,SSCP-30b08524d94c9200,4,5
4,SSCP-30d087696e1475e3,4,5
4,SSCP-30fc56db15b0a04e,4,5
4,SSCP-313799747320c4f1,4,5
4,SSCP-315d69aba674efd0,4,5
4,SSCP-3176e61b89ee1b91,4,5
4,SSCP-31ddc31bafcacc86,4,5
4,SSCP-31ef99f32e580589,4,5
4,SSCP-32105c3f12f92f5b,4,5
4,SSCP-32359cba8fc72bd3,4,5
4,SSCP-323ab0bc177d428c,4,5
4,SSCP-326bf32a8abd9221,4,5
4,SSCP-32759f359a99fe16,4,5
4,SSCP-329b71999461e9ea,4,5
4,SSCP-32adfebda70c5e4e,4,5
4,SSCP-330cf5c2e70abe25,4,5
4,SSCP-339693bf35df21b8,4,5
4,SSCP-33f7e68cf8ae94fb,4,5
4,SSCP-341228b4d5eee3b0,4,5
4,SSCP-34296176fe1a5e40,4,5
4,SSCP-34454abe4c8fcba7,4,5
4,SSCP-35f1517c4f1f069b,4,5
4,SSCP-35fecc5040916b5a,4,5
4,SSCP-3645fc5e1f6ea090,4,5
4,SSCP-369a256163ac5314,4,5
4,SSCP-3704f22caef55951,4,5
4,SSCP-3705c319711049a6,4,5
4,SSCP-372f2fedcc2930ff,4,5
4,SSCP-3784b8b98a0afcb0,4,5
4,SSCP-37a23ea3bf1a457d,4,5
4,SSCP-37b049cecc9b4de5,4,5
4,SSCP-37e25334288a6f48,4,5
4,SSCP-37ed0dd70944751f,4,5
4,SSCP-37eef880bf9e20ef,4,5
4,SSCP-386f108ce2dd4cb8,4,5
4,SSCP-3874367417008673,4,5
4,SSCP-388d5b0879594714,4,5
4,SSCP-38e800b856223d0c,4,5
4,SSCP-39a57b5281b86a53,4,5
4,SSCP-39abad56461551d2,4,5
4,SSCP-39e13e8223888b10,4,5
4,SSCP-3a08e589cb1212af,4,5
4,SSCP-3a453fa32b6952d1,4,5
4,SSCP-3a65a6cb70432122,4,5
4,SSCP-3ad1723078d06d7c,4,5
4,SSCP-3ad3cd5b9a36410c,4,5
4,SSCP-3b2cd1d1482cad9f,4,5
4,SSCP-3b6ddeea41acdd11,4,5
4,SSCP-3b9c8e89274a3d57,4,5
4,SSCP-3bb56fe49492bffb,4,5
4,SSCP-3bdc59bd8f8fc7d5,4,5
4,SSCP-3c1c8bb37b53625a,4,5
4,SSCP-3c34893cc90898cc,4,5
4,SSCP-3c5e4401714b9812,4,5
4,SSCP-3cabb3058d3ab869,4,5
4,SSCP-3d41c31391d3a1e8,4,5
4,SSCP-3df7609591ff289c,4,5
4,SSCP-3e414ded84606bf8,4,5
4,SSCP-3e7aa53bdb2cd879,4,5
4,SSCP-3e91900a319c598d,4,5
4,SSCP-3e99639f52edc458,4,5
4,SSCP-3e9fdddbb44d4202,4,5
4,SSCP-3ee384005f22208c,4,5
4,SSCP-3f05651c7e6a4417,4,5
4,SSCP-3f64a5eb309880da,4,5
4,SSCP-3fa77592229bde74,4,5
4,SSCP-400247b4b92fa930,4,5
4,SSCP-40196bdfa9668283,4,5
4,SSCP-4026f878f72b5f26,4,5
4,SSCP-405e33ec95790432,4,5
4,SSCP-415cfcb196fb13c1,4,5
4,SSCP-418bed398b4292c7,4,5
4,SSCP-41a984b3b48c35ec,4,5
4,SSCP-41d6081694c7e00e,4,5
4,SSCP-41e663561180009c,4,5
4,SSCP-42355c8d90c78c45,4,5
4,SSCP-42d0168719f4ca76,4,5
4,SSCP-42d3177ef418c584,4,5
4,SSCP-431860e6387e2c74,4,5
4,SSCP-43306c8295893bd0,4,5
4,SSCP-4360ec8effdcd383,4,5
4,SSCP-437268e8d1e3511c,4,5
4,SSCP-43802487365f4f1c,4,5
4,SSCP-43e3ecaa0d6d10f5,4,5
4,SSCP-43faf9da4a22c3a2,4,5
4,SSCP-440672dc6770aee7,4,5
4,SSCP-44d1f854ec7e0776,4,5
4,SSCP-44e9769318b1b045,4,5
4,SSCP-452228a7a8d73b8d,4,5
4,SSCP-4560c0dfd38315fd,4,5
4,SSCP-457da9fdb9bc0c37,4,5
4,SSCP-45c52364343205a9,4,5
4,SSCP-461056b66222bc05,4,5
4,SSCP-463a48ba30f26b22,4,5
4,SSCP-464bfdcd2ddfa3af,4,5
4,SSCP-466086d3c4137939,4,5
4,SSCP-46cdb6bfdac5ce90,4,5
4,SSCP-46d69aa1f635fc04,4,5
4,SSCP-46da2cb3259e9ebb,4,5
4,SSCP-47311ad5ebd7e685,4,5
4,SSCP-474ec6e17ae786ce,4,5
4,SSCP-4751967b5e948fdd,4,5
4,SSCP-47bceeb5ec45085b,4,5
4,SSCP-483069868617c329,4,5
4,SSCP-4864890b8c3d29d3,4,5
4,SSCP-4883df9b49561b8d,4,5
4,SSCP-48895c15ec7caa7c,4,5
4,SSCP-48b14b212b1deb6b,4,5
4,SSCP-48df8ff7d5a5a153,4,5
4,SSCP-48eb032b2699e755,4,5
4,SSCP-48ef18bcad775f4c,4,5
4,SSCP-48fd3db342334cb2,4,5
4,SSCP-49044fc132d69a36,4,5
4,SSCP-494b683b55446df0,4,5
4,SSCP-49516ed74be7e212,4,5
4,SSCP-49bcd950c69085e4,4,5
4,SSCP-49e241d17209b471,4,5
4,SSCP-49ee8f86f611a55b,4,5
4,SSCP-49fb2d2785328899,4,5
4,SSCP-4a62ce6d07bb5dda,4,5
4,SSCP-4aa385b3816ede41,4,5
4,SSCP-4aab0c698e5ff887,4,5
4,SSCP-4ae43dad9087f8d7,4,5
4,SSCP-4b031ff032196b75,4,5
4,SSCP-4b12f74c7c41ede5,4,5
4,SSCP-4b410ac397262ae6,4,5
4,SSCP-4b823e05acf82e3f,4,5
4,SSCP-4b97acbffaec6aeb,4,5
4,SSCP-4c12c684c6ccd357,4,5
4,SSCP-4c2114c8424aa6f4,4,5
4,SSCP-4ca6d2c6738f82d7,4,5
4,SSCP-4caaf492134f90ea,4,5
4,SSCP-4ce17de81212f681,4,5
4,SSCP-4d063e9a5f27989f,4,5
4,SSCP-4d2081071953accb,4,5
4,SSCP-4d721467b4ef3aaa,4,5
4,SSCP-4d8142a46bc59c4d,4,5
4,SSCP-4d84bbe15d357ee0,4,5
4,SSCP-4da7a29b9727d7c2,4,5
4,SSCP-4dab09122ebea75d,4,5
4,SSCP-4ddc72d6c07b0403,4,5
4,SSCP-4e0545d0404d2f11,4,5
4,SSCP-4e3358b8eb61c9c4,4,5
4,SSCP-4e5582a6aa4fc6c2,4,5
4,SSCP-4eaf05eb65c6056c,4,5
4,SSCP-4f4dbb75b8643656,4,5
4,SSCP-4f6bf77c46c230c1,4,5
4,SSCP-4f807c108abdc2fb,4,5
4,SSCP-4fb0f43c8a15f60e,4,5
4,SSCP-4fb269295acdfe86,4,5
4,SSCP-4fc9042246c66758,4,5
4,SSCP-5004bf60903ab12c,4,5
4,SSCP-5051c14968bb6229,4,5
4,SSCP-506056a6dd93d211,4,5
4,SSCP-508ed943452a57c1,4,5
4,SSCP-50b0fb9a6e133dd5,4,5
4,SSCP-50dc292758f67529,4,5
4,SSCP-515bba62b2c4e272,4,5
4,SSCP-516b382936727bf4,4,5
4,SSCP-51de1d38f5c24825,4,5
4,SSCP-51eac6b95c73df06,4,5
4,SSCP-51f0114d0c2d42d3,4,5
4,SSCP-530c4bafbdaf78df,4,5
4,SSCP-531e49bd013a4185,4,5
4,SSCP-5336768e0a0733e6,4,5
4,SSCP-534b0e2075ea9b4a,4,5
4,SSCP-53765197110d7c42,4,5
4,SSCP-53e9ba0dcc44c7ab,4,5
4,SSCP-5412ce3ce6cafbd7,4,5
4,SSCP-541ad98f362df99c,4,5
4,SSCP-542679e257223de6,4,5
4,SSCP-543069be1cafd0e9,4,5
4,SSCP-543e04626ba18aad,4,5
4,SSCP-546ec343d0340ce9,4,5
4,SSCP-54b6b1a7d73ab40e,4,5
4,SSCP-54be08e588e1ba33,4,5
4,SSCP-54da73c4a8b8ff35,4,5
4,SSCP-54e16d1f1e66ce8b,4,5
4,SSCP-553d2106b50b4c5a,4,5
4,SSCP-5570df2f4c7866e9,4,5
4,SSCP-5572d4dc92f662bc,4,5
4,SSCP-558004fad87b20a4,4,5
4,SSCP-55b5999781d224cf,4,5
4,SSCP-55c1f363a76ab7d3,4,5
4,SSCP-55decc3a0af9417d,4,5
4,SSCP-569789a7b642526a,4,5
4,SSCP-56a90d40d596437c,4,5
4,SSCP-56f1ca0e26714339,4,5
4,SSCP-57053cfe11f91cea,4,5
4,SSCP-5757811292c53893,4,5
4,SSCP-57ab6282f7092fb8,4,5
4,SSCP-57b22fe0d151727b,4,5
4,SSCP-57cc0a1b512a3a03,4,5
4,SSCP-57e8b0cfe9d43dd1,4,5
4,SSCP-5804529825a9f2e3,4,5
4,SSCP-580559549124cd38,4,5
4,SSCP-58230e43e72ba347,4,5
4,SSCP-58b6f12e814c2487,4,5
4,SSCP-58e253e49db57b51,4,5
4,SSCP-5905e55f40c5606f,4,5
4,SSCP-59fc706772f8e6ca,4,5
4,SSCP-5a47a71edb04b537,4,5
4,SSCP-5ab591a503159e72,4,5
4,SSCP-5abbda2936b9315e,4,5
4,SSCP-5ac1b0f875737c4c,4,5
4,SSCP-5ae41fe25937c803,4,5
4,SSCP-5afe603c0db3f894,4,5
4,SSCP-5baa6e4b70e0752b,4,5
4,SSCP-5c0d3a7cc0c41f49,4,5
4,SSCP-5c323646440ddd27,4,5
4,SSCP-5c4e032279f8dd14,4,5
4,SSCP-5c625e1c356673de,4,5
4,SSCP-5c9f6645fc6f0572,4,5
4,SSCP-5cb131f0ab7a0484,4,5
4,SSCP-5ce426975532a744,4,5
4,SSCP-5d2a65cf16aa2172,4,5
4,SSCP-5d73be0d677fbb17,4,5
4,SSCP-5d763337fb01aeff,4,5
4,SSCP-5d7a26d81b0a5456,4,5
4,SSCP-5e4cb428805fcd32,4,5
4,SSCP-5eaed177af9078f0,4,5
4,SSCP-5eb7a09b83f44039,4,5
4,SSCP-5ed9b6d199685c34,4,5
4,SSCP-5f22be2a68d5d005,4,5
4,SSCP-5f2b61ef60e2058d,4,5
4,SSCP-5f54404742af814b,4,5
4,SSCP-5fcb807ff6b26a83,4,5
4,SSCP-5fdcc3c5adbc2940,4,5
4,SSCP-5ffce261366cf706,4,5
4,SSCP-600e1364263c71f0,4,5
4,SSCP-602d68b6ed725055,4,5
4,SSCP-6034c0bae76ae84c,4,5
4,SSCP-604e5c3fa9bcf3bf,4,5
4,SSCP-60a85537d4556725,4,5
4,SSCP-60dbc5a97b8de07a,4,5
4,SSCP-60fe2b4dab710abd,4,5
4,SSCP-61820f92c5133ca0,4,5
4,SSCP-61bbc0abf2946e17,4,5
4,SSCP-61de5345a4537c0d,4,5
4,SSCP-6211af663f17a94c,4,5
4,SSCP-6237683eeb8c9922,4,5
4,SSCP-624ad8832ec0ee27,4,5
4,SSCP-6252d43187d67efb,4,5
4,SSCP-62836763b92ba7cc,4,5
4,SSCP-6288324ec0ec552a,4,5
4,SSCP-62e30df976813aee,4,5
4,SSCP-6320810e6ff83dd6,4,5
4,SSCP-63481d7bd286232a,4,5
4,SSCP-63545826f07a253c,4,5
4,SSCP-63879d642b80250b,4,5
4,SSCP-638b4ea5a57d7bac,4,5
4,SSCP-63a14adabc14c7cf,4,5
4,SSCP-63a26bdc2af4cd26,4,5
4,SSCP-63af43990739f5a5,4,5
4,SSCP-63b378490b58d4c8,4,5
4,SSCP-63f3de8d7cd8eddd,4,5
4,SSCP-644ad211c1219554,4,5
4,SSCP-645f1165c64e5a6b,4,5
4,SSCP-64aad4c0177d79c1,4,5
4,SSCP-65190655ed61d975,4,5
4,SSCP-656970636682393b,4,5
4,SSCP-65883bf3a6f95637,4,5
4,SSCP-65c60471a443152b,4,5
4,SSCP-6630a5c4e4c1f29f,4,5
4,SSCP-66420910d7b0de3e,4,5
4,SSCP-668162a9dc5d5521,4,5
4,SSCP-668205a81fb093b8,4,5
4,SSCP-66c208e5267d0861,4,5
4,SSCP-66ce401a42f9803a,4,5
4,SSCP-67028a47e680cd2d,4,5
4,SSCP-67206e0416f18044,4,5
4,SSCP-6735ae1d9a33797c,4,5
4,SSCP-677dc49ade059e75,4,5
4,SSCP-679a41a04c44933e,4,5
4,SSCP-67bfd0371c44f9b1,4,5
4,SSCP-67c540fa78e3fbe5,4,5
4,SSCP-67dd5b00654a7206,4,5
4,SSCP-680074bc41edc63d,4,5
4,SSCP-685ca0d417ffb984,4,5
4,SSCP-68ebca60c771370c,4,5
4,SSCP-68f5956e58c892e1,4,5
4,SSCP-6903113ef7186ea4,4,5
4,SSCP-694a69f174dc0bf6,4,5
4,SSCP-695d57c8b3247548,4,5
4,SSCP-695d6daed5428ad7,4,5
4,SSCP-6989eee6f4185234,4,5
4,SSCP-6996c2f34449f49e,4,5
4,SSCP-69c506a158913490,4,5
4,SSCP-69d620c8cb80f674,4,5
4,SSCP-69ee34f7283207db,4,5
4,SSCP-69f8c976638f535b,4,5
4,SSCP-6a038de9f3dca339,4,5
4,SSCP-6a38103d43be7ca7,4,5
4,SSCP-6a433f5275534a5d,4,5
4,SSCP-6a7c7000f2f4f27b,4,5
4,SSCP-6abbd9027894d469,4,5
4,SSCP-6ad339dadbf4c4ce,4,5
4,SSCP-6adecf10d4a7c33b,4,5
4,SSCP-6b1d63b112e8f94a,4,5
4,SSCP-6b64dcec73030e93,4,5
4,SSCP-6bf26fdacdc151b3,4,5
4,SSCP-6bfaa7cd6eb4e04d,4,5
4,SSCP-6c13eb417c31d1f8,4,5
4,SSCP-6c1b479516f51e1c,4,5
4,SSCP-6c347c54e9c2205e,4,5
4,SSCP-6c487d6abcc20ff4,4,5
4,SSCP-6c5210328f40e295,4,5
4,SSCP-6ca41950af157a59,4,5
4,SSCP-6ccd36b606e18710,4,5
4,SSCP-6ce29fc22f15b62e,4,5
4,SSCP-6cf71bfdc0336846,4,5
4,SSCP-6d37710ba9123abc,4,5
4,SSCP-6d3a839072f16fe4,4,5
4,SSCP-6e0811efcb93a7c1,4,5
4,SSCP-6e366e1142df3ac6,4,5
4,SSCP-6e3debcf0b8c3502,4,5
4,SSCP-6e6b7e6cf09dbf4a,4,5
4,SSCP-6e7c126163be3ea3,4,5
4,SSCP-6e92fdf57d518a1a,4,5
4,SSCP-6eb094137af49065,4,5
4,SSCP-6ec90c3a28200df1,4,5
4,SSCP-6ed26ee574ecdee9,4,5
4,SSCP-6eeb611216672c17,4,5
4,SSCP-6f8307c0737adad3,4,5
4,SSCP-6fddbdbe6776cf49,4,5
4,SSCP-70072ad93b7723ba,4,5
4,SSCP-701aac927d5ef746,4,5
4,SSCP-71965552fda4da58,4,5
4,SSCP-71be7e58fc31d370,4,5
4,SSCP-71cd2fa1eab1a879,4,5
4,SSCP-71f03f7c17fb6c11,4,5
4,SSCP-71f9827faa8589b6,4,5
4,SSCP-7250d13d86b65730,4,5
4,SSCP-72876c69663c797d,4,5
4,SSCP-72bffac3b9a097f8,4,5
4,SSCP-72d9d9484668afb4,4,5
4,SSCP-72f0601065255acd,4,5
4,SSCP-730897d916bd0812,4,5
4,SSCP-735ea39b644ac7c1,4,5
4,SSCP-73796a4dedb92fb0,4,5
4,SSCP-73f540eb3028e168,4,5
4,SSCP-7463a00690fe4f96,4,5
4,SSCP-747f9efea998c639,4,5
4,SSCP-7507ee004a618f50,4,5
4,SSCP-759b19801e9fea63,4,5
4,SSCP-75f3b5ff238bd255,4,5
4,SSCP-760a34cce75aea2e,4,5
4,SSCP-7649cbff27500885,4,5
4,SSCP-76607ff138816b5b,4,5
4,SSCP-773b8a7a703e454a,4,5
4,SSCP-77978de896525b7d,4,5
4,SSCP-77cf8fba08575b66,4,5
4,SSCP-782cd86c44b83f1a,4,5
4,SSCP-7869d20a5ab9d8c4,4,5
4,SSCP-78757f7f5da86923,4,5
4,SSCP-78cf44cd5f214a05,4,5
4,SSCP-791a1cc56432f3f3,4,5
4,SSCP-7975c96bf80e6dcd,4,5
4,SSCP-79d379aec6b18e8c,4,5
4,SSCP-79d7c8115ec1c4cd,4,5
4,SSCP-79dfd95c1075c538,4,5
4,SSCP-79f4f156e510ea0a,4,5
4,SSCP-79ff368783c89ed4,4,5
4,SSCP-7a466691779f07d2,4,5
4,SSCP-7a4a34e0bd71d554,4,5
4,SSCP-7a730c981783f48b,4,5
4,SSCP-7b00406ff9b8beaa,4,5
4,SSCP-7b496a4ac798c460,4,5
4,SSCP-7b88b8a0d179b517,4,5
4,SSCP-7bae662f454353a4,4,5
4,SSCP-7bb2d0926e1be4a6,4,5
4,SSCP-7bd4a183913de1cb,4,5
4,SSCP-7c22c33bce3c2707,4,5
4,SSCP-7c34b9159dbe88c0,4,5
4,SSCP-7c76808d2e408f41,4,5
4,SSCP-7cacadee0c6da439,4,5
4,SSCP-7cae71e06ea65222,4,5
4,SSCP-7cbfc94458265710,4,5
4,SSCP-7d62cc90804f9a80,4,5
4,SSCP-7d7ffd4ca621e463,4,5
4,SSCP-7da3beaf7e43fc43,4,5
4,SSCP-7dac788d556cd0c0,4,5
4,SSCP-7dcf924540e870fb,4,5
4,SSCP-7dd1104229e60137,4,5
4,SSCP-7df9b10a25f791fe,4,5
4,SSCP-7e0bbfcdf69ae09e,4,5
4,SSCP-7e4f6d2a681ec29d,4,5
4,SSCP-7e945160cbde7280,4,5
4,SSCP-7f0472bfd11bf610,4,5
4,SSCP-7f175a8657fa1189,4,5
4,SSCP-7f1a5fe2cfee21a6,4,5
4,SSCP-7f5c5e0f093d9ba5,4,5
4,SSCP-7f9babc31954aa79,4,5
4,SSCP-7fc3206279147160,4,5
4,SSCP-80286c9e113164a7,4,5
4,SSCP-803dab4f1e602d43,4,5
4,SSCP-803f18553b7b5ceb,4,5
4,SSCP-8062d18166215ae1,4,5
4,SSCP-80fc18e990d36efe,4,5
4,SSCP-8105fbe079e3e0a0,4,5
4,SSCP-8106b3436dd50b2d,4,5
4,SSCP-81117a0818e69a95,4,5
4,SSCP-814c742a99ee3845,4,5
4,SSCP-8176c7c298495a7b,4,5
4,SSCP-819d575d4a95d972,4,5
4,SSCP-81b4d74e71f12f29,4,5
4,SSCP-81d4de7a65cb4aa9,4,5
4,SSCP-81d8441dee7b2a1e,4,5
4,SSCP-82192fcc1c7c228b,4,5
4,SSCP-82305a7f47b8a40d,4,5
4,SSCP-82657726b5f4193e,4,5
4,SSCP-828752fc906b5b2c,4,5
4,SSCP-82f41918d880dbe9,4,5
4,SSCP-8307fa91f3230b79,4,5
4,SSCP-830e6d385e7db2e8,4,5
4,SSCP-83380b0ae1b1e651,4,5
4,SSCP-833ce15527025e2e,4,5
4,SSCP-83553f5dcf3f7bc0,4,5
4,SSCP-8390c3fd94597ef4,4,5
4,SSCP-8427d9ee81ec29e2,4,5
4,SSCP-843c48d59cc7ea7f,4,5
4,SSCP-845d187cfaf5b5f9,4,5
4,SSCP-84715b65e8c6b7c0,4,5
4,SSCP-8472a4416c791108,4,5
4,SSCP-848d8acee7c34e68,4,5
4,SSCP-84bd431d1454dcf0,4,5
4,SSCP-84ca365c21fd6e5d,4,5
4,SSCP-84fc4c886b7af9c3,4,5
4,SSCP-85050a5894d7ed64,4,5
4,SSCP-851979d3ccbaccb8,4,5
4,SSCP-85466f2ff876b9e7,4,5
4,SSCP-856d54703b18427e,4,5
4,SSCP-8577662420b128a4,4,5
4,SSCP-859cf4538b8bdb9f,4,5
4,SSCP-85bb9e1215366390,4,5
4,SSCP-8610a1f62738ac35,4,5
4,SSCP-862c3d04abec1547,4,5
4,SSCP-86531669b453e409,4,5
4,SSCP-866cc5a350fc1d7f,4,5
4,SSCP-867daf5c6afd5b96,4,5
4,SSCP-8698f4adecc0f229,4,5
4,SSCP-86aabcf52803ab95,4,5
4,SSCP-86ac29496b40956c,4,5
4,SSCP-86cdf2a097269c09,4,5
4,SSCP-871fb0a38b064656,4,5
4,SSCP-877a83c383d4126a,4,5
4,SSCP-8783dceed0268a32,4,5
4,SSCP-881a6a0c47a69cb6,4,5
4,SSCP-88335733d679f94e,4,5
4,SSCP-883d9258eb092c7a,4,5
4,SSCP-8893c9ff0c79e99f,4,5
4,SSCP-88df2d8e92c7a154,4,5
4,SSCP-892a55d4cf6e321d,4,5
4,SSCP-8944f813d63bd2d2,4,5
4,SSCP-894c5eaba060f2ec,4,5
4,SSCP-89b03779599d1b7f,4,5
4,SSCP-89ca81a76223460c,4,5
4,SSCP-89d4bc25da90db31,4,5
4,SSCP-8a125927a406e2f8,4,5
4,SSCP-8b2ddd8dc80fe90f,4,5
4,SSCP-8b5fe5d5a19a3975,4,5
4,SSCP-8b667005f82aa22d,4,5
4,SSCP-8b77ea9adf5c9dee,4,5
4,SSCP-8b91e1142cb23927,4,5
4,SSCP-8bde97d1fb536da7,4,5
4,SSCP-8be5b9c5ed1b32ac,4,5
4,SSCP-8bf7f68301aea624,4,5
4,SSCP-8c04cbfdc8351880,4,5
4,SSCP-8c4fbf47275b83db,4,5
4,SSCP-8c8fe662c046c212,4,5
4,SSCP-8c9513230a2bf4d2,4,5
4,SSCP-8cac6e2e949fa46d,4,5
4,SSCP-8cb2baffd0cea5a6,4,5
4,SSCP-8cf346c312708524,4,5
4,SSCP-8d37dde5999b7c92,4,5
4,SSCP-8d58b948f6bbe67d,4,5
4,SSCP-8d5e3bbc2b7a0aef,4,5
4,SSCP-8d6211175c5ec7c9,4,5
4,SSCP-8d8d2e5dc17651ef,4,5
4,SSCP-8d9036cd47b60c77,4,5
4,SSCP-8db6e684d1ad617d,4,5
4,SSCP-8dba166665ec97de,4,5
4,SSCP-8dce5b95fa66f164,4,5
4,SSCP-8e386227356e854f,4,5
4,SSCP-8e3bb2cebf14a700,4,5
4,SSCP-8e606ced5cbaa26b,4,5
4,SSCP-8ed3a4571b8d0579,4,5
4,SSCP-8f3ce1b3814ad26f,4,5
4,SSCP-8f4fbf4f6666b680,4,5
4,SSCP-8f5e309802dd3d1a,4,5
4,SSCP-8f6cd77689c64b1b,4,5
4,SSCP-8f91ab64982e33de,4,5
4,SSCP-8fcb8f79c721b2d0,4,5
4,SSCP-8fdfb01217b5683e,4,5
4,SSCP-8fe286a9345df78a,4,5
4,SSCP-909e755eae26a46f,4,5
4,SSCP-909f9a58145e8910,4,5
4,SSCP-90b08133327889e3,4,5
4,SSCP-90b16342f4b95766,4,5
4,SSCP-90f1afccabab3f59,4,5
4,SSCP-91137d7d94c5abb9,4,5
4,SSCP-9115aa4b9d3f97bb,4,5
4,SSCP-91267085e4d3e4e4,4,5
4,SSCP-91493ae1326dd96c,4,5
4,SSCP-917e50c0fbd76e69,4,5
4,SSCP-91e58abc9dbe0bdf,4,5
4,SSCP-91f3f99696730eb4,4,5
4,SSCP-920e73914be6f0c5,4,5
4,SSCP-926b6a0d28b118da,4,5
4,SSCP-92910a3f26602b59,4,5
4,SSCP-92931fd1b78fb6cb,4,5
4,SSCP-92b167a2eb442d92,4,5
4,SSCP-935c3a30cb943a7e,4,5
4,SSCP-93784ed5e20b6f81,4,5
4,SSCP-937c9d831e6a1867,4,5
4,SSCP-93a222312db5e1d4,4,5
4,SSCP-93bb1a7ffeb5089b,4,5
4,SSCP-93f238cd33485e2c,4,5
4,SSCP-9419bc7e8790dc84,4,5
4,SSCP-94546c34ed096fc9,4,5
4,SSCP-94671873968fa25b,4,5
4,SSCP-9540bd330b899da5,4,5
4,SSCP-95532d31755bd34f,4,5
4,SSCP-958427c8bf987391,4,5
4,SSCP-95a4476f2e5dd498,4,5
4,SSCP-95a8da2ca0a06ddb,4,5
4,SSCP-95c5b380564969b9,4,5
4,SSCP-95f366fc8ff9e9cc,4,5
4,SSCP-96a68395b9785feb,4,5
4,SSCP-96e0a831c235fbc9,4,5
4,SSCP-97328b3c98af6e72,4,5
4,SSCP-976a3ad2905d00e2,4,5
4,SSCP-9770bfd0d5b8b00d,4,5
4,SSCP-97cdfd09f3ab473a,4,5
4,SSCP-9826bc560a311b83,4,5
4,SSCP-9857fb1aa409359d,4,5
4,SSCP-985b6cc5677edf12,4,5
4,SSCP-98cb91d427852af8,4,5
4,SSCP-98e6182d0d85d5f8,4,5
4,SSCP-98e85f7d84882825,4,5
4,SSCP-98e88cdbd05fc53a,4,5
4,SSCP-98e89a1fadb80106,4,5
4,SSCP-98f7d382134eeae9,4,5
4,SSCP-990c7e6d17e6865a,4,5
4,SSCP-9955317ffed41430,4,5
4,SSCP-9963a08c7de707af,4,5
4,SSCP-99d23d528e99440b,4,5
4,SSCP-99e3a68dae410219,4,5
4,SSCP-99e60c3cabef6a39,4,5
4,SSCP-99fb90f835370633,4,5
4,SSCP-9a8d1d5686a38003,4,5
4,SSCP-9ab4c67139390a1e,4,5
4,SSCP-9adc52496d28f135,4,5
4,SSCP-9b2c4ebf6b9e4f47,4,5
4,SSCP-9b6dc076574429da,4,5
4,SSCP-9b89f3788fea1ea6,4,5
4,SSCP-9bba30b839c02c41,4,5
4,SSCP-9c4fd0359f495b48,4,5
4,SSCP-9cb04b62b7b27c4c,4,5
4,SSCP-9cbb7d44c6af67d3,4,5
4,SSCP-9cbfe209c29e8aff,4,5
4,SSCP-9cdfc5488e3460a4,4,5
4,SSCP-9d1357722509250a,4,5
4,SSCP-9d183cfffd4d18be,4,5
4,SSCP-9d39818783ff5b79,4,5
4,SSCP-9d96637344ef986f,4,5
4,SSCP-9dc1f499c663ad55,4,5
4,SSCP-9de8b8eb9fe91c81,4,5
4,SSCP-9ea413dd015084f2,4,5
4,SSCP-9ed1a042ecad9ab1,4,5
4,SSCP-9ef605f9c9f15ab5,4,5
4,SSCP-9f67017a4ac88ec0,4,5
4,SSCP-9faa9cbfc4dbe9ae,4,5
4,SSCP-9fc46366d8aa1365,4,5
4,SSCP-9fcbd77473791a8f,4,5
4,SSCP-a01b804dcda9fe0a,4,5
4,SSCP-a01d259b1607eed2,4,5
4,SSCP-a0486de9972074a8,4,5
4,SSCP-a05f3e57f00392c8,4,5
4,SSCP-a0ab2e90a0a48835,4,5
4,SSCP-a0d3485195f18992,4,5
4,SSCP-a0dd22bdea66dfa8,4,5
4,SSCP-a19cdbfedf83df91,4,5
4,SSCP-a1d73481dc0c3e63,4,5
4,SSCP-a1ee96363963d25e,4,5
4,SSCP-a20e03c2f6ecc793,4,5
4,SSCP-a228afc2c5d68649,4,5
4,SSCP-a242c7c64c2a78cc,4,5
4,SSCP-a27a165c1d4b62b4,4,5
4,SSCP-a2a9e9f0cb760b17,4,5
4,SSCP-a2af9faf2d6f5bb2,4,5
4,SSCP-a2cde3a150a73638,4,5
4,SSCP-a2e4cad8c41693e5,4,5
4,SSCP-a2ecd2395feb34f1,4,5
4,SSCP-a2fa3a73b972207b,4,5
4,SSCP-a402257e26a984b2,4,5
4,SSCP-a4252a88b5284351,4,5
4,SSCP-a42af28b04ff2415,4,5
4,SSCP-a433eb98cdbee8d8,4,5
4,SSCP-a437364139bdec91,4,5
4,SSCP-a4439ffb25a2820e,4,5
4,SSCP-a466f312a94f0e00,4,5
4,SSCP-a480b528f8d31b5c,4,5
4,SSCP-a49cdb86269ea734,4,5
4,SSCP-a4e6cc2a7d919f6b,4,5
4,SSCP-a54a9badfe2305a7,4,5
4,SSCP-a5960fc5b929559a,4,5
4,SSCP-a5ba94319ecf8353,4,5
4,SSCP-a6729a142a3e2370,4,5
4,SSCP-a6bde0f0aa94757b,4,5
4,SSCP-a6c8c512ed099fc3,4,5
4,SSCP-a774fc2decdd04d5,4,5
4,SSCP-a79631ad9d91c54f,4,5
4,SSCP-a7b995374dae3140,4,5
4,SSCP-a7c6be478ab64f60,4,5
4,SSCP-a7d180a084a9e545,4,5
4,SSCP-a843e575ecd1a2cb,4,5
4,SSCP-a8472cb96267d419,4,5
4,SSCP-a854335cf4d3b80e,4,5
4,SSCP-a86e7d317a9da892,4,5
4,SSCP-a89fc18297af2200,4,5
4,SSCP-a8ce8f0c0c278ec3,4,5
4,SSCP-a8df77e2c14fb8a6,4,5
4,SSCP-a921db907dc794a6,4,5
4,SSCP-a9249d1dca1760c8,4,5
4,SSCP-a990cb2eebceb03a,4,5
4,SSCP-a99184bee5cb3aab,4,5
4,SSCP-a99916f730ca7689,4,5
4,SSCP-a9be2897b20cba60,4,5
4,SSCP-aa0b727b92919a8d,4,5
4,SSCP-aa2f4bbbc60f992b,4,5
4,SSCP-aa30fa7aa8bc16c8,4,5
4,SSCP-aa3d3d553bdd800a,4,5
4,SSCP-aa406c5cfcb6513e,4,5
4,SSCP-aa539adfc719b3ca,4,5
4,SSCP-aa594ce384ec448d,4,5
4,SSCP-aa6c33fd4d3bfa9d,4,5
4,SSCP-aa7a17ba1e570302,4,5
4,SSCP-aaa19e4dbf9b1b3d,4,5
4,SSCP-aab72fa141f195a2,4,5
4,SSCP-aab90c63af37802f,4,5
4,SSCP-aac12d63cdce4b5a,4,5
4,SSCP-aac7e674793c717b,4,5
4,SSCP-ab2b752b81277f3d,4,5
4,SSCP-ab80006bbc300f76,4,5
4,SSCP-abbc6e9cac05ee35,4,5
4,SSCP-abd56d0f18c81ca4,4,5
4,SSCP-abdeabad43be59a9,4,5
4,SSCP-abfdaf9f3d8ba83f,4,5
4,SSCP-ac20feb69b243f33,4,5
4,SSCP-ac2252e5738cc187,4,5
4,SSCP-ac23a7bd50fac21c,4,5
4,SSCP-ac8fbf1f78c15ef3,4,5
4,SSCP-ac9796d8129467f5,4,5
4,SSCP-aca6b0e854abd828,4,5
4,SSCP-ad22216bd6cba9a5,4,5
4,SSCP-ad4c116f5dc63b11,4,5
4,SSCP-ad708e665cf3bf52,4,5
4,SSCP-ad92a7affc2a8f26,4,5
4,SSCP-adc9d21b094e3514,4,5
4,SSCP-ade2a15857e28507,4,5
4,SSCP-ade390cdad3d36b5,4,5
4,SSCP-ae41c3d73d6b5796,4,5
4,SSCP-ae8579851ee2cee2,4,5
4,SSCP-aec9a6f2c5aa765d,4,5
4,SSCP-af062edbb2c0f170,4,5
4,SSCP-af43097c8e70eec8,4,5
4,SSCP-af43333260ae9cd8,4,5
4,SSCP-af492fd59aa231c6,4,5
4,SSCP-af7a201b6e241bba,4,5
4,SSCP-af90afbb835e5548,4,5
4,SSCP-afaa3d7748ff785f,4,5
4,SSCP-afbb567ecc942793,4,5
4,SSCP-aff91c6bf2d171be,4,5
4,SSCP-b0016ff201482e93,4,5
4,SSCP-b03eaa73eb819b65,4,5
4,SSCP-b0405d1e0c1b9762,4,5
4,SSCP-b06667b6b7e5c313,4,5
4,SSCP-b0971221d42cc499,4,5
4,SSCP-b0a168845e75e419,4,5
4,SSCP-b0d50c140dadd65c,4,5
4,SSCP-b0ee713bff1faaf7,4,5
4,SSCP-b0f8d59e7bc3b873,4,5
4,SSCP-b0fdb7f2bd39699c,4,5
4,SSCP-b157e3aa699cae47,4,5
4,SSCP-b1588620b08692d5,4,5
4,SSCP-b17c16ae3fc86c2c,4,5
4,SSCP-b1ac30f76d603101,4,5
4,SSCP-b1bcf304bf48dda7,4,5
4,SSCP-b1ca20417352de7b,4,5
4,SSCP-b1f7c41f1d533528,4,5
4,SSCP-b20c8628307da364,4,5
4,SSCP-b2442bccad908c47,4,5
4,SSCP-b24509bc8656f3c9,4,5
4,SSCP-b2c8d93f21ffdc78,4,5
4,SSCP-b2d60a26c81f7401,4,5
4,SSCP-b2df0b42080247ab,4,5
4,SSCP-b2e708e074c271c4,4,5
4,SSCP-b32e664add93d25d,4,5
4,SSCP-b34bd9b4675a6db9,4,5
4,SSCP-b352931bc178dd14,4,5
4,SSCP-b368e8fbcb9a9e06,4,5
4,SSCP-b3bb634c604b2c6a,4,5
4,SSCP-b3bd82c3ec010c0b,4,5
4,SSCP-b3de8f309b6803b4,4,5
4,SSCP-b3f0bb444bf986be,4,5
4,SSCP-b4ca02fcf8182f26,4,5
4,SSCP-b51ee168d01985aa,4,5
4,SSCP-b560781792071af0,4,5
4,SSCP-b566f56e743c7e2c,4,5
4,SSCP-b5a7f99548b22979,4,5
4,SSCP-b5ba8dcd6d67aa5d,4,5
4,SSCP-b5d4143c1e2708b0,4,5
4,SSCP-b6262536cf30cc2e,4,5
4,SSCP-b6c648f4d5c3aaab,4,5
4,SSCP-b6f7761e412aa9f6,4,5
4,SSCP-b7272de51a70d384,4,5
4,SSCP-b74af286f74fb892,4,5
4,SSCP-b7650ad93b28af3e,4,5
4,SSCP-b774915133d906b0,4,5
4,SSCP-b775ce8c37107137,4,5
4,SSCP-b7a805ba4295fa0d,4,5
4,SSCP-b7d1b717a742aa87,4,5
4,SSCP-b7fbee5495118bd2,4,5
4,SSCP-b879db1016f578f3,4,5
4,SSCP-b8c534b149eb3302,4,5
4,SSCP-b8d023384092eaa9,4,5
4,SSCP-b908c13ab7c1907a,4,5
4,SSCP-b90c29784fa3975c,4,5
4,SSCP-b90ec58b724d3931,4,5
4,SSCP-b92f3caeba00a8eb,4,5
4,SSCP-b93f61e9b665fc92,4,5
4,SSCP-b97c2eea1738dac0,4,5
4,SSCP-b9b746e196be62dd,4,5
4,SSCP-b9d7ca6eac6353b7,4,5
4,SSCP-b9d86d5283528b99,4,5
4,SSCP-b9f7a550239dd19c,4,5
4,SSCP-ba046d7bd2d3a506,4,5
4,SSCP-ba30448f5bfe679f,4,5
4,SSCP-ba31d7e5ed8fe500,4,5
4,SSCP-ba46fbb71aa3db9f,4,5
4,SSCP-baf68fce8d978dd5,4,5
4,SSCP-bb04f647469c619b,4,5
4,SSCP-bb5193a7fa56402c,4,5
4,SSCP-bb54f4bfa5bf1c54,4,5
4,SSCP-bb90452eb449be0b,4,5
4,SSCP-bbf0187100584da4,4,5
4,SSCP-bc620cd574066f87,4,5
4,SSCP-bc6d1b3aa1db92d9,4,5
4,SSCP-bc937b25b8a350e5,4,5
4,SSCP-bca05f4be4b0c195,4,5
4,SSCP-bd23101f62aec04c,4,5
4,SSCP-bd53c2b2002d6c1a,4,5
4,SSCP-bdb30075b42ea147,4,5
4,SSCP-be014ee5bbd5f737,4,5
4,SSCP-be34874500820fa4,4,5
4,SSCP-be4830b2dff7701b,4,5
4,SSCP-be6edbc9dc2e9561,4,5
4,SSCP-be860b467e9ae394,4,5
4,SSCP-bea693ac65e749d0,4,5
4,SSCP-bee303442b20008f,4,5
4,SSCP-bf0eb498edac76ea,4,5
4,SSCP-bf14bb214a8f4268,4,5
4,SSCP-bf7ce84bd9e5ee7c,4,5
4,SSCP-bfa911f82fa041f0,4,5
4,SSCP-bfc4d99977a46d1d,4,5
4,SSCP-c02001d068c98f42,4,5
4,SSCP-c027d6e23ae255ef,4,5
4,SSCP-c0666977caaeab9f,4,5
4,SSCP-c093e4beb0343879,4,5
4,SSCP-c095bdb9096232e8,4,5
4,SSCP-c09d0bb7038d2da0,4,5
4,SSCP-c0feeaf913e44ad4,4,5
4,SSCP-c10b2a26216aaa80,4,5
4,SSCP-c1619b8abe5036c6,4,5
4,SSCP-c1ca75b9afc497da,4,5
4,SSCP-c23c1e07076df0a8,4,5
4,SSCP-c25fc8df957502b1,4,5
4,SSCP-c274cd649d047fa7,4,5
4,SSCP-c2a9ba64c5659167,4,5
4,SSCP-c2aa11f65c37d64e,4,5
4,SSCP-c2cfc36292e73409,4,5
4,SSCP-c33a04d6b761e1df,4,5
4,SSCP-c33e1227bf0fa0c4,4,5
4,SSCP-c3411baa06226edb,4,5
4,SSCP-c344c2479dc9d296,4,5
4,SSCP-c3ad69ca6a887b09,4,5
4,SSCP-c3c0c7a47cee6cd9,4,5
4,SSCP-c42ec44b724fc326,4,5
4,SSCP-c469ed46340387e2,4,5
4,SSCP-c46fcff82cec2c7e,4,5
4,SSCP-c47674ddcf669259,4,5
4,SSCP-c4bce7a63c6278c8,4,5
4,SSCP-c5046be40e2dadf1,4,5
4,SSCP-c50e1ab8c5bd2092,4,5
4,SSCP-c5141a3cc5d18c51,4,5
4,SSCP-c51926bedc848248,4,5
4,SSCP-c51c04d6f72f10a9,4,5
4,SSCP-c5270aca300594a5,4,5
4,SSCP-c5477226ef965d63,4,5
4,SSCP-c547b4af37f4b979,4,5
4,SSCP-c5f3187d9de0f3e2,4,5
4,SSCP-c5f9401d9a7288ef,4,5
4,SSCP-c635c6e91bcafe47,4,5
4,SSCP-c64220314c48b880,4,5
4,SSCP-c663ddc876b19706,4,5
4,SSCP-c6e5973932399c1a,4,5
4,SSCP-c6ff60970d6cc053,4,5
4,SSCP-c7100d80620e1e79,4,5
4,SSCP-c73cedff6b869145,4,5
4,SSCP-c74f27c34f1e5725,4,5
4,SSCP-c765262ae328c4a7,4,5
4,SSCP-c7c4e4bb42e72040,4,5
4,SSCP-c7c8b8592619cb16,4,5
4,SSCP-c7d4e679eb680563,4,5
4,SSCP-c7dc840fe05412f1,4,5
4,SSCP-c7fecbfa91ab919c,4,5
4,SSCP-c80874c76d406ba5,4,5
4,SSCP-c80cf1720044d4a9,4,5
4,SSCP-c827370286b6273e,4,5
4,SSCP-c833da77e6feb570,4,5
4,SSCP-c83a6d5cdc20a289,4,5
4,SSCP-c8453a870aea25a7,4,5
4,SSCP-c8493802b8d32c0d,4,5
4,SSCP-c86096f88a1e58d5,4,5
4,SSCP-c8744148639aa1f8,4,5
4,SSCP-c95e38ec55fae670,4,5
4,SSCP-c98179d368252c3f,4,5
4,SSCP-c9acecc0b88a57d7,4,5
4,SSCP-c9bd7331d25871d5,4,5
4,SSCP-c9c112c9c2c9715b,4,5
4,SSCP-c9fee08cd7b323e6,4,5
4,SSCP-ca3a5a5338527341,4,5
4,SSCP-ca49dfe142b6802b,4,5
4,SSCP-ca4dfad63659a55f,4,5
4,SSCP-ca548ce48fb7eed1,4,5
4,SSCP-ca6cabdfdfe59520,4,5
4,SSCP-ca7cff1676934061,4,5
4,SSCP-cbeabcb222986ab4,4,5
4,SSCP-cc074b86d5749ae6,4,5
4,SSCP-cc26ef48f34a0fed,4,5
4,SSCP-cc346e808de86953,4,5
4,SSCP-cc3c7afd0d6342f3,4,5
4,SSCP-cc5daf307b112d37,4,5
4,SSCP-cc8a319d6c2e2266,4,5
4,SSCP-cc99e73783a32f64,4,5
4,SSCP-ccb6439839db03c6,4,5
4,SSCP-ccf697100488e72b,4,5
4,SSCP-cd00de4508c006f9,4,5
4,SSCP-cd0e5ba5a4026ba8,4,5
4,SSCP-cd48c9652f92f373,4,5
4,SSCP-cd98a6746373f57e,4,5
4,SSCP-ce362597c8e773f2,4,5
4,SSCP-ce490a9f48f7da67,4,5
4,SSCP-ce81caae7fdecd66,4,5
4,SSCP-ceb48834e9fc07e0,4,5
4,SSCP-ceb6c634c1ba25bb,4,5
4,SSCP-cedf42ab5f24d229,4,5
4,SSCP-cef0e56573fcee9b,4,5
4,SSCP-cf1a81a86c908278,4,5
4,SSCP-cf5e24a9fcb294a9,4,5
4,SSCP-cf9055686eee8e52,4,5
4,SSCP-cfa3df1fb4afc816,4,5
4,SSCP-cfb4bed7be33b126,4,5
4,SSCP-cfc1f28452f9fefa,4,5
4,SSCP-cfe3ac012655376c,4,5
4,SSCP-d003e0223d1c57f5,4,5
4,SSCP-d045e67df8251311,4,5
4,SSCP-d0925735b1b7d93d,4,5
4,SSCP-d0b45d08c883b3c0,4,5
4,SSCP-d11c5102ddfa31cc,4,5
4,SSCP-d158ad9681813dc9,4,5
4,SSCP-d1860e0b89595f79,4,5
4,SSCP-d19b9141f05c10e2,4,5
4,SSCP-d1a4b15d6a9aa6f0,4,5
4,SSCP-d1dfd2ec06045df6,4,5
4,SSCP-d2023095a2b934fd,4,5
4,SSCP-d21a87d7fd087395,4,5
4,SSCP-d2831028c4db5975,4,5
4,SSCP-d2b1745a556fca24,4,5
4,SSCP-d2ec6a688ed3b2b0,4,5
4,SSCP-d30cd321e99aa246,4,5
4,SSCP-d312bac240ee4ffb,4,5
4,SSCP-d317a604b008a3b5,4,5
4,SSCP-d35542170d9d289f,4,5
4,SSCP-d35b6e6d8085936c,4,5
4,SSCP-d376a57fb848ec41,4,5
4,SSCP-d38d630e7812440f,4,5
4,SSCP-d3eee17ea3db8825,4,5
4,SSCP-d400eb57cd6f450a,4,5
4,SSCP-d4e5d82c87b34206,4,5
4,SSCP-d4ec024506154fc1,4,5
4,SSCP-d51486d7bfc20c86,4,5
4,SSCP-d5173d6d4aa6cfc7,4,5
4,SSCP-d528019a87bb67c3,4,5
4,SSCP-d5345030553dfa5e,4,5
4,SSCP-d547f2376f4b0894,4,5
4,SSCP-d5815c8216a2ca81,4,5
4,SSCP-d59d1dded80b90e4,4,5
4,SSCP-d687e0d3f8bcc5a5,4,5
4,SSCP-d769f9ce1a281aac,4,5
4,SSCP-d77b17cd93809f24,4,5
4,SSCP-d791464a346bd00f,4,5
4,SSCP-d799a1300cda1d47,4,5
4,SSCP-d7b6d867bb67ecdb,4,5
4,SSCP-d7bfd391fa29098d,4,5
4,SSCP-d7f34ae4efa7ee52,4,5
4,SSCP-d7f3c8628314f1d4,4,5
4,SSCP-d8495ba1d3f09b73,4,5
4,SSCP-d84c46219bb4ed79,4,5
4,SSCP-d8536dd8c15cf72a,4,5
4,SSCP-d8806c714de06185,4,5
4,SSCP-d888cddb31a561dd,4,5
4,SSCP-d8baa48c4312bbfb,4,5
4,SSCP-d9250cd195b04166,4,5
4,SSCP-d94c5a0d3a1fac1e,4,5
4,SSCP-d977594e7de4db4f,4,5
4,SSCP-d97c17ab986d2aac,4,5
4,SSCP-d9872a8bbb414e21,4,5
4,SSCP-d993dcbc6d2fcb4b,4,5
4,SSCP-da15213e75608f53,4,5
4,SSCP-da9d9000221bb503,4,5
4,SSCP-daa278806acf4a8a,4,5
4,SSCP-daacd39df3f4ed35,4,5
4,SSCP-dac957df5a0e012a,4,5
4,SSCP-dacbdf5af305ab65,4,5
4,SSCP-dafdd950f2e6767f,4,5
4,SSCP-db2815e14cb1495c,4,5
4,SSCP-db75023fc3cf54c5,4,5
4,SSCP-db9b7d7440590e11,4,5
4,SSCP-dbc94e96cebe074e,4,5
4,SSCP-dc164af73761c5d2,4,5
4,SSCP-dc4c1cebc4e43aea,4,5
4,SSCP-dc992162f58a3b1b,4,5
4,SSCP-dd6385d03a45b825,4,5
4,SSCP-dd7010c978a95012,4,5
4,SSCP-dd8c18ac42fb7d5d,4,5
4,SSCP-dd8f6af0e1a4bea7,4,5
4,SSCP-dd93c73e88d5b5ab,4,5
4,SSCP-dd9c2bfda3dd8659,4,5
4,SSCP-dd9fd504e8d10ed1,4,5
4,SSCP-de383dd1189c771c,4,5
4,SSCP-de4a208153472dc8,4,5
4,SSCP-de4fc0040ca0a855,4,5
4,SSCP-de8631f27b8b85c6,4,5
4,SSCP-deccef4f6e01c5db,4,5
4,SSCP-df72aa1293946345,4,5
4,SSCP-df965a628c960699,4,5
4,SSCP-dfa08fa7f69880d3,4,5
4,SSCP-dff35e0820941fe0,4,5
4,SSCP-e02f04d850a1f525,4,5
4,SSCP-e04ff6cf9bf0883f,4,5
4,SSCP-e11115b3f619e041,4,5
4,SSCP-e1159c4101121e52,4,5
4,SSCP-e11af26770d076d2,4,5
4,SSCP-e129f7f2909c27b2,4,5
4,SSCP-e136466af34ba463,4,5
4,SSCP-e13c544f1cf60f52,4,5
4,SSCP-e1cb524b14e7a78a,4,5
4,SSCP-e1fabd09d652585c,4,5
4,SSCP-e2008725d81c5d43,4,5
4,SSCP-e215d0adde2598e7,4,5
4,SSCP-e21a1f181dab36a0,4,5
4,SSCP-e22967bdd223497b,4,5
4,SSCP-e29600f5b7271563,4,5
4,SSCP-e296673710b67f24,4,5
4,SSCP-e2a0e05cfba31b73,4,5
4,SSCP-e2caa7bbd2caaab2,4,5
4,SSCP-e2d0f6da06b7f4d7,4,5
4,SSCP-e2db3f909b22ef17,4,5
4,SSCP-e3c996740b2a85a2,4,5
4,SSCP-e3ca7f8113328c27,4,5
4,SSCP-e4093e8474fc2349,4,5
4,SSCP-e412f6fabc28c303,4,5
4,SSCP-e467d99939f87704,4,5
4,SSCP-e4caa2dc857da258,4,5
4,SSCP-e545be7814381b23,4,5
4,SSCP-e569515bf3921810,4,5
4,SSCP-e59fa4e520c9bf57,4,5
4,SSCP-e5a9619f28b78d3e,4,5
4,SSCP-e5b676072c428b5a,4,5
4,SSCP-e5b7dfb79dbd797c,4,5
4,SSCP-e5eaed4f27e74837,4,5
4,SSCP-e5f770a8b313cc42,4,5
4,SSCP-e617d3a6dcb79826,4,5
4,SSCP-e6285f8f968adbe9,4,5
4,SSCP-e64ccbc1b3b56af9,4,5
4,SSCP-e683f34b9ffed263,4,5
4,SSCP-e69711580a8fe444,4,5
4,SSCP-e698ca2fb968fde3,4,5
4,SSCP-e6bc5481e8725031,4,5
4,SSCP-e6e2137a2013f3ef,4,5
4,SSCP-e6f7b21dd01e88aa,4,5
4,SSCP-e6fac03f0dfbcf9e,4,5
4,SSCP-e73170eaa0dd46a7,4,5
4,SSCP-e75905dd58f5a53b,4,5
4,SSCP-e7738f8f99a574f2,4,5
4,SSCP-e77833419c237620,4,5
4,SSCP-e793dcea6160706a,4,5
4,SSCP-e79add3267405924,4,5
4,SSCP-e7c803e0eb0e352e,4,5
4,SSCP-e7dee069a7367179,4,5
4,SSCP-e8018902f3846ad4,4,5
4,SSCP-e870e4df1d114e71,4,5
4,SSCP-e884c36e818aedbb,4,5
4,SSCP-e89f3236b42e04e4,4,5
4,SSCP-e8d2c1b43279976a,4,5
4,SSCP-e8e9fbbcd77c26bc,4,5
4,SSCP-e930e5fa6928d20e,4,5
4,SSCP-e93bff1fd5a5ba0e,4,5
4,SSCP-e9470f0123698bcb,4,5
4,SSCP-e98074058c739b3a,4,5
4,SSCP-e984a528faea7172,4,5
4,SSCP-e9c25757ed11ed2c,4,5
4,SSCP-e9cc72c9367474eb,4,5
4,SSCP-e9e2ab2378ac7b00,4,5
4,SSCP-ea7bae9c2ff21e96,4,5
4,SSCP-eb119e108f133cc4,4,5
4,SSCP-eb4944e712c63db9,4,5
4,SSCP-eb846f0850fabf2d,4,5
4,SSCP-ec0a91c108f61e0e,4,5
4,SSCP-ec2302b5f59fae7a,4,5
4,SSCP-ec315fe126a3c4d0,4,5
4,SSCP-ed40deee60a7f9ea,4,5
4,SSCP-ed47cedb59358bbb,4,5
4,SSCP-edcf9a57a5b830c5,4,5
4,SSCP-ede68de203aac616,4,5
4,SSCP-ee10bc6742c2a099,4,5
4,SSCP-ee530dc3a846e3e7,4,5
4,SSCP-ee6724d1742bf678,4,5
4,SSCP-ee92b0487691bb80,4,5
4,SSCP-eed654e9eac25bc0,4,5
4,SSCP-ef29cc3fb21bbc64,4,5
4,SSCP-ef47fe1bdb4750ad,4,5
4,SSCP-ef954e1a1432de42,4,5
4,SSCP-efbd5c7dd01233d9,4,5
4,SSCP-efc237d911a98f73,4,5
4,SSCP-efe89e77980f37bc,4,5
4,SSCP-eff64c393aa447be,4,5
4,SSCP-f018d27fe2dad16e,4,5
4,SSCP-f0c96e898a9749bc,4,5
4,SSCP-f0de1b2bae6827ce,4,5
4,SSCP-f0fb5c90d7cd6553,4,5
4,SSCP-f0fd986359df30be,4,5
4,SSCP-f1069a195aa447bb,4,5
4,SSCP-f14c960498261543,4,5
4,SSCP-f161a98821d13129,4,5
4,SSCP-f1726bc55b240f86,4,5
4,SSCP-f17f6f3c589b2e03,4,5
4,SSCP-f1c7df06ea22058e,4,5
4,SSCP-f1dc094b08774bc3,4,5
4,SSCP-f1f94a3858eae6e3,4,5
4,SSCP-f23059690c7c8181,4,5
4,SSCP-f2342a6ea2a52b20,4,5
4,SSCP-f2368591d515daa5,4,5
4,SSCP-f242d66572a8275f,4,5
4,SSCP-f245a612bbe97107,4,5
4,SSCP-f25d191f1840cba6,4,5
4,SSCP-f28a82f57ae0159a,4,5
4,SSCP-f299344c33bb2192,4,5
4,SSCP-f2be2e10921a9bdb,4,5
4,SSCP-f2e0d67d5f88a7f0,4,5
4,SSCP-f2f04451daccbd4d,4,5
4,SSCP-f30cec7c69785f41,4,5
4,SSCP-f39bd7351bb0d21e,4,5
4,SSCP-f3bdc042d847075e,4,5
4,SSCP-f3cfb0a0c9588f86,4,5
4,SSCP-f41cf3336b7a7b6b,4,5
4,SSCP-f43e624c4f0c15fe,4,5
4,SSCP-f4c61e8e0989b49b,4,5
4,SSCP-f4d4f2367123f623,4,5
4,SSCP-f4e05a320c4609de,4,5
4,SSCP-f57d23f5ed83f191,4,5
4,SSCP-f5bb9d8fe21dd31f,4,5
4,SSCP-f5c63f70455cc0af,4,5
4,SSCP-f5c6f48780993d2d,4,5
4,SSCP-f6202746c4eafa3d,4,5
4,SSCP-f6c149144ca3a461,4,5
4,SSCP-f6ec869134fd724e,4,5
4,SSCP-f75ad1d4b43e4a0a,4,5
4,SSCP-f766c4284883322e,4,5
4,SSCP-f7857ab095734da4,4,5
4,SSCP-f7fe57d191dd271c,4,5
4,SSCP-f837657097b3840e,4,5
4,SSCP-f86162afb5b862c9,4,5
4,SSCP-f889037b9eb5868d,4,5
4,SSCP-f8a90cb3d2b34635,4,5
4,SSCP-f8e0b827f57e785e,4,5
4,SSCP-f8ef5cf7c1f5f69c,4,5
4,SSCP-f9142513b432edd8,4,5
4,SSCP-f9a7b2c4165fce8a,4,5
4,SSCP-f9dafb4fb29927db,4,5
4,SSCP-f9e07c75530abbe5,4,5
4,SSCP-f9f544e8b5d12c11,4,5
4,SSCP-fac36820e275caa3,4,5
4,SSCP-fac8545ca1eb4872,4,5
4,SSCP-fad41f1e8146df89,4,5
4,SSCP-fae283ba7d9742f7,4,5
4,SSCP-fb2bd47a85459407,4,5
4,SSCP-fb463b9bbbb57316,4,5
4,SSCP-fb4c6ef3dc36820b,4,5
4,SSCP-fbf64a7d55d1375d,4,5
4,SSCP-fc077209f3715b69,4,5
4,SSCP-fc287c7c75c5bb69,4,5
4,SSCP-fc557c1f34cb84b6,4,5
4,SSCP-fc915f7e3c311c5b,4,5
4,SSCP-fd094b195496a769,4,5
4,SSCP-fd2df0e7cce210ab,4,5
4,SSCP-fd8bcdc36c2fbc17,4,5
4,SSCP-fda1f1553ac61e27,4,5
4,SSCP-fe165989b7e5bd50,4,5
4,SSCP-fe219f4f5ef58739,4,5
4,SSCP-fe30ffc70b246992,4,5
4,SSCP-fea4314407d8010a,4,5
4,SSCP-fec7654453ea0187,4,5
4,SSCP-fee1696267566ad1,4,5
4,SSCP-fefbd02b3c0f26ae,4,5
4,SSCP-ff1dc86539d7f45c,4,5
4,SSCP-ff39cb603c13c632,4,5
4,SSCP-ff4a1a307b4a9af9,4,5
4,SSCP-ff5596d7fa17eaa3,4,5
4,SSCP-ff71132e9fb095aa,4,5
4,SSCP-fff38c7dceeef9b4,4,5
5,SSCP-00095e8cb86235e5,1,1
5,SSCP-00a092a2f7a25ae1,1,1
5,SSCP-0101f020a34a701a,1,1
5,SSCP-016752729b9346ab,1,1
5,SSCP-018fb6e52e679f0f,1,1
5,SSCP-019f2cf3661c7a80,1,1
5,SSCP-01b0cd02748765e6,1,1
5,SSCP-028da6aedb47474e,1,1
5,SSCP-02b42f26cfb30b85,1,1
5,SSCP-02d0c9cd32848464,1,1
5,SSCP-030b725ccb616ba3,1,1
5,SSCP-031a0e7ab110f692,1,1
5,SSCP-032b95a39839267d,1,1
5,SSCP-0337e2d05d7e9513,1,1
5,SSCP-033a1ac1fcfcb18d,1,1
5,SSCP-036feb5468ec175d,1,1
5,SSCP-038f5d4979b7b308,1,1
5,SSCP-03ddc829284aa18f,1,1
5,SSCP-0407d6a8ec7f4d24,1,1
5,SSCP-0470f19b48a84e9e,1,1
5,SSCP-047db441c22939a3,1,1
5,SSCP-0491322505e1f7c0,1,1
5,SSCP-05083f3fe6d03fbe,1,1
5,SSCP-051c59dccea1cc72,1,1
5,SSCP-0541ffbeb32b84aa,1,1
5,SSCP-0543e2d064dbaaf0,1,1
5,SSCP-0551b59dfdb4ebf5,1,1
5,SSCP-05a1c7adfb119a3b,1,1
5,SSCP-05c95ce5ac93542b,1,1
5,SSCP-05d38ecbfa8078d3,1,1
5,SSCP-063303c21e686931,1,1
5,SSCP-06639b60e733c06a,1,1
5,SSCP-0676fe3192a9d005,1,1
5,SSCP-06bed51ecb30370b,1,1
5,SSCP-06ff045d9e1b372d,1,1
5,SSCP-07b16dec14914beb,1,1
5,SSCP-07bf1c319510730f,1,1
5,SSCP-08636f613c722976,1,1
5,SSCP-086eb5d31c3e559b,1,1
5,SSCP-087c744b7b1ff895,1,1
5,SSCP-087fa01f443e7b51,1,1
5,SSCP-088b4136463e54e3,1,1
5,SSCP-08a3f926221057dd,1,1
5,SSCP-08ed200294d92f15,1,1
5,SSCP-094b34d954723e56,1,1
5,SSCP-0954a93f474638b8,1,1
5,SSCP-09611728f950164f,1,1
5,SSCP-09a3d2a194610044,1,1
5,SSCP-09ac8d9cd72f6424,1,1
5,SSCP-09b8c58cbbf771fd,1,1
5,SSCP-09cbaef98fd10b79,1,1
5,SSCP-09d2283cc6d9aaa9,1,1
5,SSCP-0a387cd505763058,1,1
5,SSCP-0a5dcb3e054c6309,1,1
5,SSCP-0a782141866de643,1,1
5,SSCP-0ad1ff3c223acf98,1,1
5,SSCP-0ae04150a6f9a6c1,1,1
5,SSCP-0ae4a3ee8a233391,1,1
5,SSCP-0b44cedb59e1839d,1,1
5,SSCP-0bcac4da970eedf5,1,1
5,SSCP-0be9d245918953d3,1,1
5,SSCP-0c185a5b0a74805e,1,1
5,SSCP-0c6fb5555c96f60d,1,1
5,SSCP-0cd582e696a8f274,1,1
5,SSCP-0d5647406ef0b2c4,1,1
5,SSCP-0d7c867d902cb141,1,1
5,SSCP-0dd2afba8650ec67,1,1
5,SSCP-0dd861c6276096cc,1,1
5,SSCP-0e0770c4a7259b85,1,1
5,SSCP-0e26effaaee2ba03,1,1
5,SSCP-0e74bc5ad044471a,1,1
5,SSCP-0ea2e73c0ebeb556,1,1
5,SSCP-0eaf37497e9c9220,1,1
5,SSCP-0ef0720f1a8912fd,1,1
5,SSCP-0ef87e83b2756462,1,1
5,SSCP-0f1489f360fe90ae,1,1
5,SSCP-0f449899ba993ece,1,1
5,SSCP-0f8125c13742d544,1,1
5,SSCP-0fa9b27355d7306b,1,1
5,SSCP-0fc64047996ee95f,1,1
5,SSCP-0feeb3de3b6750f7,1,1
5,SSCP-10257764a06f1f47,1,1
5,SSCP-106d6d4ac2f8a2ce,1,1
5,SSCP-10f6b2730268bb94,1,1
5,SSCP-115f6fddc1815ebd,1,1
5,SSCP-119a2bc31f033483,1,1
5,SSCP-11ccf5726e5bcc34,1,1
5,SSCP-11f55c80c8c2d697,1,1
5,SSCP-1217a6093be91573,1,1
5,SSCP-123b84b412af66b0,1,1
5,SSCP-1253828cac50252e,1,1
5,SSCP-12741ecb89eec870,1,1
5,SSCP-12e8c25d254bcd99,1,1
5,SSCP-1300bb1d0d74efdb,1,1
5,SSCP-132b93039450368b,1,1
5,SSCP-133368b1a3d654fc,1,1
5,SSCP-134cba193e54d078,1,1
5,SSCP-13697b2f0ef94590,1,1
5,SSCP-13de4456618c885e,1,1
5,SSCP-1488e04b6f25574b,1,1
5,SSCP-14b95b7791126a52,1,1
5,SSCP-14c52b534fe4a358,1,1
5,SSCP-1575d20e43087934,1,1
5,SSCP-157bbdde105e8f6c,1,1
5,SSCP-157c52c725a593f2,1,1
5,SSCP-158be948cfb4f2e5,1,1
5,SSCP-15b294c00698bcf4,1,1
5,SSCP-15c0219a4e3919cb,1,1
5,SSCP-162e9e748070ebc3,1,1
5,SSCP-167e1bda118b468e,1,1
5,SSCP-168793525f21cd8d,1,1
5,SSCP-16a2265ff807b972,1,1
5,SSCP-16b0341ae416bca1,1,1
5,SSCP-16e62d891cd93cbd,1,1
5,SSCP-1730ea7b9ce82502,1,1
5,SSCP-173daa47f98f8f0f,1,1
5,SSCP-17413df638a6772f,1,1
5,SSCP-175eb0ee3efb46aa,1,1
5,SSCP-175ed88749e988cb,1,1
5,SSCP-176a6a911b2dde43,1,1
5,SSCP-176c06ed358ffc9a,1,1
5,SSCP-176edca2565e1976,1,1
5,SSCP-179439578e29f53f,1,1
5,SSCP-17dec04a752b8388,1,1
5,SSCP-18327c67c84a5749,1,1
5,SSCP-185b09b6d572d8bc,1,1
5,SSCP-18a3e0a448006590,1,1
5,SSCP-18be57feda8c51f8,1,1
5,SSCP-18e0f4f5c7884b43,1,1
5,SSCP-19138646c5726969,1,1
5,SSCP-191fcd4c0eec6e0a,1,1
5,SSCP-193b9a85fa67b590,1,1
5,SSCP-194f60655929b0cf,1,1
5,SSCP-19631882ef0d6f99,1,1
5,SSCP-1983215dff510d4a,1,1
5,SSCP-1992d3811512011f,1,1
5,SSCP-19c12ff4ad3ddba3,1,1
5,SSCP-1a05bb6709697877,1,1
5,SSCP-1a0d0daadc027570,1,1
5,SSCP-1a327d5fbf1dddbd,1,1
5,SSCP-1a3de188be191fc1,1,1
5,SSCP-1a7be44c90785475,1,1
5,SSCP-1a9b24d338d2b494,1,1
5,SSCP-1a9d6a5ab4b2f6c5,1,1
5,SSCP-1b3b8aee0a6c3644,1,1
5,SSCP-1b75ecfc724c270c,1,1
5,SSCP-1bf19460a8e3d9bb,1,1
5,SSCP-1d12f8f94daa8c34,1,1
5,SSCP-1d78b52b3d417a36,1,1
5,SSCP-1db5d35058ca9ac1,1,1
5,SSCP-1e12658d69595b8b,1,1
5,SSCP-1e7801faf668490c,1,1
5,SSCP-1e9d5fe376e616b0,1,1
5,SSCP-1ebaac2ba4e30cd3,1,1
5,SSCP-1ece110834f76bc8,1,1
5,SSCP-1ed321a2cc144e3b,1,1
5,SSCP-1ee81918ee986143,1,1
5,SSCP-1ef76e9f2459aa9f,1,1
5,SSCP-1f2e97a517c7aef3,1,1
5,SSCP-1fd2a2fb910b2c51,1,1
5,SSCP-2034eda3cada94bc,1,1
5,SSCP-2060a481ca9a078f,1,1
5,SSCP-20722e7ab3b7042c,1,1
5,SSCP-2077c00cba2793aa,1,1
5,SSCP-2082220902ee0150,1,1
5,SSCP-20a268f59aad0fdb,1,1
5,SSCP-20b7a41eadb60599,1,1
5,SSCP-20f5532e6f19b81e,1,1
5,SSCP-20fb80bb34d7b069,1,1
5,SSCP-211a2ed062f8ae7e,1,1
5,SSCP-211b98fda3fafb36,1,1
5,SSCP-2124329a97efb69e,1,1
5,SSCP-21269da168789676,1,1
5,SSCP-212a221cdbb7fc7b,1,1
5,SSCP-217c84cac56f9259,1,1
5,SSCP-219ea94032f238a8,1,1
5,SSCP-21b17b90fa492742,1,1
5,SSCP-21dfb8afcdfe6eee,1,1
5,SSCP-21fb7432b4678a4f,1,1
5,SSCP-2261fc486ef50b6c,1,1
5,SSCP-22998165e6209253,1,1
5,SSCP-22a33a72dcd09973,1,1
5,SSCP-22c51ae70e7af363,1,1
5,SSCP-22e4a817ace7fa81,1,1
5,SSCP-22f19cabf3e44425,1,1
5,SSCP-2359b60881bfc716,1,1
5,SSCP-2377379416ef5de4,1,1
5,SSCP-23a61c94d87f4a5a,1,1
5,SSCP-23bec4376182764a,1,1
5,SSCP-23c20c6c18e5d3a8,1,1
5,SSCP-2471f4bec23bb260,1,1
5,SSCP-24c108cb70ce761a,1,1
5,SSCP-24dc3bc5d7cc8f56,1,1
5,SSCP-254283ec79ea2b29,1,1
5,SSCP-25504a174bfe4815,1,1
5,SSCP-25826f40993ae5c0,1,1
5,SSCP-25b1d36c781164c7,1,1
5,SSCP-25b2ac527f8cb1e0,1,1
5,SSCP-25c8ca9343839cb7,1,1
5,SSCP-25e96080dcf37e9f,1,1
5,SSCP-2613bfa1be2885ba,1,1
5,SSCP-2615d2060699bfce,1,1
5,SSCP-2648a5bd90edf990,1,1
5,SSCP-26a55f56c9be2390,1,1
5,SSCP-26b1f1968db573f7,1,1
5,SSCP-26d7dadbe57eb220,1,1
5,SSCP-26e4743e77116f64,1,1
5,SSCP-27430a7cc4d81d90,1,1
5,SSCP-275501ac0c8ac05b,1,1
5,SSCP-2775db0d388e5cef,1,1
5,SSCP-27bb49ddad16c004,1,1
5,SSCP-27efbdc96065eba6,1,1
5,SSCP-28704aa95103667d,1,1
5,SSCP-28949c14e5358fbe,1,1
5,SSCP-28fd6c7957fe75e0,1,1
5,SSCP-290336a138ee947b,1,1
5,SSCP-29629bc1a9afe664,1,1
5,SSCP-298589125e2d1196,1,1
5,SSCP-298dc1d46d24e7fb,1,1
5,SSCP-29cc92dd858f214c,1,1
5,SSCP-29f327c4306f0370,1,1
5,SSCP-2a66c8b8c5c5b64e,1,1
5,SSCP-2ad67f55026ad39a,1,1
5,SSCP-2af68cd99e476314,1,1
5,SSCP-2b1360f1dc41f802,1,1
5,SSCP-2b1b25e01acef756,1,1
5,SSCP-2b36b33c67eb2f99,1,1
5,SSCP-2b7e145708cb4387,1,1
5,SSCP-2bd001189a6fdec0,1,1
5,SSCP-2cba5a05f0b1da73,1,1
5,SSCP-2cf2749b601bcd89,1,1
5,SSCP-2cf8c3df30342a25,1,1
5,SSCP-2d221817366dd827,1,1
5,SSCP-2d6a184b66188fea,1,1
5,SSCP-2de84f709dde4507,1,1
5,SSCP-2e753f217fd02a84,1,1
5,SSCP-2ec31ad791a7c3bf,1,1
5,SSCP-2ed813e3526fa810,1,1
5,SSCP-2eed17d982412023,1,1
5,SSCP-2eee045a2395647e,1,1
5,SSCP-2f0b477276df94ea,1,1
5,SSCP-2fc167f23fda48ff,1,1
5,SSCP-30044ff81fec9f22,1,1
5,SSCP-30493e3468c3322d,1,1
5,SSCP-3072bd8330e6a834,1,1
5,SSCP-307a49a088bd1cbb,1,1
5,SSCP-3093ff773e7b4ec2,1,1
5,SSCP-309f03172f99f1ca,1,1
5,SSCP-30d20286fb861f3d,1,1
5,SSCP-30d4a7bc1468ec81,1,1
5,SSCP-31727ff7bb87324a,1,1
5,SSCP-319264c11b74938e,1,1
5,SSCP-32394366e2a6d91c,1,1
5,SSCP-3251142837fa495c,1,1
5,SSCP-3279b17f57599dcd,1,1
5,SSCP-32a0e050e82855b7,1,1
5,SSCP-33010e1584633619,1,1
5,SSCP-33a7b5ed7b62348d,1,1
5,SSCP-33e641c74b60ef23,1,1
5,SSCP-344422c139d8de6a,1,1
5,SSCP-34549e8b13e3190c,1,1
5,SSCP-34722d9375a3d563,1,1
5,SSCP-34a3febcdd025b0e,1,1
5,SSCP-34ded1e2a4da452a,1,1
5,SSCP-3529e8057f4e46ef,1,1
5,SSCP-352c1f29289b0e81,1,1
5,SSCP-3590a9695aaf425a,1,1
5,SSCP-35acb237f48ccb13,1,1
5,SSCP-35adf34f23d0e193,1,1
5,SSCP-35d2ad51a0be1032,1,1
5,SSCP-35dc08f82e7b1bee,1,1
5,SSCP-36018f8735cc907f,1,1
5,SSCP-360588c600173902,1,1
5,SSCP-3640e016365d0b4e,1,1
5,SSCP-36b109eb34dd3780,1,1
5,SSCP-36b1316c397ccd1c,1,1
5,SSCP-36c39590183b08da,1,1
5,SSCP-36c3962d0ee28718,1,1
5,SSCP-36f497d1b25aad2d,1,1
5,SSCP-3795632927db465e,1,1
5,SSCP-37b1718bb8f750f6,1,1
5,SSCP-37fd5e87db6293fc,1,1
5,SSCP-384e45b074dd9512,1,1
5,SSCP-3887400db64ece22,1,1
5,SSCP-3903d039b98a156a,1,1
5,SSCP-3932b683ceb6d11c,1,1
5,SSCP-39c425fa404ab2e2,1,1
5,SSCP-39d7ac754e0bcde1,1,1
5,SSCP-3a093dc24f46978c,1,1
5,SSCP-3a5474b2da2c73d0,1,1
5,SSCP-3a63ad5fb85c1ad7,1,1
5,SSCP-3a830b054969073a,1,1
5,SSCP-3a93150ab522be30,1,1
5,SSCP-3acd50e3346dad3c,1,1
5,SSCP-3ad527b2d9253252,1,1
5,SSCP-3b7581e51f6c219e,1,1
5,SSCP-3b8e1e8d191857aa,1,1
5,SSCP-3bbf7b070dc95578,1,1
5,SSCP-3bc9e0e7b480a994,1,1
5,SSCP-3bcd645a83312e31,1,1
5,SSCP-3bcd6c661df5c71c,1,1
5,SSCP-3bea1fcbcbbe7126,1,1
5,SSCP-3c1a8a65508b0db3,1,1
5,SSCP-3c1f22485f894830,1,1
5,SSCP-3c3cb9e0c0dd3cfb,1,1
5,SSCP-3c50a7e9c4066377,1,1
5,SSCP-3ca419a0f4be920a,1,1
5,SSCP-3cdbace5bb63df6d,1,1
5,SSCP-3d045d72f46ec2ff,1,1
5,SSCP-3defbd0f55ac8a16,1,1
5,SSCP-3e0b1e23db9e84ca,1,1
5,SSCP-3e16aafec3e2068d,1,1
5,SSCP-3e28875f463a4acc,1,1
5,SSCP-3e343ab0a2e965ca,1,1
5,SSCP-3ea1c8bf2356183c,1,1
5,SSCP-3ead74389af1ecaa,1,1
5,SSCP-3eb736fc5c8cd3b9,1,1
5,SSCP-3ed09cbd0c03d88b,1,1
5,SSCP-3edbf9f96e35953b,1,1
5,SSCP-3f048c533fc7af12,1,1
5,SSCP-3f77f2db433c523e,1,1
5,SSCP-3f7eec5435943410,1,1
5,SSCP-3fca4fb853127765,1,1
5,SSCP-4008d92c416f2b66,1,1
5,SSCP-402f4763b55803c5,1,1
5,SSCP-404241eb5300588a,1,1
5,SSCP-4070f5d9c2fc75ff,1,1
5,SSCP-40795932033fb8d3,1,1
5,SSCP-410bb3caa4005c81,1,1
5,SSCP-410c80c18cc79fcf,1,1
5,SSCP-41f8a5ed71e5316e,1,1
5,SSCP-426a9638e861ebd0,1,1
5,SSCP-4273a1f650a30a47,1,1
5,SSCP-42da6ef2784a9aff,1,1
5,SSCP-42eacf363ad74bbc,1,1
5,SSCP-435de4ae70dbc6fa,1,1
5,SSCP-438f4e85d2254c9d,1,1
5,SSCP-4391321010f670f2,1,1
5,SSCP-43ab9b9619560bd6,1,1
5,SSCP-43caa7d251b8d756,1,1
5,SSCP-43ef95038810e3f8,1,1
5,SSCP-4407b1c22f8496a2,1,1
5,SSCP-445ffa43528e1c4e,1,1
5,SSCP-44e5f9dffba64c47,1,1
5,SSCP-450187cb1a7de137,1,1
5,SSCP-4531c17cac49a4f5,1,1
5,SSCP-453eea92b352a3f1,1,1
5,SSCP-456f46851ade81b8,1,1
5,SSCP-45b08ab22be7b1e1,1,1
5,SSCP-45c9082d29e68210,1,1
5,SSCP-45d2de95d2347545,1,1
5,SSCP-45e8cfd95b0543c7,1,1
5,SSCP-45f3614ecbcad5aa,1,1
5,SSCP-467e352e048b305f,1,1
5,SSCP-46859832e6f9cdb8,1,1
5,SSCP-46cf95c2a082b07c,1,1
5,SSCP-4717ec4239f92289,1,1
5,SSCP-4760dda70bac9a3c,1,1
5,SSCP-47b90f8589223383,1,1
5,SSCP-47d4747b4a686d8f,1,1
5,SSCP-47d8f77e58653273,1,1
5,SSCP-484cfc8b5330c37e,1,1
5,SSCP-48fdf586b5b620d2,1,1
5,SSCP-491a2e615102884f,1,1
5,SSCP-491a34cdef1ac33b,1,1
5,SSCP-491d85885d8f5d55,1,1
5,SSCP-494b2062c79202ee,1,1
5,SSCP-497adc52eb0cbfbb,1,1
5,SSCP-498f043bf1355400,1,1
5,SSCP-499302c762db8f6d,1,1
5,SSCP-499e8d7ef0eccd84,1,1
5,SSCP-49ba18261155dc82,1,1
5,SSCP-49d805438c7f1c39,1,1
5,SSCP-49e4e551f3d56715,1,1
5,SSCP-4a3981a8bf2d2ecc,1,1
5,SSCP-4a3acdbbaf8c897e,1,1
5,SSCP-4a4d72767f91f613,1,1
5,SSCP-4a7151c3a1bf682f,1,1
5,SSCP-4a74e9a1872d6ce5,1,1
5,SSCP-4aaed91ca19c1d4b,1,1
5,SSCP-4ae6eec72c9dcea4,1,1
5,SSCP-4ae92787b44d010e,1,1
5,SSCP-4afd01791d20f762,1,1
5,SSCP-4b520408061ce58b,1,1
5,SSCP-4b52982a8e533c5e,1,1
5,SSCP-4b709e059509f287,1,1
5,SSCP-4bdbc7ba99dd0dc1,1,1
5,SSCP-4c41e500948065bd,1,1
5,SSCP-4c50716c85ffb8fe,1,1
5,SSCP-4c99ded96609b328,1,1
5,SSCP-4cae918cf55901ca,1,1
5,SSCP-4cbdadb72b5accf5,1,1
5,SSCP-4d55fd0609146b62,1,1
5,SSCP-4d980f1653a161df,1,1
5,SSCP-4dc648989bbbc924,1,1
5,SSCP-4ddb4fdd7bcd3e5c,1,1
5,SSCP-4dffcc3e3646dc3c,1,1
5,SSCP-4e020370fc4630cf,1,1
5,SSCP-4eb1c6e00a02cbf3,1,1
5,SSCP-4f3cc995e9cbc1ec,1,1
5,SSCP-4f7f967fd5d1d9a3,1,1
5,SSCP-4f8c23d7104ef9ba,1,1
5,SSCP-4fb9753c6cb666a7,1,1
5,SSCP-500b4d505711aa9d,1,1
5,SSCP-50da7f187080f427,1,1
5,SSCP-512d972499a3b754,1,1
5,SSCP-5170b25b9ca400eb,1,1
5,SSCP-51744dee7e6a567a,1,1
5,SSCP-5184ddeaa9d2f207,1,1
5,SSCP-51b8acaad677b434,1,1
5,SSCP-523a4b1494c8cf95,1,1
5,SSCP-523cba9df755677d,1,1
5,SSCP-5250669abd001a45,1,1
5,SSCP-5308083fef30ce42,1,1
5,SSCP-5322fde440c05450,1,1
5,SSCP-534c2f0b2fefa622,1,1
5,SSCP-53513486a722b242,1,1
5,SSCP-53548812ed70c653,1,1
5,SSCP-535f7998a166004c,1,1
5,SSCP-53f13f0f5292a3e3,1,1
5,SSCP-54deeaa30bd20cb0,1,1
5,SSCP-54f57466a401b8fc,1,1
5,SSCP-54f6b78965e5f864,1,1
5,SSCP-551ee949b3637ced,1,1
5,SSCP-55208d47b401b042,1,1
5,SSCP-55326284cd3da4c1,1,1
5,SSCP-55529ab2f275b181,1,1
5,SSCP-5592d5aea4eb21e4,1,1
5,SSCP-562a4d217eb832a6,1,1
5,SSCP-562e969cc051a3ea,1,1
5,SSCP-5635e5aa20de9e6b,1,1
5,SSCP-56360188dca61a65,1,1
5,SSCP-5663bde93ff612f6,1,1
5,SSCP-56793fc6294d0a97,1,1
5,SSCP-568353bf3af391cb,1,1
5,SSCP-5687c85e9626febc,1,1
5,SSCP-56a2a41c0ab946b6,1,1
5,SSCP-56e08fc740376f68,1,1
5,SSCP-5706801c7b224e22,1,1
5,SSCP-57102290389c85fc,1,1
5,SSCP-573596ce3cb92412,1,1
5,SSCP-5756825133fef6c3,1,1
5,SSCP-575f7641ddac8ffb,1,1
5,SSCP-576a671cb3c34ac8,1,1
5,SSCP-576def1035d3cb60,1,1
5,SSCP-5795df8803fae94b,1,1
5,SSCP-57acada3924a2347,1,1
5,SSCP-587df98aa9dbf959,1,1
5,SSCP-588825e15e87ccaa,1,1
5,SSCP-5894e5c1facd990c,1,1
5,SSCP-58e7aeb332a3c5bd,1,1
5,SSCP-58f30935bcc52d52,1,1
5,SSCP-594643bc4757bc0a,1,1
5,SSCP-59636aedd967aff6,1,1
5,SSCP-5985f8c4fe067510,1,1
5,SSCP-5992d127bc0454b1,1,1
5,SSCP-59cc0440cdf02c95,1,1
5,SSCP-5a0a071412e4eefc,1,1
5,SSCP-5a6e62b6dd128cbb,1,1
5,SSCP-5ab8ed293efd6e2a,1,1
5,SSCP-5ab9539fbbd74654,1,1
5,SSCP-5af59f82734992c0,1,1
5,SSCP-5b1376ce96f703d7,1,1
5,SSCP-5b26573bede36992,1,1
5,SSCP-5b6a0425383a86c0,1,1
5,SSCP-5bae9914bb10c456,1,1
5,SSCP-5c17e7ea72c62219,1,1
5,SSCP-5c3cc21efcb14a6e,1,1
5,SSCP-5c67b17006b8de79,1,1
5,SSCP-5c6d9c27144ba625,1,1
5,SSCP-5c78eafe904ebb82,1,1
5,SSCP-5c91304898727a49,1,1
5,SSCP-5cb5991c549ede79,1,1
5,SSCP-5cc22ba879dad7d2,1,1
5,SSCP-5d8ad433d6e5e85e,1,1
5,SSCP-5daab4af5fa7bf4b,1,1
5,SSCP-5db98c24454c6e59,1,1
5,SSCP-5deea4cc752a5ca3,1,1
5,SSCP-5e12c262f812073e,1,1
5,SSCP-5e27cba5d6984672,1,1
5,SSCP-5e58caf5f8e1c0c1,1,1
5,SSCP-5eb510bbf21a1afd,1,1
5,SSCP-5ee1aef80c59d124,1,1
5,SSCP-5ef7ab5e663bdfac,1,1
5,SSCP-5f1643fa957855e4,1,1
5,SSCP-5f6eacb2344bcf20,1,1
5,SSCP-5f8b3c739792a5d1,1,1
5,SSCP-5fa83eca06323bac,1,1
5,SSCP-5fdd03a7aebe7b16,1,1
5,SSCP-5fdec548dff939fc,1,1
5,SSCP-5feb74b31f4855b3,1,1
5,SSCP-606111be03933d54,1,1
5,SSCP-608696230973dca6,1,1
5,SSCP-609d024cc654c453,1,1
5,SSCP-61af292fa95405d5,1,1
5,SSCP-61b4dd9181179825,1,1
5,SSCP-61b9859344cc426d,1,1
5,SSCP-61d6489dc99e116a,1,1
5,SSCP-61e3f5095de23de1,1,1
5,SSCP-62009276a969063c,1,1
5,SSCP-620dc765f50e4953,1,1
5,SSCP-621726ccd22bf158,1,1
5,SSCP-624158c77cff20d0,1,1
5,SSCP-62c43e814cf9db0a,1,1
5,SSCP-62f9ca618137cc35,1,1
5,SSCP-631e86522259a1aa,1,1
5,SSCP-63211abcf55abab8,1,1
5,SSCP-63a5e9558fd2a4c7,1,1
5,SSCP-63ae937778ecb74f,1,1
5,SSCP-640a8982a75fa310,1,1
5,SSCP-640e2371ecd1c62b,1,1
5,SSCP-6427fe08d91ed7e2,1,1
5,SSCP-642e6a296315fbc2,1,1
5,SSCP-64478ef28a543f5a,1,1
5,SSCP-647387ca089a2664,1,1
5,SSCP-64aac172e6cd4dfb,1,1
5,SSCP-64deff97f0f77c8a,1,1
5,SSCP-6526980778d619b4,1,1
5,SSCP-652790d78f3ed7d4,1,1
5,SSCP-657bc02f309da03d,1,1
5,SSCP-65bf78dc49c8b372,1,1
5,SSCP-66030863d9495cf3,1,1
5,SSCP-6656f86ac88736d3,1,1
5,SSCP-66734c451e4ece7b,1,1
5,SSCP-66d2fabf5bff159b,1,1
5,SSCP-66f4f6382dbed81b,1,1
5,SSCP-66ff6469bd7cec2d,1,1
5,SSCP-67117dc980b1e6d8,1,1
5,SSCP-672413687901adeb,1,1
5,SSCP-6758711ecba29a00,1,1
5,SSCP-677dd7def4cf43d2,1,1
5,SSCP-67adc4f81f723277,1,1
5,SSCP-67c7d1212db02a80,1,1
5,SSCP-6833bdba801fbc89,1,1
5,SSCP-68ab37aa0b03a1a3,1,1
5,SSCP-68b93ae93c747b7d,1,1
5,SSCP-68cf33e2fafcab79,1,1
5,SSCP-6922e565472de0ef,1,1
5,SSCP-695ffcba077adf70,1,1
5,SSCP-6960dec695da5cd2,1,1
5,SSCP-696c5ffe68b6ba14,1,1
5,SSCP-696e29363483126c,1,1
5,SSCP-696febb25971b9fa,1,1
5,SSCP-69f25014e00dfe4d,1,1
5,SSCP-69fa3809e4944d12,1,1
5,SSCP-6a4f39c867e9e066,1,1
5,SSCP-6a5b58cb5632c1b6,1,1
5,SSCP-6a9facd2a03a0b4c,1,1
5,SSCP-6ab5c732cf67c007,1,1
5,SSCP-6abfe8daf8908676,1,1
5,SSCP-6ad4a1b01543dd97,1,1
5,SSCP-6aea4a651825c2da,1,1
5,SSCP-6b71567e2a2d532e,1,1
5,SSCP-6bd825b2ab614b28,1,1
5,SSCP-6bdb4a56155d3c94,1,1
5,SSCP-6c41b33e3ca0a570,1,1
5,SSCP-6c6984b3257c90bc,1,1
5,SSCP-6cfc59ad5b3ff5c3,1,1
5,SSCP-6d8a1d75beb2e66e,1,1
5,SSCP-6db24efb8ea85652,1,1
5,SSCP-6de423d02720227a,1,1
5,SSCP-6de775418a341478,1,1
5,SSCP-6e0c6bfe8dbbbadb,1,1
5,SSCP-6e29b2cd622bb333,1,1
5,SSCP-6e371a17d788269c,1,1
5,SSCP-6ebc02d47004bb73,1,1
5,SSCP-6f065c1c4a081e63,1,1
5,SSCP-6f2d237c290a27cd,1,1
5,SSCP-6f639d8d6e444ec4,1,1
5,SSCP-6faebe564cf7cbb3,1,1
5,SSCP-6fd345919159adf4,1,1
5,SSCP-700378e20ddf7c6a,1,1
5,SSCP-7041a3e7d0f4a2e8,1,1
5,SSCP-705aa6dc25ad4ac3,1,1
5,SSCP-70c99fddebe0adb0,1,1
5,SSCP-711587c0594684f4,1,1
5,SSCP-71200506dd1e67cb,1,1
5,SSCP-713ec2efbdf65e30,1,1
5,SSCP-7184b29aa7e258ee,1,1
5,SSCP-723d852dd6756fb5,1,1
5,SSCP-72d03e80b0be2cb1,1,1
5,SSCP-73033ab9e5a73225,1,1
5,SSCP-7306b043253bd0e5,1,1
5,SSCP-732786c565d54f8f,1,1
5,SSCP-7328e6418345f52f,1,1
5,SSCP-733b8c382fa4bfd2,1,1
5,SSCP-73885c692f44e7b2,1,1
5,SSCP-747b9d0f24c80ec7,1,1
5,SSCP-74a85133dfcd6e7d,1,1
5,SSCP-74b13a9f23c4e673,1,1
5,SSCP-74dc96d8a7159072,1,1
5,SSCP-750f5bae6287821d,1,1
5,SSCP-75142159959d5cb9,1,1
5,SSCP-7550afb09be8d226,1,1
5,SSCP-7558a8b9600b1f81,1,1
5,SSCP-7584a619a771b6f0,1,1
5,SSCP-75c7af7c090c9b83,1,1
5,SSCP-75d04da78cfc146c,1,1
5,SSCP-75f4a3afe03fbdda,1,1
5,SSCP-75f5ff4365549127,1,1
5,SSCP-76034d49f3909685,1,1
5,SSCP-763717fd7c56a624,1,1
5,SSCP-7655e11cb4b75c8d,1,1
5,SSCP-76d5008b7b965178,1,1
5,SSCP-76eff1dd1288a408,1,1
5,SSCP-76f626950fe8ba7a,1,1
5,SSCP-77097c43b979ed02,1,1
5,SSCP-7741f97f775f3285,1,1
5,SSCP-774a3d5bf4ff1ea4,1,1
5,SSCP-77c78bc7522d1997,1,1
5,SSCP-77d55c2efeee956f,1,1
5,SSCP-78171775993f046d,1,1
5,SSCP-7830ca674c63928c,1,1
5,SSCP-78909c15f8bfd975,1,1
5,SSCP-78b2f5836fa77281,1,1
5,SSCP-78b85e0cbd58643e,1,1
5,SSCP-78fee748bca35762,1,1
5,SSCP-78ffcfadacea1ecd,1,1
5,SSCP-796ad7e7825bddb9,1,1
5,SSCP-7982464200b1a4fd,1,1
5,SSCP-79c6d4438ab23309,1,1
5,SSCP-79ce1c7d1c64ac16,1,1
5,SSCP-79d9969ea4b8e1cc,1,1
5,SSCP-79dc6b4a6f8aaec2,1,1
5,SSCP-79e94cd8cfcac9a9,1,1
5,SSCP-7a01be3565ee96f4,1,1
5,SSCP-7a05c6adee085941,1,1
5,SSCP-7a58910c0e91a80f,1,1
5,SSCP-7a6ff8721fa67979,1,1
5,SSCP-7a7ca0c8a7a940ff,1,1
5,SSCP-7ab134a30b9878c6,1,1
5,SSCP-7afdab44bd1b5e04,1,1
5,SSCP-7b053ec27808a10c,1,1
5,SSCP-7b0820a8f4c384a9,1,1
5,SSCP-7b1c6193733647a9,1,1
5,SSCP-7b23c78c0cbbca35,1,1
5,SSCP-7b6f75f13d3ca931,1,1
5,SSCP-7ba474cab40e6744,1,1
5,SSCP-7bd1928129f4f893,1,1
5,SSCP-7bd5903780aef536,1,1
5,SSCP-7be0a5917af69476,1,1
5,SSCP-7c373bcef22888eb,1,1
5,SSCP-7c3bed71404b73e0,1,1
5,SSCP-7c91fab0c6da178c,1,1
5,SSCP-7c96b403b61cbd51,1,1
5,SSCP-7ca8edc405c007d0,1,1
5,SSCP-7cb6762274fde5aa,1,1
5,SSCP-7cd645a84cc50445,1,1
5,SSCP-7cf6b5099ef2651e,1,1
5,SSCP-7cfdbcae308430b0,1,1
5,SSCP-7d200845682ab68f,1,1
5,SSCP-7d4783fcd98397a9,1,1
5,SSCP-7dc83a3dc3de7c67,1,1
5,SSCP-7dfb1d6e2ebbcd24,1,1
5,SSCP-7dfeabf034524e2e,1,1
5,SSCP-7e02b7b8a149b7ac,1,1
5,SSCP-7e5394c30d0f5f92,1,1
5,SSCP-7e57e653969139a3,1,1
5,SSCP-7ea24a071d03e6cb,1,1
5,SSCP-7eb0575dc199708f,1,1
5,SSCP-7ed92538e75eaad6,1,1
5,SSCP-7f16bf47b4eac318,1,1
5,SSCP-7f68b804697fa83b,1,1
5,SSCP-7f6da7b707707b13,1,1
5,SSCP-7f93853a002f695e,1,1
5,SSCP-7fa1ac299f53cf25,1,1
5,SSCP-8011409942422d95,1,1
5,SSCP-80c12ff25da6471c,1,1
5,SSCP-80cd1e35d35d629e,1,1
5,SSCP-81040a11b0141b1b,1,1
5,SSCP-811f3b34be8b6b38,1,1
5,SSCP-8124d82428dcdd35,1,1
5,SSCP-813d93799d16cb10,1,1
5,SSCP-81504dda02cf9e13,1,1
5,SSCP-818c60b27f214b7f,1,1
5,SSCP-818cc21ef6651cf2,1,1
5,SSCP-82279135274991f5,1,1
5,SSCP-82699cef622fd377,1,1
5,SSCP-82a420af2e26fa76,1,1
5,SSCP-82e8def3da3ca9c4,1,1
5,SSCP-83c2d4d1a18d83da,1,1
5,SSCP-84aa844e593861e8,1,1
5,SSCP-84c617c7d8161814,1,1
5,SSCP-84d287ad721484c9,1,1
5,SSCP-84e3e858c42f2ffc,1,1
5,SSCP-8536b535ff245afd,1,1
5,SSCP-85371653897c6d88,1,1
5,SSCP-853a9e3b6f5d627a,1,1
5,SSCP-858a1505583f9749,1,1
5,SSCP-85b160ad8650396e,1,1
5,SSCP-85e8de5baad62979,1,1
5,SSCP-863047c460278521,1,1
5,SSCP-863e3b3f391f396b,1,1
5,SSCP-863eb9ac5fbd93f2,1,1
5,SSCP-864bb3357644e60e,1,1
5,SSCP-8720c61a2681220c,1,1
5,SSCP-872b7fa7a320c64d,1,1
5,SSCP-87d7e30aaf4d96f2,1,1
5,SSCP-880d027db8b0dae5,1,1
5,SSCP-880f1d6db1543643,1,1
5,SSCP-8811018ef2d9b6fc,1,1
5,SSCP-88111ba4ef652913,1,1
5,SSCP-88185b72994ff278,1,1
5,SSCP-888ec90daba33ec5,1,1
5,SSCP-889e00345493ef8d,1,1
5,SSCP-88db50e1a5f54e1d,1,1
5,SSCP-88e78acc804181d4,1,1
5,SSCP-88e8d2f66bfcffa6,1,1
5,SSCP-89043c140696824b,1,1
5,SSCP-893008c117ffee22,1,1
5,SSCP-893c84af0edf63df,1,1
5,SSCP-8993f90d5635b47b,1,1
5,SSCP-89b72747851abb48,1,1
5,SSCP-89c6494771611e46,1,1
5,SSCP-89e06f11c06cc15b,1,1
5,SSCP-8a01a3da88342e56,1,1
5,SSCP-8a18f985738488ac,1,1
5,SSCP-8a8be1309b983678,1,1
5,SSCP-8ab5b5f79a3f6fb8,1,1
5,SSCP-8af5cb3c7c96aa87,1,1
5,SSCP-8b048253e96b48a6,1,1
5,SSCP-8b2a85ed0ff83499,1,1
5,SSCP-8b5fba6dc5c869b1,1,1
5,SSCP-8b817c5d1d139239,1,1
5,SSCP-8b96ec25b1d7f6f1,1,1
5,SSCP-8bc274ec72e91353,1,1
5,SSCP-8bf9cf4ab3eae7bb,1,1
5,SSCP-8c6601d31ab7bd90,1,1
5,SSCP-8cb7665ca135bce7,1,1
5,SSCP-8cf556e869ef53ac,1,1
5,SSCP-8d83a04233f9df0c,1,1
5,SSCP-8d9717730e50339b,1,1
5,SSCP-8d9f29507558369c,1,1
5,SSCP-8da8d355ad8580ad,1,1
5,SSCP-8db1848162102365,1,1
5,SSCP-8e38ea335a0fedef,1,1
5,SSCP-8e4f451a56081405,1,1
5,SSCP-8ee7e860144dd1d1,1,1
5,SSCP-8f0a9adcc1206a71,1,1
5,SSCP-8f0c3d4dcfa95940,1,1
5,SSCP-8f601b715661043f,1,1
5,SSCP-8f759a8855eb6841,1,1
5,SSCP-8fa2e24e73c97711,1,1
5,SSCP-8fd66f960bfbd5c9,1,1
5,SSCP-8ffd7658b00a3b9a,1,1
5,SSCP-90167a317bb1bba1,1,1
5,SSCP-902c508d311d035a,1,1
5,SSCP-90699ac5e563a7a4,1,1
5,SSCP-9094f8e22f63cf84,1,1
5,SSCP-90bbc8009789f04d,1,1
5,SSCP-90d17f323138de7b,1,1
5,SSCP-90d63facdb1967d3,1,1
5,SSCP-90d97309e1f9d8f1,1,1
5,SSCP-912b067574b6e2a2,1,1
5,SSCP-912e747dd7c5250a,1,1
5,SSCP-9136750a3a059d81,1,1
5,SSCP-91505f1d1b35d053,1,1
5,SSCP-91635f53ae23c219,1,1
5,SSCP-91b43fd51519bc76,1,1
5,SSCP-91e6786f75ab8508,1,1
5,SSCP-92d894b5aaa5f492,1,1
5,SSCP-92f016d85032e799,1,1
5,SSCP-92f3e47168a23963,1,1
5,SSCP-930570adc4dce2b8,1,1
5,SSCP-930df227a70bfeea,1,1
5,SSCP-930e3bdd7a724672,1,1
5,SSCP-933f2b1afcc99d7a,1,1
5,SSCP-93539b3d71d4736a,1,1
5,SSCP-935e9710e2fdefa2,1,1
5,SSCP-9367b9a23503d097,1,1
5,SSCP-938ad587d1d57a41,1,1
5,SSCP-93bcfd091dd51bfb,1,1
5,SSCP-93cc67a3fdf4eee0,1,1
5,SSCP-93d31c22e02dcae6,1,1
5,SSCP-940156e4531284a3,1,1
5,SSCP-94bb6e4b58162b02,1,1
5,SSCP-94be9fb76e749a52,1,1
5,SSCP-94f66ef40c7ae989,1,1
5,SSCP-952d84b2a2d08469,1,1
5,SSCP-9538ae499f2b56cb,1,1
5,SSCP-953fa45644d8a881,1,1
5,SSCP-956941046fcfab9d,1,1
5,SSCP-9599de33a17a48e0,1,1
5,SSCP-95c5350a5f5747d0,1,1
5,SSCP-95c7b53901ec23c8,1,1
5,SSCP-95e3d6cf5a5bbf30,1,1
5,SSCP-95fb8903c174f6d4,1,1
5,SSCP-95fbefe38cd1e6cb,1,1
5,SSCP-960ce4cd82d2a10e,1,1
5,SSCP-962c8ab4ed71d56e,1,1
5,SSCP-96459366243e7248,1,1
5,SSCP-968089671a2c98ee,1,1
5,SSCP-96be2765ee0ba2ce,1,1
5,SSCP-971abd1071a17a9a,1,1
5,SSCP-9739ee79e1ec975d,1,1
5,SSCP-97a474aab53cdd82,1,1
5,SSCP-97b3f79396e49017,1,1
5,SSCP-97d47dcb7d121d42,1,1
5,SSCP-97df74a05aad303b,1,1
5,SSCP-98265ce429df5de0,1,1
5,SSCP-982d94feba9efbd0,1,1
5,SSCP-9851280b7c576d5f,1,1
5,SSCP-9856d0a3efa9b8f8,1,1
5,SSCP-98a7f30d3c3566ea,1,1
5,SSCP-98da63e39f86e74f,1,1
5,SSCP-98e9f642a59c0071,1,1
5,SSCP-995dccab363ab9f0,1,1
5,SSCP-99b9bda6b21de42a,1,1
5,SSCP-9a2106acb082ea36,1,1
5,SSCP-9a351bb677264a80,1,1
5,SSCP-9a93620f2877e635,1,1
5,SSCP-9a95b7fa80796612,1,1
5,SSCP-9a9d535146bac5ae,1,1
5,SSCP-9ad2d65f300d119c,1,1
5,SSCP-9aeabe019615b96e,1,1
5,SSCP-9b0debfe50daa401,1,1
5,SSCP-9b15782b1942aa0d,1,1
5,SSCP-9b28e0b54552570e,1,1
5,SSCP-9b4bd5d91a3bd4d7,1,1
5,SSCP-9b6dfe11b9f5f7c0,1,1
5,SSCP-9ba2c001841ad9db,1,1
5,SSCP-9baaedecc6eff776,1,1
5,SSCP-9bcd95e33eb90614,1,1
5,SSCP-9bdf361189b3017d,1,1
5,SSCP-9bedb75bb504dc89,1,1
5,SSCP-9bfebc7e137a0ac0,1,1
5,SSCP-9c119691821322b0,1,1
5,SSCP-9c653e5b210941a4,1,1
5,SSCP-9c791dcab24f35c3,1,1
5,SSCP-9cd03db38a7ec7d4,1,1
5,SSCP-9d0322d71fe332f3,1,1
5,SSCP-9d463366489fd0e8,1,1
5,SSCP-9d4fa508dc463d6f,1,1
5,SSCP-9d6a58dfa8c619db,1,1
5,SSCP-9d94d35748186a2f,1,1
5,SSCP-9da933527de5ab2c,1,1
5,SSCP-9dd43e7494b34d38,1,1
5,SSCP-9ddf195e3399a48e,1,1
5,SSCP-9dfa492779b0e65e,1,1
5,SSCP-9e2fea588e5f83ce,1,1
5,SSCP-9ea50a8108ab5014,1,1
5,SSCP-9eb75afe78866397,1,1
5,SSCP-9ecca02e1afd6153,1,1
5,SSCP-9ecd86fbafdf5dc3,1,1
5,SSCP-9ed5910664666989,1,1
5,SSCP-9ee04c2f99adf2f0,1,1
5,SSCP-9eeff14d84cdc1e5,1,1
5,SSCP-9fb2885fad2f8999,1,1
5,SSCP-9fd106a5c4113941,1,1
5,SSCP-a085def931b12695,1,1
5,SSCP-a08c3698e6b597af,1,1
5,SSCP-a0cffc6edb5a5c63,1,1
5,SSCP-a13587005a5efaf4,1,1
5,SSCP-a174b446808a302d,1,1
5,SSCP-a1910ac1524ba60d,1,1
5,SSCP-a1d42a8e9e5f6eca,1,1
5,SSCP-a1e739f3a781dc37,1,1
5,SSCP-a219cc98971fec70,1,1
5,SSCP-a231d4deb74ec77e,1,1
5,SSCP-a26c77a1250ea29a,1,1
5,SSCP-a2eae24a162f0659,1,1
5,SSCP-a31184100a992a68,1,1
5,SSCP-a32b99cb9f4ffc56,1,1
5,SSCP-a32e7bc14392869c,1,1
5,SSCP-a34bac16b2bcec6c,1,1
5,SSCP-a3663ecbef2876b9,1,1
5,SSCP-a36db26899889060,1,1
5,SSCP-a37a6025a11c03f0,1,1
5,SSCP-a3c1b91b8fc5c942,1,1
5,SSCP-a3db2cefc2169414,1,1
5,SSCP-a3dcd1a97d54eb24,1,1
5,SSCP-a3e35bc92275a5ef,1,1
5,SSCP-a3ee0e958c2fd018,1,1
5,SSCP-a402f585cdab0ddb,1,1
5,SSCP-a405e16d7765609d,1,1
5,SSCP-a44ea30ad2d41745,1,1
5,SSCP-a45465c43a3682a7,1,1
5,SSCP-a460c7e5e94fca75,1,1
5,SSCP-a464a11ba542f9e7,1,1
5,SSCP-a4668f40f90200dd,1,1
5,SSCP-a49238d4f85aa766,1,1
5,SSCP-a4e689f48361adc8,1,1
5,SSCP-a554b0cd844273f8,1,1
5,SSCP-a58ff7400da61ebf,1,1
5,SSCP-a5cbd4547514228a,1,1
5,SSCP-a6008a19da146e4b,1,1
5,SSCP-a61736fe7395e8cf,1,1
5,SSCP-a627c22683999756,1,1
5,SSCP-a6b6cf3f23d6043f,1,1
5,SSCP-a6c64cd944c55780,1,1
5,SSCP-a720c2919103a3a0,1,1
5,SSCP-a74f8fb4301cc549,1,1
5,SSCP-a76f237103601f62,1,1
5,SSCP-a79fda899b647871,1,1
5,SSCP-a7c51a66d3bcb2c6,1,1
5,SSCP-a7cf07c21bfefc44,1,1
5,SSCP-a7e1ddb174b0567b,1,1
5,SSCP-a7ed39dbe0c2d4e1,1,1
5,SSCP-a7efc75a06d7b75e,1,1
5,SSCP-a842fcd9ee5e6f26,1,1
5,SSCP-a8bc655a190988e1,1,1
5,SSCP-a8cf5eec4465923c,1,1
5,SSCP-a8d601e5b7919683,1,1
5,SSCP-a9390572aa069e38,1,1
5,SSCP-a985b5e7c93eb384,1,1
5,SSCP-a9b145b440fe5a2a,1,1
5,SSCP-a9f094cfee298572,1,1
5,SSCP-aa3f42b41ca7e75f,1,1
5,SSCP-aa9f33632dfd987a,1,1
5,SSCP-aacbd9a85f0f04f5,1,1
5,SSCP-aaf9a0dbb3bad78b,1,1
5,SSCP-ab1887a0b2e59185,1,1
5,SSCP-ab2d00ac1b000dfe,1,1
5,SSCP-ab3eae7e954888ce,1,1
5,SSCP-ab59e9ae083dd5d2,1,1
5,SSCP-ab95b588ef13da41,1,1
5,SSCP-abb35a9a7a266f44,1,1
5,SSCP-abd12d837f53d4bc,1,1
5,SSCP-abdb9c6f9b0600bb,1,1
5,SSCP-abf60b1ffc54f497,1,1
5,SSCP-ac0db2de1cf9666e,1,1
5,SSCP-ac2bb91e744e10f4,1,1
5,SSCP-ac42ea9fd8240599,1,1
5,SSCP-accdb815f83c64ff,1,1
5,SSCP-acf88be2bd3def6b,1,1
5,SSCP-ad0a6dcf2b5b900a,1,1
5,SSCP-ad188e7db0f58850,1,1
5,SSCP-ad545f9219a2de3e,1,1
5,SSCP-ad58988c723da7ab,1,1
5,SSCP-ad597828c2f57920,1,1
5,SSCP-ad6601f6a8dde79e,1,1
5,SSCP-adaa63ea7e5aefdc,1,1
5,SSCP-adabf96d7fdbe989,1,1
5,SSCP-ae01293f6e9eea1e,1,1
5,SSCP-ae5d81c33fbc22f2,1,1
5,SSCP-aeabe573acc3305b,1,1
5,SSCP-aeb50e61e700e4a5,1,1
5,SSCP-aedd3f10f756dd02,1,1
5,SSCP-aee55680ce3c707c,1,1
5,SSCP-aefe6c8ab253b98f,1,1
5,SSCP-af0b9b5b72bab94a,1,1
5,SSCP-af89ab77071960a7,1,1
5,SSCP-af9031363b50c813,1,1
5,SSCP-af95173ad5e1a8c1,1,1
5,SSCP-afaa755d02c22264,1,1
5,SSCP-b00452db15a78bf9,1,1
5,SSCP-b0310b76fb599162,1,1
5,SSCP-b09253ac026555b0,1,1
5,SSCP-b0e8c95f7b7bd1b5,1,1
5,SSCP-b101e37e841622a0,1,1
5,SSCP-b156d17294c79006,1,1
5,SSCP-b16107e4bdf22b9b,1,1
5,SSCP-b164ae493894aa6e,1,1
5,SSCP-b17483b20a1a37c6,1,1
5,SSCP-b192c0ba93a419b0,1,1
5,SSCP-b1ac1c6a44366c12,1,1
5,SSCP-b1f782029c833594,1,1
5,SSCP-b1fab98a268c75d2,1,1
5,SSCP-b1fefd31900805c2,1,1
5,SSCP-b2152c604dd12623,1,1
5,SSCP-b262ac2e1cb60a70,1,1
5,SSCP-b2908788998f4ebe,1,1
5,SSCP-b2bd4ed53f49a00c,1,1
5,SSCP-b2c00ee2bcabb072,1,1
5,SSCP-b2c76e72540dba66,1,1
5,SSCP-b2e0218fe9139d7f,1,1
5,SSCP-b35134195b5cd76b,1,1
5,SSCP-b373e3d5bd07edd3,1,1
5,SSCP-b378c828620f6b5b,1,1
5,SSCP-b3b7889d4de5ec13,1,1
5,SSCP-b3ca318a43020f55,1,1
5,SSCP-b401b6ffb77432d8,1,1
5,SSCP-b50def781a3ec49b,1,1
5,SSCP-b54d8ef742dd22d3,1,1
5,SSCP-b5875430d3053f6c,1,1
5,SSCP-b59e340c8a4d7e8f,1,1
5,SSCP-b5b8fcbb03ef1824,1,1
5,SSCP-b5bf9eaf88362028,1,1
5,SSCP-b5c10da2b2122cb0,1,1
5,SSCP-b5c3d38d13881bf0,1,1
5,SSCP-b657b277e4a89dbb,1,1
5,SSCP-b65d9188e88bee00,1,1
5,SSCP-b66d00e134ec0df8,1,1
5,SSCP-b6779b958222b17a,1,1
5,SSCP-b69cefa1f724c3b6,1,1
5,SSCP-b6b855044eeb9973,1,1
5,SSCP-b6b98d75e95daefd,1,1
5,SSCP-b6de05f61b7bccb4,1,1
5,SSCP-b704ab9f6c7b1334,1,1
5,SSCP-b7221988079809cd,1,1
5,SSCP-b728bbca0c2f4cf7,1,1
5,SSCP-b76b0d624e0feec4,1,1
5,SSCP-b785746f63758cc0,1,1
5,SSCP-b78fd823ff89c822,1,1
5,SSCP-b7988c2fa9cf987f,1,1
5,SSCP-b7b689fde5732270,1,1
5,SSCP-b7d3fd37af35d507,1,1
5,SSCP-b7fee72616cfaad0,1,1
5,SSCP-b82f602ea858229d,1,1
5,SSCP-b843e891b3b3d0a9,1,1
5,SSCP-b844253674f4e29e,1,1
5,SSCP-b88151dbf41cefc2,1,1
5,SSCP-b899469b0cf7c0f3,1,1
5,SSCP-b8ad69d240f3bc34,1,1
5,SSCP-b9120ab67e0d1667,1,1
5,SSCP-b91adee376351aeb,1,1
5,SSCP-b92be61001a0503e,1,1
5,SSCP-b95518392987a943,1,1
5,SSCP-b97e5cb97fd8374e,1,1
5,SSCP-b9bfa21edba01fe6,1,1
5,SSCP-b9c338f3f764234d,1,1
5,SSCP-b9f0ec64714ada88,1,1
5,SSCP-ba37d504cdaf0eeb,1,1
5,SSCP-ba427e22bee03678,1,1
5,SSCP-ba72ae0a589d7a7c,1,1
5,SSCP-ba823ef269ec542a,1,1
5,SSCP-baa07a896e706b41,1,1
5,SSCP-badb7afa282f9630,1,1
5,SSCP-bae348c7a45eafd4,1,1
5,SSCP-baed35e60cc08f11,1,1
5,SSCP-bb0e3abee4e78b32,1,1
5,SSCP-bb2c338a327c6ed6,1,1
5,SSCP-bb33a646f5c1b79c,1,1
5,SSCP-bb3699b8fe93261c,1,1
5,SSCP-bb46cd632f0c1101,1,1
5,SSCP-bb4fb15ccf1be883,1,1
5,SSCP-bb6116b20d1b9495,1,1
5,SSCP-bb994ce3e62966be,1,1
5,SSCP-bbaa72f1a601307f,1,1
5,SSCP-bbfc16084866ff33,1,1
5,SSCP-bc239afd281f0864,1,1
5,SSCP-bc61bb406d89d67c,1,1
5,SSCP-bc78dace3a5c3365,1,1
5,SSCP-bc7fc5014a35bbdb,1,1
5,SSCP-bcb047f908d67d06,1,1
5,SSCP-bccdb8698bd2194b,1,1
5,SSCP-bcde196dc7c73f3f,1,1
5,SSCP-bd4f01b16abf4432,1,1
5,SSCP-bd8e49116ae4de2b,1,1
5,SSCP-bdf0a0e9000b4f48,1,1
5,SSCP-be0e7ff200310ebb,1,1
5,SSCP-be262982e3682924,1,1
5,SSCP-be72bc7b68d57b60,1,1
5,SSCP-be7cbddf297169ed,1,1
5,SSCP-beb2835f895303b1,1,1
5,SSCP-bedd47161dc2aecd,1,1
5,SSCP-befcff1befcd245f,1,1
5,SSCP-bf61a7703544e740,1,1
5,SSCP-bfb3d5a6933e3e69,1,1
5,SSCP-bfbf4d306cccae47,1,1
5,SSCP-bffd48c933950f27,1,1
5,SSCP-c017981df177980d,1,1
5,SSCP-c07c2b0f26489eef,1,1
5,SSCP-c07cb9a8d6e09222,1,1
5,SSCP-c0ccc8d9e34db661,1,1
5,SSCP-c0e3ec639a19a4ce,1,1
5,SSCP-c0edc1ba654e08f8,1,1
5,SSCP-c0f62b84863733f3,1,1
5,SSCP-c107827a1f7a1b7c,1,1
5,SSCP-c1b431fff7fd98b6,1,1
5,SSCP-c1d6a40e47980238,1,1
5,SSCP-c205addb1186cab6,1,1
5,SSCP-c21b86190446e4b0,1,1
5,SSCP-c27ca192d200a55f,1,1
5,SSCP-c29f2aef899980ea,1,1
5,SSCP-c2a4867d3137da91,1,1
5,SSCP-c2b6aa0708738d4a,1,1
5,SSCP-c2ed85d55d3dc77f,1,1
5,SSCP-c321ae4021110184,1,1
5,SSCP-c32c8d366d3fe465,1,1
5,SSCP-c3cee308a471cec5,1,1
5,SSCP-c431268993721b65,1,1
5,SSCP-c4358fb420b233a3,1,1
5,SSCP-c4535385b557ab8b,1,1
5,SSCP-c463df9a42701be9,1,1
5,SSCP-c4793a974b34a389,1,1
5,SSCP-c4bc8538bd68ee6e,1,1
5,SSCP-c4fc80f6ce5c4ad6,1,1
5,SSCP-c511c082f29a904d,1,1
5,SSCP-c541f4b2a013e591,1,1
5,SSCP-c54a845629680856,1,1
5,SSCP-c57c2d63665d4d5e,1,1
5,SSCP-c5a3fcd0b3b7ce16,1,1
5,SSCP-c5bcddb59b92b467,1,1
5,SSCP-c5c6f933fed344fd,1,1
5,SSCP-c645aa832f1aee84,1,1
5,SSCP-c69a82f730e52126,1,1
5,SSCP-c6c153fe7a82d51c,1,1
5,SSCP-c752499a16119137,1,1
5,SSCP-c76e627c71d6c1f1,1,1
5,SSCP-c7b08cf617ce06c3,1,1
5,SSCP-c7d155f6db5068a1,1,1
5,SSCP-c7f4c9d4982e71df,1,1
5,SSCP-c7f79e5654ade4b2,1,1
5,SSCP-c80a84c2fcd05fda,1,1
5,SSCP-c8109bb5e0881af6,1,1
5,SSCP-c819e8e4c468b5cc,1,1
5,SSCP-c81dc59e3a153e80,1,1
5,SSCP-c8385efd2823f1a7,1,1
5,SSCP-c885d83d5293fdb2,1,1
5,SSCP-c8dad88bb1a00d9b,1,1
5,SSCP-c8f7b752c18330b1,1,1
5,SSCP-c90a8d6cf074b089,1,1
5,SSCP-c929547136c56bbf,1,1
5,SSCP-c93db90ae0bd1469,1,1
5,SSCP-c98affdd6977e92e,1,1
5,SSCP-c9a31745a241cb10,1,1
5,SSCP-c9a630005c138467,1,1
5,SSCP-c9ae4b6610decce6,1,1
5,SSCP-c9bb6bb26cfbbd20,1,1
5,SSCP-c9c4bb283e8e1591,1,1
5,SSCP-ca05c340128cf3e4,1,1
5,SSCP-ca0865374a8da247,1,1
5,SSCP-ca167fa74b0cdedd,1,1
5,SSCP-ca1aa14a9f8dbabb,1,1
5,SSCP-ca775983cd24fa48,1,1
5,SSCP-ca94af7e57b0936f,1,1
5,SSCP-cab7d1f9e731fd7d,1,1
5,SSCP-cb00cb7fd2bb7c1e,1,1
5,SSCP-cb515b9c623ed1cc,1,1
5,SSCP-cba1c3d3447695da,1,1
5,SSCP-cbab3d93c2908b23,1,1
5,SSCP-cbb06331ff4de4bd,1,1
5,SSCP-cbe0f7c29ae2c93f,1,1
5,SSCP-cbebd6c7e60f4dac,1,1
5,SSCP-cc06eabfc6ddeb05,1,1
5,SSCP-cca2f6a662b80b66,1,1
5,SSCP-ccedc972691080dc,1,1
5,SSCP-cd0a8d36fd1c1934,1,1
5,SSCP-cd1636f7aa50557c,1,1
5,SSCP-cd21bbb2772b1237,1,1
5,SSCP-cd3178c2245ad24c,1,1
5,SSCP-cd5563f6e9e67a96,1,1
5,SSCP-cd8f01e624e3d060,1,1
5,SSCP-cdb1298976b3a521,1,1
5,SSCP-ce2351d975a0ab8b,1,1
5,SSCP-ce38d76d95a6d6a4,1,1
5,SSCP-ce4058358944ba9f,1,1
5,SSCP-ce4204320efeb1f4,1,1
5,SSCP-cef3b598a2b29235,1,1
5,SSCP-cf07c2cd6b72202e,1,1
5,SSCP-cf22f24cb1f7b215,1,1
5,SSCP-cfef832e5cf8da3b,1,1
5,SSCP-d014840ae2eb6a13,1,1
5,SSCP-d041425524c700f6,1,1
5,SSCP-d088b2920d13d46d,1,1
5,SSCP-d09af572775dced1,1,1
5,SSCP-d0ae616a7a00aa19,1,1
5,SSCP-d10d01bc01f23168,1,1
5,SSCP-d206997ca04705e2,1,1
5,SSCP-d211540c5f8fcd45,1,1
5,SSCP-d272ec737b946b6b,1,1
5,SSCP-d274bb16a7e85226,1,1
5,SSCP-d2d375b7f7cfad8b,1,1
5,SSCP-d3530c33ff3b6fa9,1,1
5,SSCP-d3a3ec186fb6bcae,1,1
5,SSCP-d3b8d4288789d26b,1,1
5,SSCP-d3df3c5b6c8f31ac,1,1
5,SSCP-d416715d03ec5213,1,1
5,SSCP-d46297e1a4cc052f,1,1
5,SSCP-d46935afbc6dbb6a,1,1
5,SSCP-d47832ff3f00542c,1,1
5,SSCP-d4ad0f7aaf64eaa5,1,1
5,SSCP-d4b90fddc3bb1259,1,1
5,SSCP-d4d0de5750618f86,1,1
5,SSCP-d4d1adcb63ea92bf,1,1
5,SSCP-d5283ccddf8316f7,1,1
5,SSCP-d52b59d3266bcf20,1,1
5,SSCP-d544cf34020a33f6,1,1
5,SSCP-d5544a5b140af3f2,1,1
5,SSCP-d554a2a00059f55e,1,1
5,SSCP-d56e18a843f60344,1,1
5,SSCP-d59d53987b840290,1,1
5,SSCP-d5aa610785f9c823,1,1
5,SSCP-d5d3814c70bf8316,1,1
5,SSCP-d68c96e242e55771,1,1
5,SSCP-d6b77dd701da8a41,1,1
5,SSCP-d74d427123223709,1,1
5,SSCP-d750d642dc5dad90,1,1
5,SSCP-d7592b14b1f51f9b,1,1
5,SSCP-d77e5404724fc13d,1,1
5,SSCP-d7a413afbbc78d0f,1,1
5,SSCP-d7a6e14ebfce2d50,1,1
5,SSCP-d7b7618f18de3f0f,1,1
5,SSCP-d80676ef20804d26,1,1
5,SSCP-d82e0126b5dff6ea,1,1
5,SSCP-d86229d7a0461632,1,1
5,SSCP-d892eae135ccbf6c,1,1
5,SSCP-d895a6c1fa4a426d,1,1
5,SSCP-d8ce0780119746c4,1,1
5,SSCP-d916e6b253761cc9,1,1
5,SSCP-d958edbf67173394,1,1
5,SSCP-d9b41e52474e6df3,1,1
5,SSCP-d9d2cb2d480fa47b,1,1
5,SSCP-d9eedefe5e98a993,1,1
5,SSCP-da22cad96c7c0f20,1,1
5,SSCP-da6b18d11f6b0fc4,1,1
5,SSCP-da75eafa63b7f95c,1,1
5,SSCP-dada03d4832466b0,1,1
5,SSCP-dae45b75d60931ec,1,1
5,SSCP-daf65a3743debcc6,1,1
5,SSCP-db9d7349a30c9100,1,1
5,SSCP-dbde31c654fb874f,1,1
5,SSCP-dbe0c3c38e7cbfa1,1,1
5,SSCP-dbffe6a054ee9fca,1,1
5,SSCP-dc307feec62a08a5,1,1
5,SSCP-dc3eaef74a2b00d2,1,1
5,SSCP-dc6d81c00012686b,1,1
5,SSCP-dca057ebc16a89c2,1,1
5,SSCP-dceadcbd3b8476d0,1,1
5,SSCP-dcf84bedddf42ab2,1,1
5,SSCP-dd207fee167252fb,1,1
5,SSCP-dd321c35b798f106,1,1
5,SSCP-dd7418f61ad12861,1,1
5,SSCP-dd8ddd7321a64ad1,1,1
5,SSCP-ddd68bb1b9bbb400,1,1
5,SSCP-ddee6e27d1d3c29c,1,1
5,SSCP-ddfa04f1449b6ccf,1,1
5,SSCP-de0eebf3f53b0825,1,1
5,SSCP-de98a10099d87488,1,1
5,SSCP-ded3f01ecffd53d1,1,1
5,SSCP-df2d2d330c059884,1,1
5,SSCP-df51e7d2b9f060c7,1,1
5,SSCP-df68ea599fb936bd,1,1
5,SSCP-dfb740e78e817221,1,1
5,SSCP-dfc3b6974f8c41ca,1,1
5,SSCP-e03bb6caca463d34,1,1
5,SSCP-e0484f9c4141174e,1,1
5,SSCP-e0aa02c7aefbb7b3,1,1
5,SSCP-e10ba052e2d30eec,1,1
5,SSCP-e186e7fd4933f09d,1,1
5,SSCP-e1b87751bf5d3e36,1,1
5,SSCP-e1ed562e096af8c3,1,1
5,SSCP-e21c030e22407e2a,1,1
5,SSCP-e22a6dc95d34d382,1,1
5,SSCP-e236f3c28dca25dc,1,1
5,SSCP-e24e29d320d8d95c,1,1
5,SSCP-e251525814586983,1,1
5,SSCP-e2937a83259c6253,1,1
5,SSCP-e30c4b4f65e81372,1,1
5,SSCP-e32a8f2d98baa8ff,1,1
5,SSCP-e39fea5beea69b6a,1,1
5,SSCP-e405fcaaf843c1b3,1,1
5,SSCP-e41bccd224b2a6c1,1,1
5,SSCP-e4618bb9df0d1fdb,1,1
5,SSCP-e477dc2ef52341f7,1,1
5,SSCP-e48a003ada407faf,1,1
5,SSCP-e48e6cfe13a7db84,1,1
5,SSCP-e4a1f58d345e747e,1,1
5,SSCP-e4a3416b506ea548,1,1
5,SSCP-e4c2651669c4ad54,1,1
5,SSCP-e4f68807b89cd613,1,1
5,SSCP-e545ef34d517667b,1,1
5,SSCP-e5818aa16129e1cb,1,1
5,SSCP-e58766ae3c82df6b,1,1
5,SSCP-e5a10db5959d43e1,1,1
5,SSCP-e5d500fb13e7b26e,1,1
5,SSCP-e683b2781eede751,1,1
5,SSCP-e6a1d6070f5ce8ba,1,1
5,SSCP-e6ac41f460e5ddb1,1,1
5,SSCP-e6ed29fd6d432c68,1,1
5,SSCP-e76231b2c1b14d71,1,1
5,SSCP-e78b34ec0ca43218,1,1
5,SSCP-e7ab48491acf8c36,1,1
5,SSCP-e7d0e95b30a4b892,1,1
5,SSCP-e7e09882611e95e3,1,1
5,SSCP-e80f8091d0e0a2d0,1,1
5,SSCP-e8630bb1d6a4b3ba,1,1
5,SSCP-e8b414276bbc06c0,1,1
5,SSCP-e91fa02a382fb4a0,1,1
5,SSCP-e9ba6a3dd207a3c4,1,1
5,SSCP-e9e080659413a6a2,1,1
5,SSCP-e9f67b522b3977d4,1,1
5,SSCP-e9fff900594e15b4,1,1
5,SSCP-eabc3724052f7939,1,1
5,SSCP-eb08e4406f9d5b50,1,1
5,SSCP-eb4193b805bf0115,1,1
5,SSCP-eb626cf06971736b,1,1
5,SSCP-eb98fa6c4bd5a28b,1,1
5,SSCP-ebe19935051a16ba,1,1
5,SSCP-ebf03fd19f830329,1,1
5,SSCP-ebf5199ba84c6c62,1,1
5,SSCP-ec043ea122525b98,1,1
5,SSCP-ec0b38db01a1a55e,1,1
5,SSCP-ec2ce680d264a9a2,1,1
5,SSCP-ec6dae0e80b8a33b,1,1
5,SSCP-ec7aa1c21c8f5736,1,1
5,SSCP-eca00254bc293d06,1,1
5,SSCP-ecbbf09bf668a987,1,1
5,SSCP-ed290f8853b672cf,1,1
5,SSCP-ed4e6a51bc5cd957,1,1
5,SSCP-ed92419cf27b71c9,1,1
5,SSCP-ee22816d2df991bd,1,1
5,SSCP-ee71b8bf53f24334,1,1
5,SSCP-eeded4b7fe3cf18d,1,1
5,SSCP-eee50953b01072ee,1,1
5,SSCP-eeefa5a30290bd33,1,1
5,SSCP-ef2ac76769956303,1,1
5,SSCP-ef30692d22da2413,1,1
5,SSCP-ef3f13ab015d6dd7,1,1
5,SSCP-ef42ff10ae6b841b,1,1
5,SSCP-ef6913e40cc67789,1,1
5,SSCP-efae4a906421b98c,1,1
5,SSCP-efbc9110e8d1de20,1,1
5,SSCP-efbdeb059aeb1837,1,1
5,SSCP-effdd44cd31cbdf7,1,1
5,SSCP-f15bc11ca2b7250c,1,1
5,SSCP-f2317c89c567ffdb,1,1
5,SSCP-f234f03c0eb6bfee,1,1
5,SSCP-f2473b8c4aac366a,1,1
5,SSCP-f25d4890000ef52e,1,1
5,SSCP-f293c5ecdca3a313,1,1
5,SSCP-f2ca9591a15a9afb,1,1
5,SSCP-f2ce440ac8a0e182,1,1
5,SSCP-f306616585fe1371,1,1
5,SSCP-f31d82ebcc21ef34,1,1
5,SSCP-f35a751a414f5cf2,1,1
5,SSCP-f3609eb2698f0c4a,1,1
5,SSCP-f3c02a516ded93c3,1,1
5,SSCP-f3ce1940be5e15ae,1,1
5,SSCP-f3dccb37ad832c40,1,1
5,SSCP-f42b399bf94b0ab8,1,1
5,SSCP-f42f69530413355b,1,1
5,SSCP-f434008326bab244,1,1
5,SSCP-f4410a680c70a94e,1,1
5,SSCP-f4f3b7b8bf07ac0b,1,1
5,SSCP-f5016c98f3a2bc4b,1,1
5,SSCP-f50db51aff30fc74,1,1
5,SSCP-f5742c0998c92e5a,1,1
5,SSCP-f58b2a957ce8fade,1,1
5,SSCP-f5906099120c9b91,1,1
5,SSCP-f5a5283884e6285a,1,1
5,SSCP-f5bc444b75a8cc46,1,1
5,SSCP-f5fd1fc6011008f9,1,1
5,SSCP-f61eec984e6ba422,1,1
5,SSCP-f628d87369d13116,1,1
5,SSCP-f6727f2ac32bc85f,1,1
5,SSCP-f6abce2332bde77b,1,1
5,SSCP-f6ac2060e75ab757,1,1
5,SSCP-f6c48fad5745a164,1,1
5,SSCP-f6e70dc540ae59d5,1,1
5,SSCP-f7607212f2a9c5de,1,1
5,SSCP-f79053ecbd26f6b6,1,1
5,SSCP-f7cf77450202526b,1,1
5,SSCP-f7d047cf5f26df4c,1,1
5,SSCP-f806980795d98004,1,1
5,SSCP-f814d5332ecdbffe,1,1
5,SSCP-f893b931e61f2b52,1,1
5,SSCP-f8aaba7072e0e8ba,1,1
5,SSCP-f8b7e23d034bfeb7,1,1
5,SSCP-f8cdab8ae7f6fd5a,1,1
5,SSCP-f904c2c3960f8edd,1,1
5,SSCP-f98e17fb66d425eb,1,1
5,SSCP-fa3cfb4a607dbeb6,1,1
5,SSCP-fa6c69844c1130b7,1,1
5,SSCP-fa8232c8268a814e,1,1
5,SSCP-fad3881eaab4c93c,1,1
5,SSCP-fb171ca593250802,1,1
5,SSCP-fb755da3380e9a20,1,1
5,SSCP-fb79bb29d3f1d0c9,1,1
5,SSCP-fbf921e344618544,1,1
5,SSCP-fc35604d5ccf95fa,1,1
5,SSCP-fcb9fb3ed5accc4c,1,1
5,SSCP-fd3823694f5576c2,1,1
5,SSCP-fd6bf40188c0e284,1,1
5,SSCP-fdbc5b35abf11222,1,1
5,SSCP-fe46feda574e356d,1,1
5,SSCP-fe4c7d9bef799e4b,1,1
5,SSCP-fe4d1748189c33bf,1,1
5,SSCP-fe85085797507971,1,1
5,SSCP-feabece44284913f,1,1
5,SSCP-fec0f87197389d25,1,1
5,SSCP-ff00cc6d61245732,1,1
5,SSCP-ff08ea901e525be5,1,1
5,SSCP-ff0fe6c2eebd07c3,1,1
5,SSCP-ff31bd50635b969e,1,1
5,SSCP-ff4c8e1aab7ccc0f,1,1
5,SSCP-ffa673c5bf7931ea,1,1
5,SSCP-ffc41a85a763415d,1,1
5,SSCP-0001914838e8cc4c,2,2
5,SSCP-0001a0000d1e0d48,2,2
5,SSCP-00661d874a768b31,2,2
5,SSCP-008a443d73170279,2,2
5,SSCP-009428fe60df9a44,2,2
5,SSCP-00ccebf472ae4d8e,2,2
5,SSCP-00d7cd22f8123d27,2,2
5,SSCP-010a71a703626e4e,2,2
5,SSCP-012dfca348758c8c,2,2
5,SSCP-012f0dff5e676197,2,2
5,SSCP-013acd97e635c46c,2,2
5,SSCP-015f5df84155b691,2,2
5,SSCP-0173b321125643d3,2,2
5,SSCP-01e5d7ad30da201e,2,2
5,SSCP-02760a211cf57ea1,2,2
5,SSCP-036aa002f8325dfe,2,2
5,SSCP-036e4c2ce649d9e0,2,2
5,SSCP-0382ce86f28f220c,2,2
5,SSCP-039176f90f110e7c,2,2
5,SSCP-03992c933aa0f990,2,2
5,SSCP-039e99ecc6ba247c,2,2
5,SSCP-03f5833535b5c416,2,2
5,SSCP-0424dedce7979966,2,2
5,SSCP-042ab7cc2a5829e4,2,2
5,SSCP-043bcc07b2ab4d6c,2,2
5,SSCP-0453904610c6a5e2,2,2
5,SSCP-04df124f18acc598,2,2
5,SSCP-051b3b51188d45f0,2,2
5,SSCP-0534c6517f0756c9,2,2
5,SSCP-05645ce12eb7c244,2,2
5,SSCP-05bb2ae7b9ecac58,2,2
5,SSCP-05d4a14c1caa1ec0,2,2
5,SSCP-06593781dba86cb7,2,2
5,SSCP-0665c31e34355fdb,2,2
5,SSCP-06e5c0cc41c28ebc,2,2
5,SSCP-06efe08a5bc9094b,2,2
5,SSCP-070bde1f77ba4969,2,2
5,SSCP-0744e3be64c7baa9,2,2
5,SSCP-074cda148cbaa40c,2,2
5,SSCP-07a156b73e8bdee8,2,2
5,SSCP-07b7f81724168005,2,2
5,SSCP-07b91af8622de607,2,2
5,SSCP-07bdf9a6de47a56f,2,2
5,SSCP-07cbd47087850a06,2,2
5,SSCP-07f74b125f8ecb56,2,2
5,SSCP-081aac9bce99132b,2,2
5,SSCP-0838f2e7ebc7940a,2,2
5,SSCP-0839dafce3db3872,2,2
5,SSCP-08c49c031679b21b,2,2
5,SSCP-08ef84cd22fa453a,2,2
5,SSCP-09000017d5165753,2,2
5,SSCP-0902f55f8633bd2f,2,2
5,SSCP-0921d8f883b3c5be,2,2
5,SSCP-09427946de8095ef,2,2
5,SSCP-096c13417ffc5c97,2,2
5,SSCP-0981e7f250a419b7,2,2
5,SSCP-09ee2290b0a6d32e,2,2
5,SSCP-0a0450d94bee92f6,2,2
5,SSCP-0a106d2f879bfa80,2,2
5,SSCP-0a641c0e8045190b,2,2
5,SSCP-0a855bc49394034d,2,2
5,SSCP-0ad8119db87492ce,2,2
5,SSCP-0b54a0c85e2ed74b,2,2
5,SSCP-0bcc77ab5f567590,2,2
5,SSCP-0bd5362079f76a9c,2,2
5,SSCP-0c2f3688d54a0bec,2,2
5,SSCP-0c3794e432c93971,2,2
5,SSCP-0c43b121b237c18c,2,2
5,SSCP-0c5dc8e283c1d00c,2,2
5,SSCP-0ca12d4566f5347e,2,2
5,SSCP-0d04c5e3f4546c7e,2,2
5,SSCP-0d0d82609cb418e6,2,2
5,SSCP-0d1a9d7169aed238,2,2
5,SSCP-0d57d6d70edbd537,2,2
5,SSCP-0df0eac21e51c536,2,2
5,SSCP-0e033c7b98f151a7,2,2
5,SSCP-0e4476b0fc519182,2,2
5,SSCP-0e6784eef6f1a8b3,2,2
5,SSCP-0e7f31dec14b524a,2,2
5,SSCP-0e90d92e7c189e18,2,2
5,SSCP-0f15fa99b8cd38f7,2,2
5,SSCP-0f1f9f0aa56c7011,2,2
5,SSCP-0ffd61b4bb329303,2,2
5,SSCP-105dbf8abd0d03fa,2,2
5,SSCP-10b4db971531ccb1,2,2
5,SSCP-1186e9d99ba37751,2,2
5,SSCP-12143f9304aeed30,2,2
5,SSCP-1266bcafa1af1d82,2,2
5,SSCP-12ac7a027d8cb163,2,2
5,SSCP-12cb1c16665c700a,2,2
5,SSCP-12d3193cf40f6844,2,2
5,SSCP-12df49e57de546f5,2,2
5,SSCP-132403e6822a35e7,2,2
5,SSCP-133516395c66c0bb,2,2
5,SSCP-1366207753f0db73,2,2
5,SSCP-137102913b35c2ff,2,2
5,SSCP-138245443440ff1d,2,2
5,SSCP-13a59d3bc71307cb,2,2
5,SSCP-13f2a9cbea258ef7,2,2
5,SSCP-13fb4dbdade955c7,2,2
5,SSCP-14417e86ba535162,2,2
5,SSCP-1453547cad8515ec,2,2
5,SSCP-1457ed1624c31fa8,2,2
5,SSCP-14883f33989405b6,2,2
5,SSCP-14b1c0fd8b369f20,2,2
5,SSCP-14b6dc57fc094477,2,2
5,SSCP-14c5b4c172902c1c,2,2
5,SSCP-14f47dcae619855b,2,2
5,SSCP-151b874a1aee8fa0,2,2
5,SSCP-153dd6c1eb50dcbb,2,2
5,SSCP-1548dab984331cfa,2,2
5,SSCP-1566632879480f5d,2,2
5,SSCP-160c99ebe3a5956b,2,2
5,SSCP-163f250377e282b2,2,2
5,SSCP-16728e94d1143544,2,2
5,SSCP-167eff4ef7d57416,2,2
5,SSCP-16d08aba4163ab37,2,2
5,SSCP-1738d4044220e97f,2,2
5,SSCP-175414241dcd9475,2,2
5,SSCP-17673630d858d412,2,2
5,SSCP-17a5cd48b87b6b33,2,2
5,SSCP-17ef1c7c06ba3b11,2,2
5,SSCP-1809cbfe1c86cbb0,2,2
5,SSCP-1825dd09490f1cb1,2,2
5,SSCP-1830d16ccfc3da9f,2,2
5,SSCP-183526a613b1e68b,2,2
5,SSCP-18a571c7c9b44d15,2,2
5,SSCP-18bd4ef83756a695,2,2
5,SSCP-18e079969ee3b402,2,2
5,SSCP-190ed9b09dc8a9ae,2,2
5,SSCP-192dc210728f4c49,2,2
5,SSCP-193ae5e1329c1701,2,2
5,SSCP-193b9621e4371660,2,2
5,SSCP-19869a760504abab,2,2
5,SSCP-199559f6609e669e,2,2
5,SSCP-199ee0933dd6e7d5,2,2
5,SSCP-19a8d7f6539f6fcc,2,2
5,SSCP-19b02c5ec767c4ec,2,2
5,SSCP-19b0b4c341079643,2,2
5,SSCP-19d4687554aaf68c,2,2
5,SSCP-19dcc98805ef6df2,2,2
5,SSCP-1a36a5261620f36e,2,2
5,SSCP-1a3b12e5ce02568f,2,2
5,SSCP-1a3ec38b3747ae5d,2,2
5,SSCP-1a5402b102f24864,2,2
5,SSCP-1aaa3fa19fe71b5d,2,2
5,SSCP-1abbed88c1b1340d,2,2
5,SSCP-1ae2e10835bbca3c,2,2
5,SSCP-1af38f1e1661fe2d,2,2
5,SSCP-1b24551c2c607884,2,2
5,SSCP-1b2fddbafbeefa2c,2,2
5,SSCP-1b3e005175d57ec1,2,2
5,SSCP-1b40980d9ffc7a59,2,2
5,SSCP-1b4a961c5815157e,2,2
5,SSCP-1b8ccde45234d88a,2,2
5,SSCP-1c6abe31d873c5be,2,2
5,SSCP-1c820a4f54e358a8,2,2
5,SSCP-1cb0122165de1baa,2,2
5,SSCP-1cb55129519d05b3,2,2
5,SSCP-1cc0da57c14aedcf,2,2
5,SSCP-1cf069faa2c4b5ea,2,2
5,SSCP-1d474637b607db42,2,2
5,SSCP-1d7811c289d891a9,2,2
5,SSCP-1dba4f41e41368af,2,2
5,SSCP-1e391311976df17d,2,2
5,SSCP-1e8c448a74964747,2,2
5,SSCP-1eab58550a33b216,2,2
5,SSCP-1ebe21a529bd0dc9,2,2
5,SSCP-1ed7beb41f1c6340,2,2
5,SSCP-1f7bc473dfb93234,2,2
5,SSCP-1f83e7be7670b886,2,2
5,SSCP-1faac3410b06a2d1,2,2
5,SSCP-1fedacbc09c58b93,2,2
5,SSCP-201b77c226c68c77,2,2
5,SSCP-2027e32db1a81dbd,2,2
5,SSCP-202b75eabee33361,2,2
5,SSCP-204dced1a396d9cb,2,2
5,SSCP-20606c2788f08cde,2,2
5,SSCP-207170dad667e0b6,2,2
5,SSCP-2073d11c1276c67d,2,2
5,SSCP-20749c680d6359b2,2,2
5,SSCP-207e08c72e94c09c,2,2
5,SSCP-20878e08560a9961,2,2
5,SSCP-20ad93589c57d321,2,2
5,SSCP-20ae16c167ebbf87,2,2
5,SSCP-20bebed3bd0afe28,2,2
5,SSCP-20c25526751ff38b,2,2
5,SSCP-20ca779259efa394,2,2
5,SSCP-20cb2a2760b08d2b,2,2
5,SSCP-20ec20de3c80720b,2,2
5,SSCP-210ba4a8e8cb8104,2,2
5,SSCP-214d229ec3d9fbe1,2,2
5,SSCP-217112ecbdbb57b0,2,2
5,SSCP-21acea63a8b565b3,2,2
5,SSCP-21dc3e5ad8835d86,2,2
5,SSCP-21ed9b4fa1013183,2,2
5,SSCP-22011a3eeef70e40,2,2
5,SSCP-22156620c109d4b8,2,2
5,SSCP-225ccdac557bebf0,2,2
5,SSCP-225e2d88806568a7,2,2
5,SSCP-226ca4ddefad1e93,2,2
5,SSCP-22bb1b090c0973ed,2,2
5,SSCP-22df6c03eef95791,2,2
5,SSCP-22f4ab8b23baa7a6,2,2
5,SSCP-23072d87eae73f85,2,2
5,SSCP-233e0b89b83fd947,2,2
5,SSCP-2362db94c23f78d3,2,2
5,SSCP-236a9ba2e2addaa2,2,2
5,SSCP-2390414445e8e4c3,2,2
5,SSCP-23e41969eeeeafb3,2,2
5,SSCP-24111c4ace896ac9,2,2
5,SSCP-244230beb8c276b3,2,2
5,SSCP-244bfc0a7e90d245,2,2
5,SSCP-2482f5dbaf6f4d09,2,2
5,SSCP-24b23f48dfd17fcf,2,2
5,SSCP-25030a36053dfd67,2,2
5,SSCP-250df5b00774aea0,2,2
5,SSCP-2524e50e48198318,2,2
5,SSCP-2538f1bc8b8e7c24,2,2
5,SSCP-256817b64ff6d4d1,2,2
5,SSCP-25af95fe77235722,2,2
5,SSCP-25afc84ef7f4e924,2,2
5,SSCP-25c93b2ee5df56be,2,2
5,SSCP-25d27f4b4d19b5fa,2,2
5,SSCP-262337893631903a,2,2
5,SSCP-268b5f0cc6768335,2,2
5,SSCP-26aba27ee133a842,2,2
5,SSCP-26b00720bc185023,2,2
5,SSCP-2724561bbef7bc81,2,2
5,SSCP-275693a59dcb35f5,2,2
5,SSCP-27573e06f895b0ca,2,2
5,SSCP-2775e5d5a136ce41,2,2
5,SSCP-2777afc6f8a75d09,2,2
5,SSCP-2857abba1308552d,2,2
5,SSCP-28a71d5e375afd61,2,2
5,SSCP-28c5acd23e9a0787,2,2
5,SSCP-28d18de427e5f4a9,2,2
5,SSCP-29473d7fff15ed85,2,2
5,SSCP-296cc6b7c19e0b4e,2,2
5,SSCP-29c827dffda351d0,2,2
5,SSCP-2a611e05c8d638a4,2,2
5,SSCP-2abed7c9dc53b17f,2,2
5,SSCP-2abfb2c811b06b9e,2,2
5,SSCP-2ac7e9a262da269f,2,2
5,SSCP-2b2cbb97f23e79ab,2,2
5,SSCP-2b2f9faba731e65a,2,2
5,SSCP-2b56d53cc74fbd81,2,2
5,SSCP-2b5fda76d0929a32,2,2
5,SSCP-2bbf498d264a3856,2,2
5,SSCP-2bf9fc7d4f3a0098,2,2
5,SSCP-2c29fab263a0d70d,2,2
5,SSCP-2c537a4d4301c820,2,2
5,SSCP-2c553bd28a0468b8,2,2
5,SSCP-2c84354b30856d70,2,2
5,SSCP-2c846825027a3920,2,2
5,SSCP-2ce561e279bb165c,2,2
5,SSCP-2d321aed82bc3196,2,2
5,SSCP-2d3b64aaedb5c249,2,2
5,SSCP-2d3d09d36d7716e6,2,2
5,SSCP-2d74cec0ca735cbe,2,2
5,SSCP-2de124cff77d34c7,2,2
5,SSCP-2dedddf31e56972e,2,2
5,SSCP-2e128ce44617f50b,2,2
5,SSCP-2e4724259bc52420,2,2
5,SSCP-2e60f26030cbf044,2,2
5,SSCP-2e62bbadb6c2ad8c,2,2
5,SSCP-2e6f1259e92caef4,2,2
5,SSCP-2e73f6b099208991,2,2
5,SSCP-2e797ecb5921a196,2,2
5,SSCP-2e9922b6f2787091,2,2
5,SSCP-2ef04a348fc93651,2,2
5,SSCP-2f11073e5c0746be,2,2
5,SSCP-2f243fe127ed3cbe,2,2
5,SSCP-2f51ebbc020cb07f,2,2
5,SSCP-2f5d678c5743a120,2,2
5,SSCP-2f94435b55541db6,2,2
5,SSCP-2f9e6af82fc854ba,2,2
5,SSCP-2fc26d8a2a0f8393,2,2
5,SSCP-2fdeac6ede81eb36,2,2
5,SSCP-2fe79b53c3d337e7,2,2
5,SSCP-300f479b71de78f2,2,2
5,SSCP-3071a3814a07abe7,2,2
5,SSCP-30ffa4e457b61011,2,2
5,SSCP-3114ef2379e35c27,2,2
5,SSCP-31153c6ceff95b1d,2,2
5,SSCP-314e96f4027d3aa4,2,2
5,SSCP-31572266b29efd4d,2,2
5,SSCP-3184c870eeae19f9,2,2
5,SSCP-3227601bcd2d5bdf,2,2
5,SSCP-32b646c9134ebf31,2,2
5,SSCP-32def98ea56db6ac,2,2
5,SSCP-32edf34771c9b7da,2,2
5,SSCP-330cc3b6c555ccba,2,2
5,SSCP-3421bc36ef6579d1,2,2
5,SSCP-348a376bba29d90b,2,2
5,SSCP-349336763a53cea4,2,2
5,SSCP-3496f42819c3f193,2,2
5,SSCP-351631b9d04079bd,2,2
5,SSCP-351e03709f81e20e,2,2
5,SSCP-352e7fc54028dce6,2,2
5,SSCP-3553ae7481a13a85,2,2
5,SSCP-35f532906c9a027b,2,2
5,SSCP-366e1415b6d38902,2,2
5,SSCP-36c4cdbfb52f9571,2,2
5,SSCP-36ca2f4eace66d86,2,2
5,SSCP-36e11d73934dde30,2,2
5,SSCP-37240bdcc2b27e86,2,2
5,SSCP-373df0aec9492667,2,2
5,SSCP-37778e8d47bc39d4,2,2
5,SSCP-37ed86231a3de020,2,2
5,SSCP-37f0ef1b6e7488fc,2,2
5,SSCP-388a2b3c6e10eae9,2,2
5,SSCP-38b46a48c7b23fd1,2,2
5,SSCP-392e4473f363ca34,2,2
5,SSCP-397f7d16001fc15c,2,2
5,SSCP-39afbc6049a8dce6,2,2
5,SSCP-3a3ce08869dac8a4,2,2
5,SSCP-3aaeaae989b21914,2,2
5,SSCP-3ada726763eb0073,2,2
5,SSCP-3b32040ea77dbfea,2,2
5,SSCP-3b420bf37bd4f180,2,2
5,SSCP-3b556f0314eb812c,2,2
5,SSCP-3b5914f9431c2bdb,2,2
5,SSCP-3b601706fe596645,2,2
5,SSCP-3bbde4e097d41786,2,2
5,SSCP-3c033c1c34cec44b,2,2
5,SSCP-3c0bf9e86e3df428,2,2
5,SSCP-3c30cce22edcfbd4,2,2
5,SSCP-3c7908e2671e147e,2,2
5,SSCP-3c93b2ae614fed5a,2,2
5,SSCP-3ce7d61ec6b0ee11,2,2
5,SSCP-3d47629c5c4ef604,2,2
5,SSCP-3ddf6d5f3f9e0bed,2,2
5,SSCP-3e6928379452ca8b,2,2
5,SSCP-3ed55a8496f0e0d2,2,2
5,SSCP-3edb3e7ba043706f,2,2
5,SSCP-3eef56a53b977bcb,2,2
5,SSCP-3f2554a5fe967d17,2,2
5,SSCP-3f5b4c3a2c7e0ff7,2,2
5,SSCP-3f768071522399ed,2,2
5,SSCP-3f8b7bc0c1c15eec,2,2
5,SSCP-3f9b43ace722d719,2,2
5,SSCP-3fcd0d803ad880ad,2,2
5,SSCP-3fe73c2d79ef40c6,2,2
5,SSCP-4198da62d8056056,2,2
5,SSCP-419ed2b2aeb8ded2,2,2
5,SSCP-41a5353baf98d45c,2,2
5,SSCP-41dc8b4dd905e546,2,2
5,SSCP-4212360ec445a251,2,2
5,SSCP-422821ced2847995,2,2
5,SSCP-422bb7b082ccf0ee,2,2
5,SSCP-426a8688ea8fe2d1,2,2
5,SSCP-429608d038df84cc,2,2
5,SSCP-42c942a3ea245a56,2,2
5,SSCP-42df823fdbc96f09,2,2
5,SSCP-43003115d1c522e5,2,2
5,SSCP-431bd177f83b448d,2,2
5,SSCP-4320b7c1140732b3,2,2
5,SSCP-4343b00a7b893736,2,2
5,SSCP-43f049d9f0db625a,2,2
5,SSCP-4495a2c0021ca5a1,2,2
5,SSCP-450da5cd272fa851,2,2
5,SSCP-45c050e7329d400e,2,2
5,SSCP-45d66c23109777f9,2,2
5,SSCP-46183841a4e007c7,2,2
5,SSCP-461bd6e1f61903c1,2,2
5,SSCP-462a6994fc614a30,2,2
5,SSCP-46601e172a97268b,2,2
5,SSCP-469284f85f704f5b,2,2
5,SSCP-46ca62b3be4e2d1c,2,2
5,SSCP-46ce29f2a54f7312,2,2
5,SSCP-4729bb6ffd558bb8,2,2
5,SSCP-4816f9705106251c,2,2
5,SSCP-4823727736167da9,2,2
5,SSCP-4859ce21e4cc472b,2,2
5,SSCP-489a8fe23e8ceb73,2,2
5,SSCP-49758e93c49d80bd,2,2
5,SSCP-497d85f71d8c8896,2,2
5,SSCP-498596ab6fa63045,2,2
5,SSCP-49e998bcf838cab9,2,2
5,SSCP-4a557efd8da8a111,2,2
5,SSCP-4a861c730d304257,2,2
5,SSCP-4a8679dfc3bf70e4,2,2
5,SSCP-4a9a7ec15a52be42,2,2
5,SSCP-4adb81fc451ecb7f,2,2
5,SSCP-4ae6763dd9b35293,2,2
5,SSCP-4b10bd5af59929f6,2,2
5,SSCP-4b2504a526d7883d,2,2
5,SSCP-4b38f5f47f7c45e9,2,2
5,SSCP-4b6be914a5a306df,2,2
5,SSCP-4bf7514686600aea,2,2
5,SSCP-4c3055539be088e3,2,2
5,SSCP-4c5229443395b3ec,2,2
5,SSCP-4c6aabb81b471fab,2,2
5,SSCP-4c767d3e08d6b584,2,2
5,SSCP-4ca0c2846a89ef12,2,2
5,SSCP-4cdbbb85f00dc345,2,2
5,SSCP-4cfb0575170696cc,2,2
5,SSCP-4d1dde8872f0ef29,2,2
5,SSCP-4da0a49df49eb936,2,2
5,SSCP-4dbc2aeae7783ab9,2,2
5,SSCP-4e0a5c1fefd72716,2,2
5,SSCP-4e0d8bcf0338d211,2,2
5,SSCP-4e35a4d81eb62613,2,2
5,SSCP-4e56a87b4c71a71c,2,2
5,SSCP-4e62bc6e78e44920,2,2
5,SSCP-4e77eb8984061552,2,2
5,SSCP-4f1202d106592234,2,2
5,SSCP-4f24fe3a72b1a0de,2,2
5,SSCP-4f81a8724ad21e0b,2,2
5,SSCP-4f875ac6a597e2bc,2,2
5,SSCP-4f9397efa7487a4f,2,2
5,SSCP-4f9e42dff49a4d23,2,2
5,SSCP-4feeac3b931c561f,2,2
5,SSCP-4ffe1f6326be1ad0,2,2
5,SSCP-50160d2ae305b2fa,2,2
5,SSCP-50253b2828d85a1d,2,2
5,SSCP-5026178c8874b7db,2,2
5,SSCP-50604013c999f1e1,2,2
5,SSCP-50777b93424adb5b,2,2
5,SSCP-50884a9d0655873e,2,2
5,SSCP-50daba5b47fbb664,2,2
5,SSCP-50edccc0566bbc85,2,2
5,SSCP-513b61cc7e2bce45,2,2
5,SSCP-51f47d48a7bf6ea1,2,2
5,SSCP-522ec085f4a931c7,2,2
5,SSCP-525b502641bc780b,2,2
5,SSCP-528827cc1aa4e8ef,2,2
5,SSCP-52a8e54fe6382d8e,2,2
5,SSCP-52c826c56766729c,2,2
5,SSCP-52de642b5f81451d,2,2
5,SSCP-530cb2585f07eb3d,2,2
5,SSCP-5318ef170d612460,2,2
5,SSCP-53556d9e199c2783,2,2
5,SSCP-5359503f502a7837,2,2
5,SSCP-53ba5b9df4859d49,2,2
5,SSCP-53bffbe1a720dd64,2,2
5,SSCP-540bd08b709917ab,2,2
5,SSCP-541b16490db2cb7f,2,2
5,SSCP-5452121b69f3b7c7,2,2
5,SSCP-54544253045000f5,2,2
5,SSCP-5482ec0d545df370,2,2
5,SSCP-54b4f32fb4363334,2,2
5,SSCP-54c463380cf7700f,2,2
5,SSCP-54e34786050c0ff4,2,2
5,SSCP-54fc17255363cb28,2,2
5,SSCP-54ffe8422552c6fe,2,2
5,SSCP-5542d5eb52c4fb97,2,2
5,SSCP-554b3ff4937a7fc0,2,2
5,SSCP-554c3082bfde7d60,2,2
5,SSCP-55707e3e6d5ae29a,2,2
5,SSCP-55e8abfa3a4daff6,2,2
5,SSCP-562096e736165653,2,2
5,SSCP-562f3d62e4e9dab0,2,2
5,SSCP-56371d72e370d026,2,2
5,SSCP-56dce2a86bc42d77,2,2
5,SSCP-5740f52cc765c71a,2,2
5,SSCP-574da1376a003674,2,2
5,SSCP-578e91018895358a,2,2
5,SSCP-57dee76443273673,2,2
5,SSCP-58006b1ce4370048,2,2
5,SSCP-5852b8c64a81dd17,2,2
5,SSCP-5865ded4b3063db4,2,2
5,SSCP-589ea22a02be9617,2,2
5,SSCP-58a4114ba572beb5,2,2
5,SSCP-58adeb3cb5243e37,2,2
5,SSCP-59123c7fc16ec1ef,2,2
5,SSCP-591304ef46df433a,2,2
5,SSCP-59a803a54be3362d,2,2
5,SSCP-59d921e53c01aabd,2,2
5,SSCP-59fcbc17c2345f25,2,2
5,SSCP-5a1904ecb5927977,2,2
5,SSCP-5a4928104da0a537,2,2
5,SSCP-5a60ad87d2c0f134,2,2
5,SSCP-5a639844aac6f29d,2,2
5,SSCP-5b24e2649cd1f894,2,2
5,SSCP-5b28e7478c7e207a,2,2
5,SSCP-5b6d8656ffbe597d,2,2
5,SSCP-5baed7a4bdaeeb06,2,2
5,SSCP-5c0bbf368d1a5dc9,2,2
5,SSCP-5c0c81664d1cf8a6,2,2
5,SSCP-5c3efbc0b23ee0f6,2,2
5,SSCP-5c8c44e56e27e97f,2,2
5,SSCP-5c96652426825453,2,2
5,SSCP-5c9c55ed039d50c9,2,2
5,SSCP-5ccce97b7c1f7330,2,2
5,SSCP-5d14256d9aa46d5e,2,2
5,SSCP-5d33dd8944028e59,2,2
5,SSCP-5d4c9c0c457a493c,2,2
5,SSCP-5dab76094490fa5d,2,2
5,SSCP-5dfd06d01a9e1565,2,2
5,SSCP-5e0347e0880e8806,2,2
5,SSCP-5e506d8ce4c76051,2,2
5,SSCP-5e5e8eefd65eabcb,2,2
5,SSCP-5e7f6ad4327cfc6f,2,2
5,SSCP-5ebeb28b2054e763,2,2
5,SSCP-5ed15297491cbaef,2,2
5,SSCP-5ef9857c0fc84433,2,2
5,SSCP-5f3dba66293f45c2,2,2
5,SSCP-5f6d77021b416e63,2,2
5,SSCP-5fc121e1e714bc53,2,2
5,SSCP-5fcb889fcda40027,2,2
5,SSCP-5fe21bf9816270d6,2,2
5,SSCP-60364f227748892c,2,2
5,SSCP-606cff152a09decb,2,2
5,SSCP-611e12a89f27977c,2,2
5,SSCP-6135ee294223c574,2,2
5,SSCP-614085fb10e4c111,2,2
5,SSCP-614561ffab21e033,2,2
5,SSCP-62170065ded4bfc9,2,2
5,SSCP-625cdb236aeddc96,2,2
5,SSCP-62a8f82ad97cdd43,2,2
5,SSCP-63906b90876fab86,2,2
5,SSCP-639f58a38fe0aee8,2,2
5,SSCP-640159165ebd253a,2,2
5,SSCP-64098ca175195edc,2,2
5,SSCP-6420ee3bdfdaeb36,2,2
5,SSCP-64336101efb893f9,2,2
5,SSCP-643561d7f8993049,2,2
5,SSCP-64896f28a7c09573,2,2
5,SSCP-6504c9de9fe84e5e,2,2
5,SSCP-6508bc8e874b5171,2,2
5,SSCP-650f14e70d88d5b0,2,2
5,SSCP-654d94c31b5c69f2,2,2
5,SSCP-656db08078cff6ce,2,2
5,SSCP-65747dc66b4dcd12,2,2
5,SSCP-65b63834cd7ea272,2,2
5,SSCP-65cd54f0f99fc83d,2,2
5,SSCP-65d8857f64e211be,2,2
5,SSCP-6612a9d7f70449f1,2,2
5,SSCP-665aee58f9744b1b,2,2
5,SSCP-667f3ccbfb92d232,2,2
5,SSCP-6693bee5ba041145,2,2
5,SSCP-66f6944ee01429d4,2,2
5,SSCP-6712a28ef7fd2fbf,2,2
5,SSCP-671405231cc2a8a4,2,2
5,SSCP-672b66a67d7ddd56,2,2
5,SSCP-672f5d3a52344363,2,2
5,SSCP-6731f2c1c6342791,2,2
5,SSCP-67f2994fe858dc24,2,2
5,SSCP-681f9ba178f50378,2,2
5,SSCP-684bc7498519ba9d,2,2
5,SSCP-684d2e5b6afb5b94,2,2
5,SSCP-68938f14a2e702b3,2,2
5,SSCP-68b3acddae3e4dd0,2,2
5,SSCP-6927d7fdfca5685d,2,2
5,SSCP-6976aa466682efee,2,2
5,SSCP-69d508385a1820a4,2,2
5,SSCP-6a0520ca27e8a1fc,2,2
5,SSCP-6a43b65e963493ee,2,2
5,SSCP-6a4c49dabb8dfdd8,2,2
5,SSCP-6aa5cfdd8c475422,2,2
5,SSCP-6b2ff343f9b37210,2,2
5,SSCP-6b43c609cb081b31,2,2
5,SSCP-6b652385b9867dfc,2,2
5,SSCP-6ba328781ddc1bc6,2,2
5,SSCP-6bb7ae1a5c105302,2,2
5,SSCP-6bbf4b42c0a7567c,2,2
5,SSCP-6be461271134484f,2,2
5,SSCP-6bf3c859aa1de00f,2,2
5,SSCP-6c78faa800afc318,2,2
5,SSCP-6cf264218e15c13c,2,2
5,SSCP-6cf31f207f28bc40,2,2
5,SSCP-6cfc0d3edbe3392d,2,2
5,SSCP-6d51854b5b0efa91,2,2
5,SSCP-6dd0131846ffc453,2,2
5,SSCP-6dd15d5127d61b9c,2,2
5,SSCP-6e09883a64596ae4,2,2
5,SSCP-6e3e5e7d32553b51,2,2
5,SSCP-6e56c3c1da28c394,2,2
5,SSCP-6e92aba74f45dd6f,2,2
5,SSCP-6ee4aaff84cea928,2,2
5,SSCP-6ee8d8575443b80f,2,2
5,SSCP-6fb7cfd10038104a,2,2
5,SSCP-6ffbb3ae89401230,2,2
5,SSCP-7015440c071baf91,2,2
5,SSCP-70367f1ea9593d44,2,2
5,SSCP-7063b80f35ef2d8e,2,2
5,SSCP-708aa68b53441465,2,2
5,SSCP-712f96e7b4b6806f,2,2
5,SSCP-71ed918883cc7ff8,2,2
5,SSCP-720d3738f0f507d9,2,2
5,SSCP-725e68767e81495b,2,2
5,SSCP-726de7fc9d6eb279,2,2
5,SSCP-7294b49d4fd6eb04,2,2
5,SSCP-72ada3cf97d49d9a,2,2
5,SSCP-72e713d2d6c369ef,2,2
5,SSCP-72efd2205a24a304,2,2
5,SSCP-73043cf538b3f73b,2,2
5,SSCP-730786f0e9f090b2,2,2
5,SSCP-7314b88f41da371a,2,2
5,SSCP-736248c3c68ca29c,2,2
5,SSCP-73fccea9a0dc11a4,2,2
5,SSCP-744c10e07f2643bd,2,2
5,SSCP-7492c5302281214f,2,2
5,SSCP-74d67319d9bed9dc,2,2
5,SSCP-74dabec5fc831c67,2,2
5,SSCP-754126a0796b9445,2,2
5,SSCP-755f521120cd64ca,2,2
5,SSCP-756a0dc41373284e,2,2
5,SSCP-758a4277342f6e11,2,2
5,SSCP-759c934827490d03,2,2
5,SSCP-75d10bef1e72922a,2,2
5,SSCP-7620225662dad21e,2,2
5,SSCP-76459afbe4253931,2,2
5,SSCP-765e77431f3e03d3,2,2
5,SSCP-768c3899eab5f677,2,2
5,SSCP-768d533d2deebcf7,2,2
5,SSCP-76d779a39de12d6c,2,2
5,SSCP-76d9f40b943bae45,2,2
5,SSCP-7702f36ca15f2cb8,2,2
5,SSCP-770b069541be9fba,2,2
5,SSCP-771b08d38ce337e0,2,2
5,SSCP-7729d4c0408ae2c6,2,2
5,SSCP-774752e59d3a311c,2,2
5,SSCP-775a1009c0e52d63,2,2
5,SSCP-78334550d5421893,2,2
5,SSCP-7872503c77af0713,2,2
5,SSCP-78b2fa62a4b418ab,2,2
5,SSCP-78c0972c61062ddf,2,2
5,SSCP-78ef7b0cb7eb3327,2,2
5,SSCP-791918143f815f1a,2,2
5,SSCP-7924bcf19762f824,2,2
5,SSCP-79424ed6c8be1d70,2,2
5,SSCP-794307a4193cec2c,2,2
5,SSCP-796669264fc927c2,2,2
5,SSCP-79b6f858e52ffcd6,2,2
5,SSCP-79bd9b0dae595816,2,2
5,SSCP-79ca227863fc1e5f,2,2
5,SSCP-79db350229b3c2ec,2,2
5,SSCP-7a0f80201a919d99,2,2
5,SSCP-7a3cc43fe0aed68e,2,2
5,SSCP-7a5b8a9a1ba9530c,2,2
5,SSCP-7a63d4541d22fee7,2,2
5,SSCP-7a6608e0f8d0cc78,2,2
5,SSCP-7b06a76e4809a13c,2,2
5,SSCP-7b719f4fc73a404f,2,2
5,SSCP-7b7f10b1ebfa7ab9,2,2
5,SSCP-7c1f569fbaa1a25d,2,2
5,SSCP-7c2ccb7744ea2880,2,2
5,SSCP-7c3c9b3bcac71f2b,2,2
5,SSCP-7c4066d51ba18958,2,2
5,SSCP-7c4293d36f39df20,2,2
5,SSCP-7c643c086a000068,2,2
5,SSCP-7c904f0db29bcf3b,2,2
5,SSCP-7c90728472a59caa,2,2
5,SSCP-7cb55d0256d00ae4,2,2
5,SSCP-7ccb98720b6d1d35,2,2
5,SSCP-7cd114ac83e69b8f,2,2
5,SSCP-7ce87f27e591d883,2,2
5,SSCP-7d41f373f61fcffe,2,2
5,SSCP-7d66cef5b3cbab98,2,2
5,SSCP-7d69e826de870c58,2,2
5,SSCP-7df284cf98ed0487,2,2
5,SSCP-7e0cf6529d4e4e47,2,2
5,SSCP-7ec501ae1982bb45,2,2
5,SSCP-7ef190dc97708f57,2,2
5,SSCP-7f004567fec59977,2,2
5,SSCP-7f29b21ca86c0c9b,2,2
5,SSCP-7f396fd72824a0a5,2,2
5,SSCP-7f45dc3dae70b1f9,2,2
5,SSCP-7f5241b2a2629dcc,2,2
5,SSCP-7f7ecf84c136eece,2,2
5,SSCP-7f8b66e69e45fa6d,2,2
5,SSCP-7fac4d68b7228b90,2,2
5,SSCP-7fcde8aabe62fb2d,2,2
5,SSCP-7fd507d8ece71bb1,2,2
5,SSCP-7ffc785e87b7989f,2,2
5,SSCP-8006c5f5d64c5c6f,2,2
5,SSCP-8058373540028171,2,2
5,SSCP-80c50b0f9520eff7,2,2
5,SSCP-8136585581ff8d42,2,2
5,SSCP-81585062e5df5343,2,2
5,SSCP-81ad6cc5b50f6446,2,2
5,SSCP-81d5e90aeb9e8344,2,2
5,SSCP-82175eb2a2db6119,2,2
5,SSCP-8236633ad8bf6594,2,2
5,SSCP-823de5ded496d7b7,2,2
5,SSCP-827f23cf7528aab4,2,2
5,SSCP-833c7027ff488fc8,2,2
5,SSCP-83a64d956fbdb419,2,2
5,SSCP-844e5a1520afcf1a,2,2
5,SSCP-845cc4cb8915fc74,2,2
5,SSCP-846da4f85c6e0c62,2,2
5,SSCP-84838f44676821d0,2,2
5,SSCP-84dbd35854d03b04,2,2
5,SSCP-8535f92511dc0c06,2,2
5,SSCP-8544c54df87c319a,2,2
5,SSCP-8585cc1ca670c5c8,2,2
5,SSCP-8595f97dd7b52161,2,2
5,SSCP-85d28656d78e8ff1,2,2
5,SSCP-860440df9d2ddf13,2,2
5,SSCP-8622198799c1ac78,2,2
5,SSCP-8629ba7bf70103c8,2,2
5,SSCP-86596ef6e8cce561,2,2
5,SSCP-869268142927832b,2,2
5,SSCP-86babc5e6f16cbb4,2,2
5,SSCP-86c672ce36d8f4a0,2,2
5,SSCP-86eb5e986b2341f2,2,2
5,SSCP-875bf9028de981db,2,2
5,SSCP-8793526dc8e494fa,2,2
5,SSCP-879eadae3cca1716,2,2
5,SSCP-87baeb6baa1b9077,2,2
5,SSCP-88079f9ddd2d39fc,2,2
5,SSCP-880e8f917952bcb5,2,2
5,SSCP-881084b3802ff6b1,2,2
5,SSCP-881a633a11061b14,2,2
5,SSCP-88379c3817d94845,2,2
5,SSCP-890a1df45368c275,2,2
5,SSCP-890ccbc0efcee2a4,2,2
5,SSCP-892a904c7decf61f,2,2
5,SSCP-8974476f9784f25c,2,2
5,SSCP-89822cf5b2282bdb,2,2
5,SSCP-898d8c169d9cb96b,2,2
5,SSCP-89a001170812fa1e,2,2
5,SSCP-89eaf7836078b298,2,2
5,SSCP-89f6b84f72d112db,2,2
5,SSCP-8a3588a3e9a9bcb4,2,2
5,SSCP-8a45ab783c106f75,2,2
5,SSCP-8a4d0b9a36d09cbf,2,2
5,SSCP-8a64676636933234,2,2
5,SSCP-8ac2e248c0c791f6,2,2
5,SSCP-8ade04e9c52962ff,2,2
5,SSCP-8b0da5722d27592c,2,2
5,SSCP-8b4ebd8a4ec4ee6a,2,2
5,SSCP-8bc65126500af247,2,2
5,SSCP-8bf27c7f47054158,2,2
5,SSCP-8c322fe41faf94ac,2,2
5,SSCP-8c40713cee28032b,2,2
5,SSCP-8d201aa4cd5ecb0f,2,2
5,SSCP-8d213d61c0b1f085,2,2
5,SSCP-8d46d5004756f506,2,2
5,SSCP-8d9850f291a3822a,2,2
5,SSCP-8da7c7308243a86a,2,2
5,SSCP-8dfdbf929bbb4ed8,2,2
5,SSCP-8e06d93ddc59a01f,2,2
5,SSCP-8e1787037e6e0b46,2,2
5,SSCP-8e18c89d72193bac,2,2
5,SSCP-8e3a250b1d041504,2,2
5,SSCP-8e48a0a6fc107f13,2,2
5,SSCP-8e93dac81a4b28fd,2,2
5,SSCP-8e9a301971cf6122,2,2
5,SSCP-8ee5e8d5cd7f950a,2,2
5,SSCP-8f271cbab24b4d01,2,2
5,SSCP-8f59350109d6b47a,2,2
5,SSCP-8f6232435eabf10a,2,2
5,SSCP-8fbb91103e5d1595,2,2
5,SSCP-8fcb0c787d83667a,2,2
5,SSCP-901e50ab9dbbb216,2,2
5,SSCP-902cdd1b969a3b97,2,2
5,SSCP-90549f983c761a5e,2,2
5,SSCP-907defa035dfc7d5,2,2
5,SSCP-908631cc6ab0fbbf,2,2
5,SSCP-90d7a129bfdf463c,2,2
5,SSCP-90ec06138c1f1632,2,2
5,SSCP-90f9784ed10753e6,2,2
5,SSCP-9159e4e4de54abf6,2,2
5,SSCP-916a79be4eece91e,2,2
5,SSCP-923324cbf923d232,2,2
5,SSCP-9267299435194b0f,2,2
5,SSCP-92ed99abcd75a7f1,2,2
5,SSCP-9309ab610acfdb82,2,2
5,SSCP-93368e314e12452a,2,2
5,SSCP-939ec57168cefa47,2,2
5,SSCP-9408821b065c219a,2,2
5,SSCP-9456588b72f06d64,2,2
5,SSCP-94604ad73189c47d,2,2
5,SSCP-94788a3502b76f03,2,2
5,SSCP-94f8dcfff52c2066,2,2
5,SSCP-950ddd0173703359,2,2
5,SSCP-951cb4cc4ebdfc95,2,2
5,SSCP-9580281d18a5c7d9,2,2
5,SSCP-95e1d638416fa9f5,2,2
5,SSCP-961d1c321d0cf6ec,2,2
5,SSCP-9668072b4567174f,2,2
5,SSCP-966a0502bd3b8a55,2,2
5,SSCP-969a21950c11ea89,2,2
5,SSCP-969c7169dd308cfc,2,2
5,SSCP-96d1a680dac2f100,2,2
5,SSCP-973c5b5af0f5c32c,2,2
5,SSCP-97490b2ea7937485,2,2
5,SSCP-9757102c5284deaa,2,2
5,SSCP-97576014dcb71310,2,2
5,SSCP-985572e40e9550cb,2,2
5,SSCP-986b9218c3a9d07b,2,2
5,SSCP-9876428e856afdfa,2,2
5,SSCP-988e2fd1f21991c8,2,2
5,SSCP-98dc379a448834ac,2,2
5,SSCP-98e75ece72e66ecc,2,2
5,SSCP-992b21e49ddea21d,2,2
5,SSCP-99d8651aed85aa3d,2,2
5,SSCP-9a018f0c4bd11aca,2,2
5,SSCP-9a0a95984ec63d4e,2,2
5,SSCP-9a0fb7c581732db7,2,2
5,SSCP-9a97d435043ad3e8,2,2
5,SSCP-9aabc7567302a0c2,2,2
5,SSCP-9b1198312a951a9b,2,2
5,SSCP-9b72770dc9e588cd,2,2
5,SSCP-9bc00d5e281d61ba,2,2
5,SSCP-9bde22ecdd822756,2,2
5,SSCP-9bdf8ae142f7dd6b,2,2
5,SSCP-9be4e160b4d91b3a,2,2
5,SSCP-9c07888fc59135b0,2,2
5,SSCP-9cbad76d4da2e4cd,2,2
5,SSCP-9cdf1e4b1e90c4c3,2,2
5,SSCP-9d49113764fe7ae8,2,2
5,SSCP-9d5df21fc53efbbe,2,2
5,SSCP-9dd91f4faa1f73e7,2,2
5,SSCP-9dec4462d94f81b0,2,2
5,SSCP-9e3830139ebd06fe,2,2
5,SSCP-9e95bf37b0c9e68c,2,2
5,SSCP-9edddbb95d1d3ab1,2,2
5,SSCP-9ef4b2f391ebb421,2,2
5,SSCP-9ef800787eb9c187,2,2
5,SSCP-9f16dcda9e1775d3,2,2
5,SSCP-9f37dfdc6fb5e106,2,2
5,SSCP-9f5e9ccb824f9212,2,2
5,SSCP-9f76b98ddcfcc9f0,2,2
5,SSCP-9f7e0ac2e11d7f39,2,2
5,SSCP-9f8756b22fac9d56,2,2
5,SSCP-9fc049a757a34884,2,2
5,SSCP-9fe3f2cb9849368d,2,2
5,SSCP-9ff8922ce9620f39,2,2
5,SSCP-9fff12b0cc65ff5b,2,2
5,SSCP-a03ed164246c321f,2,2
5,SSCP-a0a570a5c6e38611,2,2
5,SSCP-a11d46ff8c2f711d,2,2
5,SSCP-a156fa2807aad0dd,2,2
5,SSCP-a15a4dd30b9cf821,2,2
5,SSCP-a16c3667168bc2ac,2,2
5,SSCP-a19ddb7c1cfa7825,2,2
5,SSCP-a1d9abb5ea21041a,2,2
5,SSCP-a1e18b3d7e9e55a9,2,2
5,SSCP-a20271a65365cf88,2,2
5,SSCP-a215d7f8e2cd5949,2,2
5,SSCP-a22439c4a1d1257a,2,2
5,SSCP-a25014698399b3cf,2,2
5,SSCP-a282b514c040917f,2,2
5,SSCP-a2f3fcb2fc410da1,2,2
5,SSCP-a3146e09eeab8bef,2,2
5,SSCP-a31bd1d96bb8fdeb,2,2
5,SSCP-a33281cf3ab9c57c,2,2
5,SSCP-a33f92e9103a455d,2,2
5,SSCP-a355d58ded58435c,2,2
5,SSCP-a35882838c899f73,2,2
5,SSCP-a3dbcd30c03fab54,2,2
5,SSCP-a3f47bb93639a1d5,2,2
5,SSCP-a3fdc4bb7457e5ad,2,2
5,SSCP-a44d5e0c7ff720ca,2,2
5,SSCP-a45829f890dbc80d,2,2
5,SSCP-a47f97121d419e9c,2,2
5,SSCP-a4b3d40d2c9a6fa7,2,2
5,SSCP-a4c6e646d8cd613b,2,2
5,SSCP-a504086ecb64c79e,2,2
5,SSCP-a5261e0a58c3bc44,2,2
5,SSCP-a599feacb354f5d3,2,2
5,SSCP-a59ba08eb62949b5,2,2
5,SSCP-a5d7b42fff193596,2,2
5,SSCP-a5dba76664418451,2,2
5,SSCP-a65a339b09f329bb,2,2
5,SSCP-a694b53af398b81e,2,2
5,SSCP-a71ff8ab4dbd1515,2,2
5,SSCP-a7af7ca72457cb2b,2,2
5,SSCP-a7eec55ed75aafff,2,2
5,SSCP-a7f2ee9fb9d2e12c,2,2
5,SSCP-a809bbe553658ff3,2,2
5,SSCP-a857bb9278cb8d6f,2,2
5,SSCP-a87f60ad287aa8d3,2,2
5,SSCP-a89a3ab2f425c3f6,2,2
5,SSCP-a8a49c90a408c497,2,2
5,SSCP-a8a8a067ba967fbd,2,2
5,SSCP-a8f40688d5c4437d,2,2
5,SSCP-a90d433649ab3b98,2,2
5,SSCP-a932ca95052ae2a9,2,2
5,SSCP-a950321bc72f5142,2,2
5,SSCP-a953a9cd549281ea,2,2
5,SSCP-a9bbdce40ecfa640,2,2
5,SSCP-a9c501cb868d7cec,2,2
5,SSCP-a9f24d919cbb07d7,2,2
5,SSCP-a9f82eede7acc4b3,2,2
5,SSCP-aa11a0f14b67fd58,2,2
5,SSCP-aa2f76086367acda,2,2
5,SSCP-aa52d8cafcbf58ab,2,2
5,SSCP-aa84c4f8e59b2586,2,2
5,SSCP-aaf3ca3d61366011,2,2
5,SSCP-ab190c5c16ac1198,2,2
5,SSCP-ab22c4e3a4d9fb41,2,2
5,SSCP-ab3aecffe9c1cbaf,2,2
5,SSCP-ab3e0c473192d4ab,2,2
5,SSCP-ab5c78e91c8de8fe,2,2
5,SSCP-ab80cd077a283c90,2,2
5,SSCP-ab87339afc7e3db2,2,2
5,SSCP-aba852a195a8b0fe,2,2
5,SSCP-abb6c44649543be8,2,2
5,SSCP-abdc67adb7ec2c74,2,2
5,SSCP-abf1c19d05cab9bc,2,2
5,SSCP-ac0a8a0c2295f8d9,2,2
5,SSCP-ac1d3a1380e29957,2,2
5,SSCP-ac45a6eb6bf7777d,2,2
5,SSCP-ac536e9f3cd4d684,2,2
5,SSCP-ac57dcd68c170f24,2,2
5,SSCP-ac6d89cc9db882f3,2,2
5,SSCP-ac784d1771ca50fb,2,2
5,SSCP-ac85097311421127,2,2
5,SSCP-ace9baf280ae2bd9,2,2
5,SSCP-ad74acc2bed9f285,2,2
5,SSCP-ada9ebaf1ea0d892,2,2
5,SSCP-adc5cc0641a14b4c,2,2
5,SSCP-ade028fd16bd0541,2,2
5,SSCP-ae49ecdfb175d0af,2,2
5,SSCP-ae545d29cda16a73,2,2
5,SSCP-ae6eead5e863f296,2,2
5,SSCP-ae85f41859d89944,2,2
5,SSCP-aec8c5eda2063620,2,2
5,SSCP-aefbc07b01f03eee,2,2
5,SSCP-aff45221e4a7f54e,2,2
5,SSCP-aff4bf61e576d476,2,2
5,SSCP-b0134a5ac756d3cf,2,2
5,SSCP-b06f7e8a7200665c,2,2
5,SSCP-b094ebdfa9df2b1d,2,2
5,SSCP-b0b35bdc40ace38e,2,2
5,SSCP-b0d8fe57c5c071bb,2,2
5,SSCP-b0e8a1850fe19700,2,2
5,SSCP-b130304f62912e6e,2,2
5,SSCP-b1964409bbc91f68,2,2
5,SSCP-b1e91dd352197de7,2,2
5,SSCP-b219d759089ac773,2,2
5,SSCP-b22f5b1cab3d4692,2,2
5,SSCP-b27817e2a076529e,2,2
5,SSCP-b27db484fc9788c8,2,2
5,SSCP-b2c564cc2eca1474,2,2
5,SSCP-b2f74b487553eb7b,2,2
5,SSCP-b3519234055b3fb4,2,2
5,SSCP-b35f8401efd6dea3,2,2
5,SSCP-b3a96c9ddc6c0af6,2,2
5,SSCP-b3bcb31f0ded5afc,2,2
5,SSCP-b3f3da07c64c3757,2,2
5,SSCP-b3fcdb3f59ab6dd7,2,2
5,SSCP-b3fdbbb9917d0dc2,2,2
5,SSCP-b40f07066b5dd11f,2,2
5,SSCP-b436499db87f08e6,2,2
5,SSCP-b460edef6b41bb55,2,2
5,SSCP-b477929fcd0a70eb,2,2
5,SSCP-b48804e080a7b941,2,2
5,SSCP-b4966eac71787b12,2,2
5,SSCP-b4a10b903949d5ff,2,2
5,SSCP-b4ada21738b9dbeb,2,2
5,SSCP-b52810ab1a869d9d,2,2
5,SSCP-b5570dbcfd185227,2,2
5,SSCP-b559627740991635,2,2
5,SSCP-b594f624429381bc,2,2
5,SSCP-b5c8ec9a0062db9e,2,2
5,SSCP-b5ee54ec9e023981,2,2
5,SSCP-b6b28c7b090f29e3,2,2
5,SSCP-b6d3ee688795cffc,2,2
5,SSCP-b6deb9fad959ebbd,2,2
5,SSCP-b6e0202ef24ac683,2,2
5,SSCP-b6fa2ba06e7aa890,2,2
5,SSCP-b70cb8a261656842,2,2
5,SSCP-b71006345e37dbb7,2,2
5,SSCP-b7471723c584fb58,2,2
5,SSCP-b79b57ec6aaf1813,2,2
5,SSCP-b7a1a35c2332fe79,2,2
5,SSCP-b7bc11f3674f74ab,2,2
5,SSCP-b7e07eef17bbf826,2,2
5,SSCP-b822e543140861cc,2,2
5,SSCP-b823ff608aa439b8,2,2
5,SSCP-b86f03748a2a8c4c,2,2
5,SSCP-b8a21e8b6fc31a1b,2,2
5,SSCP-b8a95a4d787fd7d3,2,2
5,SSCP-b8b1309741d82cbd,2,2
5,SSCP-b8d8263728004d84,2,2
5,SSCP-b940c9081bb41d20,2,2
5,SSCP-b942e18529c4a661,2,2
5,SSCP-b9940046f9eb519f,2,2
5,SSCP-b99a2ac65f8cb3ed,2,2
5,SSCP-b9a2306d6e54cdc4,2,2
5,SSCP-b9bc01073ebd69c3,2,2
5,SSCP-b9cf3dfbe475f902,2,2
5,SSCP-ba2bcdae1b049a38,2,2
5,SSCP-ba3681ba6f72e06c,2,2
5,SSCP-ba3b4d201570a963,2,2
5,SSCP-ba7f0a2bb7147b13,2,2
5,SSCP-ba837053c56fd66b,2,2
5,SSCP-bb4cd2d7ced7d162,2,2
5,SSCP-bb5dc317c0a26048,2,2
5,SSCP-bb62ef2710fa6757,2,2
5,SSCP-bba1bcd2fa49cbd4,2,2
5,SSCP-bba6f35e3dc8af04,2,2
5,SSCP-bbfe8dbc86f5d517,2,2
5,SSCP-bc39936afac258cd,2,2
5,SSCP-bc68b1db276c7fad,2,2
5,SSCP-bce3d5bfa9f1ec02,2,2
5,SSCP-bce60069e7e3d0f5,2,2
5,SSCP-bd69b70428b3404a,2,2
5,SSCP-bd976946914886a5,2,2
5,SSCP-bd9b479b09896c97,2,2
5,SSCP-bda989dc28ca9778,2,2
5,SSCP-bdb16c5bc4576002,2,2
5,SSCP-bddebe0f460c4afe,2,2
5,SSCP-be100b62d2556b2d,2,2
5,SSCP-be61179547fffaff,2,2
5,SSCP-bef21a651475429c,2,2
5,SSCP-bef52efddf68f55a,2,2
5,SSCP-befd6eaffbe7f287,2,2
5,SSCP-bf3a641ef893e416,2,2
5,SSCP-bf3ba2d6d0a36cbe,2,2
5,SSCP-bf3d4b6ae92eb2ef,2,2
5,SSCP-bf779f6c0a01d535,2,2
5,SSCP-bfea02f77ccc128f,2,2
5,SSCP-bff4ac797cf87ed2,2,2
5,SSCP-c0e260357d779dfc,2,2
5,SSCP-c101b7a4bec8d0b2,2,2
5,SSCP-c1122d03d19db64a,2,2
5,SSCP-c132c46e12b01f6a,2,2
5,SSCP-c185807c05eda0ea,2,2
5,SSCP-c1bde980d11b74aa,2,2
5,SSCP-c1f5e40a92b69481,2,2
5,SSCP-c21cb3f74ed34aa3,2,2
5,SSCP-c26785e93cac04d5,2,2
5,SSCP-c27f91dd5394e8f4,2,2
5,SSCP-c28038e4008e3141,2,2
5,SSCP-c2b7796dd7a8e0ac,2,2
5,SSCP-c370d26fcf1127af,2,2
5,SSCP-c375826a551c61d9,2,2
5,SSCP-c39e5488c200945e,2,2
5,SSCP-c3ce5e35e86eb333,2,2
5,SSCP-c3f8f38b68cb9d7e,2,2
5,SSCP-c41e6531ee088f4c,2,2
5,SSCP-c444e8cca906a4dc,2,2
5,SSCP-c4a261662546c2e6,2,2
5,SSCP-c4df77c40d0bac6a,2,2
5,SSCP-c506f1539800c55f,2,2
5,SSCP-c51a62982bae7b81,2,2
5,SSCP-c55e048b7fc07dd5,2,2
5,SSCP-c5641ffa39953e1a,2,2
5,SSCP-c56cc0396fbc77c9,2,2
5,SSCP-c5729bf76c2ca203,2,2
5,SSCP-c57e5184c3ea9246,2,2
5,SSCP-c58763206e12e6dc,2,2
5,SSCP-c5e16b903439e85d,2,2
5,SSCP-c65980effe09814a,2,2
5,SSCP-c67d19f504068604,2,2
5,SSCP-c71414336feb5f32,2,2
5,SSCP-c72b488ee873d7cc,2,2
5,SSCP-c7472d319239e8bb,2,2
5,SSCP-c77270452867e4a5,2,2
5,SSCP-c7969aa4c9749852,2,2
5,SSCP-c7b2715af5c1e0ba,2,2
5,SSCP-c7b5e637b0dec4d3,2,2
5,SSCP-c7c62106ddf321b4,2,2
5,SSCP-c7f2757cc6220b39,2,2
5,SSCP-c7fc358b81cdc669,2,2
5,SSCP-c82a0eccd13aebfe,2,2
5,SSCP-c8456910c410e4e3,2,2
5,SSCP-c8c72b336d6fde2e,2,2
5,SSCP-c8c834f7865a40ce,2,2
5,SSCP-c927da440ac86c02,2,2
5,SSCP-c96c5b1ed069e660,2,2
5,SSCP-c9cac46a08690b33,2,2
5,SSCP-ca088f01690094b5,2,2
5,SSCP-ca0bc737f01dedec,2,2
5,SSCP-ca14c10fda74a36c,2,2
5,SSCP-ca27b3c57990a800,2,2
5,SSCP-ca3044e9745737e6,2,2
5,SSCP-ca4086211d6dd7c5,2,2
5,SSCP-ca5783d96bdbac01,2,2
5,SSCP-ca5ad25415dba058,2,2
5,SSCP-ca950d29c47c8513,2,2
5,SSCP-caa0a08020cb47f1,2,2
5,SSCP-caa95ad80e832ca3,2,2
5,SSCP-cad6e2b4eace0fa7,2,2
5,SSCP-cb4fabae73c3c4c8,2,2
5,SSCP-cb60406ca5f737c6,2,2
5,SSCP-cb78b3baa4e95618,2,2
5,SSCP-cc62d840f715f0f7,2,2
5,SSCP-cc73b9c507e1916e,2,2
5,SSCP-cc744f9860a502cd,2,2
5,SSCP-cc75e0d3c8bc9f42,2,2
5,SSCP-cc91bad8966e5d8b,2,2
5,SSCP-cc93e8db88f4c534,2,2
5,SSCP-cc9e759220dae3ca,2,2
5,SSCP-ccb04c3c1f40e261,2,2
5,SSCP-ccb074e8350e8caf,2,2
5,SSCP-ccf9052c0f321ca3,2,2
5,SSCP-cd15c643d90bd611,2,2
5,SSCP-cd29aff043d24686,2,2
5,SSCP-cd2ccde2be18692c,2,2
5,SSCP-cd3a0370daa2b653,2,2
5,SSCP-ce0fe6d75684b152,2,2
5,SSCP-ce2ced7f013b8614,2,2
5,SSCP-ce506cc3838561bf,2,2
5,SSCP-ce82a654d4c68493,2,2
5,SSCP-cf1c92a8d1b52f27,2,2
5,SSCP-cf8ffe91fb45a811,2,2
5,SSCP-cfa66e8f9be1aa95,2,2
5,SSCP-cfb0d60633dc103d,2,2
5,SSCP-d02a20b38f7f6957,2,2
5,SSCP-d03d5c5b83575e7f,2,2
5,SSCP-d0807a39bb21e9b6,2,2
5,SSCP-d0cbec70fa4de23c,2,2
5,SSCP-d0d70e962ede2339,2,2
5,SSCP-d0f13288c42d4d12,2,2
5,SSCP-d0feb6dff4b27fe7,2,2
5,SSCP-d1467ae0af7ff6ba,2,2
5,SSCP-d14a7568bf97093e,2,2
5,SSCP-d15626d27a5ec3a7,2,2
5,SSCP-d15ac5913f934e23,2,2
5,SSCP-d15aeb6c74bcc898,2,2
5,SSCP-d15f730f106c127e,2,2
5,SSCP-d223076a555cb56d,2,2
5,SSCP-d28a655f922fad50,2,2
5,SSCP-d2987fbd7a9f67f8,2,2
5,SSCP-d29a57755537188f,2,2
5,SSCP-d2f85e75bf19e84d,2,2
5,SSCP-d308d1d5a3fe3c50,2,2
5,SSCP-d33a7d8946b1b14f,2,2
5,SSCP-d33aca27900dfaed,2,2
5,SSCP-d3674f680a36aa0b,2,2
5,SSCP-d3a6cb24e81544c2,2,2
5,SSCP-d3d6cf3d6fbea1e1,2,2
5,SSCP-d3fd8faea75b7ca3,2,2
5,SSCP-d456eef0e76cc380,2,2
5,SSCP-d4a4ce3cedfb51f3,2,2
5,SSCP-d4ad67aa75b4f322,2,2
5,SSCP-d4d544510d837c1f,2,2
5,SSCP-d52112565b08c921,2,2
5,SSCP-d5419e61565db464,2,2
5,SSCP-d57a2e9d5ae51526,2,2
5,SSCP-d59a25cccfc2445e,2,2
5,SSCP-d5aafb48fe2b9c64,2,2
5,SSCP-d64dcff058f5c124,2,2
5,SSCP-d7622b3cf0d6c6dd,2,2
5,SSCP-d787d7e185c04d36,2,2
5,SSCP-d79af7d97353dbe1,2,2
5,SSCP-d79ba25a7c076b7c,2,2
5,SSCP-d7d7cb6d8ec28b6c,2,2
5,SSCP-d7ef109384ec90f8,2,2
5,SSCP-d80b5131544810e2,2,2
5,SSCP-d82937b81cdc91d1,2,2
5,SSCP-d846c2ef7113a8c9,2,2
5,SSCP-d8571dfdae15dccd,2,2
5,SSCP-d8ec9431d4191470,2,2
5,SSCP-d8fb437d78b4509a,2,2
5,SSCP-d92361deded9a5e7,2,2
5,SSCP-d92dd04739b1a871,2,2
5,SSCP-d9344f539477717c,2,2
5,SSCP-d948e5ef16b3a1cb,2,2
5,SSCP-d979eacd2f1d3376,2,2
5,SSCP-d97d163137035811,2,2
5,SSCP-d97e31cbfcb3ac9e,2,2
5,SSCP-d9855b6bc4d50593,2,2
5,SSCP-d9a243f225fcbc09,2,2
5,SSCP-d9b4f2713419f088,2,2
5,SSCP-d9b7669f7f4a7b88,2,2
5,SSCP-d9fc8f01479f244c,2,2
5,SSCP-da3fe8d6efe6d077,2,2
5,SSCP-da54775fd262a1b2,2,2
5,SSCP-daadd723beef45bd,2,2
5,SSCP-dabdb80a9e49d9a3,2,2
5,SSCP-db56b0c479acfacb,2,2
5,SSCP-db73c9edb05c2a31,2,2
5,SSCP-dbd9040dc50b70ea,2,2
5,SSCP-dc54d618c2af7e07,2,2
5,SSCP-dc7eec55b61b56a6,2,2
5,SSCP-dc8f116eb38d5119,2,2
5,SSCP-dcb096137c7c8840,2,2
5,SSCP-dcc14b98b1211c00,2,2
5,SSCP-dcdae5832e6f2fb2,2,2
5,SSCP-dcdb8587837da06c,2,2
5,SSCP-dce905e2da9a6a2a,2,2
5,SSCP-dcf576a7c9326616,2,2
5,SSCP-dd15b8c80e15c790,2,2
5,SSCP-dd795d7b2874014b,2,2
5,SSCP-dd8ec10f3cf52a47,2,2
5,SSCP-ddb5d76b729cc5aa,2,2
5,SSCP-dde5d9a5ccdd9275,2,2
5,SSCP-de0681ef8b59e761,2,2
5,SSCP-de2d7cad4735fb0e,2,2
5,SSCP-de419e2feb06931c,2,2
5,SSCP-de4f0d72f7ff2508,2,2
5,SSCP-de792fe317a6ab5d,2,2
5,SSCP-debd807e797fb696,2,2
5,SSCP-dec9896ef1a9d434,2,2
5,SSCP-df0f7069fcda8166,2,2
5,SSCP-df1551d92452d376,2,2
5,SSCP-df3520251dcfcd0f,2,2
5,SSCP-df3a2e9f1bcdd426,2,2
5,SSCP-df42b46d8cacff77,2,2
5,SSCP-df7f01cb45e4597e,2,2
5,SSCP-dfdc688f7aca9e79,2,2
5,SSCP-dfdc9002404f68c1,2,2
5,SSCP-e02f5b40582d518f,2,2
5,SSCP-e03872d0c826f5f8,2,2
5,SSCP-e03ccafb022beba0,2,2
5,SSCP-e0677ab16778bb74,2,2
5,SSCP-e06e4a17daec1de8,2,2
5,SSCP-e07ddad74fe9f1f6,2,2
5,SSCP-e0967d3ecc24d649,2,2
5,SSCP-e0e389f64cac0805,2,2
5,SSCP-e0f2a32db50b4df3,2,2
5,SSCP-e124f8fde1311ed4,2,2
5,SSCP-e1487edd866f9eb0,2,2
5,SSCP-e14b3c40eff57836,2,2
5,SSCP-e16f4425bb3c2a7c,2,2
5,SSCP-e187c1aac4df28d3,2,2
5,SSCP-e1bb9b8b1c3a7aef,2,2
5,SSCP-e21432e77f3a4b75,2,2
5,SSCP-e2445277d9858d88,2,2
5,SSCP-e24cc5ecf3bf8bf6,2,2
5,SSCP-e25be8c8dab5d73d,2,2
5,SSCP-e296b72d472376ba,2,2
5,SSCP-e2ed8565043546b8,2,2
5,SSCP-e2f13cf8549a72cc,2,2
5,SSCP-e2f48312dfad9b80,2,2
5,SSCP-e344f6b203558a9f,2,2
5,SSCP-e35d014015bc53f9,2,2
5,SSCP-e3998734694134b4,2,2
5,SSCP-e39caa6b45c3b00a,2,2
5,SSCP-e424cf7448640560,2,2
5,SSCP-e46bc7bcfe09023a,2,2
5,SSCP-e48d32133bf84b06,2,2
5,SSCP-e4a10296b94dc1be,2,2
5,SSCP-e4c43945a6eff4a2,2,2
5,SSCP-e4e4f1885483a48f,2,2
5,SSCP-e4ed03d16211a155,2,2
5,SSCP-e4f82ae4226e3c8b,2,2
5,SSCP-e506010c6b99ceb4,2,2
5,SSCP-e5321e429070d5e8,2,2
5,SSCP-e54e1d6f460d5e4e,2,2
5,SSCP-e581e6d7a7ab90f0,2,2
5,SSCP-e5894b9d74dc9d4f,2,2
5,SSCP-e5d2b5231e3ac8ec,2,2
5,SSCP-e61c644d5fdeef20,2,2
5,SSCP-e662eda3fbd348ce,2,2
5,SSCP-e6809fbc821ef4ef,2,2
5,SSCP-e74a39f6a8a2acfa,2,2
5,SSCP-e78a4804dcada6e7,2,2
5,SSCP-e7c453a09120b26a,2,2
5,SSCP-e806d5c75900f10c,2,2
5,SSCP-e860ee4df46cc6d1,2,2
5,SSCP-e866a325c66c7a60,2,2
5,SSCP-e877ee0529545ea0,2,2
5,SSCP-e8941f5b32c28be2,2,2
5,SSCP-e90d9b70d53501de,2,2
5,SSCP-e96d3b33b601f3bc,2,2
5,SSCP-e96fc34668b8bee5,2,2
5,SSCP-e9b2af3d0546cb3c,2,2
5,SSCP-e9f238ab29e7a218,2,2
5,SSCP-ea1653bad3e9b117,2,2
5,SSCP-ea360add17f58efb,2,2
5,SSCP-ea7dc2e7c8255df2,2,2
5,SSCP-eaa15c7c973e0997,2,2
5,SSCP-eaf156cb0e8f4deb,2,2
5,SSCP-eb19c538414934ae,2,2
5,SSCP-eb419c599868652b,2,2
5,SSCP-ebd899bc4ba7955d,2,2
5,SSCP-ebf8aa409abae191,2,2
5,SSCP-ec339333cd5dab63,2,2
5,SSCP-ec74cbe09a81fd95,2,2
5,SSCP-ec7939fc05595bf8,2,2
5,SSCP-ecf19c15cb41a6d6,2,2
5,SSCP-ed0d954a7302d522,2,2
5,SSCP-ed1fd5e7755f06bd,2,2
5,SSCP-ed89a7a979b52d39,2,2
5,SSCP-edaef592bf2400f3,2,2
5,SSCP-edddc4b3939ed2e5,2,2
5,SSCP-edf69e8a3b14ca02,2,2
5,SSCP-ee2faaec72aed960,2,2
5,SSCP-ee3502256d7e2248,2,2
5,SSCP-ee44ccac2d7fe452,2,2
5,SSCP-ee5df92dd011784a,2,2
5,SSCP-ee7213a7b7bbfd54,2,2
5,SSCP-ee7b129a22158274,2,2
5,SSCP-ef0baf881043bedf,2,2
5,SSCP-ef244e6e5308c655,2,2
5,SSCP-ef4401133d09ec63,2,2
5,SSCP-ef65f48c947413ff,2,2
5,SSCP-ef71940a9396458b,2,2
5,SSCP-efa3e0abc3df3ba6,2,2
5,SSCP-efe843ac802c4935,2,2
5,SSCP-f02f77809442b27e,2,2
5,SSCP-f088706290a7fcb5,2,2
5,SSCP-f09068ec5e90f900,2,2
5,SSCP-f0aff5a4f6f78665,2,2
5,SSCP-f112729d800bc39f,2,2
5,SSCP-f12f722f06eecf87,2,2
5,SSCP-f1328d37a748e807,2,2
5,SSCP-f14044cc306b1e7f,2,2
5,SSCP-f15816e46f02bba6,2,2
5,SSCP-f1937067e3b0d51d,2,2
5,SSCP-f1e71466675f13ce,2,2
5,SSCP-f2153aa30e330e0d,2,2
5,SSCP-f24edd42d740139f,2,2
5,SSCP-f2504062b2f60c11,2,2
5,SSCP-f289f6740a730b45,2,2
5,SSCP-f2a0f80cdffaecdc,2,2
5,SSCP-f3025d9d9d13762a,2,2
5,SSCP-f326c2d8f6b4998f,2,2
5,SSCP-f3339c9ff14b36f3,2,2
5,SSCP-f36550c07c61a85d,2,2
5,SSCP-f3927c1f2e51540b,2,2
5,SSCP-f39bdb1106188a4d,2,2
5,SSCP-f3de08cbe2958ab3,2,2
5,SSCP-f40786de1433804e,2,2
5,SSCP-f412378034d56af3,2,2
5,SSCP-f43b047b7dce366d,2,2
5,SSCP-f44ee519864631c6,2,2
5,SSCP-f45915c488cfeb05,2,2
5,SSCP-f466a85a13ea6db0,2,2
5,SSCP-f4e41959aa8ef116,2,2
5,SSCP-f4ec3a1a5865da6b,2,2
5,SSCP-f4f90486180f9bc0,2,2
5,SSCP-f53b034798fb7231,2,2
5,SSCP-f542f6392cb5cdb4,2,2
5,SSCP-f56dcfd762086ed7,2,2
5,SSCP-f5a800a250bd18e3,2,2
5,SSCP-f5dbea11c032ddda,2,2
5,SSCP-f6b415c24159df36,2,2
5,SSCP-f6cd47f7a0419b6a,2,2
5,SSCP-f6d05c72b60e4935,2,2
5,SSCP-f74fa5ceb9c06187,2,2
5,SSCP-f75fb803d4559a10,2,2
5,SSCP-f7722d3f0ca11434,2,2
5,SSCP-f7bc5a72a72c94b9,2,2
5,SSCP-f7bfada75fb20f85,2,2
5,SSCP-f7c30d3cf7ae1e73,2,2
5,SSCP-f802ac3cf07918e6,2,2
5,SSCP-f814b2307650eb05,2,2
5,SSCP-f8510a7b38eaee15,2,2
5,SSCP-f8a90f916c97bdc2,2,2
5,SSCP-f8be70a9c2681225,2,2
5,SSCP-f8ca01f94c887ab2,2,2
5,SSCP-f8d30f6db46779ed,2,2
5,SSCP-f91a59ac221df27d,2,2
5,SSCP-f932ad8a30f81ae4,2,2
5,SSCP-f98160672246470f,2,2
5,SSCP-f98216f7aa82dd51,2,2
5,SSCP-f9ae266c789328d0,2,2
5,SSCP-f9b65e96cad4af95,2,2
5,SSCP-f9c250c19050a96c,2,2
5,SSCP-f9f45571673a55a4,2,2
5,SSCP-fa329f5a2f3defd6,2,2
5,SSCP-fa72722b2a78ebd5,2,2
5,SSCP-faf17df2598778ba,2,2
5,SSCP-fb0eb3be569d3c77,2,2
5,SSCP-fb793944815d702a,2,2
5,SSCP-fb7f50a7912b5a57,2,2
5,SSCP-fba7e71846c5e780,2,2
5,SSCP-fbb53ce1ffa7ed0b,2,2
5,SSCP-fbda882f4b21b1f2,2,2
5,SSCP-fbe1b67edac6886b,2,2
5,SSCP-fc198505fd66d13f,2,2
5,SSCP-fc24f121d0986d80,2,2
5,SSCP-fc301e86864e15a6,2,2
5,SSCP-fc3d5da41b318ec8,2,2
5,SSCP-fc528dbe189261ab,2,2
5,SSCP-fc5ff837806c1a91,2,2
5,SSCP-fc8a5a0fbd7da3ca,2,2
5,SSCP-fcd6baf39d5c7e25,2,2
5,SSCP-fcddf59388bcd8ae,2,2
5,SSCP-fd669bb5af423d43,2,2
5,SSCP-fd89d813c8fbdab8,2,2
5,SSCP-fdb548b77c3fe545,2,2
5,SSCP-fde513494e838b88,2,2
5,SSCP-fdfd70a526826ff4,2,2
5,SSCP-fdfdc3652da41037,2,2
5,SSCP-fe153cca556625b4,2,2
5,SSCP-fe17afa7d59b1be6,2,2
5,SSCP-fe1c6a7c6763027e,2,2
5,SSCP-fe5287c4dc2641df,2,2
5,SSCP-fea8c502c9ab80fe,2,2
5,SSCP-feabe02892b26097,2,2
5,SSCP-feedc6a6c65b638a,2,2
5,SSCP-ff1e9831385cbc05,2,2
5,SSCP-ff793736f6ea2fa4,2,2
5,SSCP-ff8976d045ec48d6,2,2
5,SSCP-fffaa7a600811aeb,2,2
5,SSCP-fffcb5ce849410de,2,2
5,SSCP-001eb19defd3cb75,3,3
5,SSCP-0030cbdba246c74b,3,3
5,SSCP-0035e4c65c3a8326,3,3
5,SSCP-00639ae7589904e1,3,3
5,SSCP-006d4798025f1716,3,3
5,SSCP-009c050c405aed8f,3,3
5,SSCP-00a6952fc5cbe87f,3,3
5,SSCP-00acade7e1578155,3,3
5,SSCP-00bf524e777ea7f3,3,3
5,SSCP-00dc5041633d3c58,3,3
5,SSCP-00e04b37389ab0c8,3,3
5,SSCP-00e95dd3d9c9ed38,3,3
5,SSCP-0107e9a8e73deef1,3,3
5,SSCP-01085871a3128d5c,3,3
5,SSCP-01386d32d5418ae5,3,3
5,SSCP-017f3d1881b66660,3,3
5,SSCP-018395cc70dcdaa1,3,3
5,SSCP-0193a902ed308a47,3,3
5,SSCP-01997338bc725ff9,3,3
5,SSCP-01b88f31b49794b3,3,3
5,SSCP-01f273fea93f26c0,3,3
5,SSCP-021f69b030f005b6,3,3
5,SSCP-0252fab4ed093076,3,3
5,SSCP-02ca21c6ace39bb1,3,3
5,SSCP-02fba89213f6f7ff,3,3
5,SSCP-0308621888e1ace4,3,3
5,SSCP-03088bb5d9c1c3bb,3,3
5,SSCP-0341c127a867cfdd,3,3
5,SSCP-035adacad34cdf6c,3,3
5,SSCP-036e45107e9001bb,3,3
5,SSCP-03732bbc7acbf849,3,3
5,SSCP-039f7337e1c43b8a,3,3
5,SSCP-03c5f24816fe8fc6,3,3
5,SSCP-03e23f6a5a7af88b,3,3
5,SSCP-03e86d23a8ddb28f,3,3
5,SSCP-03f8d8593846e670,3,3
5,SSCP-04ceeb53c793ecd2,3,3
5,SSCP-0513c4013f6024f3,3,3
5,SSCP-05166ae6edf0d214,3,3
5,SSCP-054a4492ae4fde6c,3,3
5,SSCP-05712368980007ec,3,3
5,SSCP-0583118cbe7f47c4,3,3
5,SSCP-05afb13936745902,3,3
5,SSCP-05c5d3c362a2d77a,3,3
5,SSCP-064343f11d014fe2,3,3
5,SSCP-066912a576819277,3,3
5,SSCP-06ac538da779ead4,3,3
5,SSCP-06eb1d03334f398a,3,3
5,SSCP-06ef392309351e2c,3,3
5,SSCP-07064da4d0184704,3,3
5,SSCP-07097bce15c5cf2b,3,3
5,SSCP-078053ca33452a49,3,3
5,SSCP-07b18188c849128a,3,3
5,SSCP-07f2e04b047f2c59,3,3
5,SSCP-07f5f5439fa0236a,3,3
5,SSCP-07fc2474747ac984,3,3
5,SSCP-080b1319ee323917,3,3
5,SSCP-08243742fe4ca631,3,3
5,SSCP-08583c51d0b145e8,3,3
5,SSCP-08858665b7b6a0c6,3,3
5,SSCP-08c0363a92a5befd,3,3
5,SSCP-08c2a6a0e6ca82dd,3,3
5,SSCP-08fee2625eabdea5,3,3
5,SSCP-091a508e5bd938ac,3,3
5,SSCP-092a5f60e0afc540,3,3
5,SSCP-0945ed5622f16164,3,3
5,SSCP-099ee237d0e34a84,3,3
5,SSCP-09b7204bca41ad28,3,3
5,SSCP-09dc274bf40dcb14,3,3
5,SSCP-0a9f445266757c4f,3,3
5,SSCP-0ad9ecae2c4c47da,3,3
5,SSCP-0af0edc75f0a961e,3,3
5,SSCP-0b391693c5e8119c,3,3
5,SSCP-0b9d125bbf39e92e,3,3
5,SSCP-0bb1d68c0442ef14,3,3
5,SSCP-0bb41cdcb1521a5d,3,3
5,SSCP-0bd4d0d475b51ea1,3,3
5,SSCP-0bedd597f85c2ba6,3,3
5,SSCP-0c21cf875f84fff8,3,3
5,SSCP-0c2e7bcec9e125fe,3,3
5,SSCP-0c4118fba5d8fab2,3,3
5,SSCP-0c5442df87bf5ba5,3,3
5,SSCP-0c872b4d79dbfbee,3,3
5,SSCP-0c9a60436dfdcafd,3,3
5,SSCP-0cb8edec4c13a28a,3,3
5,SSCP-0cbd5e158d14427a,3,3
5,SSCP-0ccc19700c6b7bc6,3,3
5,SSCP-0cdb9dfd3357498c,3,3
5,SSCP-0d47f3cb964eed24,3,3
5,SSCP-0d625eef7c9556c4,3,3
5,SSCP-0d6316dcbe2930b6,3,3
5,SSCP-0d81ea27f942667a,3,3
5,SSCP-0d8917410dad98f6,3,3
5,SSCP-0d89dea98528c160,3,3
5,SSCP-0da8a7bbc2f1efd2,3,3
5,SSCP-0dc3734e1fdc293e,3,3
5,SSCP-0dcc73633d4cc506,3,3
5,SSCP-0e5a1cfc3aec4b0d,3,3
5,SSCP-0f05e8e34827c829,3,3
5,SSCP-0f8f971f494a2c36,3,3
5,SSCP-0fca51197c13be2b,3,3
5,SSCP-1022edce5b0e276b,3,3
5,SSCP-102727651d252972,3,3
5,SSCP-1033b0389c933105,3,3
5,SSCP-10356a28321d9048,3,3
5,SSCP-10535378ab6b0cff,3,3
5,SSCP-10e89b435a78b69c,3,3
5,SSCP-1133396c96e67a88,3,3
5,SSCP-113be00eea03bc96,3,3
5,SSCP-113ca45ab879532f,3,3
5,SSCP-114c139695ddceb3,3,3
5,SSCP-115d840e8cb15011,3,3
5,SSCP-116d0d64a40f78bd,3,3
5,SSCP-11ec0a92ce50d9e1,3,3
5,SSCP-11fcb65679237b63,3,3
5,SSCP-12955a76eef9b9d4,3,3
5,SSCP-12b04fd90bc96ed6,3,3
5,SSCP-12eff7c1978604c7,3,3
5,SSCP-12f124966007b8a0,3,3
5,SSCP-12f56d9ab009731f,3,3
5,SSCP-1313f291e1f4dba9,3,3
5,SSCP-133c0d9fdb0848ee,3,3
5,SSCP-1350cdbd408aed7a,3,3
5,SSCP-137617d7497a7fb3,3,3
5,SSCP-13a73124b7518ef8,3,3
5,SSCP-13ccd2eb34d16ff8,3,3
5,SSCP-145fe8c61fd24cac,3,3
5,SSCP-14801e1272aab80b,3,3
5,SSCP-149969da5920b550,3,3
5,SSCP-14d5512ad86f4601,3,3
5,SSCP-14f673145c6964d9,3,3
5,SSCP-14fe3b108f313037,3,3
5,SSCP-153269d51d51bee6,3,3
5,SSCP-153a6326ebfe9531,3,3
5,SSCP-15e177c70ca49f2d,3,3
5,SSCP-15ea98f85a36a4b8,3,3
5,SSCP-1601e9664d9a97d5,3,3
5,SSCP-16053eae3d3270bc,3,3
5,SSCP-16136cc93c92a8da,3,3
5,SSCP-16262061109cad99,3,3
5,SSCP-162cb9003c7ddf6b,3,3
5,SSCP-1689fe7d08961677,3,3
5,SSCP-16e97318e3786de5,3,3
5,SSCP-171fd648987218f6,3,3
5,SSCP-176ae260f62c485e,3,3
5,SSCP-17e799f47b69445f,3,3
5,SSCP-17f0e5d65d0ef12f,3,3
5,SSCP-1848deb74f91a755,3,3
5,SSCP-184f9b15950cb375,3,3
5,SSCP-18908d435d828c49,3,3
5,SSCP-18c875d74c3a370f,3,3
5,SSCP-18c90e5ff410ff82,3,3
5,SSCP-18cddfccc47bde64,3,3
5,SSCP-18e96732e64f1e5d,3,3
5,SSCP-1923cd9b497f44f7,3,3
5,SSCP-19f1c4f7e86a571e,3,3
5,SSCP-1a474088c32c7d4f,3,3
5,SSCP-1a514ab989862518,3,3
5,SSCP-1a682e135a191741,3,3
5,SSCP-1a7278e879ea5806,3,3
5,SSCP-1aaf8e25fcb84657,3,3
5,SSCP-1ab6ffb5785a004a,3,3
5,SSCP-1aecc897def8f349,3,3
5,SSCP-1b5fc10c5d33261d,3,3
5,SSCP-1bb26062a64ed749,3,3
5,SSCP-1bb951d38dc20fe3,3,3
5,SSCP-1be427ae7d4c43ec,3,3
5,SSCP-1beca41bf9eebde8,3,3
5,SSCP-1bfc4a808e553642,3,3
5,SSCP-1c2367aee7c47068,3,3
5,SSCP-1c2aee0bacc41e1c,3,3
5,SSCP-1c459321e3de32c8,3,3
5,SSCP-1c511248eb5c0b5d,3,3
5,SSCP-1c8d4a1de5abc8e9,3,3
5,SSCP-1cf2cd43738a18cd,3,3
5,SSCP-1cf759fcf751f6b3,3,3
5,SSCP-1d53956f7450f058,3,3
5,SSCP-1da17ee9cbf04e4f,3,3
5,SSCP-1dbdba8aa2782a82,3,3
5,SSCP-1e00909de1d9c80e,3,3
5,SSCP-1e0c430215c3e7a9,3,3
5,SSCP-1e12fdb154503f73,3,3
5,SSCP-1e21c17bf7a55193,3,3
5,SSCP-1e25efc072fff295,3,3
5,SSCP-1e3c47af013876be,3,3
5,SSCP-1f0cb1315191e921,3,3
5,SSCP-1f1670a692f90ec6,3,3
5,SSCP-1f68061f4eb2c811,3,3
5,SSCP-1f8aa3252c77fc33,3,3
5,SSCP-1f8c01282b7f646e,3,3
5,SSCP-1f90771a34bd47bb,3,3
5,SSCP-1fb94957cd4ecc40,3,3
5,SSCP-1ff0ee765a7e1c44,3,3
5,SSCP-200151cd56667300,3,3
5,SSCP-2087272ecde4aac8,3,3
5,SSCP-20de642cf74a09b3,3,3
5,SSCP-20dfc672beb90510,3,3
5,SSCP-20efda7dfda91a39,3,3
5,SSCP-20f285a14493bde7,3,3
5,SSCP-2135840ba8c26ce9,3,3
5,SSCP-214f363ac58b00e0,3,3
5,SSCP-216e08e214f9396d,3,3
5,SSCP-218f30714c939d48,3,3
5,SSCP-21a7b4c30fd82462,3,3
5,SSCP-21b0c6d7206cc71d,3,3
5,SSCP-21d7fdd24186b4ca,3,3
5,SSCP-21fa2f2218eacb60,3,3
5,SSCP-2233d7df3f6b3c6d,3,3
5,SSCP-227746540739a0a0,3,3
5,SSCP-230c9f7ea887a703,3,3
5,SSCP-2326efb1f8aac18a,3,3
5,SSCP-2336c2a01c037a08,3,3
5,SSCP-235244c57291bc76,3,3
5,SSCP-237f3c4f13b2d287,3,3
5,SSCP-23885b93b3a73e96,3,3
5,SSCP-243954445eb2ee1a,3,3
5,SSCP-248d72e9e5b93719,3,3
5,SSCP-24dd688985743ecb,3,3
5,SSCP-24feaa54fe4d4403,3,3
5,SSCP-252c309e2db80377,3,3
5,SSCP-254b25ff8f63c885,3,3
5,SSCP-255899760428603c,3,3
5,SSCP-25607f0e658030cd,3,3
5,SSCP-2562fad61ee1aab7,3,3
5,SSCP-25e1c81c437d252f,3,3
5,SSCP-260e82a24fb942cc,3,3
5,SSCP-261db7d6a8c0bc54,3,3
5,SSCP-264fec38b9312475,3,3
5,SSCP-267fdb7d89d1fcda,3,3
5,SSCP-26eb41b4b447b2b7,3,3
5,SSCP-2756df9576223888,3,3
5,SSCP-27ceba546c5076b1,3,3
5,SSCP-27fb46c40435deef,3,3
5,SSCP-28444463d17eaff5,3,3
5,SSCP-287b053968b847ea,3,3
5,SSCP-287e65dd3e0129b7,3,3
5,SSCP-288769dd69171de1,3,3
5,SSCP-289829f4101cd620,3,3
5,SSCP-28bf78422a3e1788,3,3
5,SSCP-28ca51d25f5fe684,3,3
5,SSCP-28cf39bac48366ee,3,3
5,SSCP-28dc669d547bdb82,3,3
5,SSCP-28e03c68009a8d65,3,3
5,SSCP-28f8756c3a309d2d,3,3
5,SSCP-28fa68cc5eb8f331,3,3
5,SSCP-292e8f38b256033b,3,3
5,SSCP-2942db1358a02575,3,3
5,SSCP-2976911e37d1d667,3,3
5,SSCP-298361b028ef6202,3,3
5,SSCP-29a7440848239782,3,3
5,SSCP-29ee74c1148c2db2,3,3
5,SSCP-2a0e6dc85b13b357,3,3
5,SSCP-2a2edf2876b5cef1,3,3
5,SSCP-2a5443421584becd,3,3
5,SSCP-2a987dfeac5b82ec,3,3
5,SSCP-2aa3f6146aade2ec,3,3
5,SSCP-2ac0e563f89236e4,3,3
5,SSCP-2af74367313aacef,3,3
5,SSCP-2b13790aa97878d4,3,3
5,SSCP-2b22b0cab903cc39,3,3
5,SSCP-2b343d8f9327be80,3,3
5,SSCP-2b4fb9c2064d7894,3,3
5,SSCP-2b515cf7f82ac253,3,3
5,SSCP-2ba0ea1b9c0e2bac,3,3
5,SSCP-2bb74674dd2390dc,3,3
5,SSCP-2be455125ffae282,3,3
5,SSCP-2c2f69a2920e9848,3,3
5,SSCP-2ca15c66631974fd,3,3
5,SSCP-2cdaef2639125111,3,3
5,SSCP-2d97627e0c58b7fe,3,3
5,SSCP-2d9f66f60ca31781,3,3
5,SSCP-2dbd5995f7680e10,3,3
5,SSCP-2ddf62b0a54614cd,3,3
5,SSCP-2e5fb87b076ede60,3,3
5,SSCP-2ebcd34794406155,3,3
5,SSCP-2f6a8710ebc0e3f8,3,3
5,SSCP-2f9331b5d737a8a1,3,3
5,SSCP-2fc636f6c2fc2697,3,3
5,SSCP-2fd04bb8c974b578,3,3
5,SSCP-305e14e7fb23bc7a,3,3
5,SSCP-30805901f9db2c9e,3,3
5,SSCP-3098c05f01f28948,3,3
5,SSCP-309a371802643ed9,3,3
5,SSCP-309dcbde4e007ace,3,3
5,SSCP-30a3f8e976a8963b,3,3
5,SSCP-30b7bedd44280221,3,3
5,SSCP-30db7fed73624441,3,3
5,SSCP-31171d7e8771795f,3,3
5,SSCP-313cc04ac514c57b,3,3
5,SSCP-3150256f605e5454,3,3
5,SSCP-318340086c52f697,3,3
5,SSCP-318fdd7163c8d266,3,3
5,SSCP-31d624f6c741cebf,3,3
5,SSCP-31fbdd543aa58085,3,3
5,SSCP-323af9dead527660,3,3
5,SSCP-32513796a0e0ef86,3,3
5,SSCP-3270aaeb9758c04c,3,3
5,SSCP-32d63313092b1c7d,3,3
5,SSCP-332fc94e4074a6f4,3,3
5,SSCP-335fdb1cb362d49c,3,3
5,SSCP-336416c5fd9ad770,3,3
5,SSCP-33853c203497b963,3,3
5,SSCP-3387adb5793a7cd6,3,3
5,SSCP-3393e1adb9b73e18,3,3
5,SSCP-339f1a2d960ca492,3,3
5,SSCP-33a52bcfeef158d7,3,3
5,SSCP-33d07a39c48fc575,3,3
5,SSCP-343dbb167eb379c4,3,3
5,SSCP-3506f28f9132707a,3,3
5,SSCP-350a865b93e8f280,3,3
5,SSCP-352fcc4a7d2d3506,3,3
5,SSCP-35303fd1ccea70c9,3,3
5,SSCP-35d8fba277a88d28,3,3
5,SSCP-368aa099adb6045e,3,3
5,SSCP-36c8488b11924198,3,3
5,SSCP-37470b6733a2bc8c,3,3
5,SSCP-37af6ad4b659ab09,3,3
5,SSCP-38beb93fa9fc5763,3,3
5,SSCP-38f7e0e5f2a31696,3,3
5,SSCP-39b39a92c834e07d,3,3
5,SSCP-39d3f78e5be17d3c,3,3
5,SSCP-39fd5815cf77fa0c,3,3
5,SSCP-3a5033601261265c,3,3
5,SSCP-3a9743e58ab49cb2,3,3
5,SSCP-3aa558f567373a87,3,3
5,SSCP-3aa74178172dce8f,3,3
5,SSCP-3aaa0b55f9daf4c7,3,3
5,SSCP-3aaa719dbbffa30f,3,3
5,SSCP-3ad3c99c5b300f9c,3,3
5,SSCP-3adfe346b8f11725,3,3
5,SSCP-3b1b8e80fd98587f,3,3
5,SSCP-3b32122825bada60,3,3
5,SSCP-3b5d560ee2e0ff27,3,3
5,SSCP-3b6ac516d0eccd8a,3,3
5,SSCP-3bd429ee035c8d3a,3,3
5,SSCP-3bf0a806a820b7c1,3,3
5,SSCP-3c23802ed117b87c,3,3
5,SSCP-3c2c9199c75ac847,3,3
5,SSCP-3c3d32ea84d855b7,3,3
5,SSCP-3cd8da1dc0a7fcde,3,3
5,SSCP-3d49673adbbe3baa,3,3
5,SSCP-3d762c9242fc81f0,3,3
5,SSCP-3d8b49aff88fdf9b,3,3
5,SSCP-3d90edbbb1ea9612,3,3
5,SSCP-3da02608c2d8c8f2,3,3
5,SSCP-3e97ed03edf2ec45,3,3
5,SSCP-3eb7f397bc8e3fea,3,3
5,SSCP-3f147a3ac0a24674,3,3
5,SSCP-3f1afa7babd30f80,3,3
5,SSCP-3f45413e9679bdd6,3,3
5,SSCP-3f7d1bcdb01c25c6,3,3
5,SSCP-3f83855499c6ef89,3,3
5,SSCP-3fa88e59825ae80e,3,3
5,SSCP-3fd71f5e7d10321b,3,3
5,SSCP-40457d3750812687,3,3
5,SSCP-408657e92229bae2,3,3
5,SSCP-410d13fe33ddc307,3,3
5,SSCP-415179dbbb8ddc9a,3,3
5,SSCP-4180bf73882e79db,3,3
5,SSCP-421c5d72644c7257,3,3
5,SSCP-4226e28110ae9530,3,3
5,SSCP-42602f512134d7b9,3,3
5,SSCP-42a8ba89588e9fb3,3,3
5,SSCP-42d39d095b476690,3,3
5,SSCP-42f42ff2dc62a79a,3,3
5,SSCP-435340d4340d28f6,3,3
5,SSCP-438e07410ad2cdf9,3,3
5,SSCP-43cd09d029c282d3,3,3
5,SSCP-43ebf3bf9d76699f,3,3
5,SSCP-43f07969bc8ffbb3,3,3
5,SSCP-441a038183d1c362,3,3
5,SSCP-4445666bf4843c6f,3,3
5,SSCP-44a1b9755bdb513d,3,3
5,SSCP-44b6c29450b36a1d,3,3
5,SSCP-44d671083e8c8c92,3,3
5,SSCP-4523a2ab5c2acf64,3,3
5,SSCP-4575486571ac0155,3,3
5,SSCP-457f0ecb477caca1,3,3
5,SSCP-4596463d9d153b17,3,3
5,SSCP-45a11c2600d332f7,3,3
5,SSCP-45c47b2adf1952da,3,3
5,SSCP-45d1652ad6f74774,3,3
5,SSCP-4625eabe32deee83,3,3
5,SSCP-464dae289258d651,3,3
5,SSCP-4664ad2ef902dec5,3,3
5,SSCP-4678426f61d7bd6b,3,3
5,SSCP-46ae8e32c2c02c00,3,3
5,SSCP-46b668bf0240c78d,3,3
5,SSCP-472c3c0bea47f703,3,3
5,SSCP-4731bad27910a0e9,3,3
5,SSCP-475fd8d719a10c81,3,3
5,SSCP-4775c3ec2510d2e0,3,3
5,SSCP-47817dd98e3ec67c,3,3
5,SSCP-4784a78f8b6c8290,3,3
5,SSCP-478e1956c04be3cc,3,3
5,SSCP-47e7048e09ce88c6,3,3
5,SSCP-48652d706f6cb23b,3,3
5,SSCP-4915f91fed2952a4,3,3
5,SSCP-492120fc074424be,3,3
5,SSCP-49288a8756f22d8a,3,3
5,SSCP-493419552dc711fa,3,3
5,SSCP-4941eb00ba39844d,3,3
5,SSCP-49429fa206059e56,3,3
5,SSCP-4963e927648e6fd3,3,3
5,SSCP-4972df665fe27a87,3,3
5,SSCP-498095d1af8ea966,3,3
5,SSCP-49af0eb6665b9f93,3,3
5,SSCP-4a06803f5a4653e8,3,3
5,SSCP-4a1b8f5db1536e94,3,3
5,SSCP-4a1e5c5bfc8ab7d4,3,3
5,SSCP-4a4a878e51005ca4,3,3
5,SSCP-4b1cc4e460fa33aa,3,3
5,SSCP-4bb8835f217a639b,3,3
5,SSCP-4bd48f96c9fe603b,3,3
5,SSCP-4bed83c74ef7c6c6,3,3
5,SSCP-4c1de0e7e6490f8b,3,3
5,SSCP-4c1f5f8cce76b2fe,3,3
5,SSCP-4c5a922c253731af,3,3
5,SSCP-4cd939a924b592f5,3,3
5,SSCP-4d3d198570922bc7,3,3
5,SSCP-4d3db9292be6f439,3,3
5,SSCP-4d6ac799599e25ed,3,3
5,SSCP-4d8dad95bd9eabc9,3,3
5,SSCP-4da2a47fe63c6856,3,3
5,SSCP-4dfcd48d5e221ac9,3,3
5,SSCP-4e26474aa6f4cf02,3,3
5,SSCP-4e294de0ecc03a19,3,3
5,SSCP-4e3879070bc51c94,3,3
5,SSCP-4e3f3ebb00173be7,3,3
5,SSCP-4eb571eb2702390a,3,3
5,SSCP-4f214dbe0886f857,3,3
5,SSCP-4f2ac6ddc60ca091,3,3
5,SSCP-4f8e62895a54494b,3,3
5,SSCP-4f91128ea0cc12e4,3,3
5,SSCP-4f944a4f50b568eb,3,3
5,SSCP-4fa3dae6a40f69ef,3,3
5,SSCP-4facc48fc97cccf4,3,3
5,SSCP-4fd6d829fc58d5ed,3,3
5,SSCP-4fdda3cbaecd161d,3,3
5,SSCP-4fdf81f5a25113da,3,3
5,SSCP-4fe0e23479210a38,3,3
5,SSCP-4ffa3075ca6a0ea6,3,3
5,SSCP-501572cf7cabc5a5,3,3
5,SSCP-501cbf81868154c6,3,3
5,SSCP-503d98d51b157d24,3,3
5,SSCP-5163b2eedce1b660,3,3
5,SSCP-51eab8131d03f4f2,3,3
5,SSCP-5208a0c4ee3b53b5,3,3
5,SSCP-52fcc2fe8f2487a9,3,3
5,SSCP-5353220f958ec1a2,3,3
5,SSCP-538ac6457c79e2a5,3,3
5,SSCP-539a698fe38ea588,3,3
5,SSCP-539f26d55658cf97,3,3
5,SSCP-53ed065fab0622b5,3,3
5,SSCP-53f7decada88f06a,3,3
5,SSCP-5445c671acaf49c9,3,3
5,SSCP-547d5a9beebfd7c2,3,3
5,SSCP-54a04a2a95a79598,3,3
5,SSCP-54d652a7d44de793,3,3
5,SSCP-550a16e1db08b1e4,3,3
5,SSCP-5515dbbf5c41ce74,3,3
5,SSCP-551b5d420a31fd41,3,3
5,SSCP-5528d99a80642384,3,3
5,SSCP-553430d82b09f7ff,3,3
5,SSCP-557ef8e2394b2aa7,3,3
5,SSCP-5592278e9f2ef340,3,3
5,SSCP-55a9745a34c20f4b,3,3
5,SSCP-55c93f28758cb1c0,3,3
5,SSCP-55f640e37603a361,3,3
5,SSCP-561cd171f1c77438,3,3
5,SSCP-5620173486b704f7,3,3
5,SSCP-563dfe2281656f23,3,3
5,SSCP-569dd35d8528e95c,3,3
5,SSCP-5718e765e672eeb8,3,3
5,SSCP-5771352555f7f37c,3,3
5,SSCP-578b7ef60dc21c7c,3,3
5,SSCP-57a5e40985689da7,3,3
5,SSCP-584390268f0d30e2,3,3
5,SSCP-588ba3f0a789961f,3,3
5,SSCP-58c1848805046e8d,3,3
5,SSCP-58f9c3b2f2aa1937,3,3
5,SSCP-590e1cefa644411c,3,3
5,SSCP-5913e3ebf013ebd7,3,3
5,SSCP-5997ccd01b1f6be1,3,3
5,SSCP-59a059afdd492704,3,3
5,SSCP-59e9e1226a923867,3,3
5,SSCP-5a0b7ffb2397f20f,3,3
5,SSCP-5a0e4452696903fb,3,3
5,SSCP-5a21161256d4687f,3,3
5,SSCP-5ab6da75ed6eea99,3,3
5,SSCP-5ae3403d2ac9497f,3,3
5,SSCP-5af61cd3cfa41f36,3,3
5,SSCP-5afd139acdf9f6d2,3,3
5,SSCP-5b1baebcd4f5d92f,3,3
5,SSCP-5baf9c85ec6836c5,3,3
5,SSCP-5bb4dd6287acb6e2,3,3
5,SSCP-5be15cd72d93122b,3,3
5,SSCP-5becdb7caaaa6f6e,3,3
5,SSCP-5bed57e481076146,3,3
5,SSCP-5c00c53612130116,3,3
5,SSCP-5c24f53bb778d73c,3,3
5,SSCP-5c34f8b6fceac028,3,3
5,SSCP-5c504530229604f5,3,3
5,SSCP-5c5624d9bbe0c433,3,3
5,SSCP-5c9d270bd4f6f0b2,3,3
5,SSCP-5ccb419450d54c2a,3,3
5,SSCP-5ccf9b4c45d518ef,3,3
5,SSCP-5cded527a88e6a79,3,3
5,SSCP-5cfb578f5606aecc,3,3
5,SSCP-5d068cb357ddda84,3,3
5,SSCP-5d110ddf62d74b22,3,3
5,SSCP-5d41c4fb7ca70a9c,3,3
5,SSCP-5d895ac42fdc8ed0,3,3
5,SSCP-5db03960bc00a497,3,3
5,SSCP-5de31198de05497e,3,3
5,SSCP-5e0488bd3912363a,3,3
5,SSCP-5e43f63b3982dcb4,3,3
5,SSCP-5eba7fea8f8eca16,3,3
5,SSCP-5eef44956a3cbe0c,3,3
5,SSCP-5fae00e1d1b9a1c5,3,3
5,SSCP-5fd2e9bf45f6476d,3,3
5,SSCP-5feaa106613fc2fa,3,3
5,SSCP-603eb49e08bb665a,3,3
5,SSCP-6064251118ae7be0,3,3
5,SSCP-606d950eac139e99,3,3
5,SSCP-60a43d1c7e3bfe7d,3,3
5,SSCP-60fa46874e6160db,3,3
5,SSCP-613c9f19489ad457,3,3
5,SSCP-6161b8440a61431c,3,3
5,SSCP-6189d0981366e989,3,3
5,SSCP-626ef1015ce22a2d,3,3
5,SSCP-62a8cf79f1921884,3,3
5,SSCP-62b17976d69339f5,3,3
5,SSCP-62b53ad997e7c75c,3,3
5,SSCP-62df807482ba29bd,3,3
5,SSCP-6302ecb9eddb7dfa,3,3
5,SSCP-630556a197b54d30,3,3
5,SSCP-63154382386eab5f,3,3
5,SSCP-633b899f48f22ff9,3,3
5,SSCP-634e8880c72474c2,3,3
5,SSCP-635cb1a2d31246bc,3,3
5,SSCP-6373c40f63e37e5d,3,3
5,SSCP-6385149e1b9b081b,3,3
5,SSCP-63879fc3baab7730,3,3
5,SSCP-638e30e9cc699cf4,3,3
5,SSCP-63e93a460f11efa1,3,3
5,SSCP-6430251cc5371d25,3,3
5,SSCP-6483480393e8c0bb,3,3
5,SSCP-64c6d07684bc625a,3,3
5,SSCP-6557716e76ae5365,3,3
5,SSCP-655840011e6f5be7,3,3
5,SSCP-65cc4a10e1a91bf0,3,3
5,SSCP-65f6e694d2d21d98,3,3
5,SSCP-662f4acf535c1883,3,3
5,SSCP-66420df55d2dfc3e,3,3
5,SSCP-66b2edd8d89d0b06,3,3
5,SSCP-66cd103a486fd15c,3,3
5,SSCP-66ee51993f380c2d,3,3
5,SSCP-672ded41b1cd2d0a,3,3
5,SSCP-674ee9fbc03cb076,3,3
5,SSCP-6770f50e7a200174,3,3
5,SSCP-67ba31f3365acce7,3,3
5,SSCP-67ce854cb79ff867,3,3
5,SSCP-67dbe0e8d0c0ca21,3,3
5,SSCP-68453d7b2b543808,3,3
5,SSCP-68bbe39880856c7e,3,3
5,SSCP-68db4484f89802c5,3,3
5,SSCP-68dd53621f6ddadc,3,3
5,SSCP-68e4c5bb24e53b62,3,3
5,SSCP-68eae66155250596,3,3
5,SSCP-68f233e4ec79980b,3,3
5,SSCP-691d6c05b3d1192b,3,3
5,SSCP-692c6fb69626354b,3,3
5,SSCP-694073c6acf1158b,3,3
5,SSCP-6947da72bac2811e,3,3
5,SSCP-69c251e07b0001dc,3,3
5,SSCP-6a35a94f9542c136,3,3
5,SSCP-6aac45c15f829525,3,3
5,SSCP-6ac4528e5a88d277,3,3
5,SSCP-6acc308d85a13a58,3,3
5,SSCP-6adec8dc34b51da5,3,3
5,SSCP-6ae6a482115a6582,3,3
5,SSCP-6ae788474da38c48,3,3
5,SSCP-6afb2f9a477c7f53,3,3
5,SSCP-6aff493f0ab35b85,3,3
5,SSCP-6b0b48a7f4c2f854,3,3
5,SSCP-6b6fcebbc1bf7824,3,3
5,SSCP-6ba06797a9646853,3,3
5,SSCP-6bbc7d5813ef6649,3,3
5,SSCP-6bcfac69ca15b0f0,3,3
5,SSCP-6c053cdd9f35e63a,3,3
5,SSCP-6c74efa2f336d316,3,3
5,SSCP-6ca0e122230cd3b2,3,3
5,SSCP-6ca5dc332d9b88ec,3,3
5,SSCP-6cc89c77a35e7a6b,3,3
5,SSCP-6ccc70a4f6571beb,3,3
5,SSCP-6d316342ac50d095,3,3
5,SSCP-6d40ec813359c348,3,3
5,SSCP-6d7f46e43f02481c,3,3
5,SSCP-6d9623b29e0362a1,3,3
5,SSCP-6def5e01c02d799d,3,3
5,SSCP-6e2177a8b39450d4,3,3
5,SSCP-6e3da6836ac1dd88,3,3
5,SSCP-6e6d46e272fd5f30,3,3
5,SSCP-6e76883edcc4242a,3,3
5,SSCP-6ea0c4b572cd64e6,3,3
5,SSCP-6ed770672eee839e,3,3
5,SSCP-6f4918ef63a39cb0,3,3
5,SSCP-6f5363aecdc04e82,3,3
5,SSCP-6f6f5c88923f4b63,3,3
5,SSCP-7077bd119ece6e1a,3,3
5,SSCP-7079ae24e562ea1c,3,3
5,SSCP-707f43d0a08ef1ef,3,3
5,SSCP-7091f3fe546d9862,3,3
5,SSCP-70aefb6cf458c346,3,3
5,SSCP-70e6b4976bd0fd59,3,3
5,SSCP-70e9dfb9e440cac6,3,3
5,SSCP-716b90e41f98c86f,3,3
5,SSCP-719393cc85069020,3,3
5,SSCP-71a18ad6dee65a6e,3,3
5,SSCP-71bcca6d04e16aef,3,3
5,SSCP-71d210b5c14ec30b,3,3
5,SSCP-71ef8f726da40cec,3,3
5,SSCP-71f4c151f81175be,3,3
5,SSCP-721d2960c06fd49b,3,3
5,SSCP-7222eab2b27d4e24,3,3
5,SSCP-72ac71a18d20ad21,3,3
5,SSCP-72b12cf52d3043cd,3,3
5,SSCP-739a994451f39e84,3,3
5,SSCP-73a8a2d5efc5aff1,3,3
5,SSCP-73da21688f4544c4,3,3
5,SSCP-7430f5a1fd5d30d3,3,3
5,SSCP-744a34952a26f0fa,3,3
5,SSCP-74730292de497184,3,3
5,SSCP-7498b93ac8c910b1,3,3
5,SSCP-74aeea97bc84a795,3,3
5,SSCP-74e2513f73f8fec9,3,3
5,SSCP-74f34aa2731e5e0c,3,3
5,SSCP-74f54fc8acbbee1a,3,3
5,SSCP-7502462fd7df7ad7,3,3
5,SSCP-754c01374141fe11,3,3
5,SSCP-7588e59dab4e8aa2,3,3
5,SSCP-7590a4398b9f0175,3,3
5,SSCP-75bc19bc6bafd904,3,3
5,SSCP-75e891b9b34a61ff,3,3
5,SSCP-75edeff968837ac9,3,3
5,SSCP-7618b036ad7fb772,3,3
5,SSCP-766d0d6f877f0c00,3,3
5,SSCP-7680e1ff0ab6421a,3,3
5,SSCP-76e8ad68c90502a6,3,3
5,SSCP-77058fa5de6232eb,3,3
5,SSCP-7735c225ac9b20f3,3,3
5,SSCP-77886676d44e7a83,3,3
5,SSCP-77b1f4ad98351157,3,3
5,SSCP-77d7eeb2731f0000,3,3
5,SSCP-77e05897e760f138,3,3
5,SSCP-77fa7ffd593401c9,3,3
5,SSCP-7814ad97ed2a30a7,3,3
5,SSCP-7839eaf6ea6b3b16,3,3
5,SSCP-78575bb313c0da67,3,3
5,SSCP-786f855766faf931,3,3
5,SSCP-7876011b198548a6,3,3
5,SSCP-792b80c92bc31150,3,3
5,SSCP-7961977ee1000b23,3,3
5,SSCP-796e0eff7bd18357,3,3
5,SSCP-799d9ac2b85c5822,3,3
5,SSCP-79a9620666c06c9e,3,3
5,SSCP-79acb94b9611f727,3,3
5,SSCP-79b956a2b9714b27,3,3
5,SSCP-79ccaaff78e02e9b,3,3
5,SSCP-79cd22bcd9afe615,3,3
5,SSCP-7a56cf3b993fccbb,3,3
5,SSCP-7a5b399046aa66d3,3,3
5,SSCP-7ac2033dbc21a566,3,3
5,SSCP-7acc795c19bbd91d,3,3
5,SSCP-7b21d37a57c5d50b,3,3
5,SSCP-7b7a823d56112417,3,3
5,SSCP-7b81c1cef319f07e,3,3
5,SSCP-7ba1365041f4b6a8,3,3
5,SSCP-7c64a4f84156aab6,3,3
5,SSCP-7c6637752364063c,3,3
5,SSCP-7c95945933290fb6,3,3
5,SSCP-7c9fe7baca99adb3,3,3
5,SSCP-7d3842058e157749,3,3
5,SSCP-7d44e3322b34bfb7,3,3
5,SSCP-7d475edfc7e3e018,3,3
5,SSCP-7d877dae360456c1,3,3
5,SSCP-7d899ff19b560c82,3,3
5,SSCP-7d9af49a62409b08,3,3
5,SSCP-7dc3ebcd84eccaa7,3,3
5,SSCP-7e0c5141fb6968fa,3,3
5,SSCP-7e1d720b8b92bf07,3,3
5,SSCP-7e5e7bdb069d9045,3,3
5,SSCP-7eb1c6a62621767c,3,3
5,SSCP-7ef79a2dcb2ba48f,3,3
5,SSCP-7f259975f7536cd4,3,3
5,SSCP-7f528ab0500a5d58,3,3
5,SSCP-7faede657e065d24,3,3
5,SSCP-7ffc24795aa7b5a9,3,3
5,SSCP-8006018dd53c2e56,3,3
5,SSCP-801732f18d3bfe04,3,3
5,SSCP-805f2d1a89bd42a8,3,3
5,SSCP-807c1e79c64c7c19,3,3
5,SSCP-80b86a3834c224be,3,3
5,SSCP-811e6064066ccf4b,3,3
5,SSCP-813e27a936e9b140,3,3
5,SSCP-8179514c32d06cb5,3,3
5,SSCP-81c985325bc06beb,3,3
5,SSCP-81d9322531a48666,3,3
5,SSCP-81eb85ff08f13097,3,3
5,SSCP-81ed02a2120cabee,3,3
5,SSCP-82332675051df493,3,3
5,SSCP-8266b1acf3779811,3,3
5,SSCP-826e575d8e93a63a,3,3
5,SSCP-82a8dce31ed950a5,3,3
5,SSCP-82eb7425d89a0e55,3,3
5,SSCP-83346a79d02396fc,3,3
5,SSCP-83b2fd950ca6d1ea,3,3
5,SSCP-840f02ac8a4cda89,3,3
5,SSCP-84347aecd6b8e079,3,3
5,SSCP-8475024ce544af32,3,3
5,SSCP-84a01e8f48388545,3,3
5,SSCP-84a0d459588ba09a,3,3
5,SSCP-84e6b8effbd7260c,3,3
5,SSCP-84f072b5abcd821e,3,3
5,SSCP-854726eeae4cb668,3,3
5,SSCP-855eeda5216e0f61,3,3
5,SSCP-85633d99cfaa2a78,3,3
5,SSCP-856e761eb37e9310,3,3
5,SSCP-85ab437bc917c15b,3,3
5,SSCP-85ce830f3c47952b,3,3
5,SSCP-86429d68117f3b53,3,3
5,SSCP-8665b554888db6cf,3,3
5,SSCP-8687fc07b40c039c,3,3
5,SSCP-86b2ec975326a421,3,3
5,SSCP-873e958ebef36419,3,3
5,SSCP-87d6f03a4a2c6c0e,3,3
5,SSCP-87fdf918849736d8,3,3
5,SSCP-8845b05dac7535b2,3,3
5,SSCP-888c2e75ee0af125,3,3
5,SSCP-88ad3553a08cc184,3,3
5,SSCP-88af56309f5d363c,3,3
5,SSCP-88d9ece2cc9342e2,3,3
5,SSCP-88fd64d6f5906be1,3,3
5,SSCP-89e8420b3d26f923,3,3
5,SSCP-8a0b3f99b47b1ba0,3,3
5,SSCP-8ac6599e6a806e11,3,3
5,SSCP-8ac74a5e19075aff,3,3
5,SSCP-8adc945cf4f5ad93,3,3
5,SSCP-8ae45133e3762247,3,3
5,SSCP-8af70fa4350bb176,3,3
5,SSCP-8b0ac28a9df8e684,3,3
5,SSCP-8b120bd05e6fb175,3,3
5,SSCP-8b13f8c7faa0365f,3,3
5,SSCP-8b34ecbe89c7410c,3,3
5,SSCP-8b68b61400337eac,3,3
5,SSCP-8b75f4a009fcba39,3,3
5,SSCP-8b840e32d7f5d934,3,3
5,SSCP-8bc04c8569d92b3d,3,3
5,SSCP-8bd9b32511292f19,3,3
5,SSCP-8c08ae3770800a6c,3,3
5,SSCP-8c7979d0ec931dfa,3,3
5,SSCP-8c9920152c5a558b,3,3
5,SSCP-8c99a842dec28551,3,3
5,SSCP-8ca33c0c02732b8b,3,3
5,SSCP-8ca7bdb5c4580086,3,3
5,SSCP-8cb15d3d9114ae51,3,3
5,SSCP-8cf5282a85d92f72,3,3
5,SSCP-8cfe70e3b37281ab,3,3
5,SSCP-8d0882cacf834371,3,3
5,SSCP-8d5a09ccce0e5e8e,3,3
5,SSCP-8d72c6fc0407300f,3,3
5,SSCP-8da719d4b30623a1,3,3
5,SSCP-8def514f3b440bde,3,3
5,SSCP-8e4aa62cbce581a5,3,3
5,SSCP-8e5048fe7539060e,3,3
5,SSCP-8eab2c147bfc6f9e,3,3
5,SSCP-8ed3791f740e6783,3,3
5,SSCP-8f8c12f42a5203ef,3,3
5,SSCP-8f97b08ef6f7d04f,3,3
5,SSCP-8f97f434bc2b6f4e,3,3
5,SSCP-8fad15e0086a6182,3,3
5,SSCP-8fbecb18173d1be4,3,3
5,SSCP-8fcf066662e4581a,3,3
5,SSCP-90195965a83590b8,3,3
5,SSCP-9072cbbbb9271e07,3,3
5,SSCP-90851cbeb8f70cad,3,3
5,SSCP-90a14e0a5b21e8e4,3,3
5,SSCP-910e5124f37a614a,3,3
5,SSCP-913296ebf4fd76bd,3,3
5,SSCP-92064160e999c2f3,3,3
5,SSCP-921f07c2439c92bf,3,3
5,SSCP-9231e03984b0c9b1,3,3
5,SSCP-92825fe1b876c03e,3,3
5,SSCP-92d886906139d5ac,3,3
5,SSCP-94118b77aea4e381,3,3
5,SSCP-94e30d09c8c4e33b,3,3
5,SSCP-952edcee45993c13,3,3
5,SSCP-95632e43a2773774,3,3
5,SSCP-957dcdb2e6673628,3,3
5,SSCP-95a6d12c9f68ad74,3,3
5,SSCP-95bf7d5159b44fe6,3,3
5,SSCP-95f4e991e00d3db2,3,3
5,SSCP-963552f736678a5d,3,3
5,SSCP-963eba05fc0c4758,3,3
5,SSCP-9642aba802a755b2,3,3
5,SSCP-9649309604adef81,3,3
5,SSCP-970b3b40af8e644a,3,3
5,SSCP-972170a386b1c55c,3,3
5,SSCP-97219cd72c704f9b,3,3
5,SSCP-97589bbf077fa17c,3,3
5,SSCP-975cd27e1dda9556,3,3
5,SSCP-9771c44a7ba13985,3,3
5,SSCP-978ceb458f76af1c,3,3
5,SSCP-979a25537b703915,3,3
5,SSCP-97b342ba615f938c,3,3
5,SSCP-9857a9e4b37375ce,3,3
5,SSCP-98c30e0124ded4ff,3,3
5,SSCP-98e83d13809546fb,3,3
5,SSCP-990e98f0089e9c51,3,3
5,SSCP-990ec4ff8d03de32,3,3
5,SSCP-9962f33e0a3885a8,3,3
5,SSCP-996702551e7f5515,3,3
5,SSCP-99ab776c5e83863e,3,3
5,SSCP-99fa14b3d42e899f,3,3
5,SSCP-9a0da285bdcaa176,3,3
5,SSCP-9a104236dc769bbe,3,3
5,SSCP-9a3d71d94ec8eb6f,3,3
5,SSCP-9a59e58d18a23cf5,3,3
5,SSCP-9a91bd86fca1ae76,3,3
5,SSCP-9ad525df31ef3bfc,3,3
5,SSCP-9ae150ba6d8eaaf2,3,3
5,SSCP-9ba8c11d6a93b015,3,3
5,SSCP-9bb37401079c412e,3,3
5,SSCP-9c2a0ab594a6a42b,3,3
5,SSCP-9c524ed20bec2884,3,3
5,SSCP-9c7ec57b38f11af0,3,3
5,SSCP-9c7f8fdf79d3b495,3,3
5,SSCP-9c93f73c8743307e,3,3
5,SSCP-9d217d56c93b45bb,3,3
5,SSCP-9d3acdc71861a15c,3,3
5,SSCP-9d46aa81ed041dfc,3,3
5,SSCP-9d7861e04d358f03,3,3
5,SSCP-9ddaa8380d5e91d2,3,3
5,SSCP-9ddebc0ebf9bf715,3,3
5,SSCP-9e2bc66646245371,3,3
5,SSCP-9f03c96b4cbcde7b,3,3
5,SSCP-9f1c97d4374f3224,3,3
5,SSCP-9f26f70f48af1d44,3,3
5,SSCP-9f4bdfb03bf6267e,3,3
5,SSCP-9f52824e1b1e9b38,3,3
5,SSCP-9fe1e2c7d1acd581,3,3
5,SSCP-9fed2bcbd11b091e,3,3
5,SSCP-a0305b10591f8248,3,3
5,SSCP-a034fb896a7c2958,3,3
5,SSCP-a0a8a3ea3623fa21,3,3
5,SSCP-a0fb0296ecfe4183,3,3
5,SSCP-a11205a29db036f1,3,3
5,SSCP-a117cb3a3794bb73,3,3
5,SSCP-a182629bc989311e,3,3
5,SSCP-a1b9ba0617f90fe1,3,3
5,SSCP-a200dd1670d9f348,3,3
5,SSCP-a2273d14c77de6d2,3,3
5,SSCP-a23997396706ccf6,3,3
5,SSCP-a247e6a328e31023,3,3
5,SSCP-a2badc527735e800,3,3
5,SSCP-a2eacddad57865de,3,3
5,SSCP-a301f0bf1c693e5c,3,3
5,SSCP-a30de48252bad7e9,3,3
5,SSCP-a33fad52232e009d,3,3
5,SSCP-a34bcd41280abf58,3,3
5,SSCP-a388c6abce4edd30,3,3
5,SSCP-a3de39b52aeadf8d,3,3
5,SSCP-a3e9267a47f52e46,3,3
5,SSCP-a3fc8980da055527,3,3
5,SSCP-a4119704a77e847a,3,3
5,SSCP-a42de7139306a2d2,3,3
5,SSCP-a49571890ed1d02f,3,3
5,SSCP-a4e241b9a63340e9,3,3
5,SSCP-a50cd1e1e8e4ec9b,3,3
5,SSCP-a528af2abb43e705,3,3
5,SSCP-a54076ffd1899261,3,3
5,SSCP-a559ca4586ab5d43,3,3
5,SSCP-a5622dc1e0602b59,3,3
5,SSCP-a594ccb0dfd4d1fa,3,3
5,SSCP-a59ed1ee9c4d2184,3,3
5,SSCP-a5c8b018c7c7d645,3,3
5,SSCP-a5e1da987eb9fdd3,3,3
5,SSCP-a5f9c06d6221a8fa,3,3
5,SSCP-a627b9526493e06e,3,3
5,SSCP-a62f284f9dc0193e,3,3
5,SSCP-a64403311324522b,3,3
5,SSCP-a67b74f6f1d1772d,3,3
5,SSCP-a6ce573dcf052946,3,3
5,SSCP-a714332bf3d8d919,3,3
5,SSCP-a72a85209de0cb9d,3,3
5,SSCP-a7417b7748080d72,3,3
5,SSCP-a74aa15f24353194,3,3
5,SSCP-a75d459f665c77b1,3,3
5,SSCP-a7807c84cfd8de00,3,3
5,SSCP-a78e0781818b0f24,3,3
5,SSCP-a7a926f827fe1940,3,3
5,SSCP-a809dbf20196c51f,3,3
5,SSCP-a866a330bd3a8727,3,3
5,SSCP-a872345a330b8696,3,3
5,SSCP-a897212ca2fe79cc,3,3
5,SSCP-a8fecaffb75b742a,3,3
5,SSCP-a932077eb567d8bc,3,3
5,SSCP-a9ae857d05e22bdb,3,3
5,SSCP-a9c495baeb0958b1,3,3
5,SSCP-a9edf67e2a887478,3,3
5,SSCP-a9ee3962b03b169e,3,3
5,SSCP-a9ee4faa87479236,3,3
5,SSCP-aa8c2c190c51408c,3,3
5,SSCP-aab0f8b1c2b7ec44,3,3
5,SSCP-aadd1465137fe3fe,3,3
5,SSCP-ab036d301f414672,3,3
5,SSCP-ab0692f3c6c00759,3,3
5,SSCP-ab6afd8e9d0d1fad,3,3
5,SSCP-ab711c0b4ecd15f5,3,3
5,SSCP-ac478fae91c1af81,3,3
5,SSCP-ac4b23bfbf69ce4c,3,3
5,SSCP-ac6133d5c22cec77,3,3
5,SSCP-ac7f1c1ddd3251ad,3,3
5,SSCP-ac85b5bae736b580,3,3
5,SSCP-acb9a311aaccb614,3,3
5,SSCP-ace9c01c702461cf,3,3
5,SSCP-acf172e380d1bc11,3,3
5,SSCP-ad01541038747b27,3,3
5,SSCP-ad10aab54e6e435d,3,3
5,SSCP-ad2712d8829c4941,3,3
5,SSCP-ada6fadd5ee9977a,3,3
5,SSCP-ada87697375da58f,3,3
5,SSCP-adb7bdea130e7c7d,3,3
5,SSCP-adbb6b0f06d3e82e,3,3
5,SSCP-add53f35765a483a,3,3
5,SSCP-adeb09bdd31083c9,3,3
5,SSCP-ae08f0546c6b5f5f,3,3
5,SSCP-ae6d049e9af9a1fd,3,3
5,SSCP-aea81424627291a7,3,3
5,SSCP-aeb4b75359b06dbd,3,3
5,SSCP-aecce1c9311e6838,3,3
5,SSCP-aed06bd2bb6e8b50,3,3
5,SSCP-af691294062cf04b,3,3
5,SSCP-af7cc6531cb0c729,3,3
5,SSCP-afea5969367a4dc9,3,3
5,SSCP-b05b6189011fee03,3,3
5,SSCP-b05ce2f334edbc0d,3,3
5,SSCP-b08e1b9bf40958bc,3,3
5,SSCP-b0bad80f702fdda5,3,3
5,SSCP-b0c82a7a3285093a,3,3
5,SSCP-b0dca2e80299c64b,3,3
5,SSCP-b179502c4da61e95,3,3
5,SSCP-b2110ee12f1b6a95,3,3
5,SSCP-b236dfb00004999a,3,3
5,SSCP-b2c1904cfbea58b9,3,3
5,SSCP-b33bc39c49e73823,3,3
5,SSCP-b3486f9231e400e9,3,3
5,SSCP-b35791ab9853637b,3,3
5,SSCP-b38087aec48f8299,3,3
5,SSCP-b39bd5ad8695bdac,3,3
5,SSCP-b3cdfd3adc8c09fb,3,3
5,SSCP-b3ffdddad824adab,3,3
5,SSCP-b47a81149528e56e,3,3
5,SSCP-b48d14f7be6a0e44,3,3
5,SSCP-b4f45f8b9d29483d,3,3
5,SSCP-b50bbf58a3b96b3e,3,3
5,SSCP-b5410d716ba984c8,3,3
5,SSCP-b567e7ea1831ef19,3,3
5,SSCP-b59dc33efdda006a,3,3
5,SSCP-b5b4bdafd2a0fcf0,3,3
5,SSCP-b5f34893f3889a4e,3,3
5,SSCP-b5f65510d54db8f0,3,3
5,SSCP-b609c9d86e0177c5,3,3
5,SSCP-b677d801a4204af2,3,3
5,SSCP-b6ea7983ce512977,3,3
5,SSCP-b7061261785bd178,3,3
5,SSCP-b70b7b04c7e01de1,3,3
5,SSCP-b770d96540736891,3,3
5,SSCP-b795c05eaae7eccc,3,3
5,SSCP-b7d193e53943328f,3,3
5,SSCP-b7d88046fe561079,3,3
5,SSCP-b7fc6016d0b15448,3,3
5,SSCP-b901dc2f263243cd,3,3
5,SSCP-b91ef2d666f64f93,3,3
5,SSCP-b925268542ae565c,3,3
5,SSCP-b945db1c8466c152,3,3
5,SSCP-ba0272721a19bfa4,3,3
5,SSCP-ba0908c3e256fa32,3,3
5,SSCP-ba453cb8409b3456,3,3
5,SSCP-ba6489c24e0b5845,3,3
5,SSCP-ba7402409fd65a04,3,3
5,SSCP-bac1d6ab15dba055,3,3
5,SSCP-bb4e9c65afa37241,3,3
5,SSCP-bbe1d47fe991d9c6,3,3
5,SSCP-bbe6fb7b8a1b1b2e,3,3
5,SSCP-bc19b5a79296fa68,3,3
5,SSCP-bc3672f9093fc504,3,3
5,SSCP-bc612cbd550706bd,3,3
5,SSCP-bcab64af8efda69c,3,3
5,SSCP-bcca5a02f06de847,3,3
5,SSCP-bd3615309a75685d,3,3
5,SSCP-bd4866be58355bb3,3,3
5,SSCP-bd813e0d6d70adda,3,3
5,SSCP-bd81ec993a0015d0,3,3
5,SSCP-bdbca21b6d6cb2d8,3,3
5,SSCP-bded0a1c707a1138,3,3
5,SSCP-be359bd1983317c5,3,3
5,SSCP-be80b8bb014e4309,3,3
5,SSCP-bea79f1770e89286,3,3
5,SSCP-bec3316f67406290,3,3
5,SSCP-beca98a0145720c3,3,3
5,SSCP-bf05bb8bb29eca51,3,3
5,SSCP-bfa925c212712770,3,3
5,SSCP-bfb5eede588d90d1,3,3
5,SSCP-c00a5b9d2d84fc73,3,3
5,SSCP-c00edf7af6c6af53,3,3
5,SSCP-c01e41e53bc52812,3,3
5,SSCP-c02085a21265cc0a,3,3
5,SSCP-c02407ac0c2f42f8,3,3
5,SSCP-c070c1b5b37bbfa5,3,3
5,SSCP-c0a4676607d5bd27,3,3
5,SSCP-c1015c767dc10104,3,3
5,SSCP-c12787448dcc2a24,3,3
5,SSCP-c1724167c55e48b6,3,3
5,SSCP-c1770abf1fbc2258,3,3
5,SSCP-c1900acc77a5df3b,3,3
5,SSCP-c1b863988d9940c8,3,3
5,SSCP-c1bca9ecebf63dae,3,3
5,SSCP-c1e8e522540a3370,3,3
5,SSCP-c256ea9e1906f6d4,3,3
5,SSCP-c27048dc365e976b,3,3
5,SSCP-c273a26a18518fc2,3,3
5,SSCP-c2afba1bee56a209,3,3
5,SSCP-c2df380c61fdcfcb,3,3
5,SSCP-c306097762fddc33,3,3
5,SSCP-c3652648ac95dbd1,3,3
5,SSCP-c37e7ca16c78c9b1,3,3
5,SSCP-c3c1f446f282a2ac,3,3
5,SSCP-c3e916f8f364173e,3,3
5,SSCP-c4163f98f2fffdd3,3,3
5,SSCP-c46080d32c0542fb,3,3
5,SSCP-c4775352b52d0fa7,3,3
5,SSCP-c4ace949e30baa7f,3,3
5,SSCP-c4c41accf5f3ae48,3,3
5,SSCP-c511972e0c903853,3,3
5,SSCP-c524d20a29722b85,3,3
5,SSCP-c5394cb0de55a642,3,3
5,SSCP-c5783531b9ff59d3,3,3
5,SSCP-c58a214b878fc2f2,3,3
5,SSCP-c63d75af977858ab,3,3
5,SSCP-c674253475731a90,3,3
5,SSCP-c68033165baacc63,3,3
5,SSCP-c6d4997b6fb97a34,3,3
5,SSCP-c6f296aa8a390041,3,3
5,SSCP-c75f5e257f7ecd23,3,3
5,SSCP-c7710cef704784a6,3,3
5,SSCP-c7b8b31aad10886a,3,3
5,SSCP-c7efd736903baf74,3,3
5,SSCP-c866c34afe041c82,3,3
5,SSCP-c976f2aa7f01f567,3,3
5,SSCP-c981292ffb772d88,3,3
5,SSCP-c99219f2c4f25741,3,3
5,SSCP-c99ae0f25cff5a2e,3,3
5,SSCP-c9a70510e1ae92c6,3,3
5,SSCP-c9bf058677ed3ab5,3,3
5,SSCP-c9efc4688cca6f53,3,3
5,SSCP-ca2e4c393970627d,3,3
5,SSCP-ca5c6cf4838e8084,3,3
5,SSCP-ca6ec54ddc4ea63a,3,3
5,SSCP-caa1546ee7b29549,3,3
5,SSCP-caa475a232e7d753,3,3
5,SSCP-caa5891945495e9e,3,3
5,SSCP-caca384d427ed80b,3,3
5,SSCP-cb052b6c2cf53783,3,3
5,SSCP-cb1a38868fc0df0a,3,3
5,SSCP-cc0ba88945572ed3,3,3
5,SSCP-cc179fb311a7d60e,3,3
5,SSCP-cc872a8c247082b4,3,3
5,SSCP-cc8a5a6f1d18335b,3,3
5,SSCP-cc948c4c0dbd466e,3,3
5,SSCP-cd060524ba67d533,3,3
5,SSCP-cd37e0e738e47018,3,3
5,SSCP-cd9a83476a58887f,3,3
5,SSCP-cdb8b1fe628ccd39,3,3
5,SSCP-ce068aba3f50fa74,3,3
5,SSCP-ce52f0b17ec0d329,3,3
5,SSCP-ce530de17f0d0501,3,3
5,SSCP-ce79c001ebd07c04,3,3
5,SSCP-ce97591f15d08dd4,3,3
5,SSCP-ce98b8f20bd74114,3,3
5,SSCP-ceca45fad97cd58f,3,3
5,SSCP-ceec933ac1cf23cd,3,3
5,SSCP-cf13a347357fa078,3,3
5,SSCP-cf6ec856d94c8217,3,3
5,SSCP-cf944b738e0c7d8d,3,3
5,SSCP-cff2f9df5cf593e9,3,3
5,SSCP-d00d649680b93c1b,3,3
5,SSCP-d017958b72c63afb,3,3
5,SSCP-d030c40860d78cf1,3,3
5,SSCP-d075d65f7247cda4,3,3
5,SSCP-d0f751b894eaa131,3,3
5,SSCP-d0fed1cb33eb1222,3,3
5,SSCP-d113477891a24a83,3,3
5,SSCP-d11d61889e0c9741,3,3
5,SSCP-d1543db864b56947,3,3
5,SSCP-d1a4b2e1eb19a96d,3,3
5,SSCP-d232e3605c828156,3,3
5,SSCP-d2a958dbaafcdc73,3,3
5,SSCP-d2c7d1ecc825f8fb,3,3
5,SSCP-d2d0e74e6da6e390,3,3
5,SSCP-d2df7795f7788650,3,3
5,SSCP-d303299a954aad5e,3,3
5,SSCP-d30bf98a74b2727e,3,3
5,SSCP-d36090022d2323c3,3,3
5,SSCP-d398c507eba21454,3,3
5,SSCP-d39bc6aff636f388,3,3
5,SSCP-d39c06cc1f14ebd6,3,3
5,SSCP-d3b05ca836f6f351,3,3
5,SSCP-d3c7b923b4180b37,3,3
5,SSCP-d3df278ede702e7c,3,3
5,SSCP-d3eb82401acd84e6,3,3
5,SSCP-d41897890afc3c87,3,3
5,SSCP-d473d368fda835a1,3,3
5,SSCP-d4b201601d1b4a8b,3,3
5,SSCP-d4cd2af7f26fa2f9,3,3
5,SSCP-d4f8184284a454d6,3,3
5,SSCP-d503a61a4962f905,3,3
5,SSCP-d50602d73b6f22cd,3,3
5,SSCP-d53fee607b92468d,3,3
5,SSCP-d5a34693c661ddb2,3,3
5,SSCP-d5df2e59061fec2d,3,3
5,SSCP-d6129fff676f87b3,3,3
5,SSCP-d61d7ac145eb59a1,3,3
5,SSCP-d674fcc6c5dfb284,3,3
5,SSCP-d72a7a1b8214d794,3,3
5,SSCP-d736fc6c7a097ddf,3,3
5,SSCP-d761719c298af998,3,3
5,SSCP-d792e3a65797ecad,3,3
5,SSCP-d79574bb1f875ee5,3,3
5,SSCP-d7c21300de02b6e7,3,3
5,SSCP-d7f6085ff954d4d1,3,3
5,SSCP-d8140aa6a6133f64,3,3
5,SSCP-d82cf005da22724f,3,3
5,SSCP-d83e47bbfa318539,3,3
5,SSCP-d8583fa3beebf69f,3,3
5,SSCP-d89e35d44d8ffcc6,3,3
5,SSCP-d9267b87d85ff09a,3,3
5,SSCP-d93a08b2629cb1fb,3,3
5,SSCP-d93ede118168571d,3,3
5,SSCP-d943123af1e58228,3,3
5,SSCP-d953117a71926e44,3,3
5,SSCP-d98d8a06723ce687,3,3
5,SSCP-d9b7f08b53ca4f67,3,3
5,SSCP-da42af8ae9367688,3,3
5,SSCP-da92544fc89e48cf,3,3
5,SSCP-daaed742697fd2c2,3,3
5,SSCP-db0bef369ab4d68e,3,3
5,SSCP-db29ca746a625e1e,3,3
5,SSCP-db4e2b9235013cb0,3,3
5,SSCP-db770b7a9fe970db,3,3
5,SSCP-db7d6e72c7168ce3,3,3
5,SSCP-dba0563ad355226d,3,3
5,SSCP-dba596e7656e9142,3,3
5,SSCP-dbad302442bc7e5a,3,3
5,SSCP-dbe27ad5a1b9cd18,3,3
5,SSCP-dc15ec5ec7e18cb2,3,3
5,SSCP-dc1b7435b14bcb0d,3,3
5,SSCP-dc33bf30e0dde2a1,3,3
5,SSCP-dca3c50e96edde02,3,3
5,SSCP-dd5e043ad8a2e961,3,3
5,SSCP-de1f6c87af74d623,3,3
5,SSCP-de31a732a73409a4,3,3
5,SSCP-de3898c4944cb385,3,3
5,SSCP-de58d9fbe9d076ec,3,3
5,SSCP-de6a28699399b614,3,3
5,SSCP-de6ac8f50184be60,3,3
5,SSCP-de8aeb38de7fbe56,3,3
5,SSCP-deff5c323f028ad9,3,3
5,SSCP-df031cec4c8ea02d,3,3
5,SSCP-df130d19edf4a12a,3,3
5,SSCP-df442c0b3c3d9e77,3,3
5,SSCP-df81fd6ba9a84885,3,3
5,SSCP-df945fa5079ffa1f,3,3
5,SSCP-df97298d510771f9,3,3
5,SSCP-e035d43e32a59bb3,3,3
5,SSCP-e03ecdcba3ca10cc,3,3
5,SSCP-e04b7e5cc4473a03,3,3
5,SSCP-e09eddfde876c6f9,3,3
5,SSCP-e0e263319e9d2704,3,3
5,SSCP-e132c4d5eb7ba3f6,3,3
5,SSCP-e15bf7fa957ab58d,3,3
5,SSCP-e19135b3a64b621a,3,3
5,SSCP-e1a8b59c1dc73743,3,3
5,SSCP-e2024ebfc52d8425,3,3
5,SSCP-e2134427ef4bffc6,3,3
5,SSCP-e2499070f69f348f,3,3
5,SSCP-e24f6d59993030f1,3,3
5,SSCP-e2d60caa9fc73475,3,3
5,SSCP-e32dbc3c78a995ec,3,3
5,SSCP-e3c1d29e89d30d31,3,3
5,SSCP-e3f147c5074dc539,3,3
5,SSCP-e422a3db093ea5b8,3,3
5,SSCP-e43feb644256715b,3,3
5,SSCP-e452960d2a893958,3,3
5,SSCP-e457e78d33d9746a,3,3
5,SSCP-e45a0ea8fbd62524,3,3
5,SSCP-e46b9b9163463e20,3,3
5,SSCP-e47825ba109c728d,3,3
5,SSCP-e49cc47f1f48f514,3,3
5,SSCP-e52286206a9f4161,3,3
5,SSCP-e56c47cbe8968ac4,3,3
5,SSCP-e56e40ed94cc1ae6,3,3
5,SSCP-e575ab7c2ea19174,3,3
5,SSCP-e5988028ac89aea8,3,3
5,SSCP-e5a8a4f9303b7b2f,3,3
5,SSCP-e5b072e862a41f9a,3,3
5,SSCP-e5b87caafe558c71,3,3
5,SSCP-e638c1c2970dcef7,3,3
5,SSCP-e681d6ef1bd6d8e3,3,3
5,SSCP-e688007c2a83755c,3,3
5,SSCP-e696ded8783b845e,3,3
5,SSCP-e6a0edc46c41f3a3,3,3
5,SSCP-e6bda30cd6f99c91,3,3
5,SSCP-e6c73c08c8665484,3,3
5,SSCP-e6f22fc052b1df49,3,3
5,SSCP-e6fb51efd20ff1b3,3,3
5,SSCP-e6fe24ef89574383,3,3
5,SSCP-e6fe750ef5c3b612,3,3
5,SSCP-e73a1cf6299b348e,3,3
5,SSCP-e7683d776eb8360b,3,3
5,SSCP-e79154d7f3cb8b38,3,3
5,SSCP-e7b108173bdbaed9,3,3
5,SSCP-e80750a519a3afc1,3,3
5,SSCP-e80f85d58510000e,3,3
5,SSCP-e812293fd317a86d,3,3
5,SSCP-e83d897fe8c7ac93,3,3
5,SSCP-e86a6f4924b6f61b,3,3
5,SSCP-e89c5e2f1257bc40,3,3
5,SSCP-e8dcd976db0dec79,3,3
5,SSCP-e8e2c9631d4792c9,3,3
5,SSCP-e8fe64eebf4823c4,3,3
5,SSCP-e900fc2d14184cbd,3,3
5,SSCP-ea57694e6ab91aca,3,3
5,SSCP-ea5b8685ab043d95,3,3
5,SSCP-ea7a8a225a52deb7,3,3
5,SSCP-eaf5010044f6ca22,3,3
5,SSCP-eb36db5593da53a3,3,3
5,SSCP-eb5f842cf2ca0221,3,3
5,SSCP-eb630c775d37005c,3,3
5,SSCP-eb698bcde1010bb9,3,3
5,SSCP-eb903bdd5727f7fe,3,3
5,SSCP-eb90c68bfd3df461,3,3
5,SSCP-eb936a29d4a4ee6d,3,3
5,SSCP-eba43814e3bff7de,3,3
5,SSCP-ebc5908ea3695d5d,3,3
5,SSCP-ebcadb08fe0a9ef6,3,3
5,SSCP-ebf475485488e8f1,3,3
5,SSCP-ebfa37b8f171cafb,3,3
5,SSCP-ec23c0d73f235249,3,3
5,SSCP-ec33e47a57d06abc,3,3
5,SSCP-ec3eb796deb8e336,3,3
5,SSCP-ec749d6a9185d80e,3,3
5,SSCP-ecbdd7b907cfe339,3,3
5,SSCP-ecfab2bfdf166fed,3,3
5,SSCP-ed06d1bb1ded4c0d,3,3
5,SSCP-ed0fbd279dd57882,3,3
5,SSCP-ed61f51e98755ae7,3,3
5,SSCP-edc9521094e74de7,3,3
5,SSCP-edcc07023d03bc6c,3,3
5,SSCP-ede3b0583f681f6d,3,3
5,SSCP-edf7fb5ff2427730,3,3
5,SSCP-ee27aff333d55734,3,3
5,SSCP-ee40a439f2249cea,3,3
5,SSCP-ee7718b6920ded5a,3,3
5,SSCP-ee78423801019d69,3,3
5,SSCP-eea7f8fc19f009e8,3,3
5,SSCP-eee434b47bcbf0d6,3,3
5,SSCP-ef04e5aee75a63f2,3,3
5,SSCP-ef1b9b17860fcbb8,3,3
5,SSCP-ef9adcda3e8315cf,3,3
5,SSCP-efebde7ad6603833,3,3
5,SSCP-eff736f07ba4ba22,3,3
5,SSCP-f007088356aa1daa,3,3
5,SSCP-f00f565318c34ae2,3,3
5,SSCP-f01309f603ecaf36,3,3
5,SSCP-f03065cc238f49c2,3,3
5,SSCP-f03c4d2f521d7d9b,3,3
5,SSCP-f04ce1a796d7b7a0,3,3
5,SSCP-f096f92e651577b1,3,3
5,SSCP-f0ffcbeb558e1bbf,3,3
5,SSCP-f11bb3d27fa642d2,3,3
5,SSCP-f1a8f167df683d5d,3,3
5,SSCP-f1e490fbb84a7e20,3,3
5,SSCP-f1e7a5a84e933c68,3,3
5,SSCP-f1ee22dfd35fb46d,3,3
5,SSCP-f24d24b001f2e0d8,3,3
5,SSCP-f26b9dca83e905bf,3,3
5,SSCP-f27bab9250684e63,3,3
5,SSCP-f29d548719598dfc,3,3
5,SSCP-f2a67d7a09c08d6c,3,3
5,SSCP-f2e8501889cbd419,3,3
5,SSCP-f331e2fae45e30cb,3,3
5,SSCP-f39b104c37e7a54d,3,3
5,SSCP-f3d16645f8b7a600,3,3
5,SSCP-f42c0a91e7090951,3,3
5,SSCP-f46acc2a1774c096,3,3
5,SSCP-f4dc9c6418eb0c21,3,3
5,SSCP-f51180013ff803c1,3,3
5,SSCP-f54cfa0b577ad551,3,3
5,SSCP-f57bbb66513f54f7,3,3
5,SSCP-f5a1b9df313996df,3,3
5,SSCP-f5b0c2cca92fd4d8,3,3
5,SSCP-f5e68c6be0c9f5e4,3,3
5,SSCP-f5f5cd2187d635b3,3,3
5,SSCP-f6212986907a0949,3,3
5,SSCP-f685e7b98ebe8f62,3,3
5,SSCP-f6afcd2029c026b1,3,3
5,SSCP-f6d40b8927ef7cdc,3,3
5,SSCP-f6e2726e438f3622,3,3
5,SSCP-f70362bb82fbba80,3,3
5,SSCP-f70d1f267360b54c,3,3
5,SSCP-f71a7885830ca44d,3,3
5,SSCP-f75e6fed9ebc0c95,3,3
5,SSCP-f77c3a4d4ba687a9,3,3
5,SSCP-f800556279427169,3,3
5,SSCP-f863e5f80f3b1c80,3,3
5,SSCP-f8bf1806b331b55a,3,3
5,SSCP-f8f46b93cc79e377,3,3
5,SSCP-f8f6c26e5dbac862,3,3
5,SSCP-f946858fbab35586,3,3
5,SSCP-f9e00dfadc36b6de,3,3
5,SSCP-f9e8852da9ee2a86,3,3
5,SSCP-fa74ad071f3327a1,3,3
5,SSCP-fa845e834b49e8c5,3,3
5,SSCP-faaa69d04822f8e4,3,3
5,SSCP-fab3c8bd6ffe5f94,3,3
5,SSCP-fad79dca1289005d,3,3
5,SSCP-fada4dac57e96d06,3,3
5,SSCP-fade678ffd02f411,3,3
5,SSCP-fae4a76b00305ea7,3,3
5,SSCP-fb0a454e8426be17,3,3
5,SSCP-fbc33f99ca3e57ad,3,3
5,SSCP-fbd0131fbc5b4564,3,3
5,SSCP-fc4ee3dbbc470cf0,3,3
5,SSCP-fc7e3e69e1a358ee,3,3
5,SSCP-fc830b9b6334646e,3,3
5,SSCP-fc9fc7bb15f2592d,3,3
5,SSCP-fcb0dc2f3390c729,3,3
5,SSCP-fcb4a57adc6d406d,3,3
5,SSCP-fcdb420eed802954,3,3
5,SSCP-fd2611d4e490dd8f,3,3
5,SSCP-fd277068a871af38,3,3
5,SSCP-fd28296dbccda583,3,3
5,SSCP-fd28aa09abf26634,3,3
5,SSCP-fd2ddf8cda6072e0,3,3
5,SSCP-fd2de4063849d793,3,3
5,SSCP-fd65b027c763f7af,3,3
5,SSCP-fd65cf03ab9263e8,3,3
5,SSCP-fd78fc0f147dae3c,3,3
5,SSCP-fd82cacd37a9de6a,3,3
5,SSCP-fd9bbe1ce9cc234a,3,3
5,SSCP-fde473751b24a721,3,3
5,SSCP-fe38d65e74ff2745,3,3
5,SSCP-fe462b38de440813,3,3
5,SSCP-fe4fb8799b363386,3,3
5,SSCP-fe69100e8d30b566,3,3
5,SSCP-fe81f74919047aeb,3,3
5,SSCP-fe965b41c849afd7,3,3
5,SSCP-fecfdadb6ab02ce9,3,3
5,SSCP-fed3feff7861a6f1,3,3
5,SSCP-fef24bced5f0543e,3,3
5,SSCP-ff0f33874a501ddf,3,3
5,SSCP-ff2d0c4fab0edd1f,3,3
5,SSCP-ff61a1e6d8ea28d8,3,3
5,SSCP-ff795e19a42521b0,3,3
5,SSCP-ff8ff1b200a80376,3,3
5,SSCP-ffc8405c422768ae,3,3
5,SSCP-ffd8d4764ec8a527,3,3
5,SSCP-0028ba97a7daa03b,4,4
5,SSCP-006e14887ba7fd42,4,4
5,SSCP-00a276a15a1dc320,4,4
5,SSCP-00ad7d795216f1d4,4,4
5,SSCP-015aedee5fdfb40d,4,4
5,SSCP-015b1f05ff4e8ab3,4,4
5,SSCP-02915bfaebbe09bd,4,4
5,SSCP-02976f2eb4cf9c8b,4,4
5,SSCP-030b06b2eab9c15e,4,4
5,SSCP-0321d79aa693d8a8,4,4
5,SSCP-0390d0b416b1cfab,4,4
5,SSCP-03cd99860e542373,4,4
5,SSCP-03d4df53c4567078,4,4
5,SSCP-040fdf2d45c068a6,4,4
5,SSCP-043747e1af18b5d3,4,4
5,SSCP-04608a3be4e7965e,4,4
5,SSCP-048e5fd7b7b2cb75,4,4
5,SSCP-049baedd058bba3b,4,4
5,SSCP-04a1b117761202bb,4,4
5,SSCP-04a432617cd799e9,4,4
5,SSCP-04c34d4a9a5aa872,4,4
5,SSCP-04f0eb8ac8713e66,4,4
5,SSCP-04fcaded7f145fef,4,4
5,SSCP-054535579ece2b52,4,4
5,SSCP-056d5bb8e664988b,4,4
5,SSCP-05f7c31d9cea533e,4,4
5,SSCP-060d068bb3fd5a25,4,4
5,SSCP-0644c597e1bc977c,4,4
5,SSCP-064e09136acb8b6d,4,4
5,SSCP-06a495cd611b7876,4,4
5,SSCP-06ba46d4ff0ffcd3,4,4
5,SSCP-06ff7c6c7dd358fe,4,4
5,SSCP-071478fb8bb48228,4,4
5,SSCP-071ac0a218108dc9,4,4
5,SSCP-07326cceec8e37b5,4,4
5,SSCP-084ce66bd627a4b3,4,4
5,SSCP-084f42149f5c585a,4,4
5,SSCP-086c058a3aac3c69,4,4
5,SSCP-0892c2dafd240612,4,4
5,SSCP-092e1bdc8eac16c7,4,4
5,SSCP-0954ab5c180aecaa,4,4
5,SSCP-0996346b340fc0a3,4,4
5,SSCP-09cee3b3ac900d6e,4,4
5,SSCP-0a4746f54469dd7f,4,4
5,SSCP-0a53305b75d68668,4,4
5,SSCP-0a6aad5177677b7c,4,4
5,SSCP-0a9242d064d61b8e,4,4
5,SSCP-0acb06b89ff942d6,4,4
5,SSCP-0ade04a8e2ceeae8,4,4
5,SSCP-0adf8eb00307f551,4,4
5,SSCP-0af1398bd142969a,4,4
5,SSCP-0b0706ad757555b9,4,4
5,SSCP-0b321e33cf6661d9,4,4
5,SSCP-0b508292bc8c848c,4,4
5,SSCP-0b9a0c0afe2298b5,4,4
5,SSCP-0bfdc19bf11b41ad,4,4
5,SSCP-0c170bf084ea891e,4,4
5,SSCP-0c564ba8c9e14106,4,4
5,SSCP-0cb6e66d54399921,4,4
5,SSCP-0cbb5caea1373538,4,4
5,SSCP-0d2f6d5b7a03a7da,4,4
5,SSCP-0da0d6ed08954145,4,4
5,SSCP-0dc2252c7f21db75,4,4
5,SSCP-0e153ea485b03c68,4,4
5,SSCP-0e42e4d1c7b56606,4,4
5,SSCP-0f409c23a8ea94c3,4,4
5,SSCP-0f8920c3c9061d7b,4,4
5,SSCP-0fbcb907ace6b708,4,4
5,SSCP-101114b7bec35ca5,4,4
5,SSCP-10252edc6e30a5b4,4,4
5,SSCP-103eaae443c13af2,4,4
5,SSCP-10745dd87290c57d,4,4
5,SSCP-107ee5b0338a5feb,4,4
5,SSCP-10dce81dfa2008d1,4,4
5,SSCP-119d2a21cd798744,4,4
5,SSCP-11b61732358eefaa,4,4
5,SSCP-11f06acbf29afe5d,4,4
5,SSCP-1223555610254f3b,4,4
5,SSCP-123cbfedc664fd28,4,4
5,SSCP-125d47f00770a849,4,4
5,SSCP-12600ab00543c476,4,4
5,SSCP-129983b5eea89f9e,4,4
5,SSCP-129acbfb6694e72c,4,4
5,SSCP-12df594b83dbc600,4,4
5,SSCP-12e37c440092eeec,4,4
5,SSCP-130bbdce4570cd24,4,4
5,SSCP-1324ccd6f9021c7d,4,4
5,SSCP-133350ac69b6f1fd,4,4
5,SSCP-135f52389e38188d,4,4
5,SSCP-136b44d2ce162c73,4,4
5,SSCP-137c28c33b817d6b,4,4
5,SSCP-13acd5efd86313b3,4,4
5,SSCP-13cc0bfc68ce97b4,4,4
5,SSCP-1404259d857e80eb,4,4
5,SSCP-1426543d1c76f752,4,4
5,SSCP-144b36fbf4bb4a6b,4,4
5,SSCP-14c58e7c7eceebea,4,4
5,SSCP-14f8390943c5300b,4,4
5,SSCP-1516fcddbfa2beb2,4,4
5,SSCP-153bef7cfab95f35,4,4
5,SSCP-1565f395922a2454,4,4
5,SSCP-15dd5013c84bff88,4,4
5,SSCP-1609e70019cc1b15,4,4
5,SSCP-160bd684a60797e8,4,4
5,SSCP-164429e32260deb5,4,4
5,SSCP-16756ffda0ab6616,4,4
5,SSCP-16a4f374d686e769,4,4
5,SSCP-171824e17b67902e,4,4
5,SSCP-17453591bbe1f2df,4,4
5,SSCP-175d064fea0f613a,4,4
5,SSCP-17a95ca3cec239a5,4,4
5,SSCP-17b5ba70019944ac,4,4
5,SSCP-17b79b3b51bd2652,4,4
5,SSCP-18174cbd57c5097a,4,4
5,SSCP-18200bef50de23f4,4,4
5,SSCP-184a1e5e563f740c,4,4
5,SSCP-18684504b973c62c,4,4
5,SSCP-187aef72e51282fc,4,4
5,SSCP-18c42a9db6584ab8,4,4
5,SSCP-18cff46e9f254c58,4,4
5,SSCP-18f3da7d60fad7c3,4,4
5,SSCP-1927eb875164cb04,4,4
5,SSCP-193411b60bdb5fe5,4,4
5,SSCP-1991e0476ab3783b,4,4
5,SSCP-1a048d4f4290beab,4,4
5,SSCP-1a4160f104c3221a,4,4
5,SSCP-1ac2a5f94831dc53,4,4
5,SSCP-1b1e1253b11f2979,4,4
5,SSCP-1b28649eda206225,4,4
5,SSCP-1b8205e4f2197536,4,4
5,SSCP-1c3f1a3bb0b79c33,4,4
5,SSCP-1c4247df2c43a578,4,4
5,SSCP-1c45b63d5bfd645a,4,4
5,SSCP-1ca8852da246d306,4,4
5,SSCP-1ccefa90f243f555,4,4
5,SSCP-1cdb7f123e5303fc,4,4
5,SSCP-1d2ba9514f4af750,4,4
5,SSCP-1d49094533994357,4,4
5,SSCP-1d52be086911ead9,4,4
5,SSCP-1d6694305f323327,4,4
5,SSCP-1d724a25f0b7cdae,4,4
5,SSCP-1db0d9ebfa3d4347,4,4
5,SSCP-1dbf281744840ce6,4,4
5,SSCP-1dc145edb1d5972c,4,4
5,SSCP-1dff8b92dab3d697,4,4
5,SSCP-1e0bb9ecb14e0737,4,4
5,SSCP-1e23478fbd03dc4b,4,4
5,SSCP-1e7453b1f3c0aea1,4,4
5,SSCP-1e7dc13dc45c4771,4,4
5,SSCP-1e8f5b052357e81e,4,4
5,SSCP-1e90c1de07a989dd,4,4
5,SSCP-1ed327c037effc1f,4,4
5,SSCP-1f3dd24e94111358,4,4
5,SSCP-1f5a943c08aa35f2,4,4
5,SSCP-1fc8d25289de4723,4,4
5,SSCP-1fdf099952945830,4,4
5,SSCP-1fef9d7a242e3287,4,4
5,SSCP-1fff3cd694ddd07a,4,4
5,SSCP-2009129a73d0da2c,4,4
5,SSCP-2011b2faeeb8d44c,4,4
5,SSCP-201dd664ddb4d6da,4,4
5,SSCP-20e3c9cbf69e2044,4,4
5,SSCP-20f1d0ffc95cbedf,4,4
5,SSCP-212bea0e0feb8a47,4,4
5,SSCP-2135d0719a258c1c,4,4
5,SSCP-21b465f6530824c2,4,4
5,SSCP-21b914532b38bd2f,4,4
5,SSCP-22225b162c0e7fcf,4,4
5,SSCP-224a9e603604dee8,4,4
5,SSCP-229036adf0e39178,4,4
5,SSCP-22a16202402f4c94,4,4
5,SSCP-2310fbd26ce358b3,4,4
5,SSCP-232919a0e4e8a624,4,4
5,SSCP-2338b0105513c083,4,4
5,SSCP-2392ab05f569e421,4,4
5,SSCP-23dd219f2d08e9fe,4,4
5,SSCP-23e2c8b51d5c54f2,4,4
5,SSCP-23e50714849b496f,4,4
5,SSCP-2464c9973771dae2,4,4
5,SSCP-24708f2afc4a6dc7,4,4
5,SSCP-24a47f2283b0599e,4,4
5,SSCP-24a8865de64b2a3b,4,4
5,SSCP-24c513048769df1e,4,4
5,SSCP-24e0615714b029ca,4,4
5,SSCP-24f19a987178f5b8,4,4
5,SSCP-25269bdafcbda917,4,4
5,SSCP-2541391f22e0cd51,4,4
5,SSCP-2609051475891bf6,4,4
5,SSCP-261094101d321fc2,4,4
5,SSCP-26735b5febce44d6,4,4
5,SSCP-267d74d8b4969cc7,4,4
5,SSCP-268ef7f5fe3ec22f,4,4
5,SSCP-269f6634e644091b,4,4
5,SSCP-272ada377b9cd874,4,4
5,SSCP-2792a7256ab64053,4,4
5,SSCP-2793786d6c5d6eb1,4,4
5,SSCP-27a5638eb595edb1,4,4
5,SSCP-27c103acba874f8c,4,4
5,SSCP-27f03137e59f76ff,4,4
5,SSCP-2857cd6fdb1fc672,4,4
5,SSCP-28bd89e60dec2bf5,4,4
5,SSCP-28c287628cad9c28,4,4
5,SSCP-28cd37fed9142c9c,4,4
5,SSCP-292af9b1c3337d66,4,4
5,SSCP-295306e7e36726de,4,4
5,SSCP-298e93130f84cb5e,4,4
5,SSCP-299a4a79e09b9b31,4,4
5,SSCP-29c679a936d88a00,4,4
5,SSCP-29de71b59cf3cc45,4,4
5,SSCP-2a0657c91f4f42e0,4,4
5,SSCP-2a074bef785ca240,4,4
5,SSCP-2a39a5a6de03df0f,4,4
5,SSCP-2a43141f798d6418,4,4
5,SSCP-2a4fb33123a322fd,4,4
5,SSCP-2a842ba084518b45,4,4
5,SSCP-2b0662ced5bfb085,4,4
5,SSCP-2b6d2950c04a9f81,4,4
5,SSCP-2b6d752654eabe7e,4,4
5,SSCP-2b8d3b40c0e77d02,4,4
5,SSCP-2bb427b1e2d272e9,4,4
5,SSCP-2be316ec4cadbbd0,4,4
5,SSCP-2bfe20fe1f1f3d32,4,4
5,SSCP-2c2e1ccddea38b42,4,4
5,SSCP-2c394aee9c24f2a5,4,4
5,SSCP-2c5a546dba6cf897,4,4
5,SSCP-2c85502079a33d3b,4,4
5,SSCP-2c857ab1db71f2a5,4,4
5,SSCP-2c9e5f0405c92ba3,4,4
5,SSCP-2ccc7b00fc78bdcd,4,4
5,SSCP-2cf4b092d7471da5,4,4
5,SSCP-2d193d40e222e010,4,4
5,SSCP-2d26d1b3727357b7,4,4
5,SSCP-2da54775339edd8e,4,4
5,SSCP-2da68e059ab48d12,4,4
5,SSCP-2daa9b61451b7ee5,4,4
5,SSCP-2dd43c53470e07a4,4,4
5,SSCP-2df5247719d77f2d,4,4
5,SSCP-2dff02c910e15aa5,4,4
5,SSCP-2e38f604d1c4d512,4,4
5,SSCP-2e976a58e64b3ad8,4,4
5,SSCP-2ecaac79e4d3caeb,4,4
5,SSCP-2eddc9ef7e5ce0f7,4,4
5,SSCP-2fce01eddff61570,4,4
5,SSCP-2fe8ec138feaea56,4,4
5,SSCP-2ff503cce8ee16f2,4,4
5,SSCP-30356c34d2508277,4,4
5,SSCP-3060ed9223ffe504,4,4
5,SSCP-306c4f1233a49e7a,4,4
5,SSCP-3092e81bce4996da,4,4
5,SSCP-30a731c17efbcac0,4,4
5,SSCP-30cefd36c7be7d5b,4,4
5,SSCP-30de6b94bae41447,4,4
5,SSCP-30efa7fc5db733f1,4,4
5,SSCP-311cf6d1a79262a8,4,4
5,SSCP-3141257912531634,4,4
5,SSCP-315d4cb71a078170,4,4
5,SSCP-315dcce793efdce8,4,4
5,SSCP-31a50334db116b8c,4,4
5,SSCP-320825a626918ec6,4,4
5,SSCP-32279e7ab3afeab0,4,4
5,SSCP-3248ede9d6acf27c,4,4
5,SSCP-32954b4029e562ec,4,4
5,SSCP-32a8e7a08c0915d7,4,4
5,SSCP-32e690aee0bec6bf,4,4
5,SSCP-32ffd5843469ad68,4,4
5,SSCP-3318291c625f454b,4,4
5,SSCP-332379c9d0cffb10,4,4
5,SSCP-334fb0befd27201b,4,4
5,SSCP-3356d2d6629f9231,4,4
5,SSCP-33653fc617042f52,4,4
5,SSCP-33924fece89d0aa7,4,4
5,SSCP-33db7371ea7af200,4,4
5,SSCP-33f50a94570b2c0e,4,4
5,SSCP-33fff1a96f0034a2,4,4
5,SSCP-3469323e553ca003,4,4
5,SSCP-3477c01cae02de88,4,4
5,SSCP-3480d91822876b55,4,4
5,SSCP-34b316d330e21121,4,4
5,SSCP-34ca76812050920a,4,4
5,SSCP-3518b6ea282e2b7b,4,4
5,SSCP-35395aede274b1f1,4,4
5,SSCP-35baac097d995dec,4,4
5,SSCP-35e3bd76cdd80004,4,4
5,SSCP-3609fd9df6a9afe1,4,4
5,SSCP-362aa1a2cb9291f5,4,4
5,SSCP-3632d5dab24eb788,4,4
5,SSCP-36768a907949f813,4,4
5,SSCP-36b6f9a0f822da5b,4,4
5,SSCP-36e3558367eca570,4,4
5,SSCP-371ec3099d78904b,4,4
5,SSCP-374e0e6cbb5e0820,4,4
5,SSCP-376ab31587a9cd8b,4,4
5,SSCP-3774c5052a317109,4,4
5,SSCP-377923d47ebf2df1,4,4
5,SSCP-3810997e7cd1ea7e,4,4
5,SSCP-386048b128283a86,4,4
5,SSCP-386b2439d354c1fd,4,4
5,SSCP-38a659e4123906bc,4,4
5,SSCP-38ca4d62396c2879,4,4
5,SSCP-3951b4e9879d0b6f,4,4
5,SSCP-395757e12ff8627d,4,4
5,SSCP-399f1432f41dbb90,4,4
5,SSCP-39aa837501d16240,4,4
5,SSCP-39ab892c397d6a19,4,4
5,SSCP-3a0c85079301fca0,4,4
5,SSCP-3a181cb7036204d1,4,4
5,SSCP-3a525afff29cdd29,4,4
5,SSCP-3a8a886d49e197c5,4,4
5,SSCP-3a8dc9e0bba4105d,4,4
5,SSCP-3aafbe8bad99ca53,4,4
5,SSCP-3ad2d4b1f7c16094,4,4
5,SSCP-3ae106fe31b3d46e,4,4
5,SSCP-3af0008cc9b0e684,4,4
5,SSCP-3b407bd5520420d3,4,4
5,SSCP-3b52f7c25615071e,4,4
5,SSCP-3bad3dfdf87e518c,4,4
5,SSCP-3bc76147afe2e55e,4,4
5,SSCP-3c139f22c51ca9a7,4,4
5,SSCP-3c320e777c23e63f,4,4
5,SSCP-3c450a66181f754e,4,4
5,SSCP-3c84f918080be6a1,4,4
5,SSCP-3c8bd77abc193be7,4,4
5,SSCP-3cf5a43bbbb989ee,4,4
5,SSCP-3d47753f9bf632f0,4,4
5,SSCP-3d53661dfe261a9f,4,4
5,SSCP-3d92b2a8d72f5158,4,4
5,SSCP-3da26e0e1b31ddbb,4,4
5,SSCP-3dab7aa643556d5f,4,4
5,SSCP-3dfa598267cc5670,4,4
5,SSCP-3e1bfc2aea1418c4,4,4
5,SSCP-3e65dd3aba3cae66,4,4
5,SSCP-3e8e0b3090a613bb,4,4
5,SSCP-3ec2a2923a16b2b2,4,4
5,SSCP-3ed5e43bc17d22c9,4,4
5,SSCP-3f59a1b83ce1b16a,4,4
5,SSCP-3febbfbc6bb0aa73,4,4
5,SSCP-4006a333e6c3edcd,4,4
5,SSCP-400d8d8d0bda3b99,4,4
5,SSCP-408663a1e0b96e3d,4,4
5,SSCP-40ded9bccb65f527,4,4
5,SSCP-40e3742e6ac284e3,4,4
5,SSCP-40e652167cf880cb,4,4
5,SSCP-41522db2860da1c1,4,4
5,SSCP-41a3c437eaa92713,4,4
5,SSCP-41b99de12cca8584,4,4
5,SSCP-41bb07892c797470,4,4
5,SSCP-41e54df9cc6fec70,4,4
5,SSCP-4240f375c18171a4,4,4
5,SSCP-425391e25f3e8cb2,4,4
5,SSCP-42913b2b35c62722,4,4
5,SSCP-42cd94869aed45a1,4,4
5,SSCP-430104296c1d9275,4,4
5,SSCP-436ebeea537969a0,4,4
5,SSCP-43777e3a01b91718,4,4
5,SSCP-437b64f3d6427ed0,4,4
5,SSCP-43863d9f6cc2024b,4,4
5,SSCP-43e8eefa6d1473a8,4,4
5,SSCP-449ae97c6ef59428,4,4
5,SSCP-44ef9ee4d019d0f1,4,4
5,SSCP-451fae8242c2de6e,4,4
5,SSCP-45677fe1816a7014,4,4
5,SSCP-4588637a5b3168af,4,4
5,SSCP-459d3b305e9ca40d,4,4
5,SSCP-45b29b33caab493c,4,4
5,SSCP-45e1b3a072ac701f,4,4
5,SSCP-460eb7d55a86cf79,4,4
5,SSCP-4655178605dd071a,4,4
5,SSCP-4655a3a7f1b44582,4,4
5,SSCP-466c3b2c9126e5e8,4,4
5,SSCP-471a019cbde6c8a7,4,4
5,SSCP-476098766a47ca60,4,4
5,SSCP-4777e782ba28b43a,4,4
5,SSCP-47b34a64056ae6f1,4,4
5,SSCP-48386658e2628d11,4,4
5,SSCP-4875acb6222f9751,4,4
5,SSCP-48b1cc0c3644ce00,4,4
5,SSCP-48f6e6f33e07586d,4,4
5,SSCP-492c284467a3bdfa,4,4
5,SSCP-49330681998d297d,4,4
5,SSCP-4941528c2ddf8252,4,4
5,SSCP-494170ef00196017,4,4
5,SSCP-497f6cc2c4d711a4,4,4
5,SSCP-4984114a534ce392,4,4
5,SSCP-49b5fecbf8668178,4,4
5,SSCP-49ed9ec63533aa38,4,4
5,SSCP-4a0e27b74c2ab263,4,4
5,SSCP-4a719b097fa3f6f7,4,4
5,SSCP-4aa4c34cfba1490b,4,4
5,SSCP-4ae1f1641acc221d,4,4
5,SSCP-4aeeb45958a75c82,4,4
5,SSCP-4b48ba3f1eaf09b8,4,4
5,SSCP-4b6309f8e502804d,4,4
5,SSCP-4b939288203af777,4,4
5,SSCP-4bc75c7b8bddc64b,4,4
5,SSCP-4c0e44ed1dd8c3fb,4,4
5,SSCP-4c8223ca4b1836c4,4,4
5,SSCP-4c8b6953e3545454,4,4
5,SSCP-4cbaa44c93473930,4,4
5,SSCP-4cfbb6acf3d2e439,4,4
5,SSCP-4d3de5b6b9d8b60a,4,4
5,SSCP-4dbb10c80816f478,4,4
5,SSCP-4dec6c92196855ac,4,4
5,SSCP-4e1cbc49a2f802f3,4,4
5,SSCP-4e5b146964e0b39d,4,4
5,SSCP-4e61c72b3be1ad73,4,4
5,SSCP-4eb659ed4b556327,4,4
5,SSCP-4f01d4bf1c848784,4,4
5,SSCP-4f03793e13ac87b4,4,4
5,SSCP-4f0ce07e8c893aae,4,4
5,SSCP-4f5e23cfebb8ec3c,4,4
5,SSCP-4f6e557d65c63852,4,4
5,SSCP-4fb0bfce65f2d0e8,4,4
5,SSCP-4fb3e0a63c4deaa1,4,4
5,SSCP-4fc1b5e1e527e877,4,4
5,SSCP-4fd4c685e53f4f04,4,4
5,SSCP-500b3130c32c2229,4,4
5,SSCP-50686ff1e1f4df13,4,4
5,SSCP-508b3d4faf45cbe0,4,4
5,SSCP-50a72fd858450aba,4,4
5,SSCP-50e3d5416b877759,4,4
5,SSCP-50fa802aa173f2e8,4,4
5,SSCP-512e6ee8f0fe46a4,4,4
5,SSCP-5161e06566d806cc,4,4
5,SSCP-5192efc2ef43656c,4,4
5,SSCP-51ef81c52fe22e4f,4,4
5,SSCP-5201113b43aecbdb,4,4
5,SSCP-5233a166a5ca060d,4,4
5,SSCP-5252e555d24be969,4,4
5,SSCP-525b251d228a3fe5,4,4
5,SSCP-52d8f98d3867b333,4,4
5,SSCP-52ddd7f531e7d89a,4,4
5,SSCP-52eb639a43711065,4,4
5,SSCP-52f55046703aed9c,4,4
5,SSCP-53570ac13390e6e5,4,4
5,SSCP-53b2d193082aa394,4,4
5,SSCP-53b4c22612e91f3e,4,4
5,SSCP-53b9d0d1e1429325,4,4
5,SSCP-540dd0fd0e2fbfb8,4,4
5,SSCP-542ff88f773297ac,4,4
5,SSCP-546c0756f7ddf393,4,4
5,SSCP-549ef68ed7ffa320,4,4
5,SSCP-54d15ee02068b0fb,4,4
5,SSCP-550b6081cd5629fe,4,4
5,SSCP-55a1844299112e8a,4,4
5,SSCP-55cfb09876ec8b97,4,4
5,SSCP-55e6ee4a59413da1,4,4
5,SSCP-5617703ed2f56bf8,4,4
5,SSCP-562dd351c70e5c7b,4,4
5,SSCP-567fca0bd9510e4f,4,4
5,SSCP-56d3d91fe99be02c,4,4
5,SSCP-56e9283cdef957d2,4,4
5,SSCP-5701005faec66d63,4,4
5,SSCP-572df4ef34829587,4,4
5,SSCP-57605bf6fc1703a1,4,4
5,SSCP-576cf8da960e3ae3,4,4
5,SSCP-57a5f2072811bf6f,4,4
5,SSCP-57dfb6ba338e078a,4,4
5,SSCP-58057f04e269ebd8,4,4
5,SSCP-582a82a23cdbf531,4,4
5,SSCP-5842a702744b2cc2,4,4
5,SSCP-5843b05db01f5c40,4,4
5,SSCP-58dbd6be91d050f8,4,4
5,SSCP-58df97e097f72804,4,4
5,SSCP-58f2607d4f37cf46,4,4
5,SSCP-591198e0b0493577,4,4
5,SSCP-592d27cf727a666a,4,4
5,SSCP-594a04ad89c43dd3,4,4
5,SSCP-597d1a2c21051c36,4,4
5,SSCP-59b306186cc8dc00,4,4
5,SSCP-59fdc190f26c95f0,4,4
5,SSCP-5a178d6b2b43c8e6,4,4
5,SSCP-5a5bed43397fd034,4,4
5,SSCP-5a65fd73f334c5ef,4,4
5,SSCP-5a70222a4047ef99,4,4
5,SSCP-5a818ef0fa159a3c,4,4
5,SSCP-5a862276480d10f5,4,4
5,SSCP-5ae4c32993a648a7,4,4
5,SSCP-5aeb2f3c5db0bd93,4,4
5,SSCP-5afd90c8c5057500,4,4
5,SSCP-5b337588d8cedbd5,4,4
5,SSCP-5b4d66dffc9118fe,4,4
5,SSCP-5b5386ffe2acd4c8,4,4
5,SSCP-5b6355ac829aa731,4,4
5,SSCP-5bac4803b94aeec1,4,4
5,SSCP-5bf866fda97ee353,4,4
5,SSCP-5c4feaa1a51ec358,4,4
5,SSCP-5c5a6b0169af7a69,4,4
5,SSCP-5c903c43dcde2f4e,4,4
5,SSCP-5cd6baec72f3da64,4,4
5,SSCP-5d12837d268edcd8,4,4
5,SSCP-5d78a029d85f3db6,4,4
5,SSCP-5daa7de5cc883dac,4,4
5,SSCP-5dabb430b2297cca,4,4
5,SSCP-5dd2b6657bd6ceb4,4,4
5,SSCP-5ddf264ece52d08c,4,4
5,SSCP-5e0443154198b0c9,4,4
5,SSCP-5e4f4a23d4604220,4,4
5,SSCP-5e6de1859194cdcd,4,4
5,SSCP-5e775445911eb13d,4,4
5,SSCP-5ea94f4b8aff35ac,4,4
5,SSCP-5ec3758471262685,4,4
5,SSCP-5f2b5e8ed0901729,4,4
5,SSCP-5f4b46409cd5c000,4,4
5,SSCP-5f6bfa91989b148d,4,4
5,SSCP-5f6ec20edc91ee6d,4,4
5,SSCP-5ff27ad46baf27ca,4,4
5,SSCP-6013942a3baf564c,4,4
5,SSCP-6029208be7945559,4,4
5,SSCP-602c6a5b08db886a,4,4
5,SSCP-6039cc6f6a0b11a5,4,4
5,SSCP-603b163a1e5bc6ce,4,4
5,SSCP-609b4bbc6c22aa27,4,4
5,SSCP-60d36a60ad9b1b8b,4,4
5,SSCP-61007b353ce8cb7e,4,4
5,SSCP-6101bd873b4e8b63,4,4
5,SSCP-613085e7c5da7b40,4,4
5,SSCP-613d400fe2005eb1,4,4
5,SSCP-615878e0f8fc01ef,4,4
5,SSCP-6175a1c1a70b5c1b,4,4
5,SSCP-6198bac3774963d3,4,4
5,SSCP-624f80971e985ab2,4,4
5,SSCP-6274640858e68887,4,4
5,SSCP-627ec2eb9494d256,4,4
5,SSCP-62a7743bfe93dde9,4,4
5,SSCP-62e9a0ae050b8703,4,4
5,SSCP-631a31afed7d09fc,4,4
5,SSCP-6398359090a89704,4,4
5,SSCP-63be9c481f6e802b,4,4
5,SSCP-63d17108454b579d,4,4
5,SSCP-642757e4723b7b93,4,4
5,SSCP-644405e02c7b8b12,4,4
5,SSCP-644c19994a43dc07,4,4
5,SSCP-6475b56f08c83605,4,4
5,SSCP-64801f0f766820e0,4,4
5,SSCP-6485cbf77b459ecd,4,4
5,SSCP-6488547e21de6827,4,4
5,SSCP-6499df16230646af,4,4
5,SSCP-649dbbc7edc1c22a,4,4
5,SSCP-64e864f72dcacc77,4,4
5,SSCP-65b1c6680a5999dd,4,4
5,SSCP-65d1e9990d2c9994,4,4
5,SSCP-65fab0878e2604a5,4,4
5,SSCP-6667ba5e44fbbe8f,4,4
5,SSCP-669561f86bc8c954,4,4
5,SSCP-66b3fadaeb32c894,4,4
5,SSCP-670dc945a101811e,4,4
5,SSCP-670e24c746d5f682,4,4
5,SSCP-673f6532d9f6b25f,4,4
5,SSCP-67416c026576acde,4,4
5,SSCP-67b7cd5729622398,4,4
5,SSCP-6802f290cd2ad698,4,4
5,SSCP-680db35663a52f20,4,4
5,SSCP-681c2afd2ce35577,4,4
5,SSCP-68502a00d6148f4b,4,4
5,SSCP-68b564766c370b96,4,4
5,SSCP-68d37095602ab51d,4,4
5,SSCP-68f34b2dd698450e,4,4
5,SSCP-69547adc99b15544,4,4
5,SSCP-6977e4665c5dc3e8,4,4
5,SSCP-697eebe472a6afa7,4,4
5,SSCP-698f87278d00ae6d,4,4
5,SSCP-69baa2a6511b4a37,4,4
5,SSCP-69bb6909865761fd,4,4
5,SSCP-6a85a193dd33b9db,4,4
5,SSCP-6a86e46a5f9ec039,4,4
5,SSCP-6a8f7a5e6775ba8d,4,4
5,SSCP-6b640c45dddb7433,4,4
5,SSCP-6baf61573aae6b8c,4,4
5,SSCP-6bc806b98b53bc73,4,4
5,SSCP-6bdfe639bec1b0b7,4,4
5,SSCP-6c187cdb576e04a2,4,4
5,SSCP-6c240e50c3635136,4,4
5,SSCP-6c98ba8e293779cc,4,4
5,SSCP-6ca7744146055000,4,4
5,SSCP-6caaa1e8c5dd70b1,4,4
5,SSCP-6cab232ee0fe3373,4,4
5,SSCP-6cb274b753c99ea4,4,4
5,SSCP-6cb38d46048c68d4,4,4
5,SSCP-6d0f9af532d4f2a5,4,4
5,SSCP-6d15fc7d87237bff,4,4
5,SSCP-6d38e9ad7ecadb1f,4,4
5,SSCP-6d850e13db22121d,4,4
5,SSCP-6dc89606e15a5cb7,4,4
5,SSCP-6dd65f49274c7f16,4,4
5,SSCP-6dec2d3181706ecb,4,4
5,SSCP-6deeb290b8bd022a,4,4
5,SSCP-6dfbb11024b3a6da,4,4
5,SSCP-6e9d38878c90aa9d,4,4
5,SSCP-6ec3dcba923c7a29,4,4
5,SSCP-6ec893231d0d87ca,4,4
5,SSCP-6ef8adfbcadb1841,4,4
5,SSCP-6f1b9793bd32f2fa,4,4
5,SSCP-6f1deced1b4b237c,4,4
5,SSCP-6f347e2161e03159,4,4
5,SSCP-6fc9e672006b979c,4,4
5,SSCP-6ffc33c63794ce67,4,4
5,SSCP-706bb026cabcd437,4,4
5,SSCP-70c431b8b0bccf9a,4,4
5,SSCP-70c8e2ed5d339db5,4,4
5,SSCP-71389076d7955097,4,4
5,SSCP-7180b6559623d2ef,4,4
5,SSCP-71c8e8ec87bbd3a3,4,4
5,SSCP-721d5db85c053e48,4,4
5,SSCP-721f25377a23065a,4,4
5,SSCP-72582fd5dcf6eb1d,4,4
5,SSCP-726f9b0239ba5c64,4,4
5,SSCP-728fcd4656767bb6,4,4
5,SSCP-72a3f0e0b2f5d480,4,4
5,SSCP-72c0fc6402bbe1d4,4,4
5,SSCP-72f0adbff2caa0c9,4,4
5,SSCP-730f1c61b452bd1b,4,4
5,SSCP-73392d344c6e8ea1,4,4
5,SSCP-7355ee7e2d2b17b3,4,4
5,SSCP-73844130f24ea55d,4,4
5,SSCP-738e6eb1f3fe8710,4,4
5,SSCP-73b44a0b970fd2d5,4,4
5,SSCP-73d3dea985e627f5,4,4
5,SSCP-73ed7c2a99ca58b6,4,4
5,SSCP-74203d4c94985aa5,4,4
5,SSCP-74477107dc2f740d,4,4
5,SSCP-7465285595fde2e3,4,4
5,SSCP-74d50fe5760a6ea3,4,4
5,SSCP-74fd074c2d6a33cb,4,4
5,SSCP-752483a7f1a2e961,4,4
5,SSCP-752e8969dc9b85a8,4,4
5,SSCP-75315f68ae6ad8d3,4,4
5,SSCP-756438497dfbd3c6,4,4
5,SSCP-75652c6d974acb81,4,4
5,SSCP-758a2210c23a7a52,4,4
5,SSCP-758f8f669f8bb241,4,4
5,SSCP-7592036347df4583,4,4
5,SSCP-75e7ca0d93677706,4,4
5,SSCP-767961a4550b72ee,4,4
5,SSCP-76cdb90503681448,4,4
5,SSCP-7702dcced3fa5498,4,4
5,SSCP-771de0dd48e13b6d,4,4
5,SSCP-775207567d4017f5,4,4
5,SSCP-776605edca654a5d,4,4
5,SSCP-776608c7bc8d94e4,4,4
5,SSCP-777122ad3522ebc3,4,4
5,SSCP-78047fe23b8f921b,4,4
5,SSCP-787077e6f935d110,4,4
5,SSCP-78873283d303fc73,4,4
5,SSCP-788b9f97437fc834,4,4
5,SSCP-78abcb74c229b817,4,4
5,SSCP-78b7db3d8737335f,4,4
5,SSCP-79034c07ac3bb8e0,4,4
5,SSCP-799a0c892ee7aea3,4,4
5,SSCP-79aa23958c9cb494,4,4
5,SSCP-7a64d3c952a4ea8f,4,4
5,SSCP-7a7685da261564e2,4,4
5,SSCP-7a9020e8b1a4d0e6,4,4
5,SSCP-7b42eb060bf669fc,4,4
5,SSCP-7b8c87e6bfd020c4,4,4
5,SSCP-7b8cb0844432995e,4,4
5,SSCP-7bbfd97166043ca2,4,4
5,SSCP-7bcf9f48a516a5ca,4,4
5,SSCP-7bdae0e52b913db1,4,4
5,SSCP-7bdb694bd46842ed,4,4
5,SSCP-7c242c996d1402e3,4,4
5,SSCP-7c5908b9d2eb2dbd,4,4
5,SSCP-7c73255fbb9a6c79,4,4
5,SSCP-7c8e1b4dce99b868,4,4
5,SSCP-7cc90703c6c62e84,4,4
5,SSCP-7cd0661973d77339,4,4
5,SSCP-7ceadcb1b064968f,4,4
5,SSCP-7cfbd9c0e4b714af,4,4
5,SSCP-7d82ea52c8a5b6ad,4,4
5,SSCP-7d9310aedd1ab1ed,4,4
5,SSCP-7ddb9c963b43ebfb,4,4
5,SSCP-7ddcf65c5a7485f5,4,4
5,SSCP-7de370b0ef34b09c,4,4
5,SSCP-7e650bc8c7bb08a5,4,4
5,SSCP-7e88d8c1baa8b3b3,4,4
5,SSCP-7eb2fd7257d07dfd,4,4
5,SSCP-7eba8ada5f53fa98,4,4
5,SSCP-7ec615dccacb84b9,4,4
5,SSCP-7ed483146201d4cd,4,4
5,SSCP-7edd92fceb8b2d8a,4,4
5,SSCP-7ef4207b0ce2db69,4,4
5,SSCP-7f3c712ccac9c81f,4,4
5,SSCP-7f42d06a6265efc0,4,4
5,SSCP-7f46605c6b96056c,4,4
5,SSCP-7f581017f2221bba,4,4
5,SSCP-7f71e2eca1a719be,4,4
5,SSCP-7f86768957cc6e72,4,4
5,SSCP-7fa91aca9c172173,4,4
5,SSCP-8007d447f59dd36f,4,4
5,SSCP-8011fac22bb116f4,4,4
5,SSCP-80180565689ced62,4,4
5,SSCP-809d25edbfcf1ccf,4,4
5,SSCP-810ecc03ca902bd7,4,4
5,SSCP-8127c0c6132d911b,4,4
5,SSCP-814d30b9b6519d6f,4,4
5,SSCP-818d4f37ed014c32,4,4
5,SSCP-81a1a16d9684666c,4,4
5,SSCP-8265d37bb459ad35,4,4
5,SSCP-82da7b0f1c35e07c,4,4
5,SSCP-8346ec7aa76a3adf,4,4
5,SSCP-836b6aa334120003,4,4
5,SSCP-83e726ecd0c08db5,4,4
5,SSCP-840d39e53d38d15b,4,4
5,SSCP-8437489a2dc93b9a,4,4
5,SSCP-84636119f1c7252e,4,4
5,SSCP-8493f0a3fd713a52,4,4
5,SSCP-8504f391f578d5e2,4,4
5,SSCP-853ab9245cffc1c6,4,4
5,SSCP-854c92ca754bf485,4,4
5,SSCP-8555d987cf0904a0,4,4
5,SSCP-8598d19f4a4c128f,4,4
5,SSCP-85e57f3de06b9cb1,4,4
5,SSCP-861d09f5ffced859,4,4
5,SSCP-86392e483248cab3,4,4
5,SSCP-8644ad0045229255,4,4
5,SSCP-8662aaf548ad70f3,4,4
5,SSCP-86c8d7bd8c8a863a,4,4
5,SSCP-86f4de9843e2028f,4,4
5,SSCP-86f9e050ac50ca48,4,4
5,SSCP-87091310626dffa0,4,4
5,SSCP-872175e71a22665b,4,4
5,SSCP-8764d9a31aa5ff9d,4,4
5,SSCP-8780058f971e260a,4,4
5,SSCP-885b82a7d4c87087,4,4
5,SSCP-88617f6bffb074f2,4,4
5,SSCP-88dc9a25c98093e9,4,4
5,SSCP-88eb75c57df7aef1,4,4
5,SSCP-88fb285ff2732a96,4,4
5,SSCP-89481d209499e35d,4,4
5,SSCP-896fcb2773e1257a,4,4
5,SSCP-89a2b3d39e721c9f,4,4
5,SSCP-89a43cefbbb15f95,4,4
5,SSCP-89b65d444c30732a,4,4
5,SSCP-89b8839e0c7573c8,4,4
5,SSCP-89cd8a01ee43345e,4,4
5,SSCP-89cdce005bfda3c7,4,4
5,SSCP-89d4cd3fc0afd848,4,4
5,SSCP-89e2b2566481c1b9,4,4
5,SSCP-89f1de97df908a84,4,4
5,SSCP-8a4b207766e6153d,4,4
5,SSCP-8a56e5aa78908124,4,4
5,SSCP-8a656737fb32b887,4,4
5,SSCP-8a9d45c05ae5ab38,4,4
5,SSCP-8ac1d82ea8896fa7,4,4
5,SSCP-8ae7db6e46cd1d7e,4,4
5,SSCP-8af0ce4b95aa1a8f,4,4
5,SSCP-8b6c65cf0ba59f10,4,4
5,SSCP-8b6d6e938ae50308,4,4
5,SSCP-8b9be1a70a4ff655,4,4
5,SSCP-8b9f1fd277b6e621,4,4
5,SSCP-8bd9571061c4cc8a,4,4
5,SSCP-8bdcbe39db73716d,4,4
5,SSCP-8be96299ff4a7497,4,4
5,SSCP-8c0e5b66ebf016f2,4,4
5,SSCP-8c9a156ff3be6065,4,4
5,SSCP-8cbc90eee8f9c342,4,4
5,SSCP-8cd890be105529ec,4,4
5,SSCP-8cec2832d002f84c,4,4
5,SSCP-8cf8aa6144282738,4,4
5,SSCP-8d2f2a16ff73fc00,4,4
5,SSCP-8d63bbce652c8c96,4,4
5,SSCP-8d9276a72a72de33,4,4
5,SSCP-8d92fe5961a4a83b,4,4
5,SSCP-8ddf135d4bf48bdf,4,4
5,SSCP-8e1e9b24851173d4,4,4
5,SSCP-8e33023e4b7213ec,4,4
5,SSCP-8e42757a8efda1b2,4,4
5,SSCP-8e6e95bd7d030236,4,4
5,SSCP-8e768b522c1939c0,4,4
5,SSCP-8ea2f1e461b1b494,4,4
5,SSCP-8f2760f9d2c9c77d,4,4
5,SSCP-8f34f661db207cd7,4,4
5,SSCP-8f4b6ce82f72c7c9,4,4
5,SSCP-8f83ca55c0250c75,4,4
5,SSCP-8f9d63812b1ccb76,4,4
5,SSCP-8fb22d6c9770ef29,4,4
5,SSCP-8fbc48116aa3b604,4,4
5,SSCP-8fbd1b09d9a4b3af,4,4
5,SSCP-8fd02211cb5d822c,4,4
5,SSCP-8fea73cb63066b45,4,4
5,SSCP-90068efce083eda3,4,4
5,SSCP-9009169d1cf93971,4,4
5,SSCP-90093f20424369aa,4,4
5,SSCP-90277585f8d1b6ca,4,4
5,SSCP-90c7863cc61efd22,4,4
5,SSCP-912f9cf7200f28c2,4,4
5,SSCP-919f99b329cdf8cc,4,4
5,SSCP-91dc81bbbb3208f4,4,4
5,SSCP-926c7ea75aeb8fac,4,4
5,SSCP-927335ad59e48c4d,4,4
5,SSCP-928b69aad49bd424,4,4
5,SSCP-928e8518da39aaf3,4,4
5,SSCP-92c4b9c89778fe53,4,4
5,SSCP-92f04c96265d4e88,4,4
5,SSCP-93451bbe6ba9e7f6,4,4
5,SSCP-934636ff748875b7,4,4
5,SSCP-941871a4268d5ef8,4,4
5,SSCP-94505fc594b80bc7,4,4
5,SSCP-94ababd714cc9dce,4,4
5,SSCP-94ac7a5d8d19374b,4,4
5,SSCP-94de21ccf0358005,4,4
5,SSCP-9509ac434b9379a7,4,4
5,SSCP-95989866ece3bc72,4,4
5,SSCP-95a6704c319f0ec9,4,4
5,SSCP-95f2e273fedf70a1,4,4
5,SSCP-96084ee10bc854ca,4,4
5,SSCP-9647a991bccf21a7,4,4
5,SSCP-96514ea028d74d38,4,4
5,SSCP-968ebf03b7c5fb6a,4,4
5,SSCP-96a69b0e531ae59b,4,4
5,SSCP-96ec53652f16c072,4,4
5,SSCP-972686a6c33ab486,4,4
5,SSCP-974abba227edb1b3,4,4
5,SSCP-97518326310250b2,4,4
5,SSCP-976252ee0b357d97,4,4
5,SSCP-97762c6c24c21954,4,4
5,SSCP-97b3ce0ff58fb0ca,4,4
5,SSCP-97dae1bb862344e2,4,4
5,SSCP-984e94c04c7f504b,4,4
5,SSCP-98780b8600597b33,4,4
5,SSCP-98b2e1af4947c3e8,4,4
5,SSCP-98c46fc285c6c703,4,4
5,SSCP-98e4d1c9c265bb3b,4,4
5,SSCP-98e79333cc34c9ad,4,4
5,SSCP-9900dddbfb3dbb18,4,4
5,SSCP-99811e5acc8e37b7,4,4
5,SSCP-9988bc1cecd16104,4,4
5,SSCP-99cf0465468da9cf,4,4
5,SSCP-9a06ad25e873c93f,4,4
5,SSCP-9a42224a147bf07c,4,4
5,SSCP-9a463fd615ff5b98,4,4
5,SSCP-9a563ec83e3d854a,4,4
5,SSCP-9a593af0eeef8c0d,4,4
5,SSCP-9ac14b97da2a3553,4,4
5,SSCP-9adc496c82422ac6,4,4
5,SSCP-9af4d4af6db38393,4,4
5,SSCP-9b182e71a1c85c54,4,4
5,SSCP-9b5312bbd47cfd4e,4,4
5,SSCP-9b6f50e0e3cef0d9,4,4
5,SSCP-9bced350ee4f8db5,4,4
5,SSCP-9c3b59749b75d1cc,4,4
5,SSCP-9cbea5ab2a1419f9,4,4
5,SSCP-9cc65caed4c90b55,4,4
5,SSCP-9d0086f0bb7a7714,4,4
5,SSCP-9d249510625e0baf,4,4
5,SSCP-9d42e9a8d14aa424,4,4
5,SSCP-9d51c62c5059400a,4,4
5,SSCP-9d542eae17aaf2ed,4,4
5,SSCP-9d7f32d9596aaf20,4,4
5,SSCP-9d829eb6129c97d2,4,4
5,SSCP-9d89939671d6bb81,4,4
5,SSCP-9da897547decec54,4,4
5,SSCP-9db713cf4e8657df,4,4
5,SSCP-9e03f9d1764f0c24,4,4
5,SSCP-9e2e4b20daa45878,4,4
5,SSCP-9e614539ccc4b9bd,4,4
5,SSCP-9e9f2e71e9ae1db2,4,4
5,SSCP-9eb3f601fd20befc,4,4
5,SSCP-9ec53303d92ade3e,4,4
5,SSCP-9f6eaee9ccf6bf0e,4,4
5,SSCP-9f9dc0c2e63db4b1,4,4
5,SSCP-9fbb12136d124295,4,4
5,SSCP-9fccc550ceee9d54,4,4
5,SSCP-9fd1c91770bc45db,4,4
5,SSCP-a008cfdb16a7b167,4,4
5,SSCP-a035401b0b2e90b7,4,4
5,SSCP-a099df84b9551b92,4,4
5,SSCP-a0a8f4db0758348b,4,4
5,SSCP-a0df4e23fe8c388a,4,4
5,SSCP-a0eff1bce624a57c,4,4
5,SSCP-a1126d0f63feb6d7,4,4
5,SSCP-a1484e3d7df86f75,4,4
5,SSCP-a14db0bbddaa41da,4,4
5,SSCP-a14f71c3681d4e79,4,4
5,SSCP-a15c7a78af6c52ab,4,4
5,SSCP-a18000945291350f,4,4
5,SSCP-a1ba4247b8008370,4,4
5,SSCP-a1f06dfb5435e347,4,4
5,SSCP-a2b0014c5975279c,4,4
5,SSCP-a2bfa0dd3af33e43,4,4
5,SSCP-a2f8e5eb1265fda7,4,4
5,SSCP-a31f37d7a6fb772d,4,4
5,SSCP-a338ef4fb3c3fc7a,4,4
5,SSCP-a33f68c5ec7a1af2,4,4
5,SSCP-a34614376f11b3af,4,4
5,SSCP-a360f416ad250281,4,4
5,SSCP-a38890ca6ac3250e,4,4
5,SSCP-a39de95188bcd01e,4,4
5,SSCP-a39f73c3110113af,4,4
5,SSCP-a3d6439b441fc497,4,4
5,SSCP-a3f1ae8f42efd4da,4,4
5,SSCP-a3f719f29b139627,4,4
5,SSCP-a40101e65b6653d1,4,4
5,SSCP-a412a2d4bddc93a8,4,4
5,SSCP-a413a8e8194e8460,4,4
5,SSCP-a46728be64b7e2ae,4,4
5,SSCP-a4ac8a419fd11687,4,4
5,SSCP-a4af7c169ea90866,4,4
5,SSCP-a4be0465f39338ae,4,4
5,SSCP-a4cea69210faa495,4,4
5,SSCP-a4e29f98659ed635,4,4
5,SSCP-a5108853addcc52c,4,4
5,SSCP-a5e0ee0b3bee4606,4,4
5,SSCP-a5e4ead972ba1d4e,4,4
5,SSCP-a64740f967efcd51,4,4
5,SSCP-a6538b36308c6a2d,4,4
5,SSCP-a68d6f479629c980,4,4
5,SSCP-a6f93f70fb3ecd19,4,4
5,SSCP-a7070a6561140f9d,4,4
5,SSCP-a72c2d30ced6be31,4,4
5,SSCP-a7f1d15aebb81cde,4,4
5,SSCP-a82061073f2930d0,4,4
5,SSCP-a825c5de47867670,4,4
5,SSCP-a8532da380719c17,4,4
5,SSCP-a8567bc6ca9ac23c,4,4
5,SSCP-a8872aaac1e540fc,4,4
5,SSCP-a89fd73fc8889210,4,4
5,SSCP-a8a45b4b68fb87d4,4,4
5,SSCP-a8a4fb1fa665dc69,4,4
5,SSCP-a8acebdfada68758,4,4
5,SSCP-a9156b013e29b72d,4,4
5,SSCP-a943b15e2035d87d,4,4
5,SSCP-a98abfd3affc4c05,4,4
5,SSCP-a9f4753de74b6bcc,4,4
5,SSCP-aa5c0d59d70cd809,4,4
5,SSCP-aa6516838aad47dc,4,4
5,SSCP-aa84c5b35824cdb4,4,4
5,SSCP-ab363a44df27a2ec,4,4
5,SSCP-ab6d3b1a0bd0cf5b,4,4
5,SSCP-ab72cdb9b66d2cd9,4,4
5,SSCP-ab95e5bcf381c2e7,4,4
5,SSCP-abc699d2a49faf63,4,4
5,SSCP-abdcfaf9686c61dd,4,4
5,SSCP-ac1564636c95f72a,4,4
5,SSCP-ac362179e2635280,4,4
5,SSCP-acf00569c0eac3fa,4,4
5,SSCP-ad022cc6ea51a554,4,4
5,SSCP-ad37ab749b8d3d97,4,4
5,SSCP-ad5b3f2d4f8f53b3,4,4
5,SSCP-ad823ac21201064f,4,4
5,SSCP-ad83427ddc10cac2,4,4
5,SSCP-ade85a32256a4911,4,4
5,SSCP-ae13e7e4e17c339b,4,4
5,SSCP-ae1e0110b1a6ac16,4,4
5,SSCP-ae5dc8868a864194,4,4
5,SSCP-ae8355234abdcb1a,4,4
5,SSCP-aeb2946cff52ee23,4,4
5,SSCP-af00faf4c56a600b,4,4
5,SSCP-af65f049d202a689,4,4
5,SSCP-af8fef0e061f54a5,4,4
5,SSCP-afa6cede9beb7144,4,4
5,SSCP-affcfc3d6dfd13f4,4,4
5,SSCP-b010789f1ebcb48e,4,4
5,SSCP-b047065bbe1da368,4,4
5,SSCP-b06c58bf3fb3c97f,4,4
5,SSCP-b07ae3539ce12d9a,4,4
5,SSCP-b0fafded5f38b566,4,4
5,SSCP-b1185a16406f3eab,4,4
5,SSCP-b1613ee9d3b9cc53,4,4
5,SSCP-b1a193c43e5b448f,4,4
5,SSCP-b1c79325899ada63,4,4
5,SSCP-b211757f9dae5f27,4,4
5,SSCP-b219d1ecff50b24c,4,4
5,SSCP-b2333d1d98fe2314,4,4
5,SSCP-b271805de50f0586,4,4
5,SSCP-b29edbf0bbc2354a,4,4
5,SSCP-b2fa017aa07de22d,4,4
5,SSCP-b2fc60edfc0e1880,4,4
5,SSCP-b30c8b46e7349923,4,4
5,SSCP-b32d2f8dc6f79d49,4,4
5,SSCP-b390f0a5c131e74e,4,4
5,SSCP-b39f0d70b3b45931,4,4
5,SSCP-b3a7a3b54933844f,4,4
5,SSCP-b3b6b5be7dcea9fe,4,4
5,SSCP-b3dcd733812e60b6,4,4
5,SSCP-b3f51cf60c2c9408,4,4
5,SSCP-b3fc2c4c8c8f9c9a,4,4
5,SSCP-b4230d594cc7fc73,4,4
5,SSCP-b44f1935f4c5a23e,4,4
5,SSCP-b45dbfd66005db5f,4,4
5,SSCP-b4907e4c2a8b46c3,4,4
5,SSCP-b4cfa591855bd3db,4,4
5,SSCP-b4e5cf3885cb3b82,4,4
5,SSCP-b4f87b7456659d0b,4,4
5,SSCP-b50feb498a7c76bc,4,4
5,SSCP-b565e805b5983e0f,4,4
5,SSCP-b5b17254374ddffe,4,4
5,SSCP-b629030726d7da50,4,4
5,SSCP-b63dd4dd6e0783f5,4,4
5,SSCP-b649cdd9d989eb47,4,4
5,SSCP-b657eca362afcaba,4,4
5,SSCP-b68f7ab4465a68cb,4,4
5,SSCP-b69c5ef89dd9da9d,4,4
5,SSCP-b6c63c3b0168fa55,4,4
5,SSCP-b6d4576f01d85d32,4,4
5,SSCP-b6f798130f72ba93,4,4
5,SSCP-b7352cc49da80d1b,4,4
5,SSCP-b79a5cee218b87f7,4,4
5,SSCP-b7cf3359af309d74,4,4
5,SSCP-b7d7ca4dc10f2c65,4,4
5,SSCP-b8018f5caeccd4b2,4,4
5,SSCP-b833c1616fea6d0d,4,4
5,SSCP-b889b14a5b99669b,4,4
5,SSCP-b89f5734a8fc1ae8,4,4
5,SSCP-b8a33e379c178a01,4,4
5,SSCP-b8c14ad71c976713,4,4
5,SSCP-b8f69140b2ab94a7,4,4
5,SSCP-b9085854a6161efa,4,4
5,SSCP-b96683d071db44e9,4,4
5,SSCP-b994a18a9cc218c0,4,4
5,SSCP-b9ba20ec64664469,4,4
5,SSCP-ba451153524c13aa,4,4
5,SSCP-ba46a686dd963543,4,4
5,SSCP-ba5653c7a9f1ccd5,4,4
5,SSCP-ba980adba864b985,4,4
5,SSCP-bb1a85789267abfc,4,4
5,SSCP-bb23684629f865a5,4,4
5,SSCP-bb5dc5e9851590e6,4,4
5,SSCP-bb9438cbf4de1637,4,4
5,SSCP-bc44b60e0d383224,4,4
5,SSCP-bc5aaeba957f20bb,4,4
5,SSCP-bc68665c426c6e9d,4,4
5,SSCP-bc7953ee531e93e4,4,4
5,SSCP-bd14fefc8e583416,4,4
5,SSCP-bd8c4a181faa96a1,4,4
5,SSCP-bda9b04378fc89c7,4,4
5,SSCP-bdb43d6cb55c2269,4,4
5,SSCP-be03f8d7cbf9a3bc,4,4
5,SSCP-be5abcbea58ec0f1,4,4
5,SSCP-bf1ea35eeb354851,4,4
5,SSCP-bfc8d7e181d8eb2d,4,4
5,SSCP-bff3f40dcf06390b,4,4
5,SSCP-bff542b18b62157c,4,4
5,SSCP-bffadc1fac1563ac,4,4
5,SSCP-c035045de6fb4362,4,4
5,SSCP-c061fa4a2807b1f1,4,4
5,SSCP-c062c148f1f493d1,4,4
5,SSCP-c09f476f284a8c45,4,4
5,SSCP-c0b996c4e952136f,4,4
5,SSCP-c0da76f29a1574b7,4,4
5,SSCP-c154d30924bc439b,4,4
5,SSCP-c1714b17f0e8a0c1,4,4
5,SSCP-c17ab66022f0bba2,4,4
5,SSCP-c17cefa554bb546e,4,4
5,SSCP-c18b8cccd424a619,4,4
5,SSCP-c1a4384e3286c118,4,4
5,SSCP-c1a454e508e5d0f3,4,4
5,SSCP-c1a4ade0697819c9,4,4
5,SSCP-c1a6032afcc9b74f,4,4
5,SSCP-c1c3914e370449d5,4,4
5,SSCP-c236a04ce941a7a9,4,4
5,SSCP-c25cc36ae9f06c53,4,4
5,SSCP-c264ea38aa398186,4,4
5,SSCP-c2a2318810ee041f,4,4
5,SSCP-c321872f919f010e,4,4
5,SSCP-c3219902ce17cea4,4,4
5,SSCP-c340c2ac9eb48721,4,4
5,SSCP-c377083aec334ddd,4,4
5,SSCP-c39dcd8c85fc4690,4,4
5,SSCP-c4231af3360ae94d,4,4
5,SSCP-c4d38fa122ba6742,4,4
5,SSCP-c50006633f8fe748,4,4
5,SSCP-c5258582c5c2ff09,4,4
5,SSCP-c53e4d57a1dbb56c,4,4
5,SSCP-c56612f1b3d64d2b,4,4
5,SSCP-c596a3ae5125759c,4,4
5,SSCP-c63fb866e2f113b4,4,4
5,SSCP-c66297885f1c00e7,4,4
5,SSCP-c69a1daad963f929,4,4
5,SSCP-c6b06ded6879f585,4,4
5,SSCP-c6ffe61c36779788,4,4
5,SSCP-c7222081d9fb768f,4,4
5,SSCP-c739b4310288e7f6,4,4
5,SSCP-c73b4b43f16edd31,4,4
5,SSCP-c7a56708dab8a1bd,4,4
5,SSCP-c7be33c9fbd4bd58,4,4
5,SSCP-c7e9dc57954b9656,4,4
5,SSCP-c87f2d65c29d6282,4,4
5,SSCP-c997416a75f8e691,4,4
5,SSCP-c9df3bd3379ab458,4,4
5,SSCP-ca763f04f3923a72,4,4
5,SSCP-ca8822d25fc544f5,4,4
5,SSCP-ca9a27cf1c70f583,4,4
5,SSCP-caeede47f7872727,4,4
5,SSCP-cb066c6b737e8a1c,4,4
5,SSCP-cb66038499634c3e,4,4
5,SSCP-cba66654f43dbb2b,4,4
5,SSCP-cbc75b0909390d7b,4,4
5,SSCP-cbc961c9bbdfa62b,4,4
5,SSCP-cbd0e608f795938d,4,4
5,SSCP-cc28b3d62a5d2486,4,4
5,SSCP-cc70a9396858b94e,4,4
5,SSCP-cc9af3590503955e,4,4
5,SSCP-cce159f101583e33,4,4
5,SSCP-cd22928454ee1f75,4,4
5,SSCP-cd4a7c9d2e9d3fad,4,4
5,SSCP-cd537cf3e34944bb,4,4
5,SSCP-cd55246a348dd677,4,4
5,SSCP-cd8c43039380b6a9,4,4
5,SSCP-cdc9b2a28de4b7b5,4,4
5,SSCP-ce394e3ac46a744c,4,4
5,SSCP-ce68cfcc91912931,4,4
5,SSCP-cf1ae9aaf69e2117,4,4
5,SSCP-cf2936badf55c0f7,4,4
5,SSCP-cf4296bd71137fed,4,4
5,SSCP-cfb9930b69b9647e,4,4
5,SSCP-cffb899966613277,4,4
5,SSCP-d05ff13723ba08cd,4,4
5,SSCP-d07991a5d5cdfc0e,4,4
5,SSCP-d0839d47c2f6acd9,4,4
5,SSCP-d0ba4f13b7bf4619,4,4
5,SSCP-d0bc18f936d3cda5,4,4
5,SSCP-d0c0c845e285ff6e,4,4
5,SSCP-d0d7d01c360eed32,4,4
5,SSCP-d14ec9243f20f34d,4,4
5,SSCP-d15e656f6b850480,4,4
5,SSCP-d19b7dee5c902eaf,4,4
5,SSCP-d1dc1f8f5ae52817,4,4
5,SSCP-d1f6a23256b161d1,4,4
5,SSCP-d3389bf387eba04c,4,4
5,SSCP-d33f4ad74344b300,4,4
5,SSCP-d3429216657289db,4,4
5,SSCP-d3c19aa0ebcbb384,4,4
5,SSCP-d3e37566945a3686,4,4
5,SSCP-d46c23fd2cee76a3,4,4
5,SSCP-d4b8c2a9947d8d54,4,4
5,SSCP-d4dd818ec77663d1,4,4
5,SSCP-d5215469d28273ab,4,4
5,SSCP-d536aa41b9c9785b,4,4
5,SSCP-d5747b3b3f59f148,4,4
5,SSCP-d57ff1c642d4d0e6,4,4
5,SSCP-d5d475fda03dc575,4,4
5,SSCP-d5db8015510911d4,4,4
5,SSCP-d5dda128d91bcbc0,4,4
5,SSCP-d5dfa5fdc833cf0d,4,4
5,SSCP-d601f27c1e43a5a9,4,4
5,SSCP-d60a63f35f8d812b,4,4
5,SSCP-d67ca092a418c798,4,4
5,SSCP-d67ff1dd78e3beb6,4,4
5,SSCP-d69563c6e282ea8c,4,4
5,SSCP-d6a2a0bdaf935fd4,4,4
5,SSCP-d6f52bce0719b7ec,4,4
5,SSCP-d72f9caed86bfa4b,4,4
5,SSCP-d7770381a1e47826,4,4
5,SSCP-d79039f534e73abb,4,4
5,SSCP-d795a15dcf5371dc,4,4
5,SSCP-d79e2ea776dc5517,4,4
5,SSCP-d7a0a12e5f6358e0,4,4
5,SSCP-d862b1526cd32467,4,4
5,SSCP-d87cfae958a39961,4,4
5,SSCP-d89c76dc99e83a3f,4,4
5,SSCP-d8b4ba1e558eaac8,4,4
5,SSCP-d8e073f9035d604d,4,4
5,SSCP-d8f88e7944a3d7d0,4,4
5,SSCP-d9051db0548548b4,4,4
5,SSCP-d9136674d340a785,4,4
5,SSCP-d954879b82faa1d3,4,4
5,SSCP-d95cd4bf21096b13,4,4
5,SSCP-d9670335a6d8e48b,4,4
5,SSCP-d9b4b99bb294beba,4,4
5,SSCP-d9bfe7d5f2cedcc5,4,4
5,SSCP-d9c55aa337330b7f,4,4
5,SSCP-d9ebcf6ac9c1499f,4,4
5,SSCP-d9f2c1f001d7f508,4,4
5,SSCP-d9f6dbb9f2607bfb,4,4
5,SSCP-da0729bf0dbdf0c2,4,4
5,SSCP-da137a8b0ef1843c,4,4
5,SSCP-da5b4234e6c98d51,4,4
5,SSCP-da6a57ad201ebf2f,4,4
5,SSCP-da857c1f99610617,4,4
5,SSCP-dabcddd29962ce60,4,4
5,SSCP-dabd77691e2b6843,4,4
5,SSCP-daecf015d86714dd,4,4
5,SSCP-dafc1db328e85b9a,4,4
5,SSCP-db1c435a154d8365,4,4
5,SSCP-db2ee181e2e32d21,4,4
5,SSCP-db4936d1d825ef34,4,4
5,SSCP-db5cf29716cfba76,4,4
5,SSCP-dbf4911c3ff0ce26,4,4
5,SSCP-dc2287bbe9be2120,4,4
5,SSCP-dc3a172314f87daf,4,4
5,SSCP-dc4451decca3aefa,4,4
5,SSCP-dc9574f6b7517ae6,4,4
5,SSCP-dcdcfc8788665b45,4,4
5,SSCP-dce0a238a97a3392,4,4
5,SSCP-dd0035f94e82de17,4,4
5,SSCP-dd2512660cd23c08,4,4
5,SSCP-dd3c5e4c427acd1b,4,4
5,SSCP-dd7ca205b237c93e,4,4
5,SSCP-dd9143de6f8523ac,4,4
5,SSCP-dd920214093718d7,4,4
5,SSCP-ddae6950ee46c9c7,4,4
5,SSCP-ddbe180cb70a2290,4,4
5,SSCP-ddd66a699f7042f5,4,4
5,SSCP-de2e08c17abc8756,4,4
5,SSCP-de41e6b2614386ad,4,4
5,SSCP-de5ab7194ac16cbb,4,4
5,SSCP-de658e974fafd528,4,4
5,SSCP-ded086162e58d146,4,4
5,SSCP-df0ac5d63c9ecfd7,4,4
5,SSCP-df1f6f1bad927f6a,4,4
5,SSCP-df3d2851bf05a706,4,4
5,SSCP-df49d83e0e0e7a69,4,4
5,SSCP-df9cd44eb978d25d,4,4
5,SSCP-dfc520db39fa9cd5,4,4
5,SSCP-dfddb0bed62f6c98,4,4
5,SSCP-dfe565870a857192,4,4
5,SSCP-dffaa5501840e570,4,4
5,SSCP-e00da93fbb394177,4,4
5,SSCP-e0146caefaa58336,4,4
5,SSCP-e07c35039fb62cf1,4,4
5,SSCP-e07d150e73aae5c8,4,4
5,SSCP-e086e445ca95e941,4,4
5,SSCP-e0a37bf253eeb79b,4,4
5,SSCP-e0c0c9a7c316729a,4,4
5,SSCP-e170e794621041bc,4,4
5,SSCP-e1be8eecd0758c3d,4,4
5,SSCP-e1fc03497c2542e5,4,4
5,SSCP-e28c37f9a979debd,4,4
5,SSCP-e2f8628fcea5bcbf,4,4
5,SSCP-e32722fb2b2a6519,4,4
5,SSCP-e350ae252fa847f1,4,4
5,SSCP-e4361de50f21be38,4,4
5,SSCP-e473d5adda38f4ce,4,4
5,SSCP-e482fe9e900a92b5,4,4
5,SSCP-e4964f2abbeba8e7,4,4
5,SSCP-e504e3cb19ceb117,4,4
5,SSCP-e52791b70a24d7d1,4,4
5,SSCP-e52d8cf1d0001707,4,4
5,SSCP-e53713ccae62b771,4,4
5,SSCP-e5bc90e83e0472bb,4,4
5,SSCP-e5e124634917ddb0,4,4
5,SSCP-e5fa9d6831093293,4,4
5,SSCP-e5fd0392c26dec78,4,4
5,SSCP-e621baddf9d0aa1e,4,4
5,SSCP-e6241479dd909b9c,4,4
5,SSCP-e627611c9b6aeba4,4,4
5,SSCP-e63196979eec2fff,4,4
5,SSCP-e6944f61f3e7b5c0,4,4
5,SSCP-e6c5219964bb92e3,4,4
5,SSCP-e6d996b9d1b84629,4,4
5,SSCP-e718a27d244f6f24,4,4
5,SSCP-e7523986bcd9cb09,4,4
5,SSCP-e756b20919011c6e,4,4
5,SSCP-e7b3c3f30b5ef459,4,4
5,SSCP-e7bba3546fe6f226,4,4
5,SSCP-e80e82ec664e097d,4,4
5,SSCP-e830a02156c889f1,4,4
5,SSCP-e89dd4b4b5c39dd3,4,4
5,SSCP-e9027f55a4378c69,4,4
5,SSCP-e929b12fed4495ce,4,4
5,SSCP-e92b0dc487c3507c,4,4
5,SSCP-e98f9717872c31c8,4,4
5,SSCP-e9aee796de3f16b8,4,4
5,SSCP-ea019b51b874bec7,4,4
5,SSCP-ea78c17d6510739a,4,4
5,SSCP-ea7ca91deac6154f,4,4
5,SSCP-ea8e2edef8c18103,4,4
5,SSCP-eacab584b9e832dc,4,4
5,SSCP-eae77cfbcfb28ea8,4,4
5,SSCP-eaed04f8ecf9beea,4,4
5,SSCP-eb0a83e384fcf105,4,4
5,SSCP-eb3ae41327f1b66b,4,4
5,SSCP-eb54b7c076eda1a4,4,4
5,SSCP-eb9e678e97f2eab1,4,4
5,SSCP-eba3aa358d1b1410,4,4
5,SSCP-ebda490c4256b52b,4,4
5,SSCP-ec2c5dde275d8769,4,4
5,SSCP-ec31679a58f660a1,4,4
5,SSCP-ecb5a069605a1719,4,4
5,SSCP-ecea21c29ebc39cd,4,4
5,SSCP-ecfcaceb944571a7,4,4
5,SSCP-ed72b0067d270e57,4,4
5,SSCP-ed8166faf05b7c59,4,4
5,SSCP-ed921128bd97a919,4,4
5,SSCP-edab51c1f1609956,4,4
5,SSCP-edbfa56ba4233653,4,4
5,SSCP-edd1d9b82d7bed21,4,4
5,SSCP-ede26c7e8acdbb6f,4,4
5,SSCP-ee02249232c502e7,4,4
5,SSCP-ee1a3abbe7b586b1,4,4
5,SSCP-ee38feb24a5cf2b2,4,4
5,SSCP-ee4da9e98f0d02ca,4,4
5,SSCP-ee5eccb8a2254c88,4,4
5,SSCP-ee7ae221e9a624c9,4,4
5,SSCP-ee9c3b3ffbfc80d6,4,4
5,SSCP-eedfdbaf90d702d9,4,4
5,SSCP-ef42516076c53c61,4,4
5,SSCP-ef4915bc6369fba0,4,4
5,SSCP-f04ccf4d279abb46,4,4
5,SSCP-f0b1e8f1e839dd19,4,4
5,SSCP-f0d1a17a6e5c4bc2,4,4
5,SSCP-f0e36f1804d3c3e9,4,4
5,SSCP-f14064207d4cc877,4,4
5,SSCP-f18d1465b941d1a7,4,4
5,SSCP-f19aee5670456402,4,4
5,SSCP-f1a2ac2c6b96b407,4,4
5,SSCP-f1b7621009b55865,4,4
5,SSCP-f1d49beeb0166014,4,4
5,SSCP-f1d4daaea9240ec7,4,4
5,SSCP-f228c1f261c7e525,4,4
5,SSCP-f24beae95f236cdb,4,4
5,SSCP-f31e9b483a3393de,4,4
5,SSCP-f3204d149be7e008,4,4
5,SSCP-f34feb52c26c9c61,4,4
5,SSCP-f3a50cbf78cb3e61,4,4
5,SSCP-f3a88b4b0caa9cac,4,4
5,SSCP-f3c2b8ac264e5316,4,4
5,SSCP-f3c7a592f5c3e013,4,4
5,SSCP-f3cae26c9cba6375,4,4
5,SSCP-f478b5e613fe8f27,4,4
5,SSCP-f48e7e7bbb41cd39,4,4
5,SSCP-f4b27d3f7b845d4a,4,4
5,SSCP-f4e55b501e8624c7,4,4
5,SSCP-f549da74be9ffadc,4,4
5,SSCP-f55cde32a831e71f,4,4
5,SSCP-f58f78bd36a39e56,4,4
5,SSCP-f595ea4364101471,4,4
5,SSCP-f5f128cd5e23306a,4,4
5,SSCP-f66b0eaf80f4c847,4,4
5,SSCP-f67f5a3029c8bb10,4,4
5,SSCP-f680b30e83c951be,4,4
5,SSCP-f682bb5c9871d953,4,4
5,SSCP-f6877187efd0505b,4,4
5,SSCP-f69e7540c4a98c90,4,4
5,SSCP-f6ae95b2e3de1a51,4,4
5,SSCP-f6b90ef5c321e4a2,4,4
5,SSCP-f6ceb0f9da6734d9,4,4
5,SSCP-f707e61e5783d0de,4,4
5,SSCP-f70dd8b4eea2557e,4,4
5,SSCP-f71840f1a7198f80,4,4
5,SSCP-f756603d1849722a,4,4
5,SSCP-f77d86cb9d54ea6f,4,4
5,SSCP-f7ac1b5da5b1a000,4,4
5,SSCP-f7d8aa1f9fa534db,4,4
5,SSCP-f7f08fbadc07e0c9,4,4
5,SSCP-f7f426af6eea6fb7,4,4
5,SSCP-f83c854f1663efd3,4,4
5,SSCP-f844ae05e69b0d85,4,4
5,SSCP-f85f125bb46df07a,4,4
5,SSCP-f88556e5d56cbda8,4,4
5,SSCP-f8902246fb89d425,4,4
5,SSCP-f8a63fecd8343901,4,4
5,SSCP-f8aced3489a6acd0,4,4
5,SSCP-f8b2e9e035c1cacf,4,4
5,SSCP-f8cc98dbcd227ad7,4,4
5,SSCP-f8f7a15bed98190c,4,4
5,SSCP-f9abd17f5762030f,4,4
5,SSCP-f9ae7fd0d9f43377,4,4
5,SSCP-f9f5d578ede9fc20,4,4
5,SSCP-fa66a1a8852d09ab,4,4
5,SSCP-fa6c3581351506e9,4,4
5,SSCP-fa849b09a53f8b80,4,4
5,SSCP-faa5ef120003cc81,4,4
5,SSCP-fb0211f8e3e0cf00,4,4
5,SSCP-fb271b8d2e1a1bb4,4,4
5,SSCP-fb6163d809fe2c85,4,4
5,SSCP-fb803af6c7960b05,4,4
5,SSCP-fb81fe31ce28d59e,4,4
5,SSCP-fbce4b7641e4a300,4,4
5,SSCP-fc059eb7b1196d71,4,4
5,SSCP-fc2fd179ff6dc3df,4,4
5,SSCP-fc54ee4c18bec4c5,4,4
5,SSCP-fc7493a9f8f0522f,4,4
5,SSCP-fcb98941771c5ba2,4,4
5,SSCP-fce8516877472c4d,4,4
5,SSCP-fd70e3c664a640e5,4,4
5,SSCP-fda21c75b8d5da75,4,4
5,SSCP-fdac4a49ab7a847e,4,4
5,SSCP-fde4475d0dcd8904,4,4
5,SSCP-fe3e6dab254bf12c,4,4
5,SSCP-fe8943c3d13216f0,4,4
5,SSCP-febd8a5c2314fbda,4,4
5,SSCP-ff40911a1ef8134c,4,4
5,SSCP-ff45d99a4d248c36,4,4
5,SSCP-ff4c44f55c26c6cf,4,4
5,SSCP-ffa54bca764709d6,4,4
5,SSCP-ffdcccb2614725bf,4,4
5,SSCP-fff8960c5a94e377,4,4
5,SSCP-fffb1bccdb873763,4,4
