curated_id,molecule_id,source,analogue_component_id,sealed_block_id,outer_fold,outer_test_block
SSCP-0001914838e8cc4c,MOL-7b07df605d456dab,2021_Wang,AC-fbc7f1ef462beb7f,BLOCK-d0fe24e9c28856d1,16,BLOCK-d0fe24e9c28856d1
SSCP-0001a0000d1e0d48,MOL-6cb1fd8eca5df954,2013_CHUGAI,AC-77fb0f10ded9ea1e,BLOCK-5c361cba45039733,7,BLOCK-5c361cba45039733
SSCP-00095e8cb86235e5,MOL-7887a78268c93660,2020_Townsend,AC-78305ee2e743b795,BLOCK-513383ed86a73488,5,BLOCK-513383ed86a73488
SSCP-000a8487e899bcf7,MOL-8aa75e9cec850b82,2020_Townsend,AC-78305ee2e743b795,BLOCK-513383ed86a73488,5,BLOCK-513383ed86a73488
SSCP-001eb19defd3cb75,MOL-bb69e4a3d9a1b7af,2021_Kelly,AC-5e5c956882423f52,BLOCK-4494eb5738fce47c,3,BLOCK-4494eb5738fce47c
SSCP-0028ba97a7daa03b,MOL-27d62d608d15925d,2021_Kelly,AC-5e5c956882423f52,BLOCK-4494eb5738fce47c,3,BLOCK-4494eb5738fce47c
SSCP-0030cbdba246c74b,MOL-6616ef725495700a,2020_Townsend,AC-78305ee2e743b795,BLOCK-513383ed86a73488,5,BLOCK-513383ed86a73488
SSCP-0035e4c65c3a8326,MOL-5943418adce624f4,2021_Kelly,AC-5e5c956882423f52,BLOCK-4494eb5738fce47c,3,BLOCK-4494eb5738fce47c
SSCP-00639ae7589904e1,MOL-3105a406d55ba9c5,2020_Townsend,AC-78305ee2e743b795,BLOCK-513383ed86a73488,5,BLOCK-513383ed86a73488
SSCP-00661d874a768b31,MOL-b91d26533aff01f9,2020_Townsend,AC-78305ee2e743b795,BLOCK-513383ed86a73488,5,BLOCK-513383ed86a73488
SSCP-006d4798025f1716,MOL-31c4d425984ac4fd,2021_Kelly,AC-5e5c956882423f52,BLOCK-4494eb5738fce47c,3,BLOCK-4494eb5738fce47c
SSCP-006e14887ba7fd42,MOL-357170ad7deb9696,2020_Townsend,AC-78305ee2e743b795,BLOCK-513383ed86a73488,5,BLOCK-513383ed86a73488
SSCP-007348f537c8cd4c,MOL-0fcacc2bd48d0d50,2020_Townsend,AC-78305ee2e743b795,BLOCK-513383ed86a73488,5,BLOCK-513383ed86a73488
SSCP-008a443d73170279,MOL-75bf00745031e7f0,2021_Kelly,AC-5e5c956882423f52,BLOCK-4494eb5738fce47c,3,BLOCK-4494eb5738fce47c
SSCP-009428fe60df9a44,MOL-d7c72e3e2079ce88,2020_Townsend,AC-78305ee2e743b795,BLOCK-513383ed86a73488,5,BLOCK-513383ed86a73488
SSCP-009c050c405aed8f,MOL-8356bba722dd5758,2021_Kelly,AC-5e5c956882423f52,BLOCK-4494eb5738fce47c,3,BLOCK-4494eb5738fce47c
SSCP-00a092a2f7a25ae1,MOL-65c6dfa677e6b5c4,2016_Furukawa,AC-78305ee2e743b795,BLOCK-513383ed86a73488,5,BLOCK-513383ed86a73488
SSCP-00a276a15a1dc320,MOL-b1ef2fe5869fdf2d,2020_Townsend,AC-78305ee2e743b795,BLOCK-513383ed86a73488,5,BLOCK-513383ed86a73488
SSCP-00a6952fc5cbe87f,MOL-7ea4c00231f6801e,2013_CHUGAI,AC-cf95401a5715faa6,BLOCK-5c361cba45039733,7,BLOCK-5c361cba45039733
SSCP-00acade7e1578155,MOL-5fdc14362f4666f6,2022_Bhardwaj,AC-6ec6edf7124007f2,BLOCK-513383ed86a73488,5,BLOCK-513383ed86a73488
SSCP-00ad7d795216f1d4,MOL-3d6c936cf542eb5f,2015_Bockus_2,AC-75c6ac7476f86a1a,BLOCK-ad504a636f9fcddf,11,BLOCK-ad504a636f9fcddf
SSCP-00bf524e777ea7f3,MOL-5cea6eb88b60e647,2020_Townsend,AC-78305ee2e743b795,BLOCK-513383ed86a73488,5,BLOCK-513383ed86a73488
SSCP-00ccebf472ae4d8e,MOL-e79e059d07761de7,2020_Townsend,AC-78305ee2e743b795,BLOCK-513383ed86a73488,5,BLOCK-513383ed86a73488
SSCP-00d7cd22f8123d27,MOL-d52ece3791eee725,2021_Kelly,AC-5e5c956882423f52,BLOCK-4494eb5738fce47c,3,BLOCK-4494eb5738fce47c
SSCP-00dc5041633d3c58,MOL-a308b709aa49beb8,2021_Kelly,AC-5e5c956882423f52,BLOCK-4494eb5738fce47c,3,BLOCK-4494eb5738fce47c
SSCP-00e04b37389ab0c8,MOL-dd98b447549572ca,2020_Townsend,AC-78305ee2e743b795,BLOCK-513383ed86a73488,5,BLOCK-513383ed86a73488
SSCP-00e6d7a813501019,MOL-d17e3fca9961ad95,2013_CHUGAI,AC-cf95401a5715faa6,BLOCK-5c361cba45039733,7,BLOCK-5c361cba45039733
SSCP-00e95dd3d9c9ed38,MOL-ea85bd22759f10f7,2021_Kelly,AC-ac7e5d0036401990,BLOCK-4494eb5738fce47c,3,BLOCK-4494eb5738fce47c
SSCP-0101f020a34a701a,MOL-96163fe101cec1f1,2020_Townsend,AC-78305ee2e743b795,BLOCK-513383ed86a73488,5,BLOCK-513383ed86a73488
SSCP-0107e9a8e73deef1,MOL-b5fd84e9528a41f1,2020_Townsend,AC-78305ee2e743b795,BLOCK-513383ed86a73488,5,BLOCK-513383ed86a73488
SSCP-01085871a3128d5c,MOL-64727a8a22281e96,2013_CHUGAI,AC-cf95401a5715faa6,BLOCK-5c361cba45039733,7,BLOCK-5c361cba45039733
SSCP-010a71a703626e4e,MOL-f7047c0b1e420995,2020_Townsend,AC-78305ee2e743b795,BLOCK-513383ed86a73488,5,BLOCK-513383ed86a73488
SSCP-012a04013c75aeae,MOL-11b6dd7866d71ff6,2020_Townsend,AC-78305ee2e743b795,BLOCK-513383ed86a73488,5,BLOCK-513383ed86a73488
SSCP-012dfca348758c8c,MOL-06a16557417f1197,2020_Townsend,AC-78305ee2e743b795,BLOCK-513383ed86a73488,5,BLOCK-513383ed86a73488
SSCP-012f0dff5e676197,MOL-e3d406375c197e13,2016_Furukawa,AC-78305ee2e743b795,BLOCK-513383ed86a73488,5,BLOCK-513383ed86a73488
SSCP-01386d32d5418ae5,MOL-9850ca357e25cd06,2020_Townsend,AC-78305ee2e743b795,BLOCK-513383ed86a73488,5,BLOCK-513383ed86a73488
SSCP-013acd97e635c46c,MOL-aed3b6209279f85e,2016_Furukawa,AC-78305ee2e743b795,BLOCK-513383ed86a73488,5,BLOCK-513383ed86a73488
SSCP-015aedee5fdfb40d,MOL-d15c8abb64b3e80c,2020_Townsend,AC-78305ee2e743b795,BLOCK-513383ed86a73488,5,BLOCK-513383ed86a73488
SSCP-015b1f05ff4e8ab3,MOL-040bf0efd66dcd0c,2021_Kelly,AC-5e5c956882423f52,BLOCK-4494eb5738fce47c,3,BLOCK-4494eb5738fce47c
SSCP-015f5df84155b691,MOL-5128b8e63f4daf1f,2021_Kelly,AC-5e5c956882423f52,BLOCK-4494eb5738fce47c,3,BLOCK-4494eb5738fce47c
SSCP-016752729b9346ab,MOL-50d5246f95dbe887,2020_Townsend,AC-78305ee2e743b795,BLOCK-513383ed86a73488,5,BLOCK-513383ed86a73488
SSCP-0173b321125643d3,MOL-85fc5920f187446c,2020_Townsend,AC-78305ee2e743b795,BLOCK-513383ed86a73488,5,BLOCK-513383ed86a73488
SSCP-0178084d0982157e,MOL-a6bbeab1176d4dce,2020_Townsend,AC-78305ee2e743b795,BLOCK-513383ed86a73488,5,BLOCK-513383ed86a73488
SSCP-017f3d1881b66660,MOL-481984ead9ee4c6e,2016_Furukawa,AC-78305ee2e743b795,BLOCK-513383ed86a73488,5,BLOCK-513383ed86a73488
SSCP-018395cc70dcdaa1,MOL-e108170f1b68cc2d,2015_Wang,AC-98f6f3b9b38984c8,BLOCK-513383ed86a73488,5,BLOCK-513383ed86a73488
SSCP-018fb6e52e679f0f,MOL-54ad38395b8b4947,2020_Townsend,AC-78305ee2e743b795,BLOCK-513383ed86a73488,5,BLOCK-513383ed86a73488
SSCP-0193a902ed308a47,MOL-8534d11dedb82ec9,2013_CHUGAI,AC-9915a59ccaa1a737,BLOCK-5c361cba45039733,7,BLOCK-5c361cba45039733
SSCP-0195d2c0149d8fbe,MOL-b3f566a5652b5b2a,2020_Townsend,AC-78305ee2e743b795,BLOCK-513383ed86a73488,5,BLOCK-513383ed86a73488
SSCP-01997338bc725ff9,MOL-b45f8df568c704af,2021_Kelly,AC-5e5c956882423f52,BLOCK-4494eb5738fce47c,3,BLOCK-4494eb5738fce47c
SSCP-019f2cf3661c7a80,MOL-9551b36822d3202d,2020_Townsend,AC-78305ee2e743b795,BLOCK-513383ed86a73488,5,BLOCK-513383ed86a73488
SSCP-01b0cd02748765e6,MOL-76fdf4b132c6c53a,2013_CHUGAI,AC-9915a59ccaa1a737,BLOCK-5c361cba45039733,7,BLOCK-5c361cba45039733
SSCP-01b88f31b49794b3,MOL-03d47ecee7dab866,2021_Kelly,AC-5e5c956882423f52,BLOCK-4494eb5738fce47c,3,BLOCK-4494eb5738fce47c
SSCP-01e5d7ad30da201e,MOL-0424c3db7a246466,2024_Koch,AC-e82e3e242d3d320c,BLOCK-c5e520eb3b94ff25,15,BLOCK-c5e520eb3b94ff25
SSCP-01f273fea93f26c0,MOL-dd0a9370ec7c4a76,2021_Kelly,AC-5e5c956882423f52,BLOCK-4494eb5738fce47c,3,BLOCK-4494eb5738fce47c
SSCP-01f3c1fb2225263f,MOL-2613a40c9344e89f,2020_Townsend,AC-78305ee2e743b795,BLOCK-513383ed86a73488,5,BLOCK-513383ed86a73488
SSCP-021f69b030f005b6,MOL-b2306551a473698d,2021_Kelly,AC-ac7e5d0036401990,BLOCK-4494eb5738fce47c,3,BLOCK-4494eb5738fce47c
SSCP-0252fab4ed093076,MOL-628700caef688b81,2020_Townsend,AC-78305ee2e743b795,BLOCK-513383ed86a73488,5,BLOCK-513383ed86a73488
SSCP-02760a211cf57ea1,MOL-804683a624c8a4cd,2021_Kelly,AC-5e5c956882423f52,BLOCK-4494eb5738fce47c,3,BLOCK-4494eb5738fce47c
SSCP-028da6aedb47474e,MOL-2b344f3e92948805,2020_Townsend,AC-78305ee2e743b795,BLOCK-513383ed86a73488,5,BLOCK-513383ed86a73488
SSCP-02915bfaebbe09bd,MOL-694b5bb75be537e4,2020_Townsend,AC-78305ee2e743b795,BLOCK-513383ed86a73488,5,BLOCK-513383ed86a73488
SSCP-02976f2eb4cf9c8b,MOL-93eee915810110ee,2020_Townsend,AC-78305ee2e743b795,BLOCK-513383ed86a73488,5,BLOCK-513383ed86a73488
SSCP-02a9240ec061d409,MOL-6291ba39912fd598,2021_Kelly,AC-5e5c956882423f52,BLOCK-4494eb5738fce47c,3,BLOCK-4494eb5738fce47c
SSCP-02b42f26cfb30b85,MOL-5ebffe328697dfae,2020_Townsend,AC-78305ee2e743b795,BLOCK-513383ed86a73488,5,BLOCK-513383ed86a73488
SSCP-02ca21c6ace39bb1,MOL-cd505df0556a3282,2016_Furukawa,AC-78305ee2e743b795,BLOCK-513383ed86a73488,5,BLOCK-513383ed86a73488
SSCP-02d0c9cd32848464,MOL-c7e156ce1560e154,2024_Faris,AC-e82e3e242d3d320c,BLOCK-c5e520eb3b94ff25,15,BLOCK-c5e520eb3b94ff25
SSCP-02fba89213f6f7ff,MOL-e97a5083fd25ee79,2020_Townsend,AC-78305ee2e743b795,BLOCK-513383ed86a73488,5,BLOCK-513383ed86a73488
SSCP-0308621888e1ace4,MOL-55cd8e01d56de416,2020_Townsend,AC-78305ee2e743b795,BLOCK-513383ed86a73488,5,BLOCK-513383ed86a73488
SSCP-03088bb5d9c1c3bb,MOL-341b364ba063879d,2021_Kelly,AC-5e5c956882423f52,BLOCK-4494eb5738fce47c,3,BLOCK-4494eb5738fce47c
SSCP-030b06b2eab9c15e,MOL-c45fe7eb96af384e,2018_García-Pindado,AC-e5b0fd6386d20fca,BLOCK-5ddb30f65478f699,8,BLOCK-5ddb30f65478f699
SSCP-030b725ccb616ba3,MOL-1aaa74fb5c366c06,2021_Kelly,AC-5e5c956882423f52,BLOCK-4494eb5738fce47c,3,BLOCK-4494eb5738fce47c
SSCP-031a0e7ab110f692,MOL-3a29f136f1b7739a,2021_Kelly,AC-5e5c956882423f52,BLOCK-4494eb5738fce47c,3,BLOCK-4494eb5738fce47c
SSCP-0321d79aa693d8a8,MOL-be935aa0a6faa772,2020_Townsend,AC-78305ee2e743b795,BLOCK-513383ed86a73488,5,BLOCK-513383ed86a73488
SSCP-032b95a39839267d,MOL-b5dd7cf60a41f40a,2021_Kelly,AC-5e5c956882423f52,BLOCK-4494eb5738fce47c,3,BLOCK-4494eb5738fce47c
SSCP-0337e2d05d7e9513,MOL-65ed465c5a50c1f8,2020_Townsend,AC-78305ee2e743b795,BLOCK-513383ed86a73488,5,BLOCK-513383ed86a73488
SSCP-033a1ac1fcfcb18d,MOL-f796ed10038145c9,2020_Townsend,AC-78305ee2e743b795,BLOCK-513383ed86a73488,5,BLOCK-513383ed86a73488
SSCP-0341c127a867cfdd,MOL-0f97b9753f6f7432,2020_Townsend,AC-78305ee2e743b795,BLOCK-513383ed86a73488,5,BLOCK-513383ed86a73488
SSCP-035adacad34cdf6c,MOL-a023f5aa9b62d3e3,2021_Kelly,AC-5e5c956882423f52,BLOCK-4494eb5738fce47c,3,BLOCK-4494eb5738fce47c
SSCP-036aa002f8325dfe,MOL-01601ead176c93bb,2021_Kelly,AC-5e5c956882423f52,BLOCK-4494eb5738fce47c,3,BLOCK-4494eb5738fce47c
SSCP-036e45107e9001bb,MOL-8d2f3c085a0d1a01,2016_Furukawa,AC-78305ee2e743b795,BLOCK-513383ed86a73488,5,BLOCK-513383ed86a73488
SSCP-036e4c2ce649d9e0,MOL-abcbae25011edb8a,2020_Townsend,AC-78305ee2e743b795,BLOCK-513383ed86a73488,5,BLOCK-513383ed86a73488
SSCP-036feb5468ec175d,MOL-0d95a12dcc79851b,2016_Furukawa,AC-78305ee2e743b795,BLOCK-513383ed86a73488,5,BLOCK-513383ed86a73488
SSCP-03732bbc7acbf849,MOL-c1dd922b15d1ae11,2020_Townsend,AC-78305ee2e743b795,BLOCK-513383ed86a73488,5,BLOCK-513383ed86a73488
SSCP-0382ce86f28f220c,MOL-92a718b279c2cfaf,2015_Wang,AC-dad6fe91d27ae303,BLOCK-513383ed86a73488,5,BLOCK-513383ed86a73488
SSCP-038f5d4979b7b308,MOL-b20bdd8e258290b3,2020_Townsend,AC-78305ee2e743b795,BLOCK-513383ed86a73488,5,BLOCK-513383ed86a73488
SSCP-0390d0b416b1cfab,MOL-d94a6c52aa2fec7a,2016_Furukawa,AC-78305ee2e743b795,BLOCK-513383ed86a73488,5,BLOCK-513383ed86a73488
SSCP-039176f90f110e7c,MOL-991e9cd27bfa4459,2013_CHUGAI,AC-cf95401a5715faa6,BLOCK-5c361cba45039733,7,BLOCK-5c361cba45039733
SSCP-03992c933aa0f990,MOL-4d0692811dd6d7d1,2013_CHUGAI,AC-9915a59ccaa1a737,BLOCK-5c361cba45039733,7,BLOCK-5c361cba45039733
SSCP-039e99ecc6ba247c,MOL-191a99fac7907bc1,2020_Townsend,AC-78305ee2e743b795,BLOCK-513383ed86a73488,5,BLOCK-513383ed86a73488
SSCP-039f7337e1c43b8a,MOL-ef9f01412139a16d,2021_Kelly,AC-5e5c956882423f52,BLOCK-4494eb5738fce47c,3,BLOCK-4494eb5738fce47c
SSCP-03c5f24816fe8fc6,MOL-e6e119c58eff3d83,2021_Kelly,AC-5e5c956882423f52,BLOCK-4494eb5738fce47c,3,BLOCK-4494eb5738fce47c
SSCP-03cd99860e542373,MOL-947fbcef7aff72c7,2013_CHUGAI,AC-9915a59ccaa1a737,BLOCK-5c361cba45039733,7,BLOCK-5c361cba45039733
SSCP-03d4df53c4567078,MOL-89cc1d082208a7fb,2018_Naylor,AC-dceba6004ee9f160,BLOCK-513383ed86a73488,5,BLOCK-513383ed86a73488
SSCP-03ddc829284aa18f,MOL-0dbefcea8ad11b72,2020_Townsend,AC-78305ee2e743b795,BLOCK-513383ed86a73488,5,BLOCK-513383ed86a73488
SSCP-03e23f6a5a7af88b,MOL-63c326b26cc125c6,2020_Townsend,AC-78305ee2e743b795,BLOCK-513383ed86a73488,5,BLOCK-513383ed86a73488
SSCP-03e86d23a8ddb28f,MOL-00e37dcb6260f114,2013_CHUGAI,AC-cf95401a5715faa6,BLOCK-5c361cba45039733,7,BLOCK-5c361cba45039733
SSCP-03ef7e8421b15193,MOL-a8265c2aba47722b,2020_Townsend,AC-78305ee2e743b795,BLOCK-513383ed86a73488,5,BLOCK-513383ed86a73488
SSCP-03f5833535b5c416,MOL-43faff18394e05d9,2016_Furukawa,AC-78305ee2e743b795,BLOCK-513383ed86a73488,5,BLOCK-513383ed86a73488
SSCP-03f8d8593846e670,MOL-96eb25143746d524,2020_Townsend,AC-78305ee2e743b795,BLOCK-513383ed86a73488,5,BLOCK-513383ed86a73488
SSCP-0407d6a8ec7f4d24,MOL-a7211b4394c90cf8,2013_CHUGAI,AC-77fb0f10ded9ea1e,BLOCK-5c361cba45039733,7,BLOCK-5c361cba45039733
SSCP-040fdf2d45c068a6,MOL-390d17a30f12cfb7,2016_Furukawa,AC-78305ee2e743b795,BLOCK-513383ed86a73488,5,BLOCK-513383ed86a73488
SSCP-0420624ef0aa5971,MOL-efa34eb924a9012a,2020_Townsend,AC-78305ee2e743b795,BLOCK-513383ed86a73488,5,BLOCK-513383ed86a73488
SSCP-0424dedce7979966,MOL-3249a0ab529e0efa,2021_Kelly,AC-5e5c956882423f52,BLOCK-4494eb5738fce47c,3,BLOCK-4494eb5738fce47c
SSCP-042ab7cc2a5829e4,MOL-d736f31a6cae30a3,2020_Townsend,AC-78305ee2e743b795,BLOCK-513383ed86a73488,5,BLOCK-513383ed86a73488
SSCP-043747e1af18b5d3,MOL-3fe6c3e20e0519dd,2020_Townsend,AC-78305ee2e743b795,BLOCK-513383ed86a73488,5,BLOCK-513383ed86a73488
SSCP-043bcc07b2ab4d6c,MOL-be5be232a7f22a62,2020_Townsend,AC-78305ee2e743b795,BLOCK-513383ed86a73488,5,BLOCK-513383ed86a73488
SSCP-0453904610c6a5e2,MOL-207a14a3f6416255,2020_Townsend,AC-78305ee2e743b795,BLOCK-513383ed86a73488,5,BLOCK-513383ed86a73488
SSCP-045d41daeb6d46db,MOL-fcdfb329bc9c4e57,2020_Townsend,AC-78305ee2e743b795,BLOCK-513383ed86a73488,5,BLOCK-513383ed86a73488
SSCP-04608a3be4e7965e,MOL-664a9e97589e0403,2013_CHUGAI,AC-9ea1ca27f333e9c4,BLOCK-5c361cba45039733,7,BLOCK-5c361cba45039733
SSCP-046379d562230719,MOL-c674adbab3dc711c,2013_CHUGAI,AC-cf95401a5715faa6,BLOCK-5c361cba45039733,7,BLOCK-5c361cba45039733
SSCP-0470f19b48a84e9e,MOL-47d06a721f461b4c,2021_Kelly,AC-5e5c956882423f52,BLOCK-4494eb5738fce47c,3,BLOCK-4494eb5738fce47c
SSCP-0472de082a9451c8,MOL-f2a312d129d63c3f,2020_Townsend,AC-78305ee2e743b795,BLOCK-513383ed86a73488,5,BLOCK-513383ed86a73488
SSCP-047db441c22939a3,MOL-d9550d1f28c9bd65,2013_CHUGAI,AC-cf95401a5715faa6,BLOCK-5c361cba45039733,7,BLOCK-5c361cba45039733
SSCP-048e5fd7b7b2cb75,MOL-65d23a515e4a1a51,2021_Kelly,AC-5e5c956882423f52,BLOCK-4494eb5738fce47c,3,BLOCK-4494eb5738fce47c
SSCP-0491322505e1f7c0,MOL-e72c129de927f541,2020_Townsend,AC-78305ee2e743b795,BLOCK-513383ed86a73488,5,BLOCK-513383ed86a73488
SSCP-049baedd058bba3b,MOL-8a7e6aaa2f8064cf,2020_Townsend,AC-78305ee2e743b795,BLOCK-513383ed86a73488,5,BLOCK-513383ed86a73488
SSCP-04a1b117761202bb,MOL-65662a0a1000f5cb,2021_Kelly,AC-5e5c956882423f52,BLOCK-4494eb5738fce47c,3,BLOCK-4494eb5738fce47c
SSCP-04a432617cd799e9,MOL-6236a0c1de38ce84,2021_Kelly,AC-6d3257a2b83e15dc,BLOCK-4494eb5738fce47c,3,BLOCK-4494eb5738fce47c
SSCP-04c34d4a9a5aa872,MOL-200770106263c867,2020_Townsend,AC-78305ee2e743b795,BLOCK-513383ed86a73488,5,BLOCK-513383ed86a73488
SSCP-04ceeb53c793ecd2,MOL-dc8847a2d412753d,2022_Bhardwaj,AC-32a6b934bd051c9b,BLOCK-513383ed86a73488,5,BLOCK-513383ed86a73488
SSCP-04df124f18acc598,MOL-efc4f78952ae0a36,2013_CHUGAI,AC-e4519f70ac39dcdb,BLOCK-5c361cba45039733,7,BLOCK-5c361cba45039733
SSCP-04ecbe67e4e29207,MOL-c210823f8f5e5255,2020_Townsend,AC-78305ee2e743b795,BLOCK-513383ed86a73488,5,BLOCK-513383ed86a73488
SSCP-04f0eb8ac8713e66,MOL-b045606f4f187e6f,2021_Kelly,AC-5e5c956882423f52,BLOCK-4494eb5738fce47c,3,BLOCK-4494eb5738fce47c
SSCP-04fcaded7f145fef,MOL-4573ddae81de9da4,2020_Townsend,AC-78305ee2e743b795,BLOCK-513383ed86a73488,5,BLOCK-513383ed86a73488
SSCP-05083f3fe6d03fbe,MOL-f4763f156162ce09,2021_Kelly,AC-5e5c956882423f52,BLOCK-4494eb5738fce47c,3,BLOCK-4494eb5738fce47c
SSCP-0513c4013f6024f3,MOL-35b8c8609c1eb651,2017_Pye,AC-d51aa402a0242ca5,BLOCK-2c0090ee1dd5b17e,1,BLOCK-2c0090ee1dd5b17e
SSCP-05166ae6edf0d214,MOL-39db167e6a87c850,2020_Townsend,AC-78305ee2e743b795,BLOCK-513383ed86a73488,5,BLOCK-513383ed86a73488
SSCP-051b3b51188d45f0,MOL-af42063b22d8276a,2020_Townsend,AC-78305ee2e743b795,BLOCK-513383ed86a73488,5,BLOCK-513383ed86a73488
SSCP-051c59dccea1cc72,MOL-fc9efe7288d1640a,2016_Furukawa,AC-78305ee2e743b795,BLOCK-513383ed86a73488,5,BLOCK-513383ed86a73488
SSCP-052e7e14abe650a0,MOL-e6454fc8c689faf3,2020_Townsend,AC-78305ee2e743b795,BLOCK-513383ed86a73488,5,BLOCK-513383ed86a73488
SSCP-0534c6517f0756c9,MOL-2a31e87511bfb575,2020_Townsend,AC-78305ee2e743b795,BLOCK-513383ed86a73488,5,BLOCK-513383ed86a73488
SSCP-0541ffbeb32b84aa,MOL-56ede60cd68ca518,2020_Townsend,AC-78305ee2e743b795,BLOCK-513383ed86a73488,5,BLOCK-513383ed86a73488
SSCP-0543e2d064dbaaf0,MOL-2a6a0888addfb685,2021_Kelly,AC-ac7e5d0036401990,BLOCK-4494eb5738fce47c,3,BLOCK-4494eb5738fce47c
SSCP-054535579ece2b52,MOL-ed79cf40a173f05a,2013_CHUGAI,AC-cf95401a5715faa6,BLOCK-5c361cba45039733,7,BLOCK-5c361cba45039733
SSCP-054a4492ae4fde6c,MOL-67688e75d8a9942c,2013_CHUGAI,AC-601ed34e68f042b9,BLOCK-5c361cba45039733,7,BLOCK-5c361cba45039733
SSCP-0551b59dfdb4ebf5,MOL-1a66f6a6755e88f1,2020_Townsend,AC-78305ee2e743b795,BLOCK-513383ed86a73488,5,BLOCK-513383ed86a73488
SSCP-05645ce12eb7c244,MOL-79c9de75288b643f,2021_Comeau,AC-b74b4d5565722d16,BLOCK-bb4bcb852b735057,12,BLOCK-bb4bcb852b735057
SSCP-056821a4fe54c29c,MOL-5dbf9bb72533ca96,2016_Furukawa,AC-78305ee2e743b795,BLOCK-513383ed86a73488,5,BLOCK-513383ed86a73488
SSCP-056d5bb8e664988b,MOL-00b93ad4f610f10f,2020_Townsend,AC-78305ee2e743b795,BLOCK-513383ed86a73488,5,BLOCK-513383ed86a73488
SSCP-05712368980007ec,MOL-503acd489c81cfc9,2021_Kelly,AC-5e5c956882423f52,BLOCK-4494eb5738fce47c,3,BLOCK-4494eb5738fce47c
SSCP-0583118cbe7f47c4,MOL-bce7b2902ea6c5cd,2021_Kelly,AC-ac7e5d0036401990,BLOCK-4494eb5738fce47c,3,BLOCK-4494eb5738fce47c
SSCP-0590a53afae2032c,MOL-9bb761b8095512df,2013_CHUGAI,AC-cf95401a5715faa6,BLOCK-5c361cba45039733,7,BLOCK-5c361cba45039733
SSCP-059f2a445638405e,MOL-b3298de054c540ba,2013_CHUGAI,AC-cf95401a5715faa6,BLOCK-5c361cba45039733,7,BLOCK-5c361cba45039733
SSCP-05a1c7adfb119a3b,MOL-4841686d12f406c8,2021_Kelly,AC-5e5c956882423f52,BLOCK-4494eb5738fce47c,3,BLOCK-4494eb5738fce47c
SSCP-05afb13936745902,MOL-8d81656cfe90b031,2020_Townsend,AC-78305ee2e743b795,BLOCK-513383ed86a73488,5,BLOCK-513383ed86a73488
SSCP-05bb2ae7b9ecac58,MOL-18c208c4d5654222,2024_Faris,AC-e82e3e242d3d320c,BLOCK-c5e520eb3b94ff25,15,BLOCK-c5e520eb3b94ff25
SSCP-05bf366e069e42b5,MOL-10487d8ee779cf1e,2021_Kelly,AC-5e5c956882423f52,BLOCK-4494eb5738fce47c,3,BLOCK-4494eb5738fce47c
SSCP-05c5d3c362a2d77a,MOL-81face6dc31c1726,2020_Townsend,AC-78305ee2e743b795,BLOCK-513383ed86a73488,5,BLOCK-513383ed86a73488
SSCP-05c95ce5ac93542b,MOL-d0352a28df2fea29,2020_Townsend,AC-78305ee2e743b795,BLOCK-513383ed86a73488,5,BLOCK-513383ed86a73488
SSCP-05d38ecbfa8078d3,MOL-834af89b5ac8022c,2020_Townsend,AC-78305ee2e743b795,BLOCK-513383ed86a73488,5,BLOCK-513383ed86a73488
SSCP-05d4a14c1caa1ec0,MOL-964465a3c3dcb896,2021_Kelly,AC-ac7e5d0036401990,BLOCK-4494eb5738fce47c,3,BLOCK-4494eb5738fce47c
SSCP-05d8dc068f3de20f,MOL-d952d13188394342,2021_Kelly,AC-ac7e5d0036401990,BLOCK-4494eb5738fce47c,3,BLOCK-4494eb5738fce47c
SSCP-05f7c31d9cea533e,MOL-9047d9cbc56bc0a1,2020_Townsend,AC-78305ee2e743b795,BLOCK-513383ed86a73488,5,BLOCK-513383ed86a73488
SSCP-05fe2a123398dfce,MOL-4d36e20c27b00ed6,2020_Townsend,AC-78305ee2e743b795,BLOCK-513383ed86a73488,5,BLOCK-513383ed86a73488
SSCP-060d068bb3fd5a25,MOL-fa21eec85183f958,2020_Townsend,AC-78305ee2e743b795,BLOCK-513383ed86a73488,5,BLOCK-513383ed86a73488
SSCP-0628fb7999339112,MOL-a5c45223df73cc76,2021_Kelly,AC-5e5c956882423f52,BLOCK-4494eb5738fce47c,3,BLOCK-4494eb5738fce47c
SSCP-063303c21e686931,MOL-3e8423bb0298e136,2020_Townsend,AC-78305ee2e743b795,BLOCK-513383ed86a73488,5,BLOCK-513383ed86a73488
SSCP-0637149104dba432,MOL-a456d8a054505406,2024_Faris,AC-e82e3e242d3d320c,BLOCK-c5e520eb3b94ff25,15,BLOCK-c5e520eb3b94ff25
SSCP-064343f11d014fe2,MOL-0ffeab2a28f93ab0,2013_CHUGAI,AC-cf95401a5715faa6,BLOCK-5c361cba45039733,7,BLOCK-5c361cba45039733
SSCP-0644c597e1bc977c,MOL-0e636c4e51befeb5,2020_Townsend,AC-78305ee2e743b795,BLOCK-513383ed86a73488,5,BLOCK-513383ed86a73488
SSCP-064e09136acb8b6d,MOL-42e915992d89f165,2016_Furukawa,AC-78305ee2e743b795,BLOCK-513383ed86a73488,5,BLOCK-513383ed86a73488
SSCP-06593781dba86cb7,MOL-a8049bc8682dc7ef,2020_Townsend,AC-78305ee2e743b795,BLOCK-513383ed86a73488,5,BLOCK-513383ed86a73488
SSCP-06639b60e733c06a,MOL-795c46c2ae4c1023,2020_Townsend,AC-78305ee2e743b795,BLOCK-513383ed86a73488,5,BLOCK-513383ed86a73488
SSCP-0665c31e34355fdb,MOL-e8d9d49d4ce996e7,2020_Townsend,AC-78305ee2e743b795,BLOCK-513383ed86a73488,5,BLOCK-513383ed86a73488
SSCP-066912a576819277,MOL-cf7aa2689dca123e,2015_Marelli,AC-d577ccf38e4e8587,BLOCK-513383ed86a73488,5,BLOCK-513383ed86a73488
SSCP-0676fe3192a9d005,MOL-fa2f8e07a87ec980,2020_Townsend,AC-78305ee2e743b795,BLOCK-513383ed86a73488,5,BLOCK-513383ed86a73488
SSCP-06875e0a7bc3b675,MOL-c86a4bdab340ea72,2013_CHUGAI,AC-9915a59ccaa1a737,BLOCK-5c361cba45039733,7,BLOCK-5c361cba45039733
SSCP-06a495cd611b7876,MOL-bf7baeb20055090c,2021_Kelly,AC-5e5c956882423f52,BLOCK-4494eb5738fce47c,3,BLOCK-4494eb5738fce47c
SSCP-06ac538da779ead4,MOL-42b7bb55f4790e4d,2013_CHUGAI,AC-cf95401a5715faa6,BLOCK-5c361cba45039733,7,BLOCK-5c361cba45039733
SSCP-06ba46d4ff0ffcd3,MOL-532983294c960cc5,2020_Townsend,AC-78305ee2e743b795,BLOCK-513383ed86a73488,5,BLOCK-513383ed86a73488
SSCP-06bed51ecb30370b,MOL-a2ef9d34d07aab4e,2020_Townsend,AC-78305ee2e743b795,BLOCK-513383ed86a73488,5,BLOCK-513383ed86a73488
SSCP-06e5c0cc41c28ebc,MOL-c018dcf973b6600a,2016_Furukawa,AC-78305ee2e743b795,BLOCK-513383ed86a73488,5,BLOCK-513383ed86a73488
SSCP-06eb1d03334f398a,MOL-fd554fbc338636f9,2021_Kelly,AC-5e5c956882423f52,BLOCK-4494eb5738fce47c,3,BLOCK-4494eb5738fce47c
SSCP-06ef392309351e2c,MOL-afd675967dcef5f5,2024_Koch,AC-e82e3e242d3d320c,BLOCK-c5e520eb3b94ff25,15,BLOCK-c5e520eb3b94ff25
SSCP-06efe08a5bc9094b,MOL-da44fe1fdcec0ac2,2021_Kelly,AC-ac7e5d0036401990,BLOCK-4494eb5738fce47c,3,BLOCK-4494eb5738fce47c
SSCP-06fdb414354a6559,MOL-15022de30fe5968e,2020_Townsend,AC-78305ee2e743b795,BLOCK-513383ed86a73488,5,BLOCK-513383ed86a73488
SSCP-06ff045d9e1b372d,MOL-55dc851f4d1de612,2013_CHUGAI,AC-d523dee5c18738aa,BLOCK-5c361cba45039733,7,BLOCK-5c361cba45039733
SSCP-06ff7c6c7dd358fe,MOL-9a5bd0b1b9dbe819,2021_Kelly,AC-5e5c956882423f52,BLOCK-4494eb5738fce47c,3,BLOCK-4494eb5738fce47c
SSCP-07064da4d0184704,MOL-a3e90fa4bb771011,2013_CHUGAI,AC-cf95401a5715faa6,BLOCK-5c361cba45039733,7,BLOCK-5c361cba45039733
SSCP-07097bce15c5cf2b,MOL-d74004b3eb732793,2023_Ghosh,AC-eef1d0c78351235e,BLOCK-513383ed86a73488,5,BLOCK-513383ed86a73488
SSCP-070bde1f77ba4969,MOL-0abdf591a8a3b595,2013_CHUGAI,AC-cf95401a5715faa6,BLOCK-5c361cba45039733,7,BLOCK-5c361cba45039733
SSCP-071478fb8bb48228,MOL-7639ac68de84d60f,2021_Kelly,AC-5e5c956882423f52,BLOCK-4494eb5738fce47c,3,BLOCK-4494eb5738fce47c
SSCP-071ac0a218108dc9,MOL-1b0ef5aff733df34,2021_Kelly,AC-ac7e5d0036401990,BLOCK-4494eb5738fce47c,3,BLOCK-4494eb5738fce47c
SSCP-07326cceec8e37b5,MOL-2c225e7d9beaa6b4,2021_Kelly,AC-ac7e5d0036401990,BLOCK-4494eb5738fce47c,3,BLOCK-4494eb5738fce47c
SSCP-0744e3be64c7baa9,MOL-ccaec1a0c8ab8673,2013_CHUGAI,AC-cf95401a5715faa6,BLOCK-5c361cba45039733,7,BLOCK-5c361cba45039733
SSCP-074cda148cbaa40c,MOL-7c52a42bdc27fd51,2021_Comeau,AC-b74b4d5565722d16,BLOCK-bb4bcb852b735057,12,BLOCK-bb4bcb852b735057
SSCP-0776231342bc71de,MOL-357a9258f6811ff7,2016_Furukawa,AC-78305ee2e743b795,BLOCK-513383ed86a73488,5,BLOCK-513383ed86a73488
SSCP-078053ca33452a49,MOL-f847a0d546ad884b,2020_Townsend,AC-78305ee2e743b795,BLOCK-513383ed86a73488,5,BLOCK-513383ed86a73488
SSCP-07a156b73e8bdee8,MOL-c64d2f62116a5a99,2021_Kelly,AC-6d3257a2b83e15dc,BLOCK-4494eb5738fce47c,3,BLOCK-4494eb5738fce47c
SSCP-07b16dec14914beb,MOL-a0b93422562bffb4,2020_Townsend,AC-78305ee2e743b795,BLOCK-513383ed86a73488,5,BLOCK-513383ed86a73488
SSCP-07b18188c849128a,MOL-37f98f68eca70573,2020_Townsend,AC-78305ee2e743b795,BLOCK-513383ed86a73488,5,BLOCK-513383ed86a73488
SSCP-07b7f81724168005,MOL-adcf6e85350483b6,2021_Kelly,AC-5e5c956882423f52,BLOCK-4494eb5738fce47c,3,BLOCK-4494eb5738fce47c
SSCP-07b91af8622de607,MOL-c8ad9debc8e83dc5,2016_Furukawa,AC-78305ee2e743b795,BLOCK-513383ed86a73488,5,BLOCK-513383ed86a73488
SSCP-07b96e40456e1812,MOL-f09cfdd8220e9238,2021_Kelly,AC-5e5c956882423f52,BLOCK-4494eb5738fce47c,3,BLOCK-4494eb5738fce47c
SSCP-07bdf9a6de47a56f,MOL-d1217fa0903f93da,2020_Townsend,AC-78305ee2e743b795,BLOCK-513383ed86a73488,5,BLOCK-513383ed86a73488
SSCP-07bf1c319510730f,MOL-58341449e0f6ca5d,2020_Townsend,AC-78305ee2e743b795,BLOCK-513383ed86a73488,5,BLOCK-513383ed86a73488
SSCP-07cbd47087850a06,MOL-07ce273610e52fad,2013_CHUGAI,AC-cf95401a5715faa6,BLOCK-5c361cba45039733,7,BLOCK-5c361cba45039733
SSCP-07d538a3edeb9524,MOL-67df0cb129db3e2d,2021_Kelly,AC-5e5c956882423f52,BLOCK-4494eb5738fce47c,3,BLOCK-4494eb5738fce47c
SSCP-07f2e04b047f2c59,MOL-fbf775905b7b4841,2021_Kelly,AC-5e5c956882423f52,BLOCK-4494eb5738fce47c,3,BLOCK-4494eb5738fce47c
SSCP-07f5f5439fa0236a,MOL-6aa1f1245e8a57ef,2018_Naylor,AC-78305ee2e743b795,BLOCK-513383ed86a73488,5,BLOCK-513383ed86a73488
SSCP-07f74b125f8ecb56,MOL-decb810cb7c4beea,2022_Taechalertpaisarn,AC-78305ee2e743b795,BLOCK-513383ed86a73488,5,BLOCK-513383ed86a73488
SSCP-07fc2474747ac984,MOL-c4f6afd7a779fe56,2021_Kelly,AC-5e5c956882423f52,BLOCK-4494eb5738fce47c,3,BLOCK-4494eb5738fce47c
SSCP-080b1319ee323917,MOL-d2d07280305cf724,2024_Faris,AC-e82e3e242d3d320c,BLOCK-c5e520eb3b94ff25,15,BLOCK-c5e520eb3b94ff25
SSCP-081aac9bce99132b,MOL-16c88b1082c34e84,2013_CHUGAI,AC-9915a59ccaa1a737,BLOCK-5c361cba45039733,7,BLOCK-5c361cba45039733
SSCP-08243742fe4ca631,MOL-b9b550c30fcd6a72,2013_CHUGAI,AC-9915a59ccaa1a737,BLOCK-5c361cba45039733,7,BLOCK-5c361cba45039733
SSCP-0838f2e7ebc7940a,MOL-bac6c032ba3a33ed,2020_Townsend,AC-78305ee2e743b795,BLOCK-513383ed86a73488,5,BLOCK-513383ed86a73488
SSCP-0839dafce3db3872,MOL-961f23e6146ed0c1,2020_Townsend,AC-78305ee2e743b795,BLOCK-513383ed86a73488,5,BLOCK-513383ed86a73488
SSCP-084ce66bd627a4b3,MOL-2bcb8780d1533c51,2020_Townsend,AC-78305ee2e743b795,BLOCK-513383ed86a73488,5,BLOCK-513383ed86a73488
SSCP-084f42149f5c585a,MOL-83a6e6e37c3f36cb,2016_Furukawa,AC-78305ee2e743b795,BLOCK-513383ed86a73488,5,BLOCK-513383ed86a73488
SSCP-0857e087716c11e2,MOL-c15ed1a477860422,2020_Townsend,AC-78305ee2e743b795,BLOCK-513383ed86a73488,5,BLOCK-513383ed86a73488
SSCP-08583c51d0b145e8,MOL-98b31f60a84eccde,2016_Furukawa,AC-78305ee2e743b795,BLOCK-513383ed86a73488,5,BLOCK-513383ed86a73488
SSCP-08636f613c722976,MOL-84facb8f076929aa,2024_Faris,AC-e82e3e242d3d320c,BLOCK-c5e520eb3b94ff25,15,BLOCK-c5e520eb3b94ff25
SSCP-086c058a3aac3c69,MOL-a764eaf9cac48342,2020_Townsend,AC-78305ee2e743b795,BLOCK-513383ed86a73488,5,BLOCK-513383ed86a73488
SSCP-086eb5d31c3e559b,MOL-5ff322f3a0f70114,2020_Townsend,AC-78305ee2e743b795,BLOCK-513383ed86a73488,5,BLOCK-513383ed86a73488
SSCP-087c744b7b1ff895,MOL-b12b9599cebcbf7a,2020_Townsend,AC-78305ee2e743b795,BLOCK-513383ed86a73488,5,BLOCK-513383ed86a73488
SSCP-087fa01f443e7b51,MOL-268064e4b71d1cd8,2016_Furukawa,AC-78305ee2e743b795,BLOCK-513383ed86a73488,5,BLOCK-513383ed86a73488
SSCP-08858665b7b6a0c6,MOL-ff6a806400aa9a4f,2024_Faris,AC-e82e3e242d3d320c,BLOCK-c5e520eb3b94ff25,15,BLOCK-c5e520eb3b94ff25
SSCP-088b4136463e54e3,MOL-23b0802c360177d1,2020_Townsend,AC-78305ee2e743b795,BLOCK-513383ed86a73488,5,BLOCK-513383ed86a73488
SSCP-0892c2dafd240612,MOL-5cbfdf62508ca2a1,2020_Townsend,AC-78305ee2e743b795,BLOCK-513383ed86a73488,5,BLOCK-513383ed86a73488
SSCP-08a3f926221057dd,MOL-d38949e84394082e,2013_CHUGAI,AC-cf95401a5715faa6,BLOCK-5c361cba45039733,7,BLOCK-5c361cba45039733
SSCP-08b41f9853dc92ef,MOL-85d4e8d489d59f37,2020_Townsend,AC-78305ee2e743b795,BLOCK-513383ed86a73488,5,BLOCK-513383ed86a73488
SSCP-08c0363a92a5befd,MOL-4d78d16d67d2f60b,2020_Townsend,AC-78305ee2e743b795,BLOCK-513383ed86a73488,5,BLOCK-513383ed86a73488
SSCP-08c2a6a0e6ca82dd,MOL-7e557aabf82677b1,2016_Furukawa,AC-78305ee2e743b795,BLOCK-513383ed86a73488,5,BLOCK-513383ed86a73488
SSCP-08c49c031679b21b,MOL-7894858817520e98,2020_Townsend,AC-78305ee2e743b795,BLOCK-513383ed86a73488,5,BLOCK-513383ed86a73488
SSCP-08ed200294d92f15,MOL-a0f4f994cc435f87,2021_Kelly,AC-5e5c956882423f52,BLOCK-4494eb5738fce47c,3,BLOCK-4494eb5738fce47c
SSCP-08ef84cd22fa453a,MOL-3c492a9e6a9d9977,2021_Kelly,AC-ac7e5d0036401990,BLOCK-4494eb5738fce47c,3,BLOCK-4494eb5738fce47c
SSCP-08fee2625eabdea5,MOL-cfbc00296a81b5cb,2020_Townsend,AC-78305ee2e743b795,BLOCK-513383ed86a73488,5,BLOCK-513383ed86a73488
SSCP-09000017d5165753,MOL-d2010d09305877f8,2023_Ghosh,AC-78305ee2e743b795,BLOCK-513383ed86a73488,5,BLOCK-513383ed86a73488
SSCP-0902f55f8633bd2f,MOL-f211d96a91f6680f,2021_Golosov,AC-86cc498249bfbe27,BLOCK-394ff80f01cbc968,2,BLOCK-394ff80f01cbc968
SSCP-091a508e5bd938ac,MOL-14b02d9dbeeb301d,2013_CHUGAI,AC-cf95401a5715faa6,BLOCK-5c361cba45039733,7,BLOCK-5c361cba45039733
SSCP-0921d8f883b3c5be,MOL-a141b5631ee42f8d,2021_Kelly,AC-5e5c956882423f52,BLOCK-4494eb5738fce47c,3,BLOCK-4494eb5738fce47c
SSCP-092a5f60e0afc540,MOL-9cc5610740581873,2016_Furukawa,AC-78305ee2e743b795,BLOCK-513383ed86a73488,5,BLOCK-513383ed86a73488
SSCP-092e1bdc8eac16c7,MOL-a4b9656532f981d5,2013_CHUGAI,AC-9915a59ccaa1a737,BLOCK-5c361cba45039733,7,BLOCK-5c361cba45039733
SSCP-09427946de8095ef,MOL-e9bc529a7fc12183,2020_Townsend,AC-78305ee2e743b795,BLOCK-513383ed86a73488,5,BLOCK-513383ed86a73488
SSCP-0945ed5622f16164,MOL-f24303acbe960183,2013_CHUGAI,AC-cf95401a5715faa6,BLOCK-5c361cba45039733,7,BLOCK-5c361cba45039733
SSCP-094b34d954723e56,MOL-463b3d44f4c01dba,2013_CHUGAI,AC-cf95401a5715faa6,BLOCK-5c361cba45039733,7,BLOCK-5c361cba45039733
SSCP-0954a93f474638b8,MOL-9b52ec5665b9890a,2020_Townsend,AC-78305ee2e743b795,BLOCK-513383ed86a73488,5,BLOCK-513383ed86a73488
SSCP-0954ab5c180aecaa,MOL-d09fd5546ced719d,2020_Townsend,AC-78305ee2e743b795,BLOCK-513383ed86a73488,5,BLOCK-513383ed86a73488
SSCP-095d741d63c4dc3b,MOL-fb7a170d0df29363,2021_Kelly,AC-5e5c956882423f52,BLOCK-4494eb5738fce47c,3,BLOCK-4494eb5738fce47c
SSCP-09611728f950164f,MOL-f8b2a194ff76f67e,2013_CHUGAI,AC-cf95401a5715faa6,BLOCK-5c361cba45039733,7,BLOCK-5c361cba45039733
SSCP-096c13417ffc5c97,MOL-5e12ff25121bdc34,2020_Townsend,AC-78305ee2e743b795,BLOCK-513383ed86a73488,5,BLOCK-513383ed86a73488
SSCP-096c4e50e0d72c1c,MOL-0a5a5f8cf0f434ce,2021_Kelly,AC-5e5c956882423f52,BLOCK-4494eb5738fce47c,3,BLOCK-4494eb5738fce47c
SSCP-097d9a3fd3c1b4dd,MOL-3b21df1f13ba9bbe,2020_Townsend,AC-78305ee2e743b795,BLOCK-513383ed86a73488,5,BLOCK-513383ed86a73488
SSCP-0981e7f250a419b7,MOL-86ca82078af5a2aa,2020_Townsend,AC-78305ee2e743b795,BLOCK-513383ed86a73488,5,BLOCK-513383ed86a73488
SSCP-0996346b340fc0a3,MOL-073fc509e1cc939e,2020_Townsend,AC-78305ee2e743b795,BLOCK-513383ed86a73488,5,BLOCK-513383ed86a73488
SSCP-099ee237d0e34a84,MOL-a8b88ee1a5c9d7cf,2016_Furukawa,AC-78305ee2e743b795,BLOCK-513383ed86a73488,5,BLOCK-513383ed86a73488
SSCP-09a3d2a194610044,MOL-61c4b6d80fc5f843,2016_Furukawa,AC-78305ee2e743b795,BLOCK-513383ed86a73488,5,BLOCK-513383ed86a73488
SSCP-09ac8d9cd72f6424,MOL-fea4c058aa21ae90,2013_CHUGAI,AC-68eefb1b5cb3f9e7,BLOCK-5c361cba45039733,7,BLOCK-5c361cba45039733
SSCP-09b7204bca41ad28,MOL-d770052d356b3a50,2013_CHUGAI,AC-9915a59ccaa1a737,BLOCK-5c361cba45039733,7,BLOCK-5c361cba45039733
SSCP-09b8c58cbbf771fd,MOL-b52f2091f1a52a2a,2020_Townsend,AC-78305ee2e743b795,BLOCK-513383ed86a73488,5,BLOCK-513383ed86a73488
SSCP-09c5bd0cfb48b18f,MOL-7c45488dfed2cf94,2020_Townsend,AC-78305ee2e743b795,BLOCK-513383ed86a73488,5,BLOCK-513383ed86a73488
SSCP-09cbaef98fd10b79,MOL-c2b727d97584ecc0,2020_Townsend,AC-78305ee2e743b795,BLOCK-513383ed86a73488,5,BLOCK-513383ed86a73488
SSCP-09cee3b3ac900d6e,MOL-3c5fb40417d01852,2020_Townsend,AC-78305ee2e743b795,BLOCK-513383ed86a73488,5,BLOCK-513383ed86a73488
SSCP-09d2283cc6d9aaa9,MOL-e7decfa4f21fa546,2020_Townsend,AC-78305ee2e743b795,BLOCK-513383ed86a73488,5,BLOCK-513383ed86a73488
SSCP-09dc274bf40dcb14,MOL-ba3430366704ec68,2021_Kelly,AC-5e5c956882423f52,BLOCK-4494eb5738fce47c,3,BLOCK-4494eb5738fce47c
SSCP-09ee2290b0a6d32e,MOL-21f8047189c3aedb,2020_Townsend,AC-78305ee2e743b795,BLOCK-513383ed86a73488,5,BLOCK-513383ed86a73488
SSCP-09fef344e7d5b6fd,MOL-8159bef519328789,2021_Kelly,AC-5e5c956882423f52,BLOCK-4494eb5738fce47c,3,BLOCK-4494eb5738fce47c
SSCP-0a0450d94bee92f6,MOL-4e54d708dddb2f72,2016_Furukawa,AC-78305ee2e743b795,BLOCK-513383ed86a73488,5,BLOCK-513383ed86a73488
SSCP-0a07efacba4e847f,MOL-f2d20af0b3550100,2020_Townsend,AC-78305ee2e743b795,BLOCK-513383ed86a73488,5,BLOCK-513383ed86a73488
SSCP-0a106d2f879bfa80,MOL-38ff29e2a1c4e300,2020_Townsend,AC-78305ee2e743b795,BLOCK-513383ed86a73488,5,BLOCK-513383ed86a73488
SSCP-0a24681204dae2bf,MOL-f39744c24debbd8e,2015_Wang,AC-0fdfe45bfa2d5783,BLOCK-513383ed86a73488,5,BLOCK-513383ed86a73488
SSCP-0a387cd505763058,MOL-61454a379c935873,2020_Townsend,AC-78305ee2e743b795,BLOCK-513383ed86a73488,5,BLOCK-513383ed86a73488
SSCP-0a3b8b3700b2a40f,MOL-95b4b393a49744f5,2020_Townsend,AC-78305ee2e743b795,BLOCK-513383ed86a73488,5,BLOCK-513383ed86a73488
SSCP-0a3bc1d9870db6af,MOL-afdc62b087f1c7d0,2020_Townsend,AC-78305ee2e743b795,BLOCK-513383ed86a73488,5,BLOCK-513383ed86a73488
SSCP-0a4746f54469dd7f,MOL-5a6ce0fe34afc790,2022_Bhardwaj,AC-3076da3031ed5773,BLOCK-513383ed86a73488,5,BLOCK-513383ed86a73488
SSCP-0a53305b75d68668,MOL-e02ea518117813fe,2020_Townsend,AC-78305ee2e743b795,BLOCK-513383ed86a73488,5,BLOCK-513383ed86a73488
SSCP-0a5dcb3e054c6309,MOL-94f1d0eb070a80d8,2020_Townsend,AC-78305ee2e743b795,BLOCK-513383ed86a73488,5,BLOCK-513383ed86a73488
SSCP-0a631805f3778369,MOL-d1c2625014b39f59,2020_Townsend,AC-78305ee2e743b795,BLOCK-513383ed86a73488,5,BLOCK-513383ed86a73488
SSCP-0a641c0e8045190b,MOL-cb33189ea81d5a6a,2020_Townsend,AC-78305ee2e743b795,BLOCK-513383ed86a73488,5,BLOCK-513383ed86a73488
SSCP-0a6aad5177677b7c,MOL-b78d1fadae098127,2020_Townsend,AC-78305ee2e743b795,BLOCK-513383ed86a73488,5,BLOCK-513383ed86a73488
SSCP-0a782141866de643,MOL-7d7d0c4d874d65a5,2021_Kelly,AC-5e5c956882423f52,BLOCK-4494eb5738fce47c,3,BLOCK-4494eb5738fce47c
SSCP-0a855bc49394034d,MOL-ed3ed8d76039deff,2021_Kelly,AC-5e5c956882423f52,BLOCK-4494eb5738fce47c,3,BLOCK-4494eb5738fce47c
SSCP-0a9242d064d61b8e,MOL-04a30124d6ab0cb0,2016_Hickey,AC-caa6a2b0faf1de20,BLOCK-513383ed86a73488,5,BLOCK-513383ed86a73488
SSCP-0a9f445266757c4f,MOL-9a1b22b810fc4187,2020_Townsend,AC-78305ee2e743b795,BLOCK-513383ed86a73488,5,BLOCK-513383ed86a73488
SSCP-0aba96b3dfa8e09e,MOL-28cd9a461b3a36c3,2021_Kelly,AC-5e5c956882423f52,BLOCK-4494eb5738fce47c,3,BLOCK-4494eb5738fce47c
SSCP-0acb06b89ff942d6,MOL-2a1956742546c75f,2024_Ly,AC-b74b4d5565722d16,BLOCK-bb4bcb852b735057,12,BLOCK-bb4bcb852b735057
SSCP-0ad1ff3c223acf98,MOL-bda3983597357367,2020_Townsend,AC-78305ee2e743b795,BLOCK-513383ed86a73488,5,BLOCK-513383ed86a73488
SSCP-0ad8119db87492ce,MOL-405691ff7a9db9d6,2021_Kelly,AC-5e5c956882423f52,BLOCK-4494eb5738fce47c,3,BLOCK-4494eb5738fce47c
SSCP-0ad9ecae2c4c47da,MOL-e6b27ec4ab388eaa,2013_CHUGAI,AC-cf95401a5715faa6,BLOCK-5c361cba45039733,7,BLOCK-5c361cba45039733
SSCP-0ade04a8e2ceeae8,MOL-661d75cc8ef482bc,2016_Furukawa,AC-78305ee2e743b795,BLOCK-513383ed86a73488,5,BLOCK-513383ed86a73488
SSCP-0adf8eb00307f551,MOL-737c8bce62c76b3d,2020_Townsend,AC-78305ee2e743b795,BLOCK-513383ed86a73488,5,BLOCK-513383ed86a73488
SSCP-0ae04150a6f9a6c1,MOL-9ce7d88926ba7b6a,2013_CHUGAI,AC-cf95401a5715faa6,BLOCK-5c361cba45039733,7,BLOCK-5c361cba45039733
SSCP-0ae4a3ee8a233391,MOL-bb92764f627b324d,2021_Kelly,AC-5e5c956882423f52,BLOCK-4494eb5738fce47c,3,BLOCK-4494eb5738fce47c
SSCP-0af0edc75f0a961e,MOL-a403ed761869bead,2020_Townsend,AC-78305ee2e743b795,BLOCK-513383ed86a73488,5,BLOCK-513383ed86a73488
SSCP-0af1398bd142969a,MOL-d13478b29b4197a3,2016_Furukawa,AC-78305ee2e743b795,BLOCK-513383ed86a73488,5,BLOCK-513383ed86a73488
SSCP-0b0706ad757555b9,MOL-29da776a93141f29,2024_Faris,AC-e82e3e242d3d320c,BLOCK-c5e520eb3b94ff25,15,BLOCK-c5e520eb3b94ff25
SSCP-0b2bd45f7ec78b87,MOL-755abc8dd6e460c0,2020_Townsend,AC-78305ee2e743b795,BLOCK-513383ed86a73488,5,BLOCK-513383ed86a73488
SSCP-0b321e33cf6661d9,MOL-653539a4daf29438,2013_CHUGAI,AC-cf95401a5715faa6,BLOCK-5c361cba45039733,7,BLOCK-5c361cba45039733
SSCP-0b391693c5e8119c,MOL-a460dbd1f06a5382,2020_Townsend,AC-78305ee2e743b795,BLOCK-513383ed86a73488,5,BLOCK-513383ed86a73488
SSCP-0b44cedb59e1839d,MOL-96adb8c6d0e66217,2013_CHUGAI,AC-cf95401a5715faa6,BLOCK-5c361cba45039733,7,BLOCK-5c361cba45039733
SSCP-0b4f5b98e5659c9b,MOL-e9e1eb27e04cddfd,2013_CHUGAI,AC-cf95401a5715faa6,BLOCK-5c361cba45039733,7,BLOCK-5c361cba45039733
SSCP-0b508292bc8c848c,MOL-93a477ebe4324ed9,2024_Faris,AC-e82e3e242d3d320c,BLOCK-c5e520eb3b94ff25,15,BLOCK-c5e520eb3b94ff25
SSCP-0b54a0c85e2ed74b,MOL-88e51252046b7405,2021_Kelly,AC-5e5c956882423f52,BLOCK-4494eb5738fce47c,3,BLOCK-4494eb5738fce47c
SSCP-0b650dcb3531e6d8,MOL-b2899065695d604d,2020_Townsend,AC-78305ee2e743b795,BLOCK-513383ed86a73488,5,BLOCK-513383ed86a73488
SSCP-0b86b22611e51d69,MOL-63b65f5524ef0224,2020_Townsend,AC-78305ee2e743b795,BLOCK-513383ed86a73488,5,BLOCK-513383ed86a73488
SSCP-0b88eab868b3ec52,MOL-7f2cb617d524b68d,2020_Townsend,AC-78305ee2e743b795,BLOCK-513383ed86a73488,5,BLOCK-513383ed86a73488
SSCP-0b9a0c0afe2298b5,MOL-8c5787202f0f77c9,2021_Kelly,AC-5e5c956882423f52,BLOCK-4494eb5738fce47c,3,BLOCK-4494eb5738fce47c
SSCP-0b9d125bbf39e92e,MOL-e43188498967e2d2,2021_Kelly,AC-5e5c956882423f52,BLOCK-4494eb5738fce47c,3,BLOCK-4494eb5738fce47c
SSCP-0ba034cc597940ad,MOL-bc2ec64779dfefe6,2020_Townsend,AC-78305ee2e743b795,BLOCK-513383ed86a73488,5,BLOCK-513383ed86a73488
SSCP-0ba7eda71d0b6576,MOL-96a1b82959ce1ab1,2013_CHUGAI,AC-76364811742e6efe,BLOCK-5c361cba45039733,7,BLOCK-5c361cba45039733
SSCP-0bb1d68c0442ef14,MOL-e169424d9bb5f396,2020_Townsend,AC-78305ee2e743b795,BLOCK-513383ed86a73488,5,BLOCK-513383ed86a73488
SSCP-0bb41cdcb1521a5d,MOL-2004066dbdeba11d,2020_Townsend,AC-78305ee2e743b795,BLOCK-513383ed86a73488,5,BLOCK-513383ed86a73488
SSCP-0bcac4da970eedf5,MOL-3ce9729d725cf9b4,2015_Bockus_2,AC-75c6ac7476f86a1a,BLOCK-ad504a636f9fcddf,11,BLOCK-ad504a636f9fcddf
SSCP-0bcc77ab5f567590,MOL-09265cefa918eeb3,2015_Bockus_2,AC-75c6ac7476f86a1a,BLOCK-ad504a636f9fcddf,11,BLOCK-ad504a636f9fcddf
SSCP-0bd4d0d475b51ea1,MOL-8c77f65fa51689d7,2021_Kelly,AC-5e5c956882423f52,BLOCK-4494eb5738fce47c,3,BLOCK-4494eb5738fce47c
SSCP-0bd5362079f76a9c,MOL-7905181a1bc24fee,2020_Townsend,AC-78305ee2e743b795,BLOCK-513383ed86a73488,5,BLOCK-513383ed86a73488
SSCP-0be9d245918953d3,MOL-14096bb996c4babc,2013_CHUGAI,AC-cf95401a5715faa6,BLOCK-5c361cba45039733,7,BLOCK-5c361cba45039733
SSCP-0bedd597f85c2ba6,MOL-4e03dcc722a25e67,2021_Kelly,AC-5e5c956882423f52,BLOCK-4494eb5738fce47c,3,BLOCK-4494eb5738fce47c
SSCP-0bfdc19bf11b41ad,MOL-60e0383282630832,2020_Townsend,AC-78305ee2e743b795,BLOCK-513383ed86a73488,5,BLOCK-513383ed86a73488
SSCP-0c170bf084ea891e,MOL-740258d2f63fa531,2013_CHUGAI,AC-cf95401a5715faa6,BLOCK-5c361cba45039733,7,BLOCK-5c361cba45039733
SSCP-0c185a5b0a74805e,MOL-a7e1baf9ebf71619,2020_Townsend,AC-78305ee2e743b795,BLOCK-513383ed86a73488,5,BLOCK-513383ed86a73488
SSCP-0c21cf875f84fff8,MOL-8718bf559037ed30,2020_Townsend,AC-78305ee2e743b795,BLOCK-513383ed86a73488,5,BLOCK-513383ed86a73488
SSCP-0c23108d96ee7a80,MOL-eb502acbb9c006dc,2016_Furukawa,AC-78305ee2e743b795,BLOCK-513383ed86a73488,5,BLOCK-513383ed86a73488
SSCP-0c2e7bcec9e125fe,MOL-a53b7a4142a4f03e,2016_Furukawa,AC-78305ee2e743b795,BLOCK-513383ed86a73488,5,BLOCK-513383ed86a73488
SSCP-0c2f3688d54a0bec,MOL-87d60c4ec0100f47,2021_Kelly,AC-5e5c956882423f52,BLOCK-4494eb5738fce47c,3,BLOCK-4494eb5738fce47c
SSCP-0c3794e432c93971,MOL-401906d148f0f7e3,2016_Furukawa,AC-78305ee2e743b795,BLOCK-513383ed86a73488,5,BLOCK-513383ed86a73488
SSCP-0c4118fba5d8fab2,MOL-c64d9e57ad838d18,2013_CHUGAI,AC-cf95401a5715faa6,BLOCK-5c361cba45039733,7,BLOCK-5c361cba45039733
SSCP-0c43b121b237c18c,MOL-02ed237411593dab,2013_CHUGAI,AC-9915a59ccaa1a737,BLOCK-5c361cba45039733,7,BLOCK-5c361cba45039733
SSCP-0c5442df87bf5ba5,MOL-af1e6b59e036b3ce,2020_Townsend,AC-78305ee2e743b795,BLOCK-513383ed86a73488,5,BLOCK-513383ed86a73488
SSCP-0c564ba8c9e14106,MOL-fd317bd1881142a3,2020_Townsend,AC-78305ee2e743b795,BLOCK-513383ed86a73488,5,BLOCK-513383ed86a73488
SSCP-0c5dc8e283c1d00c,MOL-8bb4fd9d1d9fc43a,2021_Comeau,AC-b74b4d5565722d16,BLOCK-bb4bcb852b735057,12,BLOCK-bb4bcb852b735057
SSCP-0c63808ee37be37c,MOL-6e01eff3f630f9c4,2021_Kelly,AC-5e5c956882423f52,BLOCK-4494eb5738fce47c,3,BLOCK-4494eb5738fce47c
SSCP-0c6fb5555c96f60d,MOL-62e87fc523dd2816,2013_CHUGAI,AC-9915a59ccaa1a737,BLOCK-5c361cba45039733,7,BLOCK-5c361cba45039733
SSCP-0c7deba2c1bc39cf,MOL-f462b58f8a0e2a80,2020_Townsend,AC-78305ee2e743b795,BLOCK-513383ed86a73488,5,BLOCK-513383ed86a73488
SSCP-0c872b4d79dbfbee,MOL-c663c966358eaa90,2020_Townsend,AC-78305ee2e743b795,BLOCK-513383ed86a73488,5,BLOCK-513383ed86a73488
SSCP-0c9a60436dfdcafd,MOL-85c8f4ddb1e89888,2016_Furukawa,AC-78305ee2e743b795,BLOCK-513383ed86a73488,5,BLOCK-513383ed86a73488
SSCP-0ca12d4566f5347e,MOL-74f2c944c054f019,2020_Townsend,AC-78305ee2e743b795,BLOCK-513383ed86a73488,5,BLOCK-513383ed86a73488
SSCP-0cb6e66d54399921,MOL-932eed183bda3c10,2022_Taechalertpaisarn,AC-78305ee2e743b795,BLOCK-513383ed86a73488,5,BLOCK-513383ed86a73488
SSCP-0cb8edec4c13a28a,MOL-b95829870d40eae2,2016_Furukawa,AC-78305ee2e743b795,BLOCK-513383ed86a73488,5,BLOCK-513383ed86a73488
SSCP-0cbb5caea1373538,MOL-1425a910a163eb4d,2020_Townsend,AC-78305ee2e743b795,BLOCK-513383ed86a73488,5,BLOCK-513383ed86a73488
SSCP-0cbd5e158d14427a,MOL-9e9965a2d7f721a1,2013_CHUGAI,AC-cf95401a5715faa6,BLOCK-5c361cba45039733,7,BLOCK-5c361cba45039733
SSCP-0ccc19700c6b7bc6,MOL-e4ade4bc1dc8c783,2020_Townsend,AC-78305ee2e743b795,BLOCK-513383ed86a73488,5,BLOCK-513383ed86a73488
SSCP-0cd582e696a8f274,MOL-08c156a838c67ebc,2021_Kelly,AC-5e5c956882423f52,BLOCK-4494eb5738fce47c,3,BLOCK-4494eb5738fce47c
SSCP-0cdb9dfd3357498c,MOL-86ca94ffe90b9b69,2020_Townsend,AC-78305ee2e743b795,BLOCK-513383ed86a73488,5,BLOCK-513383ed86a73488
SSCP-0d04c5e3f4546c7e,MOL-74e033387ee4a43a,2024_Faris,AC-e82e3e242d3d320c,BLOCK-c5e520eb3b94ff25,15,BLOCK-c5e520eb3b94ff25
SSCP-0d0d82609cb418e6,MOL-09e7bcdbd794f448,2020_Townsend,AC-78305ee2e743b795,BLOCK-513383ed86a73488,5,BLOCK-513383ed86a73488
SSCP-0d1a9d7169aed238,MOL-d18f9ddabaa99e17,2020_Townsend,AC-78305ee2e743b795,BLOCK-513383ed86a73488,5,BLOCK-513383ed86a73488
SSCP-0d20de49fd557b9d,MOL-fd397ab2ebcf00d8,2013_CHUGAI,AC-cf95401a5715faa6,BLOCK-5c361cba45039733,7,BLOCK-5c361cba45039733
SSCP-0d2f6d5b7a03a7da,MOL-c2d422539093b4f9,2018_Naylor,AC-78305ee2e743b795,BLOCK-513383ed86a73488,5,BLOCK-513383ed86a73488
SSCP-0d47f3cb964eed24,MOL-0cf5d3cf6f6e778c,2021_Kelly,AC-ac7e5d0036401990,BLOCK-4494eb5738fce47c,3,BLOCK-4494eb5738fce47c
SSCP-0d5647406ef0b2c4,MOL-02e6b527fc777e48,2020_Townsend,AC-78305ee2e743b795,BLOCK-513383ed86a73488,5,BLOCK-513383ed86a73488
SSCP-0d57d6d70edbd537,MOL-8895d8a8c06be702,2020_Townsend,AC-78305ee2e743b795,BLOCK-513383ed86a73488,5,BLOCK-513383ed86a73488
SSCP-0d625eef7c9556c4,MOL-61b8295e5c8d7077,2016_Furukawa,AC-78305ee2e743b795,BLOCK-513383ed86a73488,5,BLOCK-513383ed86a73488
SSCP-0d6316dcbe2930b6,MOL-88e8f563235b9678,2020_Townsend,AC-78305ee2e743b795,BLOCK-513383ed86a73488,5,BLOCK-513383ed86a73488
SSCP-0d72277ea37da3dd,MOL-128102c08a6aaa47,2020_Townsend,AC-78305ee2e743b795,BLOCK-513383ed86a73488,5,BLOCK-513383ed86a73488
SSCP-0d7c867d902cb141,MOL-94603721cbe66a6c,2020_Townsend,AC-78305ee2e743b795,BLOCK-513383ed86a73488,5,BLOCK-513383ed86a73488
SSCP-0d81ea27f942667a,MOL-9cda9f110905f4c3,2020_Townsend,AC-78305ee2e743b795,BLOCK-513383ed86a73488,5,BLOCK-513383ed86a73488
SSCP-0d8917410dad98f6,MOL-52344f4aeaf14279,2016_Furukawa,AC-78305ee2e743b795,BLOCK-513383ed86a73488,5,BLOCK-513383ed86a73488
SSCP-0d89dea98528c160,MOL-889feed9f0f7aa7b,2021_Kelly,AC-5e5c956882423f52,BLOCK-4494eb5738fce47c,3,BLOCK-4494eb5738fce47c
SSCP-0da0d6ed08954145,MOL-b9c7a2fd5996f8b8,2021_Kelly,AC-5e5c956882423f52,BLOCK-4494eb5738fce47c,3,BLOCK-4494eb5738fce47c
SSCP-0da8a7bbc2f1efd2,MOL-6f1475fffae70995,2021_Kelly,AC-ac7e5d0036401990,BLOCK-4494eb5738fce47c,3,BLOCK-4494eb5738fce47c
SSCP-0dc2252c7f21db75,MOL-14b2845c037751d0,2020_Townsend,AC-78305ee2e743b795,BLOCK-513383ed86a73488,5,BLOCK-513383ed86a73488
SSCP-0dc3734e1fdc293e,MOL-c492d567fe514330,2013_CHUGAI,AC-cf95401a5715faa6,BLOCK-5c361cba45039733,7,BLOCK-5c361cba45039733
SSCP-0dcc73633d4cc506,MOL-9b5a20357017f058,2020_Townsend,AC-78305ee2e743b795,BLOCK-513383ed86a73488,5,BLOCK-513383ed86a73488
SSCP-0dd195aaf68222f6,MOL-93683c4c99588458,2020_Townsend,AC-78305ee2e743b795,BLOCK-513383ed86a73488,5,BLOCK-513383ed86a73488
SSCP-0dd2afba8650ec67,MOL-29361c00b13a981c,2020_Townsend,AC-78305ee2e743b795,BLOCK-513383ed86a73488,5,BLOCK-513383ed86a73488
SSCP-0dd861c6276096cc,MOL-86c421d067a3c529,2020_Townsend,AC-78305ee2e743b795,BLOCK-513383ed86a73488,5,BLOCK-513383ed86a73488
SSCP-0df0eac21e51c536,MOL-528a07d9c1d320d0,2020_Townsend,AC-78305ee2e743b795,BLOCK-513383ed86a73488,5,BLOCK-513383ed86a73488
SSCP-0e033c7b98f151a7,MOL-5640f7d62678b792,2020_Townsend,AC-78305ee2e743b795,BLOCK-513383ed86a73488,5,BLOCK-513383ed86a73488
SSCP-0e0770c4a7259b85,MOL-2e32344849125b26,2021_Kelly,AC-5e5c956882423f52,BLOCK-4494eb5738fce47c,3,BLOCK-4494eb5738fce47c
SSCP-0e153ea485b03c68,MOL-63b439222e22455e,2021_Kelly,AC-5e5c956882423f52,BLOCK-4494eb5738fce47c,3,BLOCK-4494eb5738fce47c
SSCP-0e243233d07cbc4a,MOL-6e497563311c3cf0,2021_Kelly,AC-6d3257a2b83e15dc,BLOCK-4494eb5738fce47c,3,BLOCK-4494eb5738fce47c
SSCP-0e26effaaee2ba03,MOL-a5a733bb20ed2fe8,2024_Faris,AC-e82e3e242d3d320c,BLOCK-c5e520eb3b94ff25,15,BLOCK-c5e520eb3b94ff25
SSCP-0e2f86d6e58157ce,MOL-74965b3cdfad752f,2020_Townsend,AC-78305ee2e743b795,BLOCK-513383ed86a73488,5,BLOCK-513383ed86a73488
SSCP-0e42e4d1c7b56606,MOL-2089622aae29a1c3,2021_Kelly,AC-5e5c956882423f52,BLOCK-4494eb5738fce47c,3,BLOCK-4494eb5738fce47c
SSCP-0e4476b0fc519182,MOL-d02578664f5b65c3,2021_Kelly,AC-5e5c956882423f52,BLOCK-4494eb5738fce47c,3,BLOCK-4494eb5738fce47c
SSCP-0e45fe7b2e0ad61a,MOL-24532d3f6289952c,2020_Townsend,AC-78305ee2e743b795,BLOCK-513383ed86a73488,5,BLOCK-513383ed86a73488
SSCP-0e5a1cfc3aec4b0d,MOL-dcd2b031f2451411,2013_CHUGAI,AC-f47b97a1fad8ea87,BLOCK-5c361cba45039733,7,BLOCK-5c361cba45039733
SSCP-0e6784eef6f1a8b3,MOL-587a97d600ee537b,2013_CHUGAI,AC-cf95401a5715faa6,BLOCK-5c361cba45039733,7,BLOCK-5c361cba45039733
SSCP-0e74bc5ad044471a,MOL-a3fac1740df316ff,2013_CHUGAI,AC-cf95401a5715faa6,BLOCK-5c361cba45039733,7,BLOCK-5c361cba45039733
SSCP-0e767c311bf19a07,MOL-66359fd17ac36df0,2020_Townsend,AC-78305ee2e743b795,BLOCK-513383ed86a73488,5,BLOCK-513383ed86a73488
SSCP-0e7f31dec14b524a,MOL-e8e4e6e691dce684,2020_Townsend,AC-78305ee2e743b795,BLOCK-513383ed86a73488,5,BLOCK-513383ed86a73488
SSCP-0e90d92e7c189e18,MOL-37e46c6df0c62c17,2020_Townsend,AC-78305ee2e743b795,BLOCK-513383ed86a73488,5,BLOCK-513383ed86a73488
SSCP-0e956b7fc189afb3,MOL-8cb2e7106abf05ab,2020_Townsend,AC-78305ee2e743b795,BLOCK-513383ed86a73488,5,BLOCK-513383ed86a73488
SSCP-0ea2e73c0ebeb556,MOL-40649f00bda9ce46,2016_Furukawa,AC-78305ee2e743b795,BLOCK-513383ed86a73488,5,BLOCK-513383ed86a73488
SSCP-0eaf37497e9c9220,MOL-f544f4547c343b70,2020_Townsend,AC-78305ee2e743b795,BLOCK-513383ed86a73488,5,BLOCK-513383ed86a73488
SSCP-0eb7d4a6c2758004,MOL-032de358396ac8b8,2020_Townsend,AC-78305ee2e743b795,BLOCK-513383ed86a73488,5,BLOCK-513383ed86a73488
SSCP-0ecdb255f5eec3c9,MOL-02f81e660232df13,2020_Townsend,AC-78305ee2e743b795,BLOCK-513383ed86a73488,5,BLOCK-513383ed86a73488
SSCP-0ed4f68efc98a2d5,MOL-59c14bac7d4f06f6,2013_CHUGAI,AC-c2be96eb06e93e95,BLOCK-5c361cba45039733,7,BLOCK-5c361cba45039733
SSCP-0eeb161b93702a6b,MOL-7bc4623c96bf04d6,2020_Townsend,AC-78305ee2e743b795,BLOCK-513383ed86a73488,5,BLOCK-513383ed86a73488
SSCP-0ef0720f1a8912fd,MOL-a94b79821dabfd0d,2020_Townsend,AC-78305ee2e743b795,BLOCK-513383ed86a73488,5,BLOCK-513383ed86a73488
SSCP-0ef87e83b2756462,MOL-33de0231545d0c63,2020_Townsend,AC-78305ee2e743b795,BLOCK-513383ed86a73488,5,BLOCK-513383ed86a73488
SSCP-0f05e8e34827c829,MOL-d39ee89a2901d818,2020_Townsend,AC-78305ee2e743b795,BLOCK-513383ed86a73488,5,BLOCK-513383ed86a73488
SSCP-0f0f6c3ba262e105,MOL-688286182ef6142d,2021_Kelly,AC-5e5c956882423f52,BLOCK-4494eb5738fce47c,3,BLOCK-4494eb5738fce47c
SSCP-0f1489f360fe90ae,MOL-ddec0e8f186881b9,2018_Lee,AC-50660f8319dc1976,BLOCK-c1585d53eda9a867,14,BLOCK-c1585d53eda9a867
SSCP-0f15fa99b8cd38f7,MOL-b94f7e22ced9d571,2021_Kelly,AC-5e5c956882423f52,BLOCK-4494eb5738fce47c,3,BLOCK-4494eb5738fce47c
SSCP-0f1f9f0aa56c7011,MOL-9a950a8dc14ea5a1,2020_Townsend,AC-78305ee2e743b795,BLOCK-513383ed86a73488,5,BLOCK-513383ed86a73488
SSCP-0f409c23a8ea94c3,MOL-236d44bdbc7473ef,2013_CHUGAI,AC-cf95401a5715faa6,BLOCK-5c361cba45039733,7,BLOCK-5c361cba45039733
SSCP-0f449899ba993ece,MOL-643fbbcbe174d690,2013_CHUGAI,AC-cf95401a5715faa6,BLOCK-5c361cba45039733,7,BLOCK-5c361cba45039733
SSCP-0f657fdb83f94d10,MOL-f950b7ccc991d32c,2020_Townsend,AC-78305ee2e743b795,BLOCK-513383ed86a73488,5,BLOCK-513383ed86a73488
SSCP-0f8125c13742d544,MOL-fbce3e98c02a85a7,2021_Kelly,AC-5e5c956882423f52,BLOCK-4494eb5738fce47c,3,BLOCK-4494eb5738fce47c
SSCP-0f8920c3c9061d7b,MOL-4b3d38758dcc90c3,2013_CHUGAI,AC-b5bcc35904bb9be0,BLOCK-5c361cba45039733,7,BLOCK-5c361cba45039733
SSCP-0f8aef4dd9f311c9,MOL-6b5c90969aa32346,2024_Faris,AC-e82e3e242d3d320c,BLOCK-c5e520eb3b94ff25,15,BLOCK-c5e520eb3b94ff25
SSCP-0f8f971f494a2c36,MOL-c7230d7e177b5acd,2024_Faris,AC-e82e3e242d3d320c,BLOCK-c5e520eb3b94ff25,15,BLOCK-c5e520eb3b94ff25
SSCP-0f93670f5dc3d3fa,MOL-20722a82995e81eb,2020_Townsend,AC-78305ee2e743b795,BLOCK-513383ed86a73488,5,BLOCK-513383ed86a73488
SSCP-0fa05d4c44a34de6,MOL-abeddc0c10821bb9,2013_CHUGAI,AC-cf95401a5715faa6,BLOCK-5c361cba45039733,7,BLOCK-5c361cba45039733
SSCP-0fa9b27355d7306b,MOL-d9adb67eedc0cca0,2013_CHUGAI,AC-ed45de80514e2637,BLOCK-5c361cba45039733,7,BLOCK-5c361cba45039733
SSCP-0faa7be070dc080a,MOL-8874c20dc8b8412a,2021_Kelly,AC-5e5c956882423f52,BLOCK-4494eb5738fce47c,3,BLOCK-4494eb5738fce47c
SSCP-0fbcb907ace6b708,MOL-c17f3e6831651b9b,2016_Furukawa,AC-78305ee2e743b795,BLOCK-513383ed86a73488,5,BLOCK-513383ed86a73488
SSCP-0fc64047996ee95f,MOL-ebe66866d9cabe7f,2020_Townsend,AC-78305ee2e743b795,BLOCK-513383ed86a73488,5,BLOCK-513383ed86a73488
SSCP-0fca51197c13be2b,MOL-aa005c3e0f6a3214,2020_Townsend,AC-78305ee2e743b795,BLOCK-513383ed86a73488,5,BLOCK-513383ed86a73488
SSCP-0fd03ed3d87e1de1,MOL-86d6f9f7eb0b64a1,2013_CHUGAI,AC-9915a59ccaa1a737,BLOCK-5c361cba45039733,7,BLOCK-5c361cba45039733
SSCP-0feeb3de3b6750f7,MOL-e3cb11fbb0344608,2021_Kelly,AC-5e5c956882423f52,BLOCK-4494eb5738fce47c,3,BLOCK-4494eb5738fce47c
SSCP-0ffd61b4bb329303,MOL-ff916e72a7815990,2020_Townsend,AC-78305ee2e743b795,BLOCK-513383ed86a73488,5,BLOCK-513383ed86a73488
SSCP-101114b7bec35ca5,MOL-7474229abcdcb325,2020_Townsend,AC-78305ee2e743b795,BLOCK-513383ed86a73488,5,BLOCK-513383ed86a73488
SSCP-101a2287cff5ad90,MOL-351196f547948666,2021_Kelly,AC-5e5c956882423f52,BLOCK-4494eb5738fce47c,3,BLOCK-4494eb5738fce47c
SSCP-1022edce5b0e276b,MOL-eee328e142bc0d0b,2016_Furukawa,AC-78305ee2e743b795,BLOCK-513383ed86a73488,5,BLOCK-513383ed86a73488
SSCP-10252edc6e30a5b4,MOL-691b3fc09fabf3b0,2013_CHUGAI,AC-fc76278bdc272ec6,BLOCK-5c361cba45039733,7,BLOCK-5c361cba45039733
SSCP-10257764a06f1f47,MOL-70ad0f4312ea95af,2016_Furukawa,AC-78305ee2e743b795,BLOCK-513383ed86a73488,5,BLOCK-513383ed86a73488
SSCP-102727651d252972,MOL-e5efa0780cd6a07e,2024_Faris,AC-e82e3e242d3d320c,BLOCK-c5e520eb3b94ff25,15,BLOCK-c5e520eb3b94ff25
SSCP-102dd3b66d500791,MOL-d23bd99a46d65829,2021_Kelly,AC-5e5c956882423f52,BLOCK-4494eb5738fce47c,3,BLOCK-4494eb5738fce47c
SSCP-1032695c720e3fbe,MOL-e2ed4ec4bbd9e8cc,2013_CHUGAI,AC-77fb0f10ded9ea1e,BLOCK-5c361cba45039733,7,BLOCK-5c361cba45039733
SSCP-1033b0389c933105,MOL-894c77b1ffd7aa83,2020_Townsend,AC-78305ee2e743b795,BLOCK-513383ed86a73488,5,BLOCK-513383ed86a73488
SSCP-10356a28321d9048,MOL-396e7eb7be716596,2013_CHUGAI,AC-cf95401a5715faa6,BLOCK-5c361cba45039733,7,BLOCK-5c361cba45039733
SSCP-103eaae443c13af2,MOL-f6ff370562b0ee60,2013_CHUGAI,AC-9915a59ccaa1a737,BLOCK-5c361cba45039733,7,BLOCK-5c361cba45039733
SSCP-10535378ab6b0cff,MOL-05d254997799070c,2016_Furukawa,AC-78305ee2e743b795,BLOCK-513383ed86a73488,5,BLOCK-513383ed86a73488
SSCP-105dbf8abd0d03fa,MOL-43a94f8b3c6932fa,2021_Kelly,AC-5e5c956882423f52,BLOCK-4494eb5738fce47c,3,BLOCK-4494eb5738fce47c
SSCP-106d6d4ac2f8a2ce,MOL-b7db4302d4cbc1c5,2016_Furukawa,AC-78305ee2e743b795,BLOCK-513383ed86a73488,5,BLOCK-513383ed86a73488
SSCP-10745dd87290c57d,MOL-63c49463913043f6,2020_Townsend,AC-78305ee2e743b795,BLOCK-513383ed86a73488,5,BLOCK-513383ed86a73488
SSCP-107ee5b0338a5feb,MOL-0fa36ddf948329d0,2016_Furukawa,AC-78305ee2e743b795,BLOCK-513383ed86a73488,5,BLOCK-513383ed86a73488
SSCP-10a0199f971cfb25,MOL-de445ebabab25f45,2021_Kelly,AC-5e5c956882423f52,BLOCK-4494eb5738fce47c,3,BLOCK-4494eb5738fce47c
SSCP-10a54d2d885a594a,MOL-fdfb7dcb52eba341,2021_Kelly,AC-5e5c956882423f52,BLOCK-4494eb5738fce47c,3,BLOCK-4494eb5738fce47c
SSCP-10a74b4b70cd6f68,MOL-94600f5fd7c34bec,2020_Townsend,AC-78305ee2e743b795,BLOCK-513383ed86a73488,5,BLOCK-513383ed86a73488
SSCP-10b4db971531ccb1,MOL-c1bfc5a9e324e2c1,2020_Townsend,AC-78305ee2e743b795,BLOCK-513383ed86a73488,5,BLOCK-513383ed86a73488
SSCP-10dce81dfa2008d1,MOL-951708b84796233b,2013_CHUGAI,AC-9915a59ccaa1a737,BLOCK-5c361cba45039733,7,BLOCK-5c361cba45039733
SSCP-10e89b435a78b69c,MOL-d20cd2de8bafef13,2013_CHUGAI,AC-9915a59ccaa1a737,BLOCK-5c361cba45039733,7,BLOCK-5c361cba45039733
SSCP-10f6b2730268bb94,MOL-ff8707c57febc5ff,2022_Lee,AC-4cbd321fd3e6c472,BLOCK-513383ed86a73488,5,BLOCK-513383ed86a73488
SSCP-11021d9b48ee8a2e,MOL-53e38da109f77e19,2020_Townsend,AC-78305ee2e743b795,BLOCK-513383ed86a73488,5,BLOCK-513383ed86a73488
SSCP-112bd768ca7e0e95,MOL-4f60cd1932846370,2020_Townsend,AC-78305ee2e743b795,BLOCK-513383ed86a73488,5,BLOCK-513383ed86a73488
SSCP-1133396c96e67a88,MOL-a93a58ccb6a349d9,2021_Kelly,AC-ac7e5d0036401990,BLOCK-4494eb5738fce47c,3,BLOCK-4494eb5738fce47c
SSCP-113be00eea03bc96,MOL-e8957936eeb01367,2016_Furukawa,AC-78305ee2e743b795,BLOCK-513383ed86a73488,5,BLOCK-513383ed86a73488
SSCP-113ca45ab879532f,MOL-e05c13f644f4efec,2021_Kelly,AC-5e5c956882423f52,BLOCK-4494eb5738fce47c,3,BLOCK-4494eb5738fce47c
SSCP-114a48b4784f71af,MOL-61d53ced3bcc4e49,2016_Furukawa,AC-78305ee2e743b795,BLOCK-513383ed86a73488,5,BLOCK-513383ed86a73488
SSCP-114c139695ddceb3,MOL-ae83253bfb309c21,2020_Townsend,AC-78305ee2e743b795,BLOCK-513383ed86a73488,5,BLOCK-513383ed86a73488
SSCP-115d840e8cb15011,MOL-df5badc4a724985f,2016_Furukawa,AC-78305ee2e743b795,BLOCK-513383ed86a73488,5,BLOCK-513383ed86a73488
SSCP-115f6fddc1815ebd,MOL-ba54c0f06c75699f,2020_Townsend,AC-78305ee2e743b795,BLOCK-513383ed86a73488,5,BLOCK-513383ed86a73488
SSCP-116d0d64a40f78bd,MOL-3a0a11cd06aa233e,2021_Kelly,AC-5e5c956882423f52,BLOCK-4494eb5738fce47c,3,BLOCK-4494eb5738fce47c
SSCP-1186e9d99ba37751,MOL-f60e0f73c2b03027,2022_Bhardwaj,AC-4a1ebd4253b02fa7,BLOCK-513383ed86a73488,5,BLOCK-513383ed86a73488
SSCP-119a2bc31f033483,MOL-9e765e3957ad2105,2021_Kelly,AC-6d3257a2b83e15dc,BLOCK-4494eb5738fce47c,3,BLOCK-4494eb5738fce47c
SSCP-119b9574e3bd25d1,MOL-5330a259d0c0ffd3,2020_Townsend,AC-78305ee2e743b795,BLOCK-513383ed86a73488,5,BLOCK-513383ed86a73488
SSCP-119d2a21cd798744,MOL-b97489193e840dfb,2021_Kelly,AC-5e5c956882423f52,BLOCK-4494eb5738fce47c,3,BLOCK-4494eb5738fce47c
SSCP-11b262b2cc0d97ca,MOL-9319b86cded98fe8,2016_Frost,AC-2ee5aa5b9faf389d,BLOCK-513383ed86a73488,5,BLOCK-513383ed86a73488
SSCP-11b61732358eefaa,MOL-993e7eef952f8cf5,2022_Bhardwaj,AC-c8a0a5e320445586,BLOCK-513383ed86a73488,5,BLOCK-513383ed86a73488
SSCP-11ccf5726e5bcc34,MOL-1dffda4ba32c35af,2016_Furukawa,AC-78305ee2e743b795,BLOCK-513383ed86a73488,5,BLOCK-513383ed86a73488
SSCP-11e85fd72faf21cb,MOL-9ede0357575cfccb,2020_Townsend,AC-78305ee2e743b795,BLOCK-513383ed86a73488,5,BLOCK-513383ed86a73488
SSCP-11ec0a92ce50d9e1,MOL-8299765a2c6527a3,2021_Kelly,AC-5e5c956882423f52,BLOCK-4494eb5738fce47c,3,BLOCK-4494eb5738fce47c
SSCP-11f06acbf29afe5d,MOL-e1b2f2843ed52a93,2020_Townsend,AC-78305ee2e743b795,BLOCK-513383ed86a73488,5,BLOCK-513383ed86a73488
SSCP-11f55c80c8c2d697,MOL-780e1545c2b06ee2,2020_Townsend,AC-78305ee2e743b795,BLOCK-513383ed86a73488,5,BLOCK-513383ed86a73488
SSCP-11fcb65679237b63,MOL-48545e8b199f689f,2020_Townsend,AC-78305ee2e743b795,BLOCK-513383ed86a73488,5,BLOCK-513383ed86a73488
SSCP-12143f9304aeed30,MOL-19d0617205f44063,2020_Townsend,AC-78305ee2e743b795,BLOCK-513383ed86a73488,5,BLOCK-513383ed86a73488
SSCP-1217a6093be91573,MOL-f106f4b7f78ab08c,2020_Townsend,AC-78305ee2e743b795,BLOCK-513383ed86a73488,5,BLOCK-513383ed86a73488
SSCP-1223555610254f3b,MOL-bfd55394e4e86c2b,2020_Le Roux,AC-b74b4d5565722d16,BLOCK-bb4bcb852b735057,12,BLOCK-bb4bcb852b735057
SSCP-123b84b412af66b0,MOL-28a8ccea75d9c25a,2021_Kelly,AC-ac7e5d0036401990,BLOCK-4494eb5738fce47c,3,BLOCK-4494eb5738fce47c
SSCP-123cbfedc664fd28,MOL-5de3c0cb90289389,2021_Kelly,AC-5e5c956882423f52,BLOCK-4494eb5738fce47c,3,BLOCK-4494eb5738fce47c
SSCP-123ce6847f4910ce,MOL-d080a52a540bbe83,2021_Kelly,AC-5e5c956882423f52,BLOCK-4494eb5738fce47c,3,BLOCK-4494eb5738fce47c
SSCP-1253828cac50252e,MOL-32cc6d69d8513988,2020_Townsend,AC-78305ee2e743b795,BLOCK-513383ed86a73488,5,BLOCK-513383ed86a73488
SSCP-125d47f00770a849,MOL-5290655013801d7b,2013_CHUGAI,AC-cf95401a5715faa6,BLOCK-5c361cba45039733,7,BLOCK-5c361cba45039733
SSCP-12600ab00543c476,MOL-2b4e6c158bfa4dcc,2020_Townsend,AC-78305ee2e743b795,BLOCK-513383ed86a73488,5,BLOCK-513383ed86a73488
SSCP-1266bcafa1af1d82,MOL-f1cb0254585b3c39,2016_Hickey,AC-caa6a2b0faf1de20,BLOCK-513383ed86a73488,5,BLOCK-513383ed86a73488
SSCP-12741ecb89eec870,MOL-eaa4404e05b53484,2020_Townsend,AC-78305ee2e743b795,BLOCK-513383ed86a73488,5,BLOCK-513383ed86a73488
SSCP-12955a76eef9b9d4,MOL-0510d11db0b9d15c,2020_Townsend,AC-78305ee2e743b795,BLOCK-513383ed86a73488,5,BLOCK-513383ed86a73488
SSCP-129983b5eea89f9e,MOL-0fdd254f240a4730,2020_Townsend,AC-78305ee2e743b795,BLOCK-513383ed86a73488,5,BLOCK-513383ed86a73488
SSCP-129acbfb6694e72c,MOL-1ae666ca29672a89,2020_Townsend,AC-78305ee2e743b795,BLOCK-513383ed86a73488,5,BLOCK-513383ed86a73488
SSCP-129c38af1b9b2e91,MOL-6806291726586ebb,2021_Kelly,AC-6d3257a2b83e15dc,BLOCK-4494eb5738fce47c,3,BLOCK-4494eb5738fce47c
SSCP-12ac7a027d8cb163,MOL-a561719d991e5510,2021_Kelly,AC-5e5c956882423f52,BLOCK-4494eb5738fce47c,3,BLOCK-4494eb5738fce47c
SSCP-12b04fd90bc96ed6,MOL-ba97e27a72903117,2020_Townsend,AC-78305ee2e743b795,BLOCK-513383ed86a73488,5,BLOCK-513383ed86a73488
SSCP-12c4af19e6b3d3fd,MOL-96d121dea3641f9c,2013_CHUGAI,AC-9ac38e9e696cc3fe,BLOCK-5c361cba45039733,7,BLOCK-5c361cba45039733
SSCP-12cb1c16665c700a,MOL-97beae22d300fde3,2020_Townsend,AC-78305ee2e743b795,BLOCK-513383ed86a73488,5,BLOCK-513383ed86a73488
SSCP-12d1e0b6061e64ce,MOL-725b004cf3dfba98,2021_Kelly,AC-5e5c956882423f52,BLOCK-4494eb5738fce47c,3,BLOCK-4494eb5738fce47c
SSCP-12d3193cf40f6844,MOL-c5cefb4d84618144,2016_Furukawa,AC-78305ee2e743b795,BLOCK-513383ed86a73488,5,BLOCK-513383ed86a73488
SSCP-12df49e57de546f5,MOL-5358d7b297b54b26,2013_CHUGAI,AC-cf95401a5715faa6,BLOCK-5c361cba45039733,7,BLOCK-5c361cba45039733
SSCP-12df594b83dbc600,MOL-350eb983b1d7bf2a,2021_Kelly,AC-5e5c956882423f52,BLOCK-4494eb5738fce47c,3,BLOCK-4494eb5738fce47c
SSCP-12e37c440092eeec,MOL-81cbbc5edbb6959d,2021_Kelly,AC-6d3257a2b83e15dc,BLOCK-4494eb5738fce47c,3,BLOCK-4494eb5738fce47c
SSCP-12e7fc2d85e3f212,MOL-d548c0de0b3c9174,2018_Naylor,AC-78305ee2e743b795,BLOCK-513383ed86a73488,5,BLOCK-513383ed86a73488
SSCP-12e8c25d254bcd99,MOL-3c7bb106f515e55d,2020_Townsend,AC-78305ee2e743b795,BLOCK-513383ed86a73488,5,BLOCK-513383ed86a73488
SSCP-12eff7c1978604c7,MOL-5544bc2548226387,2013_CHUGAI,AC-cf95401a5715faa6,BLOCK-5c361cba45039733,7,BLOCK-5c361cba45039733
SSCP-12f05d2962130584,MOL-e2253b088615b5a6,2020_Townsend,AC-78305ee2e743b795,BLOCK-513383ed86a73488,5,BLOCK-513383ed86a73488
SSCP-12f124966007b8a0,MOL-5110a010cb640365,2020_Townsend,AC-78305ee2e743b795,BLOCK-513383ed86a73488,5,BLOCK-513383ed86a73488
SSCP-12f56d9ab009731f,MOL-7546bfaba374aa6c,2024_Koch,AC-e82e3e242d3d320c,BLOCK-c5e520eb3b94ff25,15,BLOCK-c5e520eb3b94ff25
SSCP-12f930c47fabcecf,MOL-6af606da7ed93aa0,2021_Kelly,AC-6d3257a2b83e15dc,BLOCK-4494eb5738fce47c,3,BLOCK-4494eb5738fce47c
SSCP-1300bb1d0d74efdb,MOL-de180d1c925a45f6,2024_Ly,AC-b74b4d5565722d16,BLOCK-bb4bcb852b735057,12,BLOCK-bb4bcb852b735057
SSCP-13096096237cb762,MOL-45211c46ec74ff7e,2021_Kelly,AC-5e5c956882423f52,BLOCK-4494eb5738fce47c,3,BLOCK-4494eb5738fce47c
SSCP-130bbdce4570cd24,MOL-0b1a452ef4dcbc36,2021_Kelly,AC-5e5c956882423f52,BLOCK-4494eb5738fce47c,3,BLOCK-4494eb5738fce47c
SSCP-1313f291e1f4dba9,MOL-74b46d07288e1428,2013_CHUGAI,AC-9915a59ccaa1a737,BLOCK-5c361cba45039733,7,BLOCK-5c361cba45039733
SSCP-131b5d7979b7b83c,MOL-573ad6d20d08a9c4,2022_Bhardwaj,AC-2d2ad3090e47617e,BLOCK-513383ed86a73488,5,BLOCK-513383ed86a73488
SSCP-132403e6822a35e7,MOL-db53811b42914ddc,2021_Kelly,AC-5e5c956882423f52,BLOCK-4494eb5738fce47c,3,BLOCK-4494eb5738fce47c
SSCP-1324ccd6f9021c7d,MOL-0388a49b11844ab8,2021_Kelly,AC-5e5c956882423f52,BLOCK-4494eb5738fce47c,3,BLOCK-4494eb5738fce47c
SSCP-132b93039450368b,MOL-3da65c4e4bd1c80f,2021_Kelly,AC-6d3257a2b83e15dc,BLOCK-4494eb5738fce47c,3,BLOCK-4494eb5738fce47c
SSCP-133350ac69b6f1fd,MOL-f98091385ee684bd,2020_Townsend,AC-78305ee2e743b795,BLOCK-513383ed86a73488,5,BLOCK-513383ed86a73488
SSCP-133368b1a3d654fc,MOL-9cd4017e9a6fb9fb,2020_Townsend,AC-78305ee2e743b795,BLOCK-513383ed86a73488,5,BLOCK-513383ed86a73488
SSCP-133516395c66c0bb,MOL-51b223d0d9c401f7,2020_Townsend,AC-78305ee2e743b795,BLOCK-513383ed86a73488,5,BLOCK-513383ed86a73488
SSCP-133c0d9fdb0848ee,MOL-42e8d213548d8e88,2020_Townsend,AC-78305ee2e743b795,BLOCK-513383ed86a73488,5,BLOCK-513383ed86a73488
SSCP-134cba193e54d078,MOL-87d04eed136ec56e,2020_Townsend,AC-78305ee2e743b795,BLOCK-513383ed86a73488,5,BLOCK-513383ed86a73488
SSCP-1350cdbd408aed7a,MOL-84b6441974f4cb00,2021_Kelly,AC-5e5c956882423f52,BLOCK-4494eb5738fce47c,3,BLOCK-4494eb5738fce47c
SSCP-1350f1660729dda3,MOL-3ca0ac0831c434cb,2013_CHUGAI,AC-9915a59ccaa1a737,BLOCK-5c361cba45039733,7,BLOCK-5c361cba45039733
SSCP-135f52389e38188d,MOL-ad4f0d831e7118f6,2020_Townsend,AC-78305ee2e743b795,BLOCK-513383ed86a73488,5,BLOCK-513383ed86a73488
SSCP-1366207753f0db73,MOL-7543fc10d0a47dc4,2024_Faris,AC-e82e3e242d3d320c,BLOCK-c5e520eb3b94ff25,15,BLOCK-c5e520eb3b94ff25
SSCP-13697b2f0ef94590,MOL-bed7a72724ee0b2a,2020_Townsend,AC-78305ee2e743b795,BLOCK-513383ed86a73488,5,BLOCK-513383ed86a73488
SSCP-136b44d2ce162c73,MOL-1c49d08416e2330b,2020_Townsend,AC-78305ee2e743b795,BLOCK-513383ed86a73488,5,BLOCK-513383ed86a73488
SSCP-137102913b35c2ff,MOL-75a7214b2f0f8af9,2024_Koch,AC-e82e3e242d3d320c,BLOCK-c5e520eb3b94ff25,15,BLOCK-c5e520eb3b94ff25
SSCP-137617d7497a7fb3,MOL-45a3bedb9637f078,2020_Townsend,AC-78305ee2e743b795,BLOCK-513383ed86a73488,5,BLOCK-513383ed86a73488
SSCP-137c28c33b817d6b,MOL-d27d977998a77fdb,2021_Kelly,AC-5e5c956882423f52,BLOCK-4494eb5738fce47c,3,BLOCK-4494eb5738fce47c
SSCP-138245443440ff1d,MOL-f8c116f0eb8ec9be,2020_Townsend,AC-78305ee2e743b795,BLOCK-513383ed86a73488,5,BLOCK-513383ed86a73488
SSCP-13a59d3bc71307cb,MOL-bf2dc0a6390d8716,2013_CHUGAI,AC-cf95401a5715faa6,BLOCK-5c361cba45039733,7,BLOCK-5c361cba45039733
SSCP-13a73124b7518ef8,MOL-299663b25024e644,2020_Townsend,AC-78305ee2e743b795,BLOCK-513383ed86a73488,5,BLOCK-513383ed86a73488
SSCP-13acd5efd86313b3,MOL-1dce95f7a5840149,2020_Townsend,AC-78305ee2e743b795,BLOCK-513383ed86a73488,5,BLOCK-513383ed86a73488
SSCP-13cb2ce8d7db8f76,MOL-61c09acfb41be31e,2016_Hickey,AC-caa6a2b0faf1de20,BLOCK-513383ed86a73488,5,BLOCK-513383ed86a73488
SSCP-13cc0bfc68ce97b4,MOL-863e556525f48f25,2020_Townsend,AC-78305ee2e743b795,BLOCK-513383ed86a73488,5,BLOCK-513383ed86a73488
SSCP-13ccd2eb34d16ff8,MOL-8f629a9d4703f9ef,2020_Townsend,AC-78305ee2e743b795,BLOCK-513383ed86a73488,5,BLOCK-513383ed86a73488
SSCP-13de4456618c885e,MOL-9f76224ff36ab76e,2016_Furukawa,AC-78305ee2e743b795,BLOCK-513383ed86a73488,5,BLOCK-513383ed86a73488
SSCP-13f2a9cbea258ef7,MOL-d0ee86e8fa7b7de1,2020_Townsend,AC-78305ee2e743b795,BLOCK-513383ed86a73488,5,BLOCK-513383ed86a73488
SSCP-13fb4dbdade955c7,MOL-5e822dcbd953b39c,2020_Townsend,AC-78305ee2e743b795,BLOCK-513383ed86a73488,5,BLOCK-513383ed86a73488
SSCP-1404259d857e80eb,MOL-a02bbf952c767965,2021_Kelly,AC-5e5c956882423f52,BLOCK-4494eb5738fce47c,3,BLOCK-4494eb5738fce47c
SSCP-1426543d1c76f752,MOL-1a81083cda77c2a2,2020_Townsend,AC-78305ee2e743b795,BLOCK-513383ed86a73488,5,BLOCK-513383ed86a73488
SSCP-1434d13fe352b634,MOL-9a8fda76a61b6e2a,2015_Ahlbach,AC-361bbb197add489f,BLOCK-513383ed86a73488,5,BLOCK-513383ed86a73488
SSCP-14417e86ba535162,MOL-1e60952ea31344e6,2020_Furukawa,AC-114e657b947b31ec,BLOCK-5f91132e1b252609,9,BLOCK-5f91132e1b252609
SSCP-144308cbfca1e3e5,MOL-778387ef79b462c1,2020_Townsend,AC-78305ee2e743b795,BLOCK-513383ed86a73488,5,BLOCK-513383ed86a73488
SSCP-144b36fbf4bb4a6b,MOL-2a3438ec8eb19377,2020_Townsend,AC-78305ee2e743b795,BLOCK-513383ed86a73488,5,BLOCK-513383ed86a73488
SSCP-1453547cad8515ec,MOL-7814e7d3dd414969,2024_Faris,AC-e82e3e242d3d320c,BLOCK-c5e520eb3b94ff25,15,BLOCK-c5e520eb3b94ff25
SSCP-1457ed1624c31fa8,MOL-3f23059e48b07fd0,2020_Townsend,AC-78305ee2e743b795,BLOCK-513383ed86a73488,5,BLOCK-513383ed86a73488
SSCP-145fe8c61fd24cac,MOL-30cd9cb1c7ebc4fe,2020_Townsend,AC-78305ee2e743b795,BLOCK-513383ed86a73488,5,BLOCK-513383ed86a73488
SSCP-147cd6a6f73603de,MOL-7eae9fa081cba0a4,2016_Furukawa,AC-78305ee2e743b795,BLOCK-513383ed86a73488,5,BLOCK-513383ed86a73488
SSCP-14801e1272aab80b,MOL-11032430f6afdee3,2013_CHUGAI,AC-cf95401a5715faa6,BLOCK-5c361cba45039733,7,BLOCK-5c361cba45039733
SSCP-14883f33989405b6,MOL-aa6065b6c9db7e1d,2016_Furukawa,AC-78305ee2e743b795,BLOCK-513383ed86a73488,5,BLOCK-513383ed86a73488
SSCP-1488e04b6f25574b,MOL-edf371ff79469b7f,2013_CHUGAI,AC-cf95401a5715faa6,BLOCK-5c361cba45039733,7,BLOCK-5c361cba45039733
SSCP-148d7233cdef4cfd,MOL-399bd353f7bebd2f,2020_Townsend,AC-78305ee2e743b795,BLOCK-513383ed86a73488,5,BLOCK-513383ed86a73488
SSCP-1495c8d62dcea1b0,MOL-a70f80351dea9c1e,2021_Kelly,AC-6d3257a2b83e15dc,BLOCK-4494eb5738fce47c,3,BLOCK-4494eb5738fce47c
SSCP-149969da5920b550,MOL-0a95dc98c8622381,2017_Pye,AC-9fabc791bd5e32a1,BLOCK-2c0090ee1dd5b17e,1,BLOCK-2c0090ee1dd5b17e
SSCP-14b1c0fd8b369f20,MOL-8d70f42f59b945f9,2020_Townsend,AC-78305ee2e743b795,BLOCK-513383ed86a73488,5,BLOCK-513383ed86a73488
SSCP-14b6dc57fc094477,MOL-6c5f5aa4daf230f8,2020_Townsend,AC-78305ee2e743b795,BLOCK-513383ed86a73488,5,BLOCK-513383ed86a73488
SSCP-14b7a6415f9e5eed,MOL-029184e4b9946647,2020_Townsend,AC-78305ee2e743b795,BLOCK-513383ed86a73488,5,BLOCK-513383ed86a73488
SSCP-14b95b7791126a52,MOL-971d531668a10db5,2015_Wang,AC-02d5f1ba6c2ee9f7,BLOCK-513383ed86a73488,5,BLOCK-513383ed86a73488
SSCP-14be4520bef42260,MOL-08a6567983b941e0,2021_Kelly,AC-ac7e5d0036401990,BLOCK-4494eb5738fce47c,3,BLOCK-4494eb5738fce47c
SSCP-14c52b534fe4a358,MOL-f88b5af057c76007,2016_Furukawa,AC-78305ee2e743b795,BLOCK-513383ed86a73488,5,BLOCK-513383ed86a73488
SSCP-14c58e7c7eceebea,MOL-dcd3f5cd54ec03d7,2020_Townsend,AC-78305ee2e743b795,BLOCK-513383ed86a73488,5,BLOCK-513383ed86a73488
SSCP-14c5b4c172902c1c,MOL-5543013d5375cbbc,2016_Furukawa,AC-78305ee2e743b795,BLOCK-513383ed86a73488,5,BLOCK-513383ed86a73488
SSCP-14d5512ad86f4601,MOL-8b85a2153fc476c5,2020_Townsend,AC-78305ee2e743b795,BLOCK-513383ed86a73488,5,BLOCK-513383ed86a73488
SSCP-14f47dcae619855b,MOL-0b8b2772ba1c25d8,2021_Kelly,AC-5e5c956882423f52,BLOCK-4494eb5738fce47c,3,BLOCK-4494eb5738fce47c
SSCP-14f673145c6964d9,MOL-8ca0f94386d65bb7,2020_Townsend,AC-78305ee2e743b795,BLOCK-513383ed86a73488,5,BLOCK-513383ed86a73488
SSCP-14f8390943c5300b,MOL-58b377378533b31f,2020_Townsend,AC-78305ee2e743b795,BLOCK-513383ed86a73488,5,BLOCK-513383ed86a73488
SSCP-14fe3b108f313037,MOL-ed911e47115e20ca,2021_Kelly,AC-5e5c956882423f52,BLOCK-4494eb5738fce47c,3,BLOCK-4494eb5738fce47c
SSCP-1508847564d3f1b5,MOL-3d332d6834cec5af,2020_Townsend,AC-78305ee2e743b795,BLOCK-513383ed86a73488,5,BLOCK-513383ed86a73488
SSCP-1516fcddbfa2beb2,MOL-3e7432f5d8d1bb80,2022_Taechalertpaisarn,AC-78305ee2e743b795,BLOCK-513383ed86a73488,5,BLOCK-513383ed86a73488
SSCP-151b874a1aee8fa0,MOL-10950ea6bfabc47c,2021_Kelly,AC-5e5c956882423f52,BLOCK-4494eb5738fce47c,3,BLOCK-4494eb5738fce47c
SSCP-153269d51d51bee6,MOL-58222837eadc9698,2021_Kelly,AC-ac7e5d0036401990,BLOCK-4494eb5738fce47c,3,BLOCK-4494eb5738fce47c
SSCP-153a6326ebfe9531,MOL-30b8835020aab715,2020_Townsend,AC-78305ee2e743b795,BLOCK-513383ed86a73488,5,BLOCK-513383ed86a73488
SSCP-153bef7cfab95f35,MOL-0b716882536ac1ec,2013_CHUGAI,AC-385005ae48ac3a44,BLOCK-5c361cba45039733,7,BLOCK-5c361cba45039733
SSCP-153dd6c1eb50dcbb,MOL-9b377b3431215ba8,2021_Kelly,AC-5e5c956882423f52,BLOCK-4494eb5738fce47c,3,BLOCK-4494eb5738fce47c
SSCP-1548dab984331cfa,MOL-f61e7318326ff6a7,2016_Furukawa,AC-78305ee2e743b795,BLOCK-513383ed86a73488,5,BLOCK-513383ed86a73488
SSCP-1559d803865ab3cf,MOL-87c68e512c834f8e,2016_Furukawa,AC-78305ee2e743b795,BLOCK-513383ed86a73488,5,BLOCK-513383ed86a73488
SSCP-1565f395922a2454,MOL-edb6fea3aa7faad3,2021_Kelly,AC-5e5c956882423f52,BLOCK-4494eb5738fce47c,3,BLOCK-4494eb5738fce47c
SSCP-1566632879480f5d,MOL-2bc7659c1f7a74d6,2020_Townsend,AC-78305ee2e743b795,BLOCK-513383ed86a73488,5,BLOCK-513383ed86a73488
SSCP-1575d20e43087934,MOL-e99e0de0c3a1060a,2022_Bhardwaj,AC-128915488c4621a8,BLOCK-513383ed86a73488,5,BLOCK-513383ed86a73488
SSCP-157b52429480b02f,MOL-21c9627ff8ed11df,2021_Kelly,AC-5e5c956882423f52,BLOCK-4494eb5738fce47c,3,BLOCK-4494eb5738fce47c
SSCP-157bbdde105e8f6c,MOL-7e3e4563405cdecb,2020_Townsend,AC-78305ee2e743b795,BLOCK-513383ed86a73488,5,BLOCK-513383ed86a73488
SSCP-157c52c725a593f2,MOL-935bf5f56160e271,2020_Townsend,AC-78305ee2e743b795,BLOCK-513383ed86a73488,5,BLOCK-513383ed86a73488
SSCP-158432da82bc6b63,MOL-402d01ef6cd1ee70,2024_Otani,AC-11a24b60c76c2ff1,BLOCK-e729b0aa52978c75,17,BLOCK-e729b0aa52978c75
SSCP-158a371554e71f14,MOL-3ad02bc225008c27,2013_CHUGAI,AC-9915a59ccaa1a737,BLOCK-5c361cba45039733,7,BLOCK-5c361cba45039733
SSCP-158be948cfb4f2e5,MOL-013e8badb41f0b47,2020_Townsend,AC-78305ee2e743b795,BLOCK-513383ed86a73488,5,BLOCK-513383ed86a73488
SSCP-15b294c00698bcf4,MOL-f83da4f579406274,2016_Furukawa,AC-78305ee2e743b795,BLOCK-513383ed86a73488,5,BLOCK-513383ed86a73488
SSCP-15b78ba72a507bbc,MOL-6c716a011f91707d,2022_Bhardwaj,AC-24a0486a7aa7138d,BLOCK-513383ed86a73488,5,BLOCK-513383ed86a73488
SSCP-15c0219a4e3919cb,MOL-3dd1fe0ae611e10f,2020_Townsend,AC-78305ee2e743b795,BLOCK-513383ed86a73488,5,BLOCK-513383ed86a73488
SSCP-15c3c5c36da37c7e,MOL-5cc5ceb316307834,2020_Townsend,AC-78305ee2e743b795,BLOCK-513383ed86a73488,5,BLOCK-513383ed86a73488
SSCP-15c7c26c6b3f3a70,MOL-a260f89bfc947592,2020_Townsend,AC-78305ee2e743b795,BLOCK-513383ed86a73488,5,BLOCK-513383ed86a73488
SSCP-15dd5013c84bff88,MOL-ad9124213e0a0dc7,2013_CHUGAI,AC-9915a59ccaa1a737,BLOCK-5c361cba45039733,7,BLOCK-5c361cba45039733
SSCP-15e177c70ca49f2d,MOL-17f57ab40e6ff1a8,2020_Hosono,AC-78305ee2e743b795,BLOCK-513383ed86a73488,5,BLOCK-513383ed86a73488
SSCP-15ea98f85a36a4b8,MOL-226b06c4138cae6e,2020_Townsend,AC-78305ee2e743b795,BLOCK-513383ed86a73488,5,BLOCK-513383ed86a73488
SSCP-1601e9664d9a97d5,MOL-5c4a01e7d76f0b72,2013_CHUGAI,AC-cf95401a5715faa6,BLOCK-5c361cba45039733,7,BLOCK-5c361cba45039733
SSCP-16053eae3d3270bc,MOL-9694037e4163ef23,2021_Kelly,AC-5e5c956882423f52,BLOCK-4494eb5738fce47c,3,BLOCK-4494eb5738fce47c
SSCP-1609e70019cc1b15,MOL-70922494daf32711,2022_Bhardwaj,AC-f9f4862bf62adc66,BLOCK-513383ed86a73488,5,BLOCK-513383ed86a73488
SSCP-160bd684a60797e8,MOL-a34fbc8fef3e3026,2020_Townsend,AC-78305ee2e743b795,BLOCK-513383ed86a73488,5,BLOCK-513383ed86a73488
SSCP-160c99ebe3a5956b,MOL-c4e531127bcb525a,2013_CHUGAI,AC-76364811742e6efe,BLOCK-5c361cba45039733,7,BLOCK-5c361cba45039733
SSCP-16136cc93c92a8da,MOL-2c4097453cd45a8c,2020_Townsend,AC-78305ee2e743b795,BLOCK-513383ed86a73488,5,BLOCK-513383ed86a73488
SSCP-16262061109cad99,MOL-ffe1bdb67e21103b,2024_Faris,AC-e82e3e242d3d320c,BLOCK-c5e520eb3b94ff25,15,BLOCK-c5e520eb3b94ff25
SSCP-162cb9003c7ddf6b,MOL-b1076ea4b1a20110,2020_Townsend,AC-78305ee2e743b795,BLOCK-513383ed86a73488,5,BLOCK-513383ed86a73488
SSCP-162e9e748070ebc3,MOL-46929c144167038f,2021_Kelly,AC-5e5c956882423f52,BLOCK-4494eb5738fce47c,3,BLOCK-4494eb5738fce47c
SSCP-163f250377e282b2,MOL-5d0090aa333d1433,2013_CHUGAI,AC-cf95401a5715faa6,BLOCK-5c361cba45039733,7,BLOCK-5c361cba45039733
SSCP-164429e32260deb5,MOL-9d9eaa3a9b0a4bc2,2020_Townsend,AC-78305ee2e743b795,BLOCK-513383ed86a73488,5,BLOCK-513383ed86a73488
SSCP-1656e8697d948be1,MOL-e4a9cd484b941684,2020_Townsend,AC-78305ee2e743b795,BLOCK-513383ed86a73488,5,BLOCK-513383ed86a73488
SSCP-16682a56c0d2b428,MOL-05f101aa7b579721,2016_Furukawa,AC-78305ee2e743b795,BLOCK-513383ed86a73488,5,BLOCK-513383ed86a73488
SSCP-16688701c2be1cb6,MOL-e6e586f149379864,2020_Townsend,AC-78305ee2e743b795,BLOCK-513383ed86a73488,5,BLOCK-513383ed86a73488
SSCP-16728e94d1143544,MOL-58afa50e50f0665d,2020_Le Roux,AC-b74b4d5565722d16,BLOCK-bb4bcb852b735057,12,BLOCK-bb4bcb852b735057
SSCP-16756ffda0ab6616,MOL-70ee97f348b06e55,2020_Townsend,AC-78305ee2e743b795,BLOCK-513383ed86a73488,5,BLOCK-513383ed86a73488
SSCP-167e1bda118b468e,MOL-e6a6ace9dcc6c498,2020_Townsend,AC-78305ee2e743b795,BLOCK-513383ed86a73488,5,BLOCK-513383ed86a73488
SSCP-167eff4ef7d57416,MOL-f36a446cfcca3dc7,2013_CHUGAI,AC-cf95401a5715faa6,BLOCK-5c361cba45039733,7,BLOCK-5c361cba45039733
SSCP-168793525f21cd8d,MOL-5339be95daa8a71c,2013_CHUGAI,AC-dcecb3b179ac8258,BLOCK-5c361cba45039733,7,BLOCK-5c361cba45039733
SSCP-1689fe7d08961677,MOL-9deb733049bcb5cd,2020_Townsend,AC-78305ee2e743b795,BLOCK-513383ed86a73488,5,BLOCK-513383ed86a73488
SSCP-16a160642ae0a2e1,MOL-87b7c99eb5305d45,2020_Townsend,AC-78305ee2e743b795,BLOCK-513383ed86a73488,5,BLOCK-513383ed86a73488
SSCP-16a2265ff807b972,MOL-bfb956e2a670e401,2020_Townsend,AC-78305ee2e743b795,BLOCK-513383ed86a73488,5,BLOCK-513383ed86a73488
SSCP-16a4f374d686e769,MOL-e25668dcfb7be8f9,2021_Kelly,AC-6d3257a2b83e15dc,BLOCK-4494eb5738fce47c,3,BLOCK-4494eb5738fce47c
SSCP-16b0341ae416bca1,MOL-d87ba1c16cb74633,2021_Kelly,AC-ac7e5d0036401990,BLOCK-4494eb5738fce47c,3,BLOCK-4494eb5738fce47c
SSCP-16d08aba4163ab37,MOL-614829b8bf9cc466,2021_Kelly,AC-5e5c956882423f52,BLOCK-4494eb5738fce47c,3,BLOCK-4494eb5738fce47c
SSCP-16dbda1594790d6a,MOL-58ea7a7b7555f3d2,2020_Townsend,AC-78305ee2e743b795,BLOCK-513383ed86a73488,5,BLOCK-513383ed86a73488
SSCP-16e62d891cd93cbd,MOL-e80923a81a9c0ea5,2020_Townsend,AC-78305ee2e743b795,BLOCK-513383ed86a73488,5,BLOCK-513383ed86a73488
SSCP-16e97318e3786de5,MOL-d195548a0e25bf50,2021_Kelly,AC-5e5c956882423f52,BLOCK-4494eb5738fce47c,3,BLOCK-4494eb5738fce47c
SSCP-17048ce5f13be66c,MOL-8a85ffbaa57b2bca,2020_Townsend,AC-78305ee2e743b795,BLOCK-513383ed86a73488,5,BLOCK-513383ed86a73488
SSCP-171824e17b67902e,MOL-abbeda92bdde6bcf,2024_Faris,AC-e82e3e242d3d320c,BLOCK-c5e520eb3b94ff25,15,BLOCK-c5e520eb3b94ff25
SSCP-171fd648987218f6,MOL-0f300f3ecd33aff5,2020_Townsend,AC-78305ee2e743b795,BLOCK-513383ed86a73488,5,BLOCK-513383ed86a73488
SSCP-1730ea7b9ce82502,MOL-47569af4c54fd754,2020_Townsend,AC-78305ee2e743b795,BLOCK-513383ed86a73488,5,BLOCK-513383ed86a73488
SSCP-1732036334502763,MOL-822effcf4bb86dac,2013_CHUGAI,AC-cf95401a5715faa6,BLOCK-5c361cba45039733,7,BLOCK-5c361cba45039733
SSCP-1738d4044220e97f,MOL-76a6a559b7626213,2013_CHUGAI,AC-a7f5aee68862029d,BLOCK-5c361cba45039733,7,BLOCK-5c361cba45039733
SSCP-173daa47f98f8f0f,MOL-e2fbfef1dee12289,2013_CHUGAI,AC-cf95401a5715faa6,BLOCK-5c361cba45039733,7,BLOCK-5c361cba45039733
SSCP-17413df638a6772f,MOL-d5aaa628ea32fbeb,2024_Faris,AC-e82e3e242d3d320c,BLOCK-c5e520eb3b94ff25,15,BLOCK-c5e520eb3b94ff25
SSCP-17453591bbe1f2df,MOL-35aae613313ba73f,2020_Townsend,AC-78305ee2e743b795,BLOCK-513383ed86a73488,5,BLOCK-513383ed86a73488
SSCP-175414241dcd9475,MOL-dcf3439ee65b115b,2013_CHUGAI,AC-cf95401a5715faa6,BLOCK-5c361cba45039733,7,BLOCK-5c361cba45039733
SSCP-175d064fea0f613a,MOL-6bf5990f435f4cae,2020_Townsend,AC-78305ee2e743b795,BLOCK-513383ed86a73488,5,BLOCK-513383ed86a73488
SSCP-175eb0ee3efb46aa,MOL-93340497075643d1,2020_Townsend,AC-78305ee2e743b795,BLOCK-513383ed86a73488,5,BLOCK-513383ed86a73488
SSCP-175ed88749e988cb,MOL-dfd2df01b9b7cdb0,2013_CHUGAI,AC-cf95401a5715faa6,BLOCK-5c361cba45039733,7,BLOCK-5c361cba45039733
SSCP-17673630d858d412,MOL-ca6d0ebeec4d6582,2013_CHUGAI,AC-9915a59ccaa1a737,BLOCK-5c361cba45039733,7,BLOCK-5c361cba45039733
SSCP-176a6a911b2dde43,MOL-b6c9db8105184bd9,2016_Furukawa,AC-78305ee2e743b795,BLOCK-513383ed86a73488,5,BLOCK-513383ed86a73488
SSCP-176ae260f62c485e,MOL-9805bf7109f6541a,2020_Townsend,AC-78305ee2e743b795,BLOCK-513383ed86a73488,5,BLOCK-513383ed86a73488
SSCP-176c06ed358ffc9a,MOL-3f4661b661c39ce7,2020_Townsend,AC-78305ee2e743b795,BLOCK-513383ed86a73488,5,BLOCK-513383ed86a73488
SSCP-176edca2565e1976,MOL-c96229b07a467b2b,2021_Kelly,AC-5e5c956882423f52,BLOCK-4494eb5738fce47c,3,BLOCK-4494eb5738fce47c
SSCP-177e52dbaa5cc103,MOL-1326a357b4edf631,2021_Kelly,AC-5e5c956882423f52,BLOCK-4494eb5738fce47c,3,BLOCK-4494eb5738fce47c
SSCP-179439578e29f53f,MOL-c1789be796652096,2020_Townsend,AC-78305ee2e743b795,BLOCK-513383ed86a73488,5,BLOCK-513383ed86a73488
SSCP-17a5cd48b87b6b33,MOL-9a3dbe0e7bd3b3df,2018_Naylor,AC-78305ee2e743b795,BLOCK-513383ed86a73488,5,BLOCK-513383ed86a73488
SSCP-17a95ca3cec239a5,MOL-cf1684ccf3109110,2020_Townsend,AC-78305ee2e743b795,BLOCK-513383ed86a73488,5,BLOCK-513383ed86a73488
SSCP-17b5ba70019944ac,MOL-9c42b0a20d041564,2020_Townsend,AC-78305ee2e743b795,BLOCK-513383ed86a73488,5,BLOCK-513383ed86a73488
SSCP-17b79b3b51bd2652,MOL-d7cc74e2b1de29e7,2021_Kelly,AC-5e5c956882423f52,BLOCK-4494eb5738fce47c,3,BLOCK-4494eb5738fce47c
SSCP-17d9605d5958d6a4,MOL-edb92245c517f7d9,2021_Kelly,AC-5e5c956882423f52,BLOCK-4494eb5738fce47c,3,BLOCK-4494eb5738fce47c
SSCP-17dec04a752b8388,MOL-eeb5910fe1e231dd,2020_Townsend,AC-78305ee2e743b795,BLOCK-513383ed86a73488,5,BLOCK-513383ed86a73488
SSCP-17e799f47b69445f,MOL-61ee95e514809a24,2020_Townsend,AC-78305ee2e743b795,BLOCK-513383ed86a73488,5,BLOCK-513383ed86a73488
SSCP-17ef1c7c06ba3b11,MOL-0289cfd1c22c3b58,2020_Townsend,AC-78305ee2e743b795,BLOCK-513383ed86a73488,5,BLOCK-513383ed86a73488
SSCP-17f0e5d65d0ef12f,MOL-f8c7ee73140eddd3,2013_CHUGAI,AC-cf95401a5715faa6,BLOCK-5c361cba45039733,7,BLOCK-5c361cba45039733
SSCP-1809cbfe1c86cbb0,MOL-17717a67aaa8f723,2020_Townsend,AC-78305ee2e743b795,BLOCK-513383ed86a73488,5,BLOCK-513383ed86a73488
SSCP-18137560148a183a,MOL-3e7b95191722dd3f,2013_CHUGAI,AC-cf95401a5715faa6,BLOCK-5c361cba45039733,7,BLOCK-5c361cba45039733
SSCP-18174cbd57c5097a,MOL-dfa08c6e4746048e,2020_Townsend,AC-78305ee2e743b795,BLOCK-513383ed86a73488,5,BLOCK-513383ed86a73488
SSCP-18200bef50de23f4,MOL-0c54242ff6031042,2020_Townsend,AC-78305ee2e743b795,BLOCK-513383ed86a73488,5,BLOCK-513383ed86a73488
SSCP-1825dd09490f1cb1,MOL-7ae2df3a974a9fda,2020_Townsend,AC-78305ee2e743b795,BLOCK-513383ed86a73488,5,BLOCK-513383ed86a73488
SSCP-1827de14c8d4b523,MOL-a4c15b7fc7c9d8dd,2020_Townsend,AC-78305ee2e743b795,BLOCK-513383ed86a73488,5,BLOCK-513383ed86a73488
SSCP-182aa0c3e9484626,MOL-342e574ebe65d8c8,2013_CHUGAI,AC-9915a59ccaa1a737,BLOCK-5c361cba45039733,7,BLOCK-5c361cba45039733
SSCP-1830d16ccfc3da9f,MOL-cc5727410a3b0915,2020_Townsend,AC-78305ee2e743b795,BLOCK-513383ed86a73488,5,BLOCK-513383ed86a73488
SSCP-18327c67c84a5749,MOL-e8e489d54494cc1a,2022_Bhardwaj,AC-32a6b934bd051c9b,BLOCK-513383ed86a73488,5,BLOCK-513383ed86a73488
SSCP-183526a613b1e68b,MOL-c2629454e5357924,2020_Townsend,AC-78305ee2e743b795,BLOCK-513383ed86a73488,5,BLOCK-513383ed86a73488
SSCP-1848deb74f91a755,MOL-709132c8bdf0a8b5,2013_CHUGAI,AC-62ab45f1fb971287,BLOCK-5c361cba45039733,7,BLOCK-5c361cba45039733
SSCP-184a1e5e563f740c,MOL-a67d7064c1f7e026,2021_Kelly,AC-5e5c956882423f52,BLOCK-4494eb5738fce47c,3,BLOCK-4494eb5738fce47c
SSCP-184f9b15950cb375,MOL-f48ad7e1429da5b9,2016_Furukawa,AC-78305ee2e743b795,BLOCK-513383ed86a73488,5,BLOCK-513383ed86a73488
SSCP-1856e278a6066d04,MOL-e7bc39c8203c285a,2020_Townsend,AC-78305ee2e743b795,BLOCK-513383ed86a73488,5,BLOCK-513383ed86a73488
SSCP-185b09b6d572d8bc,MOL-d6ebcb3241ac63ec,2020_Townsend,AC-78305ee2e743b795,BLOCK-513383ed86a73488,5,BLOCK-513383ed86a73488
SSCP-18684504b973c62c,MOL-09ff4c1e414c8624,2020_Townsend,AC-78305ee2e743b795,BLOCK-513383ed86a73488,5,BLOCK-513383ed86a73488
SSCP-187aef72e51282fc,MOL-91da8d3fb4795e76,2020_Barlow,AC-741ab05286c210ec,BLOCK-8dbd1f0100199b32,10,BLOCK-8dbd1f0100199b32
SSCP-187c7b1e2a7331ea,MOL-35f8c5135c8a5ece,2020_Townsend,AC-78305ee2e743b795,BLOCK-513383ed86a73488,5,BLOCK-513383ed86a73488
SSCP-18908d435d828c49,MOL-2ca54c8ef70c330a,2020_Townsend,AC-78305ee2e743b795,BLOCK-513383ed86a73488,5,BLOCK-513383ed86a73488
SSCP-18a3e0a448006590,MOL-7481864cd11eddcb,2020_Townsend,AC-78305ee2e743b795,BLOCK-513383ed86a73488,5,BLOCK-513383ed86a73488
SSCP-18a571c7c9b44d15,MOL-8a4809ca73cf3c52,2018_Naylor,AC-4cbd321fd3e6c472,BLOCK-513383ed86a73488,5,BLOCK-513383ed86a73488
SSCP-18bd4ef83756a695,MOL-c3972e60571bb77a,2020_Townsend,AC-78305ee2e743b795,BLOCK-513383ed86a73488,5,BLOCK-513383ed86a73488
SSCP-18be57feda8c51f8,MOL-cb08988ab2b54570,2020_Townsend,AC-78305ee2e743b795,BLOCK-513383ed86a73488,5,BLOCK-513383ed86a73488
SSCP-18c42a9db6584ab8,MOL-012aa8fe14c0f19d,2016_Furukawa,AC-78305ee2e743b795,BLOCK-513383ed86a73488,5,BLOCK-513383ed86a73488
SSCP-18c875d74c3a370f,MOL-fa0826ba27c26b7c,2013_CHUGAI,AC-cf95401a5715faa6,BLOCK-5c361cba45039733,7,BLOCK-5c361cba45039733
SSCP-18c90e5ff410ff82,MOL-f7056762e13c0b01,2015_Ahlbach,AC-d7e3dc9dd9e0c1d8,BLOCK-513383ed86a73488,5,BLOCK-513383ed86a73488
SSCP-18cddfccc47bde64,MOL-3df9bec3480f6971,2024_Faris,AC-e82e3e242d3d320c,BLOCK-c5e520eb3b94ff25,15,BLOCK-c5e520eb3b94ff25
SSCP-18cff46e9f254c58,MOL-0559b4b5a699e2d9,2020_Townsend,AC-78305ee2e743b795,BLOCK-513383ed86a73488,5,BLOCK-513383ed86a73488
SSCP-18d997639226886d,MOL-df71067ae2615adc,2020_Townsend,AC-78305ee2e743b795,BLOCK-513383ed86a73488,5,BLOCK-513383ed86a73488
SSCP-18e079969ee3b402,MOL-5199e88a813ffeaa,2020_Townsend,AC-78305ee2e743b795,BLOCK-513383ed86a73488,5,BLOCK-513383ed86a73488
SSCP-18e0f4f5c7884b43,MOL-3ca3c7927b557d29,2016_Furukawa,AC-78305ee2e743b795,BLOCK-513383ed86a73488,5,BLOCK-513383ed86a73488
SSCP-18e96732e64f1e5d,MOL-ed502b98aea1f92c,2020_Townsend,AC-78305ee2e743b795,BLOCK-513383ed86a73488,5,BLOCK-513383ed86a73488
SSCP-18f3da7d60fad7c3,MOL-8238dcedf21998bb,2020_Townsend,AC-78305ee2e743b795,BLOCK-513383ed86a73488,5,BLOCK-513383ed86a73488
SSCP-190ed9b09dc8a9ae,MOL-c8046c54a21e53a3,2020_Townsend,AC-78305ee2e743b795,BLOCK-513383ed86a73488,5,BLOCK-513383ed86a73488
SSCP-19138646c5726969,MOL-e00b36c08c6e7d36,2021_Kelly,AC-5e5c956882423f52,BLOCK-4494eb5738fce47c,3,BLOCK-4494eb5738fce47c
SSCP-191fcd4c0eec6e0a,MOL-2bc5bd025d7d5887,2021_Kelly,AC-5e5c956882423f52,BLOCK-4494eb5738fce47c,3,BLOCK-4494eb5738fce47c
SSCP-1923cd9b497f44f7,MOL-75a76dc014ba58a5,2022_Bhardwaj,AC-49aec3b4497c2b4b,BLOCK-513383ed86a73488,5,BLOCK-513383ed86a73488
SSCP-1927eb875164cb04,MOL-473c6e17680dcac8,2022_Bhardwaj,AC-176de189c1d9e28a,BLOCK-513383ed86a73488,5,BLOCK-513383ed86a73488
SSCP-192dc210728f4c49,MOL-62d11eaa507f221c,2024_Faris,AC-e82e3e242d3d320c,BLOCK-c5e520eb3b94ff25,15,BLOCK-c5e520eb3b94ff25
SSCP-193411b60bdb5fe5,MOL-d23a0e7c4f7b8de4,2020_Townsend,AC-78305ee2e743b795,BLOCK-513383ed86a73488,5,BLOCK-513383ed86a73488
SSCP-193ae5e1329c1701,MOL-412b952b50f29ed6,2021_Kelly,AC-5e5c956882423f52,BLOCK-4494eb5738fce47c,3,BLOCK-4494eb5738fce47c
SSCP-193b9621e4371660,MOL-21f1b1cb45b73266,2020_Townsend,AC-78305ee2e743b795,BLOCK-513383ed86a73488,5,BLOCK-513383ed86a73488
SSCP-193b9a85fa67b590,MOL-4f69250a832f217e,2015_Wang,AC-78305ee2e743b795,BLOCK-513383ed86a73488,5,BLOCK-513383ed86a73488
SSCP-194dc0740ec1d415,MOL-19b02a801766084d,2021_Kelly,AC-5e5c956882423f52,BLOCK-4494eb5738fce47c,3,BLOCK-4494eb5738fce47c
SSCP-194f60655929b0cf,MOL-18b46645ad81d938,2013_CHUGAI,AC-cf95401a5715faa6,BLOCK-5c361cba45039733,7,BLOCK-5c361cba45039733
SSCP-195df84fa8b16e4a,MOL-2b2da83f972beefc,2021_Kelly,AC-6d3257a2b83e15dc,BLOCK-4494eb5738fce47c,3,BLOCK-4494eb5738fce47c
SSCP-19631882ef0d6f99,MOL-aa5f2f3a89e4875a,2016_Furukawa,AC-78305ee2e743b795,BLOCK-513383ed86a73488,5,BLOCK-513383ed86a73488
SSCP-1963a27df2adcaa1,MOL-c06333f8aab61cdf,2021_Kelly,AC-5e5c956882423f52,BLOCK-4494eb5738fce47c,3,BLOCK-4494eb5738fce47c
SSCP-19698cbdb6ad2623,MOL-dd1263ebd59c2dd7,2021_Wang,AC-fbc7f1ef462beb7f,BLOCK-d0fe24e9c28856d1,16,BLOCK-d0fe24e9c28856d1
SSCP-1983215dff510d4a,MOL-7a99a83607f961cb,2024_Faris,AC-e82e3e242d3d320c,BLOCK-c5e520eb3b94ff25,15,BLOCK-c5e520eb3b94ff25
SSCP-19869a760504abab,MOL-6098e099724f0436,2020_Townsend,AC-78305ee2e743b795,BLOCK-513383ed86a73488,5,BLOCK-513383ed86a73488
SSCP-1991e0476ab3783b,MOL-131f76124ca7a4dd,2020_Townsend,AC-78305ee2e743b795,BLOCK-513383ed86a73488,5,BLOCK-513383ed86a73488
SSCP-1992d3811512011f,MOL-395794dee5443dfb,2020_Townsend,AC-78305ee2e743b795,BLOCK-513383ed86a73488,5,BLOCK-513383ed86a73488
SSCP-199559f6609e669e,MOL-c5a7793862c73b6e,2021_Kelly,AC-5e5c956882423f52,BLOCK-4494eb5738fce47c,3,BLOCK-4494eb5738fce47c
SSCP-199640d375def1fb,MOL-ed8105eba1df3af4,2020_Townsend,AC-78305ee2e743b795,BLOCK-513383ed86a73488,5,BLOCK-513383ed86a73488
SSCP-199ee0933dd6e7d5,MOL-479ce5f4378c5254,2015_Bockus_1,AC-065154b409531fcc,BLOCK-513383ed86a73488,5,BLOCK-513383ed86a73488
SSCP-19a8d7f6539f6fcc,MOL-f88ea2cfd00c7bed,2024_Faris,AC-e82e3e242d3d320c,BLOCK-c5e520eb3b94ff25,15,BLOCK-c5e520eb3b94ff25
SSCP-19b02c5ec767c4ec,MOL-821c830f4ab15f31,2021_Kelly,AC-5e5c956882423f52,BLOCK-4494eb5738fce47c,3,BLOCK-4494eb5738fce47c
SSCP-19b0b4c341079643,MOL-2367051d0fcb6055,2021_Kelly,AC-ac7e5d0036401990,BLOCK-4494eb5738fce47c,3,BLOCK-4494eb5738fce47c
SSCP-19c12ff4ad3ddba3,MOL-760d7a87e57af714,2022_Bhardwaj,AC-1976fe97fdebd86d,BLOCK-513383ed86a73488,5,BLOCK-513383ed86a73488
SSCP-19d4687554aaf68c,MOL-99edc9581a756925,2020_Townsend,AC-78305ee2e743b795,BLOCK-513383ed86a73488,5,BLOCK-513383ed86a73488
SSCP-19dcc98805ef6df2,MOL-3acc2cea20c3820b,2021_Kelly,AC-ac7e5d0036401990,BLOCK-4494eb5738fce47c,3,BLOCK-4494eb5738fce47c
SSCP-19dfd3216b2de027,MOL-25dd38590fe4e2cb,2020_Townsend,AC-78305ee2e743b795,BLOCK-513383ed86a73488,5,BLOCK-513383ed86a73488
SSCP-19e4231d1da1f0b4,MOL-e884b6dfd8b6bc5b,2016_Furukawa,AC-78305ee2e743b795,BLOCK-513383ed86a73488,5,BLOCK-513383ed86a73488
SSCP-19f1c4f7e86a571e,MOL-fe2a59e08d11ad5b,2020_Townsend,AC-78305ee2e743b795,BLOCK-513383ed86a73488,5,BLOCK-513383ed86a73488
SSCP-19f9b96bae6ee55f,MOL-00ca8b3f4d765e8e,2022_Bhardwaj,AC-dca0a8d92cd4b51f,BLOCK-513383ed86a73488,5,BLOCK-513383ed86a73488
SSCP-1a048d4f4290beab,MOL-b2dac895af62adb4,2020_Townsend,AC-78305ee2e743b795,BLOCK-513383ed86a73488,5,BLOCK-513383ed86a73488
SSCP-1a05bb6709697877,MOL-a4ebac58f83e54aa,2021_Kelly,AC-6d3257a2b83e15dc,BLOCK-4494eb5738fce47c,3,BLOCK-4494eb5738fce47c
SSCP-1a0d0daadc027570,MOL-661eecc777dc0bba,2021_Kelly,AC-5e5c956882423f52,BLOCK-4494eb5738fce47c,3,BLOCK-4494eb5738fce47c
SSCP-1a2907a48a1ad9ef,MOL-682596f766b379a8,2021_Kelly,AC-5e5c956882423f52,BLOCK-4494eb5738fce47c,3,BLOCK-4494eb5738fce47c
SSCP-1a327d5fbf1dddbd,MOL-3d7e237cddf94d75,2020_Townsend,AC-78305ee2e743b795,BLOCK-513383ed86a73488,5,BLOCK-513383ed86a73488
SSCP-1a36a5261620f36e,MOL-ba27f16278a06eb0,2016_Furukawa,AC-78305ee2e743b795,BLOCK-513383ed86a73488,5,BLOCK-513383ed86a73488
SSCP-1a3b12e5ce02568f,MOL-8493da65f6a6b42b,2021_Kelly,AC-ac7e5d0036401990,BLOCK-4494eb5738fce47c,3,BLOCK-4494eb5738fce47c
SSCP-1a3de188be191fc1,MOL-82cde8a7d8d15658,2015_Wang,AC-0fdfe45bfa2d5783,BLOCK-513383ed86a73488,5,BLOCK-513383ed86a73488
SSCP-1a3ec38b3747ae5d,MOL-bd4d06a9e115c005,2021_Kelly,AC-5e5c956882423f52,BLOCK-4494eb5738fce47c,3,BLOCK-4494eb5738fce47c
SSCP-1a4160f104c3221a,MOL-dae5c4b9039f55fe,2013_CHUGAI,AC-9915a59ccaa1a737,BLOCK-5c361cba45039733,7,BLOCK-5c361cba45039733
SSCP-1a474088c32c7d4f,MOL-983950e42cc2e759,2013_CHUGAI,AC-9915a59ccaa1a737,BLOCK-5c361cba45039733,7,BLOCK-5c361cba45039733
SSCP-1a514ab989862518,MOL-a2ebc0d52820a57e,2021_Kelly,AC-6d3257a2b83e15dc,BLOCK-4494eb5738fce47c,3,BLOCK-4494eb5738fce47c
SSCP-1a5402b102f24864,MOL-edc43c627b1e0399,2020_Townsend,AC-78305ee2e743b795,BLOCK-513383ed86a73488,5,BLOCK-513383ed86a73488
SSCP-1a682e135a191741,MOL-8dc5637287391d24,2020_Le Roux,AC-b74b4d5565722d16,BLOCK-bb4bcb852b735057,12,BLOCK-bb4bcb852b735057
SSCP-1a7278e879ea5806,MOL-6d27feba98d1da67,2020_Townsend,AC-78305ee2e743b795,BLOCK-513383ed86a73488,5,BLOCK-513383ed86a73488
SSCP-1a7be44c90785475,MOL-5abd1405c9e4e6a2,2013_CHUGAI,AC-f967756965d0d865,BLOCK-5c361cba45039733,7,BLOCK-5c361cba45039733
SSCP-1a82836fa6d9b122,MOL-7b54c4de3b92d408,2020_Townsend,AC-78305ee2e743b795,BLOCK-513383ed86a73488,5,BLOCK-513383ed86a73488
SSCP-1a898ee0242c4476,MOL-12ba989b4c2a5faa,2021_Kelly,AC-5e5c956882423f52,BLOCK-4494eb5738fce47c,3,BLOCK-4494eb5738fce47c
SSCP-1a9b24d338d2b494,MOL-bcf5841c93eeefb6,2021_Kelly,AC-ac7e5d0036401990,BLOCK-4494eb5738fce47c,3,BLOCK-4494eb5738fce47c
SSCP-1a9d6a5ab4b2f6c5,MOL-b02da70ac7d566e6,2020_Townsend,AC-78305ee2e743b795,BLOCK-513383ed86a73488,5,BLOCK-513383ed86a73488
SSCP-1aa035f798c5acbe,MOL-0b68d3268f2185ab,2024_Faris,AC-e82e3e242d3d320c,BLOCK-c5e520eb3b94ff25,15,BLOCK-c5e520eb3b94ff25
SSCP-1aa5244b95b0e468,MOL-d9d29503f6bac544,2020_Townsend,AC-78305ee2e743b795,BLOCK-513383ed86a73488,5,BLOCK-513383ed86a73488
SSCP-1aaa3fa19fe71b5d,MOL-60627728bd85d86f,2020_Townsend,AC-78305ee2e743b795,BLOCK-513383ed86a73488,5,BLOCK-513383ed86a73488
SSCP-1aaf8e25fcb84657,MOL-b8f18912f81ce028,2020_Townsend,AC-78305ee2e743b795,BLOCK-513383ed86a73488,5,BLOCK-513383ed86a73488
SSCP-1ab6ffb5785a004a,MOL-86081c73e5d2ef72,2020_Townsend,AC-78305ee2e743b795,BLOCK-513383ed86a73488,5,BLOCK-513383ed86a73488
SSCP-1abbed88c1b1340d,MOL-5c4741c5f4ace801,2020_Townsend,AC-78305ee2e743b795,BLOCK-513383ed86a73488,5,BLOCK-513383ed86a73488
SSCP-1ac2a5f94831dc53,MOL-850c8961a24ea2b5,2020_Townsend,AC-78305ee2e743b795,BLOCK-513383ed86a73488,5,BLOCK-513383ed86a73488
SSCP-1add889a9822e8e0,MOL-e99a99d7c8b387b1,2021_Kelly,AC-5e5c956882423f52,BLOCK-4494eb5738fce47c,3,BLOCK-4494eb5738fce47c
SSCP-1ae2e10835bbca3c,MOL-db0c75845ff474e4,2016_Frost,AC-2ee5aa5b9faf389d,BLOCK-513383ed86a73488,5,BLOCK-513383ed86a73488
SSCP-1aecc897def8f349,MOL-7b31530382186580,2020_Townsend,AC-78305ee2e743b795,BLOCK-513383ed86a73488,5,BLOCK-513383ed86a73488
SSCP-1af38f1e1661fe2d,MOL-6dbde14732409716,2021_Kelly,AC-5e5c956882423f52,BLOCK-4494eb5738fce47c,3,BLOCK-4494eb5738fce47c
SSCP-1b1e1253b11f2979,MOL-f4df78662fc36909,2021_Kelly,AC-5e5c956882423f52,BLOCK-4494eb5738fce47c,3,BLOCK-4494eb5738fce47c
SSCP-1b1fbd497a01653d,MOL-40eeaa310e07d7f4,2022_Taechalertpaisarn,AC-78305ee2e743b795,BLOCK-513383ed86a73488,5,BLOCK-513383ed86a73488
SSCP-1b24551c2c607884,MOL-f85c7471a59dc575,2016_Furukawa,AC-78305ee2e743b795,BLOCK-513383ed86a73488,5,BLOCK-513383ed86a73488
SSCP-1b28649eda206225,MOL-dafa617c78de6696,2020_Townsend,AC-78305ee2e743b795,BLOCK-513383ed86a73488,5,BLOCK-513383ed86a73488
SSCP-1b2fddbafbeefa2c,MOL-e09e34534b73121b,2024_Ly,AC-b74b4d5565722d16,BLOCK-bb4bcb852b735057,12,BLOCK-bb4bcb852b735057
SSCP-1b3b8aee0a6c3644,MOL-0b89a9e1ca9bdac5,2016_Furukawa,AC-78305ee2e743b795,BLOCK-513383ed86a73488,5,BLOCK-513383ed86a73488
SSCP-1b3c58d0f7beb081,MOL-c1854f3a032ab55e,2020_Townsend,AC-78305ee2e743b795,BLOCK-513383ed86a73488,5,BLOCK-513383ed86a73488
SSCP-1b3e005175d57ec1,MOL-e1bbab60b3d28ec0,2013_CHUGAI,AC-e9385b69dd84fc76,BLOCK-5c361cba45039733,7,BLOCK-5c361cba45039733
SSCP-1b40980d9ffc7a59,MOL-6f769afcea71d3e5,2021_Kelly,AC-5e5c956882423f52,BLOCK-4494eb5738fce47c,3,BLOCK-4494eb5738fce47c
SSCP-1b4a961c5815157e,MOL-183b2f735317954d,2022_Bhardwaj,AC-ea901e7dfb7d4bfe,BLOCK-513383ed86a73488,5,BLOCK-513383ed86a73488
SSCP-1b54aad93e1f5a79,MOL-d27ece4a45b154ac,2020_Townsend,AC-78305ee2e743b795,BLOCK-513383ed86a73488,5,BLOCK-513383ed86a73488
SSCP-1b5d7eb8251cec3b,MOL-2de4c8cbddebe829,2024_Faris,AC-e82e3e242d3d320c,BLOCK-c5e520eb3b94ff25,15,BLOCK-c5e520eb3b94ff25
SSCP-1b5fc10c5d33261d,MOL-a73d9e336ee826e4,2020_Townsend,AC-78305ee2e743b795,BLOCK-513383ed86a73488,5,BLOCK-513383ed86a73488
SSCP-1b75ecfc724c270c,MOL-bd201f3eea5431c0,2020_Townsend,AC-78305ee2e743b795,BLOCK-513383ed86a73488,5,BLOCK-513383ed86a73488
SSCP-1b8205e4f2197536,MOL-d4550f8d5f0213bc,2013_CHUGAI,AC-1e4f386f485b9cab,BLOCK-5c361cba45039733,7,BLOCK-5c361cba45039733
SSCP-1b8ccde45234d88a,MOL-aa1682487501478a,2021_Kelly,AC-5e5c956882423f52,BLOCK-4494eb5738fce47c,3,BLOCK-4494eb5738fce47c
SSCP-1bb26062a64ed749,MOL-0fd9d474a4194c51,2021_Kelly,AC-5e5c956882423f52,BLOCK-4494eb5738fce47c,3,BLOCK-4494eb5738fce47c
SSCP-1bb951d38dc20fe3,MOL-6b1be2d58c1581d6,2021_Golosov,AC-86cc498249bfbe27,BLOCK-394ff80f01cbc968,2,BLOCK-394ff80f01cbc968
SSCP-1bc09a2a55ae07c8,MOL-a2973d6f2d3f0f1f,2021_Kelly,AC-5e5c956882423f52,BLOCK-4494eb5738fce47c,3,BLOCK-4494eb5738fce47c
SSCP-1be427ae7d4c43ec,MOL-938d0e253a9cdebc,2016_Furukawa,AC-78305ee2e743b795,BLOCK-513383ed86a73488,5,BLOCK-513383ed86a73488
SSCP-1bec4fbe5f08222d,MOL-e8fa974a1b4fc7c0,2020_Townsend,AC-78305ee2e743b795,BLOCK-513383ed86a73488,5,BLOCK-513383ed86a73488
SSCP-1beca41bf9eebde8,MOL-1d02fac21e4a1d3e,2020_Townsend,AC-78305ee2e743b795,BLOCK-513383ed86a73488,5,BLOCK-513383ed86a73488
SSCP-1bf19460a8e3d9bb,MOL-e240fc7a63e8e868,2020_Le Roux,AC-87c8356dc72ded64,BLOCK-bb4bcb852b735057,12,BLOCK-bb4bcb852b735057
SSCP-1bfc4a808e553642,MOL-deec2bbcc3523c8e,2021_Kelly,AC-5e5c956882423f52,BLOCK-4494eb5738fce47c,3,BLOCK-4494eb5738fce47c
SSCP-1c2367aee7c47068,MOL-528c15ba75887149,2020_Townsend,AC-78305ee2e743b795,BLOCK-513383ed86a73488,5,BLOCK-513383ed86a73488
SSCP-1c2aee0bacc41e1c,MOL-a4fb87d42220a172,2020_Townsend,AC-78305ee2e743b795,BLOCK-513383ed86a73488,5,BLOCK-513383ed86a73488
SSCP-1c3f1a3bb0b79c33,MOL-f48b75c6526d803d,2020_Townsend,AC-78305ee2e743b795,BLOCK-513383ed86a73488,5,BLOCK-513383ed86a73488
SSCP-1c4247df2c43a578,MOL-ec76d3678cf7e290,2021_Kelly,AC-5e5c956882423f52,BLOCK-4494eb5738fce47c,3,BLOCK-4494eb5738fce47c
SSCP-1c459321e3de32c8,MOL-99b2c8f9c5208cb2,2013_CHUGAI,AC-cf95401a5715faa6,BLOCK-5c361cba45039733,7,BLOCK-5c361cba45039733
SSCP-1c45b63d5bfd645a,MOL-61d307cff09288ba,2013_CHUGAI,AC-6f97a26c99597901,BLOCK-5c361cba45039733,7,BLOCK-5c361cba45039733
SSCP-1c46f0d290a69dfe,MOL-736630970673cc91,2020_Townsend,AC-78305ee2e743b795,BLOCK-513383ed86a73488,5,BLOCK-513383ed86a73488
SSCP-1c511248eb5c0b5d,MOL-ca0e6ba4e8bc9cb0,2020_Townsend,AC-78305ee2e743b795,BLOCK-513383ed86a73488,5,BLOCK-513383ed86a73488
SSCP-1c6abe31d873c5be,MOL-4f2c03bd4f650f5d,2020_Townsend,AC-78305ee2e743b795,BLOCK-513383ed86a73488,5,BLOCK-513383ed86a73488
SSCP-1c79bf59e457aeb2,MOL-be95e3701125dd0f,2020_Townsend,AC-78305ee2e743b795,BLOCK-513383ed86a73488,5,BLOCK-513383ed86a73488
SSCP-1c820a4f54e358a8,MOL-a8e6252cfdf04f0f,2021_Kelly,AC-5e5c956882423f52,BLOCK-4494eb5738fce47c,3,BLOCK-4494eb5738fce47c
SSCP-1c8cd3c32d783a26,MOL-a38282229858aa5e,2015_Wang,AC-78305ee2e743b795,BLOCK-513383ed86a73488,5,BLOCK-513383ed86a73488
SSCP-1c8d4a1de5abc8e9,MOL-c16ba968f6880712,2021_Kelly,AC-5e5c956882423f52,BLOCK-4494eb5738fce47c,3,BLOCK-4494eb5738fce47c
SSCP-1ca8852da246d306,MOL-2cac3e5d914f6384,2020_Townsend,AC-78305ee2e743b795,BLOCK-513383ed86a73488,5,BLOCK-513383ed86a73488
SSCP-1cb0122165de1baa,MOL-484b7af9ef07da83,2021_Kelly,AC-5e5c956882423f52,BLOCK-4494eb5738fce47c,3,BLOCK-4494eb5738fce47c
SSCP-1cb55129519d05b3,MOL-90ed497c516a7d35,2016_Furukawa,AC-78305ee2e743b795,BLOCK-513383ed86a73488,5,BLOCK-513383ed86a73488
SSCP-1cb9de1b65ac95f1,MOL-979253a40ee14ec3,2016_Furukawa,AC-78305ee2e743b795,BLOCK-513383ed86a73488,5,BLOCK-513383ed86a73488
SSCP-1cc0da57c14aedcf,MOL-649b0c6fdc4ba29a,2020_Townsend,AC-78305ee2e743b795,BLOCK-513383ed86a73488,5,BLOCK-513383ed86a73488
SSCP-1cc8179b3992e263,MOL-3ce8b589192c08bc,2020_Townsend,AC-78305ee2e743b795,BLOCK-513383ed86a73488,5,BLOCK-513383ed86a73488
SSCP-1ccefa90f243f555,MOL-11f045de6c103d1f,2013_CHUGAI,AC-cf95401a5715faa6,BLOCK-5c361cba45039733,7,BLOCK-5c361cba45039733
SSCP-1cdb7f123e5303fc,MOL-b95de0863c9a1d89,2020_Townsend,AC-78305ee2e743b795,BLOCK-513383ed86a73488,5,BLOCK-513383ed86a73488
SSCP-1cf069faa2c4b5ea,MOL-df46e6a7dac926a6,2016_Furukawa,AC-78305ee2e743b795,BLOCK-513383ed86a73488,5,BLOCK-513383ed86a73488
SSCP-1cf2cd43738a18cd,MOL-1568b67582c00eea,2016_Frost,AC-2ee5aa5b9faf389d,BLOCK-513383ed86a73488,5,BLOCK-513383ed86a73488
SSCP-1cf759fcf751f6b3,MOL-7fa3697af0eeed79,2016_Furukawa,AC-78305ee2e743b795,BLOCK-513383ed86a73488,5,BLOCK-513383ed86a73488
SSCP-1d12f8f94daa8c34,MOL-bb32f6e7257da549,2013_CHUGAI,AC-cf95401a5715faa6,BLOCK-5c361cba45039733,7,BLOCK-5c361cba45039733
SSCP-1d2ba9514f4af750,MOL-38d33ae3d11e3524,2020_Townsend,AC-78305ee2e743b795,BLOCK-513383ed86a73488,5,BLOCK-513383ed86a73488
SSCP-1d474637b607db42,MOL-6324544606822f9b,2018_Naylor,AC-78305ee2e743b795,BLOCK-513383ed86a73488,5,BLOCK-513383ed86a73488
SSCP-1d49094533994357,MOL-4c09e7c54b0a6b5f,2020_Townsend,AC-78305ee2e743b795,BLOCK-513383ed86a73488,5,BLOCK-513383ed86a73488
SSCP-1d52be086911ead9,MOL-9533c63f4dcf9c40,2020_Townsend,AC-78305ee2e743b795,BLOCK-513383ed86a73488,5,BLOCK-513383ed86a73488
SSCP-1d53956f7450f058,MOL-f219d501832e77d6,2013_CHUGAI,AC-6f97a26c99597901,BLOCK-5c361cba45039733,7,BLOCK-5c361cba45039733
SSCP-1d6694305f323327,MOL-e5ad70dde4bd8405,2021_Kelly,AC-ac7e5d0036401990,BLOCK-4494eb5738fce47c,3,BLOCK-4494eb5738fce47c
SSCP-1d724a25f0b7cdae,MOL-6e1be29e89538d3a,2020_Townsend,AC-78305ee2e743b795,BLOCK-513383ed86a73488,5,BLOCK-513383ed86a73488
SSCP-1d7811c289d891a9,MOL-2695f69d754c59a4,2020_Townsend,AC-78305ee2e743b795,BLOCK-513383ed86a73488,5,BLOCK-513383ed86a73488
SSCP-1d78b52b3d417a36,MOL-db6539ee82ff158f,2020_Townsend,AC-78305ee2e743b795,BLOCK-513383ed86a73488,5,BLOCK-513383ed86a73488
SSCP-1da17ee9cbf04e4f,MOL-8384811d2a00ea08,2018_García-Pindado,AC-e3547dd7e2cfcf45,BLOCK-5ddb30f65478f699,8,BLOCK-5ddb30f65478f699
SSCP-1da2b070e4df8198,MOL-52c216a7ee22554a,2021_Kelly,AC-5e5c956882423f52,BLOCK-4494eb5738fce47c,3,BLOCK-4494eb5738fce47c
SSCP-1db0d9ebfa3d4347,MOL-6a76d4adbb07f11b,2016_Furukawa,AC-78305ee2e743b795,BLOCK-513383ed86a73488,5,BLOCK-513383ed86a73488
SSCP-1db5d35058ca9ac1,MOL-153c204233294f7e,2021_Kelly,AC-5e5c956882423f52,BLOCK-4494eb5738fce47c,3,BLOCK-4494eb5738fce47c
SSCP-1dba4f41e41368af,MOL-35b8b12e1af38914,2020_Townsend,AC-78305ee2e743b795,BLOCK-513383ed86a73488,5,BLOCK-513383ed86a73488
SSCP-1dbdba8aa2782a82,MOL-8a3e7c8491eaa731,2020_Townsend,AC-78305ee2e743b795,BLOCK-513383ed86a73488,5,BLOCK-513383ed86a73488
SSCP-1dbf281744840ce6,MOL-780c854d4e9fb7e8,2020_Townsend,AC-78305ee2e743b795,BLOCK-513383ed86a73488,5,BLOCK-513383ed86a73488
SSCP-1dc145edb1d5972c,MOL-9bfceceb47e7617e,2021_Kelly,AC-5e5c956882423f52,BLOCK-4494eb5738fce47c,3,BLOCK-4494eb5738fce47c
SSCP-1dff8b92dab3d697,MOL-f61f9001f2898e9f,2021_Kelly,AC-5e5c956882423f52,BLOCK-4494eb5738fce47c,3,BLOCK-4494eb5738fce47c
SSCP-1e00909de1d9c80e,MOL-b1e74110c89231f1,2020_Townsend,AC-78305ee2e743b795,BLOCK-513383ed86a73488,5,BLOCK-513383ed86a73488
SSCP-1e0bb9ecb14e0737,MOL-e289cb15a121c4fe,2016_Furukawa,AC-78305ee2e743b795,BLOCK-513383ed86a73488,5,BLOCK-513383ed86a73488
SSCP-1e0c430215c3e7a9,MOL-60047b4ab29be0e0,2021_Kelly,AC-5e5c956882423f52,BLOCK-4494eb5738fce47c,3,BLOCK-4494eb5738fce47c
SSCP-1e12658d69595b8b,MOL-bf5e13dd447ed4ad,2024_Faris,AC-e82e3e242d3d320c,BLOCK-c5e520eb3b94ff25,15,BLOCK-c5e520eb3b94ff25
SSCP-1e12fdb154503f73,MOL-60a5e5da279cecdb,2016_Furukawa,AC-78305ee2e743b795,BLOCK-513383ed86a73488,5,BLOCK-513383ed86a73488
SSCP-1e21c17bf7a55193,MOL-27f5b0b3202c2dd7,2020_Townsend,AC-78305ee2e743b795,BLOCK-513383ed86a73488,5,BLOCK-513383ed86a73488
SSCP-1e23478fbd03dc4b,MOL-10a8c8d85861a06d,2013_CHUGAI,AC-cf95401a5715faa6,BLOCK-5c361cba45039733,7,BLOCK-5c361cba45039733
SSCP-1e25efc072fff295,MOL-4bd08b5183cb6ea7,2021_Kelly,AC-5e5c956882423f52,BLOCK-4494eb5738fce47c,3,BLOCK-4494eb5738fce47c
SSCP-1e391311976df17d,MOL-3b146b7fcb837f9c,2021_Kelly,AC-5e5c956882423f52,BLOCK-4494eb5738fce47c,3,BLOCK-4494eb5738fce47c
SSCP-1e3c47af013876be,MOL-a86422e6f3eb5e0c,2013_CHUGAI,AC-cf95401a5715faa6,BLOCK-5c361cba45039733,7,BLOCK-5c361cba45039733
SSCP-1e63839bcca65d68,MOL-b97b39882809371f,2021_Kelly,AC-5e5c956882423f52,BLOCK-4494eb5738fce47c,3,BLOCK-4494eb5738fce47c
SSCP-1e7453b1f3c0aea1,MOL-9cc801b0ef42c8c1,2016_Furukawa,AC-78305ee2e743b795,BLOCK-513383ed86a73488,5,BLOCK-513383ed86a73488
SSCP-1e7801faf668490c,MOL-83dd6c5d36f63a45,2020_Townsend,AC-78305ee2e743b795,BLOCK-513383ed86a73488,5,BLOCK-513383ed86a73488
SSCP-1e7dc13dc45c4771,MOL-e1923359c0423a5e,2016_Furukawa,AC-78305ee2e743b795,BLOCK-513383ed86a73488,5,BLOCK-513383ed86a73488
SSCP-1e8c448a74964747,MOL-77c0db4d37a997c8,2020_Townsend,AC-78305ee2e743b795,BLOCK-513383ed86a73488,5,BLOCK-513383ed86a73488
SSCP-1e8f5b052357e81e,MOL-61173e4ebc651354,2022_Bhardwaj,AC-dcf51b2d7fbfe176,BLOCK-513383ed86a73488,5,BLOCK-513383ed86a73488
SSCP-1e90c1de07a989dd,MOL-ca7ca0af404e0954,2020_Townsend,AC-78305ee2e743b795,BLOCK-513383ed86a73488,5,BLOCK-513383ed86a73488
SSCP-1e9d5fe376e616b0,MOL-87bdd4071d9b88ba,2013_CHUGAI,AC-cf95401a5715faa6,BLOCK-5c361cba45039733,7,BLOCK-5c361cba45039733
SSCP-1eab58550a33b216,MOL-601bfcae05792446,2020_Townsend,AC-78305ee2e743b795,BLOCK-513383ed86a73488,5,BLOCK-513383ed86a73488
SSCP-1eb826f5ffcccc5f,MOL-70a6195403cd9fa7,2020_Townsend,AC-78305ee2e743b795,BLOCK-513383ed86a73488,5,BLOCK-513383ed86a73488
SSCP-1ebaac2ba4e30cd3,MOL-6ddb4e69d3986eac,2020_Townsend,AC-78305ee2e743b795,BLOCK-513383ed86a73488,5,BLOCK-513383ed86a73488
SSCP-1ebe21a529bd0dc9,MOL-61de7a24503e050d,2020_Townsend,AC-78305ee2e743b795,BLOCK-513383ed86a73488,5,BLOCK-513383ed86a73488
SSCP-1ec70057bafdace8,MOL-5d5c92c2badfd401,2020_Townsend,AC-78305ee2e743b795,BLOCK-513383ed86a73488,5,BLOCK-513383ed86a73488
SSCP-1ece110834f76bc8,MOL-b702e6366a6e836b,2020_Townsend,AC-78305ee2e743b795,BLOCK-513383ed86a73488,5,BLOCK-513383ed86a73488
SSCP-1ed321a2cc144e3b,MOL-a3bbb4447be74d88,2021_Kelly,AC-5e5c956882423f52,BLOCK-4494eb5738fce47c,3,BLOCK-4494eb5738fce47c
SSCP-1ed327c037effc1f,MOL-261256ac8d485463,2013_CHUGAI,AC-3f44f01ab6e75661,BLOCK-5c361cba45039733,7,BLOCK-5c361cba45039733
SSCP-1ed7beb41f1c6340,MOL-f2d811db30db93ed,2013_CHUGAI,AC-cf95401a5715faa6,BLOCK-5c361cba45039733,7,BLOCK-5c361cba45039733
SSCP-1ee81918ee986143,MOL-077112a761a6952d,2021_Kelly,AC-ac7e5d0036401990,BLOCK-4494eb5738fce47c,3,BLOCK-4494eb5738fce47c
SSCP-1ef76e9f2459aa9f,MOL-2d00ff335c11ac41,2021_Kelly,AC-ac7e5d0036401990,BLOCK-4494eb5738fce47c,3,BLOCK-4494eb5738fce47c
SSCP-1efb80dc1d11fe23,MOL-5b9e312f5bea7437,2024_Faris,AC-e82e3e242d3d320c,BLOCK-c5e520eb3b94ff25,15,BLOCK-c5e520eb3b94ff25
SSCP-1f0cb1315191e921,MOL-f7ed7d4a11b91ed8,2021_Kelly,AC-5e5c956882423f52,BLOCK-4494eb5738fce47c,3,BLOCK-4494eb5738fce47c
SSCP-1f0d28b79b71b70d,MOL-48df5f5bd2d1507a,2016_Furukawa,AC-78305ee2e743b795,BLOCK-513383ed86a73488,5,BLOCK-513383ed86a73488
SSCP-1f1670a692f90ec6,MOL-bb7b82ebe6a05b11,2020_Townsend,AC-78305ee2e743b795,BLOCK-513383ed86a73488,5,BLOCK-513383ed86a73488
SSCP-1f167b840dc6f7d8,MOL-3171fbdf0888a053,2020_Townsend,AC-78305ee2e743b795,BLOCK-513383ed86a73488,5,BLOCK-513383ed86a73488
SSCP-1f2e97a517c7aef3,MOL-03624ae8de0b52f1,2020_Townsend,AC-78305ee2e743b795,BLOCK-513383ed86a73488,5,BLOCK-513383ed86a73488
SSCP-1f3dd24e94111358,MOL-fb0793e11d35f084,2021_Kelly,AC-ac7e5d0036401990,BLOCK-4494eb5738fce47c,3,BLOCK-4494eb5738fce47c
SSCP-1f5a943c08aa35f2,MOL-1b6be170e29903fb,2020_Townsend,AC-78305ee2e743b795,BLOCK-513383ed86a73488,5,BLOCK-513383ed86a73488
SSCP-1f68061f4eb2c811,MOL-c2cd14b238b6afb7,2013_CHUGAI,AC-cf95401a5715faa6,BLOCK-5c361cba45039733,7,BLOCK-5c361cba45039733
SSCP-1f74204d2caea14a,MOL-def4375055cf8472,2021_Kelly,AC-5e5c956882423f52,BLOCK-4494eb5738fce47c,3,BLOCK-4494eb5738fce47c
SSCP-1f7bc473dfb93234,MOL-9b8e109bef7a144d,2021_Kelly,AC-5e5c956882423f52,BLOCK-4494eb5738fce47c,3,BLOCK-4494eb5738fce47c
SSCP-1f83e7be7670b886,MOL-15a3c1e5253f372d,2021_Kelly,AC-5e5c956882423f52,BLOCK-4494eb5738fce47c,3,BLOCK-4494eb5738fce47c
SSCP-1f8aa3252c77fc33,MOL-345f7937483fbe7b,2024_Faris,AC-e82e3e242d3d320c,BLOCK-c5e520eb3b94ff25,15,BLOCK-c5e520eb3b94ff25
SSCP-1f8c01282b7f646e,MOL-d1529a8d53ae8833,2021_Kelly,AC-5e5c956882423f52,BLOCK-4494eb5738fce47c,3,BLOCK-4494eb5738fce47c
SSCP-1f8d969126aecc77,MOL-bd9e51e858639dd1,2020_Townsend,AC-78305ee2e743b795,BLOCK-513383ed86a73488,5,BLOCK-513383ed86a73488
SSCP-1f90771a34bd47bb,MOL-a1579401b215f13e,2020_Townsend,AC-78305ee2e743b795,BLOCK-513383ed86a73488,5,BLOCK-513383ed86a73488
SSCP-1f9366cc7254b1c7,MOL-e416b603228417af,2022_Taechalertpaisarn,AC-78305ee2e743b795,BLOCK-513383ed86a73488,5,BLOCK-513383ed86a73488
SSCP-1faac3410b06a2d1,MOL-4102ab0c00e1d189,2020_Townsend,AC-78305ee2e743b795,BLOCK-513383ed86a73488,5,BLOCK-513383ed86a73488
SSCP-1fb94957cd4ecc40,MOL-aacae518019a6f26,2013_CHUGAI,AC-cf95401a5715faa6,BLOCK-5c361cba45039733,7,BLOCK-5c361cba45039733
SSCP-1fc8d25289de4723,MOL-78f83cb5d9b4d3e7,2020_Townsend,AC-78305ee2e743b795,BLOCK-513383ed86a73488,5,BLOCK-513383ed86a73488
SSCP-1fd2a2fb910b2c51,MOL-6559f2da7900bd86,2020_Townsend,AC-78305ee2e743b795,BLOCK-513383ed86a73488,5,BLOCK-513383ed86a73488
SSCP-1fdf099952945830,MOL-86d66838780e90a1,2013_CHUGAI,AC-cf95401a5715faa6,BLOCK-5c361cba45039733,7,BLOCK-5c361cba45039733
SSCP-1fedacbc09c58b93,MOL-57de43539cfb732d,2016_Hickey,AC-caa6a2b0faf1de20,BLOCK-513383ed86a73488,5,BLOCK-513383ed86a73488
SSCP-1fef9d7a242e3287,MOL-ae631f902da5590f,2016_Furukawa,AC-78305ee2e743b795,BLOCK-513383ed86a73488,5,BLOCK-513383ed86a73488
SSCP-1ff0ee765a7e1c44,MOL-eb986168f1747057,2013_CHUGAI,AC-cf95401a5715faa6,BLOCK-5c361cba45039733,7,BLOCK-5c361cba45039733
SSCP-1ffbf190d67c5537,MOL-43c2ec8a8dc60329,2013_CHUGAI,AC-7fc20c6a817784e3,BLOCK-5c361cba45039733,7,BLOCK-5c361cba45039733
SSCP-1ffdb4ec5f881777,MOL-b54b202f9f8c902b,2013_CHUGAI,AC-9915a59ccaa1a737,BLOCK-5c361cba45039733,7,BLOCK-5c361cba45039733
SSCP-1fff3cd694ddd07a,MOL-88095771bd03cad4,2020_Townsend,AC-78305ee2e743b795,BLOCK-513383ed86a73488,5,BLOCK-513383ed86a73488
SSCP-200151cd56667300,MOL-2bca5596c1f59c66,2024_Faris,AC-e82e3e242d3d320c,BLOCK-c5e520eb3b94ff25,15,BLOCK-c5e520eb3b94ff25
SSCP-2009129a73d0da2c,MOL-cdb2257cd7809b03,2013_CHUGAI,AC-cf95401a5715faa6,BLOCK-5c361cba45039733,7,BLOCK-5c361cba45039733
SSCP-2011b2faeeb8d44c,MOL-f5bd657542779ecc,2020_Townsend,AC-78305ee2e743b795,BLOCK-513383ed86a73488,5,BLOCK-513383ed86a73488
SSCP-201b77c226c68c77,MOL-5740dc1f1018ad02,2020_Townsend,AC-78305ee2e743b795,BLOCK-513383ed86a73488,5,BLOCK-513383ed86a73488
SSCP-201dd664ddb4d6da,MOL-7c2b686d6b861f98,2021_Kelly,AC-5e5c956882423f52,BLOCK-4494eb5738fce47c,3,BLOCK-4494eb5738fce47c
SSCP-2027e32db1a81dbd,MOL-2ad52ebdfef1e10c,2021_Kelly,AC-5e5c956882423f52,BLOCK-4494eb5738fce47c,3,BLOCK-4494eb5738fce47c
SSCP-202b75eabee33361,MOL-f9cebb7f5ea519bd,2020_Townsend,AC-78305ee2e743b795,BLOCK-513383ed86a73488,5,BLOCK-513383ed86a73488
SSCP-2034eda3cada94bc,MOL-ed3dee3b6aa050f9,2021_Kelly,AC-5e5c956882423f52,BLOCK-4494eb5738fce47c,3,BLOCK-4494eb5738fce47c
SSCP-204dced1a396d9cb,MOL-a7e6994e5bfae953,2020_Townsend,AC-78305ee2e743b795,BLOCK-513383ed86a73488,5,BLOCK-513383ed86a73488
SSCP-20606c2788f08cde,MOL-3744d268a9e9d7da,2020_Townsend,AC-78305ee2e743b795,BLOCK-513383ed86a73488,5,BLOCK-513383ed86a73488
SSCP-2060a481ca9a078f,MOL-bbaa099006a19ddb,2021_Kelly,AC-5e5c956882423f52,BLOCK-4494eb5738fce47c,3,BLOCK-4494eb5738fce47c
SSCP-207170dad667e0b6,MOL-2ab231355a414bfb,2021_Kelly,AC-5e5c956882423f52,BLOCK-4494eb5738fce47c,3,BLOCK-4494eb5738fce47c
SSCP-2071af5408ad12b7,MOL-1991cebc2facda13,2022_Bhardwaj,AC-3122416eaaa9f8b5,BLOCK-513383ed86a73488,5,BLOCK-513383ed86a73488
SSCP-20722e7ab3b7042c,MOL-06d84983319de2e6,2013_CHUGAI,AC-6f97a26c99597901,BLOCK-5c361cba45039733,7,BLOCK-5c361cba45039733
SSCP-2073d11c1276c67d,MOL-02cb6ff69d64090b,2021_Kelly,AC-ac7e5d0036401990,BLOCK-4494eb5738fce47c,3,BLOCK-4494eb5738fce47c
SSCP-20749c680d6359b2,MOL-c5180904add2b73d,2018_Naylor,AC-78305ee2e743b795,BLOCK-513383ed86a73488,5,BLOCK-513383ed86a73488
SSCP-2077c00cba2793aa,MOL-1e37eb6a5f872bb0,2021_Kelly,AC-ac7e5d0036401990,BLOCK-4494eb5738fce47c,3,BLOCK-4494eb5738fce47c
SSCP-207e08c72e94c09c,MOL-94a32a3f9e2f5e88,2022_Bhardwaj,AC-3cb26bd3770838cb,BLOCK-513383ed86a73488,5,BLOCK-513383ed86a73488
SSCP-2082220902ee0150,MOL-e59ecccaf32ece1e,2016_Furukawa,AC-78305ee2e743b795,BLOCK-513383ed86a73488,5,BLOCK-513383ed86a73488
SSCP-208613386d693081,MOL-09bd16c91d23fc35,2013_CHUGAI,AC-cf95401a5715faa6,BLOCK-5c361cba45039733,7,BLOCK-5c361cba45039733
SSCP-2087272ecde4aac8,MOL-467767ec183bef6d,2020_Townsend,AC-78305ee2e743b795,BLOCK-513383ed86a73488,5,BLOCK-513383ed86a73488
SSCP-20878e08560a9961,MOL-39f50e4bd96dcfab,2020_Townsend,AC-78305ee2e743b795,BLOCK-513383ed86a73488,5,BLOCK-513383ed86a73488
SSCP-209c26f7b402d310,MOL-7c5bd266eaabeeda,2021_Kelly,AC-5e5c956882423f52,BLOCK-4494eb5738fce47c,3,BLOCK-4494eb5738fce47c
SSCP-209ec38a00cab2bc,MOL-4803d6d11ef42613,2020_Townsend,AC-78305ee2e743b795,BLOCK-513383ed86a73488,5,BLOCK-513383ed86a73488
SSCP-20a268f59aad0fdb,MOL-149416ed70bc4e00,2020_Townsend,AC-78305ee2e743b795,BLOCK-513383ed86a73488,5,BLOCK-513383ed86a73488
SSCP-20ad93589c57d321,MOL-71070f61de34c22e,2021_Kelly,AC-5e5c956882423f52,BLOCK-4494eb5738fce47c,3,BLOCK-4494eb5738fce47c
SSCP-20ae16c167ebbf87,MOL-8e58013ed2e270ed,2020_Townsend,AC-78305ee2e743b795,BLOCK-513383ed86a73488,5,BLOCK-513383ed86a73488
SSCP-20b7a41eadb60599,MOL-ff5a68a4aff64700,2020_Townsend,AC-78305ee2e743b795,BLOCK-513383ed86a73488,5,BLOCK-513383ed86a73488
SSCP-20bebed3bd0afe28,MOL-2a89fbdeafcf4f5c,2016_Furukawa,AC-78305ee2e743b795,BLOCK-513383ed86a73488,5,BLOCK-513383ed86a73488
SSCP-20c25526751ff38b,MOL-73efd69ddaf2d56d,2023_Ghosh,AC-eef1d0c78351235e,BLOCK-513383ed86a73488,5,BLOCK-513383ed86a73488
SSCP-20ca779259efa394,MOL-2d90ca3e4d3a3949,2016_Furukawa,AC-78305ee2e743b795,BLOCK-513383ed86a73488,5,BLOCK-513383ed86a73488
SSCP-20cb2a2760b08d2b,MOL-0144ff710283cb32,2024_Ly,AC-b74b4d5565722d16,BLOCK-bb4bcb852b735057,12,BLOCK-bb4bcb852b735057
SSCP-20de642cf74a09b3,MOL-28794210cadba050,2020_Townsend,AC-78305ee2e743b795,BLOCK-513383ed86a73488,5,BLOCK-513383ed86a73488
SSCP-20dfc672beb90510,MOL-e7a21d9cc2c2be12,2020_Townsend,AC-78305ee2e743b795,BLOCK-513383ed86a73488,5,BLOCK-513383ed86a73488
SSCP-20e3c9cbf69e2044,MOL-57cd3a4589ae2425,2020_Townsend,AC-78305ee2e743b795,BLOCK-513383ed86a73488,5,BLOCK-513383ed86a73488
SSCP-20ec20de3c80720b,MOL-bfa1cc510c90bf3d,2016_Furukawa,AC-78305ee2e743b795,BLOCK-513383ed86a73488,5,BLOCK-513383ed86a73488
SSCP-20efda7dfda91a39,MOL-2ae8c50bb71a7e28,2020_Townsend,AC-78305ee2e743b795,BLOCK-513383ed86a73488,5,BLOCK-513383ed86a73488
SSCP-20f1d0ffc95cbedf,MOL-9789b4b169a48b2c,2023_Ghosh,AC-78305ee2e743b795,BLOCK-513383ed86a73488,5,BLOCK-513383ed86a73488
SSCP-20f285a14493bde7,MOL-e4c8752e5afd9bf4,2020_Townsend,AC-78305ee2e743b795,BLOCK-513383ed86a73488,5,BLOCK-513383ed86a73488
SSCP-20f5532e6f19b81e,MOL-8d682f61793cf790,2018_Naylor,AC-78305ee2e743b795,BLOCK-513383ed86a73488,5,BLOCK-513383ed86a73488
SSCP-20fb80bb34d7b069,MOL-901a8283f414b18a,2013_CHUGAI,AC-c3033e708e4df954,BLOCK-5c361cba45039733,7,BLOCK-5c361cba45039733
SSCP-210ba4a8e8cb8104,MOL-cbe4688cd81d6dee,2016_Furukawa,AC-78305ee2e743b795,BLOCK-513383ed86a73488,5,BLOCK-513383ed86a73488
SSCP-21138e53decb5773,MOL-c0d4c9a877892399,2020_Townsend,AC-78305ee2e743b795,BLOCK-513383ed86a73488,5,BLOCK-513383ed86a73488
SSCP-21151fccfa01a7b9,MOL-ed2bf3c0c21b490c,2020_Townsend,AC-78305ee2e743b795,BLOCK-513383ed86a73488,5,BLOCK-513383ed86a73488
SSCP-211881ba834a8812,MOL-bb9abd1649729788,2021_Kelly,AC-5e5c956882423f52,BLOCK-4494eb5738fce47c,3,BLOCK-4494eb5738fce47c
SSCP-211a2ed062f8ae7e,MOL-5ba9a142df9de16c,2021_Kelly,AC-5e5c956882423f52,BLOCK-4494eb5738fce47c,3,BLOCK-4494eb5738fce47c
SSCP-211b98fda3fafb36,MOL-2f346dd63c742b8a,2016_Furukawa,AC-78305ee2e743b795,BLOCK-513383ed86a73488,5,BLOCK-513383ed86a73488
SSCP-21238b34620d959b,MOL-37c16063640909ab,2020_Townsend,AC-78305ee2e743b795,BLOCK-513383ed86a73488,5,BLOCK-513383ed86a73488
SSCP-2124329a97efb69e,MOL-2ec811b36a90ed48,2020_Townsend,AC-78305ee2e743b795,BLOCK-513383ed86a73488,5,BLOCK-513383ed86a73488
SSCP-21269da168789676,MOL-bd48f5ccc07f409a,2020_Townsend,AC-78305ee2e743b795,BLOCK-513383ed86a73488,5,BLOCK-513383ed86a73488
SSCP-2126ae7343307a4f,MOL-76fcf20f40cd57ee,2024_Otani,AC-11a24b60c76c2ff1,BLOCK-e729b0aa52978c75,17,BLOCK-e729b0aa52978c75
SSCP-212a221cdbb7fc7b,MOL-aabf968482c34680,2020_Townsend,AC-78305ee2e743b795,BLOCK-513383ed86a73488,5,BLOCK-513383ed86a73488
SSCP-212bea0e0feb8a47,MOL-d078774db463134d,2020_Townsend,AC-78305ee2e743b795,BLOCK-513383ed86a73488,5,BLOCK-513383ed86a73488
SSCP-2135840ba8c26ce9,MOL-53a4aae6f80cd52d,2013_CHUGAI,AC-9915a59ccaa1a737,BLOCK-5c361cba45039733,7,BLOCK-5c361cba45039733
SSCP-2135d0719a258c1c,MOL-cab410e0e95fb93f,2020_Townsend,AC-78305ee2e743b795,BLOCK-513383ed86a73488,5,BLOCK-513383ed86a73488
SSCP-214052f473b487bf,MOL-84d6d5eec2422649,2020_Townsend,AC-78305ee2e743b795,BLOCK-513383ed86a73488,5,BLOCK-513383ed86a73488
SSCP-2143f36afdd1ab7f,MOL-c82c3f4f7e8b916d,2021_Kelly,AC-5e5c956882423f52,BLOCK-4494eb5738fce47c,3,BLOCK-4494eb5738fce47c
SSCP-214d229ec3d9fbe1,MOL-6e06e0597138b562,2016_Furukawa,AC-78305ee2e743b795,BLOCK-513383ed86a73488,5,BLOCK-513383ed86a73488
SSCP-214f363ac58b00e0,MOL-9f7a137f7bef6a75,2020_Townsend,AC-78305ee2e743b795,BLOCK-513383ed86a73488,5,BLOCK-513383ed86a73488
SSCP-2167e9e45aa0e460,MOL-0db5da4f6c8119f3,2024_Koch,AC-e82e3e242d3d320c,BLOCK-c5e520eb3b94ff25,15,BLOCK-c5e520eb3b94ff25
SSCP-216e08e214f9396d,MOL-d5bb16fb3c086712,2020_Townsend,AC-78305ee2e743b795,BLOCK-513383ed86a73488,5,BLOCK-513383ed86a73488
SSCP-217112ecbdbb57b0,MOL-34ddaa9c1aaf3a1d,2020_Townsend,AC-78305ee2e743b795,BLOCK-513383ed86a73488,5,BLOCK-513383ed86a73488
SSCP-217c84cac56f9259,MOL-0922948695be86b2,2020_Townsend,AC-78305ee2e743b795,BLOCK-513383ed86a73488,5,BLOCK-513383ed86a73488
SSCP-218f30714c939d48,MOL-9b3bb609211d6b82,2023_Ghosh,AC-2e794211b979bb3e,BLOCK-513383ed86a73488,5,BLOCK-513383ed86a73488
SSCP-219ea94032f238a8,MOL-97ce47f259f90d13,2020_Townsend,AC-78305ee2e743b795,BLOCK-513383ed86a73488,5,BLOCK-513383ed86a73488
SSCP-21a7b4c30fd82462,MOL-1425a5f25c5df61b,2020_Townsend,AC-78305ee2e743b795,BLOCK-513383ed86a73488,5,BLOCK-513383ed86a73488
SSCP-21acea63a8b565b3,MOL-1c34e2e767116e32,2021_Kelly,AC-5e5c956882423f52,BLOCK-4494eb5738fce47c,3,BLOCK-4494eb5738fce47c
SSCP-21b0c6d7206cc71d,MOL-11eeb827363316ff,2017_Pye,AC-d51aa402a0242ca5,BLOCK-2c0090ee1dd5b17e,1,BLOCK-2c0090ee1dd5b17e
SSCP-21b17b90fa492742,MOL-46d2ae74340f69bb,2013_CHUGAI,AC-cf95401a5715faa6,BLOCK-5c361cba45039733,7,BLOCK-5c361cba45039733
SSCP-21b17ba1eb901efe,MOL-ff444681617f8df9,2022_Saunders,AC-2ee5aa5b9faf389d,BLOCK-513383ed86a73488,5,BLOCK-513383ed86a73488
SSCP-21b465f6530824c2,MOL-24aff4b92d34645f,2020_Townsend,AC-78305ee2e743b795,BLOCK-513383ed86a73488,5,BLOCK-513383ed86a73488
SSCP-21b914532b38bd2f,MOL-a29665d661d2f102,2021_Kelly,AC-5e5c956882423f52,BLOCK-4494eb5738fce47c,3,BLOCK-4494eb5738fce47c
SSCP-21cd951809751f89,MOL-4d922f8f61126ea7,2020_Townsend,AC-78305ee2e743b795,BLOCK-513383ed86a73488,5,BLOCK-513383ed86a73488
SSCP-21d7fdd24186b4ca,MOL-74a5333842d02068,2013_CHUGAI,AC-cf95401a5715faa6,BLOCK-5c361cba45039733,7,BLOCK-5c361cba45039733
SSCP-21dc3e5ad8835d86,MOL-68a3e4c30cb129b8,2013_CHUGAI,AC-9915a59ccaa1a737,BLOCK-5c361cba45039733,7,BLOCK-5c361cba45039733
SSCP-21dfb8afcdfe6eee,MOL-c0e1366fb54e903c,2021_Kelly,AC-5e5c956882423f52,BLOCK-4494eb5738fce47c,3,BLOCK-4494eb5738fce47c
SSCP-21ed9b4fa1013183,MOL-abb51a4186cd4523,2021_Kelly,AC-5e5c956882423f52,BLOCK-4494eb5738fce47c,3,BLOCK-4494eb5738fce47c
SSCP-21fa2f2218eacb60,MOL-ab1785e1a400bd5f,2020_Townsend,AC-78305ee2e743b795,BLOCK-513383ed86a73488,5,BLOCK-513383ed86a73488
SSCP-21fb7432b4678a4f,MOL-c8aace87d1b86234,2020_Townsend,AC-78305ee2e743b795,BLOCK-513383ed86a73488,5,BLOCK-513383ed86a73488
SSCP-22011a3eeef70e40,MOL-424610e09936060c,2021_Kelly,AC-5e5c956882423f52,BLOCK-4494eb5738fce47c,3,BLOCK-4494eb5738fce47c
SSCP-22156620c109d4b8,MOL-8a8ddac63defc07e,2021_Kelly,AC-5e5c956882423f52,BLOCK-4494eb5738fce47c,3,BLOCK-4494eb5738fce47c
SSCP-2221d68f25e09bde,MOL-5f5393744f5cac31,2020_Furukawa,AC-114e657b947b31ec,BLOCK-5f91132e1b252609,9,BLOCK-5f91132e1b252609
SSCP-22225b162c0e7fcf,MOL-2203f19ec1614937,2016_Furukawa,AC-78305ee2e743b795,BLOCK-513383ed86a73488,5,BLOCK-513383ed86a73488
SSCP-222693c5d2c2ace5,MOL-8be1ef02acea0966,2020_Townsend,AC-78305ee2e743b795,BLOCK-513383ed86a73488,5,BLOCK-513383ed86a73488
SSCP-22298ec3451d9ca9,MOL-a7e08c33f1176458,2020_Townsend,AC-78305ee2e743b795,BLOCK-513383ed86a73488,5,BLOCK-513383ed86a73488
SSCP-2233d7df3f6b3c6d,MOL-eb60296d4a2893a7,2013_CHUGAI,AC-7e36b0946cc8ee5d,BLOCK-5c361cba45039733,7,BLOCK-5c361cba45039733
SSCP-224a9e603604dee8,MOL-6a232ae91ccb8b05,2020_Townsend,AC-78305ee2e743b795,BLOCK-513383ed86a73488,5,BLOCK-513383ed86a73488
SSCP-225ccdac557bebf0,MOL-c79ff0ba35e2fbd9,2020_Townsend,AC-78305ee2e743b795,BLOCK-513383ed86a73488,5,BLOCK-513383ed86a73488
SSCP-225e2d88806568a7,MOL-b53b092402c4c244,2021_Kelly,AC-5e5c956882423f52,BLOCK-4494eb5738fce47c,3,BLOCK-4494eb5738fce47c
SSCP-2261fc486ef50b6c,MOL-4ce7c22f7baed1c9,2021_Kelly,AC-ac7e5d0036401990,BLOCK-4494eb5738fce47c,3,BLOCK-4494eb5738fce47c
SSCP-2263b8fc5cb3fb8d,MOL-5c5cec1944281047,2021_Kelly,AC-5e5c956882423f52,BLOCK-4494eb5738fce47c,3,BLOCK-4494eb5738fce47c
SSCP-226ca4ddefad1e93,MOL-a460b59e2857a4cd,2018_Naylor,AC-78305ee2e743b795,BLOCK-513383ed86a73488,5,BLOCK-513383ed86a73488
SSCP-227746540739a0a0,MOL-7424b1b0af8f41da,2018_Naylor,AC-dceba6004ee9f160,BLOCK-513383ed86a73488,5,BLOCK-513383ed86a73488
SSCP-229036adf0e39178,MOL-2798865088a9e8d5,2018_Naylor,AC-78305ee2e743b795,BLOCK-513383ed86a73488,5,BLOCK-513383ed86a73488
SSCP-22998165e6209253,MOL-afd1dc2b2ac8bdca,2021_Kelly,AC-5e5c956882423f52,BLOCK-4494eb5738fce47c,3,BLOCK-4494eb5738fce47c
SSCP-22a16202402f4c94,MOL-94b2c6e18b804a6c,2016_Frost,AC-78305ee2e743b795,BLOCK-513383ed86a73488,5,BLOCK-513383ed86a73488
SSCP-22a33a72dcd09973,MOL-aa30f08c6918891d,2024_Faris,AC-e82e3e242d3d320c,BLOCK-c5e520eb3b94ff25,15,BLOCK-c5e520eb3b94ff25
SSCP-22bb1b090c0973ed,MOL-174a998fd3e8a1fc,2020_Townsend,AC-78305ee2e743b795,BLOCK-513383ed86a73488,5,BLOCK-513383ed86a73488
SSCP-22c51ae70e7af363,MOL-c919aa707b93b9d3,2020_Townsend,AC-78305ee2e743b795,BLOCK-513383ed86a73488,5,BLOCK-513383ed86a73488
SSCP-22c89ea2777d4e9b,MOL-3a3bca6fb49d3939,2020_Townsend,AC-78305ee2e743b795,BLOCK-513383ed86a73488,5,BLOCK-513383ed86a73488
SSCP-22d03a76581c2e45,MOL-dc964c84c9b63c28,2016_Furukawa,AC-78305ee2e743b795,BLOCK-513383ed86a73488,5,BLOCK-513383ed86a73488
SSCP-22df6c03eef95791,MOL-d8afe0ed7084fa57,2020_Townsend,AC-78305ee2e743b795,BLOCK-513383ed86a73488,5,BLOCK-513383ed86a73488
SSCP-22e4a817ace7fa81,MOL-6dabb451919462f1,2020_Townsend,AC-78305ee2e743b795,BLOCK-513383ed86a73488,5,BLOCK-513383ed86a73488
SSCP-22f19cabf3e44425,MOL-3b26a7f94ba2c740,2016_Furukawa,AC-78305ee2e743b795,BLOCK-513383ed86a73488,5,BLOCK-513383ed86a73488
SSCP-22f4ab8b23baa7a6,MOL-cda9d3f93dc3b6d2,2016_Furukawa,AC-78305ee2e743b795,BLOCK-513383ed86a73488,5,BLOCK-513383ed86a73488
SSCP-22f97cc58c0764f2,MOL-7591013a7ee10925,2021_Kelly,AC-ac7e5d0036401990,BLOCK-4494eb5738fce47c,3,BLOCK-4494eb5738fce47c
SSCP-23072d87eae73f85,MOL-14a15ac4c5b87891,2021_Kelly,AC-5e5c956882423f52,BLOCK-4494eb5738fce47c,3,BLOCK-4494eb5738fce47c
SSCP-230c9f7ea887a703,MOL-ee04201ccdfb42d4,2020_Townsend,AC-78305ee2e743b795,BLOCK-513383ed86a73488,5,BLOCK-513383ed86a73488
SSCP-230e8decd1a50b7a,MOL-4bff7c076615a07e,2020_Townsend,AC-78305ee2e743b795,BLOCK-513383ed86a73488,5,BLOCK-513383ed86a73488
SSCP-2310fbd26ce358b3,MOL-9f6d9a91294173d4,2013_CHUGAI,AC-617907074661169c,BLOCK-5c361cba45039733,7,BLOCK-5c361cba45039733
SSCP-2326efb1f8aac18a,MOL-69f067af8677b559,2020_Townsend,AC-78305ee2e743b795,BLOCK-513383ed86a73488,5,BLOCK-513383ed86a73488
SSCP-232919a0e4e8a624,MOL-85504455debd95a3,2024_Faris,AC-e82e3e242d3d320c,BLOCK-c5e520eb3b94ff25,15,BLOCK-c5e520eb3b94ff25
SSCP-2336c2a01c037a08,MOL-de02dbe11a360dff,2020_Townsend,AC-78305ee2e743b795,BLOCK-513383ed86a73488,5,BLOCK-513383ed86a73488
SSCP-2338b0105513c083,MOL-25928093b1da6523,2020_Townsend,AC-78305ee2e743b795,BLOCK-513383ed86a73488,5,BLOCK-513383ed86a73488
SSCP-2338dc76fbe318c3,MOL-7ba2a2776ab49053,2021_Kelly,AC-5e5c956882423f52,BLOCK-4494eb5738fce47c,3,BLOCK-4494eb5738fce47c
SSCP-233e0b89b83fd947,MOL-a9f1b252defcade3,2016_Furukawa,AC-78305ee2e743b795,BLOCK-513383ed86a73488,5,BLOCK-513383ed86a73488
SSCP-2342b12270ecd3b0,MOL-29ac7b118619af3d,2013_CHUGAI,AC-0e1b7a7ea9b63630,BLOCK-5c361cba45039733,7,BLOCK-5c361cba45039733
SSCP-235244c57291bc76,MOL-103a9b661ceb10aa,2021_Kelly,AC-5e5c956882423f52,BLOCK-4494eb5738fce47c,3,BLOCK-4494eb5738fce47c
SSCP-2359b60881bfc716,MOL-e5e856c8f0bdaa53,2020_Townsend,AC-78305ee2e743b795,BLOCK-513383ed86a73488,5,BLOCK-513383ed86a73488
SSCP-235e5760c48f565f,MOL-05adb1e9a4112266,2013_CHUGAI,AC-9915a59ccaa1a737,BLOCK-5c361cba45039733,7,BLOCK-5c361cba45039733
SSCP-2362db94c23f78d3,MOL-979ad3e1ac80dd2e,2021_Kelly,AC-ac7e5d0036401990,BLOCK-4494eb5738fce47c,3,BLOCK-4494eb5738fce47c
SSCP-236a9ba2e2addaa2,MOL-0d24ab96e4fa3f79,2024_Faris,AC-e82e3e242d3d320c,BLOCK-c5e520eb3b94ff25,15,BLOCK-c5e520eb3b94ff25
SSCP-2377379416ef5de4,MOL-1ad3e88c492f53d2,2022_Taechalertpaisarn,AC-78305ee2e743b795,BLOCK-513383ed86a73488,5,BLOCK-513383ed86a73488
SSCP-237f3c4f13b2d287,MOL-5bc57cc0ad920c83,2020_Townsend,AC-78305ee2e743b795,BLOCK-513383ed86a73488,5,BLOCK-513383ed86a73488
SSCP-23885b93b3a73e96,MOL-79cb7a3800e91ebf,2021_Kelly,AC-5e5c956882423f52,BLOCK-4494eb5738fce47c,3,BLOCK-4494eb5738fce47c
SSCP-2390414445e8e4c3,MOL-4bcb2bf02e4f272d,2021_Kelly,AC-5e5c956882423f52,BLOCK-4494eb5738fce47c,3,BLOCK-4494eb5738fce47c
SSCP-2392ab05f569e421,MOL-0cf5ef6401933078,2021_Kelly,AC-5e5c956882423f52,BLOCK-4494eb5738fce47c,3,BLOCK-4494eb5738fce47c
SSCP-23a61c94d87f4a5a,MOL-5407bc584730b3be,2016_Furukawa,AC-78305ee2e743b795,BLOCK-513383ed86a73488,5,BLOCK-513383ed86a73488
SSCP-23bec4376182764a,MOL-fa4f5d66d9a90365,2013_CHUGAI,AC-9915a59ccaa1a737,BLOCK-5c361cba45039733,7,BLOCK-5c361cba45039733
SSCP-23c20c6c18e5d3a8,MOL-cb8b858dc61ae741,2020_Townsend,AC-78305ee2e743b795,BLOCK-513383ed86a73488,5,BLOCK-513383ed86a73488
SSCP-23d0f7dba84e6719,MOL-27815dee01730078,2021_Kelly,AC-5e5c956882423f52,BLOCK-4494eb5738fce47c,3,BLOCK-4494eb5738fce47c
SSCP-23dd219f2d08e9fe,MOL-07110d4866a000a9,2021_Kelly,AC-ac7e5d0036401990,BLOCK-4494eb5738fce47c,3,BLOCK-4494eb5738fce47c
SSCP-23e2c8b51d5c54f2,MOL-c06322d35a9498e1,2013_CHUGAI,AC-cf95401a5715faa6,BLOCK-5c361cba45039733,7,BLOCK-5c361cba45039733
SSCP-23e41969eeeeafb3,MOL-3b68586719adfa05,2020_Townsend,AC-78305ee2e743b795,BLOCK-513383ed86a73488,5,BLOCK-513383ed86a73488
SSCP-23e50714849b496f,MOL-2e152b5861d62e26,2021_Kelly,AC-5e5c956882423f52,BLOCK-4494eb5738fce47c,3,BLOCK-4494eb5738fce47c
SSCP-23eec8b90f8070b8,MOL-ebdfd55b65d9bedf,2020_Townsend,AC-78305ee2e743b795,BLOCK-513383ed86a73488,5,BLOCK-513383ed86a73488
SSCP-24111c4ace896ac9,MOL-5395f955bc21d370,2020_Townsend,AC-78305ee2e743b795,BLOCK-513383ed86a73488,5,BLOCK-513383ed86a73488
SSCP-243954445eb2ee1a,MOL-f972cf2dbc745fce,2016_Furukawa,AC-78305ee2e743b795,BLOCK-513383ed86a73488,5,BLOCK-513383ed86a73488
SSCP-244230beb8c276b3,MOL-aac0a5446e588172,2021_Kelly,AC-5e5c956882423f52,BLOCK-4494eb5738fce47c,3,BLOCK-4494eb5738fce47c
SSCP-244add395e6d79ed,MOL-bfb321b8714f2729,2021_Kelly,AC-ac7e5d0036401990,BLOCK-4494eb5738fce47c,3,BLOCK-4494eb5738fce47c
SSCP-244bfc0a7e90d245,MOL-450c8b6f41ded81d,2021_Comeau,AC-b74b4d5565722d16,BLOCK-bb4bcb852b735057,12,BLOCK-bb4bcb852b735057
SSCP-2464c9973771dae2,MOL-eb9f18119e4d4b55,2013_CHUGAI,AC-486a1354a0e7f732,BLOCK-5c361cba45039733,7,BLOCK-5c361cba45039733
SSCP-24708f2afc4a6dc7,MOL-d0fe31eac6ed8f8a,2021_Kelly,AC-5e5c956882423f52,BLOCK-4494eb5738fce47c,3,BLOCK-4494eb5738fce47c
SSCP-2471f4bec23bb260,MOL-b66e90a7b7bbed67,2020_Townsend,AC-78305ee2e743b795,BLOCK-513383ed86a73488,5,BLOCK-513383ed86a73488
SSCP-247fe1dfe4792cc0,MOL-0b25dfc6d490622f,2013_CHUGAI,AC-46a7f0b10bd84074,BLOCK-5c361cba45039733,7,BLOCK-5c361cba45039733
SSCP-24825271c9e97bfd,MOL-1fe11fb033fe8edb,2021_Kelly,AC-ac7e5d0036401990,BLOCK-4494eb5738fce47c,3,BLOCK-4494eb5738fce47c
SSCP-2482f5dbaf6f4d09,MOL-67ea01148164b19e,2020_Townsend,AC-78305ee2e743b795,BLOCK-513383ed86a73488,5,BLOCK-513383ed86a73488
SSCP-248d72e9e5b93719,MOL-14483ea493c1e780,2016_Furukawa,AC-78305ee2e743b795,BLOCK-513383ed86a73488,5,BLOCK-513383ed86a73488
SSCP-2491ef44d1a39e7e,MOL-279935176cf1ac42,2018_Naylor,AC-78305ee2e743b795,BLOCK-513383ed86a73488,5,BLOCK-513383ed86a73488
SSCP-24a47f2283b0599e,MOL-52694edd71c09f8d,2020_Townsend,AC-78305ee2e743b795,BLOCK-513383ed86a73488,5,BLOCK-513383ed86a73488
SSCP-24a8865de64b2a3b,MOL-0eacd2153a1e4e8f,2024_Faris,AC-e82e3e242d3d320c,BLOCK-c5e520eb3b94ff25,15,BLOCK-c5e520eb3b94ff25
SSCP-24b23f48dfd17fcf,MOL-4d6b8f262e5129d9,2020_Townsend,AC-78305ee2e743b795,BLOCK-513383ed86a73488,5,BLOCK-513383ed86a73488
SSCP-24bbd872a875f61c,MOL-60866f5407b8953d,2021_Kelly,AC-ac7e5d0036401990,BLOCK-4494eb5738fce47c,3,BLOCK-4494eb5738fce47c
SSCP-24c108cb70ce761a,MOL-ed6d93c5052e05a3,2021_Wang,AC-356a460c475e7cfc,BLOCK-d0fe24e9c28856d1,16,BLOCK-d0fe24e9c28856d1
SSCP-24c513048769df1e,MOL-7c619520af51001e,2021_Kelly,AC-5e5c956882423f52,BLOCK-4494eb5738fce47c,3,BLOCK-4494eb5738fce47c
SSCP-24dc3bc5d7cc8f56,MOL-3c02716c7b35d434,2015_Ahlbach,AC-423ffb1b2c6e94f0,BLOCK-513383ed86a73488,5,BLOCK-513383ed86a73488
SSCP-24dd688985743ecb,MOL-b34e362e2b5c148f,2020_Townsend,AC-78305ee2e743b795,BLOCK-513383ed86a73488,5,BLOCK-513383ed86a73488
SSCP-24e0615714b029ca,MOL-b65dfeeaf5f28d64,2021_Kelly,AC-ac7e5d0036401990,BLOCK-4494eb5738fce47c,3,BLOCK-4494eb5738fce47c
SSCP-24f19a987178f5b8,MOL-18d4c84472dd5214,2022_Tamura,AC-fc5f5d4da46a4ca2,BLOCK-bb889e938c0a001a,13,BLOCK-bb889e938c0a001a
SSCP-24feaa54fe4d4403,MOL-ee80d34540f2b35d,2020_Townsend,AC-78305ee2e743b795,BLOCK-513383ed86a73488,5,BLOCK-513383ed86a73488
SSCP-25030a36053dfd67,MOL-551fdde61c07e564,2015_Wang,AC-0fdfe45bfa2d5783,BLOCK-513383ed86a73488,5,BLOCK-513383ed86a73488
SSCP-250df5b00774aea0,MOL-bf626da894b3d4aa,2016_Furukawa,AC-78305ee2e743b795,BLOCK-513383ed86a73488,5,BLOCK-513383ed86a73488
SSCP-2524e50e48198318,MOL-12c6ac6fbdff64c9,2020_Townsend,AC-78305ee2e743b795,BLOCK-513383ed86a73488,5,BLOCK-513383ed86a73488
SSCP-25269bdafcbda917,MOL-1ea0ec52c50f5458,2013_CHUGAI,AC-312185bb6d0ce368,BLOCK-5c361cba45039733,7,BLOCK-5c361cba45039733
SSCP-252773d85b72ae6a,MOL-a01b71e748adc8e2,2021_Kelly,AC-5e5c956882423f52,BLOCK-4494eb5738fce47c,3,BLOCK-4494eb5738fce47c
SSCP-252c309e2db80377,MOL-2b4e128c34f73bbc,2013_CHUGAI,AC-cf95401a5715faa6,BLOCK-5c361cba45039733,7,BLOCK-5c361cba45039733
SSCP-253352bdd363ad14,MOL-fe5fdd93c5dd42d0,2021_Comeau,AC-b74b4d5565722d16,BLOCK-bb4bcb852b735057,12,BLOCK-bb4bcb852b735057
SSCP-2538f1bc8b8e7c24,MOL-fa3b451de3861735,2016_Furukawa,AC-78305ee2e743b795,BLOCK-513383ed86a73488,5,BLOCK-513383ed86a73488
SSCP-253baa2fcc363fb5,MOL-c5b938c714434bf9,2020_Townsend,AC-78305ee2e743b795,BLOCK-513383ed86a73488,5,BLOCK-513383ed86a73488
SSCP-2541391f22e0cd51,MOL-fcd7833904c5ca46,2020_Townsend,AC-78305ee2e743b795,BLOCK-513383ed86a73488,5,BLOCK-513383ed86a73488
SSCP-254283ec79ea2b29,MOL-965936b69ffee3c7,2022_Taechalertpaisarn,AC-78305ee2e743b795,BLOCK-513383ed86a73488,5,BLOCK-513383ed86a73488
SSCP-254b25ff8f63c885,MOL-c531d3713e329c63,2016_Furukawa,AC-78305ee2e743b795,BLOCK-513383ed86a73488,5,BLOCK-513383ed86a73488
SSCP-25504a174bfe4815,MOL-3b7efed57836d82d,2021_Kelly,AC-5e5c956882423f52,BLOCK-4494eb5738fce47c,3,BLOCK-4494eb5738fce47c
SSCP-255899760428603c,MOL-99f4ad2259512644,2020_Townsend,AC-78305ee2e743b795,BLOCK-513383ed86a73488,5,BLOCK-513383ed86a73488
SSCP-25607f0e658030cd,MOL-ae49cfe64a8ee62a,2020_Townsend,AC-78305ee2e743b795,BLOCK-513383ed86a73488,5,BLOCK-513383ed86a73488
SSCP-2562fad61ee1aab7,MOL-0d2c2131618358ee,2020_Townsend,AC-78305ee2e743b795,BLOCK-513383ed86a73488,5,BLOCK-513383ed86a73488
SSCP-256817b64ff6d4d1,MOL-e460f56310d161b1,2013_CHUGAI,AC-9915a59ccaa1a737,BLOCK-5c361cba45039733,7,BLOCK-5c361cba45039733
SSCP-25826f40993ae5c0,MOL-1d38769bef0b72b9,2013_CHUGAI,AC-cf95401a5715faa6,BLOCK-5c361cba45039733,7,BLOCK-5c361cba45039733
SSCP-25af95fe77235722,MOL-dad874b813695fba,2021_Kelly,AC-5e5c956882423f52,BLOCK-4494eb5738fce47c,3,BLOCK-4494eb5738fce47c
SSCP-25afc84ef7f4e924,MOL-f970799b2b950437,2021_Kelly,AC-ac7e5d0036401990,BLOCK-4494eb5738fce47c,3,BLOCK-4494eb5738fce47c
SSCP-25b1d36c781164c7,MOL-2860e08f655231a3,2013_CHUGAI,AC-7e36b0946cc8ee5d,BLOCK-5c361cba45039733,7,BLOCK-5c361cba45039733
SSCP-25b2ac527f8cb1e0,MOL-d3df64b3da15b61e,2015_Marelli,AC-78305ee2e743b795,BLOCK-513383ed86a73488,5,BLOCK-513383ed86a73488
SSCP-25c8ca9343839cb7,MOL-77d1547c44380cbb,2020_Townsend,AC-78305ee2e743b795,BLOCK-513383ed86a73488,5,BLOCK-513383ed86a73488
SSCP-25c93b2ee5df56be,MOL-595a9b15a02c34a8,2020_Townsend,AC-78305ee2e743b795,BLOCK-513383ed86a73488,5,BLOCK-513383ed86a73488
SSCP-25d27f4b4d19b5fa,MOL-6d437df0b02196d1,2016_Furukawa,AC-78305ee2e743b795,BLOCK-513383ed86a73488,5,BLOCK-513383ed86a73488
SSCP-25e1c81c437d252f,MOL-df94b40c67f46c49,2013_CHUGAI,AC-cf95401a5715faa6,BLOCK-5c361cba45039733,7,BLOCK-5c361cba45039733
SSCP-25e96080dcf37e9f,MOL-f3efaf6d96fa138e,2016_Furukawa,AC-78305ee2e743b795,BLOCK-513383ed86a73488,5,BLOCK-513383ed86a73488
SSCP-2602db4ec319e199,MOL-0ae52b035674ff68,2022_Bhardwaj,AC-ba2241202ecc6794,BLOCK-513383ed86a73488,5,BLOCK-513383ed86a73488
SSCP-2608f736bc5126bd,MOL-00eefd8635076d05,2020_Townsend,AC-78305ee2e743b795,BLOCK-513383ed86a73488,5,BLOCK-513383ed86a73488
SSCP-2609051475891bf6,MOL-a92585e625e878b6,2016_Furukawa,AC-78305ee2e743b795,BLOCK-513383ed86a73488,5,BLOCK-513383ed86a73488
SSCP-260e82a24fb942cc,MOL-0f80148d069e2dbb,2020_Townsend,AC-78305ee2e743b795,BLOCK-513383ed86a73488,5,BLOCK-513383ed86a73488
SSCP-261094101d321fc2,MOL-9d56f6634bf14741,2020_Barlow,AC-741ab05286c210ec,BLOCK-8dbd1f0100199b32,10,BLOCK-8dbd1f0100199b32
SSCP-2613bfa1be2885ba,MOL-5b0022bc6dbae2e5,2020_Townsend,AC-78305ee2e743b795,BLOCK-513383ed86a73488,5,BLOCK-513383ed86a73488
SSCP-2615d2060699bfce,MOL-e4b9ceaf40b0e3d3,2016_Furukawa,AC-78305ee2e743b795,BLOCK-513383ed86a73488,5,BLOCK-513383ed86a73488
SSCP-261d9a5e40117a5d,MOL-9815d03c95396f93,2013_CHUGAI,AC-cf95401a5715faa6,BLOCK-5c361cba45039733,7,BLOCK-5c361cba45039733
SSCP-261db7d6a8c0bc54,MOL-9361770c5f345ddb,2020_Townsend,AC-78305ee2e743b795,BLOCK-513383ed86a73488,5,BLOCK-513383ed86a73488
SSCP-262337893631903a,MOL-806d68f4f903b337,2015_Ahlbach,AC-0c0d5c0b98d5eeb3,BLOCK-513383ed86a73488,5,BLOCK-513383ed86a73488
SSCP-262672854eabff8a,MOL-b8578e58fef11a8a,2020_Townsend,AC-78305ee2e743b795,BLOCK-513383ed86a73488,5,BLOCK-513383ed86a73488
SSCP-2648a5bd90edf990,MOL-891f29241ee0f994,2020_Townsend,AC-78305ee2e743b795,BLOCK-513383ed86a73488,5,BLOCK-513383ed86a73488
SSCP-264fec38b9312475,MOL-4400765b16cbdca9,2020_Townsend,AC-78305ee2e743b795,BLOCK-513383ed86a73488,5,BLOCK-513383ed86a73488
SSCP-2661382902887702,MOL-d00d9fac946d14e5,2022_Lee,AC-4cbd321fd3e6c472,BLOCK-513383ed86a73488,5,BLOCK-513383ed86a73488
SSCP-26735b5febce44d6,MOL-deeedf5b729c0705,2016_Furukawa,AC-78305ee2e743b795,BLOCK-513383ed86a73488,5,BLOCK-513383ed86a73488
SSCP-267d74d8b4969cc7,MOL-5ed2ac6f77e0c438,2015_Bockus_2,AC-75c6ac7476f86a1a,BLOCK-ad504a636f9fcddf,11,BLOCK-ad504a636f9fcddf
SSCP-267fdb7d89d1fcda,MOL-29f185b05bb01383,2021_Kelly,AC-5e5c956882423f52,BLOCK-4494eb5738fce47c,3,BLOCK-4494eb5738fce47c
SSCP-268b5f0cc6768335,MOL-b5f5695edecd61bc,2020_Townsend,AC-78305ee2e743b795,BLOCK-513383ed86a73488,5,BLOCK-513383ed86a73488
SSCP-268ef7f5fe3ec22f,MOL-81ef218ccd95d0d1,2020_Townsend,AC-78305ee2e743b795,BLOCK-513383ed86a73488,5,BLOCK-513383ed86a73488
SSCP-269934391700578c,MOL-c74105838d6528d1,2016_Furukawa,AC-78305ee2e743b795,BLOCK-513383ed86a73488,5,BLOCK-513383ed86a73488
SSCP-269f6634e644091b,MOL-b0793bd7029a00b1,2021_Kelly,AC-5e5c956882423f52,BLOCK-4494eb5738fce47c,3,BLOCK-4494eb5738fce47c
SSCP-26a55f56c9be2390,MOL-7ef940e3664f2732,2013_CHUGAI,AC-9915a59ccaa1a737,BLOCK-5c361cba45039733,7,BLOCK-5c361cba45039733
SSCP-26aba27ee133a842,MOL-20a282699f9550b9,2021_Kelly,AC-5e5c956882423f52,BLOCK-4494eb5738fce47c,3,BLOCK-4494eb5738fce47c
SSCP-26b00720bc185023,MOL-a94f4925bfa3e1c1,2021_Kelly,AC-5e5c956882423f52,BLOCK-4494eb5738fce47c,3,BLOCK-4494eb5738fce47c
SSCP-26b1f1968db573f7,MOL-5ed85c04a73d5001,2020_Townsend,AC-78305ee2e743b795,BLOCK-513383ed86a73488,5,BLOCK-513383ed86a73488
SSCP-26b5aa987c0c0fae,MOL-d4a4b5c9f165f487,2018_Naylor,AC-78305ee2e743b795,BLOCK-513383ed86a73488,5,BLOCK-513383ed86a73488
SSCP-26d7dadbe57eb220,MOL-58a0f22ba4bc6731,2020_Townsend,AC-78305ee2e743b795,BLOCK-513383ed86a73488,5,BLOCK-513383ed86a73488
SSCP-26dc33af81d76cc2,MOL-3d78b5e851d7f958,2021_Kelly,AC-5e5c956882423f52,BLOCK-4494eb5738fce47c,3,BLOCK-4494eb5738fce47c
SSCP-26e09f60bf94274b,MOL-9df658a74d2774e0,2021_Kelly,AC-5e5c956882423f52,BLOCK-4494eb5738fce47c,3,BLOCK-4494eb5738fce47c
SSCP-26e4743e77116f64,MOL-41f5148697a78eb1,2021_Kelly,AC-5e5c956882423f52,BLOCK-4494eb5738fce47c,3,BLOCK-4494eb5738fce47c
SSCP-26eb41b4b447b2b7,MOL-2a4d4a9d4bfc50ff,2020_Townsend,AC-78305ee2e743b795,BLOCK-513383ed86a73488,5,BLOCK-513383ed86a73488
SSCP-26fa47761fd002ca,MOL-ccbfb4fc4e983ce5,2022_Bhardwaj,AC-8c578e242a933ad0,BLOCK-513383ed86a73488,5,BLOCK-513383ed86a73488
SSCP-271e181ea0283a84,MOL-baf5c5e1305170df,2021_Kelly,AC-5e5c956882423f52,BLOCK-4494eb5738fce47c,3,BLOCK-4494eb5738fce47c
SSCP-2724561bbef7bc81,MOL-fce97296b7933ba0,2021_Kelly,AC-5e5c956882423f52,BLOCK-4494eb5738fce47c,3,BLOCK-4494eb5738fce47c
SSCP-272ada377b9cd874,MOL-b3cc38dcf634ef38,2020_Townsend,AC-78305ee2e743b795,BLOCK-513383ed86a73488,5,BLOCK-513383ed86a73488
SSCP-27389493c13f326b,MOL-dbc9f80f715173ea,2020_Townsend,AC-78305ee2e743b795,BLOCK-513383ed86a73488,5,BLOCK-513383ed86a73488
SSCP-274168de359f8b2b,MOL-218f8cb87c664187,2021_Kelly,AC-ac7e5d0036401990,BLOCK-4494eb5738fce47c,3,BLOCK-4494eb5738fce47c
SSCP-27430a7cc4d81d90,MOL-7daf06f74766b51a,2020_Townsend,AC-78305ee2e743b795,BLOCK-513383ed86a73488,5,BLOCK-513383ed86a73488
SSCP-275380981594e871,MOL-46c792a3694030b0,2013_CHUGAI,AC-cf95401a5715faa6,BLOCK-5c361cba45039733,7,BLOCK-5c361cba45039733
SSCP-275501ac0c8ac05b,MOL-459e81548d0771b1,2020_Townsend,AC-78305ee2e743b795,BLOCK-513383ed86a73488,5,BLOCK-513383ed86a73488
SSCP-275693a59dcb35f5,MOL-05b9af43d9e66e03,2020_Townsend,AC-78305ee2e743b795,BLOCK-513383ed86a73488,5,BLOCK-513383ed86a73488
SSCP-2756df9576223888,MOL-addd2671c431e2bb,2021_Kelly,AC-5e5c956882423f52,BLOCK-4494eb5738fce47c,3,BLOCK-4494eb5738fce47c
SSCP-27573e06f895b0ca,MOL-7c22405d519bb3eb,2020_Townsend,AC-78305ee2e743b795,BLOCK-513383ed86a73488,5,BLOCK-513383ed86a73488
SSCP-275a56ad9554c034,MOL-4021a06cf5caddf0,2024_Faris,AC-e82e3e242d3d320c,BLOCK-c5e520eb3b94ff25,15,BLOCK-c5e520eb3b94ff25
SSCP-276bcc8bd56a32fb,MOL-89e83245eaa178f8,2021_Kelly,AC-ac7e5d0036401990,BLOCK-4494eb5738fce47c,3,BLOCK-4494eb5738fce47c
SSCP-2775db0d388e5cef,MOL-ec4430cdcb7b6cd1,2021_Kelly,AC-5e5c956882423f52,BLOCK-4494eb5738fce47c,3,BLOCK-4494eb5738fce47c
SSCP-2775e5d5a136ce41,MOL-20436e1ff88b6f5e,2013_CHUGAI,AC-cf95401a5715faa6,BLOCK-5c361cba45039733,7,BLOCK-5c361cba45039733
SSCP-2777afc6f8a75d09,MOL-062f36c43e5d8bef,2021_Kelly,AC-5e5c956882423f52,BLOCK-4494eb5738fce47c,3,BLOCK-4494eb5738fce47c
SSCP-2792a7256ab64053,MOL-e37723a227dede02,2021_Kelly,AC-5e5c956882423f52,BLOCK-4494eb5738fce47c,3,BLOCK-4494eb5738fce47c
SSCP-2793786d6c5d6eb1,MOL-95a78418d6f3c995,2017_Pye,AC-9fabc791bd5e32a1,BLOCK-2c0090ee1dd5b17e,1,BLOCK-2c0090ee1dd5b17e
SSCP-27a30cff7573feae,MOL-5deded8112e1f568,2021_Kelly,AC-5e5c956882423f52,BLOCK-4494eb5738fce47c,3,BLOCK-4494eb5738fce47c
SSCP-27a5638eb595edb1,MOL-2fcf89d90d8461a8,2006_Rezai_1,AC-78305ee2e743b795,BLOCK-513383ed86a73488,5,BLOCK-513383ed86a73488
SSCP-27bb49ddad16c004,MOL-51d699065a7f1fa4,2015_Wang,AC-78305ee2e743b795,BLOCK-513383ed86a73488,5,BLOCK-513383ed86a73488
SSCP-27c103acba874f8c,MOL-3733cdf50a7121c4,2021_Kelly,AC-ac7e5d0036401990,BLOCK-4494eb5738fce47c,3,BLOCK-4494eb5738fce47c
SSCP-27ceba546c5076b1,MOL-8ccfff33a27e6335,2020_Townsend,AC-78305ee2e743b795,BLOCK-513383ed86a73488,5,BLOCK-513383ed86a73488
SSCP-27d33ef32bbcc06e,MOL-1629fe318945b5d7,2013_CHUGAI,AC-cf95401a5715faa6,BLOCK-5c361cba45039733,7,BLOCK-5c361cba45039733
SSCP-27d502ea762ad20b,MOL-96133875927a3a36,2016_Furukawa,AC-78305ee2e743b795,BLOCK-513383ed86a73488,5,BLOCK-513383ed86a73488
SSCP-27da00534c8ba96a,MOL-51212a76b29c687d,2021_Kelly,AC-5e5c956882423f52,BLOCK-4494eb5738fce47c,3,BLOCK-4494eb5738fce47c
SSCP-27eb3554c4eda60a,MOL-81f10e966beec7c9,2020_Townsend,AC-78305ee2e743b795,BLOCK-513383ed86a73488,5,BLOCK-513383ed86a73488
SSCP-27efbdc96065eba6,MOL-d4ed84dfe3150308,2020_Townsend,AC-78305ee2e743b795,BLOCK-513383ed86a73488,5,BLOCK-513383ed86a73488
SSCP-27f03137e59f76ff,MOL-15f7dafdbc7695db,2020_Townsend,AC-78305ee2e743b795,BLOCK-513383ed86a73488,5,BLOCK-513383ed86a73488
SSCP-27fb46c40435deef,MOL-218266ad4e438f57,2016_Furukawa,AC-78305ee2e743b795,BLOCK-513383ed86a73488,5,BLOCK-513383ed86a73488
SSCP-2805d818397133d3,MOL-87a5145af8ea33a0,2020_Townsend,AC-78305ee2e743b795,BLOCK-513383ed86a73488,5,BLOCK-513383ed86a73488
SSCP-280e494611178cc1,MOL-a1e013b309ad244d,2020_Townsend,AC-78305ee2e743b795,BLOCK-513383ed86a73488,5,BLOCK-513383ed86a73488
SSCP-28329eeae2a0bd0f,MOL-086b2c51da6d0fea,2020_Townsend,AC-78305ee2e743b795,BLOCK-513383ed86a73488,5,BLOCK-513383ed86a73488
SSCP-28444463d17eaff5,MOL-c69692faa8a9c7c3,2021_Kelly,AC-5e5c956882423f52,BLOCK-4494eb5738fce47c,3,BLOCK-4494eb5738fce47c
SSCP-2857abba1308552d,MOL-ead1e49221c0ec7d,2020_Townsend,AC-78305ee2e743b795,BLOCK-513383ed86a73488,5,BLOCK-513383ed86a73488
SSCP-2857cd6fdb1fc672,MOL-365f3360ffd07ae5,2020_Townsend,AC-78305ee2e743b795,BLOCK-513383ed86a73488,5,BLOCK-513383ed86a73488
SSCP-28704aa95103667d,MOL-5da40d7a85fee57a,2020_Townsend,AC-78305ee2e743b795,BLOCK-513383ed86a73488,5,BLOCK-513383ed86a73488
SSCP-287b053968b847ea,MOL-e5e5d4547dc3dbef,2020_Townsend,AC-78305ee2e743b795,BLOCK-513383ed86a73488,5,BLOCK-513383ed86a73488
SSCP-287b3f41e3323074,MOL-016f0ecb1aecf294,2020_Townsend,AC-78305ee2e743b795,BLOCK-513383ed86a73488,5,BLOCK-513383ed86a73488
SSCP-287e65dd3e0129b7,MOL-f7577c10edd8b2b6,2020_Townsend,AC-78305ee2e743b795,BLOCK-513383ed86a73488,5,BLOCK-513383ed86a73488
SSCP-288769dd69171de1,MOL-1de49b103ed935be,2020_Townsend,AC-78305ee2e743b795,BLOCK-513383ed86a73488,5,BLOCK-513383ed86a73488
SSCP-28949c14e5358fbe,MOL-e1cd829d2248281a,2020_Townsend,AC-78305ee2e743b795,BLOCK-513383ed86a73488,5,BLOCK-513383ed86a73488
SSCP-289829f4101cd620,MOL-e2cb9b92fa77ed07,2020_Townsend,AC-78305ee2e743b795,BLOCK-513383ed86a73488,5,BLOCK-513383ed86a73488
SSCP-28a71d5e375afd61,MOL-1674aba841d474a8,2015_Bockus_1,AC-914f0f8286bc74ae,BLOCK-513383ed86a73488,5,BLOCK-513383ed86a73488
SSCP-28bd89e60dec2bf5,MOL-3282cff20888f6ea,2020_Townsend,AC-78305ee2e743b795,BLOCK-513383ed86a73488,5,BLOCK-513383ed86a73488
SSCP-28bf78422a3e1788,MOL-b838d7eb6820c38f,2020_Townsend,AC-78305ee2e743b795,BLOCK-513383ed86a73488,5,BLOCK-513383ed86a73488
SSCP-28c287628cad9c28,MOL-bd6d93460a4eb47c,2018_Naylor,AC-4cbd321fd3e6c472,BLOCK-513383ed86a73488,5,BLOCK-513383ed86a73488
SSCP-28c5acd23e9a0787,MOL-1ad440aca959169a,2021_Kelly,AC-5e5c956882423f52,BLOCK-4494eb5738fce47c,3,BLOCK-4494eb5738fce47c
SSCP-28c8731be918f22c,MOL-e10b161f3871a6ef,2013_CHUGAI,AC-cf95401a5715faa6,BLOCK-5c361cba45039733,7,BLOCK-5c361cba45039733
SSCP-28ca51d25f5fe684,MOL-df0b0a5bafedce57,2021_Kelly,AC-5e5c956882423f52,BLOCK-4494eb5738fce47c,3,BLOCK-4494eb5738fce47c
SSCP-28cd37fed9142c9c,MOL-438718c8da7ce313,2020_Townsend,AC-78305ee2e743b795,BLOCK-513383ed86a73488,5,BLOCK-513383ed86a73488
SSCP-28cf39bac48366ee,MOL-d057c77dd598c3c7,2016_Furukawa,AC-78305ee2e743b795,BLOCK-513383ed86a73488,5,BLOCK-513383ed86a73488
SSCP-28d18de427e5f4a9,MOL-d4fbc1fc37f11999,2013_CHUGAI,AC-cf95401a5715faa6,BLOCK-5c361cba45039733,7,BLOCK-5c361cba45039733
SSCP-28d772a64cffbba7,MOL-59e9af77219890a5,2020_Townsend,AC-78305ee2e743b795,BLOCK-513383ed86a73488,5,BLOCK-513383ed86a73488
SSCP-28dc669d547bdb82,MOL-4ad02ec9d8e7e861,2013_CHUGAI,AC-cf95401a5715faa6,BLOCK-5c361cba45039733,7,BLOCK-5c361cba45039733
SSCP-28dfe6429dd7ee2c,MOL-fa0ffbafcfe7279f,2020_Townsend,AC-78305ee2e743b795,BLOCK-513383ed86a73488,5,BLOCK-513383ed86a73488
SSCP-28e03c68009a8d65,MOL-70535c0d1fc0de18,2022_Bhardwaj,AC-17dffc6ac312ef6a,BLOCK-513383ed86a73488,5,BLOCK-513383ed86a73488
SSCP-28f8756c3a309d2d,MOL-780c2859418e5972,2013_CHUGAI,AC-cf95401a5715faa6,BLOCK-5c361cba45039733,7,BLOCK-5c361cba45039733
SSCP-28fa68cc5eb8f331,MOL-dfee1ec3057c0e7a,2013_CHUGAI,AC-9086a9a191e81a29,BLOCK-5c361cba45039733,7,BLOCK-5c361cba45039733
SSCP-28fd6c7957fe75e0,MOL-f09db1b6bebda607,2021_Kelly,AC-5e5c956882423f52,BLOCK-4494eb5738fce47c,3,BLOCK-4494eb5738fce47c
SSCP-290336a138ee947b,MOL-fce2b359f0d279d6,2013_CHUGAI,AC-dab4919ae4a90ad8,BLOCK-5c361cba45039733,7,BLOCK-5c361cba45039733
SSCP-29130527bb629d83,MOL-b10e9260c7e04151,2020_Townsend,AC-78305ee2e743b795,BLOCK-513383ed86a73488,5,BLOCK-513383ed86a73488
SSCP-292af9b1c3337d66,MOL-3cdc55d51c625b0a,2021_Kelly,AC-ac7e5d0036401990,BLOCK-4494eb5738fce47c,3,BLOCK-4494eb5738fce47c
SSCP-292e8f38b256033b,MOL-0472a28fac7f0c2b,2020_Townsend,AC-78305ee2e743b795,BLOCK-513383ed86a73488,5,BLOCK-513383ed86a73488
SSCP-2942db1358a02575,MOL-ca52b735bf8d56eb,2022_Tamura,AC-fc5f5d4da46a4ca2,BLOCK-bb889e938c0a001a,13,BLOCK-bb889e938c0a001a
SSCP-29473d7fff15ed85,MOL-955e0a839b264ab5,2020_Townsend,AC-78305ee2e743b795,BLOCK-513383ed86a73488,5,BLOCK-513383ed86a73488
SSCP-295306e7e36726de,MOL-baac90bd492500e6,2020_Townsend,AC-78305ee2e743b795,BLOCK-513383ed86a73488,5,BLOCK-513383ed86a73488
SSCP-29629bc1a9afe664,MOL-7b156e6d55bff116,2016_Furukawa,AC-78305ee2e743b795,BLOCK-513383ed86a73488,5,BLOCK-513383ed86a73488
SSCP-296cc6b7c19e0b4e,MOL-881f2a42e4f28719,2020_Townsend,AC-78305ee2e743b795,BLOCK-513383ed86a73488,5,BLOCK-513383ed86a73488
SSCP-2976911e37d1d667,MOL-6662716775e06ec6,2024_Faris,AC-e82e3e242d3d320c,BLOCK-c5e520eb3b94ff25,15,BLOCK-c5e520eb3b94ff25
SSCP-298361b028ef6202,MOL-14ff30c0f11c9dd8,2021_Kelly,AC-5e5c956882423f52,BLOCK-4494eb5738fce47c,3,BLOCK-4494eb5738fce47c
SSCP-298589125e2d1196,MOL-cfb101f47e0facb7,2020_Townsend,AC-78305ee2e743b795,BLOCK-513383ed86a73488,5,BLOCK-513383ed86a73488
SSCP-298dc1d46d24e7fb,MOL-af9d23e4194a0a82,2021_Kelly,AC-5e5c956882423f52,BLOCK-4494eb5738fce47c,3,BLOCK-4494eb5738fce47c
SSCP-298e93130f84cb5e,MOL-d20eda5ff74e5219,2016_Furukawa,AC-78305ee2e743b795,BLOCK-513383ed86a73488,5,BLOCK-513383ed86a73488
SSCP-299a4a79e09b9b31,MOL-4d3278ae516bd5c8,2020_Townsend,AC-78305ee2e743b795,BLOCK-513383ed86a73488,5,BLOCK-513383ed86a73488
SSCP-29a2b41fae6d83c0,MOL-e92df8508def7f54,2020_Townsend,AC-78305ee2e743b795,BLOCK-513383ed86a73488,5,BLOCK-513383ed86a73488
SSCP-29a7440848239782,MOL-4fae7d0027af4161,2013_CHUGAI,AC-cf95401a5715faa6,BLOCK-5c361cba45039733,7,BLOCK-5c361cba45039733
SSCP-29ac37051bd9af5c,MOL-ba81c0d6b9ddfaf0,2020_Townsend,AC-78305ee2e743b795,BLOCK-513383ed86a73488,5,BLOCK-513383ed86a73488
SSCP-29c679a936d88a00,MOL-ab24925a8e371ba5,2016_Furukawa,AC-78305ee2e743b795,BLOCK-513383ed86a73488,5,BLOCK-513383ed86a73488
SSCP-29c827dffda351d0,MOL-1f0c7ea44930f7ad,2020_Townsend,AC-78305ee2e743b795,BLOCK-513383ed86a73488,5,BLOCK-513383ed86a73488
SSCP-29cc92dd858f214c,MOL-a655ff8967f3008a,2020_Townsend,AC-78305ee2e743b795,BLOCK-513383ed86a73488,5,BLOCK-513383ed86a73488
SSCP-29de71b59cf3cc45,MOL-c9eca151374b082e,2022_Bhardwaj,AC-9e28c088e138cdd1,BLOCK-513383ed86a73488,5,BLOCK-513383ed86a73488
SSCP-29ee74c1148c2db2,MOL-814c31e4a61170f9,2015_Wang,AC-78305ee2e743b795,BLOCK-513383ed86a73488,5,BLOCK-513383ed86a73488
SSCP-29f327c4306f0370,MOL-37e1b8932ecd2e69,2021_Kelly,AC-5e5c956882423f52,BLOCK-4494eb5738fce47c,3,BLOCK-4494eb5738fce47c
SSCP-2a0657c91f4f42e0,MOL-bf517bf2f871cc7b,2016_Furukawa,AC-78305ee2e743b795,BLOCK-513383ed86a73488,5,BLOCK-513383ed86a73488
SSCP-2a074bef785ca240,MOL-00844c1e7c1b20cb,2013_CHUGAI,AC-cf95401a5715faa6,BLOCK-5c361cba45039733,7,BLOCK-5c361cba45039733
SSCP-2a0e6dc85b13b357,MOL-3de79f3275df7343,2021_Kelly,AC-6d3257a2b83e15dc,BLOCK-4494eb5738fce47c,3,BLOCK-4494eb5738fce47c
SSCP-2a2edf2876b5cef1,MOL-cb6d9debf6d66f77,2006_Rezai_2,AC-e521a6b3b6226405,BLOCK-4acd8e0f532c9eb9,4,BLOCK-4acd8e0f532c9eb9
SSCP-2a39a5a6de03df0f,MOL-ee4354e7c0221003,2021_Kelly,AC-ac7e5d0036401990,BLOCK-4494eb5738fce47c,3,BLOCK-4494eb5738fce47c
SSCP-2a43141f798d6418,MOL-07a4dbdcd351d856,2020_Townsend,AC-78305ee2e743b795,BLOCK-513383ed86a73488,5,BLOCK-513383ed86a73488
SSCP-2a4fb33123a322fd,MOL-cacd5981695321d0,2013_CHUGAI,AC-cf95401a5715faa6,BLOCK-5c361cba45039733,7,BLOCK-5c361cba45039733
SSCP-2a5443421584becd,MOL-c5df61da5dc829a0,2020_Townsend,AC-78305ee2e743b795,BLOCK-513383ed86a73488,5,BLOCK-513383ed86a73488
SSCP-2a611e05c8d638a4,MOL-a249aeedd21a894d,2020_Townsend,AC-78305ee2e743b795,BLOCK-513383ed86a73488,5,BLOCK-513383ed86a73488
SSCP-2a66c8b8c5c5b64e,MOL-366ef71933d3786b,2020_Townsend,AC-78305ee2e743b795,BLOCK-513383ed86a73488,5,BLOCK-513383ed86a73488
SSCP-2a6bc45d082bc47f,MOL-0088ca072d5dcffa,2016_Furukawa,AC-78305ee2e743b795,BLOCK-513383ed86a73488,5,BLOCK-513383ed86a73488
SSCP-2a7808d8f7b00f64,MOL-aec1218c94e827ef,2013_CHUGAI,AC-cf95401a5715faa6,BLOCK-5c361cba45039733,7,BLOCK-5c361cba45039733
SSCP-2a842ba084518b45,MOL-c5e05b45ca7325d5,2013_CHUGAI,AC-1d9c291a44be8277,BLOCK-5c361cba45039733,7,BLOCK-5c361cba45039733
SSCP-2a987dfeac5b82ec,MOL-2a0d823b4af3a78f,2020_Townsend,AC-78305ee2e743b795,BLOCK-513383ed86a73488,5,BLOCK-513383ed86a73488
SSCP-2aa3f6146aade2ec,MOL-f091ba55a3bbef78,2020_Townsend,AC-78305ee2e743b795,BLOCK-513383ed86a73488,5,BLOCK-513383ed86a73488
SSCP-2abed7c9dc53b17f,MOL-ccf06843c270f184,2018_Lee,AC-50660f8319dc1976,BLOCK-c1585d53eda9a867,14,BLOCK-c1585d53eda9a867
SSCP-2abfb2c811b06b9e,MOL-4d493b2d1c1752f6,2016_Furukawa,AC-78305ee2e743b795,BLOCK-513383ed86a73488,5,BLOCK-513383ed86a73488
SSCP-2ac0e563f89236e4,MOL-8e09a46a8511065a,2020_Townsend,AC-78305ee2e743b795,BLOCK-513383ed86a73488,5,BLOCK-513383ed86a73488
SSCP-2ac7e9a262da269f,MOL-c41752bbef47bcf7,2020_Hosono,AC-78305ee2e743b795,BLOCK-513383ed86a73488,5,BLOCK-513383ed86a73488
SSCP-2ad67f55026ad39a,MOL-6883e60b58a4ac3f,2013_CHUGAI,AC-9915a59ccaa1a737,BLOCK-5c361cba45039733,7,BLOCK-5c361cba45039733
SSCP-2ae6b7eb5c7aae57,MOL-81a19ce6e3208a10,2020_Townsend,AC-78305ee2e743b795,BLOCK-513383ed86a73488,5,BLOCK-513383ed86a73488
SSCP-2af68cd99e476314,MOL-071bce693801d6db,2016_Furukawa,AC-78305ee2e743b795,BLOCK-513383ed86a73488,5,BLOCK-513383ed86a73488
SSCP-2af74367313aacef,MOL-b6acaf246b286b2b,2020_Townsend,AC-78305ee2e743b795,BLOCK-513383ed86a73488,5,BLOCK-513383ed86a73488
SSCP-2b0662ced5bfb085,MOL-bc20f090649a698c,2024_Faris,AC-e82e3e242d3d320c,BLOCK-c5e520eb3b94ff25,15,BLOCK-c5e520eb3b94ff25
SSCP-2b1360f1dc41f802,MOL-6832c93cbfa427e5,2021_Comeau,AC-b74b4d5565722d16,BLOCK-bb4bcb852b735057,12,BLOCK-bb4bcb852b735057
SSCP-2b13790aa97878d4,MOL-99dae2d030c34dd5,2021_Kelly,AC-5e5c956882423f52,BLOCK-4494eb5738fce47c,3,BLOCK-4494eb5738fce47c
SSCP-2b1a5d0644bc0388,MOL-6ce97007bf02bda0,2021_Kelly,AC-5e5c956882423f52,BLOCK-4494eb5738fce47c,3,BLOCK-4494eb5738fce47c
SSCP-2b1b25e01acef756,MOL-3ac627235493884d,2024_Ly,AC-b74b4d5565722d16,BLOCK-bb4bcb852b735057,12,BLOCK-bb4bcb852b735057
SSCP-2b22b0cab903cc39,MOL-a6b76b424ae00d63,2016_Furukawa,AC-78305ee2e743b795,BLOCK-513383ed86a73488,5,BLOCK-513383ed86a73488
SSCP-2b2cbb97f23e79ab,MOL-395aacfdb4515131,2020_Townsend,AC-78305ee2e743b795,BLOCK-513383ed86a73488,5,BLOCK-513383ed86a73488
SSCP-2b2f9faba731e65a,MOL-b30fc1ba66383f41,2020_Townsend,AC-78305ee2e743b795,BLOCK-513383ed86a73488,5,BLOCK-513383ed86a73488
SSCP-2b343d8f9327be80,MOL-63effd8c89b54a4d,2020_Townsend,AC-78305ee2e743b795,BLOCK-513383ed86a73488,5,BLOCK-513383ed86a73488
SSCP-2b36b33c67eb2f99,MOL-bcb2779ab083c6eb,2020_Townsend,AC-78305ee2e743b795,BLOCK-513383ed86a73488,5,BLOCK-513383ed86a73488
SSCP-2b3a9612df80fbdc,MOL-df2961951bb6ee20,2020_Townsend,AC-78305ee2e743b795,BLOCK-513383ed86a73488,5,BLOCK-513383ed86a73488
SSCP-2b4fb9c2064d7894,MOL-0d538a434c4ee63a,2015_Bockus_1,AC-065154b409531fcc,BLOCK-513383ed86a73488,5,BLOCK-513383ed86a73488
SSCP-2b515cf7f82ac253,MOL-03852b1b93c85d9e,2020_Townsend,AC-78305ee2e743b795,BLOCK-513383ed86a73488,5,BLOCK-513383ed86a73488
SSCP-2b56d53cc74fbd81,MOL-8230c1c5f512a6a2,2021_Golosov,AC-86cc498249bfbe27,BLOCK-394ff80f01cbc968,2,BLOCK-394ff80f01cbc968
SSCP-2b5badc6fc08abc1,MOL-34be5d9a99a7c674,2020_Townsend,AC-78305ee2e743b795,BLOCK-513383ed86a73488,5,BLOCK-513383ed86a73488
SSCP-2b5fda76d0929a32,MOL-8024e727bed47f7d,2013_CHUGAI,AC-cf95401a5715faa6,BLOCK-5c361cba45039733,7,BLOCK-5c361cba45039733
SSCP-2b63ffcaa25b3f3c,MOL-23acb62d762152a9,2016_Furukawa,AC-78305ee2e743b795,BLOCK-513383ed86a73488,5,BLOCK-513383ed86a73488
SSCP-2b6d2950c04a9f81,MOL-ffaaa03364cdb081,2016_Furukawa,AC-78305ee2e743b795,BLOCK-513383ed86a73488,5,BLOCK-513383ed86a73488
SSCP-2b6d752654eabe7e,MOL-2fa4546d4c3811f6,2013_CHUGAI,AC-cf95401a5715faa6,BLOCK-5c361cba45039733,7,BLOCK-5c361cba45039733
SSCP-2b7e145708cb4387,MOL-d3df64b3da15b61e,2016_Hickey,AC-78305ee2e743b795,BLOCK-513383ed86a73488,5,BLOCK-513383ed86a73488
SSCP-2b8d3b40c0e77d02,MOL-a40dd393f43db290,2021_Kelly,AC-5e5c956882423f52,BLOCK-4494eb5738fce47c,3,BLOCK-4494eb5738fce47c
SSCP-2ba0ea1b9c0e2bac,MOL-29bbbe524cc18b03,2021_Kelly,AC-5e5c956882423f52,BLOCK-4494eb5738fce47c,3,BLOCK-4494eb5738fce47c
SSCP-2bb427b1e2d272e9,MOL-de37055cafb9674e,2013_CHUGAI,AC-9915a59ccaa1a737,BLOCK-5c361cba45039733,7,BLOCK-5c361cba45039733
SSCP-2bb74674dd2390dc,MOL-8440827cc81d6459,2016_Furukawa,AC-78305ee2e743b795,BLOCK-513383ed86a73488,5,BLOCK-513383ed86a73488
SSCP-2bbf498d264a3856,MOL-02398eda2aea0898,2024_Faris,AC-e82e3e242d3d320c,BLOCK-c5e520eb3b94ff25,15,BLOCK-c5e520eb3b94ff25
SSCP-2bd001189a6fdec0,MOL-189bf516adbe8f5b,2016_Furukawa,AC-78305ee2e743b795,BLOCK-513383ed86a73488,5,BLOCK-513383ed86a73488
SSCP-2be316ec4cadbbd0,MOL-bdc1dcb5eb6f9fe1,2020_Townsend,AC-78305ee2e743b795,BLOCK-513383ed86a73488,5,BLOCK-513383ed86a73488
SSCP-2be455125ffae282,MOL-2cc91388480c7cd3,2021_Kelly,AC-6d3257a2b83e15dc,BLOCK-4494eb5738fce47c,3,BLOCK-4494eb5738fce47c
SSCP-2bf9fc7d4f3a0098,MOL-e0ca73ce5b2b8505,2022_Bhardwaj,AC-6d1d0816f81272b9,BLOCK-513383ed86a73488,5,BLOCK-513383ed86a73488
SSCP-2bfdc7d2e5cd7d70,MOL-3cc4d54dfff13237,2016_Furukawa,AC-78305ee2e743b795,BLOCK-513383ed86a73488,5,BLOCK-513383ed86a73488
SSCP-2bfe20fe1f1f3d32,MOL-54c1658faf24683d,2020_Townsend,AC-78305ee2e743b795,BLOCK-513383ed86a73488,5,BLOCK-513383ed86a73488
SSCP-2c29fab263a0d70d,MOL-901ac14848a8a262,2020_Townsend,AC-78305ee2e743b795,BLOCK-513383ed86a73488,5,BLOCK-513383ed86a73488
SSCP-2c2e1ccddea38b42,MOL-13e2fc0858bd9f86,2020_Townsend,AC-78305ee2e743b795,BLOCK-513383ed86a73488,5,BLOCK-513383ed86a73488
SSCP-2c2f69a2920e9848,MOL-9776840505dcb179,2020_Townsend,AC-78305ee2e743b795,BLOCK-513383ed86a73488,5,BLOCK-513383ed86a73488
SSCP-2c394aee9c24f2a5,MOL-e0825adee202df5a,2021_Kelly,AC-5e5c956882423f52,BLOCK-4494eb5738fce47c,3,BLOCK-4494eb5738fce47c
SSCP-2c537a4d4301c820,MOL-49a663a3eadd75d8,2020_Townsend,AC-78305ee2e743b795,BLOCK-513383ed86a73488,5,BLOCK-513383ed86a73488
SSCP-2c553bd28a0468b8,MOL-c1a471186b5b9a18,2020_Townsend,AC-78305ee2e743b795,BLOCK-513383ed86a73488,5,BLOCK-513383ed86a73488
SSCP-2c5a546dba6cf897,MOL-2188630b60aa8469,2020_Townsend,AC-78305ee2e743b795,BLOCK-513383ed86a73488,5,BLOCK-513383ed86a73488
SSCP-2c84354b30856d70,MOL-ff5d13fa46039087,2013_CHUGAI,AC-cf95401a5715faa6,BLOCK-5c361cba45039733,7,BLOCK-5c361cba45039733
SSCP-2c846825027a3920,MOL-ef93e7ffc9340522,2021_Wang,AC-fbc7f1ef462beb7f,BLOCK-d0fe24e9c28856d1,16,BLOCK-d0fe24e9c28856d1
SSCP-2c85502079a33d3b,MOL-934ec4a371daf857,2021_Kelly,AC-5e5c956882423f52,BLOCK-4494eb5738fce47c,3,BLOCK-4494eb5738fce47c
SSCP-2c857ab1db71f2a5,MOL-0908914ed33923a7,2020_Townsend,AC-78305ee2e743b795,BLOCK-513383ed86a73488,5,BLOCK-513383ed86a73488
SSCP-2c89717179d040ba,MOL-e9627304b2ba0bb2,2020_Townsend,AC-78305ee2e743b795,BLOCK-513383ed86a73488,5,BLOCK-513383ed86a73488
SSCP-2c9e5f0405c92ba3,MOL-6a1cd65737742fc8,2020_Townsend,AC-78305ee2e743b795,BLOCK-513383ed86a73488,5,BLOCK-513383ed86a73488
SSCP-2ca15c66631974fd,MOL-7c57a8eaf35700ca,2016_Furukawa,AC-78305ee2e743b795,BLOCK-513383ed86a73488,5,BLOCK-513383ed86a73488
SSCP-2ca8c4de23324d9d,MOL-89768ee51a8aed97,2013_CHUGAI,AC-cf95401a5715faa6,BLOCK-5c361cba45039733,7,BLOCK-5c361cba45039733
SSCP-2cba5a05f0b1da73,MOL-8a782985fa0e1383,2020_Townsend,AC-78305ee2e743b795,BLOCK-513383ed86a73488,5,BLOCK-513383ed86a73488
SSCP-2ccc7b00fc78bdcd,MOL-01d205712f11ef45,2020_Townsend,AC-78305ee2e743b795,BLOCK-513383ed86a73488,5,BLOCK-513383ed86a73488
SSCP-2cdaef2639125111,MOL-556f3a55ee1f88db,2013_CHUGAI,AC-cf95401a5715faa6,BLOCK-5c361cba45039733,7,BLOCK-5c361cba45039733
SSCP-2ce561e279bb165c,MOL-24319f8620ae433a,2021_Comeau,AC-b74b4d5565722d16,BLOCK-bb4bcb852b735057,12,BLOCK-bb4bcb852b735057
SSCP-2cecc99a05883e94,MOL-a897c693536c5feb,2021_Kelly,AC-ac7e5d0036401990,BLOCK-4494eb5738fce47c,3,BLOCK-4494eb5738fce47c
SSCP-2cf2749b601bcd89,MOL-270b767ccf6af98c,2021_Kelly,AC-5e5c956882423f52,BLOCK-4494eb5738fce47c,3,BLOCK-4494eb5738fce47c
SSCP-2cf4b092d7471da5,MOL-c093659a5cf990a3,2021_Kelly,AC-5e5c956882423f52,BLOCK-4494eb5738fce47c,3,BLOCK-4494eb5738fce47c
SSCP-2cf8c3df30342a25,MOL-4a5ad06e4ececd2e,2021_Kelly,AC-ac7e5d0036401990,BLOCK-4494eb5738fce47c,3,BLOCK-4494eb5738fce47c
SSCP-2d193d40e222e010,MOL-744f37d6a06eaddd,2020_Townsend,AC-78305ee2e743b795,BLOCK-513383ed86a73488,5,BLOCK-513383ed86a73488
SSCP-2d221817366dd827,MOL-d42a2228f0892bc8,2016_Furukawa,AC-78305ee2e743b795,BLOCK-513383ed86a73488,5,BLOCK-513383ed86a73488
SSCP-2d26d1b3727357b7,MOL-8b1bdd5fff3f6280,2021_Kelly,AC-5e5c956882423f52,BLOCK-4494eb5738fce47c,3,BLOCK-4494eb5738fce47c
SSCP-2d321aed82bc3196,MOL-c2f48dc3f392066a,2021_Kelly,AC-ac7e5d0036401990,BLOCK-4494eb5738fce47c,3,BLOCK-4494eb5738fce47c
SSCP-2d3b64aaedb5c249,MOL-2f39c3a3f5887547,2020_Townsend,AC-78305ee2e743b795,BLOCK-513383ed86a73488,5,BLOCK-513383ed86a73488
SSCP-2d3d09d36d7716e6,MOL-9b59bcf04b42726c,2006_Rezai_2,AC-e521a6b3b6226405,BLOCK-4acd8e0f532c9eb9,4,BLOCK-4acd8e0f532c9eb9
SSCP-2d55dce805613683,MOL-0f8906e5dd08f485,2020_Furukawa,AC-114e657b947b31ec,BLOCK-5f91132e1b252609,9,BLOCK-5f91132e1b252609
SSCP-2d6a184b66188fea,MOL-1cc5d445f19d36bc,2020_Townsend,AC-78305ee2e743b795,BLOCK-513383ed86a73488,5,BLOCK-513383ed86a73488
SSCP-2d6e6ff476e7accf,MOL-801ec8ed7cf863ad,2020_Townsend,AC-78305ee2e743b795,BLOCK-513383ed86a73488,5,BLOCK-513383ed86a73488
SSCP-2d742561cd05685d,MOL-fcb8eecb6b01495e,2020_Townsend,AC-78305ee2e743b795,BLOCK-513383ed86a73488,5,BLOCK-513383ed86a73488
SSCP-2d74cec0ca735cbe,MOL-8b0c6f063549c948,2016_Furukawa,AC-78305ee2e743b795,BLOCK-513383ed86a73488,5,BLOCK-513383ed86a73488
SSCP-2d7a501fcc63366b,MOL-574d416c43c8cdd0,2021_Kelly,AC-5e5c956882423f52,BLOCK-4494eb5738fce47c,3,BLOCK-4494eb5738fce47c
SSCP-2d97627e0c58b7fe,MOL-738f1e8591368f25,2020_Townsend,AC-78305ee2e743b795,BLOCK-513383ed86a73488,5,BLOCK-513383ed86a73488
SSCP-2d9e7fc936e02bb1,MOL-aa490feaca417303,2020_Townsend,AC-78305ee2e743b795,BLOCK-513383ed86a73488,5,BLOCK-513383ed86a73488
SSCP-2d9f66f60ca31781,MOL-bb949bea9a143690,2020_Townsend,AC-78305ee2e743b795,BLOCK-513383ed86a73488,5,BLOCK-513383ed86a73488
SSCP-2da54775339edd8e,MOL-7fb0b04fe749ecc6,2021_Kelly,AC-5e5c956882423f52,BLOCK-4494eb5738fce47c,3,BLOCK-4494eb5738fce47c
SSCP-2da68e059ab48d12,MOL-2c4bccdd06399ae6,2020_Townsend,AC-78305ee2e743b795,BLOCK-513383ed86a73488,5,BLOCK-513383ed86a73488
SSCP-2daa9b61451b7ee5,MOL-05ec47b32ab5087d,2020_Townsend,AC-78305ee2e743b795,BLOCK-513383ed86a73488,5,BLOCK-513383ed86a73488
SSCP-2dbd5995f7680e10,MOL-c9c3963e0e433e68,2016_Furukawa,AC-78305ee2e743b795,BLOCK-513383ed86a73488,5,BLOCK-513383ed86a73488
SSCP-2dc593fd1b26b8c9,MOL-6558f085470598bc,2021_Kelly,AC-5e5c956882423f52,BLOCK-4494eb5738fce47c,3,BLOCK-4494eb5738fce47c
SSCP-2dcc1b7c22914743,MOL-e67b9c869f6288b1,2020_Townsend,AC-78305ee2e743b795,BLOCK-513383ed86a73488,5,BLOCK-513383ed86a73488
SSCP-2dd43c53470e07a4,MOL-7e2ed3e4e990540d,2020_Townsend,AC-78305ee2e743b795,BLOCK-513383ed86a73488,5,BLOCK-513383ed86a73488
SSCP-2ddf62b0a54614cd,MOL-3c58615400540f9b,2020_Townsend,AC-78305ee2e743b795,BLOCK-513383ed86a73488,5,BLOCK-513383ed86a73488
SSCP-2de124cff77d34c7,MOL-46969f03e11afe33,2020_Townsend,AC-78305ee2e743b795,BLOCK-513383ed86a73488,5,BLOCK-513383ed86a73488
SSCP-2de84f709dde4507,MOL-8a3c8834e6994de0,2021_Kelly,AC-5e5c956882423f52,BLOCK-4494eb5738fce47c,3,BLOCK-4494eb5738fce47c
SSCP-2dedddf31e56972e,MOL-674acf68dd599550,2020_Barlow,AC-741ab05286c210ec,BLOCK-8dbd1f0100199b32,10,BLOCK-8dbd1f0100199b32
SSCP-2df5247719d77f2d,MOL-9906bf7c9241b324,2022_Bhardwaj,AC-7c271dae0103b00f,BLOCK-513383ed86a73488,5,BLOCK-513383ed86a73488
SSCP-2dff02c910e15aa5,MOL-c865bb7668e60631,2021_Kelly,AC-5e5c956882423f52,BLOCK-4494eb5738fce47c,3,BLOCK-4494eb5738fce47c
SSCP-2e128ce44617f50b,MOL-ab3d426663fddcb9,2020_Townsend,AC-78305ee2e743b795,BLOCK-513383ed86a73488,5,BLOCK-513383ed86a73488
SSCP-2e38f604d1c4d512,MOL-31a1052300003a9f,2020_Townsend,AC-78305ee2e743b795,BLOCK-513383ed86a73488,5,BLOCK-513383ed86a73488
SSCP-2e4724259bc52420,MOL-2b5ca3d79dba8b19,2022_Bhardwaj,AC-81a5815cb162a165,BLOCK-513383ed86a73488,5,BLOCK-513383ed86a73488
SSCP-2e5fb87b076ede60,MOL-95043d5c4efe0733,2021_Kelly,AC-6d3257a2b83e15dc,BLOCK-4494eb5738fce47c,3,BLOCK-4494eb5738fce47c
SSCP-2e60f26030cbf044,MOL-644c28ee58fb1ba4,2020_Townsend,AC-78305ee2e743b795,BLOCK-513383ed86a73488,5,BLOCK-513383ed86a73488
SSCP-2e62bbadb6c2ad8c,MOL-576d1d0801246b7e,2021_Kelly,AC-5e5c956882423f52,BLOCK-4494eb5738fce47c,3,BLOCK-4494eb5738fce47c
SSCP-2e63bb5c172a8ce7,MOL-2572356d5b684aa2,2020_Townsend,AC-78305ee2e743b795,BLOCK-513383ed86a73488,5,BLOCK-513383ed86a73488
SSCP-2e6f1259e92caef4,MOL-8a4809ca73cf3c52,2006_Rezai_1,AC-4cbd321fd3e6c472,BLOCK-513383ed86a73488,5,BLOCK-513383ed86a73488
SSCP-2e73f6b099208991,MOL-061e03d2e69aea6f,2020_Townsend,AC-78305ee2e743b795,BLOCK-513383ed86a73488,5,BLOCK-513383ed86a73488
SSCP-2e753f217fd02a84,MOL-c137f4604b71aff3,2020_Townsend,AC-78305ee2e743b795,BLOCK-513383ed86a73488,5,BLOCK-513383ed86a73488
SSCP-2e797ecb5921a196,MOL-cacc7d98cf96db49,2020_Townsend,AC-78305ee2e743b795,BLOCK-513383ed86a73488,5,BLOCK-513383ed86a73488
SSCP-2e95325015b53757,MOL-d849776aacb4e659,2024_Faris,AC-e82e3e242d3d320c,BLOCK-c5e520eb3b94ff25,15,BLOCK-c5e520eb3b94ff25
SSCP-2e976a58e64b3ad8,MOL-7a927f364e2a31f4,2013_CHUGAI,AC-42752c0fd5f241ac,BLOCK-5c361cba45039733,7,BLOCK-5c361cba45039733
SSCP-2e9922b6f2787091,MOL-738c4cb79ff437c8,2021_Kelly,AC-5e5c956882423f52,BLOCK-4494eb5738fce47c,3,BLOCK-4494eb5738fce47c
SSCP-2ebcd34794406155,MOL-ccb098a753105c9a,2015_Ahlbach,AC-361bbb197add489f,BLOCK-513383ed86a73488,5,BLOCK-513383ed86a73488
SSCP-2ec31ad791a7c3bf,MOL-9a616e68dc71bcb3,2024_Faris,AC-e82e3e242d3d320c,BLOCK-c5e520eb3b94ff25,15,BLOCK-c5e520eb3b94ff25
SSCP-2ecaac79e4d3caeb,MOL-51f32e2ae44b4f35,2021_Kelly,AC-5e5c956882423f52,BLOCK-4494eb5738fce47c,3,BLOCK-4494eb5738fce47c
SSCP-2ed32d464d39e7f8,MOL-62e3123a2c2ff59b,2016_Furukawa,AC-78305ee2e743b795,BLOCK-513383ed86a73488,5,BLOCK-513383ed86a73488
SSCP-2ed813e3526fa810,MOL-6a3ec7b2f66d57a8,2020_Townsend,AC-78305ee2e743b795,BLOCK-513383ed86a73488,5,BLOCK-513383ed86a73488
SSCP-2eddc9ef7e5ce0f7,MOL-caeb0ee4872bf13a,2020_Townsend,AC-78305ee2e743b795,BLOCK-513383ed86a73488,5,BLOCK-513383ed86a73488
SSCP-2eed17d982412023,MOL-9bbc33176983868d,2020_Townsend,AC-78305ee2e743b795,BLOCK-513383ed86a73488,5,BLOCK-513383ed86a73488
SSCP-2eee045a2395647e,MOL-60b8061048ffade8,2013_CHUGAI,AC-cf95401a5715faa6,BLOCK-5c361cba45039733,7,BLOCK-5c361cba45039733
SSCP-2ef04a348fc93651,MOL-6dec8555db724706,2024_Faris,AC-e82e3e242d3d320c,BLOCK-c5e520eb3b94ff25,15,BLOCK-c5e520eb3b94ff25
SSCP-2ef24368d17ee119,MOL-57a1469f9d727ef5,2021_Kelly,AC-5e5c956882423f52,BLOCK-4494eb5738fce47c,3,BLOCK-4494eb5738fce47c
SSCP-2efa3dc5edc42915,MOL-a64cb816756500ac,2016_Furukawa,AC-78305ee2e743b795,BLOCK-513383ed86a73488,5,BLOCK-513383ed86a73488
SSCP-2f0b477276df94ea,MOL-db5041a4ce08bb35,2013_CHUGAI,AC-cf95401a5715faa6,BLOCK-5c361cba45039733,7,BLOCK-5c361cba45039733
SSCP-2f11073e5c0746be,MOL-8e1fc1764299984e,2020_Townsend,AC-78305ee2e743b795,BLOCK-513383ed86a73488,5,BLOCK-513383ed86a73488
SSCP-2f243fe127ed3cbe,MOL-e07e78bb391a96f0,2020_Townsend,AC-78305ee2e743b795,BLOCK-513383ed86a73488,5,BLOCK-513383ed86a73488
SSCP-2f3130ed4bc1ae73,MOL-e3866c6d8e717443,2020_Townsend,AC-78305ee2e743b795,BLOCK-513383ed86a73488,5,BLOCK-513383ed86a73488
SSCP-2f51ebbc020cb07f,MOL-780c1045c2c51bab,2016_Furukawa,AC-78305ee2e743b795,BLOCK-513383ed86a73488,5,BLOCK-513383ed86a73488
SSCP-2f5d678c5743a120,MOL-81a598dd256993f1,2020_Townsend,AC-78305ee2e743b795,BLOCK-513383ed86a73488,5,BLOCK-513383ed86a73488
SSCP-2f6a8710ebc0e3f8,MOL-800fab74ea15aaf1,2020_Townsend,AC-78305ee2e743b795,BLOCK-513383ed86a73488,5,BLOCK-513383ed86a73488
SSCP-2f6b32872458678d,MOL-cd30a278b4f2f0ce,2021_Kelly,AC-6d3257a2b83e15dc,BLOCK-4494eb5738fce47c,3,BLOCK-4494eb5738fce47c
SSCP-2f9331b5d737a8a1,MOL-8fc1ed2941878126,2013_CHUGAI,AC-cf95401a5715faa6,BLOCK-5c361cba45039733,7,BLOCK-5c361cba45039733
SSCP-2f94435b55541db6,MOL-bda95790d93695fd,2013_CHUGAI,AC-cf95401a5715faa6,BLOCK-5c361cba45039733,7,BLOCK-5c361cba45039733
SSCP-2f9e6af82fc854ba,MOL-d249378700be8d24,2013_CHUGAI,AC-cf95401a5715faa6,BLOCK-5c361cba45039733,7,BLOCK-5c361cba45039733
SSCP-2fa6a6c911f02949,MOL-e443d0ee45f3e458,2020_Townsend,AC-78305ee2e743b795,BLOCK-513383ed86a73488,5,BLOCK-513383ed86a73488
SSCP-2fb474b8823d0971,MOL-54c20173093519ff,2020_Townsend,AC-78305ee2e743b795,BLOCK-513383ed86a73488,5,BLOCK-513383ed86a73488
SSCP-2fbac43748bf9954,MOL-06772060527629bd,2020_Townsend,AC-78305ee2e743b795,BLOCK-513383ed86a73488,5,BLOCK-513383ed86a73488
SSCP-2fc167f23fda48ff,MOL-d72b9aa134a0db4a,2021_Kelly,AC-5e5c956882423f52,BLOCK-4494eb5738fce47c,3,BLOCK-4494eb5738fce47c
SSCP-2fc26d8a2a0f8393,MOL-bfd2f9dec616c5cc,2016_Furukawa,AC-78305ee2e743b795,BLOCK-513383ed86a73488,5,BLOCK-513383ed86a73488
SSCP-2fc636f6c2fc2697,MOL-a9afb5df6de56430,2015_Marelli,AC-584638180348323f,BLOCK-513383ed86a73488,5,BLOCK-513383ed86a73488
SSCP-2fce01eddff61570,MOL-d61f0ade2f7930d4,2021_Kelly,AC-5e5c956882423f52,BLOCK-4494eb5738fce47c,3,BLOCK-4494eb5738fce47c
SSCP-2fd04bb8c974b578,MOL-117fe9b285b89179,2021_Kelly,AC-5e5c956882423f52,BLOCK-4494eb5738fce47c,3,BLOCK-4494eb5738fce47c
SSCP-2fdeac6ede81eb36,MOL-9659db08777b7ffd,2021_Kelly,AC-5e5c956882423f52,BLOCK-4494eb5738fce47c,3,BLOCK-4494eb5738fce47c
SSCP-2fe79b53c3d337e7,MOL-408d53a839514ce3,2016_Frost,AC-78305ee2e743b795,BLOCK-513383ed86a73488,5,BLOCK-513383ed86a73488
SSCP-2fe8ec138feaea56,MOL-3dfcc07ac722f527,2021_Kelly,AC-5e5c956882423f52,BLOCK-4494eb5738fce47c,3,BLOCK-4494eb5738fce47c
SSCP-2ff503cce8ee16f2,MOL-5554538b24dc0771,2016_Furukawa,AC-78305ee2e743b795,BLOCK-513383ed86a73488,5,BLOCK-513383ed86a73488
SSCP-30044ff81fec9f22,MOL-1919cbfe9fae47b2,2020_Townsend,AC-78305ee2e743b795,BLOCK-513383ed86a73488,5,BLOCK-513383ed86a73488
SSCP-3005a16b2fff6a15,MOL-518c88844638ad98,2016_Furukawa,AC-78305ee2e743b795,BLOCK-513383ed86a73488,5,BLOCK-513383ed86a73488
SSCP-300f479b71de78f2,MOL-05c9b77ba2af9148,2013_CHUGAI,AC-cf95401a5715faa6,BLOCK-5c361cba45039733,7,BLOCK-5c361cba45039733
SSCP-3035323b4a813863,MOL-194e3a0c5a104a46,2021_Kelly,AC-5e5c956882423f52,BLOCK-4494eb5738fce47c,3,BLOCK-4494eb5738fce47c
SSCP-30356c34d2508277,MOL-337117da84b16fff,2020_Townsend,AC-78305ee2e743b795,BLOCK-513383ed86a73488,5,BLOCK-513383ed86a73488
SSCP-30493e3468c3322d,MOL-7b6074d900981a14,2021_Kelly,AC-5e5c956882423f52,BLOCK-4494eb5738fce47c,3,BLOCK-4494eb5738fce47c
SSCP-305e14e7fb23bc7a,MOL-86e7ddea3a91bec4,2020_Townsend,AC-78305ee2e743b795,BLOCK-513383ed86a73488,5,BLOCK-513383ed86a73488
SSCP-3060ed9223ffe504,MOL-64159a884d7e0f43,2013_CHUGAI,AC-9915a59ccaa1a737,BLOCK-5c361cba45039733,7,BLOCK-5c361cba45039733
SSCP-306c4f1233a49e7a,MOL-9b60d84a4ceb2817,2020_Townsend,AC-78305ee2e743b795,BLOCK-513383ed86a73488,5,BLOCK-513383ed86a73488
SSCP-3071a3814a07abe7,MOL-918cb7fa125d4375,2021_Kelly,AC-5e5c956882423f52,BLOCK-4494eb5738fce47c,3,BLOCK-4494eb5738fce47c
SSCP-3072bd8330e6a834,MOL-404506cebac7a457,2020_Townsend,AC-78305ee2e743b795,BLOCK-513383ed86a73488,5,BLOCK-513383ed86a73488
SSCP-307a49a088bd1cbb,MOL-f5dba1e6a5a22d63,2020_Townsend,AC-78305ee2e743b795,BLOCK-513383ed86a73488,5,BLOCK-513383ed86a73488
SSCP-30805901f9db2c9e,MOL-dc1e31748d9d306c,2022_Bhardwaj,AC-53fe1fa0ec0b52c0,BLOCK-513383ed86a73488,5,BLOCK-513383ed86a73488
SSCP-3092e81bce4996da,MOL-7f26a38ff17a5251,2021_Kelly,AC-ac7e5d0036401990,BLOCK-4494eb5738fce47c,3,BLOCK-4494eb5738fce47c
SSCP-3093ff773e7b4ec2,MOL-07536460483c3c29,2021_Kelly,AC-5e5c956882423f52,BLOCK-4494eb5738fce47c,3,BLOCK-4494eb5738fce47c
SSCP-3098c05f01f28948,MOL-4cc6dd8d6b8a9c37,2020_Townsend,AC-78305ee2e743b795,BLOCK-513383ed86a73488,5,BLOCK-513383ed86a73488
SSCP-309a371802643ed9,MOL-1c1bba408ce6ec6e,2020_Townsend,AC-78305ee2e743b795,BLOCK-513383ed86a73488,5,BLOCK-513383ed86a73488
SSCP-309dcbde4e007ace,MOL-fea879eec357de6a,2020_Townsend,AC-78305ee2e743b795,BLOCK-513383ed86a73488,5,BLOCK-513383ed86a73488
SSCP-309f03172f99f1ca,MOL-629d86dbfcd39fb4,2013_CHUGAI,AC-9915a59ccaa1a737,BLOCK-5c361cba45039733,7,BLOCK-5c361cba45039733
SSCP-30a3f8e976a8963b,MOL-538e65668b24447b,2013_CHUGAI,AC-83c80bf761211a2e,BLOCK-5c361cba45039733,7,BLOCK-5c361cba45039733
SSCP-30a731c17efbcac0,MOL-fc3145a9ade4fc6e,2021_Comeau,AC-b74b4d5565722d16,BLOCK-bb4bcb852b735057,12,BLOCK-bb4bcb852b735057
SSCP-30b08524d94c9200,MOL-e197537a74f1d90b,2020_Townsend,AC-78305ee2e743b795,BLOCK-513383ed86a73488,5,BLOCK-513383ed86a73488
SSCP-30b7bedd44280221,MOL-15d6dd3fecae2b58,2020_Townsend,AC-78305ee2e743b795,BLOCK-513383ed86a73488,5,BLOCK-513383ed86a73488
SSCP-30cefd36c7be7d5b,MOL-c4bf78659e44a3f3,2020_Townsend,AC-78305ee2e743b795,BLOCK-513383ed86a73488,5,BLOCK-513383ed86a73488
SSCP-30d087696e1475e3,MOL-b8176b01bd0a8e20,2016_Furukawa,AC-78305ee2e743b795,BLOCK-513383ed86a73488,5,BLOCK-513383ed86a73488
SSCP-30d20286fb861f3d,MOL-a8b4d2906ad8774f,2021_Kelly,AC-5e5c956882423f52,BLOCK-4494eb5738fce47c,3,BLOCK-4494eb5738fce47c
SSCP-30d4a7bc1468ec81,MOL-d7c49d19be4fd4ac,2020_Townsend,AC-78305ee2e743b795,BLOCK-513383ed86a73488,5,BLOCK-513383ed86a73488
SSCP-30db7fed73624441,MOL-d451c7095ad68077,2020_Townsend,AC-78305ee2e743b795,BLOCK-513383ed86a73488,5,BLOCK-513383ed86a73488
SSCP-30de6b94bae41447,MOL-acb9732696625bce,2013_CHUGAI,AC-cf95401a5715faa6,BLOCK-5c361cba45039733,7,BLOCK-5c361cba45039733
SSCP-30efa7fc5db733f1,MOL-d40e8e93a0df950d,2024_Faris,AC-e82e3e242d3d320c,BLOCK-c5e520eb3b94ff25,15,BLOCK-c5e520eb3b94ff25
SSCP-30fc56db15b0a04e,MOL-09a557ce3b7cf847,2024_Faris,AC-e82e3e242d3d320c,BLOCK-c5e520eb3b94ff25,15,BLOCK-c5e520eb3b94ff25
SSCP-30ffa4e457b61011,MOL-e2c7767810b92b82,2021_Kelly,AC-5e5c956882423f52,BLOCK-4494eb5738fce47c,3,BLOCK-4494eb5738fce47c
SSCP-3114ef2379e35c27,MOL-7787b38e2855b5aa,2021_Kelly,AC-5e5c956882423f52,BLOCK-4494eb5738fce47c,3,BLOCK-4494eb5738fce47c
SSCP-31153c6ceff95b1d,MOL-43142d2fdbc0af81,2020_Townsend,AC-78305ee2e743b795,BLOCK-513383ed86a73488,5,BLOCK-513383ed86a73488
SSCP-31171d7e8771795f,MOL-c621f93096b5e770,2021_Kelly,AC-5e5c956882423f52,BLOCK-4494eb5738fce47c,3,BLOCK-4494eb5738fce47c
SSCP-311cf6d1a79262a8,MOL-97787532155f7787,2020_Townsend,AC-78305ee2e743b795,BLOCK-513383ed86a73488,5,BLOCK-513383ed86a73488
SSCP-313799747320c4f1,MOL-d643ac67b9e76e68,2021_Kelly,AC-5e5c956882423f52,BLOCK-4494eb5738fce47c,3,BLOCK-4494eb5738fce47c
SSCP-313cc04ac514c57b,MOL-8eefb0950982792a,2020_Townsend,AC-78305ee2e743b795,BLOCK-513383ed86a73488,5,BLOCK-513383ed86a73488
SSCP-3141257912531634,MOL-308474e67e4e9981,2020_Townsend,AC-78305ee2e743b795,BLOCK-513383ed86a73488,5,BLOCK-513383ed86a73488
SSCP-314e96f4027d3aa4,MOL-5b5c41cf14b09957,2020_Townsend,AC-78305ee2e743b795,BLOCK-513383ed86a73488,5,BLOCK-513383ed86a73488
SSCP-3150256f605e5454,MOL-abbabf430709215c,2020_Townsend,AC-78305ee2e743b795,BLOCK-513383ed86a73488,5,BLOCK-513383ed86a73488
SSCP-31572266b29efd4d,MOL-d5b60f48ace8b0ab,2013_CHUGAI,AC-cf95401a5715faa6,BLOCK-5c361cba45039733,7,BLOCK-5c361cba45039733
SSCP-315d4cb71a078170,MOL-3b348907a1218561,2021_Kelly,AC-5e5c956882423f52,BLOCK-4494eb5738fce47c,3,BLOCK-4494eb5738fce47c
SSCP-315d69aba674efd0,MOL-e84c8404ae6feac6,2013_CHUGAI,AC-cf95401a5715faa6,BLOCK-5c361cba45039733,7,BLOCK-5c361cba45039733
SSCP-315dcce793efdce8,MOL-9afbc38401ba5d86,2022_Bhardwaj,AC-d1d12145267c32fb,BLOCK-513383ed86a73488,5,BLOCK-513383ed86a73488
SSCP-31727ff7bb87324a,MOL-ddb19e4d05cf276c,2020_Townsend,AC-78305ee2e743b795,BLOCK-513383ed86a73488,5,BLOCK-513383ed86a73488
SSCP-3176e61b89ee1b91,MOL-32bad75e5b2d4e16,2020_Townsend,AC-78305ee2e743b795,BLOCK-513383ed86a73488,5,BLOCK-513383ed86a73488
SSCP-318340086c52f697,MOL-eae3638252466987,2016_Furukawa,AC-78305ee2e743b795,BLOCK-513383ed86a73488,5,BLOCK-513383ed86a73488
SSCP-3184c870eeae19f9,MOL-7c5e81c60bc385ec,2013_CHUGAI,AC-cf95401a5715faa6,BLOCK-5c361cba45039733,7,BLOCK-5c361cba45039733
SSCP-318fdd7163c8d266,MOL-bffa2757fca722ad,2020_Townsend,AC-78305ee2e743b795,BLOCK-513383ed86a73488,5,BLOCK-513383ed86a73488
SSCP-319264c11b74938e,MOL-5762a21b03c5192b,2020_Townsend,AC-78305ee2e743b795,BLOCK-513383ed86a73488,5,BLOCK-513383ed86a73488
SSCP-31a50334db116b8c,MOL-af56c04c9b994719,2020_Townsend,AC-78305ee2e743b795,BLOCK-513383ed86a73488,5,BLOCK-513383ed86a73488
SSCP-31d624f6c741cebf,MOL-9595e242aafeba34,2013_CHUGAI,AC-cf95401a5715faa6,BLOCK-5c361cba45039733,7,BLOCK-5c361cba45039733
SSCP-31ddc31bafcacc86,MOL-f72e6d2e9b354da0,2020_Townsend,AC-78305ee2e743b795,BLOCK-513383ed86a73488,5,BLOCK-513383ed86a73488
SSCP-31ef99f32e580589,MOL-e2361889c02c4408,2021_Kelly,AC-5e5c956882423f52,BLOCK-4494eb5738fce47c,3,BLOCK-4494eb5738fce47c
SSCP-31fbdd543aa58085,MOL-17ce259f21c57378,2020_Townsend,AC-78305ee2e743b795,BLOCK-513383ed86a73488,5,BLOCK-513383ed86a73488
SSCP-320825a626918ec6,MOL-a3ef6911efa88ab3,2021_Kelly,AC-5e5c956882423f52,BLOCK-4494eb5738fce47c,3,BLOCK-4494eb5738fce47c
SSCP-32105c3f12f92f5b,MOL-5a4a98bb98490426,2020_Townsend,AC-78305ee2e743b795,BLOCK-513383ed86a73488,5,BLOCK-513383ed86a73488
SSCP-3227601bcd2d5bdf,MOL-74b2f985216b8042,2020_Townsend,AC-78305ee2e743b795,BLOCK-513383ed86a73488,5,BLOCK-513383ed86a73488
SSCP-32279e7ab3afeab0,MOL-56548eff463d6923,2024_Ly,AC-b74b4d5565722d16,BLOCK-bb4bcb852b735057,12,BLOCK-bb4bcb852b735057
SSCP-32359cba8fc72bd3,MOL-246e72b34c69ad36,2020_Townsend,AC-78305ee2e743b795,BLOCK-513383ed86a73488,5,BLOCK-513383ed86a73488
SSCP-32394366e2a6d91c,MOL-c2df973a118fc66e,2020_Townsend,AC-78305ee2e743b795,BLOCK-513383ed86a73488,5,BLOCK-513383ed86a73488
SSCP-323ab0bc177d428c,MOL-0e00e280af9ef951,2016_Furukawa,AC-78305ee2e743b795,BLOCK-513383ed86a73488,5,BLOCK-513383ed86a73488
SSCP-323af9dead527660,MOL-0162ffc0b1f6ebce,2020_Townsend,AC-78305ee2e743b795,BLOCK-513383ed86a73488,5,BLOCK-513383ed86a73488
SSCP-3248ede9d6acf27c,MOL-d896e16b4f77daa2,2020_Townsend,AC-78305ee2e743b795,BLOCK-513383ed86a73488,5,BLOCK-513383ed86a73488
SSCP-3251142837fa495c,MOL-1f9207f1415c270f,2021_Kelly,AC-5e5c956882423f52,BLOCK-4494eb5738fce47c,3,BLOCK-4494eb5738fce47c
SSCP-32513796a0e0ef86,MOL-0e2a6f600e34761f,2021_Kelly,AC-5e5c956882423f52,BLOCK-4494eb5738fce47c,3,BLOCK-4494eb5738fce47c
SSCP-326bf32a8abd9221,MOL-928f75815977e346,2021_Kelly,AC-5e5c956882423f52,BLOCK-4494eb5738fce47c,3,BLOCK-4494eb5738fce47c
SSCP-3270aaeb9758c04c,MOL-8fd9e91def3e6133,2020_Townsend,AC-78305ee2e743b795,BLOCK-513383ed86a73488,5,BLOCK-513383ed86a73488
SSCP-32759f359a99fe16,MOL-593793af2be078ff,2015_Nielsen,AC-78305ee2e743b795,BLOCK-513383ed86a73488,5,BLOCK-513383ed86a73488
SSCP-3279b17f57599dcd,MOL-c67a66141c6b9db3,2021_Kelly,AC-5e5c956882423f52,BLOCK-4494eb5738fce47c,3,BLOCK-4494eb5738fce47c
SSCP-32954b4029e562ec,MOL-0960caa75d1fc0fc,2021_Kelly,AC-5e5c956882423f52,BLOCK-4494eb5738fce47c,3,BLOCK-4494eb5738fce47c
SSCP-329b71999461e9ea,MOL-eeb1181fc1621d5e,2021_Kelly,AC-5e5c956882423f52,BLOCK-4494eb5738fce47c,3,BLOCK-4494eb5738fce47c
SSCP-32a0e050e82855b7,MOL-8ff5e0c31dbe5a8c,2021_Kelly,AC-5e5c956882423f52,BLOCK-4494eb5738fce47c,3,BLOCK-4494eb5738fce47c
SSCP-32a8e7a08c0915d7,MOL-88bbc6ffe17c89fd,2020_Townsend,AC-78305ee2e743b795,BLOCK-513383ed86a73488,5,BLOCK-513383ed86a73488
SSCP-32adfebda70c5e4e,MOL-8c88d04b7010588a,2021_Kelly,AC-5e5c956882423f52,BLOCK-4494eb5738fce47c,3,BLOCK-4494eb5738fce47c
SSCP-32b646c9134ebf31,MOL-86ddb61bd152e54c,2016_Furukawa,AC-78305ee2e743b795,BLOCK-513383ed86a73488,5,BLOCK-513383ed86a73488
SSCP-32d63313092b1c7d,MOL-6faa8f642226cdf9,2013_CHUGAI,AC-cf95401a5715faa6,BLOCK-5c361cba45039733,7,BLOCK-5c361cba45039733
SSCP-32def98ea56db6ac,MOL-de8b4be990f1f89f,2020_Townsend,AC-78305ee2e743b795,BLOCK-513383ed86a73488,5,BLOCK-513383ed86a73488
SSCP-32e690aee0bec6bf,MOL-dc6e323ed3a805c8,2020_Townsend,AC-78305ee2e743b795,BLOCK-513383ed86a73488,5,BLOCK-513383ed86a73488
SSCP-32edf34771c9b7da,MOL-e93444f04d9473b5,2020_Townsend,AC-78305ee2e743b795,BLOCK-513383ed86a73488,5,BLOCK-513383ed86a73488
SSCP-32ffd5843469ad68,MOL-eeb9602f6d00d2a4,2022_Lee,AC-4cbd321fd3e6c472,BLOCK-513383ed86a73488,5,BLOCK-513383ed86a73488
SSCP-33010e1584633619,MOL-58eceb3f52937c56,2016_Furukawa,AC-78305ee2e743b795,BLOCK-513383ed86a73488,5,BLOCK-513383ed86a73488
SSCP-330cc3b6c555ccba,MOL-50491be1f4cee12c,2021_Kelly,AC-5e5c956882423f52,BLOCK-4494eb5738fce47c,3,BLOCK-4494eb5738fce47c
SSCP-330cf5c2e70abe25,MOL-ad54fd617f3d165b,2024_Koch,AC-e82e3e242d3d320c,BLOCK-c5e520eb3b94ff25,15,BLOCK-c5e520eb3b94ff25
SSCP-3318291c625f454b,MOL-ccbd29d9b373ad32,2020_Hosono,AC-78305ee2e743b795,BLOCK-513383ed86a73488,5,BLOCK-513383ed86a73488
SSCP-332379c9d0cffb10,MOL-cc124294d785eb0e,2013_CHUGAI,AC-e4519f70ac39dcdb,BLOCK-5c361cba45039733,7,BLOCK-5c361cba45039733
SSCP-332fc94e4074a6f4,MOL-e80f1ab011adb961,2020_Townsend,AC-78305ee2e743b795,BLOCK-513383ed86a73488,5,BLOCK-513383ed86a73488
SSCP-334fb0befd27201b,MOL-8a5575288784791a,2020_Townsend,AC-78305ee2e743b795,BLOCK-513383ed86a73488,5,BLOCK-513383ed86a73488
SSCP-3356d2d6629f9231,MOL-8229f9074bb002ff,2020_Townsend,AC-78305ee2e743b795,BLOCK-513383ed86a73488,5,BLOCK-513383ed86a73488
SSCP-335fdb1cb362d49c,MOL-cc0ed4ec6f813cf2,2013_CHUGAI,AC-cf95401a5715faa6,BLOCK-5c361cba45039733,7,BLOCK-5c361cba45039733
SSCP-336416c5fd9ad770,MOL-c242285e1f639574,2021_Kelly,AC-5e5c956882423f52,BLOCK-4494eb5738fce47c,3,BLOCK-4494eb5738fce47c
SSCP-33653fc617042f52,MOL-f006b626f4c9c296,2020_Townsend,AC-78305ee2e743b795,BLOCK-513383ed86a73488,5,BLOCK-513383ed86a73488
SSCP-33853c203497b963,MOL-5b93330ad897c093,2013_CHUGAI,AC-9915a59ccaa1a737,BLOCK-5c361cba45039733,7,BLOCK-5c361cba45039733
SSCP-3387adb5793a7cd6,MOL-475a68758c5608a4,2020_Townsend,AC-78305ee2e743b795,BLOCK-513383ed86a73488,5,BLOCK-513383ed86a73488
SSCP-33924fece89d0aa7,MOL-ade3182327da7953,2021_Kelly,AC-6d3257a2b83e15dc,BLOCK-4494eb5738fce47c,3,BLOCK-4494eb5738fce47c
SSCP-3393e1adb9b73e18,MOL-71336a1b174c8f95,2021_Kelly,AC-5e5c956882423f52,BLOCK-4494eb5738fce47c,3,BLOCK-4494eb5738fce47c
SSCP-339693bf35df21b8,MOL-2a1f78eb21af3cb7,2016_Furukawa,AC-78305ee2e743b795,BLOCK-513383ed86a73488,5,BLOCK-513383ed86a73488
SSCP-339f1a2d960ca492,MOL-2a6da5225776c4c5,2021_Kelly,AC-5e5c956882423f52,BLOCK-4494eb5738fce47c,3,BLOCK-4494eb5738fce47c
SSCP-33a52bcfeef158d7,MOL-93eb79748b020bf0,2020_Townsend,AC-78305ee2e743b795,BLOCK-513383ed86a73488,5,BLOCK-513383ed86a73488
SSCP-33a7b5ed7b62348d,MOL-b68bc4b9ab168050,2013_CHUGAI,AC-cf95401a5715faa6,BLOCK-5c361cba45039733,7,BLOCK-5c361cba45039733
SSCP-33d07a39c48fc575,MOL-abd476ce9bc9ba02,2020_Townsend,AC-78305ee2e743b795,BLOCK-513383ed86a73488,5,BLOCK-513383ed86a73488
SSCP-33db7371ea7af200,MOL-7ec94f1af8fdf078,2021_Kelly,AC-5e5c956882423f52,BLOCK-4494eb5738fce47c,3,BLOCK-4494eb5738fce47c
SSCP-33e641c74b60ef23,MOL-88ccf485e66ed894,2021_Kelly,AC-ac7e5d0036401990,BLOCK-4494eb5738fce47c,3,BLOCK-4494eb5738fce47c
SSCP-33f50a94570b2c0e,MOL-38f30c6667f72478,2020_Townsend,AC-78305ee2e743b795,BLOCK-513383ed86a73488,5,BLOCK-513383ed86a73488
SSCP-33f7e68cf8ae94fb,MOL-6bcea21fa1a1ad94,2020_Townsend,AC-78305ee2e743b795,BLOCK-513383ed86a73488,5,BLOCK-513383ed86a73488
SSCP-33fff1a96f0034a2,MOL-56800de38116f93e,2020_Townsend,AC-78305ee2e743b795,BLOCK-513383ed86a73488,5,BLOCK-513383ed86a73488
SSCP-341228b4d5eee3b0,MOL-c1d0f96e434e7fc9,2013_CHUGAI,AC-69f835cc9a943ee4,BLOCK-5c361cba45039733,7,BLOCK-5c361cba45039733
SSCP-3421bc36ef6579d1,MOL-c790e167cd150ae0,2020_Townsend,AC-78305ee2e743b795,BLOCK-513383ed86a73488,5,BLOCK-513383ed86a73488
SSCP-34296176fe1a5e40,MOL-3c6aae48009eb0cb,2020_Townsend,AC-78305ee2e743b795,BLOCK-513383ed86a73488,5,BLOCK-513383ed86a73488
SSCP-343dbb167eb379c4,MOL-6ac74935af4b158e,2020_Townsend,AC-78305ee2e743b795,BLOCK-513383ed86a73488,5,BLOCK-513383ed86a73488
SSCP-344422c139d8de6a,MOL-fe698623511226ac,2018_Naylor,AC-78305ee2e743b795,BLOCK-513383ed86a73488,5,BLOCK-513383ed86a73488
SSCP-34454abe4c8fcba7,MOL-f83c994232941cec,2021_Kelly,AC-5e5c956882423f52,BLOCK-4494eb5738fce47c,3,BLOCK-4494eb5738fce47c
SSCP-34549e8b13e3190c,MOL-6337fc0b981639a7,2020_Townsend,AC-78305ee2e743b795,BLOCK-513383ed86a73488,5,BLOCK-513383ed86a73488
SSCP-3469323e553ca003,MOL-de9eef97c4578606,2024_Koch,AC-e82e3e242d3d320c,BLOCK-c5e520eb3b94ff25,15,BLOCK-c5e520eb3b94ff25
SSCP-34722d9375a3d563,MOL-1b2fabe3570f3130,2020_Townsend,AC-78305ee2e743b795,BLOCK-513383ed86a73488,5,BLOCK-513383ed86a73488
SSCP-3477c01cae02de88,MOL-0df67f743027cd76,2021_Kelly,AC-5e5c956882423f52,BLOCK-4494eb5738fce47c,3,BLOCK-4494eb5738fce47c
SSCP-3480d91822876b55,MOL-7acc920df48bcdb4,2013_CHUGAI,AC-cf95401a5715faa6,BLOCK-5c361cba45039733,7,BLOCK-5c361cba45039733
SSCP-348a376bba29d90b,MOL-be3034a86add85d2,2021_Kelly,AC-5e5c956882423f52,BLOCK-4494eb5738fce47c,3,BLOCK-4494eb5738fce47c
SSCP-349336763a53cea4,MOL-9e06ff24ae32f13f,2016_Furukawa,AC-78305ee2e743b795,BLOCK-513383ed86a73488,5,BLOCK-513383ed86a73488
SSCP-3496f42819c3f193,MOL-8f2662cd5e4a3323,2013_CHUGAI,AC-9915a59ccaa1a737,BLOCK-5c361cba45039733,7,BLOCK-5c361cba45039733
SSCP-34a3febcdd025b0e,MOL-e830d2f1973280e1,2020_Townsend,AC-78305ee2e743b795,BLOCK-513383ed86a73488,5,BLOCK-513383ed86a73488
SSCP-34b316d330e21121,MOL-139d760acbfe4e81,2021_Kelly,AC-ac7e5d0036401990,BLOCK-4494eb5738fce47c,3,BLOCK-4494eb5738fce47c
SSCP-34ca76812050920a,MOL-a2dd24f238ca5d05,2021_Kelly,AC-5e5c956882423f52,BLOCK-4494eb5738fce47c,3,BLOCK-4494eb5738fce47c
SSCP-34ded1e2a4da452a,MOL-608b5e4402d4804e,2021_Kelly,AC-5e5c956882423f52,BLOCK-4494eb5738fce47c,3,BLOCK-4494eb5738fce47c
SSCP-3506f28f9132707a,MOL-0f133c07f9570207,2020_Townsend,AC-78305ee2e743b795,BLOCK-513383ed86a73488,5,BLOCK-513383ed86a73488
SSCP-350a865b93e8f280,MOL-33f4ea791d11c4dd,2020_Townsend,AC-78305ee2e743b795,BLOCK-513383ed86a73488,5,BLOCK-513383ed86a73488
SSCP-351631b9d04079bd,MOL-27cadc306480612d,2013_CHUGAI,AC-cf95401a5715faa6,BLOCK-5c361cba45039733,7,BLOCK-5c361cba45039733
SSCP-3518b6ea282e2b7b,MOL-5f3b41f46c8c3fb2,2020_Townsend,AC-78305ee2e743b795,BLOCK-513383ed86a73488,5,BLOCK-513383ed86a73488
SSCP-351e03709f81e20e,MOL-19659784de4a6129,2016_Furukawa,AC-78305ee2e743b795,BLOCK-513383ed86a73488,5,BLOCK-513383ed86a73488
SSCP-3529e8057f4e46ef,MOL-d679f623d6b84ef0,2021_Kelly,AC-5e5c956882423f52,BLOCK-4494eb5738fce47c,3,BLOCK-4494eb5738fce47c
SSCP-352c1f29289b0e81,MOL-183a3c53c9d99948,2020_Townsend,AC-78305ee2e743b795,BLOCK-513383ed86a73488,5,BLOCK-513383ed86a73488
SSCP-352e7fc54028dce6,MOL-199d454c5f059d25,2024_Faris,AC-e82e3e242d3d320c,BLOCK-c5e520eb3b94ff25,15,BLOCK-c5e520eb3b94ff25
SSCP-352fcc4a7d2d3506,MOL-2220f7d3633e6a83,2020_Townsend,AC-78305ee2e743b795,BLOCK-513383ed86a73488,5,BLOCK-513383ed86a73488
SSCP-35303fd1ccea70c9,MOL-b71e54789e9124aa,2020_Townsend,AC-78305ee2e743b795,BLOCK-513383ed86a73488,5,BLOCK-513383ed86a73488
SSCP-35395aede274b1f1,MOL-8f62bc2b6b9c6837,2020_Townsend,AC-78305ee2e743b795,BLOCK-513383ed86a73488,5,BLOCK-513383ed86a73488
SSCP-3553ae7481a13a85,MOL-a3bc6015e2cdc669,2020_Townsend,AC-78305ee2e743b795,BLOCK-513383ed86a73488,5,BLOCK-513383ed86a73488
SSCP-3590a9695aaf425a,MOL-f0222ad1d23c8ed6,2020_Townsend,AC-78305ee2e743b795,BLOCK-513383ed86a73488,5,BLOCK-513383ed86a73488
SSCP-35acb237f48ccb13,MOL-d18904f3d8a5ba21,2016_Furukawa,AC-78305ee2e743b795,BLOCK-513383ed86a73488,5,BLOCK-513383ed86a73488
SSCP-35adf34f23d0e193,MOL-1aede6009a00998d,2020_Townsend,AC-78305ee2e743b795,BLOCK-513383ed86a73488,5,BLOCK-513383ed86a73488
SSCP-35baac097d995dec,MOL-09a1d41e9815aabb,2013_CHUGAI,AC-cf95401a5715faa6,BLOCK-5c361cba45039733,7,BLOCK-5c361cba45039733
SSCP-35d2ad51a0be1032,MOL-33732fed7da10b4f,2020_Townsend,AC-78305ee2e743b795,BLOCK-513383ed86a73488,5,BLOCK-513383ed86a73488
SSCP-35d8fba277a88d28,MOL-610fcf7243fba0f7,2021_Kelly,AC-ac7e5d0036401990,BLOCK-4494eb5738fce47c,3,BLOCK-4494eb5738fce47c
SSCP-35dc08f82e7b1bee,MOL-09af28cabd3a6062,2016_Furukawa,AC-78305ee2e743b795,BLOCK-513383ed86a73488,5,BLOCK-513383ed86a73488
SSCP-35e3bd76cdd80004,MOL-fd96c14fd991b4d6,2020_Townsend,AC-78305ee2e743b795,BLOCK-513383ed86a73488,5,BLOCK-513383ed86a73488
SSCP-35f1517c4f1f069b,MOL-3fa307ad80c929fb,2021_Kelly,AC-5e5c956882423f52,BLOCK-4494eb5738fce47c,3,BLOCK-4494eb5738fce47c
SSCP-35f532906c9a027b,MOL-a7c06940c3417f05,2024_Faris,AC-e82e3e242d3d320c,BLOCK-c5e520eb3b94ff25,15,BLOCK-c5e520eb3b94ff25
SSCP-35fecc5040916b5a,MOL-be622280692d0460,2020_Townsend,AC-78305ee2e743b795,BLOCK-513383ed86a73488,5,BLOCK-513383ed86a73488
SSCP-36018f8735cc907f,MOL-89a46a6a69af8bbd,2021_Kelly,AC-5e5c956882423f52,BLOCK-4494eb5738fce47c,3,BLOCK-4494eb5738fce47c
SSCP-360588c600173902,MOL-a7fdf7bf3cc6862b,2021_Kelly,AC-5e5c956882423f52,BLOCK-4494eb5738fce47c,3,BLOCK-4494eb5738fce47c
SSCP-3609fd9df6a9afe1,MOL-3049585ee105abeb,2013_CHUGAI,AC-9915a59ccaa1a737,BLOCK-5c361cba45039733,7,BLOCK-5c361cba45039733
SSCP-362aa1a2cb9291f5,MOL-df14379e48cd79a6,2020_Townsend,AC-78305ee2e743b795,BLOCK-513383ed86a73488,5,BLOCK-513383ed86a73488
SSCP-3632d5dab24eb788,MOL-4141b04cd090a6c9,2021_Kelly,AC-5e5c956882423f52,BLOCK-4494eb5738fce47c,3,BLOCK-4494eb5738fce47c
SSCP-3640e016365d0b4e,MOL-207917f4f9a4db14,2020_Townsend,AC-78305ee2e743b795,BLOCK-513383ed86a73488,5,BLOCK-513383ed86a73488
SSCP-3645fc5e1f6ea090,MOL-3beb479b7e055bfc,2021_Kelly,AC-5e5c956882423f52,BLOCK-4494eb5738fce47c,3,BLOCK-4494eb5738fce47c
SSCP-366e1415b6d38902,MOL-915b50d8b4e2a2fc,2013_CHUGAI,AC-9915a59ccaa1a737,BLOCK-5c361cba45039733,7,BLOCK-5c361cba45039733
SSCP-36768a907949f813,MOL-d5e7827c229c25ff,2020_Townsend,AC-78305ee2e743b795,BLOCK-513383ed86a73488,5,BLOCK-513383ed86a73488
SSCP-368aa099adb6045e,MOL-882c1b08c5bae74c,2022_Bhardwaj,AC-78305ee2e743b795,BLOCK-513383ed86a73488,5,BLOCK-513383ed86a73488
SSCP-369a256163ac5314,MOL-a53fcd5c38c18636,2020_Townsend,AC-78305ee2e743b795,BLOCK-513383ed86a73488,5,BLOCK-513383ed86a73488
SSCP-36b109eb34dd3780,MOL-c5e352799e97f86b,2020_Townsend,AC-78305ee2e743b795,BLOCK-513383ed86a73488,5,BLOCK-513383ed86a73488
SSCP-36b1316c397ccd1c,MOL-5a54bd4345e2bccc,2020_Townsend,AC-78305ee2e743b795,BLOCK-513383ed86a73488,5,BLOCK-513383ed86a73488
SSCP-36b6f9a0f822da5b,MOL-bfa9e9d43c24ad32,2020_Townsend,AC-78305ee2e743b795,BLOCK-513383ed86a73488,5,BLOCK-513383ed86a73488
SSCP-36c39590183b08da,MOL-7e6c1d550529d081,2020_Townsend,AC-78305ee2e743b795,BLOCK-513383ed86a73488,5,BLOCK-513383ed86a73488
SSCP-36c3962d0ee28718,MOL-a1b05076583bc0de,2020_Le Roux,AC-b74b4d5565722d16,BLOCK-bb4bcb852b735057,12,BLOCK-bb4bcb852b735057
SSCP-36c4cdbfb52f9571,MOL-5cd6bca6999b3bae,2020_Townsend,AC-78305ee2e743b795,BLOCK-513383ed86a73488,5,BLOCK-513383ed86a73488
SSCP-36c8488b11924198,MOL-a20c56f18c3a6b1b,2013_CHUGAI,AC-cf95401a5715faa6,BLOCK-5c361cba45039733,7,BLOCK-5c361cba45039733
SSCP-36ca2f4eace66d86,MOL-0b2fb37520e38d8d,2021_Kelly,AC-5e5c956882423f52,BLOCK-4494eb5738fce47c,3,BLOCK-4494eb5738fce47c
SSCP-36e11d73934dde30,MOL-3440734acf0b571e,2013_CHUGAI,AC-72f704f013f40dd7,BLOCK-5c361cba45039733,7,BLOCK-5c361cba45039733
SSCP-36e3558367eca570,MOL-331a8334883d7729,2020_Townsend,AC-78305ee2e743b795,BLOCK-513383ed86a73488,5,BLOCK-513383ed86a73488
SSCP-36f497d1b25aad2d,MOL-740fd298fd4da8f1,2020_Townsend,AC-78305ee2e743b795,BLOCK-513383ed86a73488,5,BLOCK-513383ed86a73488
SSCP-3704f22caef55951,MOL-9943db0d2e227722,2016_Furukawa,AC-78305ee2e743b795,BLOCK-513383ed86a73488,5,BLOCK-513383ed86a73488
SSCP-3705c319711049a6,MOL-974b84b4cbaaf7b5,2020_Townsend,AC-78305ee2e743b795,BLOCK-513383ed86a73488,5,BLOCK-513383ed86a73488
SSCP-371ec3099d78904b,MOL-35557e4a425ac1e3,2021_Comeau,AC-b74b4d5565722d16,BLOCK-bb4bcb852b735057,12,BLOCK-bb4bcb852b735057
SSCP-37240bdcc2b27e86,MOL-39d8562af34ed0ed,2021_Kelly,AC-5e5c956882423f52,BLOCK-4494eb5738fce47c,3,BLOCK-4494eb5738fce47c
SSCP-372f2fedcc2930ff,MOL-407a9e905dc55c74,2013_CHUGAI,AC-cf95401a5715faa6,BLOCK-5c361cba45039733,7,BLOCK-5c361cba45039733
SSCP-373df0aec9492667,MOL-66c9f13d601d8da0,2020_Townsend,AC-78305ee2e743b795,BLOCK-513383ed86a73488,5,BLOCK-513383ed86a73488
SSCP-37470b6733a2bc8c,MOL-7e7e94274f8e34d5,2016_Furukawa,AC-78305ee2e743b795,BLOCK-513383ed86a73488,5,BLOCK-513383ed86a73488
SSCP-374e0e6cbb5e0820,MOL-02bbe9ffcb8dedfc,2013_CHUGAI,AC-46a7f0b10bd84074,BLOCK-5c361cba45039733,7,BLOCK-5c361cba45039733
SSCP-376ab31587a9cd8b,MOL-dd7711cd56fd623a,2020_Townsend,AC-78305ee2e743b795,BLOCK-513383ed86a73488,5,BLOCK-513383ed86a73488
SSCP-3774c5052a317109,MOL-f92772c4ff9d49df,2020_Townsend,AC-78305ee2e743b795,BLOCK-513383ed86a73488,5,BLOCK-513383ed86a73488
SSCP-37778e8d47bc39d4,MOL-3f642fe085f6c785,2020_Townsend,AC-78305ee2e743b795,BLOCK-513383ed86a73488,5,BLOCK-513383ed86a73488
SSCP-377923d47ebf2df1,MOL-6670a7786b57608f,2021_Kelly,AC-5e5c956882423f52,BLOCK-4494eb5738fce47c,3,BLOCK-4494eb5738fce47c
SSCP-3784b8b98a0afcb0,MOL-1c49ead42b0736ec,2016_Furukawa,AC-78305ee2e743b795,BLOCK-513383ed86a73488,5,BLOCK-513383ed86a73488
SSCP-3795632927db465e,MOL-658a385cae3749ca,2022_Taechalertpaisarn,AC-78305ee2e743b795,BLOCK-513383ed86a73488,5,BLOCK-513383ed86a73488
SSCP-37a23ea3bf1a457d,MOL-d71dd2c5466a4702,2016_Furukawa,AC-78305ee2e743b795,BLOCK-513383ed86a73488,5,BLOCK-513383ed86a73488
SSCP-37af6ad4b659ab09,MOL-049be43b70b0f155,2016_Furukawa,AC-78305ee2e743b795,BLOCK-513383ed86a73488,5,BLOCK-513383ed86a73488
SSCP-37b049cecc9b4de5,MOL-b50659808bab650c,2013_CHUGAI,AC-8e6aace5678e5b56,BLOCK-5c361cba45039733,7,BLOCK-5c361cba45039733
SSCP-37b1718bb8f750f6,MOL-ee5ec7197934c514,2020_Townsend,AC-78305ee2e743b795,BLOCK-513383ed86a73488,5,BLOCK-513383ed86a73488
SSCP-37e25334288a6f48,MOL-4366f0fd771f4a4c,2020_Townsend,AC-78305ee2e743b795,BLOCK-513383ed86a73488,5,BLOCK-513383ed86a73488
SSCP-37ed0dd70944751f,MOL-9dab3dae78bf7657,2016_Furukawa,AC-78305ee2e743b795,BLOCK-513383ed86a73488,5,BLOCK-513383ed86a73488
SSCP-37ed86231a3de020,MOL-f6d6b85505003199,2021_Kelly,AC-5e5c956882423f52,BLOCK-4494eb5738fce47c,3,BLOCK-4494eb5738fce47c
SSCP-37eef880bf9e20ef,MOL-9c9ebd2ec941fef6,2020_Townsend,AC-78305ee2e743b795,BLOCK-513383ed86a73488,5,BLOCK-513383ed86a73488
SSCP-37f0ef1b6e7488fc,MOL-adab9f5f5816e659,2020_Townsend,AC-78305ee2e743b795,BLOCK-513383ed86a73488,5,BLOCK-513383ed86a73488
SSCP-37fd5e87db6293fc,MOL-d114305765c3bc55,2020_Townsend,AC-78305ee2e743b795,BLOCK-513383ed86a73488,5,BLOCK-513383ed86a73488
SSCP-3810997e7cd1ea7e,MOL-bd958a0ee820b7af,2020_Barlow,AC-741ab05286c210ec,BLOCK-8dbd1f0100199b32,10,BLOCK-8dbd1f0100199b32
SSCP-384e45b074dd9512,MOL-49a35fcef22ebad1,2020_Townsend,AC-78305ee2e743b795,BLOCK-513383ed86a73488,5,BLOCK-513383ed86a73488
SSCP-386048b128283a86,MOL-23ceca3b773a8dea,2017_Pye,AC-9fabc791bd5e32a1,BLOCK-2c0090ee1dd5b17e,1,BLOCK-2c0090ee1dd5b17e
SSCP-386b2439d354c1fd,MOL-55705e6f91558052,2020_Townsend,AC-78305ee2e743b795,BLOCK-513383ed86a73488,5,BLOCK-513383ed86a73488
SSCP-386f108ce2dd4cb8,MOL-4260a36b1c407b4d,2016_Furukawa,AC-78305ee2e743b795,BLOCK-513383ed86a73488,5,BLOCK-513383ed86a73488
SSCP-3874367417008673,MOL-adec12c535fb9e62,2020_Furukawa,AC-114e657b947b31ec,BLOCK-5f91132e1b252609,9,BLOCK-5f91132e1b252609
SSCP-3887400db64ece22,MOL-692c2c59dec578b3,2020_Townsend,AC-78305ee2e743b795,BLOCK-513383ed86a73488,5,BLOCK-513383ed86a73488
SSCP-388a2b3c6e10eae9,MOL-869ea29e125bcf60,2022_Bhardwaj,AC-1577e0974ba37caa,BLOCK-513383ed86a73488,5,BLOCK-513383ed86a73488
SSCP-388d5b0879594714,MOL-8033331e9cd1770d,2021_Kelly,AC-5e5c956882423f52,BLOCK-4494eb5738fce47c,3,BLOCK-4494eb5738fce47c
SSCP-38a659e4123906bc,MOL-8ac343caedb94b4d,2020_Townsend,AC-78305ee2e743b795,BLOCK-513383ed86a73488,5,BLOCK-513383ed86a73488
SSCP-38b46a48c7b23fd1,MOL-b413c2c0ee62b783,2021_Kelly,AC-5e5c956882423f52,BLOCK-4494eb5738fce47c,3,BLOCK-4494eb5738fce47c
SSCP-38beb93fa9fc5763,MOL-eeb930ca21f6823f,2020_Townsend,AC-78305ee2e743b795,BLOCK-513383ed86a73488,5,BLOCK-513383ed86a73488
SSCP-38ca4d62396c2879,MOL-8ef954ec8dcb59c4,2020_Townsend,AC-78305ee2e743b795,BLOCK-513383ed86a73488,5,BLOCK-513383ed86a73488
SSCP-38e800b856223d0c,MOL-12127ce7ad37a567,2020_Townsend,AC-78305ee2e743b795,BLOCK-513383ed86a73488,5,BLOCK-513383ed86a73488
SSCP-38f7e0e5f2a31696,MOL-a293ae747031f398,2022_Bhardwaj,AC-3e14dbb624e9d27e,BLOCK-513383ed86a73488,5,BLOCK-513383ed86a73488
SSCP-3903d039b98a156a,MOL-81db986ee14ee049,2013_CHUGAI,AC-cf95401a5715faa6,BLOCK-5c361cba45039733,7,BLOCK-5c361cba45039733
SSCP-392e4473f363ca34,MOL-e4f99a1a43b24a1d,2016_Furukawa,AC-78305ee2e743b795,BLOCK-513383ed86a73488,5,BLOCK-513383ed86a73488
SSCP-3932b683ceb6d11c,MOL-84ad76ec073351e1,2020_Townsend,AC-78305ee2e743b795,BLOCK-513383ed86a73488,5,BLOCK-513383ed86a73488
SSCP-3951b4e9879d0b6f,MOL-d715e827cef7e774,2020_Townsend,AC-78305ee2e743b795,BLOCK-513383ed86a73488,5,BLOCK-513383ed86a73488
SSCP-395757e12ff8627d,MOL-c25319ae2e6bd55e,2021_Comeau,AC-b74b4d5565722d16,BLOCK-bb4bcb852b735057,12,BLOCK-bb4bcb852b735057
SSCP-397f7d16001fc15c,MOL-7469ec788859d100,2020_Townsend,AC-78305ee2e743b795,BLOCK-513383ed86a73488,5,BLOCK-513383ed86a73488
SSCP-399f1432f41dbb90,MOL-b1b4b7187857951e,2022_Taechalertpaisarn,AC-78305ee2e743b795,BLOCK-513383ed86a73488,5,BLOCK-513383ed86a73488
SSCP-39a57b5281b86a53,MOL-8ceb147aa6e2533f,2021_Kelly,AC-5e5c956882423f52,BLOCK-4494eb5738fce47c,3,BLOCK-4494eb5738fce47c
SSCP-39aa837501d16240,MOL-b10dd8e4d4619520,2021_Kelly,AC-5e5c956882423f52,BLOCK-4494eb5738fce47c,3,BLOCK-4494eb5738fce47c
SSCP-39ab892c397d6a19,MOL-e828723912970cfc,2020_Townsend,AC-78305ee2e743b795,BLOCK-513383ed86a73488,5,BLOCK-513383ed86a73488
SSCP-39abad56461551d2,MOL-8ff4b228a5f8469f,2016_Furukawa,AC-78305ee2e743b795,BLOCK-513383ed86a73488,5,BLOCK-513383ed86a73488
SSCP-39afbc6049a8dce6,MOL-bb943057612e678b,2021_Kelly,AC-5e5c956882423f52,BLOCK-4494eb5738fce47c,3,BLOCK-4494eb5738fce47c
SSCP-39b39a92c834e07d,MOL-a43f22fee53929c8,2020_Townsend,AC-78305ee2e743b795,BLOCK-513383ed86a73488,5,BLOCK-513383ed86a73488
SSCP-39c425fa404ab2e2,MOL-8fd70838420239ee,2013_CHUGAI,AC-8d92f1d67fcbf1be,BLOCK-5c361cba45039733,7,BLOCK-5c361cba45039733
SSCP-39d3f78e5be17d3c,MOL-9eac8d99c52d2d95,2021_Kelly,AC-5e5c956882423f52,BLOCK-4494eb5738fce47c,3,BLOCK-4494eb5738fce47c
SSCP-39d7ac754e0bcde1,MOL-098e2ebbf39a6523,2013_CHUGAI,AC-cf95401a5715faa6,BLOCK-5c361cba45039733,7,BLOCK-5c361cba45039733
SSCP-39e13e8223888b10,MOL-0d04229ae0bc0806,2020_Townsend,AC-78305ee2e743b795,BLOCK-513383ed86a73488,5,BLOCK-513383ed86a73488
SSCP-39fd5815cf77fa0c,MOL-0eeb115172f3a964,2020_Townsend,AC-78305ee2e743b795,BLOCK-513383ed86a73488,5,BLOCK-513383ed86a73488
SSCP-3a08e589cb1212af,MOL-e1c72c9f6760b291,2013_CHUGAI,AC-cf95401a5715faa6,BLOCK-5c361cba45039733,7,BLOCK-5c361cba45039733
SSCP-3a093dc24f46978c,MOL-c27c3b053135462e,2013_CHUGAI,AC-cf95401a5715faa6,BLOCK-5c361cba45039733,7,BLOCK-5c361cba45039733
SSCP-3a0c85079301fca0,MOL-aa19c20a8ccda56d,2024_Ly,AC-b74b4d5565722d16,BLOCK-bb4bcb852b735057,12,BLOCK-bb4bcb852b735057
SSCP-3a181cb7036204d1,MOL-6e993f751d85449a,2020_Townsend,AC-78305ee2e743b795,BLOCK-513383ed86a73488,5,BLOCK-513383ed86a73488
SSCP-3a3ce08869dac8a4,MOL-618a127f6dc68735,2021_Kelly,AC-5e5c956882423f52,BLOCK-4494eb5738fce47c,3,BLOCK-4494eb5738fce47c
SSCP-3a453fa32b6952d1,MOL-c5f127083b6d5fb7,2020_Townsend,AC-78305ee2e743b795,BLOCK-513383ed86a73488,5,BLOCK-513383ed86a73488
SSCP-3a5033601261265c,MOL-1cd1ffae0844badb,2020_Townsend,AC-78305ee2e743b795,BLOCK-513383ed86a73488,5,BLOCK-513383ed86a73488
SSCP-3a525afff29cdd29,MOL-22782d855c646681,2021_Kelly,AC-5e5c956882423f52,BLOCK-4494eb5738fce47c,3,BLOCK-4494eb5738fce47c
SSCP-3a5474b2da2c73d0,MOL-8390da4f69b891cb,2020_Townsend,AC-78305ee2e743b795,BLOCK-513383ed86a73488,5,BLOCK-513383ed86a73488
SSCP-3a63ad5fb85c1ad7,MOL-5667a9f224a46a8e,2016_Furukawa,AC-78305ee2e743b795,BLOCK-513383ed86a73488,5,BLOCK-513383ed86a73488
SSCP-3a65a6cb70432122,MOL-4aea694875b3f26e,2013_CHUGAI,AC-555968db9c5ca11a,BLOCK-5c361cba45039733,7,BLOCK-5c361cba45039733
SSCP-3a830b054969073a,MOL-432ba52da1ccf6fd,2020_Townsend,AC-78305ee2e743b795,BLOCK-513383ed86a73488,5,BLOCK-513383ed86a73488
SSCP-3a8a886d49e197c5,MOL-aa9f2a7cec32a49b,2020_Townsend,AC-78305ee2e743b795,BLOCK-513383ed86a73488,5,BLOCK-513383ed86a73488
SSCP-3a8dc9e0bba4105d,MOL-a30aef9fa2ea9afb,2022_Taechalertpaisarn,AC-78305ee2e743b795,BLOCK-513383ed86a73488,5,BLOCK-513383ed86a73488
SSCP-3a93150ab522be30,MOL-9185cc8545a3c131,2020_Townsend,AC-78305ee2e743b795,BLOCK-513383ed86a73488,5,BLOCK-513383ed86a73488
SSCP-3a9743e58ab49cb2,MOL-78afa3910e941440,2020_Townsend,AC-78305ee2e743b795,BLOCK-513383ed86a73488,5,BLOCK-513383ed86a73488
SSCP-3aa558f567373a87,MOL-6d88a6c5e5bf7943,2020_Townsend,AC-78305ee2e743b795,BLOCK-513383ed86a73488,5,BLOCK-513383ed86a73488
SSCP-3aa74178172dce8f,MOL-d7ee9c2db837e528,2021_Kelly,AC-5e5c956882423f52,BLOCK-4494eb5738fce47c,3,BLOCK-4494eb5738fce47c
SSCP-3aaa0b55f9daf4c7,MOL-0782cba885fd26e5,2021_Kelly,AC-6d3257a2b83e15dc,BLOCK-4494eb5738fce47c,3,BLOCK-4494eb5738fce47c
SSCP-3aaa719dbbffa30f,MOL-14cf4adf238bc55a,2013_CHUGAI,AC-cf95401a5715faa6,BLOCK-5c361cba45039733,7,BLOCK-5c361cba45039733
SSCP-3aaeaae989b21914,MOL-a6c215e023db7cd8,2020_Townsend,AC-78305ee2e743b795,BLOCK-513383ed86a73488,5,BLOCK-513383ed86a73488
SSCP-3aafbe8bad99ca53,MOL-5b1852a2beb127fa,2020_Townsend,AC-78305ee2e743b795,BLOCK-513383ed86a73488,5,BLOCK-513383ed86a73488
SSCP-3acd50e3346dad3c,MOL-e854c838c7614c6d,2020_Townsend,AC-78305ee2e743b795,BLOCK-513383ed86a73488,5,BLOCK-513383ed86a73488
SSCP-3ad1723078d06d7c,MOL-0a2315143f9f2db6,2020_Townsend,AC-78305ee2e743b795,BLOCK-513383ed86a73488,5,BLOCK-513383ed86a73488
SSCP-3ad2d4b1f7c16094,MOL-01a0b27fc1c4b0c9,2013_CHUGAI,AC-15a8a092f3be5fca,BLOCK-5c361cba45039733,7,BLOCK-5c361cba45039733
SSCP-3ad3c99c5b300f9c,MOL-a7d5a599fbb971ed,2021_Kelly,AC-5e5c956882423f52,BLOCK-4494eb5738fce47c,3,BLOCK-4494eb5738fce47c
SSCP-3ad3cd5b9a36410c,MOL-cb4673fda77f826d,2020_Townsend,AC-78305ee2e743b795,BLOCK-513383ed86a73488,5,BLOCK-513383ed86a73488
SSCP-3ad527b2d9253252,MOL-ecab66ad5085c68d,2013_CHUGAI,AC-9915a59ccaa1a737,BLOCK-5c361cba45039733,7,BLOCK-5c361cba45039733
SSCP-3ada726763eb0073,MOL-360af4d16836eb1f,2021_Kelly,AC-5e5c956882423f52,BLOCK-4494eb5738fce47c,3,BLOCK-4494eb5738fce47c
SSCP-3adfe346b8f11725,MOL-21b193a9e6ef7e2f,2020_Townsend,AC-78305ee2e743b795,BLOCK-513383ed86a73488,5,BLOCK-513383ed86a73488
SSCP-3ae106fe31b3d46e,MOL-7004b050ea47238d,2013_CHUGAI,AC-cf95401a5715faa6,BLOCK-5c361cba45039733,7,BLOCK-5c361cba45039733
SSCP-3af0008cc9b0e684,MOL-eb85bee81c7601ad,2021_Kelly,AC-5e5c956882423f52,BLOCK-4494eb5738fce47c,3,BLOCK-4494eb5738fce47c
SSCP-3b1b8e80fd98587f,MOL-da048840c7ab0700,2020_Townsend,AC-78305ee2e743b795,BLOCK-513383ed86a73488,5,BLOCK-513383ed86a73488
SSCP-3b2cd1d1482cad9f,MOL-8fac3b03f8cc604b,2021_Kelly,AC-6d3257a2b83e15dc,BLOCK-4494eb5738fce47c,3,BLOCK-4494eb5738fce47c
SSCP-3b32040ea77dbfea,MOL-c7200acdf36eaa39,2021_Golosov,AC-86cc498249bfbe27,BLOCK-394ff80f01cbc968,2,BLOCK-394ff80f01cbc968
SSCP-3b32122825bada60,MOL-1bf7aa8187590c67,2021_Kelly,AC-5e5c956882423f52,BLOCK-4494eb5738fce47c,3,BLOCK-4494eb5738fce47c
SSCP-3b407bd5520420d3,MOL-bd2f95b5ba84800a,2021_Kelly,AC-ac7e5d0036401990,BLOCK-4494eb5738fce47c,3,BLOCK-4494eb5738fce47c
SSCP-3b420bf37bd4f180,MOL-97748868aa2ee39c,2021_Kelly,AC-5e5c956882423f52,BLOCK-4494eb5738fce47c,3,BLOCK-4494eb5738fce47c
SSCP-3b52f7c25615071e,MOL-240f904b0bbd04c6,2020_Townsend,AC-78305ee2e743b795,BLOCK-513383ed86a73488,5,BLOCK-513383ed86a73488
SSCP-3b556f0314eb812c,MOL-a52da8d8967b4c6d,2020_Townsend,AC-78305ee2e743b795,BLOCK-513383ed86a73488,5,BLOCK-513383ed86a73488
SSCP-3b5914f9431c2bdb,MOL-2ba1180a7ee59016,2016_Furukawa,AC-78305ee2e743b795,BLOCK-513383ed86a73488,5,BLOCK-513383ed86a73488
SSCP-3b5d560ee2e0ff27,MOL-4dc7aeba7d0220f6,2013_CHUGAI,AC-cf95401a5715faa6,BLOCK-5c361cba45039733,7,BLOCK-5c361cba45039733
SSCP-3b601706fe596645,MOL-1ccadc57006e7919,2020_Townsend,AC-78305ee2e743b795,BLOCK-513383ed86a73488,5,BLOCK-513383ed86a73488
SSCP-3b6ac516d0eccd8a,MOL-353b032f797de6c0,2021_Kelly,AC-5e5c956882423f52,BLOCK-4494eb5738fce47c,3,BLOCK-4494eb5738fce47c
SSCP-3b6ddeea41acdd11,MOL-4992efbc1d44a4be,2020_Townsend,AC-78305ee2e743b795,BLOCK-513383ed86a73488,5,BLOCK-513383ed86a73488
SSCP-3b7581e51f6c219e,MOL-38fdbe76d031f6a9,2021_Kelly,AC-ac7e5d0036401990,BLOCK-4494eb5738fce47c,3,BLOCK-4494eb5738fce47c
SSCP-3b8e1e8d191857aa,MOL-fe3ab9dc96113fc8,2020_Townsend,AC-78305ee2e743b795,BLOCK-513383ed86a73488,5,BLOCK-513383ed86a73488
SSCP-3b9c8e89274a3d57,MOL-75d485bcec94fd68,2020_Townsend,AC-78305ee2e743b795,BLOCK-513383ed86a73488,5,BLOCK-513383ed86a73488
SSCP-3bad3dfdf87e518c,MOL-99baae33ac7b4572,2020_Townsend,AC-78305ee2e743b795,BLOCK-513383ed86a73488,5,BLOCK-513383ed86a73488
SSCP-3bb56fe49492bffb,MOL-8d667d494881d8da,2013_CHUGAI,AC-cf95401a5715faa6,BLOCK-5c361cba45039733,7,BLOCK-5c361cba45039733
SSCP-3bbde4e097d41786,MOL-2714f01ee192c5c0,2013_CHUGAI,AC-cf95401a5715faa6,BLOCK-5c361cba45039733,7,BLOCK-5c361cba45039733
SSCP-3bbf7b070dc95578,MOL-061afda9d975e495,2021_Kelly,AC-5e5c956882423f52,BLOCK-4494eb5738fce47c,3,BLOCK-4494eb5738fce47c
SSCP-3bc76147afe2e55e,MOL-a00ece06e550066e,2021_Kelly,AC-5e5c956882423f52,BLOCK-4494eb5738fce47c,3,BLOCK-4494eb5738fce47c
SSCP-3bc9e0e7b480a994,MOL-5a0d6ecd752d508c,2021_Kelly,AC-ac7e5d0036401990,BLOCK-4494eb5738fce47c,3,BLOCK-4494eb5738fce47c
SSCP-3bcd645a83312e31,MOL-5303bdd293b8253f,2016_Furukawa,AC-78305ee2e743b795,BLOCK-513383ed86a73488,5,BLOCK-513383ed86a73488
SSCP-3bcd6c661df5c71c,MOL-6604a15bb0364955,2020_Townsend,AC-78305ee2e743b795,BLOCK-513383ed86a73488,5,BLOCK-513383ed86a73488
SSCP-3bd429ee035c8d3a,MOL-a8915584435660a8,2021_Comeau,AC-b74b4d5565722d16,BLOCK-bb4bcb852b735057,12,BLOCK-bb4bcb852b735057
SSCP-3bdc59bd8f8fc7d5,MOL-1b2c656a2df83cab,2021_Kelly,AC-5e5c956882423f52,BLOCK-4494eb5738fce47c,3,BLOCK-4494eb5738fce47c
SSCP-3bea1fcbcbbe7126,MOL-4c615af45d0c0fb6,2020_Townsend,AC-78305ee2e743b795,BLOCK-513383ed86a73488,5,BLOCK-513383ed86a73488
SSCP-3bf0a806a820b7c1,MOL-77e497e5d462598b,2024_Faris,AC-e82e3e242d3d320c,BLOCK-c5e520eb3b94ff25,15,BLOCK-c5e520eb3b94ff25
SSCP-3c033c1c34cec44b,MOL-2003887751573088,2017_Pye,AC-d51aa402a0242ca5,BLOCK-2c0090ee1dd5b17e,1,BLOCK-2c0090ee1dd5b17e
SSCP-3c0bf9e86e3df428,MOL-7584677c4249d271,2020_Townsend,AC-78305ee2e743b795,BLOCK-513383ed86a73488,5,BLOCK-513383ed86a73488
SSCP-3c139f22c51ca9a7,MOL-39489246dde98f29,2020_Townsend,AC-78305ee2e743b795,BLOCK-513383ed86a73488,5,BLOCK-513383ed86a73488
SSCP-3c1a8a65508b0db3,MOL-2faf7a624ab0f574,2024_Otani,AC-11a24b60c76c2ff1,BLOCK-e729b0aa52978c75,17,BLOCK-e729b0aa52978c75
SSCP-3c1c8bb37b53625a,MOL-a0b924f46240aebc,2020_Townsend,AC-78305ee2e743b795,BLOCK-513383ed86a73488,5,BLOCK-513383ed86a73488
SSCP-3c1f22485f894830,MOL-9fa644a03462f07f,2020_Townsend,AC-78305ee2e743b795,BLOCK-513383ed86a73488,5,BLOCK-513383ed86a73488
SSCP-3c23802ed117b87c,MOL-bf4269776267edb1,2021_Kelly,AC-6d3257a2b83e15dc,BLOCK-4494eb5738fce47c,3,BLOCK-4494eb5738fce47c
SSCP-3c2c9199c75ac847,MOL-095dd7ac4adc0cb8,2020_Townsend,AC-78305ee2e743b795,BLOCK-513383ed86a73488,5,BLOCK-513383ed86a73488
SSCP-3c30cce22edcfbd4,MOL-bae25492d345a579,2020_Townsend,AC-78305ee2e743b795,BLOCK-513383ed86a73488,5,BLOCK-513383ed86a73488
SSCP-3c320e777c23e63f,MOL-0b95b6e35394a646,2022_Taechalertpaisarn,AC-78305ee2e743b795,BLOCK-513383ed86a73488,5,BLOCK-513383ed86a73488
SSCP-3c34893cc90898cc,MOL-84f9993781e6612b,2021_Kelly,AC-5e5c956882423f52,BLOCK-4494eb5738fce47c,3,BLOCK-4494eb5738fce47c
SSCP-3c3cb9e0c0dd3cfb,MOL-0af148dfb3b34f76,2016_Furukawa,AC-78305ee2e743b795,BLOCK-513383ed86a73488,5,BLOCK-513383ed86a73488
SSCP-3c3d32ea84d855b7,MOL-ace0cfbd999b83e6,2021_Kelly,AC-5e5c956882423f52,BLOCK-4494eb5738fce47c,3,BLOCK-4494eb5738fce47c
SSCP-3c450a66181f754e,MOL-f6b6cfe9f1117f10,2021_Kelly,AC-5e5c956882423f52,BLOCK-4494eb5738fce47c,3,BLOCK-4494eb5738fce47c
SSCP-3c50a7e9c4066377,MOL-2c88e5b3bfb4f473,2020_Townsend,AC-78305ee2e743b795,BLOCK-513383ed86a73488,5,BLOCK-513383ed86a73488
SSCP-3c5e4401714b9812,MOL-42a2e7f2fe8e9b65,2020_Townsend,AC-78305ee2e743b795,BLOCK-513383ed86a73488,5,BLOCK-513383ed86a73488
SSCP-3c7908e2671e147e,MOL-b56166f475b34e6b,2016_Furukawa,AC-78305ee2e743b795,BLOCK-513383ed86a73488,5,BLOCK-513383ed86a73488
SSCP-3c84f918080be6a1,MOL-6f9636ee5f119921,2020_Townsend,AC-78305ee2e743b795,BLOCK-513383ed86a73488,5,BLOCK-513383ed86a73488
SSCP-3c8bd77abc193be7,MOL-75f2602e24351e81,2020_Townsend,AC-78305ee2e743b795,BLOCK-513383ed86a73488,5,BLOCK-513383ed86a73488
SSCP-3c93b2ae614fed5a,MOL-7a69f0178ecadaab,2020_Townsend,AC-78305ee2e743b795,BLOCK-513383ed86a73488,5,BLOCK-513383ed86a73488
SSCP-3ca419a0f4be920a,MOL-5542aafaf8d84a50,2022_Tamura,AC-fc5f5d4da46a4ca2,BLOCK-bb889e938c0a001a,13,BLOCK-bb889e938c0a001a
SSCP-3cabb3058d3ab869,MOL-64340e7e41e132eb,2017_Pye,AC-d51aa402a0242ca5,BLOCK-2c0090ee1dd5b17e,1,BLOCK-2c0090ee1dd5b17e
SSCP-3cd8da1dc0a7fcde,MOL-d4bf9af8fd0cf6a9,2020_Townsend,AC-78305ee2e743b795,BLOCK-513383ed86a73488,5,BLOCK-513383ed86a73488
SSCP-3cdbace5bb63df6d,MOL-cc3b237b3f18138e,2020_Townsend,AC-78305ee2e743b795,BLOCK-513383ed86a73488,5,BLOCK-513383ed86a73488
SSCP-3ce7d61ec6b0ee11,MOL-b227b01de442aee9,2020_Townsend,AC-78305ee2e743b795,BLOCK-513383ed86a73488,5,BLOCK-513383ed86a73488
SSCP-3cf5a43bbbb989ee,MOL-1acfbccc87452f5f,2020_Townsend,AC-78305ee2e743b795,BLOCK-513383ed86a73488,5,BLOCK-513383ed86a73488
SSCP-3d045d72f46ec2ff,MOL-61d9735785474bcf,2016_Furukawa,AC-78305ee2e743b795,BLOCK-513383ed86a73488,5,BLOCK-513383ed86a73488
SSCP-3d41c31391d3a1e8,MOL-eeee05d44ba13022,2020_Townsend,AC-78305ee2e743b795,BLOCK-513383ed86a73488,5,BLOCK-513383ed86a73488
SSCP-3d47629c5c4ef604,MOL-c6e443cbdbf6dbc6,2016_Furukawa,AC-78305ee2e743b795,BLOCK-513383ed86a73488,5,BLOCK-513383ed86a73488
SSCP-3d47753f9bf632f0,MOL-9789b4b169a48b2c,2020_Hosono,AC-78305ee2e743b795,BLOCK-513383ed86a73488,5,BLOCK-513383ed86a73488
SSCP-3d49673adbbe3baa,MOL-87bfcfe9e903528d,2021_Kelly,AC-5e5c956882423f52,BLOCK-4494eb5738fce47c,3,BLOCK-4494eb5738fce47c
SSCP-3d53661dfe261a9f,MOL-4e14d1b3767f1456,2020_Townsend,AC-78305ee2e743b795,BLOCK-513383ed86a73488,5,BLOCK-513383ed86a73488
SSCP-3d762c9242fc81f0,MOL-5cbbd057f391a52b,2021_Kelly,AC-5e5c956882423f52,BLOCK-4494eb5738fce47c,3,BLOCK-4494eb5738fce47c
SSCP-3d8b49aff88fdf9b,MOL-4f7231fc0e7cb424,2016_Furukawa,AC-78305ee2e743b795,BLOCK-513383ed86a73488,5,BLOCK-513383ed86a73488
SSCP-3d90edbbb1ea9612,MOL-63b168f74868cc9e,2016_Furukawa,AC-78305ee2e743b795,BLOCK-513383ed86a73488,5,BLOCK-513383ed86a73488
SSCP-3d92b2a8d72f5158,MOL-73902fb75418bc37,2021_Kelly,AC-5e5c956882423f52,BLOCK-4494eb5738fce47c,3,BLOCK-4494eb5738fce47c
SSCP-3da02608c2d8c8f2,MOL-35056622bfdc0cd1,2020_Townsend,AC-78305ee2e743b795,BLOCK-513383ed86a73488,5,BLOCK-513383ed86a73488
SSCP-3da26e0e1b31ddbb,MOL-75cbb720188cbfcc,2013_CHUGAI,AC-cf95401a5715faa6,BLOCK-5c361cba45039733,7,BLOCK-5c361cba45039733
SSCP-3dab7aa643556d5f,MOL-a1db6e891180850a,2020_Townsend,AC-78305ee2e743b795,BLOCK-513383ed86a73488,5,BLOCK-513383ed86a73488
SSCP-3ddf6d5f3f9e0bed,MOL-245a5d7a96d66ac5,2021_Kelly,AC-5e5c956882423f52,BLOCK-4494eb5738fce47c,3,BLOCK-4494eb5738fce47c
SSCP-3defbd0f55ac8a16,MOL-eac689730bb25281,2020_Townsend,AC-78305ee2e743b795,BLOCK-513383ed86a73488,5,BLOCK-513383ed86a73488
SSCP-3df7609591ff289c,MOL-ad1599aa0807dd96,2020_Townsend,AC-78305ee2e743b795,BLOCK-513383ed86a73488,5,BLOCK-513383ed86a73488
SSCP-3dfa598267cc5670,MOL-2aebeea1a4580896,2021_Kelly,AC-5e5c956882423f52,BLOCK-4494eb5738fce47c,3,BLOCK-4494eb5738fce47c
SSCP-3e0b1e23db9e84ca,MOL-cb4ba44cb9eb967e,2020_Townsend,AC-78305ee2e743b795,BLOCK-513383ed86a73488,5,BLOCK-513383ed86a73488
SSCP-3e16aafec3e2068d,MOL-379e55471af69831,2020_Townsend,AC-78305ee2e743b795,BLOCK-513383ed86a73488,5,BLOCK-513383ed86a73488
SSCP-3e1bfc2aea1418c4,MOL-7b51898851a88ea4,2020_Townsend,AC-78305ee2e743b795,BLOCK-513383ed86a73488,5,BLOCK-513383ed86a73488
SSCP-3e28875f463a4acc,MOL-43f7a8231136e89f,2016_Furukawa,AC-78305ee2e743b795,BLOCK-513383ed86a73488,5,BLOCK-513383ed86a73488
SSCP-3e343ab0a2e965ca,MOL-e38d4065f19cd4db,2021_Kelly,AC-5e5c956882423f52,BLOCK-4494eb5738fce47c,3,BLOCK-4494eb5738fce47c
SSCP-3e414ded84606bf8,MOL-6ea721129cbda6d3,2020_Furukawa,AC-114e657b947b31ec,BLOCK-5f91132e1b252609,9,BLOCK-5f91132e1b252609
SSCP-3e65dd3aba3cae66,MOL-acec1ead75e605ab,2021_Kelly,AC-5e5c956882423f52,BLOCK-4494eb5738fce47c,3,BLOCK-4494eb5738fce47c
SSCP-3e6928379452ca8b,MOL-f9029634c4a2cec2,2016_Furukawa,AC-78305ee2e743b795,BLOCK-513383ed86a73488,5,BLOCK-513383ed86a73488
SSCP-3e7aa53bdb2cd879,MOL-a61aacf6f2a56dc4,2013_CHUGAI,AC-cf95401a5715faa6,BLOCK-5c361cba45039733,7,BLOCK-5c361cba45039733
SSCP-3e8e0b3090a613bb,MOL-16a4187616c240e4,2020_Townsend,AC-78305ee2e743b795,BLOCK-513383ed86a73488,5,BLOCK-513383ed86a73488
SSCP-3e91900a319c598d,MOL-5fc9ac243d090291,2020_Townsend,AC-78305ee2e743b795,BLOCK-513383ed86a73488,5,BLOCK-513383ed86a73488
SSCP-3e97ed03edf2ec45,MOL-3db34def4e052bce,2021_Kelly,AC-5e5c956882423f52,BLOCK-4494eb5738fce47c,3,BLOCK-4494eb5738fce47c
SSCP-3e99639f52edc458,MOL-3dca0ae78cf871f6,2013_CHUGAI,AC-9d29b642a94ed949,BLOCK-5c361cba45039733,7,BLOCK-5c361cba45039733
SSCP-3e9fdddbb44d4202,MOL-8ac7eed4c358eab9,2021_Kelly,AC-5e5c956882423f52,BLOCK-4494eb5738fce47c,3,BLOCK-4494eb5738fce47c
SSCP-3ea1c8bf2356183c,MOL-bbe3984654ec7800,2013_CHUGAI,AC-cf95401a5715faa6,BLOCK-5c361cba45039733,7,BLOCK-5c361cba45039733
SSCP-3ead74389af1ecaa,MOL-5484f1c56f9d33e6,2020_Townsend,AC-78305ee2e743b795,BLOCK-513383ed86a73488,5,BLOCK-513383ed86a73488
SSCP-3eb736fc5c8cd3b9,MOL-e8890ad1685f47ca,2016_Furukawa,AC-78305ee2e743b795,BLOCK-513383ed86a73488,5,BLOCK-513383ed86a73488
SSCP-3eb7f397bc8e3fea,MOL-223ef7751370d0f3,2020_Townsend,AC-78305ee2e743b795,BLOCK-513383ed86a73488,5,BLOCK-513383ed86a73488
SSCP-3ec2a2923a16b2b2,MOL-a4687647c6b46ea7,2020_Townsend,AC-78305ee2e743b795,BLOCK-513383ed86a73488,5,BLOCK-513383ed86a73488
SSCP-3ed09cbd0c03d88b,MOL-a557d273b8888d13,2020_Townsend,AC-78305ee2e743b795,BLOCK-513383ed86a73488,5,BLOCK-513383ed86a73488
SSCP-3ed55a8496f0e0d2,MOL-2f7f39b5b26567be,2020_Townsend,AC-78305ee2e743b795,BLOCK-513383ed86a73488,5,BLOCK-513383ed86a73488
SSCP-3ed5e43bc17d22c9,MOL-af36e08dae6f9298,2016_Furukawa,AC-78305ee2e743b795,BLOCK-513383ed86a73488,5,BLOCK-513383ed86a73488
SSCP-3edb3e7ba043706f,MOL-128fcfeb101ceef2,2020_Townsend,AC-78305ee2e743b795,BLOCK-513383ed86a73488,5,BLOCK-513383ed86a73488
SSCP-3edbf9f96e35953b,MOL-ec88620aeae9a458,2020_Townsend,AC-78305ee2e743b795,BLOCK-513383ed86a73488,5,BLOCK-513383ed86a73488
SSCP-3ee384005f22208c,MOL-35de544b5ad8d3fe,2024_Faris,AC-e82e3e242d3d320c,BLOCK-c5e520eb3b94ff25,15,BLOCK-c5e520eb3b94ff25
SSCP-3eef56a53b977bcb,MOL-6284929ae8e667f0,2021_Kelly,AC-5e5c956882423f52,BLOCK-4494eb5738fce47c,3,BLOCK-4494eb5738fce47c
SSCP-3f048c533fc7af12,MOL-b2401ceff7589076,2020_Townsend,AC-78305ee2e743b795,BLOCK-513383ed86a73488,5,BLOCK-513383ed86a73488
SSCP-3f05651c7e6a4417,MOL-4eb4914370531d63,2021_Kelly,AC-5e5c956882423f52,BLOCK-4494eb5738fce47c,3,BLOCK-4494eb5738fce47c
SSCP-3f147a3ac0a24674,MOL-f337a57766f9291c,2020_Townsend,AC-78305ee2e743b795,BLOCK-513383ed86a73488,5,BLOCK-513383ed86a73488
SSCP-3f1afa7babd30f80,MOL-6919e10c788ebbe7,2022_Bhardwaj,AC-ade077e19e576824,BLOCK-513383ed86a73488,5,BLOCK-513383ed86a73488
SSCP-3f2554a5fe967d17,MOL-9400efd08da3ca2e,2020_Townsend,AC-78305ee2e743b795,BLOCK-513383ed86a73488,5,BLOCK-513383ed86a73488
SSCP-3f45413e9679bdd6,MOL-64c0c182f019c6ae,2020_Townsend,AC-78305ee2e743b795,BLOCK-513383ed86a73488,5,BLOCK-513383ed86a73488
SSCP-3f59a1b83ce1b16a,MOL-81ff3d9bb9e71a15,2021_Kelly,AC-5e5c956882423f52,BLOCK-4494eb5738fce47c,3,BLOCK-4494eb5738fce47c
SSCP-3f5b4c3a2c7e0ff7,MOL-d56cddef6977a797,2024_Faris,AC-e82e3e242d3d320c,BLOCK-c5e520eb3b94ff25,15,BLOCK-c5e520eb3b94ff25
SSCP-3f64a5eb309880da,MOL-3038f8be904fdc4d,2021_Kelly,AC-5e5c956882423f52,BLOCK-4494eb5738fce47c,3,BLOCK-4494eb5738fce47c
SSCP-3f768071522399ed,MOL-a85b64df6dbce47c,2021_Kelly,AC-5e5c956882423f52,BLOCK-4494eb5738fce47c,3,BLOCK-4494eb5738fce47c
SSCP-3f77f2db433c523e,MOL-49e45e9aa25266ff,2020_Townsend,AC-78305ee2e743b795,BLOCK-513383ed86a73488,5,BLOCK-513383ed86a73488
SSCP-3f7d1bcdb01c25c6,MOL-95bb650c7a72af4d,2020_Townsend,AC-78305ee2e743b795,BLOCK-513383ed86a73488,5,BLOCK-513383ed86a73488
SSCP-3f7eec5435943410,MOL-182328afb7e7260a,2020_Townsend,AC-78305ee2e743b795,BLOCK-513383ed86a73488,5,BLOCK-513383ed86a73488
SSCP-3f83855499c6ef89,MOL-70df2c01be487b9f,2021_Kelly,AC-5e5c956882423f52,BLOCK-4494eb5738fce47c,3,BLOCK-4494eb5738fce47c
SSCP-3f8b7bc0c1c15eec,MOL-ea275bb6946c9ed6,2013_CHUGAI,AC-9915a59ccaa1a737,BLOCK-5c361cba45039733,7,BLOCK-5c361cba45039733
SSCP-3f9b43ace722d719,MOL-686e1fa4190bc1a1,2016_Furukawa,AC-78305ee2e743b795,BLOCK-513383ed86a73488,5,BLOCK-513383ed86a73488
SSCP-3fa77592229bde74,MOL-e790169e178f95fd,2013_CHUGAI,AC-cf95401a5715faa6,BLOCK-5c361cba45039733,7,BLOCK-5c361cba45039733
SSCP-3fa88e59825ae80e,MOL-8c33ea657566ce4e,2016_Furukawa,AC-78305ee2e743b795,BLOCK-513383ed86a73488,5,BLOCK-513383ed86a73488
SSCP-3fca4fb853127765,MOL-b736bd1ec1191208,2013_CHUGAI,AC-9915a59ccaa1a737,BLOCK-5c361cba45039733,7,BLOCK-5c361cba45039733
SSCP-3fcd0d803ad880ad,MOL-8d18c95c0a6a041b,2021_Kelly,AC-5e5c956882423f52,BLOCK-4494eb5738fce47c,3,BLOCK-4494eb5738fce47c
SSCP-3fd71f5e7d10321b,MOL-720a4e2eef8e43b4,2021_Kelly,AC-5e5c956882423f52,BLOCK-4494eb5738fce47c,3,BLOCK-4494eb5738fce47c
SSCP-3fe73c2d79ef40c6,MOL-2e98ba58e4c4067d,2020_Townsend,AC-78305ee2e743b795,BLOCK-513383ed86a73488,5,BLOCK-513383ed86a73488
SSCP-3febbfbc6bb0aa73,MOL-b5960abb81290a91,2013_CHUGAI,AC-9915a59ccaa1a737,BLOCK-5c361cba45039733,7,BLOCK-5c361cba45039733
SSCP-400247b4b92fa930,MOL-c19dde9593e133fe,2016_Furukawa,AC-78305ee2e743b795,BLOCK-513383ed86a73488,5,BLOCK-513383ed86a73488
SSCP-4006a333e6c3edcd,MOL-53b8f2aa401d65ba,2016_Furukawa,AC-78305ee2e743b795,BLOCK-513383ed86a73488,5,BLOCK-513383ed86a73488
SSCP-4008d92c416f2b66,MOL-76e6a284568d1746,2020_Townsend,AC-78305ee2e743b795,BLOCK-513383ed86a73488,5,BLOCK-513383ed86a73488
SSCP-400d8d8d0bda3b99,MOL-97ca825bf2483dac,2020_Townsend,AC-78305ee2e743b795,BLOCK-513383ed86a73488,5,BLOCK-513383ed86a73488
SSCP-40196bdfa9668283,MOL-41eac8a42552738d,2020_Townsend,AC-78305ee2e743b795,BLOCK-513383ed86a73488,5,BLOCK-513383ed86a73488
SSCP-4026f878f72b5f26,MOL-30bfe496fdc8241b,2020_Townsend,AC-78305ee2e743b795,BLOCK-513383ed86a73488,5,BLOCK-513383ed86a73488
SSCP-402f4763b55803c5,MOL-f702e398f16fae00,2021_Kelly,AC-5e5c956882423f52,BLOCK-4494eb5738fce47c,3,BLOCK-4494eb5738fce47c
SSCP-404241eb5300588a,MOL-f695c2cee4b68cdb,2020_Townsend,AC-78305ee2e743b795,BLOCK-513383ed86a73488,5,BLOCK-513383ed86a73488
SSCP-40457d3750812687,MOL-fc644a088646e10b,2018_Kaneda,AC-d7defee51a6f0372,BLOCK-fc0b343dfac9ab9d,18,BLOCK-fc0b343dfac9ab9d
SSCP-405e33ec95790432,MOL-3f738591833754de,2020_Townsend,AC-78305ee2e743b795,BLOCK-513383ed86a73488,5,BLOCK-513383ed86a73488
SSCP-4070f5d9c2fc75ff,MOL-b7bfbebc56a54ec2,2020_Townsend,AC-78305ee2e743b795,BLOCK-513383ed86a73488,5,BLOCK-513383ed86a73488
SSCP-40795932033fb8d3,MOL-ffccfc003735da18,2020_Townsend,AC-78305ee2e743b795,BLOCK-513383ed86a73488,5,BLOCK-513383ed86a73488
SSCP-408657e92229bae2,MOL-a6011e7630316a1e,2020_Townsend,AC-78305ee2e743b795,BLOCK-513383ed86a73488,5,BLOCK-513383ed86a73488
SSCP-408663a1e0b96e3d,MOL-9e1a0874895988ab,2018_Lee,AC-50660f8319dc1976,BLOCK-c1585d53eda9a867,14,BLOCK-c1585d53eda9a867
SSCP-40ded9bccb65f527,MOL-1b4a9b3692b600ef,2021_Kelly,AC-6d3257a2b83e15dc,BLOCK-4494eb5738fce47c,3,BLOCK-4494eb5738fce47c
SSCP-40e3742e6ac284e3,MOL-f3d550e0ed4b1d85,2020_Townsend,AC-78305ee2e743b795,BLOCK-513383ed86a73488,5,BLOCK-513383ed86a73488
SSCP-40e652167cf880cb,MOL-b9026ad3c7e0054a,2021_Kelly,AC-6d3257a2b83e15dc,BLOCK-4494eb5738fce47c,3,BLOCK-4494eb5738fce47c
SSCP-410bb3caa4005c81,MOL-a03c8114f182fbc6,2020_Townsend,AC-78305ee2e743b795,BLOCK-513383ed86a73488,5,BLOCK-513383ed86a73488
SSCP-410c80c18cc79fcf,MOL-d2b556c2e9845b43,2024_Faris,AC-e82e3e242d3d320c,BLOCK-c5e520eb3b94ff25,15,BLOCK-c5e520eb3b94ff25
SSCP-410d13fe33ddc307,MOL-776572e75fdda6fb,2020_Townsend,AC-78305ee2e743b795,BLOCK-513383ed86a73488,5,BLOCK-513383ed86a73488
SSCP-415179dbbb8ddc9a,MOL-8340115ac0fb6c65,2016_Furukawa,AC-78305ee2e743b795,BLOCK-513383ed86a73488,5,BLOCK-513383ed86a73488
SSCP-41522db2860da1c1,MOL-c2683bcd765c0a17,2020_Townsend,AC-78305ee2e743b795,BLOCK-513383ed86a73488,5,BLOCK-513383ed86a73488
SSCP-415cfcb196fb13c1,MOL-457cbaa87f9f8589,2021_Kelly,AC-5e5c956882423f52,BLOCK-4494eb5738fce47c,3,BLOCK-4494eb5738fce47c
SSCP-4180bf73882e79db,MOL-52e0b961328cc61e,2016_Furukawa,AC-78305ee2e743b795,BLOCK-513383ed86a73488,5,BLOCK-513383ed86a73488
SSCP-418bed398b4292c7,MOL-5bdd6ca08ccf6141,2021_Kelly,AC-5e5c956882423f52,BLOCK-4494eb5738fce47c,3,BLOCK-4494eb5738fce47c
SSCP-4198da62d8056056,MOL-cd4cf1516f2c4165,2016_Furukawa,AC-78305ee2e743b795,BLOCK-513383ed86a73488,5,BLOCK-513383ed86a73488
SSCP-419ed2b2aeb8ded2,MOL-71990cc87e36b998,2024_Faris,AC-e82e3e242d3d320c,BLOCK-c5e520eb3b94ff25,15,BLOCK-c5e520eb3b94ff25
SSCP-41a3c437eaa92713,MOL-1045544c740cd3c5,2021_Kelly,AC-5e5c956882423f52,BLOCK-4494eb5738fce47c,3,BLOCK-4494eb5738fce47c
SSCP-41a5353baf98d45c,MOL-b43d3f269579ed17,2021_Kelly,AC-5e5c956882423f52,BLOCK-4494eb5738fce47c,3,BLOCK-4494eb5738fce47c
SSCP-41a984b3b48c35ec,MOL-515ee37472b8615b,2020_Townsend,AC-78305ee2e743b795,BLOCK-513383ed86a73488,5,BLOCK-513383ed86a73488
SSCP-41b99de12cca8584,MOL-5a484d419aa5c445,2016_Furukawa,AC-78305ee2e743b795,BLOCK-513383ed86a73488,5,BLOCK-513383ed86a73488
SSCP-41bb07892c797470,MOL-99f7310dc18aafaa,2020_Townsend,AC-78305ee2e743b795,BLOCK-513383ed86a73488,5,BLOCK-513383ed86a73488
SSCP-41d6081694c7e00e,MOL-798adaf827706c21,2021_Kelly,AC-5e5c956882423f52,BLOCK-4494eb5738fce47c,3,BLOCK-4494eb5738fce47c
SSCP-41dc8b4dd905e546,MOL-533ebe321cf379ca,2022_Bhardwaj,AC-c59fdeea7386a8f5,BLOCK-513383ed86a73488,5,BLOCK-513383ed86a73488
SSCP-41e54df9cc6fec70,MOL-425fbd0e157c549d,2020_Townsend,AC-78305ee2e743b795,BLOCK-513383ed86a73488,5,BLOCK-513383ed86a73488
SSCP-41e663561180009c,MOL-f48e0785b525f1a0,2020_Townsend,AC-78305ee2e743b795,BLOCK-513383ed86a73488,5,BLOCK-513383ed86a73488
SSCP-41f8a5ed71e5316e,MOL-811c0c746cfc6c80,2021_Kelly,AC-6d3257a2b83e15dc,BLOCK-4494eb5738fce47c,3,BLOCK-4494eb5738fce47c
SSCP-4212360ec445a251,MOL-516b4f67fe9354dd,2013_CHUGAI,AC-46a7f0b10bd84074,BLOCK-5c361cba45039733,7,BLOCK-5c361cba45039733
SSCP-421c5d72644c7257,MOL-bc86fe9e6b12f1d2,2020_Townsend,AC-78305ee2e743b795,BLOCK-513383ed86a73488,5,BLOCK-513383ed86a73488
SSCP-4226e28110ae9530,MOL-a06630d1d00b021e,2020_Townsend,AC-78305ee2e743b795,BLOCK-513383ed86a73488,5,BLOCK-513383ed86a73488
SSCP-422821ced2847995,MOL-0c74e28c5b27ded8,2022_Taechalertpaisarn,AC-78305ee2e743b795,BLOCK-513383ed86a73488,5,BLOCK-513383ed86a73488
SSCP-422bb7b082ccf0ee,MOL-10fdc54317545338,2013_CHUGAI,AC-46a7f0b10bd84074,BLOCK-5c361cba45039733,7,BLOCK-5c361cba45039733
SSCP-42355c8d90c78c45,MOL-f6387d27c2245dd6,2016_Furukawa,AC-78305ee2e743b795,BLOCK-513383ed86a73488,5,BLOCK-513383ed86a73488
SSCP-4240f375c18171a4,MOL-b8e4f49524cc5b62,2015_Bockus_1,AC-914f0f8286bc74ae,BLOCK-513383ed86a73488,5,BLOCK-513383ed86a73488
SSCP-425391e25f3e8cb2,MOL-248e8206deb0e662,2020_Townsend,AC-78305ee2e743b795,BLOCK-513383ed86a73488,5,BLOCK-513383ed86a73488
SSCP-42602f512134d7b9,MOL-5e6a400ff5b1029c,2013_CHUGAI,AC-cf95401a5715faa6,BLOCK-5c361cba45039733,7,BLOCK-5c361cba45039733
SSCP-426a8688ea8fe2d1,MOL-0c8e5d77948a8110,2020_Townsend,AC-78305ee2e743b795,BLOCK-513383ed86a73488,5,BLOCK-513383ed86a73488
SSCP-426a9638e861ebd0,MOL-90332e40dec3508f,2021_Kelly,AC-ac7e5d0036401990,BLOCK-4494eb5738fce47c,3,BLOCK-4494eb5738fce47c
SSCP-4273a1f650a30a47,MOL-3eec8cccae9aab57,2020_Townsend,AC-78305ee2e743b795,BLOCK-513383ed86a73488,5,BLOCK-513383ed86a73488
SSCP-42913b2b35c62722,MOL-871fde120ec02588,2020_Townsend,AC-78305ee2e743b795,BLOCK-513383ed86a73488,5,BLOCK-513383ed86a73488
SSCP-429608d038df84cc,MOL-fd45f3f9318274ab,2020_Townsend,AC-78305ee2e743b795,BLOCK-513383ed86a73488,5,BLOCK-513383ed86a73488
SSCP-42a8ba89588e9fb3,MOL-46c3bbab8601a1fc,2021_Kelly,AC-5e5c956882423f52,BLOCK-4494eb5738fce47c,3,BLOCK-4494eb5738fce47c
SSCP-42c942a3ea245a56,MOL-f93effd229ccbdbe,2024_Faris,AC-e82e3e242d3d320c,BLOCK-c5e520eb3b94ff25,15,BLOCK-c5e520eb3b94ff25
SSCP-42cd94869aed45a1,MOL-324ee92ae2ade597,2021_Kelly,AC-5e5c956882423f52,BLOCK-4494eb5738fce47c,3,BLOCK-4494eb5738fce47c
SSCP-42d0168719f4ca76,MOL-7d7622a88192f10d,2020_Townsend,AC-78305ee2e743b795,BLOCK-513383ed86a73488,5,BLOCK-513383ed86a73488
SSCP-42d3177ef418c584,MOL-e482e8d85c27d900,2022_Taechalertpaisarn,AC-78305ee2e743b795,BLOCK-513383ed86a73488,5,BLOCK-513383ed86a73488
SSCP-42d39d095b476690,MOL-63259cf710b96133,2021_Kelly,AC-5e5c956882423f52,BLOCK-4494eb5738fce47c,3,BLOCK-4494eb5738fce47c
SSCP-42da6ef2784a9aff,MOL-d9ee4ddece8881e1,2022_Bhardwaj,AC-aa4f8edd437ab9bf,BLOCK-513383ed86a73488,5,BLOCK-513383ed86a73488
SSCP-42df823fdbc96f09,MOL-32d4923e0139e535,2022_Bhardwaj,AC-78305ee2e743b795,BLOCK-513383ed86a73488,5,BLOCK-513383ed86a73488
SSCP-42eacf363ad74bbc,MOL-3ccc3c7aa2e95c77,2020_Le Roux,AC-b74b4d5565722d16,BLOCK-bb4bcb852b735057,12,BLOCK-bb4bcb852b735057
SSCP-42f42ff2dc62a79a,MOL-1fc9c2bd6b8de1ca,2020_Townsend,AC-78305ee2e743b795,BLOCK-513383ed86a73488,5,BLOCK-513383ed86a73488
SSCP-43003115d1c522e5,MOL-b1aacaf3e37c3871,2020_Townsend,AC-78305ee2e743b795,BLOCK-513383ed86a73488,5,BLOCK-513383ed86a73488
SSCP-430104296c1d9275,MOL-c8a1fe94ebaa5014,2020_Furukawa,AC-114e657b947b31ec,BLOCK-5f91132e1b252609,9,BLOCK-5f91132e1b252609
SSCP-431860e6387e2c74,MOL-56d03fb5b7ab2cd6,2021_Kelly,AC-5e5c956882423f52,BLOCK-4494eb5738fce47c,3,BLOCK-4494eb5738fce47c
SSCP-431bd177f83b448d,MOL-4dc2386b3a851a7d,2020_Townsend,AC-78305ee2e743b795,BLOCK-513383ed86a73488,5,BLOCK-513383ed86a73488
SSCP-4320b7c1140732b3,MOL-04b443bf03b73b68,2020_Townsend,AC-78305ee2e743b795,BLOCK-513383ed86a73488,5,BLOCK-513383ed86a73488
SSCP-43306c8295893bd0,MOL-394c8f17e6a5c093,2020_Townsend,AC-78305ee2e743b795,BLOCK-513383ed86a73488,5,BLOCK-513383ed86a73488
SSCP-4343b00a7b893736,MOL-293f0da033d8555f,2021_Kelly,AC-5e5c956882423f52,BLOCK-4494eb5738fce47c,3,BLOCK-4494eb5738fce47c
SSCP-435340d4340d28f6,MOL-5a95230aecb664a6,2013_CHUGAI,AC-9915a59ccaa1a737,BLOCK-5c361cba45039733,7,BLOCK-5c361cba45039733
SSCP-435de4ae70dbc6fa,MOL-b2980a220da424d7,2021_Kelly,AC-5e5c956882423f52,BLOCK-4494eb5738fce47c,3,BLOCK-4494eb5738fce47c
SSCP-4360ec8effdcd383,MOL-36eb262e3f5ce4a5,2016_Furukawa,AC-78305ee2e743b795,BLOCK-513383ed86a73488,5,BLOCK-513383ed86a73488
SSCP-436ebeea537969a0,MOL-64c4d1939e915521,2016_Furukawa,AC-78305ee2e743b795,BLOCK-513383ed86a73488,5,BLOCK-513383ed86a73488
SSCP-437268e8d1e3511c,MOL-f1e3b0ee81cb0559,2013_CHUGAI,AC-cf95401a5715faa6,BLOCK-5c361cba45039733,7,BLOCK-5c361cba45039733
SSCP-43777e3a01b91718,MOL-d49ef1979d7de59d,2021_Kelly,AC-5e5c956882423f52,BLOCK-4494eb5738fce47c,3,BLOCK-4494eb5738fce47c
SSCP-437b64f3d6427ed0,MOL-51a23400cceceed4,2020_Furukawa,AC-114e657b947b31ec,BLOCK-5f91132e1b252609,9,BLOCK-5f91132e1b252609
SSCP-43802487365f4f1c,MOL-77e9edaf09aa7c2e,2020_Townsend,AC-78305ee2e743b795,BLOCK-513383ed86a73488,5,BLOCK-513383ed86a73488
SSCP-43863d9f6cc2024b,MOL-ce182470a743d215,2020_Hosono,AC-78305ee2e743b795,BLOCK-513383ed86a73488,5,BLOCK-513383ed86a73488
SSCP-438e07410ad2cdf9,MOL-b766668cd71db6cc,2016_Hickey,AC-c252bb56833af5f3,BLOCK-513383ed86a73488,5,BLOCK-513383ed86a73488
SSCP-438f4e85d2254c9d,MOL-37f3aedd39fbaa6f,2015_Wang,AC-3912d05a4a2ac3ab,BLOCK-513383ed86a73488,5,BLOCK-513383ed86a73488
SSCP-4391321010f670f2,MOL-8b41d352ae253d83,2020_Townsend,AC-78305ee2e743b795,BLOCK-513383ed86a73488,5,BLOCK-513383ed86a73488
SSCP-43ab9b9619560bd6,MOL-5778e15627ad4370,2013_CHUGAI,AC-9915a59ccaa1a737,BLOCK-5c361cba45039733,7,BLOCK-5c361cba45039733
SSCP-43caa7d251b8d756,MOL-fe8a97a5ce806a11,2020_Townsend,AC-78305ee2e743b795,BLOCK-513383ed86a73488,5,BLOCK-513383ed86a73488
SSCP-43cd09d029c282d3,MOL-30a95e65c4fa50f5,2020_Townsend,AC-78305ee2e743b795,BLOCK-513383ed86a73488,5,BLOCK-513383ed86a73488
SSCP-43e3ecaa0d6d10f5,MOL-9c446baec45aedbb,2022_Bhardwaj,AC-5647f998f5177958,BLOCK-513383ed86a73488,5,BLOCK-513383ed86a73488
SSCP-43e8eefa6d1473a8,MOL-617d2f9728a1e1c7,2021_Kelly,AC-5e5c956882423f52,BLOCK-4494eb5738fce47c,3,BLOCK-4494eb5738fce47c
SSCP-43ebf3bf9d76699f,MOL-552268161d958520,2021_Kelly,AC-5e5c956882423f52,BLOCK-4494eb5738fce47c,3,BLOCK-4494eb5738fce47c
SSCP-43ef95038810e3f8,MOL-7808ec665f6768c0,2018_Kaneda,AC-d7defee51a6f0372,BLOCK-fc0b343dfac9ab9d,18,BLOCK-fc0b343dfac9ab9d
SSCP-43f049d9f0db625a,MOL-fc48c45a6c42c7e7,2013_CHUGAI,AC-cf95401a5715faa6,BLOCK-5c361cba45039733,7,BLOCK-5c361cba45039733
SSCP-43f07969bc8ffbb3,MOL-c3680081125d5044,2020_Townsend,AC-78305ee2e743b795,BLOCK-513383ed86a73488,5,BLOCK-513383ed86a73488
SSCP-43faf9da4a22c3a2,MOL-726ddf9c36c56e50,2020_Townsend,AC-78305ee2e743b795,BLOCK-513383ed86a73488,5,BLOCK-513383ed86a73488
SSCP-440672dc6770aee7,MOL-69023e62e146a26e,2021_Kelly,AC-5e5c956882423f52,BLOCK-4494eb5738fce47c,3,BLOCK-4494eb5738fce47c
SSCP-4407b1c22f8496a2,MOL-b44eaae83f818aa6,2021_Kelly,AC-5e5c956882423f52,BLOCK-4494eb5738fce47c,3,BLOCK-4494eb5738fce47c
SSCP-441a038183d1c362,MOL-f424c56416a656f7,2020_Townsend,AC-78305ee2e743b795,BLOCK-513383ed86a73488,5,BLOCK-513383ed86a73488
SSCP-4445666bf4843c6f,MOL-a1be273aa024d1d9,2020_Townsend,AC-78305ee2e743b795,BLOCK-513383ed86a73488,5,BLOCK-513383ed86a73488
SSCP-445ffa43528e1c4e,MOL-66c3608780be2226,2016_Furukawa,AC-78305ee2e743b795,BLOCK-513383ed86a73488,5,BLOCK-513383ed86a73488
SSCP-4495a2c0021ca5a1,MOL-d0af018e4ef1f7c4,2024_Faris,AC-e82e3e242d3d320c,BLOCK-c5e520eb3b94ff25,15,BLOCK-c5e520eb3b94ff25
SSCP-449ae97c6ef59428,MOL-974876872cac730a,2022_Bhardwaj,AC-ff2684804571dbc7,BLOCK-513383ed86a73488,5,BLOCK-513383ed86a73488
SSCP-44a1b9755bdb513d,MOL-6198674f6bf0f691,2021_Kelly,AC-6d3257a2b83e15dc,BLOCK-4494eb5738fce47c,3,BLOCK-4494eb5738fce47c
SSCP-44b6c29450b36a1d,MOL-b0ef0949a3aec689,2021_Kelly,AC-5e5c956882423f52,BLOCK-4494eb5738fce47c,3,BLOCK-4494eb5738fce47c
SSCP-44d1f854ec7e0776,MOL-462807b487d420cf,2015_Wang,AC-78305ee2e743b795,BLOCK-513383ed86a73488,5,BLOCK-513383ed86a73488
SSCP-44d671083e8c8c92,MOL-4eed5ff28540d69b,2020_Townsend,AC-78305ee2e743b795,BLOCK-513383ed86a73488,5,BLOCK-513383ed86a73488
SSCP-44e5f9dffba64c47,MOL-66599e107f8039a1,2016_Furukawa,AC-78305ee2e743b795,BLOCK-513383ed86a73488,5,BLOCK-513383ed86a73488
SSCP-44e9769318b1b045,MOL-82402d1fbf0a38fb,2020_Townsend,AC-78305ee2e743b795,BLOCK-513383ed86a73488,5,BLOCK-513383ed86a73488
SSCP-44ef9ee4d019d0f1,MOL-aa74658a7e204c0b,2021_Kelly,AC-5e5c956882423f52,BLOCK-4494eb5738fce47c,3,BLOCK-4494eb5738fce47c
SSCP-450187cb1a7de137,MOL-ec30e3531c806ac9,2021_Kelly,AC-5e5c956882423f52,BLOCK-4494eb5738fce47c,3,BLOCK-4494eb5738fce47c
SSCP-450da5cd272fa851,MOL-f57c50777ce680a5,2021_Kelly,AC-5e5c956882423f52,BLOCK-4494eb5738fce47c,3,BLOCK-4494eb5738fce47c
SSCP-451fae8242c2de6e,MOL-f24989de49ca4ae0,2020_Townsend,AC-78305ee2e743b795,BLOCK-513383ed86a73488,5,BLOCK-513383ed86a73488
SSCP-452228a7a8d73b8d,MOL-69ff32353dedf16e,2020_Townsend,AC-78305ee2e743b795,BLOCK-513383ed86a73488,5,BLOCK-513383ed86a73488
SSCP-4523a2ab5c2acf64,MOL-51e60bc9a7693dcb,2020_Townsend,AC-78305ee2e743b795,BLOCK-513383ed86a73488,5,BLOCK-513383ed86a73488
SSCP-4531c17cac49a4f5,MOL-99bdffe7ac8eeae2,2013_CHUGAI,AC-9915a59ccaa1a737,BLOCK-5c361cba45039733,7,BLOCK-5c361cba45039733
SSCP-453eea92b352a3f1,MOL-79b998207dea4589,2020_Townsend,AC-78305ee2e743b795,BLOCK-513383ed86a73488,5,BLOCK-513383ed86a73488
SSCP-4560c0dfd38315fd,MOL-288a4d771f862ddc,2016_Furukawa,AC-78305ee2e743b795,BLOCK-513383ed86a73488,5,BLOCK-513383ed86a73488
SSCP-45677fe1816a7014,MOL-a162574fb1460957,2016_Furukawa,AC-78305ee2e743b795,BLOCK-513383ed86a73488,5,BLOCK-513383ed86a73488
SSCP-456f46851ade81b8,MOL-78c19fafa5181c65,2013_CHUGAI,AC-cf95401a5715faa6,BLOCK-5c361cba45039733,7,BLOCK-5c361cba45039733
SSCP-4575486571ac0155,MOL-54340cc17b26a23a,2021_Kelly,AC-5e5c956882423f52,BLOCK-4494eb5738fce47c,3,BLOCK-4494eb5738fce47c
SSCP-457da9fdb9bc0c37,MOL-b15ceebc1d582f26,2021_Kelly,AC-5e5c956882423f52,BLOCK-4494eb5738fce47c,3,BLOCK-4494eb5738fce47c
SSCP-457f0ecb477caca1,MOL-6074074a386d51b8,2020_Townsend,AC-78305ee2e743b795,BLOCK-513383ed86a73488,5,BLOCK-513383ed86a73488
SSCP-4588637a5b3168af,MOL-e98db61eeb0cd075,2021_Kelly,AC-5e5c956882423f52,BLOCK-4494eb5738fce47c,3,BLOCK-4494eb5738fce47c
SSCP-4596463d9d153b17,MOL-ecc29ab3ef7dd8ba,2020_Townsend,AC-78305ee2e743b795,BLOCK-513383ed86a73488,5,BLOCK-513383ed86a73488
SSCP-459d3b305e9ca40d,MOL-a1297ba874a85b4f,2013_CHUGAI,AC-cf95401a5715faa6,BLOCK-5c361cba45039733,7,BLOCK-5c361cba45039733
SSCP-45a11c2600d332f7,MOL-602056ea88802bfa,2020_Townsend,AC-78305ee2e743b795,BLOCK-513383ed86a73488,5,BLOCK-513383ed86a73488
SSCP-45b08ab22be7b1e1,MOL-52126458b440e130,2020_Townsend,AC-78305ee2e743b795,BLOCK-513383ed86a73488,5,BLOCK-513383ed86a73488
SSCP-45b29b33caab493c,MOL-767ec7a071e76355,2020_Townsend,AC-78305ee2e743b795,BLOCK-513383ed86a73488,5,BLOCK-513383ed86a73488
SSCP-45c050e7329d400e,MOL-27f55ba9566b713b,2016_Furukawa,AC-78305ee2e743b795,BLOCK-513383ed86a73488,5,BLOCK-513383ed86a73488
SSCP-45c47b2adf1952da,MOL-5d7d56e2aae8b437,2020_Townsend,AC-78305ee2e743b795,BLOCK-513383ed86a73488,5,BLOCK-513383ed86a73488
SSCP-45c52364343205a9,MOL-e1b8eb8f8bef057f,2020_Townsend,AC-78305ee2e743b795,BLOCK-513383ed86a73488,5,BLOCK-513383ed86a73488
SSCP-45c9082d29e68210,MOL-c82e878f0f4a4d65,2020_Townsend,AC-78305ee2e743b795,BLOCK-513383ed86a73488,5,BLOCK-513383ed86a73488
SSCP-45d1652ad6f74774,MOL-90469f26d5ecb278,2021_Kelly,AC-5e5c956882423f52,BLOCK-4494eb5738fce47c,3,BLOCK-4494eb5738fce47c
SSCP-45d2de95d2347545,MOL-d2199ba1cfc3f7da,2013_CHUGAI,AC-cf95401a5715faa6,BLOCK-5c361cba45039733,7,BLOCK-5c361cba45039733
SSCP-45d66c23109777f9,MOL-4002ea374a799e98,2016_Furukawa,AC-78305ee2e743b795,BLOCK-513383ed86a73488,5,BLOCK-513383ed86a73488
SSCP-45e1b3a072ac701f,MOL-8d9fd20fd6eac1f9,2020_Townsend,AC-78305ee2e743b795,BLOCK-513383ed86a73488,5,BLOCK-513383ed86a73488
SSCP-45e8cfd95b0543c7,MOL-512635f4c4a643f9,2020_Le Roux,AC-b74b4d5565722d16,BLOCK-bb4bcb852b735057,12,BLOCK-bb4bcb852b735057
SSCP-45f3614ecbcad5aa,MOL-1de18a8c821643fb,2013_CHUGAI,AC-cf95401a5715faa6,BLOCK-5c361cba45039733,7,BLOCK-5c361cba45039733
SSCP-460eb7d55a86cf79,MOL-4361d2c32356b2f4,2021_Kelly,AC-5e5c956882423f52,BLOCK-4494eb5738fce47c,3,BLOCK-4494eb5738fce47c
SSCP-461056b66222bc05,MOL-cd1837d6a93992b4,2021_Kelly,AC-5e5c956882423f52,BLOCK-4494eb5738fce47c,3,BLOCK-4494eb5738fce47c
SSCP-46183841a4e007c7,MOL-ee315cd47f1aff08,2020_Townsend,AC-78305ee2e743b795,BLOCK-513383ed86a73488,5,BLOCK-513383ed86a73488
SSCP-461bd6e1f61903c1,MOL-9470384c760ea4a2,2015_Bockus_2,AC-75c6ac7476f86a1a,BLOCK-ad504a636f9fcddf,11,BLOCK-ad504a636f9fcddf
SSCP-4625eabe32deee83,MOL-d3712e9f1cf1c0cf,2021_Kelly,AC-5e5c956882423f52,BLOCK-4494eb5738fce47c,3,BLOCK-4494eb5738fce47c
SSCP-462a6994fc614a30,MOL-1309fe7d5cf8a2a5,2020_Townsend,AC-78305ee2e743b795,BLOCK-513383ed86a73488,5,BLOCK-513383ed86a73488
SSCP-463a48ba30f26b22,MOL-910e2cc88aa41413,2021_Kelly,AC-ac7e5d0036401990,BLOCK-4494eb5738fce47c,3,BLOCK-4494eb5738fce47c
SSCP-464bfdcd2ddfa3af,MOL-1cc3bdddb11ccba9,2020_Townsend,AC-78305ee2e743b795,BLOCK-513383ed86a73488,5,BLOCK-513383ed86a73488
SSCP-464dae289258d651,MOL-011baa0015a4c130,2013_CHUGAI,AC-cf95401a5715faa6,BLOCK-5c361cba45039733,7,BLOCK-5c361cba45039733
SSCP-4655178605dd071a,MOL-224a1f4e371bae26,2021_Kelly,AC-5e5c956882423f52,BLOCK-4494eb5738fce47c,3,BLOCK-4494eb5738fce47c
SSCP-4655a3a7f1b44582,MOL-09ce78e61c6c5fe7,2020_Townsend,AC-78305ee2e743b795,BLOCK-513383ed86a73488,5,BLOCK-513383ed86a73488
SSCP-46601e172a97268b,MOL-720525804ddf15c0,2020_Townsend,AC-78305ee2e743b795,BLOCK-513383ed86a73488,5,BLOCK-513383ed86a73488
SSCP-466086d3c4137939,MOL-41d1466898b081f5,2024_Faris,AC-e82e3e242d3d320c,BLOCK-c5e520eb3b94ff25,15,BLOCK-c5e520eb3b94ff25
SSCP-4664ad2ef902dec5,MOL-290c3a814270356f,2024_Faris,AC-e82e3e242d3d320c,BLOCK-c5e520eb3b94ff25,15,BLOCK-c5e520eb3b94ff25
SSCP-466c3b2c9126e5e8,MOL-bc57b4ab74e47d19,2021_Kelly,AC-5e5c956882423f52,BLOCK-4494eb5738fce47c,3,BLOCK-4494eb5738fce47c
SSCP-4678426f61d7bd6b,MOL-97c2c4b6e3d5ac6f,2016_Furukawa,AC-78305ee2e743b795,BLOCK-513383ed86a73488,5,BLOCK-513383ed86a73488
SSCP-467e352e048b305f,MOL-4798bf49dc2537c5,2013_CHUGAI,AC-cf95401a5715faa6,BLOCK-5c361cba45039733,7,BLOCK-5c361cba45039733
SSCP-46859832e6f9cdb8,MOL-132b6f3e1bccec5d,2021_Kelly,AC-5e5c956882423f52,BLOCK-4494eb5738fce47c,3,BLOCK-4494eb5738fce47c
SSCP-469284f85f704f5b,MOL-7f73dadf63cd06ea,2021_Kelly,AC-5e5c956882423f52,BLOCK-4494eb5738fce47c,3,BLOCK-4494eb5738fce47c
SSCP-46ae8e32c2c02c00,MOL-d09b6615a555de71,2020_Townsend,AC-78305ee2e743b795,BLOCK-513383ed86a73488,5,BLOCK-513383ed86a73488
SSCP-46b668bf0240c78d,MOL-3d2add93e9603ce9,2020_Townsend,AC-78305ee2e743b795,BLOCK-513383ed86a73488,5,BLOCK-513383ed86a73488
SSCP-46ca62b3be4e2d1c,MOL-7ea3591f71a9c4a6,2016_Furukawa,AC-78305ee2e743b795,BLOCK-513383ed86a73488,5,BLOCK-513383ed86a73488
SSCP-46cdb6bfdac5ce90,MOL-8a371d2d716df23d,2013_CHUGAI,AC-cf95401a5715faa6,BLOCK-5c361cba45039733,7,BLOCK-5c361cba45039733
SSCP-46ce29f2a54f7312,MOL-8ed221d154cc26e1,2021_Kelly,AC-6d3257a2b83e15dc,BLOCK-4494eb5738fce47c,3,BLOCK-4494eb5738fce47c
SSCP-46cf95c2a082b07c,MOL-926fa8bcd2d9b292,2020_Townsend,AC-78305ee2e743b795,BLOCK-513383ed86a73488,5,BLOCK-513383ed86a73488
SSCP-46d69aa1f635fc04,MOL-e066afbdcba92e88,2020_Townsend,AC-78305ee2e743b795,BLOCK-513383ed86a73488,5,BLOCK-513383ed86a73488
SSCP-46da2cb3259e9ebb,MOL-f556e9c32bf77bb8,2013_CHUGAI,AC-9915a59ccaa1a737,BLOCK-5c361cba45039733,7,BLOCK-5c361cba45039733
SSCP-4717ec4239f92289,MOL-a2c7873bb2e6d9d1,2020_Townsend,AC-78305ee2e743b795,BLOCK-513383ed86a73488,5,BLOCK-513383ed86a73488
SSCP-471a019cbde6c8a7,MOL-2f93885975aff414,2021_Kelly,AC-5e5c956882423f52,BLOCK-4494eb5738fce47c,3,BLOCK-4494eb5738fce47c
SSCP-4729bb6ffd558bb8,MOL-bc7b07ae4c53a28f,2020_Townsend,AC-78305ee2e743b795,BLOCK-513383ed86a73488,5,BLOCK-513383ed86a73488
SSCP-472c3c0bea47f703,MOL-d863a87b90c60257,2006_Rezai_2,AC-e521a6b3b6226405,BLOCK-4acd8e0f532c9eb9,4,BLOCK-4acd8e0f532c9eb9
SSCP-47311ad5ebd7e685,MOL-68bc9c882d75c506,2020_Townsend,AC-78305ee2e743b795,BLOCK-513383ed86a73488,5,BLOCK-513383ed86a73488
SSCP-4731bad27910a0e9,MOL-2c7e6be260213fef,2021_Kelly,AC-5e5c956882423f52,BLOCK-4494eb5738fce47c,3,BLOCK-4494eb5738fce47c
SSCP-474ec6e17ae786ce,MOL-7da4e6807b50a3da,2013_CHUGAI,AC-cf95401a5715faa6,BLOCK-5c361cba45039733,7,BLOCK-5c361cba45039733
SSCP-4751967b5e948fdd,MOL-8e65818010407179,2020_Townsend,AC-78305ee2e743b795,BLOCK-513383ed86a73488,5,BLOCK-513383ed86a73488
SSCP-475fd8d719a10c81,MOL-c1cd5ca245ee8d9c,2021_Golosov,AC-86cc498249bfbe27,BLOCK-394ff80f01cbc968,2,BLOCK-394ff80f01cbc968
SSCP-476098766a47ca60,MOL-58298bb69c9e8253,2013_CHUGAI,AC-c3b8cad8b4a716e6,BLOCK-5c361cba45039733,7,BLOCK-5c361cba45039733
SSCP-4760dda70bac9a3c,MOL-eec5c56f78db1506,2016_Furukawa,AC-78305ee2e743b795,BLOCK-513383ed86a73488,5,BLOCK-513383ed86a73488
SSCP-4775c3ec2510d2e0,MOL-a2d19a8f32565fd5,2020_Townsend,AC-78305ee2e743b795,BLOCK-513383ed86a73488,5,BLOCK-513383ed86a73488
SSCP-4777e782ba28b43a,MOL-b7f29cd74bd5273f,2020_Townsend,AC-78305ee2e743b795,BLOCK-513383ed86a73488,5,BLOCK-513383ed86a73488
SSCP-47817dd98e3ec67c,MOL-2121d19e45cb9f6a,2020_Townsend,AC-78305ee2e743b795,BLOCK-513383ed86a73488,5,BLOCK-513383ed86a73488
SSCP-4784a78f8b6c8290,MOL-0c77d48c7027ed49,2020_Townsend,AC-78305ee2e743b795,BLOCK-513383ed86a73488,5,BLOCK-513383ed86a73488
SSCP-478e1956c04be3cc,MOL-76d0d3da2d1f541e,2021_Kelly,AC-5e5c956882423f52,BLOCK-4494eb5738fce47c,3,BLOCK-4494eb5738fce47c
SSCP-47b34a64056ae6f1,MOL-c92629b5ae823444,2020_Townsend,AC-78305ee2e743b795,BLOCK-513383ed86a73488,5,BLOCK-513383ed86a73488
SSCP-47b90f8589223383,MOL-759661cdfaf6b426,2013_CHUGAI,AC-cf95401a5715faa6,BLOCK-5c361cba45039733,7,BLOCK-5c361cba45039733
SSCP-47bceeb5ec45085b,MOL-1e2f49b69ed9f9e9,2020_Townsend,AC-78305ee2e743b795,BLOCK-513383ed86a73488,5,BLOCK-513383ed86a73488
SSCP-47d4747b4a686d8f,MOL-68cd550ceb68d9a1,2021_Kelly,AC-6d3257a2b83e15dc,BLOCK-4494eb5738fce47c,3,BLOCK-4494eb5738fce47c
SSCP-47d8f77e58653273,MOL-15df8339b0e31610,2020_Townsend,AC-78305ee2e743b795,BLOCK-513383ed86a73488,5,BLOCK-513383ed86a73488
SSCP-47e7048e09ce88c6,MOL-118b90282bb3637e,2015_Ahlbach,AC-4cbd321fd3e6c472,BLOCK-513383ed86a73488,5,BLOCK-513383ed86a73488
SSCP-4816f9705106251c,MOL-87965341b48a64d4,2020_Townsend,AC-78305ee2e743b795,BLOCK-513383ed86a73488,5,BLOCK-513383ed86a73488
SSCP-4823727736167da9,MOL-bdfce405457b8563,2013_CHUGAI,AC-9915a59ccaa1a737,BLOCK-5c361cba45039733,7,BLOCK-5c361cba45039733
SSCP-483069868617c329,MOL-5948015c020a1902,2021_Kelly,AC-5e5c956882423f52,BLOCK-4494eb5738fce47c,3,BLOCK-4494eb5738fce47c
SSCP-48386658e2628d11,MOL-e34c10d03a2a2032,2024_Faris,AC-e82e3e242d3d320c,BLOCK-c5e520eb3b94ff25,15,BLOCK-c5e520eb3b94ff25
SSCP-484cfc8b5330c37e,MOL-e229cfa4c187ad24,2020_Townsend,AC-78305ee2e743b795,BLOCK-513383ed86a73488,5,BLOCK-513383ed86a73488
SSCP-4859ce21e4cc472b,MOL-203252c32ebef7e9,2013_CHUGAI,AC-cf95401a5715faa6,BLOCK-5c361cba45039733,7,BLOCK-5c361cba45039733
SSCP-4864890b8c3d29d3,MOL-6e5110b8310f55a9,2021_Kelly,AC-5e5c956882423f52,BLOCK-4494eb5738fce47c,3,BLOCK-4494eb5738fce47c
SSCP-48652d706f6cb23b,MOL-3e92da575521ebc0,2021_Kelly,AC-5e5c956882423f52,BLOCK-4494eb5738fce47c,3,BLOCK-4494eb5738fce47c
SSCP-4875acb6222f9751,MOL-ca1a1c5fd982861c,2021_Kelly,AC-5e5c956882423f52,BLOCK-4494eb5738fce47c,3,BLOCK-4494eb5738fce47c
SSCP-4883df9b49561b8d,MOL-8da6434517da6fec,2020_Townsend,AC-78305ee2e743b795,BLOCK-513383ed86a73488,5,BLOCK-513383ed86a73488
SSCP-48895c15ec7caa7c,MOL-38d630ff69fc8479,2020_Townsend,AC-78305ee2e743b795,BLOCK-513383ed86a73488,5,BLOCK-513383ed86a73488
SSCP-489a8fe23e8ceb73,MOL-dd35aabd410e087b,2020_Townsend,AC-78305ee2e743b795,BLOCK-513383ed86a73488,5,BLOCK-513383ed86a73488
SSCP-48b14b212b1deb6b,MOL-af69412928190621,2021_Kelly,AC-5e5c956882423f52,BLOCK-4494eb5738fce47c,3,BLOCK-4494eb5738fce47c
SSCP-48b1cc0c3644ce00,MOL-efdd310d52c0f5cd,2020_Townsend,AC-78305ee2e743b795,BLOCK-513383ed86a73488,5,BLOCK-513383ed86a73488
SSCP-48df8ff7d5a5a153,MOL-d37a823cb29dec65,2021_Kelly,AC-6d3257a2b83e15dc,BLOCK-4494eb5738fce47c,3,BLOCK-4494eb5738fce47c
SSCP-48eb032b2699e755,MOL-cd768d5d9943b647,2021_Kelly,AC-5e5c956882423f52,BLOCK-4494eb5738fce47c,3,BLOCK-4494eb5738fce47c
SSCP-48ef18bcad775f4c,MOL-bbdea2ad26fd5903,2013_CHUGAI,AC-ec082e14f4bad2b8,BLOCK-5c361cba45039733,7,BLOCK-5c361cba45039733
SSCP-48f6e6f33e07586d,MOL-462e10e97bbc62f8,2021_Kelly,AC-5e5c956882423f52,BLOCK-4494eb5738fce47c,3,BLOCK-4494eb5738fce47c
SSCP-48fd3db342334cb2,MOL-6182a84afdd6f7b4,2024_Ly,AC-b74b4d5565722d16,BLOCK-bb4bcb852b735057,12,BLOCK-bb4bcb852b735057
SSCP-48fdf586b5b620d2,MOL-80f2a0b4d7be99c6,2013_CHUGAI,AC-cf95401a5715faa6,BLOCK-5c361cba45039733,7,BLOCK-5c361cba45039733
SSCP-49044fc132d69a36,MOL-30b2bd0acd36e6e5,2021_Kelly,AC-5e5c956882423f52,BLOCK-4494eb5738fce47c,3,BLOCK-4494eb5738fce47c
SSCP-4915f91fed2952a4,MOL-410f5ae94b5720ea,2013_CHUGAI,AC-51929275f20ff2c3,BLOCK-5c361cba45039733,7,BLOCK-5c361cba45039733
SSCP-491a2e615102884f,MOL-a411e56152eba31b,2020_Townsend,AC-78305ee2e743b795,BLOCK-513383ed86a73488,5,BLOCK-513383ed86a73488
SSCP-491a34cdef1ac33b,MOL-306180883c05a624,2020_Townsend,AC-78305ee2e743b795,BLOCK-513383ed86a73488,5,BLOCK-513383ed86a73488
SSCP-491d85885d8f5d55,MOL-f44f3424a6b245e3,2020_Townsend,AC-78305ee2e743b795,BLOCK-513383ed86a73488,5,BLOCK-513383ed86a73488
SSCP-492120fc074424be,MOL-469a35ab0a55eb03,2020_Townsend,AC-78305ee2e743b795,BLOCK-513383ed86a73488,5,BLOCK-513383ed86a73488
SSCP-49288a8756f22d8a,MOL-84239d537eee6008,2021_Kelly,AC-ac7e5d0036401990,BLOCK-4494eb5738fce47c,3,BLOCK-4494eb5738fce47c
SSCP-492c284467a3bdfa,MOL-9f310ead6d77197f,2021_Kelly,AC-5e5c956882423f52,BLOCK-4494eb5738fce47c,3,BLOCK-4494eb5738fce47c
SSCP-49330681998d297d,MOL-3001c3a04d8e2173,2020_Townsend,AC-78305ee2e743b795,BLOCK-513383ed86a73488,5,BLOCK-513383ed86a73488
SSCP-493419552dc711fa,MOL-58820a9789998fd4,2021_Kelly,AC-5e5c956882423f52,BLOCK-4494eb5738fce47c,3,BLOCK-4494eb5738fce47c
SSCP-4941528c2ddf8252,MOL-bc9401c4298548be,2020_Townsend,AC-78305ee2e743b795,BLOCK-513383ed86a73488,5,BLOCK-513383ed86a73488
SSCP-494170ef00196017,MOL-d04b47d4f4357cfc,2020_Townsend,AC-78305ee2e743b795,BLOCK-513383ed86a73488,5,BLOCK-513383ed86a73488
SSCP-4941eb00ba39844d,MOL-af5efd9af7779064,2020_Townsend,AC-78305ee2e743b795,BLOCK-513383ed86a73488,5,BLOCK-513383ed86a73488
SSCP-49429fa206059e56,MOL-b2c7fa1dd8ca4fce,2013_CHUGAI,AC-cf95401a5715faa6,BLOCK-5c361cba45039733,7,BLOCK-5c361cba45039733
SSCP-494b2062c79202ee,MOL-719705a7edc8b84d,2020_Townsend,AC-78305ee2e743b795,BLOCK-513383ed86a73488,5,BLOCK-513383ed86a73488
SSCP-494b683b55446df0,MOL-7217c615ad4cfbac,2020_Townsend,AC-78305ee2e743b795,BLOCK-513383ed86a73488,5,BLOCK-513383ed86a73488
SSCP-49516ed74be7e212,MOL-10812def6f2aa142,2013_CHUGAI,AC-cf95401a5715faa6,BLOCK-5c361cba45039733,7,BLOCK-5c361cba45039733
SSCP-4963e927648e6fd3,MOL-9c323fe8f1211bdc,2013_CHUGAI,AC-9915a59ccaa1a737,BLOCK-5c361cba45039733,7,BLOCK-5c361cba45039733
SSCP-4972df665fe27a87,MOL-d645a7d092bcc2f9,2013_CHUGAI,AC-cf95401a5715faa6,BLOCK-5c361cba45039733,7,BLOCK-5c361cba45039733
SSCP-49758e93c49d80bd,MOL-59c73f9fdc09a8ee,2021_Kelly,AC-5e5c956882423f52,BLOCK-4494eb5738fce47c,3,BLOCK-4494eb5738fce47c
SSCP-497adc52eb0cbfbb,MOL-41a7281b0d0a37f3,2020_Townsend,AC-78305ee2e743b795,BLOCK-513383ed86a73488,5,BLOCK-513383ed86a73488
SSCP-497d85f71d8c8896,MOL-69dfa4a0bde1e081,2020_Townsend,AC-78305ee2e743b795,BLOCK-513383ed86a73488,5,BLOCK-513383ed86a73488
SSCP-497f6cc2c4d711a4,MOL-c1b82b9167f5087c,2020_Townsend,AC-78305ee2e743b795,BLOCK-513383ed86a73488,5,BLOCK-513383ed86a73488
SSCP-498095d1af8ea966,MOL-1517d7b268332b59,2022_Taechalertpaisarn,AC-78305ee2e743b795,BLOCK-513383ed86a73488,5,BLOCK-513383ed86a73488
SSCP-4984114a534ce392,MOL-598e8dc0966d7584,2020_Townsend,AC-78305ee2e743b795,BLOCK-513383ed86a73488,5,BLOCK-513383ed86a73488
SSCP-498596ab6fa63045,MOL-a27aba1177f4ac91,2020_Townsend,AC-78305ee2e743b795,BLOCK-513383ed86a73488,5,BLOCK-513383ed86a73488
SSCP-498f043bf1355400,MOL-e8fcaa1d9cb4d079,2013_CHUGAI,AC-cf95401a5715faa6,BLOCK-5c361cba45039733,7,BLOCK-5c361cba45039733
SSCP-499302c762db8f6d,MOL-59c2ef0b838720ee,2016_Furukawa,AC-78305ee2e743b795,BLOCK-513383ed86a73488,5,BLOCK-513383ed86a73488
SSCP-499e8d7ef0eccd84,MOL-f745181cbd06d94f,2021_Kelly,AC-5e5c956882423f52,BLOCK-4494eb5738fce47c,3,BLOCK-4494eb5738fce47c
SSCP-49af0eb6665b9f93,MOL-b0b6c6697a1d2397,2021_Kelly,AC-5e5c956882423f52,BLOCK-4494eb5738fce47c,3,BLOCK-4494eb5738fce47c
SSCP-49b5fecbf8668178,MOL-91acb1acebb41b2c,2024_Faris,AC-e82e3e242d3d320c,BLOCK-c5e520eb3b94ff25,15,BLOCK-c5e520eb3b94ff25
SSCP-49ba18261155dc82,MOL-57a97610dc50712b,2021_Kelly,AC-5e5c956882423f52,BLOCK-4494eb5738fce47c,3,BLOCK-4494eb5738fce47c
SSCP-49bcd950c69085e4,MOL-d0a524b1cbd351d1,2024_Faris,AC-e82e3e242d3d320c,BLOCK-c5e520eb3b94ff25,15,BLOCK-c5e520eb3b94ff25
SSCP-49d805438c7f1c39,MOL-0294890b05869739,2018_Lee,AC-50660f8319dc1976,BLOCK-c1585d53eda9a867,14,BLOCK-c1585d53eda9a867
SSCP-49e241d17209b471,MOL-6c072202b3a7e9f3,2021_Kelly,AC-5e5c956882423f52,BLOCK-4494eb5738fce47c,3,BLOCK-4494eb5738fce47c
SSCP-49e4e551f3d56715,MOL-af023e42d52e087c,2022_Taechalertpaisarn,AC-78305ee2e743b795,BLOCK-513383ed86a73488,5,BLOCK-513383ed86a73488
SSCP-49e998bcf838cab9,MOL-fe1e915a9b1ccf96,2015_Bockus_2,AC-32fe30dfe7f6191c,BLOCK-ad504a636f9fcddf,11,BLOCK-ad504a636f9fcddf
SSCP-49ed9ec63533aa38,MOL-b35cc7b128dcbb63,2020_Townsend,AC-78305ee2e743b795,BLOCK-513383ed86a73488,5,BLOCK-513383ed86a73488
SSCP-49ee8f86f611a55b,MOL-cde3f3e1744cb015,2013_CHUGAI,AC-9915a59ccaa1a737,BLOCK-5c361cba45039733,7,BLOCK-5c361cba45039733
SSCP-49fb2d2785328899,MOL-ab02a53ddc72b5a5,2013_CHUGAI,AC-93e2ac0349b9716f,BLOCK-5c361cba45039733,7,BLOCK-5c361cba45039733
SSCP-4a06803f5a4653e8,MOL-fe7702ab8557af1b,2013_CHUGAI,AC-5fdcc0d9751ed4a9,BLOCK-5c361cba45039733,7,BLOCK-5c361cba45039733
SSCP-4a0e27b74c2ab263,MOL-a1786e33fcce2973,2013_CHUGAI,AC-511dd8a577a1e594,BLOCK-5c361cba45039733,7,BLOCK-5c361cba45039733
SSCP-4a1b8f5db1536e94,MOL-15e81e6169208e8d,2013_CHUGAI,AC-c9b3e4a321e9c915,BLOCK-5c361cba45039733,7,BLOCK-5c361cba45039733
SSCP-4a1e5c5bfc8ab7d4,MOL-daf65ffb5dbfe7b2,2020_Townsend,AC-78305ee2e743b795,BLOCK-513383ed86a73488,5,BLOCK-513383ed86a73488
SSCP-4a3981a8bf2d2ecc,MOL-111f60b3dd01c0e4,2021_Kelly,AC-5e5c956882423f52,BLOCK-4494eb5738fce47c,3,BLOCK-4494eb5738fce47c
SSCP-4a3acdbbaf8c897e,MOL-065489a8f414251a,2021_Kelly,AC-5e5c956882423f52,BLOCK-4494eb5738fce47c,3,BLOCK-4494eb5738fce47c
SSCP-4a4a878e51005ca4,MOL-dcab80a23178b9b9,2020_Townsend,AC-78305ee2e743b795,BLOCK-513383ed86a73488,5,BLOCK-513383ed86a73488
SSCP-4a4d72767f91f613,MOL-8fb399cdb95afe09,2021_Kelly,AC-5e5c956882423f52,BLOCK-4494eb5738fce47c,3,BLOCK-4494eb5738fce47c
SSCP-4a557efd8da8a111,MOL-73b2a72ca89c7628,2013_CHUGAI,AC-eb7a07502141cab6,BLOCK-5c361cba45039733,7,BLOCK-5c361cba45039733
SSCP-4a62ce6d07bb5dda,MOL-64f38cca1d53f82f,2020_Townsend,AC-78305ee2e743b795,BLOCK-513383ed86a73488,5,BLOCK-513383ed86a73488
SSCP-4a7151c3a1bf682f,MOL-d23e6acb6473a5ae,2020_Townsend,AC-78305ee2e743b795,BLOCK-513383ed86a73488,5,BLOCK-513383ed86a73488
SSCP-4a719b097fa3f6f7,MOL-960d73972f5d87d6,2020_Townsend,AC-78305ee2e743b795,BLOCK-513383ed86a73488,5,BLOCK-513383ed86a73488
SSCP-4a74e9a1872d6ce5,MOL-6401fedbe0f223c4,2021_Kelly,AC-5e5c956882423f52,BLOCK-4494eb5738fce47c,3,BLOCK-4494eb5738fce47c
SSCP-4a861c730d304257,MOL-d9ccf9faad01480a,2020_Townsend,AC-78305ee2e743b795,BLOCK-513383ed86a73488,5,BLOCK-513383ed86a73488
SSCP-4a8679dfc3bf70e4,MOL-48f26a71fed38da6,2020_Townsend,AC-78305ee2e743b795,BLOCK-513383ed86a73488,5,BLOCK-513383ed86a73488
SSCP-4a9a7ec15a52be42,MOL-36291e562eefb65d,2020_Townsend,AC-78305ee2e743b795,BLOCK-513383ed86a73488,5,BLOCK-513383ed86a73488
SSCP-4aa385b3816ede41,MOL-a6e78de4722a4f8d,2013_CHUGAI,AC-cf95401a5715faa6,BLOCK-5c361cba45039733,7,BLOCK-5c361cba45039733
SSCP-4aa4c34cfba1490b,MOL-956d3a6b6d1fd2da,2020_Townsend,AC-78305ee2e743b795,BLOCK-513383ed86a73488,5,BLOCK-513383ed86a73488
SSCP-4aab0c698e5ff887,MOL-91d241099bc2b8f2,2020_Townsend,AC-78305ee2e743b795,BLOCK-513383ed86a73488,5,BLOCK-513383ed86a73488
SSCP-4aaed91ca19c1d4b,MOL-cf2b70a64a201c67,2020_Townsend,AC-78305ee2e743b795,BLOCK-513383ed86a73488,5,BLOCK-513383ed86a73488
SSCP-4adb81fc451ecb7f,MOL-02b37ec6412becc1,2015_Wang,AC-78305ee2e743b795,BLOCK-513383ed86a73488,5,BLOCK-513383ed86a73488
SSCP-4ae1f1641acc221d,MOL-5f857547331f2584,2013_CHUGAI,AC-9915a59ccaa1a737,BLOCK-5c361cba45039733,7,BLOCK-5c361cba45039733
SSCP-4ae43dad9087f8d7,MOL-42230ba84aebfc03,2013_CHUGAI,AC-cf95401a5715faa6,BLOCK-5c361cba45039733,7,BLOCK-5c361cba45039733
SSCP-4ae6763dd9b35293,MOL-65aecba947017c7f,2020_Townsend,AC-78305ee2e743b795,BLOCK-513383ed86a73488,5,BLOCK-513383ed86a73488
SSCP-4ae6eec72c9dcea4,MOL-5fce6fb3f0c355f5,2016_Furukawa,AC-78305ee2e743b795,BLOCK-513383ed86a73488,5,BLOCK-513383ed86a73488
SSCP-4ae92787b44d010e,MOL-59533fa0856c0def,2013_CHUGAI,AC-2ea2b119999783fb,BLOCK-5c361cba45039733,7,BLOCK-5c361cba45039733
SSCP-4aeeb45958a75c82,MOL-6632657ba79428f6,2024_Faris,AC-e82e3e242d3d320c,BLOCK-c5e520eb3b94ff25,15,BLOCK-c5e520eb3b94ff25
SSCP-4afd01791d20f762,MOL-442f6b966348f7c3,2020_Townsend,AC-78305ee2e743b795,BLOCK-513383ed86a73488,5,BLOCK-513383ed86a73488
SSCP-4b031ff032196b75,MOL-790accb09b381fa3,2020_Townsend,AC-78305ee2e743b795,BLOCK-513383ed86a73488,5,BLOCK-513383ed86a73488
SSCP-4b10bd5af59929f6,MOL-3dd92586024d98ff,2013_CHUGAI,AC-cf95401a5715faa6,BLOCK-5c361cba45039733,7,BLOCK-5c361cba45039733
SSCP-4b12f74c7c41ede5,MOL-5e616b1f0eb94780,2020_Townsend,AC-78305ee2e743b795,BLOCK-513383ed86a73488,5,BLOCK-513383ed86a73488
SSCP-4b1cc4e460fa33aa,MOL-1ea0c991e7559c99,2021_Kelly,AC-5e5c956882423f52,BLOCK-4494eb5738fce47c,3,BLOCK-4494eb5738fce47c
SSCP-4b2504a526d7883d,MOL-93de0bd5e6eda50e,2024_Faris,AC-e82e3e242d3d320c,BLOCK-c5e520eb3b94ff25,15,BLOCK-c5e520eb3b94ff25
SSCP-4b38f5f47f7c45e9,MOL-481780a258f537e4,2020_Townsend,AC-78305ee2e743b795,BLOCK-513383ed86a73488,5,BLOCK-513383ed86a73488
SSCP-4b410ac397262ae6,MOL-f8d83685b60f6bd1,2021_Kelly,AC-ac7e5d0036401990,BLOCK-4494eb5738fce47c,3,BLOCK-4494eb5738fce47c
SSCP-4b48ba3f1eaf09b8,MOL-eaac3a7abace79af,2013_CHUGAI,AC-cf95401a5715faa6,BLOCK-5c361cba45039733,7,BLOCK-5c361cba45039733
SSCP-4b520408061ce58b,MOL-5c86828c1aba3886,2021_Kelly,AC-5e5c956882423f52,BLOCK-4494eb5738fce47c,3,BLOCK-4494eb5738fce47c
SSCP-4b52982a8e533c5e,MOL-5fa00ff8def57368,2021_Kelly,AC-5e5c956882423f52,BLOCK-4494eb5738fce47c,3,BLOCK-4494eb5738fce47c
SSCP-4b6309f8e502804d,MOL-e8989fdb0c83c12c,2013_CHUGAI,AC-cf95401a5715faa6,BLOCK-5c361cba45039733,7,BLOCK-5c361cba45039733
SSCP-4b6be914a5a306df,MOL-63b04d611ee3f087,2021_Kelly,AC-5e5c956882423f52,BLOCK-4494eb5738fce47c,3,BLOCK-4494eb5738fce47c
SSCP-4b709e059509f287,MOL-4b89601881ecb1fb,2020_Townsend,AC-78305ee2e743b795,BLOCK-513383ed86a73488,5,BLOCK-513383ed86a73488
SSCP-4b823e05acf82e3f,MOL-7b13fbe4e1a1c421,2021_Kelly,AC-5e5c956882423f52,BLOCK-4494eb5738fce47c,3,BLOCK-4494eb5738fce47c
SSCP-4b939288203af777,MOL-521f88a593690cc7,2021_Kelly,AC-5e5c956882423f52,BLOCK-4494eb5738fce47c,3,BLOCK-4494eb5738fce47c
SSCP-4b97acbffaec6aeb,MOL-cf8cd50b41c98d10,2022_Bhardwaj,AC-b2adc70598dfe5a2,BLOCK-513383ed86a73488,5,BLOCK-513383ed86a73488
SSCP-4bb8835f217a639b,MOL-4f376c6b97d38c58,2021_Kelly,AC-5e5c956882423f52,BLOCK-4494eb5738fce47c,3,BLOCK-4494eb5738fce47c
SSCP-4bc75c7b8bddc64b,MOL-8007599e045ed72b,2013_CHUGAI,AC-cf95401a5715faa6,BLOCK-5c361cba45039733,7,BLOCK-5c361cba45039733
SSCP-4bd48f96c9fe603b,MOL-61c7e07083cb2f21,2022_Saunders,AC-e84a9a0bd49f43b6,BLOCK-513383ed86a73488,5,BLOCK-513383ed86a73488
SSCP-4bdbc7ba99dd0dc1,MOL-e4abdb53b3a1a513,2020_Townsend,AC-78305ee2e743b795,BLOCK-513383ed86a73488,5,BLOCK-513383ed86a73488
SSCP-4bed83c74ef7c6c6,MOL-e87a69974e3bc2b0,2020_Townsend,AC-78305ee2e743b795,BLOCK-513383ed86a73488,5,BLOCK-513383ed86a73488
SSCP-4bf7514686600aea,MOL-fc283f36cfc7d432,2020_Townsend,AC-78305ee2e743b795,BLOCK-513383ed86a73488,5,BLOCK-513383ed86a73488
SSCP-4c0e44ed1dd8c3fb,MOL-df5e8f079f7412d3,2013_CHUGAI,AC-cf95401a5715faa6,BLOCK-5c361cba45039733,7,BLOCK-5c361cba45039733
SSCP-4c12c684c6ccd357,MOL-43f46d377e3fcbe6,2013_CHUGAI,AC-cf95401a5715faa6,BLOCK-5c361cba45039733,7,BLOCK-5c361cba45039733
SSCP-4c1de0e7e6490f8b,MOL-0e9cc369be85bdb6,2020_Townsend,AC-78305ee2e743b795,BLOCK-513383ed86a73488,5,BLOCK-513383ed86a73488
SSCP-4c1f5f8cce76b2fe,MOL-933f3dddc0b38a42,2020_Townsend,AC-78305ee2e743b795,BLOCK-513383ed86a73488,5,BLOCK-513383ed86a73488
SSCP-4c2114c8424aa6f4,MOL-1fb6bd45af31d00f,2020_Townsend,AC-78305ee2e743b795,BLOCK-513383ed86a73488,5,BLOCK-513383ed86a73488
SSCP-4c3055539be088e3,MOL-f2513838dbe7ab6e,2020_Townsend,AC-78305ee2e743b795,BLOCK-513383ed86a73488,5,BLOCK-513383ed86a73488
SSCP-4c41e500948065bd,MOL-e42c480d190dae3e,2020_Townsend,AC-78305ee2e743b795,BLOCK-513383ed86a73488,5,BLOCK-513383ed86a73488
SSCP-4c50716c85ffb8fe,MOL-5a7a12a29c16ebbc,2020_Townsend,AC-78305ee2e743b795,BLOCK-513383ed86a73488,5,BLOCK-513383ed86a73488
SSCP-4c5229443395b3ec,MOL-c3e02e4a8fb93930,2020_Townsend,AC-78305ee2e743b795,BLOCK-513383ed86a73488,5,BLOCK-513383ed86a73488
SSCP-4c5a922c253731af,MOL-710ff64a3531e1b9,2021_Kelly,AC-5e5c956882423f52,BLOCK-4494eb5738fce47c,3,BLOCK-4494eb5738fce47c
SSCP-4c6aabb81b471fab,MOL-d597899591b787c9,2013_CHUGAI,AC-cf95401a5715faa6,BLOCK-5c361cba45039733,7,BLOCK-5c361cba45039733
SSCP-4c767d3e08d6b584,MOL-32956a39387d611a,2020_Townsend,AC-78305ee2e743b795,BLOCK-513383ed86a73488,5,BLOCK-513383ed86a73488
SSCP-4c8223ca4b1836c4,MOL-b76a91bc90514aef,2021_Kelly,AC-5e5c956882423f52,BLOCK-4494eb5738fce47c,3,BLOCK-4494eb5738fce47c
SSCP-4c8b6953e3545454,MOL-860fcea42295f940,2020_Townsend,AC-78305ee2e743b795,BLOCK-513383ed86a73488,5,BLOCK-513383ed86a73488
SSCP-4c99ded96609b328,MOL-f9e829899cd86aaa,2020_Townsend,AC-78305ee2e743b795,BLOCK-513383ed86a73488,5,BLOCK-513383ed86a73488
SSCP-4ca0c2846a89ef12,MOL-e8950dbeb7f584a3,2013_CHUGAI,AC-9915a59ccaa1a737,BLOCK-5c361cba45039733,7,BLOCK-5c361cba45039733
SSCP-4ca6d2c6738f82d7,MOL-5390e8eec17d3859,2024_Faris,AC-e82e3e242d3d320c,BLOCK-c5e520eb3b94ff25,15,BLOCK-c5e520eb3b94ff25
SSCP-4caaf492134f90ea,MOL-cf2a2f03d8e2e4ca,2020_Townsend,AC-78305ee2e743b795,BLOCK-513383ed86a73488,5,BLOCK-513383ed86a73488
SSCP-4cae918cf55901ca,MOL-bdfc0f9ac117eb79,2013_CHUGAI,AC-555968db9c5ca11a,BLOCK-5c361cba45039733,7,BLOCK-5c361cba45039733
SSCP-4cbaa44c93473930,MOL-24fbe7cda92e1255,2020_Townsend,AC-78305ee2e743b795,BLOCK-513383ed86a73488,5,BLOCK-513383ed86a73488
SSCP-4cbdadb72b5accf5,MOL-bc312a7abc918c7e,2020_Townsend,AC-78305ee2e743b795,BLOCK-513383ed86a73488,5,BLOCK-513383ed86a73488
SSCP-4cd939a924b592f5,MOL-53fb70d98d565f73,2020_Townsend,AC-78305ee2e743b795,BLOCK-513383ed86a73488,5,BLOCK-513383ed86a73488
SSCP-4cdbbb85f00dc345,MOL-646fb5cbce2c7f83,2020_Townsend,AC-78305ee2e743b795,BLOCK-513383ed86a73488,5,BLOCK-513383ed86a73488
SSCP-4ce17de81212f681,MOL-182d4b8971da55c6,2022_Bhardwaj,AC-9af1ac79d8ff5fc9,BLOCK-513383ed86a73488,5,BLOCK-513383ed86a73488
SSCP-4cfb0575170696cc,MOL-1d40830c3e932a2b,2020_Townsend,AC-78305ee2e743b795,BLOCK-513383ed86a73488,5,BLOCK-513383ed86a73488
SSCP-4cfbb6acf3d2e439,MOL-703e0e6d4893e125,2020_Townsend,AC-78305ee2e743b795,BLOCK-513383ed86a73488,5,BLOCK-513383ed86a73488
SSCP-4d063e9a5f27989f,MOL-9afcb66c81be718e,2020_Townsend,AC-78305ee2e743b795,BLOCK-513383ed86a73488,5,BLOCK-513383ed86a73488
SSCP-4d1dde8872f0ef29,MOL-95b8d611f793e12d,2022_Bhardwaj,AC-2ce5c76f9440d959,BLOCK-513383ed86a73488,5,BLOCK-513383ed86a73488
SSCP-4d2081071953accb,MOL-c7033b499e8e9ac7,2013_CHUGAI,AC-cf95401a5715faa6,BLOCK-5c361cba45039733,7,BLOCK-5c361cba45039733
SSCP-4d3d198570922bc7,MOL-db67394ca39a35f2,2020_Townsend,AC-78305ee2e743b795,BLOCK-513383ed86a73488,5,BLOCK-513383ed86a73488
SSCP-4d3db9292be6f439,MOL-ab3dc5038b369e9d,2016_Furukawa,AC-78305ee2e743b795,BLOCK-513383ed86a73488,5,BLOCK-513383ed86a73488
SSCP-4d3de5b6b9d8b60a,MOL-e5082417b74e6a67,2021_Kelly,AC-5e5c956882423f52,BLOCK-4494eb5738fce47c,3,BLOCK-4494eb5738fce47c
SSCP-4d55fd0609146b62,MOL-03f931aa262c52a8,2013_CHUGAI,AC-9915a59ccaa1a737,BLOCK-5c361cba45039733,7,BLOCK-5c361cba45039733
SSCP-4d6ac799599e25ed,MOL-dbef8239771bffac,2020_Townsend,AC-78305ee2e743b795,BLOCK-513383ed86a73488,5,BLOCK-513383ed86a73488
SSCP-4d721467b4ef3aaa,MOL-cad3a4ca090a58e4,2024_Faris,AC-e82e3e242d3d320c,BLOCK-c5e520eb3b94ff25,15,BLOCK-c5e520eb3b94ff25
SSCP-4d8142a46bc59c4d,MOL-0f22358a80abd583,2020_Townsend,AC-78305ee2e743b795,BLOCK-513383ed86a73488,5,BLOCK-513383ed86a73488
SSCP-4d84bbe15d357ee0,MOL-83482d9b4b8cfd9d,2020_Townsend,AC-78305ee2e743b795,BLOCK-513383ed86a73488,5,BLOCK-513383ed86a73488
SSCP-4d8dad95bd9eabc9,MOL-76ae7c04d3f3ebb4,2021_Kelly,AC-5e5c956882423f52,BLOCK-4494eb5738fce47c,3,BLOCK-4494eb5738fce47c
SSCP-4d980f1653a161df,MOL-dbbad821a9dbb52a,2022_Bhardwaj,AC-73b3462975532c8b,BLOCK-513383ed86a73488,5,BLOCK-513383ed86a73488
SSCP-4da0a49df49eb936,MOL-d6f145011b1ba5b8,2020_Townsend,AC-78305ee2e743b795,BLOCK-513383ed86a73488,5,BLOCK-513383ed86a73488
SSCP-4da2a47fe63c6856,MOL-ed2727f6fa9ef302,2022_Taechalertpaisarn,AC-78305ee2e743b795,BLOCK-513383ed86a73488,5,BLOCK-513383ed86a73488
SSCP-4da7a29b9727d7c2,MOL-bab5a58c3fa007d9,2013_CHUGAI,AC-cf95401a5715faa6,BLOCK-5c361cba45039733,7,BLOCK-5c361cba45039733
SSCP-4dab09122ebea75d,MOL-41422cacddb202b8,2020_Townsend,AC-78305ee2e743b795,BLOCK-513383ed86a73488,5,BLOCK-513383ed86a73488
SSCP-4dbb10c80816f478,MOL-1945ce8fb0d27839,2020_Townsend,AC-78305ee2e743b795,BLOCK-513383ed86a73488,5,BLOCK-513383ed86a73488
SSCP-4dbc2aeae7783ab9,MOL-6b02f7982a308be4,2021_Kelly,AC-5e5c956882423f52,BLOCK-4494eb5738fce47c,3,BLOCK-4494eb5738fce47c
SSCP-4dc648989bbbc924,MOL-4862866688c8f933,2020_Townsend,AC-78305ee2e743b795,BLOCK-513383ed86a73488,5,BLOCK-513383ed86a73488
SSCP-4ddb4fdd7bcd3e5c,MOL-43c5275f098b9755,2024_Ly,AC-b74b4d5565722d16,BLOCK-bb4bcb852b735057,12,BLOCK-bb4bcb852b735057
SSCP-4ddc72d6c07b0403,MOL-d5261fed5fcee7eb,2020_Townsend,AC-78305ee2e743b795,BLOCK-513383ed86a73488,5,BLOCK-513383ed86a73488
SSCP-4dec6c92196855ac,MOL-ede4f3d7e0e25021,2020_Townsend,AC-78305ee2e743b795,BLOCK-513383ed86a73488,5,BLOCK-513383ed86a73488
SSCP-4dfcd48d5e221ac9,MOL-f11cb9cfc4315583,2024_Faris,AC-e82e3e242d3d320c,BLOCK-c5e520eb3b94ff25,15,BLOCK-c5e520eb3b94ff25
SSCP-4dffcc3e3646dc3c,MOL-d79df1c7d7bc3b15,2021_Kelly,AC-ac7e5d0036401990,BLOCK-4494eb5738fce47c,3,BLOCK-4494eb5738fce47c
SSCP-4e020370fc4630cf,MOL-18d68716b661595a,2021_Comeau,AC-b74b4d5565722d16,BLOCK-bb4bcb852b735057,12,BLOCK-bb4bcb852b735057
SSCP-4e0545d0404d2f11,MOL-4e1cf2af6bc64968,2020_Townsend,AC-78305ee2e743b795,BLOCK-513383ed86a73488,5,BLOCK-513383ed86a73488
SSCP-4e0a5c1fefd72716,MOL-189c8d35604da295,2021_Kelly,AC-5e5c956882423f52,BLOCK-4494eb5738fce47c,3,BLOCK-4494eb5738fce47c
SSCP-4e0d8bcf0338d211,MOL-087008159c172a7a,2018_Naylor,AC-78305ee2e743b795,BLOCK-513383ed86a73488,5,BLOCK-513383ed86a73488
SSCP-4e1cbc49a2f802f3,MOL-60abfcbcbd8c789d,2020_Townsend,AC-78305ee2e743b795,BLOCK-513383ed86a73488,5,BLOCK-513383ed86a73488
SSCP-4e26474aa6f4cf02,MOL-5094ecfa067ef9be,2021_Kelly,AC-ac7e5d0036401990,BLOCK-4494eb5738fce47c,3,BLOCK-4494eb5738fce47c
SSCP-4e294de0ecc03a19,MOL-16e33c5f32435209,2024_Faris,AC-e82e3e242d3d320c,BLOCK-c5e520eb3b94ff25,15,BLOCK-c5e520eb3b94ff25
SSCP-4e3358b8eb61c9c4,MOL-f34bca674e68e117,2021_Kelly,AC-6d3257a2b83e15dc,BLOCK-4494eb5738fce47c,3,BLOCK-4494eb5738fce47c
SSCP-4e35a4d81eb62613,MOL-581f258f25624161,2020_Townsend,AC-78305ee2e743b795,BLOCK-513383ed86a73488,5,BLOCK-513383ed86a73488
SSCP-4e3879070bc51c94,MOL-91201da52f4309b3,2020_Townsend,AC-78305ee2e743b795,BLOCK-513383ed86a73488,5,BLOCK-513383ed86a73488
SSCP-4e3f3ebb00173be7,MOL-b88bb25ecc3f02fa,2016_Furukawa,AC-78305ee2e743b795,BLOCK-513383ed86a73488,5,BLOCK-513383ed86a73488
SSCP-4e5582a6aa4fc6c2,MOL-3c3fed3f72844d08,2020_Townsend,AC-78305ee2e743b795,BLOCK-513383ed86a73488,5,BLOCK-513383ed86a73488
SSCP-4e56a87b4c71a71c,MOL-9377c014db6da11a,2020_Townsend,AC-78305ee2e743b795,BLOCK-513383ed86a73488,5,BLOCK-513383ed86a73488
SSCP-4e5b146964e0b39d,MOL-43eacb557df49fe2,2021_Kelly,AC-5e5c956882423f52,BLOCK-4494eb5738fce47c,3,BLOCK-4494eb5738fce47c
SSCP-4e61c72b3be1ad73,MOL-1801851e8511be63,2013_CHUGAI,AC-cf95401a5715faa6,BLOCK-5c361cba45039733,7,BLOCK-5c361cba45039733
SSCP-4e62bc6e78e44920,MOL-f5b86b67f5721dac,2018_Naylor,AC-78305ee2e743b795,BLOCK-513383ed86a73488,5,BLOCK-513383ed86a73488
SSCP-4e77eb8984061552,MOL-924c3962602af6a7,2020_Townsend,AC-78305ee2e743b795,BLOCK-513383ed86a73488,5,BLOCK-513383ed86a73488
SSCP-4eaf05eb65c6056c,MOL-3b34cc16e72bfd76,2020_Le Roux,AC-b74b4d5565722d16,BLOCK-bb4bcb852b735057,12,BLOCK-bb4bcb852b735057
SSCP-4eb1c6e00a02cbf3,MOL-5078bac58db8932e,2013_CHUGAI,AC-cf95401a5715faa6,BLOCK-5c361cba45039733,7,BLOCK-5c361cba45039733
SSCP-4eb571eb2702390a,MOL-7227432e26b43aab,2020_Townsend,AC-78305ee2e743b795,BLOCK-513383ed86a73488,5,BLOCK-513383ed86a73488
SSCP-4eb659ed4b556327,MOL-b44608658f36727c,2013_CHUGAI,AC-cf95401a5715faa6,BLOCK-5c361cba45039733,7,BLOCK-5c361cba45039733
SSCP-4f01d4bf1c848784,MOL-df9625715e94ebd9,2021_Kelly,AC-5e5c956882423f52,BLOCK-4494eb5738fce47c,3,BLOCK-4494eb5738fce47c
SSCP-4f03793e13ac87b4,MOL-5603011f7403df24,2013_CHUGAI,AC-cf95401a5715faa6,BLOCK-5c361cba45039733,7,BLOCK-5c361cba45039733
SSCP-4f0ce07e8c893aae,MOL-b71058fc853eb487,2021_Kelly,AC-5e5c956882423f52,BLOCK-4494eb5738fce47c,3,BLOCK-4494eb5738fce47c
SSCP-4f1202d106592234,MOL-a00447dda726be52,2013_CHUGAI,AC-26bae173914d7ddc,BLOCK-5c361cba45039733,7,BLOCK-5c361cba45039733
SSCP-4f214dbe0886f857,MOL-6c1f1650482f32e8,2018_Naylor,AC-78305ee2e743b795,BLOCK-513383ed86a73488,5,BLOCK-513383ed86a73488
SSCP-4f24fe3a72b1a0de,MOL-e755e89e1e51b39a,2020_Townsend,AC-78305ee2e743b795,BLOCK-513383ed86a73488,5,BLOCK-513383ed86a73488
SSCP-4f2ac6ddc60ca091,MOL-3b33ec6e902ad12f,2013_CHUGAI,AC-cf95401a5715faa6,BLOCK-5c361cba45039733,7,BLOCK-5c361cba45039733
SSCP-4f3cc995e9cbc1ec,MOL-a023ca95ea0ed948,2021_Kelly,AC-5e5c956882423f52,BLOCK-4494eb5738fce47c,3,BLOCK-4494eb5738fce47c
SSCP-4f4dbb75b8643656,MOL-c011de817c033179,2020_Townsend,AC-78305ee2e743b795,BLOCK-513383ed86a73488,5,BLOCK-513383ed86a73488
SSCP-4f5e23cfebb8ec3c,MOL-a09dde14f72a604c,2021_Kelly,AC-ac7e5d0036401990,BLOCK-4494eb5738fce47c,3,BLOCK-4494eb5738fce47c
SSCP-4f6bf77c46c230c1,MOL-f0706ad091a0ec35,2013_CHUGAI,AC-cf95401a5715faa6,BLOCK-5c361cba45039733,7,BLOCK-5c361cba45039733
SSCP-4f6e557d65c63852,MOL-988f717436cf6ec2,2021_Kelly,AC-6d3257a2b83e15dc,BLOCK-4494eb5738fce47c,3,BLOCK-4494eb5738fce47c
SSCP-4f7f967fd5d1d9a3,MOL-062d3989d4fd5cf9,2021_Kelly,AC-ac7e5d0036401990,BLOCK-4494eb5738fce47c,3,BLOCK-4494eb5738fce47c
SSCP-4f807c108abdc2fb,MOL-f43e5ba9196e6f1f,2021_Kelly,AC-5e5c956882423f52,BLOCK-4494eb5738fce47c,3,BLOCK-4494eb5738fce47c
SSCP-4f81a8724ad21e0b,MOL-36782a5b7b41dec0,2020_Townsend,AC-78305ee2e743b795,BLOCK-513383ed86a73488,5,BLOCK-513383ed86a73488
SSCP-4f875ac6a597e2bc,MOL-83837d5876f56f9d,2021_Kelly,AC-5e5c956882423f52,BLOCK-4494eb5738fce47c,3,BLOCK-4494eb5738fce47c
SSCP-4f8c23d7104ef9ba,MOL-07fc20100781fea4,2013_CHUGAI,AC-cf95401a5715faa6,BLOCK-5c361cba45039733,7,BLOCK-5c361cba45039733
SSCP-4f8e62895a54494b,MOL-4511fb751fc83341,2017_Pye,AC-d51aa402a0242ca5,BLOCK-2c0090ee1dd5b17e,1,BLOCK-2c0090ee1dd5b17e
SSCP-4f91128ea0cc12e4,MOL-c0621302d97e5243,2021_Kelly,AC-ac7e5d0036401990,BLOCK-4494eb5738fce47c,3,BLOCK-4494eb5738fce47c
SSCP-4f9397efa7487a4f,MOL-841e2a2ac5e76b02,2020_Townsend,AC-78305ee2e743b795,BLOCK-513383ed86a73488,5,BLOCK-513383ed86a73488
SSCP-4f944a4f50b568eb,MOL-06201c9bd23eee9b,2016_Furukawa,AC-78305ee2e743b795,BLOCK-513383ed86a73488,5,BLOCK-513383ed86a73488
SSCP-4f9e42dff49a4d23,MOL-b137847fd170ceba,2016_Furukawa,AC-78305ee2e743b795,BLOCK-513383ed86a73488,5,BLOCK-513383ed86a73488
SSCP-4fa3dae6a40f69ef,MOL-2b28480676bd8f4f,2021_Kelly,AC-5e5c956882423f52,BLOCK-4494eb5738fce47c,3,BLOCK-4494eb5738fce47c
SSCP-4facc48fc97cccf4,MOL-e277abb001aeae81,2022_Taechalertpaisarn,AC-78305ee2e743b795,BLOCK-513383ed86a73488,5,BLOCK-513383ed86a73488
SSCP-4fb0bfce65f2d0e8,MOL-184dd529a6d961f4,2024_Faris,AC-e82e3e242d3d320c,BLOCK-c5e520eb3b94ff25,15,BLOCK-c5e520eb3b94ff25
SSCP-4fb0f43c8a15f60e,MOL-af3845ccb45f4c5f,2020_Townsend,AC-78305ee2e743b795,BLOCK-513383ed86a73488,5,BLOCK-513383ed86a73488
SSCP-4fb269295acdfe86,MOL-9fe8e6a366011bde,2020_Townsend,AC-78305ee2e743b795,BLOCK-513383ed86a73488,5,BLOCK-513383ed86a73488
SSCP-4fb3e0a63c4deaa1,MOL-a594f5906d5245a2,2020_Townsend,AC-78305ee2e743b795,BLOCK-513383ed86a73488,5,BLOCK-513383ed86a73488
SSCP-4fb9753c6cb666a7,MOL-9c1fa4ce997517c7,2021_Kelly,AC-5e5c956882423f52,BLOCK-4494eb5738fce47c,3,BLOCK-4494eb5738fce47c
SSCP-4fc1b5e1e527e877,MOL-382ad12d8fb1cc88,2020_Townsend,AC-78305ee2e743b795,BLOCK-513383ed86a73488,5,BLOCK-513383ed86a73488
SSCP-4fc9042246c66758,MOL-b57963638af80e5d,2016_Furukawa,AC-78305ee2e743b795,BLOCK-513383ed86a73488,5,BLOCK-513383ed86a73488
SSCP-4fd4c685e53f4f04,MOL-735503269a9a9132,2013_CHUGAI,AC-cf95401a5715faa6,BLOCK-5c361cba45039733,7,BLOCK-5c361cba45039733
SSCP-4fd6d829fc58d5ed,MOL-db2458b620fcfec3,2020_Townsend,AC-78305ee2e743b795,BLOCK-513383ed86a73488,5,BLOCK-513383ed86a73488
SSCP-4fdda3cbaecd161d,MOL-2a8a894d882b64fd,2020_Townsend,AC-78305ee2e743b795,BLOCK-513383ed86a73488,5,BLOCK-513383ed86a73488
SSCP-4fdf81f5a25113da,MOL-cddd25fae508c2f0,2024_Ly,AC-b74b4d5565722d16,BLOCK-bb4bcb852b735057,12,BLOCK-bb4bcb852b735057
SSCP-4fe0e23479210a38,MOL-be92c4f4eaf3d270,2020_Townsend,AC-78305ee2e743b795,BLOCK-513383ed86a73488,5,BLOCK-513383ed86a73488
SSCP-4feeac3b931c561f,MOL-df93a058a96ec10a,2020_Townsend,AC-78305ee2e743b795,BLOCK-513383ed86a73488,5,BLOCK-513383ed86a73488
SSCP-4ffa3075ca6a0ea6,MOL-dadd559c545eef0d,2020_Townsend,AC-78305ee2e743b795,BLOCK-513383ed86a73488,5,BLOCK-513383ed86a73488
SSCP-4ffe1f6326be1ad0,MOL-8589998a9f5574c4,2015_Bockus_2,AC-75c6ac7476f86a1a,BLOCK-ad504a636f9fcddf,11,BLOCK-ad504a636f9fcddf
SSCP-5004bf60903ab12c,MOL-70080468a5b790ef,2024_Faris,AC-e82e3e242d3d320c,BLOCK-c5e520eb3b94ff25,15,BLOCK-c5e520eb3b94ff25
SSCP-500b3130c32c2229,MOL-8b94f743504f8bd5,2013_CHUGAI,AC-cf95401a5715faa6,BLOCK-5c361cba45039733,7,BLOCK-5c361cba45039733
SSCP-500b4d505711aa9d,MOL-3aa1d63c64f8617e,2020_Townsend,AC-78305ee2e743b795,BLOCK-513383ed86a73488,5,BLOCK-513383ed86a73488
SSCP-501572cf7cabc5a5,MOL-ad40aba396f55efd,2021_Kelly,AC-ac7e5d0036401990,BLOCK-4494eb5738fce47c,3,BLOCK-4494eb5738fce47c
SSCP-50160d2ae305b2fa,MOL-2a6d9e1821ce5fdc,2021_Kelly,AC-5e5c956882423f52,BLOCK-4494eb5738fce47c,3,BLOCK-4494eb5738fce47c
SSCP-501cbf81868154c6,MOL-dfa03ca944b1e65f,2020_Barlow,AC-741ab05286c210ec,BLOCK-8dbd1f0100199b32,10,BLOCK-8dbd1f0100199b32
SSCP-50253b2828d85a1d,MOL-7fa023dce84eceef,2020_Townsend,AC-78305ee2e743b795,BLOCK-513383ed86a73488,5,BLOCK-513383ed86a73488
SSCP-5026178c8874b7db,MOL-a65d8dfb23dc494a,2016_Furukawa,AC-78305ee2e743b795,BLOCK-513383ed86a73488,5,BLOCK-513383ed86a73488
SSCP-503d98d51b157d24,MOL-a108fcb8450f70d0,2020_Townsend,AC-78305ee2e743b795,BLOCK-513383ed86a73488,5,BLOCK-513383ed86a73488
SSCP-5051c14968bb6229,MOL-99e231fad2b73263,2020_Townsend,AC-78305ee2e743b795,BLOCK-513383ed86a73488,5,BLOCK-513383ed86a73488
SSCP-50604013c999f1e1,MOL-cb145cb4d8557217,2020_Townsend,AC-78305ee2e743b795,BLOCK-513383ed86a73488,5,BLOCK-513383ed86a73488
SSCP-506056a6dd93d211,MOL-ee839f500ec32fd4,2020_Townsend,AC-78305ee2e743b795,BLOCK-513383ed86a73488,5,BLOCK-513383ed86a73488
SSCP-50686ff1e1f4df13,MOL-44275f1e262fcb40,2016_Furukawa,AC-78305ee2e743b795,BLOCK-513383ed86a73488,5,BLOCK-513383ed86a73488
SSCP-50777b93424adb5b,MOL-38dbb5ef1d1aea05,2022_Bhardwaj,AC-0df859e9d02eec12,BLOCK-513383ed86a73488,5,BLOCK-513383ed86a73488
SSCP-50884a9d0655873e,MOL-53f81b7c00521b13,2021_Kelly,AC-5e5c956882423f52,BLOCK-4494eb5738fce47c,3,BLOCK-4494eb5738fce47c
SSCP-508b3d4faf45cbe0,MOL-23a474acb9272e94,2020_Townsend,AC-78305ee2e743b795,BLOCK-513383ed86a73488,5,BLOCK-513383ed86a73488
SSCP-508ed943452a57c1,MOL-3a620ca003aee5e9,2020_Townsend,AC-78305ee2e743b795,BLOCK-513383ed86a73488,5,BLOCK-513383ed86a73488
SSCP-50a72fd858450aba,MOL-d5bd5263f61e2073,2021_Kelly,AC-5e5c956882423f52,BLOCK-4494eb5738fce47c,3,BLOCK-4494eb5738fce47c
SSCP-50b0fb9a6e133dd5,MOL-a8f2afc2a9c884c3,2020_Townsend,AC-78305ee2e743b795,BLOCK-513383ed86a73488,5,BLOCK-513383ed86a73488
SSCP-50da7f187080f427,MOL-dad7f75b50ab0d9c,2020_Townsend,AC-78305ee2e743b795,BLOCK-513383ed86a73488,5,BLOCK-513383ed86a73488
SSCP-50daba5b47fbb664,MOL-44389aa68f2c1cf5,2016_Furukawa,AC-78305ee2e743b795,BLOCK-513383ed86a73488,5,BLOCK-513383ed86a73488
SSCP-50dc292758f67529,MOL-956e0d936a0922e8,2022_Bhardwaj,AC-fc3796b0e898f19d,BLOCK-513383ed86a73488,5,BLOCK-513383ed86a73488
SSCP-50e3d5416b877759,MOL-03e9d17b1a3d8292,2021_Kelly,AC-ac7e5d0036401990,BLOCK-4494eb5738fce47c,3,BLOCK-4494eb5738fce47c
SSCP-50edccc0566bbc85,MOL-cf2b7cffbbef582b,2024_Faris,AC-e82e3e242d3d320c,BLOCK-c5e520eb3b94ff25,15,BLOCK-c5e520eb3b94ff25
SSCP-50fa802aa173f2e8,MOL-9228d07918407ff1,2021_Comeau,AC-b74b4d5565722d16,BLOCK-bb4bcb852b735057,12,BLOCK-bb4bcb852b735057
SSCP-512d972499a3b754,MOL-905d2b6e77a72e82,2020_Townsend,AC-78305ee2e743b795,BLOCK-513383ed86a73488,5,BLOCK-513383ed86a73488
SSCP-512e6ee8f0fe46a4,MOL-bd5e4686acc96f87,2013_CHUGAI,AC-9d40ddaf60da40cc,BLOCK-5c361cba45039733,7,BLOCK-5c361cba45039733
SSCP-513b61cc7e2bce45,MOL-2832445646d81c66,2016_Furukawa,AC-78305ee2e743b795,BLOCK-513383ed86a73488,5,BLOCK-513383ed86a73488
SSCP-515bba62b2c4e272,MOL-44857ddd741e0689,2021_Kelly,AC-6d3257a2b83e15dc,BLOCK-4494eb5738fce47c,3,BLOCK-4494eb5738fce47c
SSCP-5161e06566d806cc,MOL-681ef49f4228c559,2016_Furukawa,AC-78305ee2e743b795,BLOCK-513383ed86a73488,5,BLOCK-513383ed86a73488
SSCP-5163b2eedce1b660,MOL-75df8acd69c4fc1e,2020_Townsend,AC-78305ee2e743b795,BLOCK-513383ed86a73488,5,BLOCK-513383ed86a73488
SSCP-516b382936727bf4,MOL-a2c4e95ddc135f84,2020_Townsend,AC-78305ee2e743b795,BLOCK-513383ed86a73488,5,BLOCK-513383ed86a73488
SSCP-5170b25b9ca400eb,MOL-4503febb84c2c249,2020_Townsend,AC-78305ee2e743b795,BLOCK-513383ed86a73488,5,BLOCK-513383ed86a73488
SSCP-51744dee7e6a567a,MOL-7579c6ad00e88b60,2021_Kelly,AC-ac7e5d0036401990,BLOCK-4494eb5738fce47c,3,BLOCK-4494eb5738fce47c
SSCP-5184ddeaa9d2f207,MOL-e67c9df0cf93b380,2020_Townsend,AC-78305ee2e743b795,BLOCK-513383ed86a73488,5,BLOCK-513383ed86a73488
SSCP-5192efc2ef43656c,MOL-6c917899946e9831,2020_Townsend,AC-78305ee2e743b795,BLOCK-513383ed86a73488,5,BLOCK-513383ed86a73488
SSCP-51b8acaad677b434,MOL-d6040c8ffc137172,2016_Furukawa,AC-78305ee2e743b795,BLOCK-513383ed86a73488,5,BLOCK-513383ed86a73488
SSCP-51de1d38f5c24825,MOL-7af26e2dfd6e324e,2015_Bockus_1,AC-4fddafacd59ca560,BLOCK-513383ed86a73488,5,BLOCK-513383ed86a73488
SSCP-51eab8131d03f4f2,MOL-7447e7fb405ef245,2015_Ahlbach,AC-361bbb197add489f,BLOCK-513383ed86a73488,5,BLOCK-513383ed86a73488
SSCP-51eac6b95c73df06,MOL-b0f182101b73e77c,2020_Townsend,AC-78305ee2e743b795,BLOCK-513383ed86a73488,5,BLOCK-513383ed86a73488
SSCP-51ef81c52fe22e4f,MOL-f0f5eae6966221e2,2020_Townsend,AC-78305ee2e743b795,BLOCK-513383ed86a73488,5,BLOCK-513383ed86a73488
SSCP-51f0114d0c2d42d3,MOL-d1ecca37c782fd9a,2020_Townsend,AC-78305ee2e743b795,BLOCK-513383ed86a73488,5,BLOCK-513383ed86a73488
SSCP-51f47d48a7bf6ea1,MOL-cd8b515de3d01c73,2024_Faris,AC-e82e3e242d3d320c,BLOCK-c5e520eb3b94ff25,15,BLOCK-c5e520eb3b94ff25
SSCP-5201113b43aecbdb,MOL-ba1143b69c83aae8,2022_Bhardwaj,AC-041b66dc1a25d197,BLOCK-513383ed86a73488,5,BLOCK-513383ed86a73488
SSCP-5208a0c4ee3b53b5,MOL-7e25849af6301be8,2022_Bhardwaj,AC-42e97c50b42ea283,BLOCK-513383ed86a73488,5,BLOCK-513383ed86a73488
SSCP-522ec085f4a931c7,MOL-ec5b87842af63ec0,2016_Furukawa,AC-78305ee2e743b795,BLOCK-513383ed86a73488,5,BLOCK-513383ed86a73488
SSCP-5233a166a5ca060d,MOL-96f17a2b444246b9,2016_Furukawa,AC-78305ee2e743b795,BLOCK-513383ed86a73488,5,BLOCK-513383ed86a73488
SSCP-523a4b1494c8cf95,MOL-9c60338fe223865d,2013_CHUGAI,AC-cf95401a5715faa6,BLOCK-5c361cba45039733,7,BLOCK-5c361cba45039733
SSCP-523cba9df755677d,MOL-34ca33cf5d3e52f1,2020_Townsend,AC-78305ee2e743b795,BLOCK-513383ed86a73488,5,BLOCK-513383ed86a73488
SSCP-5250669abd001a45,MOL-4ac53dac3beb366b,2013_CHUGAI,AC-9915a59ccaa1a737,BLOCK-5c361cba45039733,7,BLOCK-5c361cba45039733
SSCP-5252e555d24be969,MOL-d004124d7a343110,2021_Kelly,AC-5e5c956882423f52,BLOCK-4494eb5738fce47c,3,BLOCK-4494eb5738fce47c
SSCP-525b251d228a3fe5,MOL-f5522e629e8185a3,2020_Le Roux,AC-b74b4d5565722d16,BLOCK-bb4bcb852b735057,12,BLOCK-bb4bcb852b735057
SSCP-525b502641bc780b,MOL-260c95986a6474ba,2024_Faris,AC-e82e3e242d3d320c,BLOCK-c5e520eb3b94ff25,15,BLOCK-c5e520eb3b94ff25
SSCP-528827cc1aa4e8ef,MOL-b2a8b9fb0b53018d,2020_Townsend,AC-78305ee2e743b795,BLOCK-513383ed86a73488,5,BLOCK-513383ed86a73488
SSCP-52a8e54fe6382d8e,MOL-3c7d44f83c880af3,2013_CHUGAI,AC-9915a59ccaa1a737,BLOCK-5c361cba45039733,7,BLOCK-5c361cba45039733
SSCP-52c826c56766729c,MOL-381c6d0540d0ebf3,2013_CHUGAI,AC-cf95401a5715faa6,BLOCK-5c361cba45039733,7,BLOCK-5c361cba45039733
SSCP-52d8f98d3867b333,MOL-40e93d6aff929723,2020_Townsend,AC-78305ee2e743b795,BLOCK-513383ed86a73488,5,BLOCK-513383ed86a73488
SSCP-52ddd7f531e7d89a,MOL-46c66d53bd01b27c,2021_Kelly,AC-5e5c956882423f52,BLOCK-4494eb5738fce47c,3,BLOCK-4494eb5738fce47c
SSCP-52de642b5f81451d,MOL-0ba9f288785c7112,2021_Kelly,AC-5e5c956882423f52,BLOCK-4494eb5738fce47c,3,BLOCK-4494eb5738fce47c
SSCP-52eb639a43711065,MOL-35cecd39d8bda9c1,2020_Townsend,AC-78305ee2e743b795,BLOCK-513383ed86a73488,5,BLOCK-513383ed86a73488
SSCP-52f55046703aed9c,MOL-976833b3b5d8d40e,2021_Kelly,AC-6d3257a2b83e15dc,BLOCK-4494eb5738fce47c,3,BLOCK-4494eb5738fce47c
SSCP-52fcc2fe8f2487a9,MOL-6ae7f3baf2e5e2ff,2016_Furukawa,AC-78305ee2e743b795,BLOCK-513383ed86a73488,5,BLOCK-513383ed86a73488
SSCP-5308083fef30ce42,MOL-7174173654540e14,2020_Townsend,AC-78305ee2e743b795,BLOCK-513383ed86a73488,5,BLOCK-513383ed86a73488
SSCP-530c4bafbdaf78df,MOL-4601e0933ca48d4c,2020_Townsend,AC-78305ee2e743b795,BLOCK-513383ed86a73488,5,BLOCK-513383ed86a73488
SSCP-530cb2585f07eb3d,MOL-2c0a14bff51de3a4,2021_Kelly,AC-5e5c956882423f52,BLOCK-4494eb5738fce47c,3,BLOCK-4494eb5738fce47c
SSCP-5318ef170d612460,MOL-9cd416ce9623db0e,2016_Furukawa,AC-78305ee2e743b795,BLOCK-513383ed86a73488,5,BLOCK-513383ed86a73488
SSCP-531e49bd013a4185,MOL-d4def73f89a64c67,2016_Hickey,AC-caa6a2b0faf1de20,BLOCK-513383ed86a73488,5,BLOCK-513383ed86a73488
SSCP-5322fde440c05450,MOL-17ac9f1650ed9fb6,2021_Wang,AC-fbc7f1ef462beb7f,BLOCK-d0fe24e9c28856d1,16,BLOCK-d0fe24e9c28856d1
SSCP-5336768e0a0733e6,MOL-665244f9cdd80fb8,2021_Kelly,AC-5e5c956882423f52,BLOCK-4494eb5738fce47c,3,BLOCK-4494eb5738fce47c
SSCP-534b0e2075ea9b4a,MOL-5eb59fbf848984fe,2013_CHUGAI,AC-9915a59ccaa1a737,BLOCK-5c361cba45039733,7,BLOCK-5c361cba45039733
SSCP-534c2f0b2fefa622,MOL-9b3746e7b067a8f1,2021_Kelly,AC-ac7e5d0036401990,BLOCK-4494eb5738fce47c,3,BLOCK-4494eb5738fce47c
SSCP-53513486a722b242,MOL-343f269a613fb104,2020_Furukawa,AC-114e657b947b31ec,BLOCK-5f91132e1b252609,9,BLOCK-5f91132e1b252609
SSCP-5353220f958ec1a2,MOL-f5b8927f60b6934c,2021_Kelly,AC-ac7e5d0036401990,BLOCK-4494eb5738fce47c,3,BLOCK-4494eb5738fce47c
SSCP-53548812ed70c653,MOL-d3df64b3da15b61e,2015_Lewis,AC-78305ee2e743b795,BLOCK-513383ed86a73488,5,BLOCK-513383ed86a73488
SSCP-53556d9e199c2783,MOL-dca636e5a9b76a5e,2020_Townsend,AC-78305ee2e743b795,BLOCK-513383ed86a73488,5,BLOCK-513383ed86a73488
SSCP-53570ac13390e6e5,MOL-d3e82741dd6a0550,2021_Kelly,AC-5e5c956882423f52,BLOCK-4494eb5738fce47c,3,BLOCK-4494eb5738fce47c
SSCP-5359503f502a7837,MOL-9036398b2ea8c0a6,2020_Townsend,AC-78305ee2e743b795,BLOCK-513383ed86a73488,5,BLOCK-513383ed86a73488
SSCP-535f7998a166004c,MOL-931dcd8139b61850,2021_Kelly,AC-ac7e5d0036401990,BLOCK-4494eb5738fce47c,3,BLOCK-4494eb5738fce47c
SSCP-53765197110d7c42,MOL-b7fbcdab6cf5a2d6,2020_Townsend,AC-78305ee2e743b795,BLOCK-513383ed86a73488,5,BLOCK-513383ed86a73488
SSCP-538ac6457c79e2a5,MOL-e5ac99889d47351b,2021_Kelly,AC-5e5c956882423f52,BLOCK-4494eb5738fce47c,3,BLOCK-4494eb5738fce47c
SSCP-539a698fe38ea588,MOL-1adf763ac26143db,2013_CHUGAI,AC-9915a59ccaa1a737,BLOCK-5c361cba45039733,7,BLOCK-5c361cba45039733
SSCP-539f26d55658cf97,MOL-cd1f617756d4b719,2021_Wang,AC-fbc7f1ef462beb7f,BLOCK-d0fe24e9c28856d1,16,BLOCK-d0fe24e9c28856d1
SSCP-53b2d193082aa394,MOL-6f3cde9f10c13be4,2016_Furukawa,AC-78305ee2e743b795,BLOCK-513383ed86a73488,5,BLOCK-513383ed86a73488
SSCP-53b4c22612e91f3e,MOL-cd2860703a329fac,2020_Townsend,AC-78305ee2e743b795,BLOCK-513383ed86a73488,5,BLOCK-513383ed86a73488
SSCP-53b9d0d1e1429325,MOL-6b51e5de2be29db7,2013_CHUGAI,AC-9915a59ccaa1a737,BLOCK-5c361cba45039733,7,BLOCK-5c361cba45039733
SSCP-53ba5b9df4859d49,MOL-45e42d06955189df,2020_Townsend,AC-78305ee2e743b795,BLOCK-513383ed86a73488,5,BLOCK-513383ed86a73488
SSCP-53bffbe1a720dd64,MOL-b7c0d8a3addb02fe,2020_Townsend,AC-78305ee2e743b795,BLOCK-513383ed86a73488,5,BLOCK-513383ed86a73488
SSCP-53e9ba0dcc44c7ab,MOL-432b7c272a87b5fb,2020_Townsend,AC-78305ee2e743b795,BLOCK-513383ed86a73488,5,BLOCK-513383ed86a73488
SSCP-53ed065fab0622b5,MOL-22ca98a5ff20b357,2022_Lee,AC-4cbd321fd3e6c472,BLOCK-513383ed86a73488,5,BLOCK-513383ed86a73488
SSCP-53f13f0f5292a3e3,MOL-63a2fa53e7dbaf12,2021_Kelly,AC-5e5c956882423f52,BLOCK-4494eb5738fce47c,3,BLOCK-4494eb5738fce47c
SSCP-53f7decada88f06a,MOL-7d57aad7c2639a7a,2022_Bhardwaj,AC-6e23925109895536,BLOCK-513383ed86a73488,5,BLOCK-513383ed86a73488
SSCP-540bd08b709917ab,MOL-4f714b9069e760f8,2020_Townsend,AC-78305ee2e743b795,BLOCK-513383ed86a73488,5,BLOCK-513383ed86a73488
SSCP-540dd0fd0e2fbfb8,MOL-5ab4bc2be806ce62,2020_Townsend,AC-78305ee2e743b795,BLOCK-513383ed86a73488,5,BLOCK-513383ed86a73488
SSCP-5412ce3ce6cafbd7,MOL-24cbec2435ec056f,2023_Ghosh,AC-2e794211b979bb3e,BLOCK-513383ed86a73488,5,BLOCK-513383ed86a73488
SSCP-541ad98f362df99c,MOL-c0201d1851e32889,2020_Townsend,AC-78305ee2e743b795,BLOCK-513383ed86a73488,5,BLOCK-513383ed86a73488
SSCP-541b16490db2cb7f,MOL-f52b24f5914ccf18,2016_Furukawa,AC-78305ee2e743b795,BLOCK-513383ed86a73488,5,BLOCK-513383ed86a73488
SSCP-542679e257223de6,MOL-d5c15c0182430e38,2013_CHUGAI,AC-fe6d79d4ed8bf27d,BLOCK-5c361cba45039733,7,BLOCK-5c361cba45039733
SSCP-542ff88f773297ac,MOL-051c5f9f84d99fd9,2020_Townsend,AC-78305ee2e743b795,BLOCK-513383ed86a73488,5,BLOCK-513383ed86a73488
SSCP-543069be1cafd0e9,MOL-dd9cb43bf8839e13,2013_CHUGAI,AC-eb7a07502141cab6,BLOCK-5c361cba45039733,7,BLOCK-5c361cba45039733
SSCP-543e04626ba18aad,MOL-fa4e90db36315af0,2020_Townsend,AC-78305ee2e743b795,BLOCK-513383ed86a73488,5,BLOCK-513383ed86a73488
SSCP-5445c671acaf49c9,MOL-a842c5a602b7c253,2021_Kelly,AC-5e5c956882423f52,BLOCK-4494eb5738fce47c,3,BLOCK-4494eb5738fce47c
SSCP-5452121b69f3b7c7,MOL-d21bb2502bdae41b,2020_Townsend,AC-78305ee2e743b795,BLOCK-513383ed86a73488,5,BLOCK-513383ed86a73488
SSCP-54544253045000f5,MOL-7e7d0875702734e0,2020_Townsend,AC-78305ee2e743b795,BLOCK-513383ed86a73488,5,BLOCK-513383ed86a73488
SSCP-546c0756f7ddf393,MOL-37ee3417aa874e6e,2020_Townsend,AC-78305ee2e743b795,BLOCK-513383ed86a73488,5,BLOCK-513383ed86a73488
SSCP-546ec343d0340ce9,MOL-d05ce7a673e491d7,2021_Kelly,AC-ac7e5d0036401990,BLOCK-4494eb5738fce47c,3,BLOCK-4494eb5738fce47c
SSCP-547d5a9beebfd7c2,MOL-1b20f65726c48f79,2022_Lee,AC-4cbd321fd3e6c472,BLOCK-513383ed86a73488,5,BLOCK-513383ed86a73488
SSCP-5482ec0d545df370,MOL-f3ba2339daeca71d,2023_Ghosh,AC-78305ee2e743b795,BLOCK-513383ed86a73488,5,BLOCK-513383ed86a73488
SSCP-549ef68ed7ffa320,MOL-65f809b5d84d1f79,2021_Kelly,AC-5e5c956882423f52,BLOCK-4494eb5738fce47c,3,BLOCK-4494eb5738fce47c
SSCP-54a04a2a95a79598,MOL-71e904405da1761a,2021_Kelly,AC-5e5c956882423f52,BLOCK-4494eb5738fce47c,3,BLOCK-4494eb5738fce47c
SSCP-54b4f32fb4363334,MOL-ebc102d680b53f47,2013_CHUGAI,AC-9915a59ccaa1a737,BLOCK-5c361cba45039733,7,BLOCK-5c361cba45039733
SSCP-54b6b1a7d73ab40e,MOL-3b72df91333b5d1b,2013_CHUGAI,AC-2cfa97da19f0b47b,BLOCK-5c361cba45039733,7,BLOCK-5c361cba45039733
SSCP-54be08e588e1ba33,MOL-aeffaeb4caaf6c6c,2020_Townsend,AC-78305ee2e743b795,BLOCK-513383ed86a73488,5,BLOCK-513383ed86a73488
SSCP-54c463380cf7700f,MOL-5a2159fe26b923a8,2020_Townsend,AC-78305ee2e743b795,BLOCK-513383ed86a73488,5,BLOCK-513383ed86a73488
SSCP-54d15ee02068b0fb,MOL-9ed95c06559ae3bb,2020_Townsend,AC-78305ee2e743b795,BLOCK-513383ed86a73488,5,BLOCK-513383ed86a73488
SSCP-54d652a7d44de793,MOL-5fbf43a7aa6a9f9e,2024_Faris,AC-e82e3e242d3d320c,BLOCK-c5e520eb3b94ff25,15,BLOCK-c5e520eb3b94ff25
SSCP-54da73c4a8b8ff35,MOL-e2dfd39012395ff0,2020_Townsend,AC-78305ee2e743b795,BLOCK-513383ed86a73488,5,BLOCK-513383ed86a73488
SSCP-54deeaa30bd20cb0,MOL-996770f72affacc4,2021_Golosov,AC-86cc498249bfbe27,BLOCK-394ff80f01cbc968,2,BLOCK-394ff80f01cbc968
SSCP-54e16d1f1e66ce8b,MOL-2c088cf53423fe23,2020_Townsend,AC-78305ee2e743b795,BLOCK-513383ed86a73488,5,BLOCK-513383ed86a73488
SSCP-54e34786050c0ff4,MOL-4fef3de0fdf02fb5,2021_Kelly,AC-5e5c956882423f52,BLOCK-4494eb5738fce47c,3,BLOCK-4494eb5738fce47c
SSCP-54f57466a401b8fc,MOL-19c100eb16bfeef7,2021_Kelly,AC-5e5c956882423f52,BLOCK-4494eb5738fce47c,3,BLOCK-4494eb5738fce47c
SSCP-54f6b78965e5f864,MOL-29e750a82ac94b2d,2020_Townsend,AC-78305ee2e743b795,BLOCK-513383ed86a73488,5,BLOCK-513383ed86a73488
SSCP-54fc17255363cb28,MOL-8757dc53694f1923,2016_Furukawa,AC-78305ee2e743b795,BLOCK-513383ed86a73488,5,BLOCK-513383ed86a73488
SSCP-54ffe8422552c6fe,MOL-0f298745b3b3dc90,2016_Furukawa,AC-78305ee2e743b795,BLOCK-513383ed86a73488,5,BLOCK-513383ed86a73488
SSCP-550a16e1db08b1e4,MOL-576ee126d486240d,2016_Furukawa,AC-78305ee2e743b795,BLOCK-513383ed86a73488,5,BLOCK-513383ed86a73488
SSCP-550b6081cd5629fe,MOL-204f156a89da5a5d,2020_Townsend,AC-78305ee2e743b795,BLOCK-513383ed86a73488,5,BLOCK-513383ed86a73488
SSCP-5515dbbf5c41ce74,MOL-1a1e445e25fe10d6,2021_Kelly,AC-5e5c956882423f52,BLOCK-4494eb5738fce47c,3,BLOCK-4494eb5738fce47c
SSCP-551b5d420a31fd41,MOL-8ebc7fc7ac798181,2020_Townsend,AC-78305ee2e743b795,BLOCK-513383ed86a73488,5,BLOCK-513383ed86a73488
SSCP-551ee949b3637ced,MOL-a3dbfcd86c654725,2021_Kelly,AC-ac7e5d0036401990,BLOCK-4494eb5738fce47c,3,BLOCK-4494eb5738fce47c
SSCP-55208d47b401b042,MOL-314a843f760a195b,2020_Townsend,AC-78305ee2e743b795,BLOCK-513383ed86a73488,5,BLOCK-513383ed86a73488
SSCP-5528d99a80642384,MOL-2efc8d55a42139b3,2022_Taechalertpaisarn,AC-78305ee2e743b795,BLOCK-513383ed86a73488,5,BLOCK-513383ed86a73488
SSCP-55326284cd3da4c1,MOL-6fa4a1536a0f0c2a,2013_CHUGAI,AC-cf95401a5715faa6,BLOCK-5c361cba45039733,7,BLOCK-5c361cba45039733
SSCP-553430d82b09f7ff,MOL-e6654d40417bcc53,2015_Wang,AC-78305ee2e743b795,BLOCK-513383ed86a73488,5,BLOCK-513383ed86a73488
SSCP-553d2106b50b4c5a,MOL-5b88e76149b15b20,2021_Kelly,AC-5e5c956882423f52,BLOCK-4494eb5738fce47c,3,BLOCK-4494eb5738fce47c
SSCP-5542d5eb52c4fb97,MOL-c178c92b62e12965,2021_Kelly,AC-5e5c956882423f52,BLOCK-4494eb5738fce47c,3,BLOCK-4494eb5738fce47c
SSCP-554b3ff4937a7fc0,MOL-e56b8d0789b83e10,2024_Koch,AC-e82e3e242d3d320c,BLOCK-c5e520eb3b94ff25,15,BLOCK-c5e520eb3b94ff25
SSCP-554c3082bfde7d60,MOL-5caf6eedc630c771,2020_Townsend,AC-78305ee2e743b795,BLOCK-513383ed86a73488,5,BLOCK-513383ed86a73488
SSCP-55529ab2f275b181,MOL-7a234154bfe60804,2015_Wang,AC-78305ee2e743b795,BLOCK-513383ed86a73488,5,BLOCK-513383ed86a73488
SSCP-55707e3e6d5ae29a,MOL-c2261a17be87b9c8,2020_Townsend,AC-78305ee2e743b795,BLOCK-513383ed86a73488,5,BLOCK-513383ed86a73488
SSCP-5570df2f4c7866e9,MOL-e5fb83f25e59952e,2020_Townsend,AC-78305ee2e743b795,BLOCK-513383ed86a73488,5,BLOCK-513383ed86a73488
SSCP-5572d4dc92f662bc,MOL-6baef1fb7de8b178,2013_CHUGAI,AC-cf95401a5715faa6,BLOCK-5c361cba45039733,7,BLOCK-5c361cba45039733
SSCP-557ef8e2394b2aa7,MOL-519a107ff2342a3e,2020_Townsend,AC-78305ee2e743b795,BLOCK-513383ed86a73488,5,BLOCK-513383ed86a73488
SSCP-558004fad87b20a4,MOL-0e6bf418ef74f882,2020_Townsend,AC-78305ee2e743b795,BLOCK-513383ed86a73488,5,BLOCK-513383ed86a73488
SSCP-5592278e9f2ef340,MOL-f89968b94d8de319,2013_CHUGAI,AC-9915a59ccaa1a737,BLOCK-5c361cba45039733,7,BLOCK-5c361cba45039733
SSCP-5592d5aea4eb21e4,MOL-dd175ab674f44420,2013_CHUGAI,AC-555968db9c5ca11a,BLOCK-5c361cba45039733,7,BLOCK-5c361cba45039733
SSCP-55a1844299112e8a,MOL-abebc8257aae064b,2021_Kelly,AC-5e5c956882423f52,BLOCK-4494eb5738fce47c,3,BLOCK-4494eb5738fce47c
SSCP-55a9745a34c20f4b,MOL-c4543288a9b43458,2013_CHUGAI,AC-cf95401a5715faa6,BLOCK-5c361cba45039733,7,BLOCK-5c361cba45039733
SSCP-55b5999781d224cf,MOL-8007f1d0c0e3795c,2020_Townsend,AC-78305ee2e743b795,BLOCK-513383ed86a73488,5,BLOCK-513383ed86a73488
SSCP-55c1f363a76ab7d3,MOL-6537d27d8b2b739e,2020_Townsend,AC-78305ee2e743b795,BLOCK-513383ed86a73488,5,BLOCK-513383ed86a73488
SSCP-55c93f28758cb1c0,MOL-1e3ccb32e368bb78,2020_Townsend,AC-78305ee2e743b795,BLOCK-513383ed86a73488,5,BLOCK-513383ed86a73488
SSCP-55cfb09876ec8b97,MOL-3dc2d41a9ec67e42,2020_Townsend,AC-78305ee2e743b795,BLOCK-513383ed86a73488,5,BLOCK-513383ed86a73488
SSCP-55decc3a0af9417d,MOL-503fe5540df2844a,2022_Bhardwaj,AC-c112c0f22ec804bb,BLOCK-513383ed86a73488,5,BLOCK-513383ed86a73488
SSCP-55e6ee4a59413da1,MOL-ac43297e700b7899,2020_Townsend,AC-78305ee2e743b795,BLOCK-513383ed86a73488,5,BLOCK-513383ed86a73488
SSCP-55e8abfa3a4daff6,MOL-39205f94cb5784bd,2021_Kelly,AC-5e5c956882423f52,BLOCK-4494eb5738fce47c,3,BLOCK-4494eb5738fce47c
SSCP-55f640e37603a361,MOL-360c648db8b86016,2016_Furukawa,AC-78305ee2e743b795,BLOCK-513383ed86a73488,5,BLOCK-513383ed86a73488
SSCP-5617703ed2f56bf8,MOL-b142d91fb7d298a8,2015_Bockus_2,AC-75c6ac7476f86a1a,BLOCK-ad504a636f9fcddf,11,BLOCK-ad504a636f9fcddf
SSCP-561cd171f1c77438,MOL-f6111b13d93c1eb7,2020_Townsend,AC-78305ee2e743b795,BLOCK-513383ed86a73488,5,BLOCK-513383ed86a73488
SSCP-5620173486b704f7,MOL-dc3ec793ad5b7c19,2021_Kelly,AC-ac7e5d0036401990,BLOCK-4494eb5738fce47c,3,BLOCK-4494eb5738fce47c
SSCP-562096e736165653,MOL-b9e379d593a279c4,2020_Townsend,AC-78305ee2e743b795,BLOCK-513383ed86a73488,5,BLOCK-513383ed86a73488
SSCP-562a4d217eb832a6,MOL-57d9d408cb97e5d1,2021_Kelly,AC-5e5c956882423f52,BLOCK-4494eb5738fce47c,3,BLOCK-4494eb5738fce47c
SSCP-562dd351c70e5c7b,MOL-000be6320e85ad26,2013_CHUGAI,AC-cf95401a5715faa6,BLOCK-5c361cba45039733,7,BLOCK-5c361cba45039733
SSCP-562e969cc051a3ea,MOL-0e0909ca0138b6f0,2021_Kelly,AC-5e5c956882423f52,BLOCK-4494eb5738fce47c,3,BLOCK-4494eb5738fce47c
SSCP-562f3d62e4e9dab0,MOL-0afc0b05e8fb9c5c,2020_Townsend,AC-78305ee2e743b795,BLOCK-513383ed86a73488,5,BLOCK-513383ed86a73488
SSCP-5635e5aa20de9e6b,MOL-4e6a36daadc31690,2021_Kelly,AC-5e5c956882423f52,BLOCK-4494eb5738fce47c,3,BLOCK-4494eb5738fce47c
SSCP-56360188dca61a65,MOL-b9dde008ccebab55,2020_Townsend,AC-78305ee2e743b795,BLOCK-513383ed86a73488,5,BLOCK-513383ed86a73488
SSCP-56371d72e370d026,MOL-9f78e0bbc9679264,2020_Townsend,AC-78305ee2e743b795,BLOCK-513383ed86a73488,5,BLOCK-513383ed86a73488
SSCP-563dfe2281656f23,MOL-548c2d443182d9bc,2021_Kelly,AC-ac7e5d0036401990,BLOCK-4494eb5738fce47c,3,BLOCK-4494eb5738fce47c
SSCP-5663bde93ff612f6,MOL-1f23f8b5ef179ab2,2020_Townsend,AC-78305ee2e743b795,BLOCK-513383ed86a73488,5,BLOCK-513383ed86a73488
SSCP-56793fc6294d0a97,MOL-7cf9109f9a5703dc,2015_Bockus_1,AC-914f0f8286bc74ae,BLOCK-513383ed86a73488,5,BLOCK-513383ed86a73488
SSCP-567fca0bd9510e4f,MOL-25da0ff21322d4c6,2024_Faris,AC-e82e3e242d3d320c,BLOCK-c5e520eb3b94ff25,15,BLOCK-c5e520eb3b94ff25
SSCP-568353bf3af391cb,MOL-981e8564c6583256,2020_Townsend,AC-78305ee2e743b795,BLOCK-513383ed86a73488,5,BLOCK-513383ed86a73488
SSCP-5687c85e9626febc,MOL-b0f9263bc83c120a,2021_Kelly,AC-5e5c956882423f52,BLOCK-4494eb5738fce47c,3,BLOCK-4494eb5738fce47c
SSCP-569789a7b642526a,MOL-bb08390a39c8feda,2020_Townsend,AC-78305ee2e743b795,BLOCK-513383ed86a73488,5,BLOCK-513383ed86a73488
SSCP-569dd35d8528e95c,MOL-6818dbfe8dd38746,2013_CHUGAI,AC-5c3e4e34d8330678,BLOCK-5c361cba45039733,7,BLOCK-5c361cba45039733
SSCP-56a2a41c0ab946b6,MOL-4735a97ef116bc3e,2020_Townsend,AC-78305ee2e743b795,BLOCK-513383ed86a73488,5,BLOCK-513383ed86a73488
SSCP-56a90d40d596437c,MOL-db7f6bd9ccd28ec4,2020_Townsend,AC-78305ee2e743b795,BLOCK-513383ed86a73488,5,BLOCK-513383ed86a73488
SSCP-56d3d91fe99be02c,MOL-f39005ab9ec3a070,2020_Townsend,AC-78305ee2e743b795,BLOCK-513383ed86a73488,5,BLOCK-513383ed86a73488
SSCP-56dce2a86bc42d77,MOL-8ddc9b7b7b817591,2013_CHUGAI,AC-9915a59ccaa1a737,BLOCK-5c361cba45039733,7,BLOCK-5c361cba45039733
SSCP-56e08fc740376f68,MOL-77eedba666268b33,2013_CHUGAI,AC-9915a59ccaa1a737,BLOCK-5c361cba45039733,7,BLOCK-5c361cba45039733
SSCP-56e9283cdef957d2,MOL-53e307b2c62056d4,2021_Kelly,AC-5e5c956882423f52,BLOCK-4494eb5738fce47c,3,BLOCK-4494eb5738fce47c
SSCP-56f1ca0e26714339,MOL-fbcdd1c860513715,2020_Townsend,AC-78305ee2e743b795,BLOCK-513383ed86a73488,5,BLOCK-513383ed86a73488
SSCP-5701005faec66d63,MOL-e05cbe9aa4cfc65f,2016_Furukawa,AC-78305ee2e743b795,BLOCK-513383ed86a73488,5,BLOCK-513383ed86a73488
SSCP-57053cfe11f91cea,MOL-9b72f9626217544c,2020_Townsend,AC-78305ee2e743b795,BLOCK-513383ed86a73488,5,BLOCK-513383ed86a73488
SSCP-5706801c7b224e22,MOL-1ead207a8ec7aa63,2020_Townsend,AC-78305ee2e743b795,BLOCK-513383ed86a73488,5,BLOCK-513383ed86a73488
SSCP-57102290389c85fc,MOL-de4599934dfe4b20,2020_Townsend,AC-78305ee2e743b795,BLOCK-513383ed86a73488,5,BLOCK-513383ed86a73488
SSCP-5718e765e672eeb8,MOL-4318ae21bbc4c37a,2020_Townsend,AC-78305ee2e743b795,BLOCK-513383ed86a73488,5,BLOCK-513383ed86a73488
SSCP-572df4ef34829587,MOL-02ee81bd5f0b50c4,2021_Kelly,AC-5e5c956882423f52,BLOCK-4494eb5738fce47c,3,BLOCK-4494eb5738fce47c
SSCP-573596ce3cb92412,MOL-f6d41b79bf6fc598,2013_CHUGAI,AC-f48431cfaefb8c9b,BLOCK-5c361cba45039733,7,BLOCK-5c361cba45039733
SSCP-5740f52cc765c71a,MOL-70ba780bf4c60497,2020_Townsend,AC-78305ee2e743b795,BLOCK-513383ed86a73488,5,BLOCK-513383ed86a73488
SSCP-574da1376a003674,MOL-b7569a268f98e955,2016_Furukawa,AC-78305ee2e743b795,BLOCK-513383ed86a73488,5,BLOCK-513383ed86a73488
SSCP-5756825133fef6c3,MOL-72a87d09ca9a4c8a,2013_CHUGAI,AC-cf95401a5715faa6,BLOCK-5c361cba45039733,7,BLOCK-5c361cba45039733
SSCP-5757811292c53893,MOL-361fedf68b367099,2020_Townsend,AC-78305ee2e743b795,BLOCK-513383ed86a73488,5,BLOCK-513383ed86a73488
SSCP-575f7641ddac8ffb,MOL-cebe2fee2680e7a1,2021_Kelly,AC-5e5c956882423f52,BLOCK-4494eb5738fce47c,3,BLOCK-4494eb5738fce47c
SSCP-57605bf6fc1703a1,MOL-41cbb1aa4c9e76dd,2020_Townsend,AC-78305ee2e743b795,BLOCK-513383ed86a73488,5,BLOCK-513383ed86a73488
SSCP-576a671cb3c34ac8,MOL-81a1b8eefe81a13e,2020_Townsend,AC-78305ee2e743b795,BLOCK-513383ed86a73488,5,BLOCK-513383ed86a73488
SSCP-576cf8da960e3ae3,MOL-33bf17026a4d19a7,2021_Kelly,AC-ac7e5d0036401990,BLOCK-4494eb5738fce47c,3,BLOCK-4494eb5738fce47c
SSCP-576def1035d3cb60,MOL-9522f38386508382,2021_Kelly,AC-5e5c956882423f52,BLOCK-4494eb5738fce47c,3,BLOCK-4494eb5738fce47c
SSCP-5771352555f7f37c,MOL-9457fc10ef9da242,2022_Taechalertpaisarn,AC-78305ee2e743b795,BLOCK-513383ed86a73488,5,BLOCK-513383ed86a73488
SSCP-578b7ef60dc21c7c,MOL-7b0f44ab5f683dbd,2021_Kelly,AC-5e5c956882423f52,BLOCK-4494eb5738fce47c,3,BLOCK-4494eb5738fce47c
SSCP-578e91018895358a,MOL-1e8b502da8c39a26,2021_Kelly,AC-5e5c956882423f52,BLOCK-4494eb5738fce47c,3,BLOCK-4494eb5738fce47c
SSCP-5795df8803fae94b,MOL-2a1f7b3a62e1e247,2020_Townsend,AC-78305ee2e743b795,BLOCK-513383ed86a73488,5,BLOCK-513383ed86a73488
SSCP-57a5e40985689da7,MOL-1399f573a3161740,2020_Townsend,AC-78305ee2e743b795,BLOCK-513383ed86a73488,5,BLOCK-513383ed86a73488
SSCP-57a5f2072811bf6f,MOL-4f826ba479937474,2013_CHUGAI,AC-0eb21380fb77114d,BLOCK-5c361cba45039733,7,BLOCK-5c361cba45039733
SSCP-57ab6282f7092fb8,MOL-7b6bf0a5aca699ca,2020_Townsend,AC-78305ee2e743b795,BLOCK-513383ed86a73488,5,BLOCK-513383ed86a73488
SSCP-57acada3924a2347,MOL-3ff972977d61651f,2020_Townsend,AC-78305ee2e743b795,BLOCK-513383ed86a73488,5,BLOCK-513383ed86a73488
SSCP-57b22fe0d151727b,MOL-d211a6622977c13e,2024_Faris,AC-e82e3e242d3d320c,BLOCK-c5e520eb3b94ff25,15,BLOCK-c5e520eb3b94ff25
SSCP-57cc0a1b512a3a03,MOL-16aa3a6ef39fb42c,2020_Townsend,AC-78305ee2e743b795,BLOCK-513383ed86a73488,5,BLOCK-513383ed86a73488
SSCP-57dee76443273673,MOL-58ccddef8b7ecbc1,2016_Frost,AC-2ee5aa5b9faf389d,BLOCK-513383ed86a73488,5,BLOCK-513383ed86a73488
SSCP-57dfb6ba338e078a,MOL-c4fd242b06459635,2020_Townsend,AC-78305ee2e743b795,BLOCK-513383ed86a73488,5,BLOCK-513383ed86a73488
SSCP-57e8b0cfe9d43dd1,MOL-2bc19ff8b9b37f0e,2024_Faris,AC-e82e3e242d3d320c,BLOCK-c5e520eb3b94ff25,15,BLOCK-c5e520eb3b94ff25
SSCP-58006b1ce4370048,MOL-cf72e02b104520db,2016_Furukawa,AC-78305ee2e743b795,BLOCK-513383ed86a73488,5,BLOCK-513383ed86a73488
SSCP-5804529825a9f2e3,MOL-1472ed7ea97f5ddf,2021_Golosov,AC-86cc498249bfbe27,BLOCK-394ff80f01cbc968,2,BLOCK-394ff80f01cbc968
SSCP-580559549124cd38,MOL-2923d016d8e6501e,2017_Pye,AC-9fabc791bd5e32a1,BLOCK-2c0090ee1dd5b17e,1,BLOCK-2c0090ee1dd5b17e
SSCP-58057f04e269ebd8,MOL-ff430585d0340b24,2022_Saunders,AC-e6b0bafef4078cc2,BLOCK-513383ed86a73488,5,BLOCK-513383ed86a73488
SSCP-58230e43e72ba347,MOL-d565c078ed38dbe7,2020_Townsend,AC-78305ee2e743b795,BLOCK-513383ed86a73488,5,BLOCK-513383ed86a73488
SSCP-582a82a23cdbf531,MOL-b233732562229b16,2021_Kelly,AC-5e5c956882423f52,BLOCK-4494eb5738fce47c,3,BLOCK-4494eb5738fce47c
SSCP-5842a702744b2cc2,MOL-ce182470a743d215,2023_Ghosh,AC-78305ee2e743b795,BLOCK-513383ed86a73488,5,BLOCK-513383ed86a73488
SSCP-584390268f0d30e2,MOL-d53ca94962d04c62,2021_Kelly,AC-5e5c956882423f52,BLOCK-4494eb5738fce47c,3,BLOCK-4494eb5738fce47c
SSCP-5843b05db01f5c40,MOL-4904df9414ace21b,2020_Townsend,AC-78305ee2e743b795,BLOCK-513383ed86a73488,5,BLOCK-513383ed86a73488
SSCP-5852b8c64a81dd17,MOL-b80637f1781b394f,2021_Kelly,AC-5e5c956882423f52,BLOCK-4494eb5738fce47c,3,BLOCK-4494eb5738fce47c
SSCP-5865ded4b3063db4,MOL-b690c3e200aeea64,2020_Townsend,AC-78305ee2e743b795,BLOCK-513383ed86a73488,5,BLOCK-513383ed86a73488
SSCP-587df98aa9dbf959,MOL-c0a5ae20b6d18398,2020_Townsend,AC-78305ee2e743b795,BLOCK-513383ed86a73488,5,BLOCK-513383ed86a73488
SSCP-588825e15e87ccaa,MOL-13b522b36813d586,2020_Townsend,AC-78305ee2e743b795,BLOCK-513383ed86a73488,5,BLOCK-513383ed86a73488
SSCP-588ba3f0a789961f,MOL-b1b3a90e531eb182,2020_Townsend,AC-78305ee2e743b795,BLOCK-513383ed86a73488,5,BLOCK-513383ed86a73488
SSCP-5894e5c1facd990c,MOL-6709eeae578c3299,2020_Townsend,AC-78305ee2e743b795,BLOCK-513383ed86a73488,5,BLOCK-513383ed86a73488
SSCP-589ea22a02be9617,MOL-99c4eaf8047d69ed,2024_Faris,AC-e82e3e242d3d320c,BLOCK-c5e520eb3b94ff25,15,BLOCK-c5e520eb3b94ff25
SSCP-58a4114ba572beb5,MOL-2b3601fc2b340ef4,2020_Townsend,AC-78305ee2e743b795,BLOCK-513383ed86a73488,5,BLOCK-513383ed86a73488
SSCP-58adeb3cb5243e37,MOL-5565e2e26195b271,2020_Townsend,AC-78305ee2e743b795,BLOCK-513383ed86a73488,5,BLOCK-513383ed86a73488
SSCP-58b6f12e814c2487,MOL-9ce71856102b44d6,2020_Townsend,AC-78305ee2e743b795,BLOCK-513383ed86a73488,5,BLOCK-513383ed86a73488
SSCP-58c1848805046e8d,MOL-521a6c7fd8c625d8,2020_Townsend,AC-78305ee2e743b795,BLOCK-513383ed86a73488,5,BLOCK-513383ed86a73488
SSCP-58dbd6be91d050f8,MOL-f1d346d1155d0e5b,2020_Townsend,AC-78305ee2e743b795,BLOCK-513383ed86a73488,5,BLOCK-513383ed86a73488
SSCP-58df97e097f72804,MOL-52ed1fdf5c8047e6,2020_Townsend,AC-78305ee2e743b795,BLOCK-513383ed86a73488,5,BLOCK-513383ed86a73488
SSCP-58e253e49db57b51,MOL-c90aaba36ed24d3c,2016_Furukawa,AC-78305ee2e743b795,BLOCK-513383ed86a73488,5,BLOCK-513383ed86a73488
SSCP-58e7aeb332a3c5bd,MOL-ce574ec5e0468ed2,2022_Taechalertpaisarn,AC-78305ee2e743b795,BLOCK-513383ed86a73488,5,BLOCK-513383ed86a73488
SSCP-58f2607d4f37cf46,MOL-5fdc1e211feb3abe,2020_Townsend,AC-78305ee2e743b795,BLOCK-513383ed86a73488,5,BLOCK-513383ed86a73488
SSCP-58f30935bcc52d52,MOL-b1d62fb1024802be,2016_Furukawa,AC-78305ee2e743b795,BLOCK-513383ed86a73488,5,BLOCK-513383ed86a73488
SSCP-58f9c3b2f2aa1937,MOL-d9141ef64b341615,2021_Kelly,AC-5e5c956882423f52,BLOCK-4494eb5738fce47c,3,BLOCK-4494eb5738fce47c
SSCP-5905e55f40c5606f,MOL-494b554ebb50c460,2021_Kelly,AC-5e5c956882423f52,BLOCK-4494eb5738fce47c,3,BLOCK-4494eb5738fce47c
SSCP-590e1cefa644411c,MOL-2e06d3acc4eee027,2016_Furukawa,AC-78305ee2e743b795,BLOCK-513383ed86a73488,5,BLOCK-513383ed86a73488
SSCP-591198e0b0493577,MOL-f71f207f20208d80,2020_Townsend,AC-78305ee2e743b795,BLOCK-513383ed86a73488,5,BLOCK-513383ed86a73488
SSCP-59123c7fc16ec1ef,MOL-843072f174d5ff7a,2020_Townsend,AC-78305ee2e743b795,BLOCK-513383ed86a73488,5,BLOCK-513383ed86a73488
SSCP-591304ef46df433a,MOL-a168471637a90de6,2016_Furukawa,AC-78305ee2e743b795,BLOCK-513383ed86a73488,5,BLOCK-513383ed86a73488
SSCP-5913e3ebf013ebd7,MOL-bdb9bbbb2a4e14d1,2022_Bhardwaj,AC-33a32f700132302b,BLOCK-513383ed86a73488,5,BLOCK-513383ed86a73488
SSCP-592d27cf727a666a,MOL-2a536bc04d7a7395,2020_Townsend,AC-78305ee2e743b795,BLOCK-513383ed86a73488,5,BLOCK-513383ed86a73488
SSCP-594643bc4757bc0a,MOL-7ba31e1d7fd0f0ba,2021_Kelly,AC-5e5c956882423f52,BLOCK-4494eb5738fce47c,3,BLOCK-4494eb5738fce47c
SSCP-594a04ad89c43dd3,MOL-14d4ebe2fd236b1a,2016_Furukawa,AC-78305ee2e743b795,BLOCK-513383ed86a73488,5,BLOCK-513383ed86a73488
SSCP-59636aedd967aff6,MOL-997e70e465c49e69,2021_Kelly,AC-5e5c956882423f52,BLOCK-4494eb5738fce47c,3,BLOCK-4494eb5738fce47c
SSCP-597d1a2c21051c36,MOL-4f0e51e2fb04043c,2016_Furukawa,AC-78305ee2e743b795,BLOCK-513383ed86a73488,5,BLOCK-513383ed86a73488
SSCP-5985f8c4fe067510,MOL-10575c3b30ac8777,2021_Kelly,AC-5e5c956882423f52,BLOCK-4494eb5738fce47c,3,BLOCK-4494eb5738fce47c
SSCP-5992d127bc0454b1,MOL-89ffb52667ef4e1c,2024_Koch,AC-e82e3e242d3d320c,BLOCK-c5e520eb3b94ff25,15,BLOCK-c5e520eb3b94ff25
SSCP-5997ccd01b1f6be1,MOL-70a4253db432a890,2020_Townsend,AC-78305ee2e743b795,BLOCK-513383ed86a73488,5,BLOCK-513383ed86a73488
SSCP-59a059afdd492704,MOL-10d20c35bf0ff195,2021_Kelly,AC-ac7e5d0036401990,BLOCK-4494eb5738fce47c,3,BLOCK-4494eb5738fce47c
SSCP-59a803a54be3362d,MOL-1cef3fff5ce8b861,2016_Furukawa,AC-78305ee2e743b795,BLOCK-513383ed86a73488,5,BLOCK-513383ed86a73488
SSCP-59b306186cc8dc00,MOL-fa0ecb6dfef5a052,2020_Townsend,AC-78305ee2e743b795,BLOCK-513383ed86a73488,5,BLOCK-513383ed86a73488
SSCP-59cc0440cdf02c95,MOL-3756d0d8caa88648,2020_Townsend,AC-78305ee2e743b795,BLOCK-513383ed86a73488,5,BLOCK-513383ed86a73488
SSCP-59d921e53c01aabd,MOL-38a76dd328946957,2020_Townsend,AC-78305ee2e743b795,BLOCK-513383ed86a73488,5,BLOCK-513383ed86a73488
SSCP-59e9e1226a923867,MOL-1b02db03b3b5ea64,2021_Kelly,AC-5e5c956882423f52,BLOCK-4494eb5738fce47c,3,BLOCK-4494eb5738fce47c
SSCP-59fc706772f8e6ca,MOL-ac0e5bdefeddd5ab,2021_Kelly,AC-5e5c956882423f52,BLOCK-4494eb5738fce47c,3,BLOCK-4494eb5738fce47c
SSCP-59fcbc17c2345f25,MOL-dfc0011e3d1785a3,2021_Kelly,AC-5e5c956882423f52,BLOCK-4494eb5738fce47c,3,BLOCK-4494eb5738fce47c
SSCP-59fdc190f26c95f0,MOL-469ba6dab75dfc35,2021_Kelly,AC-5e5c956882423f52,BLOCK-4494eb5738fce47c,3,BLOCK-4494eb5738fce47c
SSCP-5a0a071412e4eefc,MOL-247742b1b30d3630,2020_Townsend,AC-78305ee2e743b795,BLOCK-513383ed86a73488,5,BLOCK-513383ed86a73488
SSCP-5a0b7ffb2397f20f,MOL-1221fbdedcafb07b,2020_Townsend,AC-78305ee2e743b795,BLOCK-513383ed86a73488,5,BLOCK-513383ed86a73488
SSCP-5a0e4452696903fb,MOL-7dc6f42a212a3013,2016_Furukawa,AC-78305ee2e743b795,BLOCK-513383ed86a73488,5,BLOCK-513383ed86a73488
SSCP-5a178d6b2b43c8e6,MOL-bb6b28444d829853,2013_CHUGAI,AC-9915a59ccaa1a737,BLOCK-5c361cba45039733,7,BLOCK-5c361cba45039733
SSCP-5a1904ecb5927977,MOL-bc3dd9526d37c573,2016_Furukawa,AC-78305ee2e743b795,BLOCK-513383ed86a73488,5,BLOCK-513383ed86a73488
SSCP-5a21161256d4687f,MOL-fdedd5b9906b279f,2016_Furukawa,AC-78305ee2e743b795,BLOCK-513383ed86a73488,5,BLOCK-513383ed86a73488
SSCP-5a47a71edb04b537,MOL-0f44b7a28d4e733f,2020_Townsend,AC-78305ee2e743b795,BLOCK-513383ed86a73488,5,BLOCK-513383ed86a73488
SSCP-5a4928104da0a537,MOL-8e9d313a5c4e2569,2024_Faris,AC-e82e3e242d3d320c,BLOCK-c5e520eb3b94ff25,15,BLOCK-c5e520eb3b94ff25
SSCP-5a5bed43397fd034,MOL-55d785ad8564333b,2021_Kelly,AC-ac7e5d0036401990,BLOCK-4494eb5738fce47c,3,BLOCK-4494eb5738fce47c
SSCP-5a60ad87d2c0f134,MOL-708deae4e9ea1c21,2020_Townsend,AC-78305ee2e743b795,BLOCK-513383ed86a73488,5,BLOCK-513383ed86a73488
SSCP-5a639844aac6f29d,MOL-f74f3c33b0b167fa,2020_Townsend,AC-78305ee2e743b795,BLOCK-513383ed86a73488,5,BLOCK-513383ed86a73488
SSCP-5a65fd73f334c5ef,MOL-be3ad90d4899b20f,2021_Kelly,AC-5e5c956882423f52,BLOCK-4494eb5738fce47c,3,BLOCK-4494eb5738fce47c
SSCP-5a6e62b6dd128cbb,MOL-90cdab6c35213244,2020_Townsend,AC-78305ee2e743b795,BLOCK-513383ed86a73488,5,BLOCK-513383ed86a73488
SSCP-5a70222a4047ef99,MOL-74a57570d37f4038,2021_Kelly,AC-5e5c956882423f52,BLOCK-4494eb5738fce47c,3,BLOCK-4494eb5738fce47c
SSCP-5a818ef0fa159a3c,MOL-67d228ac10359f78,2020_Townsend,AC-78305ee2e743b795,BLOCK-513383ed86a73488,5,BLOCK-513383ed86a73488
SSCP-5a862276480d10f5,MOL-04e21df7c2a025e9,2020_Townsend,AC-78305ee2e743b795,BLOCK-513383ed86a73488,5,BLOCK-513383ed86a73488
SSCP-5ab591a503159e72,MOL-5f2ff9e86baba692,2020_Townsend,AC-78305ee2e743b795,BLOCK-513383ed86a73488,5,BLOCK-513383ed86a73488
SSCP-5ab6da75ed6eea99,MOL-bccd5f879f9b4d15,2024_Faris,AC-e82e3e242d3d320c,BLOCK-c5e520eb3b94ff25,15,BLOCK-c5e520eb3b94ff25
SSCP-5ab8ed293efd6e2a,MOL-34ac6b68c5024b61,2020_Townsend,AC-78305ee2e743b795,BLOCK-513383ed86a73488,5,BLOCK-513383ed86a73488
SSCP-5ab9539fbbd74654,MOL-f6e216ba7fb8be2c,2016_Furukawa,AC-78305ee2e743b795,BLOCK-513383ed86a73488,5,BLOCK-513383ed86a73488
SSCP-5abbda2936b9315e,MOL-49d9303ab95907fa,2020_Townsend,AC-78305ee2e743b795,BLOCK-513383ed86a73488,5,BLOCK-513383ed86a73488
SSCP-5ac1b0f875737c4c,MOL-527216b2325d03dc,2021_Kelly,AC-5e5c956882423f52,BLOCK-4494eb5738fce47c,3,BLOCK-4494eb5738fce47c
SSCP-5ae3403d2ac9497f,MOL-e12701712c494cb4,2020_Townsend,AC-78305ee2e743b795,BLOCK-513383ed86a73488,5,BLOCK-513383ed86a73488
SSCP-5ae41fe25937c803,MOL-328d7056edccafc5,2021_Kelly,AC-5e5c956882423f52,BLOCK-4494eb5738fce47c,3,BLOCK-4494eb5738fce47c
SSCP-5ae4c32993a648a7,MOL-50d10707e8363bae,2020_Townsend,AC-78305ee2e743b795,BLOCK-513383ed86a73488,5,BLOCK-513383ed86a73488
SSCP-5aeb2f3c5db0bd93,MOL-bbbcad3a9fbe41aa,2021_Kelly,AC-ac7e5d0036401990,BLOCK-4494eb5738fce47c,3,BLOCK-4494eb5738fce47c
SSCP-5af59f82734992c0,MOL-52cbf0236e1fce60,2020_Townsend,AC-78305ee2e743b795,BLOCK-513383ed86a73488,5,BLOCK-513383ed86a73488
SSCP-5af61cd3cfa41f36,MOL-2766f347fee1305d,2020_Townsend,AC-78305ee2e743b795,BLOCK-513383ed86a73488,5,BLOCK-513383ed86a73488
SSCP-5afd139acdf9f6d2,MOL-5c9039e2863e9687,2020_Townsend,AC-78305ee2e743b795,BLOCK-513383ed86a73488,5,BLOCK-513383ed86a73488
SSCP-5afd90c8c5057500,MOL-db27da111562ce5c,2020_Townsend,AC-78305ee2e743b795,BLOCK-513383ed86a73488,5,BLOCK-513383ed86a73488
SSCP-5afe603c0db3f894,MOL-325232b3369046b4,2020_Townsend,AC-78305ee2e743b795,BLOCK-513383ed86a73488,5,BLOCK-513383ed86a73488
SSCP-5b1376ce96f703d7,MOL-f31b2bd12c259b6e,2021_Kelly,AC-ac7e5d0036401990,BLOCK-4494eb5738fce47c,3,BLOCK-4494eb5738fce47c
SSCP-5b1baebcd4f5d92f,MOL-da46cc3cb38c129a,2013_CHUGAI,AC-cf95401a5715faa6,BLOCK-5c361cba45039733,7,BLOCK-5c361cba45039733
SSCP-5b24e2649cd1f894,MOL-e6ddf237ef8ea054,2021_Kelly,AC-5e5c956882423f52,BLOCK-4494eb5738fce47c,3,BLOCK-4494eb5738fce47c
SSCP-5b26573bede36992,MOL-7b7535c22c1a126f,2016_Furukawa,AC-78305ee2e743b795,BLOCK-513383ed86a73488,5,BLOCK-513383ed86a73488
SSCP-5b28e7478c7e207a,MOL-1aae741be7b783d9,2021_Kelly,AC-5e5c956882423f52,BLOCK-4494eb5738fce47c,3,BLOCK-4494eb5738fce47c
SSCP-5b337588d8cedbd5,MOL-54019e0ab342d850,2020_Townsend,AC-78305ee2e743b795,BLOCK-513383ed86a73488,5,BLOCK-513383ed86a73488
SSCP-5b4d66dffc9118fe,MOL-59439b0a28f908b5,2020_Townsend,AC-78305ee2e743b795,BLOCK-513383ed86a73488,5,BLOCK-513383ed86a73488
SSCP-5b5386ffe2acd4c8,MOL-1aa4b3d7e0845f5b,2020_Townsend,AC-78305ee2e743b795,BLOCK-513383ed86a73488,5,BLOCK-513383ed86a73488
SSCP-5b6355ac829aa731,MOL-e87bf9764fb7c488,2013_CHUGAI,AC-cf95401a5715faa6,BLOCK-5c361cba45039733,7,BLOCK-5c361cba45039733
SSCP-5b6a0425383a86c0,MOL-63ddcc94556981e3,2020_Townsend,AC-78305ee2e743b795,BLOCK-513383ed86a73488,5,BLOCK-513383ed86a73488
SSCP-5b6d8656ffbe597d,MOL-9a11e6905e2c7089,2020_Townsend,AC-78305ee2e743b795,BLOCK-513383ed86a73488,5,BLOCK-513383ed86a73488
SSCP-5baa6e4b70e0752b,MOL-4e638d2737f405aa,2021_Kelly,AC-5e5c956882423f52,BLOCK-4494eb5738fce47c,3,BLOCK-4494eb5738fce47c
SSCP-5bac4803b94aeec1,MOL-3a1747f5ac6300b3,2021_Kelly,AC-5e5c956882423f52,BLOCK-4494eb5738fce47c,3,BLOCK-4494eb5738fce47c
SSCP-5bae9914bb10c456,MOL-6f7692ed00c82371,2013_CHUGAI,AC-9915a59ccaa1a737,BLOCK-5c361cba45039733,7,BLOCK-5c361cba45039733
SSCP-5baed7a4bdaeeb06,MOL-45a38c7bac450264,2020_Townsend,AC-78305ee2e743b795,BLOCK-513383ed86a73488,5,BLOCK-513383ed86a73488
SSCP-5baf9c85ec6836c5,MOL-ab7cf6811b20a57d,2020_Townsend,AC-78305ee2e743b795,BLOCK-513383ed86a73488,5,BLOCK-513383ed86a73488
SSCP-5bb4dd6287acb6e2,MOL-822692495b5733b3,2021_Kelly,AC-5e5c956882423f52,BLOCK-4494eb5738fce47c,3,BLOCK-4494eb5738fce47c
SSCP-5be15cd72d93122b,MOL-ce95e7e272da09ba,2020_Townsend,AC-78305ee2e743b795,BLOCK-513383ed86a73488,5,BLOCK-513383ed86a73488
SSCP-5becdb7caaaa6f6e,MOL-6b85c319b28608f9,2016_Furukawa,AC-78305ee2e743b795,BLOCK-513383ed86a73488,5,BLOCK-513383ed86a73488
SSCP-5bed57e481076146,MOL-771da3540f8aa87c,2022_Bhardwaj,AC-ff0a31ce51d8ca03,BLOCK-513383ed86a73488,5,BLOCK-513383ed86a73488
SSCP-5bf866fda97ee353,MOL-699c809bd0509beb,2020_Townsend,AC-78305ee2e743b795,BLOCK-513383ed86a73488,5,BLOCK-513383ed86a73488
SSCP-5c00c53612130116,MOL-7bb19a4174344ca0,2024_Faris,AC-e82e3e242d3d320c,BLOCK-c5e520eb3b94ff25,15,BLOCK-c5e520eb3b94ff25
SSCP-5c0bbf368d1a5dc9,MOL-a3fce6e1c62c8a2a,2020_Townsend,AC-78305ee2e743b795,BLOCK-513383ed86a73488,5,BLOCK-513383ed86a73488
SSCP-5c0c81664d1cf8a6,MOL-071ef1c3a878f44a,2016_Furukawa,AC-78305ee2e743b795,BLOCK-513383ed86a73488,5,BLOCK-513383ed86a73488
SSCP-5c0d3a7cc0c41f49,MOL-062557e122567322,2021_Kelly,AC-ac7e5d0036401990,BLOCK-4494eb5738fce47c,3,BLOCK-4494eb5738fce47c
SSCP-5c17e7ea72c62219,MOL-9aaf64d847943aee,2020_Townsend,AC-78305ee2e743b795,BLOCK-513383ed86a73488,5,BLOCK-513383ed86a73488
SSCP-5c24f53bb778d73c,MOL-d129b0b909f2fa51,2021_Kelly,AC-5e5c956882423f52,BLOCK-4494eb5738fce47c,3,BLOCK-4494eb5738fce47c
SSCP-5c323646440ddd27,MOL-6f01af938787f987,2020_Townsend,AC-78305ee2e743b795,BLOCK-513383ed86a73488,5,BLOCK-513383ed86a73488
SSCP-5c34f8b6fceac028,MOL-6a152aa0e27adb21,2020_Townsend,AC-78305ee2e743b795,BLOCK-513383ed86a73488,5,BLOCK-513383ed86a73488
SSCP-5c3cc21efcb14a6e,MOL-4dba42b55899928e,2020_Townsend,AC-78305ee2e743b795,BLOCK-513383ed86a73488,5,BLOCK-513383ed86a73488
SSCP-5c3efbc0b23ee0f6,MOL-1e1722bff3fc5f4e,2020_Townsend,AC-78305ee2e743b795,BLOCK-513383ed86a73488,5,BLOCK-513383ed86a73488
SSCP-5c4e032279f8dd14,MOL-9ccdcaca726a0036,2021_Kelly,AC-5e5c956882423f52,BLOCK-4494eb5738fce47c,3,BLOCK-4494eb5738fce47c
SSCP-5c4feaa1a51ec358,MOL-66b892c2d48a45f2,2020_Townsend,AC-78305ee2e743b795,BLOCK-513383ed86a73488,5,BLOCK-513383ed86a73488
SSCP-5c504530229604f5,MOL-40e8abaf0e9c66ae,2016_Furukawa,AC-78305ee2e743b795,BLOCK-513383ed86a73488,5,BLOCK-513383ed86a73488
SSCP-5c5624d9bbe0c433,MOL-9eff3ec3f54f6a53,2016_Furukawa,AC-78305ee2e743b795,BLOCK-513383ed86a73488,5,BLOCK-513383ed86a73488
SSCP-5c5a6b0169af7a69,MOL-88722c19ba552513,2016_Furukawa,AC-78305ee2e743b795,BLOCK-513383ed86a73488,5,BLOCK-513383ed86a73488
SSCP-5c625e1c356673de,MOL-a67defb96d501f5b,2020_Townsend,AC-78305ee2e743b795,BLOCK-513383ed86a73488,5,BLOCK-513383ed86a73488
SSCP-5c67b17006b8de79,MOL-842e8f284abb16f3,2020_Townsend,AC-78305ee2e743b795,BLOCK-513383ed86a73488,5,BLOCK-513383ed86a73488
SSCP-5c6d9c27144ba625,MOL-0ecf58173092d399,2021_Kelly,AC-5e5c956882423f52,BLOCK-4494eb5738fce47c,3,BLOCK-4494eb5738fce47c
SSCP-5c78eafe904ebb82,MOL-00626f0cbe01df22,2020_Townsend,AC-78305ee2e743b795,BLOCK-513383ed86a73488,5,BLOCK-513383ed86a73488
SSCP-5c8c44e56e27e97f,MOL-2c71212a77655aa3,2020_Townsend,AC-78305ee2e743b795,BLOCK-513383ed86a73488,5,BLOCK-513383ed86a73488
SSCP-5c903c43dcde2f4e,MOL-2852888ee0458e80,2020_Townsend,AC-78305ee2e743b795,BLOCK-513383ed86a73488,5,BLOCK-513383ed86a73488
SSCP-5c91304898727a49,MOL-192fd66967a86f4c,2020_Townsend,AC-78305ee2e743b795,BLOCK-513383ed86a73488,5,BLOCK-513383ed86a73488
SSCP-5c96652426825453,MOL-a5e523f4c2d14e2d,2020_Townsend,AC-78305ee2e743b795,BLOCK-513383ed86a73488,5,BLOCK-513383ed86a73488
SSCP-5c9c55ed039d50c9,MOL-a2a5ecab4bc08e56,2021_Kelly,AC-5e5c956882423f52,BLOCK-4494eb5738fce47c,3,BLOCK-4494eb5738fce47c
SSCP-5c9d270bd4f6f0b2,MOL-7346350923990465,2020_Townsend,AC-78305ee2e743b795,BLOCK-513383ed86a73488,5,BLOCK-513383ed86a73488
SSCP-5c9f6645fc6f0572,MOL-7a961f00cbba90a5,2021_Kelly,AC-5e5c956882423f52,BLOCK-4494eb5738fce47c,3,BLOCK-4494eb5738fce47c
SSCP-5cb131f0ab7a0484,MOL-990c1a4ad171c41b,2020_Townsend,AC-78305ee2e743b795,BLOCK-513383ed86a73488,5,BLOCK-513383ed86a73488
SSCP-5cb5991c549ede79,MOL-828466f468f7aac2,2013_CHUGAI,AC-cf95401a5715faa6,BLOCK-5c361cba45039733,7,BLOCK-5c361cba45039733
SSCP-5cc22ba879dad7d2,MOL-50ae14904ebf3812,2020_Townsend,AC-78305ee2e743b795,BLOCK-513383ed86a73488,5,BLOCK-513383ed86a73488
SSCP-5ccb419450d54c2a,MOL-2e391ae438af25b9,2020_Townsend,AC-78305ee2e743b795,BLOCK-513383ed86a73488,5,BLOCK-513383ed86a73488
SSCP-5ccce97b7c1f7330,MOL-2266916faf635ea1,2020_Townsend,AC-78305ee2e743b795,BLOCK-513383ed86a73488,5,BLOCK-513383ed86a73488
SSCP-5ccf9b4c45d518ef,MOL-cce1bada57980ee2,2013_CHUGAI,AC-cf95401a5715faa6,BLOCK-5c361cba45039733,7,BLOCK-5c361cba45039733
SSCP-5cd6baec72f3da64,MOL-8428b9a8b054205b,2021_Kelly,AC-ac7e5d0036401990,BLOCK-4494eb5738fce47c,3,BLOCK-4494eb5738fce47c
SSCP-5cded527a88e6a79,MOL-d1b7510b3907ca39,2021_Kelly,AC-5e5c956882423f52,BLOCK-4494eb5738fce47c,3,BLOCK-4494eb5738fce47c
SSCP-5ce426975532a744,MOL-295839fe4ba5814d,2020_Townsend,AC-78305ee2e743b795,BLOCK-513383ed86a73488,5,BLOCK-513383ed86a73488
SSCP-5cfb578f5606aecc,MOL-3c7df57ebb62c46e,2020_Townsend,AC-78305ee2e743b795,BLOCK-513383ed86a73488,5,BLOCK-513383ed86a73488
SSCP-5d068cb357ddda84,MOL-f3c93ff8b6413e01,2013_CHUGAI,AC-cf95401a5715faa6,BLOCK-5c361cba45039733,7,BLOCK-5c361cba45039733
SSCP-5d110ddf62d74b22,MOL-6876efc309d6c085,2013_CHUGAI,AC-cf95401a5715faa6,BLOCK-5c361cba45039733,7,BLOCK-5c361cba45039733
SSCP-5d12837d268edcd8,MOL-579c5f4593d4671d,2021_Kelly,AC-5e5c956882423f52,BLOCK-4494eb5738fce47c,3,BLOCK-4494eb5738fce47c
SSCP-5d14256d9aa46d5e,MOL-2d117dc38ddd56fb,2020_Townsend,AC-78305ee2e743b795,BLOCK-513383ed86a73488,5,BLOCK-513383ed86a73488
SSCP-5d2a65cf16aa2172,MOL-e1eb8747c1650564,2022_Lee,AC-4cbd321fd3e6c472,BLOCK-513383ed86a73488,5,BLOCK-513383ed86a73488
SSCP-5d33dd8944028e59,MOL-ac2bf156e861eccd,2020_Townsend,AC-78305ee2e743b795,BLOCK-513383ed86a73488,5,BLOCK-513383ed86a73488
SSCP-5d41c4fb7ca70a9c,MOL-77f85567df60a29a,2020_Townsend,AC-78305ee2e743b795,BLOCK-513383ed86a73488,5,BLOCK-513383ed86a73488
SSCP-5d4c9c0c457a493c,MOL-eedd8d7b254a65da,2013_CHUGAI,AC-cf95401a5715faa6,BLOCK-5c361cba45039733,7,BLOCK-5c361cba45039733
SSCP-5d73be0d677fbb17,MOL-302876ce13dbc6c8,2016_Furukawa,AC-78305ee2e743b795,BLOCK-513383ed86a73488,5,BLOCK-513383ed86a73488
SSCP-5d763337fb01aeff,MOL-1c04635ae7240021,2013_CHUGAI,AC-cf95401a5715faa6,BLOCK-5c361cba45039733,7,BLOCK-5c361cba45039733
SSCP-5d78a029d85f3db6,MOL-10e11bd5c1a673b9,2020_Townsend,AC-78305ee2e743b795,BLOCK-513383ed86a73488,5,BLOCK-513383ed86a73488
SSCP-5d7a26d81b0a5456,MOL-abaeb2a1f7c926f3,2020_Townsend,AC-78305ee2e743b795,BLOCK-513383ed86a73488,5,BLOCK-513383ed86a73488
SSCP-5d895ac42fdc8ed0,MOL-246172aa9eb3b731,2020_Townsend,AC-78305ee2e743b795,BLOCK-513383ed86a73488,5,BLOCK-513383ed86a73488
SSCP-5d8ad433d6e5e85e,MOL-c540ce3dcfc0c096,2020_Townsend,AC-78305ee2e743b795,BLOCK-513383ed86a73488,5,BLOCK-513383ed86a73488
SSCP-5daa7de5cc883dac,MOL-572b260f5ecfd217,2020_Townsend,AC-78305ee2e743b795,BLOCK-513383ed86a73488,5,BLOCK-513383ed86a73488
SSCP-5daab4af5fa7bf4b,MOL-22c73e5ad5d358fe,2020_Townsend,AC-78305ee2e743b795,BLOCK-513383ed86a73488,5,BLOCK-513383ed86a73488
SSCP-5dab76094490fa5d,MOL-71d27fe41def8b5e,2016_Furukawa,AC-78305ee2e743b795,BLOCK-513383ed86a73488,5,BLOCK-513383ed86a73488
SSCP-5dabb430b2297cca,MOL-900920db97562c2a,2021_Kelly,AC-5e5c956882423f52,BLOCK-4494eb5738fce47c,3,BLOCK-4494eb5738fce47c
SSCP-5db03960bc00a497,MOL-d7121071fc58d11a,2020_Townsend,AC-78305ee2e743b795,BLOCK-513383ed86a73488,5,BLOCK-513383ed86a73488
SSCP-5db98c24454c6e59,MOL-6ae3a6428862bedd,2021_Kelly,AC-5e5c956882423f52,BLOCK-4494eb5738fce47c,3,BLOCK-4494eb5738fce47c
SSCP-5dd2b6657bd6ceb4,MOL-62bc5a2ad4bc4212,2020_Townsend,AC-78305ee2e743b795,BLOCK-513383ed86a73488,5,BLOCK-513383ed86a73488
SSCP-5ddf264ece52d08c,MOL-0670e0033a2ea748,2021_Kelly,AC-ac7e5d0036401990,BLOCK-4494eb5738fce47c,3,BLOCK-4494eb5738fce47c
SSCP-5de31198de05497e,MOL-3031988d0bf80a54,2021_Kelly,AC-5e5c956882423f52,BLOCK-4494eb5738fce47c,3,BLOCK-4494eb5738fce47c
SSCP-5deea4cc752a5ca3,MOL-8ba311e4fdca7225,2021_Kelly,AC-5e5c956882423f52,BLOCK-4494eb5738fce47c,3,BLOCK-4494eb5738fce47c
SSCP-5dfd06d01a9e1565,MOL-8f5fc55a2ddb13a4,2021_Kelly,AC-5e5c956882423f52,BLOCK-4494eb5738fce47c,3,BLOCK-4494eb5738fce47c
SSCP-5e0347e0880e8806,MOL-ae01e76633bb4a17,2020_Townsend,AC-78305ee2e743b795,BLOCK-513383ed86a73488,5,BLOCK-513383ed86a73488
SSCP-5e0443154198b0c9,MOL-74eac587e051444c,2021_Kelly,AC-5e5c956882423f52,BLOCK-4494eb5738fce47c,3,BLOCK-4494eb5738fce47c
SSCP-5e0488bd3912363a,MOL-e8e065ceedb96af8,2021_Kelly,AC-5e5c956882423f52,BLOCK-4494eb5738fce47c,3,BLOCK-4494eb5738fce47c
SSCP-5e12c262f812073e,MOL-573e92ef86e932fd,2024_Faris,AC-e82e3e242d3d320c,BLOCK-c5e520eb3b94ff25,15,BLOCK-c5e520eb3b94ff25
SSCP-5e27cba5d6984672,MOL-42f29278e2f4f639,2020_Townsend,AC-78305ee2e743b795,BLOCK-513383ed86a73488,5,BLOCK-513383ed86a73488
SSCP-5e43f63b3982dcb4,MOL-3c06db2cd015a48e,2021_Kelly,AC-5e5c956882423f52,BLOCK-4494eb5738fce47c,3,BLOCK-4494eb5738fce47c
SSCP-5e4cb428805fcd32,MOL-32f06218e18d2665,2021_Kelly,AC-5e5c956882423f52,BLOCK-4494eb5738fce47c,3,BLOCK-4494eb5738fce47c
SSCP-5e4f4a23d4604220,MOL-dc8ebb664bbacf75,2021_Kelly,AC-5e5c956882423f52,BLOCK-4494eb5738fce47c,3,BLOCK-4494eb5738fce47c
SSCP-5e506d8ce4c76051,MOL-a359f8350f6e1f3f,2021_Kelly,AC-5e5c956882423f52,BLOCK-4494eb5738fce47c,3,BLOCK-4494eb5738fce47c
SSCP-5e58caf5f8e1c0c1,MOL-dd661a8d6863b57e,2020_Townsend,AC-78305ee2e743b795,BLOCK-513383ed86a73488,5,BLOCK-513383ed86a73488
SSCP-5e5e8eefd65eabcb,MOL-ccd1f8d8883af801,2022_Bhardwaj,AC-f7951a5f0ca78c75,BLOCK-513383ed86a73488,5,BLOCK-513383ed86a73488
SSCP-5e6de1859194cdcd,MOL-f650a8e9e196934a,2013_CHUGAI,AC-cf95401a5715faa6,BLOCK-5c361cba45039733,7,BLOCK-5c361cba45039733
SSCP-5e775445911eb13d,MOL-a874fdb070016f88,2020_Townsend,AC-78305ee2e743b795,BLOCK-513383ed86a73488,5,BLOCK-513383ed86a73488
SSCP-5e7f6ad4327cfc6f,MOL-662462f874f7255a,2015_Wang,AC-e02f7b10ff6dcfd4,BLOCK-513383ed86a73488,5,BLOCK-513383ed86a73488
SSCP-5ea94f4b8aff35ac,MOL-cd141788e38fb318,2016_Furukawa,AC-78305ee2e743b795,BLOCK-513383ed86a73488,5,BLOCK-513383ed86a73488
SSCP-5eaed177af9078f0,MOL-58c16000ef715937,2020_Townsend,AC-78305ee2e743b795,BLOCK-513383ed86a73488,5,BLOCK-513383ed86a73488
SSCP-5eb510bbf21a1afd,MOL-36f1e7a93d58e770,2021_Kelly,AC-5e5c956882423f52,BLOCK-4494eb5738fce47c,3,BLOCK-4494eb5738fce47c
SSCP-5eb7a09b83f44039,MOL-63ca7ef23b01d998,2020_Townsend,AC-78305ee2e743b795,BLOCK-513383ed86a73488,5,BLOCK-513383ed86a73488
SSCP-5eba7fea8f8eca16,MOL-3e6f30234a2b2e87,2013_CHUGAI,AC-cf95401a5715faa6,BLOCK-5c361cba45039733,7,BLOCK-5c361cba45039733
SSCP-5ebeb28b2054e763,MOL-13fb9602fcfe8c5f,2021_Kelly,AC-5e5c956882423f52,BLOCK-4494eb5738fce47c,3,BLOCK-4494eb5738fce47c
SSCP-5ec3758471262685,MOL-154759e8b3426c6e,2013_CHUGAI,AC-cf95401a5715faa6,BLOCK-5c361cba45039733,7,BLOCK-5c361cba45039733
SSCP-5ed15297491cbaef,MOL-4df6c67e44ceca54,2016_Furukawa,AC-78305ee2e743b795,BLOCK-513383ed86a73488,5,BLOCK-513383ed86a73488
SSCP-5ed9b6d199685c34,MOL-10c0ee0e22a0446b,2021_Kelly,AC-5e5c956882423f52,BLOCK-4494eb5738fce47c,3,BLOCK-4494eb5738fce47c
SSCP-5ee1aef80c59d124,MOL-53eddb5548e61cd1,2016_Furukawa,AC-78305ee2e743b795,BLOCK-513383ed86a73488,5,BLOCK-513383ed86a73488
SSCP-5eef44956a3cbe0c,MOL-3d0a17a650343034,2013_CHUGAI,AC-9915a59ccaa1a737,BLOCK-5c361cba45039733,7,BLOCK-5c361cba45039733
SSCP-5ef7ab5e663bdfac,MOL-0e9679b05245b083,2021_Kelly,AC-5e5c956882423f52,BLOCK-4494eb5738fce47c,3,BLOCK-4494eb5738fce47c
SSCP-5ef9857c0fc84433,MOL-57acd87e4e732ab3,2016_Furukawa,AC-78305ee2e743b795,BLOCK-513383ed86a73488,5,BLOCK-513383ed86a73488
SSCP-5f1643fa957855e4,MOL-a0a2472be8f366df,2021_Kelly,AC-5e5c956882423f52,BLOCK-4494eb5738fce47c,3,BLOCK-4494eb5738fce47c
SSCP-5f22be2a68d5d005,MOL-cc385e977221d456,2021_Kelly,AC-5e5c956882423f52,BLOCK-4494eb5738fce47c,3,BLOCK-4494eb5738fce47c
SSCP-5f2b5e8ed0901729,MOL-eb470421b24bd46a,2021_Kelly,AC-5e5c956882423f52,BLOCK-4494eb5738fce47c,3,BLOCK-4494eb5738fce47c
SSCP-5f2b61ef60e2058d,MOL-a59c21a1a59a4c87,2021_Kelly,AC-5e5c956882423f52,BLOCK-4494eb5738fce47c,3,BLOCK-4494eb5738fce47c
SSCP-5f3dba66293f45c2,MOL-735b2fbfc1a18fd0,2017_Pye,AC-d51aa402a0242ca5,BLOCK-2c0090ee1dd5b17e,1,BLOCK-2c0090ee1dd5b17e
SSCP-5f4b46409cd5c000,MOL-2c7f22b68fbac918,2013_CHUGAI,AC-9915a59ccaa1a737,BLOCK-5c361cba45039733,7,BLOCK-5c361cba45039733
SSCP-5f54404742af814b,MOL-b35e58a654a79a17,2021_Kelly,AC-5e5c956882423f52,BLOCK-4494eb5738fce47c,3,BLOCK-4494eb5738fce47c
SSCP-5f6bfa91989b148d,MOL-1d5e2ffc2d4d7574,2013_CHUGAI,AC-9915a59ccaa1a737,BLOCK-5c361cba45039733,7,BLOCK-5c361cba45039733
SSCP-5f6d77021b416e63,MOL-b717a18d7b5f6495,2016_Furukawa,AC-78305ee2e743b795,BLOCK-513383ed86a73488,5,BLOCK-513383ed86a73488
SSCP-5f6eacb2344bcf20,MOL-73693a78232d1694,2020_Townsend,AC-78305ee2e743b795,BLOCK-513383ed86a73488,5,BLOCK-513383ed86a73488
SSCP-5f6ec20edc91ee6d,MOL-6e51097227b0c3f0,2023_Ghosh,AC-2e794211b979bb3e,BLOCK-513383ed86a73488,5,BLOCK-513383ed86a73488
SSCP-5f8b3c739792a5d1,MOL-4b2a4cf529cec385,2020_Townsend,AC-78305ee2e743b795,BLOCK-513383ed86a73488,5,BLOCK-513383ed86a73488
SSCP-5fa83eca06323bac,MOL-24565fecd83df595,2020_Townsend,AC-78305ee2e743b795,BLOCK-513383ed86a73488,5,BLOCK-513383ed86a73488
SSCP-5fae00e1d1b9a1c5,MOL-e18730669d0ba1f8,2020_Townsend,AC-78305ee2e743b795,BLOCK-513383ed86a73488,5,BLOCK-513383ed86a73488
SSCP-5fc121e1e714bc53,MOL-9e28e0525db59de8,2021_Kelly,AC-5e5c956882423f52,BLOCK-4494eb5738fce47c,3,BLOCK-4494eb5738fce47c
SSCP-5fcb807ff6b26a83,MOL-d6c748dde4e6e072,2013_CHUGAI,AC-cf95401a5715faa6,BLOCK-5c361cba45039733,7,BLOCK-5c361cba45039733
SSCP-5fcb889fcda40027,MOL-531ed92780088011,2021_Kelly,AC-5e5c956882423f52,BLOCK-4494eb5738fce47c,3,BLOCK-4494eb5738fce47c
SSCP-5fd2e9bf45f6476d,MOL-cffe9f5407b5afd2,2020_Townsend,AC-78305ee2e743b795,BLOCK-513383ed86a73488,5,BLOCK-513383ed86a73488
SSCP-5fdcc3c5adbc2940,MOL-ad958635078b86b2,2020_Townsend,AC-78305ee2e743b795,BLOCK-513383ed86a73488,5,BLOCK-513383ed86a73488
SSCP-5fdd03a7aebe7b16,MOL-25852669d32acece,2020_Townsend,AC-78305ee2e743b795,BLOCK-513383ed86a73488,5,BLOCK-513383ed86a73488
SSCP-5fdec548dff939fc,MOL-5cd4f2d03a173402,2013_CHUGAI,AC-6d86b23d9237be75,BLOCK-5c361cba45039733,7,BLOCK-5c361cba45039733
SSCP-5fe21bf9816270d6,MOL-2c908d52c62ad0dd,2020_Townsend,AC-78305ee2e743b795,BLOCK-513383ed86a73488,5,BLOCK-513383ed86a73488
SSCP-5feaa106613fc2fa,MOL-2fb74f6c4a053733,2020_Townsend,AC-78305ee2e743b795,BLOCK-513383ed86a73488,5,BLOCK-513383ed86a73488
SSCP-5feb74b31f4855b3,MOL-dc3677c06ef791b5,2022_Lee,AC-4cbd321fd3e6c472,BLOCK-513383ed86a73488,5,BLOCK-513383ed86a73488
SSCP-5ff27ad46baf27ca,MOL-5cea7213169bea51,2013_CHUGAI,AC-cf95401a5715faa6,BLOCK-5c361cba45039733,7,BLOCK-5c361cba45039733
SSCP-5ffce261366cf706,MOL-ea941ddeebc779b7,2020_Townsend,AC-78305ee2e743b795,BLOCK-513383ed86a73488,5,BLOCK-513383ed86a73488
SSCP-600e1364263c71f0,MOL-805376b8c073e86c,2013_CHUGAI,AC-cf95401a5715faa6,BLOCK-5c361cba45039733,7,BLOCK-5c361cba45039733
SSCP-6013942a3baf564c,MOL-517d5f20f1ac196b,2020_Townsend,AC-78305ee2e743b795,BLOCK-513383ed86a73488,5,BLOCK-513383ed86a73488
SSCP-6029208be7945559,MOL-f76da063355ffd09,2021_Kelly,AC-5e5c956882423f52,BLOCK-4494eb5738fce47c,3,BLOCK-4494eb5738fce47c
SSCP-602c6a5b08db886a,MOL-b4ecde7767cc60e6,2021_Kelly,AC-5e5c956882423f52,BLOCK-4494eb5738fce47c,3,BLOCK-4494eb5738fce47c
SSCP-602d68b6ed725055,MOL-25beafdef81ff400,2020_Townsend,AC-78305ee2e743b795,BLOCK-513383ed86a73488,5,BLOCK-513383ed86a73488
SSCP-6034c0bae76ae84c,MOL-740cc866d435264e,2020_Townsend,AC-78305ee2e743b795,BLOCK-513383ed86a73488,5,BLOCK-513383ed86a73488
SSCP-60364f227748892c,MOL-1a381a343851505f,2020_Townsend,AC-78305ee2e743b795,BLOCK-513383ed86a73488,5,BLOCK-513383ed86a73488
SSCP-6039cc6f6a0b11a5,MOL-baff37a18897b2d4,2021_Kelly,AC-ac7e5d0036401990,BLOCK-4494eb5738fce47c,3,BLOCK-4494eb5738fce47c
SSCP-603b163a1e5bc6ce,MOL-8030c4fd9f9f28e7,2020_Townsend,AC-78305ee2e743b795,BLOCK-513383ed86a73488,5,BLOCK-513383ed86a73488
SSCP-603eb49e08bb665a,MOL-1939a7698ea7fa5d,2021_Kelly,AC-5e5c956882423f52,BLOCK-4494eb5738fce47c,3,BLOCK-4494eb5738fce47c
SSCP-604e5c3fa9bcf3bf,MOL-a702aabf9ee4fc2d,2020_Hosono,AC-78305ee2e743b795,BLOCK-513383ed86a73488,5,BLOCK-513383ed86a73488
SSCP-606111be03933d54,MOL-61ac7a1759a7aec6,2018_Naylor,AC-78305ee2e743b795,BLOCK-513383ed86a73488,5,BLOCK-513383ed86a73488
SSCP-6064251118ae7be0,MOL-028aec61fd220d86,2020_Townsend,AC-78305ee2e743b795,BLOCK-513383ed86a73488,5,BLOCK-513383ed86a73488
SSCP-606cff152a09decb,MOL-bbc564da12736353,2013_CHUGAI,AC-781a801d25de713e,BLOCK-5c361cba45039733,7,BLOCK-5c361cba45039733
SSCP-606d950eac139e99,MOL-5b3e5c234afb78eb,2020_Townsend,AC-78305ee2e743b795,BLOCK-513383ed86a73488,5,BLOCK-513383ed86a73488
SSCP-608696230973dca6,MOL-a0806f7908be8679,2020_Townsend,AC-78305ee2e743b795,BLOCK-513383ed86a73488,5,BLOCK-513383ed86a73488
SSCP-609b4bbc6c22aa27,MOL-9e3bab453cbd40cd,2024_Faris,AC-e82e3e242d3d320c,BLOCK-c5e520eb3b94ff25,15,BLOCK-c5e520eb3b94ff25
SSCP-609d024cc654c453,MOL-93ba40cfb7866f5b,2020_Townsend,AC-78305ee2e743b795,BLOCK-513383ed86a73488,5,BLOCK-513383ed86a73488
SSCP-60a43d1c7e3bfe7d,MOL-731369234b6ee20b,2020_Townsend,AC-78305ee2e743b795,BLOCK-513383ed86a73488,5,BLOCK-513383ed86a73488
SSCP-60a85537d4556725,MOL-77337cf2ed6314f3,2018_Kaneda,AC-d7defee51a6f0372,BLOCK-fc0b343dfac9ab9d,18,BLOCK-fc0b343dfac9ab9d
SSCP-60d36a60ad9b1b8b,MOL-0eed7daf08f57ab7,2013_CHUGAI,AC-cf95401a5715faa6,BLOCK-5c361cba45039733,7,BLOCK-5c361cba45039733
SSCP-60dbc5a97b8de07a,MOL-c49ee63796dd5a98,2020_Townsend,AC-78305ee2e743b795,BLOCK-513383ed86a73488,5,BLOCK-513383ed86a73488
SSCP-60fa46874e6160db,MOL-6ffac12c1d08914f,2020_Townsend,AC-78305ee2e743b795,BLOCK-513383ed86a73488,5,BLOCK-513383ed86a73488
SSCP-60fe2b4dab710abd,MOL-dbb5739fcbe0c1fa,2021_Kelly,AC-5e5c956882423f52,BLOCK-4494eb5738fce47c,3,BLOCK-4494eb5738fce47c
SSCP-61007b353ce8cb7e,MOL-e2bb17a86aa17ff1,2020_Townsend,AC-78305ee2e743b795,BLOCK-513383ed86a73488,5,BLOCK-513383ed86a73488
SSCP-6101bd873b4e8b63,MOL-30d55924d0463f11,2016_Furukawa,AC-78305ee2e743b795,BLOCK-513383ed86a73488,5,BLOCK-513383ed86a73488
SSCP-611e12a89f27977c,MOL-51dd0228f606ecd0,2020_Townsend,AC-78305ee2e743b795,BLOCK-513383ed86a73488,5,BLOCK-513383ed86a73488
SSCP-613085e7c5da7b40,MOL-e78980dcdfea6400,2020_Townsend,AC-78305ee2e743b795,BLOCK-513383ed86a73488,5,BLOCK-513383ed86a73488
SSCP-6135ee294223c574,MOL-62fd32d88f3c5a73,2020_Townsend,AC-78305ee2e743b795,BLOCK-513383ed86a73488,5,BLOCK-513383ed86a73488
SSCP-613c9f19489ad457,MOL-1f455fa3164d83bd,2020_Furukawa,AC-114e657b947b31ec,BLOCK-5f91132e1b252609,9,BLOCK-5f91132e1b252609
SSCP-613d400fe2005eb1,MOL-d75bf73abb14cfc0,2020_Townsend,AC-78305ee2e743b795,BLOCK-513383ed86a73488,5,BLOCK-513383ed86a73488
SSCP-614085fb10e4c111,MOL-d14977db328f9662,2020_Townsend,AC-78305ee2e743b795,BLOCK-513383ed86a73488,5,BLOCK-513383ed86a73488
SSCP-614561ffab21e033,MOL-d90da95c2bca345f,2020_Townsend,AC-78305ee2e743b795,BLOCK-513383ed86a73488,5,BLOCK-513383ed86a73488
SSCP-615878e0f8fc01ef,MOL-c20850c79594fdf7,2021_Kelly,AC-5e5c956882423f52,BLOCK-4494eb5738fce47c,3,BLOCK-4494eb5738fce47c
SSCP-6161b8440a61431c,MOL-d3d708e0b26c83da,2020_Townsend,AC-78305ee2e743b795,BLOCK-513383ed86a73488,5,BLOCK-513383ed86a73488
SSCP-6175a1c1a70b5c1b,MOL-1401ac73cd066565,2020_Townsend,AC-78305ee2e743b795,BLOCK-513383ed86a73488,5,BLOCK-513383ed86a73488
SSCP-61820f92c5133ca0,MOL-bd4402a9263314e8,2013_CHUGAI,AC-cf95401a5715faa6,BLOCK-5c361cba45039733,7,BLOCK-5c361cba45039733
SSCP-6189d0981366e989,MOL-a90cb970ee04a6de,2016_Furukawa,AC-78305ee2e743b795,BLOCK-513383ed86a73488,5,BLOCK-513383ed86a73488
SSCP-6198bac3774963d3,MOL-a2ec4f2a74e7b3d7,2024_Faris,AC-e82e3e242d3d320c,BLOCK-c5e520eb3b94ff25,15,BLOCK-c5e520eb3b94ff25
SSCP-61af292fa95405d5,MOL-c21194cdc32b7062,2018_Naylor,AC-78305ee2e743b795,BLOCK-513383ed86a73488,5,BLOCK-513383ed86a73488
SSCP-61b4dd9181179825,MOL-c4d172efa602ec59,2021_Kelly,AC-5e5c956882423f52,BLOCK-4494eb5738fce47c,3,BLOCK-4494eb5738fce47c
SSCP-61b9859344cc426d,MOL-d023c9ff37d24eb8,2021_Kelly,AC-5e5c956882423f52,BLOCK-4494eb5738fce47c,3,BLOCK-4494eb5738fce47c
SSCP-61bbc0abf2946e17,MOL-8dccee2c7e337ca7,2020_Townsend,AC-78305ee2e743b795,BLOCK-513383ed86a73488,5,BLOCK-513383ed86a73488
SSCP-61d6489dc99e116a,MOL-45bcdd6f14deb152,2021_Kelly,AC-ac7e5d0036401990,BLOCK-4494eb5738fce47c,3,BLOCK-4494eb5738fce47c
SSCP-61de5345a4537c0d,MOL-cbad1fe91636bc53,2020_Townsend,AC-78305ee2e743b795,BLOCK-513383ed86a73488,5,BLOCK-513383ed86a73488
SSCP-61e3f5095de23de1,MOL-5a456bb6f3189455,2020_Townsend,AC-78305ee2e743b795,BLOCK-513383ed86a73488,5,BLOCK-513383ed86a73488
SSCP-62009276a969063c,MOL-d8d5de9ef3e282a5,2020_Townsend,AC-78305ee2e743b795,BLOCK-513383ed86a73488,5,BLOCK-513383ed86a73488
SSCP-620dc765f50e4953,MOL-a6bd72da278cb302,2013_CHUGAI,AC-cf95401a5715faa6,BLOCK-5c361cba45039733,7,BLOCK-5c361cba45039733
SSCP-6211af663f17a94c,MOL-67a9edffe8c7b190,2013_CHUGAI,AC-9915a59ccaa1a737,BLOCK-5c361cba45039733,7,BLOCK-5c361cba45039733
SSCP-62170065ded4bfc9,MOL-dcc9936309742678,2013_CHUGAI,AC-6f3f9911cd2f44c9,BLOCK-5c361cba45039733,7,BLOCK-5c361cba45039733
SSCP-621726ccd22bf158,MOL-c348012d766a964c,2013_CHUGAI,AC-cf95401a5715faa6,BLOCK-5c361cba45039733,7,BLOCK-5c361cba45039733
SSCP-6237683eeb8c9922,MOL-3d1479742f62514c,2020_Townsend,AC-78305ee2e743b795,BLOCK-513383ed86a73488,5,BLOCK-513383ed86a73488
SSCP-624158c77cff20d0,MOL-2b0941f4c7cb9fb4,2021_Kelly,AC-5e5c956882423f52,BLOCK-4494eb5738fce47c,3,BLOCK-4494eb5738fce47c
SSCP-624ad8832ec0ee27,MOL-63fe4c255227db49,2021_Kelly,AC-ac7e5d0036401990,BLOCK-4494eb5738fce47c,3,BLOCK-4494eb5738fce47c
SSCP-624f80971e985ab2,MOL-753744a8c6af043b,2021_Kelly,AC-5e5c956882423f52,BLOCK-4494eb5738fce47c,3,BLOCK-4494eb5738fce47c
SSCP-6252d43187d67efb,MOL-e0b04c50e7cb984f,2021_Kelly,AC-5e5c956882423f52,BLOCK-4494eb5738fce47c,3,BLOCK-4494eb5738fce47c
SSCP-625cdb236aeddc96,MOL-571a6eb1d44603a3,2020_Townsend,AC-78305ee2e743b795,BLOCK-513383ed86a73488,5,BLOCK-513383ed86a73488
SSCP-626ef1015ce22a2d,MOL-45c47b3e896283b0,2013_CHUGAI,AC-92e788b28b871cf9,BLOCK-5c361cba45039733,7,BLOCK-5c361cba45039733
SSCP-6274640858e68887,MOL-e6e3f97568716b14,2024_Faris,AC-e82e3e242d3d320c,BLOCK-c5e520eb3b94ff25,15,BLOCK-c5e520eb3b94ff25
SSCP-627ec2eb9494d256,MOL-35f2d3d74d89ec3a,2022_Saunders,AC-e84a9a0bd49f43b6,BLOCK-513383ed86a73488,5,BLOCK-513383ed86a73488
SSCP-62836763b92ba7cc,MOL-1801b95547ca2be2,2013_CHUGAI,AC-cf95401a5715faa6,BLOCK-5c361cba45039733,7,BLOCK-5c361cba45039733
SSCP-6288324ec0ec552a,MOL-0c650827d6087b7c,2013_CHUGAI,AC-cf95401a5715faa6,BLOCK-5c361cba45039733,7,BLOCK-5c361cba45039733
SSCP-62a7743bfe93dde9,MOL-79a79d531fb33a86,2020_Townsend,AC-78305ee2e743b795,BLOCK-513383ed86a73488,5,BLOCK-513383ed86a73488
SSCP-62a8cf79f1921884,MOL-46227dab76d728e0,2020_Townsend,AC-78305ee2e743b795,BLOCK-513383ed86a73488,5,BLOCK-513383ed86a73488
SSCP-62a8f82ad97cdd43,MOL-712ad64f03162c69,2021_Wang,AC-fbc7f1ef462beb7f,BLOCK-d0fe24e9c28856d1,16,BLOCK-d0fe24e9c28856d1
SSCP-62b17976d69339f5,MOL-7679d4a7baffcfc5,2020_Townsend,AC-78305ee2e743b795,BLOCK-513383ed86a73488,5,BLOCK-513383ed86a73488
SSCP-62b53ad997e7c75c,MOL-3f68736deca1cc05,2021_Kelly,AC-5e5c956882423f52,BLOCK-4494eb5738fce47c,3,BLOCK-4494eb5738fce47c
SSCP-62c43e814cf9db0a,MOL-deb32579443cad71,2020_Townsend,AC-78305ee2e743b795,BLOCK-513383ed86a73488,5,BLOCK-513383ed86a73488
SSCP-62df807482ba29bd,MOL-19d6f0f86b0c2336,2022_Bhardwaj,AC-a1c728f9b9663c2f,BLOCK-513383ed86a73488,5,BLOCK-513383ed86a73488
SSCP-62e30df976813aee,MOL-3371c7b1900824d2,2021_Kelly,AC-ac7e5d0036401990,BLOCK-4494eb5738fce47c,3,BLOCK-4494eb5738fce47c
SSCP-62e9a0ae050b8703,MOL-729016eea4ed8572,2021_Kelly,AC-5e5c956882423f52,BLOCK-4494eb5738fce47c,3,BLOCK-4494eb5738fce47c
SSCP-62f9ca618137cc35,MOL-480c8a8f07bed6b6,2021_Kelly,AC-5e5c956882423f52,BLOCK-4494eb5738fce47c,3,BLOCK-4494eb5738fce47c
SSCP-6302ecb9eddb7dfa,MOL-46de7e0315ae0b45,2013_CHUGAI,AC-9915a59ccaa1a737,BLOCK-5c361cba45039733,7,BLOCK-5c361cba45039733
SSCP-630556a197b54d30,MOL-e3e9c855d900ecca,2020_Townsend,AC-78305ee2e743b795,BLOCK-513383ed86a73488,5,BLOCK-513383ed86a73488
SSCP-63154382386eab5f,MOL-f67244006ce2d401,2021_Kelly,AC-5e5c956882423f52,BLOCK-4494eb5738fce47c,3,BLOCK-4494eb5738fce47c
SSCP-631a31afed7d09fc,MOL-005365add904597a,2020_Townsend,AC-78305ee2e743b795,BLOCK-513383ed86a73488,5,BLOCK-513383ed86a73488
SSCP-631e86522259a1aa,MOL-fc17085230c7349f,2020_Townsend,AC-78305ee2e743b795,BLOCK-513383ed86a73488,5,BLOCK-513383ed86a73488
SSCP-6320810e6ff83dd6,MOL-2377bee718bfe9af,2020_Townsend,AC-78305ee2e743b795,BLOCK-513383ed86a73488,5,BLOCK-513383ed86a73488
SSCP-63211abcf55abab8,MOL-d8a4b3bd762e0b7f,2020_Townsend,AC-78305ee2e743b795,BLOCK-513383ed86a73488,5,BLOCK-513383ed86a73488
SSCP-633b899f48f22ff9,MOL-68ebe3af13cbdc5f,2021_Kelly,AC-5e5c956882423f52,BLOCK-4494eb5738fce47c,3,BLOCK-4494eb5738fce47c
SSCP-63481d7bd286232a,MOL-1c2a4f963973bc1e,2020_Townsend,AC-78305ee2e743b795,BLOCK-513383ed86a73488,5,BLOCK-513383ed86a73488
SSCP-634e8880c72474c2,MOL-38e070f19c3e628b,2024_Ly,AC-b74b4d5565722d16,BLOCK-bb4bcb852b735057,12,BLOCK-bb4bcb852b735057
SSCP-63545826f07a253c,MOL-0ef35197833ab82a,2013_CHUGAI,AC-9915a59ccaa1a737,BLOCK-5c361cba45039733,7,BLOCK-5c361cba45039733
SSCP-635cb1a2d31246bc,MOL-5729b9180da947c5,2013_CHUGAI,AC-cf95401a5715faa6,BLOCK-5c361cba45039733,7,BLOCK-5c361cba45039733
SSCP-6373c40f63e37e5d,MOL-c106b09f93e6180d,2020_Townsend,AC-78305ee2e743b795,BLOCK-513383ed86a73488,5,BLOCK-513383ed86a73488
SSCP-6385149e1b9b081b,MOL-f051f781439a9109,2013_CHUGAI,AC-cf95401a5715faa6,BLOCK-5c361cba45039733,7,BLOCK-5c361cba45039733
SSCP-63879d642b80250b,MOL-48412805caf2645d,2021_Kelly,AC-5e5c956882423f52,BLOCK-4494eb5738fce47c,3,BLOCK-4494eb5738fce47c
SSCP-63879fc3baab7730,MOL-86356431f3c9f800,2016_Furukawa,AC-78305ee2e743b795,BLOCK-513383ed86a73488,5,BLOCK-513383ed86a73488
SSCP-638b4ea5a57d7bac,MOL-5aff6b1e7b3d13b8,2020_Townsend,AC-78305ee2e743b795,BLOCK-513383ed86a73488,5,BLOCK-513383ed86a73488
SSCP-638e30e9cc699cf4,MOL-1e63869ae84682be,2021_Kelly,AC-5e5c956882423f52,BLOCK-4494eb5738fce47c,3,BLOCK-4494eb5738fce47c
SSCP-63906b90876fab86,MOL-3f882dc7c6b6d558,2020_Townsend,AC-78305ee2e743b795,BLOCK-513383ed86a73488,5,BLOCK-513383ed86a73488
SSCP-6398359090a89704,MOL-4e3b6f5519145b1c,2020_Townsend,AC-78305ee2e743b795,BLOCK-513383ed86a73488,5,BLOCK-513383ed86a73488
SSCP-639f58a38fe0aee8,MOL-2fda3320f61c15b8,2020_Townsend,AC-78305ee2e743b795,BLOCK-513383ed86a73488,5,BLOCK-513383ed86a73488
SSCP-63a14adabc14c7cf,MOL-3a179a0e79d31074,2022_Bhardwaj,AC-9924c7fe3199b116,BLOCK-513383ed86a73488,5,BLOCK-513383ed86a73488
SSCP-63a26bdc2af4cd26,MOL-9b492e97a5454ff3,2020_Townsend,AC-78305ee2e743b795,BLOCK-513383ed86a73488,5,BLOCK-513383ed86a73488
SSCP-63a5e9558fd2a4c7,MOL-64cfcc3fe7ef97d4,2022_Bhardwaj,AC-85c378d7d09d00ab,BLOCK-513383ed86a73488,5,BLOCK-513383ed86a73488
SSCP-63ae937778ecb74f,MOL-2b55db5a9593f102,2022_Bhardwaj,AC-ed8389154484c174,BLOCK-513383ed86a73488,5,BLOCK-513383ed86a73488
SSCP-63af43990739f5a5,MOL-a410dbed75548a09,2020_Townsend,AC-78305ee2e743b795,BLOCK-513383ed86a73488,5,BLOCK-513383ed86a73488
SSCP-63b378490b58d4c8,MOL-a90ee80b247130b7,2016_Furukawa,AC-78305ee2e743b795,BLOCK-513383ed86a73488,5,BLOCK-513383ed86a73488
SSCP-63be9c481f6e802b,MOL-a90ea6b4b83570ff,2021_Kelly,AC-ac7e5d0036401990,BLOCK-4494eb5738fce47c,3,BLOCK-4494eb5738fce47c
SSCP-63d17108454b579d,MOL-726982b6ce3f9f9c,2021_Kelly,AC-5e5c956882423f52,BLOCK-4494eb5738fce47c,3,BLOCK-4494eb5738fce47c
SSCP-63e93a460f11efa1,MOL-562129c478736e24,2020_Townsend,AC-78305ee2e743b795,BLOCK-513383ed86a73488,5,BLOCK-513383ed86a73488
SSCP-63f3de8d7cd8eddd,MOL-af5d23831450920f,2020_Townsend,AC-78305ee2e743b795,BLOCK-513383ed86a73488,5,BLOCK-513383ed86a73488
SSCP-640159165ebd253a,MOL-15e3b374e6130d4d,2021_Kelly,AC-5e5c956882423f52,BLOCK-4494eb5738fce47c,3,BLOCK-4494eb5738fce47c
SSCP-64098ca175195edc,MOL-21cf4a592d1021a5,2024_Koch,AC-e82e3e242d3d320c,BLOCK-c5e520eb3b94ff25,15,BLOCK-c5e520eb3b94ff25
SSCP-640a8982a75fa310,MOL-663b5236b924b18b,2021_Kelly,AC-6d3257a2b83e15dc,BLOCK-4494eb5738fce47c,3,BLOCK-4494eb5738fce47c
SSCP-640e2371ecd1c62b,MOL-5706c969dbfc2f0a,2021_Kelly,AC-5e5c956882423f52,BLOCK-4494eb5738fce47c,3,BLOCK-4494eb5738fce47c
SSCP-6420ee3bdfdaeb36,MOL-145eccf3d0239401,2021_Kelly,AC-5e5c956882423f52,BLOCK-4494eb5738fce47c,3,BLOCK-4494eb5738fce47c
SSCP-642757e4723b7b93,MOL-45fa7206c33257a7,2022_Bhardwaj,AC-3b8dfcf80509a5e1,BLOCK-513383ed86a73488,5,BLOCK-513383ed86a73488
SSCP-6427fe08d91ed7e2,MOL-616c14ad56ec27cc,2020_Townsend,AC-78305ee2e743b795,BLOCK-513383ed86a73488,5,BLOCK-513383ed86a73488
SSCP-642e6a296315fbc2,MOL-d3f655f725fbcd94,2016_Furukawa,AC-78305ee2e743b795,BLOCK-513383ed86a73488,5,BLOCK-513383ed86a73488
SSCP-6430251cc5371d25,MOL-92b80fc409001b41,2020_Townsend,AC-78305ee2e743b795,BLOCK-513383ed86a73488,5,BLOCK-513383ed86a73488
SSCP-64336101efb893f9,MOL-56f7689b7a1c2f2a,2020_Townsend,AC-78305ee2e743b795,BLOCK-513383ed86a73488,5,BLOCK-513383ed86a73488
SSCP-643561d7f8993049,MOL-30662e7817faf170,2013_CHUGAI,AC-cf95401a5715faa6,BLOCK-5c361cba45039733,7,BLOCK-5c361cba45039733
SSCP-644405e02c7b8b12,MOL-1be6d090bb33de6c,2021_Kelly,AC-5e5c956882423f52,BLOCK-4494eb5738fce47c,3,BLOCK-4494eb5738fce47c
SSCP-64478ef28a543f5a,MOL-40c245ecd49c8c32,2021_Kelly,AC-5e5c956882423f52,BLOCK-4494eb5738fce47c,3,BLOCK-4494eb5738fce47c
SSCP-644ad211c1219554,MOL-735548685c87e213,2020_Townsend,AC-78305ee2e743b795,BLOCK-513383ed86a73488,5,BLOCK-513383ed86a73488
SSCP-644c19994a43dc07,MOL-3ab6a0e8ddb3f1ae,2018_Naylor,AC-78305ee2e743b795,BLOCK-513383ed86a73488,5,BLOCK-513383ed86a73488
SSCP-645f1165c64e5a6b,MOL-468c6f292d3a1eab,2020_Furukawa,AC-114e657b947b31ec,BLOCK-5f91132e1b252609,9,BLOCK-5f91132e1b252609
SSCP-647387ca089a2664,MOL-34721b8a72244868,2021_Kelly,AC-ac7e5d0036401990,BLOCK-4494eb5738fce47c,3,BLOCK-4494eb5738fce47c
SSCP-6475b56f08c83605,MOL-fe30fb1308155f45,2021_Kelly,AC-5e5c956882423f52,BLOCK-4494eb5738fce47c,3,BLOCK-4494eb5738fce47c
SSCP-64801f0f766820e0,MOL-b726a604d93bf7a5,2020_Townsend,AC-78305ee2e743b795,BLOCK-513383ed86a73488,5,BLOCK-513383ed86a73488
SSCP-6483480393e8c0bb,MOL-1840e297b318a8b7,2021_Kelly,AC-5e5c956882423f52,BLOCK-4494eb5738fce47c,3,BLOCK-4494eb5738fce47c
SSCP-6485cbf77b459ecd,MOL-e57b42903dc46863,2020_Townsend,AC-78305ee2e743b795,BLOCK-513383ed86a73488,5,BLOCK-513383ed86a73488
SSCP-6488547e21de6827,MOL-2aa30eb8f0d4bedb,2024_Faris,AC-e82e3e242d3d320c,BLOCK-c5e520eb3b94ff25,15,BLOCK-c5e520eb3b94ff25
SSCP-64896f28a7c09573,MOL-01c27e7ff9ad5e25,2020_Townsend,AC-78305ee2e743b795,BLOCK-513383ed86a73488,5,BLOCK-513383ed86a73488
SSCP-6499df16230646af,MOL-7cd2305f8c526de7,2020_Townsend,AC-78305ee2e743b795,BLOCK-513383ed86a73488,5,BLOCK-513383ed86a73488
SSCP-649dbbc7edc1c22a,MOL-a7ee51e886b2271c,2016_Furukawa,AC-78305ee2e743b795,BLOCK-513383ed86a73488,5,BLOCK-513383ed86a73488
SSCP-64aac172e6cd4dfb,MOL-6a076360491e514d,2020_Townsend,AC-78305ee2e743b795,BLOCK-513383ed86a73488,5,BLOCK-513383ed86a73488
SSCP-64aad4c0177d79c1,MOL-f9e0eded5ffc74e0,2020_Townsend,AC-78305ee2e743b795,BLOCK-513383ed86a73488,5,BLOCK-513383ed86a73488
SSCP-64c6d07684bc625a,MOL-9567b1bc073c0b63,2021_Kelly,AC-5e5c956882423f52,BLOCK-4494eb5738fce47c,3,BLOCK-4494eb5738fce47c
SSCP-64deff97f0f77c8a,MOL-28ea5899bd9a2cc3,2021_Comeau,AC-b74b4d5565722d16,BLOCK-bb4bcb852b735057,12,BLOCK-bb4bcb852b735057
SSCP-64e864f72dcacc77,MOL-84f2387a0cc7fed6,2020_Townsend,AC-78305ee2e743b795,BLOCK-513383ed86a73488,5,BLOCK-513383ed86a73488
SSCP-6504c9de9fe84e5e,MOL-e9653c491b75137c,2020_Townsend,AC-78305ee2e743b795,BLOCK-513383ed86a73488,5,BLOCK-513383ed86a73488
SSCP-6508bc8e874b5171,MOL-e7e2435d067bf86c,2020_Townsend,AC-78305ee2e743b795,BLOCK-513383ed86a73488,5,BLOCK-513383ed86a73488
SSCP-650f14e70d88d5b0,MOL-406c37e503e257f0,2013_CHUGAI,AC-cf95401a5715faa6,BLOCK-5c361cba45039733,7,BLOCK-5c361cba45039733
SSCP-65190655ed61d975,MOL-675437c254f198f0,2020_Townsend,AC-78305ee2e743b795,BLOCK-513383ed86a73488,5,BLOCK-513383ed86a73488
SSCP-6526980778d619b4,MOL-fc843d4d2f3f75f8,2021_Kelly,AC-5e5c956882423f52,BLOCK-4494eb5738fce47c,3,BLOCK-4494eb5738fce47c
SSCP-652790d78f3ed7d4,MOL-1505f10cd9e67139,2020_Townsend,AC-78305ee2e743b795,BLOCK-513383ed86a73488,5,BLOCK-513383ed86a73488
SSCP-654d94c31b5c69f2,MOL-b4587a00a7bbc61d,2024_Koch,AC-e82e3e242d3d320c,BLOCK-c5e520eb3b94ff25,15,BLOCK-c5e520eb3b94ff25
SSCP-6557716e76ae5365,MOL-d6254a5ed5d2486f,2013_CHUGAI,AC-cf95401a5715faa6,BLOCK-5c361cba45039733,7,BLOCK-5c361cba45039733
SSCP-655840011e6f5be7,MOL-bbcc5c4426aeb3b7,2020_Townsend,AC-78305ee2e743b795,BLOCK-513383ed86a73488,5,BLOCK-513383ed86a73488
SSCP-656970636682393b,MOL-98694ebb5e6901d3,2020_Townsend,AC-78305ee2e743b795,BLOCK-513383ed86a73488,5,BLOCK-513383ed86a73488
SSCP-656db08078cff6ce,MOL-76ec26dc5a88c1af,2020_Townsend,AC-78305ee2e743b795,BLOCK-513383ed86a73488,5,BLOCK-513383ed86a73488
SSCP-65747dc66b4dcd12,MOL-f546179a64887f21,2024_Faris,AC-e82e3e242d3d320c,BLOCK-c5e520eb3b94ff25,15,BLOCK-c5e520eb3b94ff25
SSCP-657bc02f309da03d,MOL-eb92b998a1268af6,2013_CHUGAI,AC-cf95401a5715faa6,BLOCK-5c361cba45039733,7,BLOCK-5c361cba45039733
SSCP-65883bf3a6f95637,MOL-3701033497550768,2013_CHUGAI,AC-9915a59ccaa1a737,BLOCK-5c361cba45039733,7,BLOCK-5c361cba45039733
SSCP-65b1c6680a5999dd,MOL-7f852c4354b89704,2013_CHUGAI,AC-cf95401a5715faa6,BLOCK-5c361cba45039733,7,BLOCK-5c361cba45039733
SSCP-65b63834cd7ea272,MOL-231f81635f6d1852,2020_Townsend,AC-78305ee2e743b795,BLOCK-513383ed86a73488,5,BLOCK-513383ed86a73488
SSCP-65bf78dc49c8b372,MOL-a82a56eef7d890d0,2021_Kelly,AC-5e5c956882423f52,BLOCK-4494eb5738fce47c,3,BLOCK-4494eb5738fce47c
SSCP-65c60471a443152b,MOL-a0f37e9cff96e121,2022_Bhardwaj,AC-73b3462975532c8b,BLOCK-513383ed86a73488,5,BLOCK-513383ed86a73488
SSCP-65cc4a10e1a91bf0,MOL-b70824d23f5ff7a6,2016_Hickey,AC-c252bb56833af5f3,BLOCK-513383ed86a73488,5,BLOCK-513383ed86a73488
SSCP-65cd54f0f99fc83d,MOL-6ae572e291bf31a1,2022_Bhardwaj,AC-41eb9090ab134ebf,BLOCK-513383ed86a73488,5,BLOCK-513383ed86a73488
SSCP-65d1e9990d2c9994,MOL-a81f751f8d19b13a,2013_CHUGAI,AC-9915a59ccaa1a737,BLOCK-5c361cba45039733,7,BLOCK-5c361cba45039733
SSCP-65d8857f64e211be,MOL-ec8b55faf9dde0fe,2020_Townsend,AC-78305ee2e743b795,BLOCK-513383ed86a73488,5,BLOCK-513383ed86a73488
SSCP-65f6e694d2d21d98,MOL-e6654d40417bcc53,2018_Naylor,AC-78305ee2e743b795,BLOCK-513383ed86a73488,5,BLOCK-513383ed86a73488
SSCP-65fab0878e2604a5,MOL-26bd26c9379c3857,2021_Kelly,AC-5e5c956882423f52,BLOCK-4494eb5738fce47c,3,BLOCK-4494eb5738fce47c
SSCP-66030863d9495cf3,MOL-49b975879c427d7f,2020_Townsend,AC-78305ee2e743b795,BLOCK-513383ed86a73488,5,BLOCK-513383ed86a73488
SSCP-6612a9d7f70449f1,MOL-455fcacb47b4c0dc,2021_Kelly,AC-5e5c956882423f52,BLOCK-4494eb5738fce47c,3,BLOCK-4494eb5738fce47c
SSCP-662f4acf535c1883,MOL-1f8553041b91618d,2020_Townsend,AC-78305ee2e743b795,BLOCK-513383ed86a73488,5,BLOCK-513383ed86a73488
SSCP-6630a5c4e4c1f29f,MOL-78010a6cb9358faf,2020_Townsend,AC-78305ee2e743b795,BLOCK-513383ed86a73488,5,BLOCK-513383ed86a73488
SSCP-66420910d7b0de3e,MOL-c58b17e5da0bf196,2020_Townsend,AC-78305ee2e743b795,BLOCK-513383ed86a73488,5,BLOCK-513383ed86a73488
SSCP-66420df55d2dfc3e,MOL-b78ee1969ae0744e,2018_Naylor,AC-4cbd321fd3e6c472,BLOCK-513383ed86a73488,5,BLOCK-513383ed86a73488
SSCP-6656f86ac88736d3,MOL-3e19d3de333057c0,2013_CHUGAI,AC-9915a59ccaa1a737,BLOCK-5c361cba45039733,7,BLOCK-5c361cba45039733
SSCP-665aee58f9744b1b,MOL-ee936356b12fdad9,2013_CHUGAI,AC-cf95401a5715faa6,BLOCK-5c361cba45039733,7,BLOCK-5c361cba45039733
SSCP-6667ba5e44fbbe8f,MOL-d84856bbe3396fe9,2020_Townsend,AC-78305ee2e743b795,BLOCK-513383ed86a73488,5,BLOCK-513383ed86a73488
SSCP-66734c451e4ece7b,MOL-84d84ef0ddfcbb03,2020_Townsend,AC-78305ee2e743b795,BLOCK-513383ed86a73488,5,BLOCK-513383ed86a73488
SSCP-667f3ccbfb92d232,MOL-bce618a4d6cdf12c,2020_Townsend,AC-78305ee2e743b795,BLOCK-513383ed86a73488,5,BLOCK-513383ed86a73488
SSCP-668162a9dc5d5521,MOL-f8a28d18caee153b,2021_Kelly,AC-5e5c956882423f52,BLOCK-4494eb5738fce47c,3,BLOCK-4494eb5738fce47c
SSCP-668205a81fb093b8,MOL-a702aabf9ee4fc2d,2015_Wang,AC-78305ee2e743b795,BLOCK-513383ed86a73488,5,BLOCK-513383ed86a73488
SSCP-6693bee5ba041145,MOL-beb179ec1cd3c520,2020_Townsend,AC-78305ee2e743b795,BLOCK-513383ed86a73488,5,BLOCK-513383ed86a73488
SSCP-669561f86bc8c954,MOL-c1e1b3d5940624c7,2016_Furukawa,AC-78305ee2e743b795,BLOCK-513383ed86a73488,5,BLOCK-513383ed86a73488
SSCP-66b2edd8d89d0b06,MOL-243f809775c09877,2021_Kelly,AC-5e5c956882423f52,BLOCK-4494eb5738fce47c,3,BLOCK-4494eb5738fce47c
SSCP-66b3fadaeb32c894,MOL-19258d6a539c83a0,2016_Furukawa,AC-78305ee2e743b795,BLOCK-513383ed86a73488,5,BLOCK-513383ed86a73488
SSCP-66c208e5267d0861,MOL-f046eee3e138bbc4,2013_CHUGAI,AC-cf95401a5715faa6,BLOCK-5c361cba45039733,7,BLOCK-5c361cba45039733
SSCP-66cd103a486fd15c,MOL-5ee79c8ebec4ba52,2020_Townsend,AC-78305ee2e743b795,BLOCK-513383ed86a73488,5,BLOCK-513383ed86a73488
SSCP-66ce401a42f9803a,MOL-672db4c30cebc37d,2020_Townsend,AC-78305ee2e743b795,BLOCK-513383ed86a73488,5,BLOCK-513383ed86a73488
SSCP-66d2fabf5bff159b,MOL-dd9180e5390a88a7,2020_Townsend,AC-78305ee2e743b795,BLOCK-513383ed86a73488,5,BLOCK-513383ed86a73488
SSCP-66ee51993f380c2d,MOL-9d8db9adb32577fe,2020_Townsend,AC-78305ee2e743b795,BLOCK-513383ed86a73488,5,BLOCK-513383ed86a73488
SSCP-66f4f6382dbed81b,MOL-536dd9fa990f0707,2022_Bhardwaj,AC-8aec131b5f441d40,BLOCK-513383ed86a73488,5,BLOCK-513383ed86a73488
SSCP-66f6944ee01429d4,MOL-b37ea3f72c0299bd,2020_Townsend,AC-78305ee2e743b795,BLOCK-513383ed86a73488,5,BLOCK-513383ed86a73488
SSCP-66ff6469bd7cec2d,MOL-7c72a497607e7b56,2024_Faris,AC-e82e3e242d3d320c,BLOCK-c5e520eb3b94ff25,15,BLOCK-c5e520eb3b94ff25
SSCP-67028a47e680cd2d,MOL-a98cabf6e33dd3e6,2016_Furukawa,AC-78305ee2e743b795,BLOCK-513383ed86a73488,5,BLOCK-513383ed86a73488
SSCP-670dc945a101811e,MOL-fe9908a8aac949b1,2021_Kelly,AC-ac7e5d0036401990,BLOCK-4494eb5738fce47c,3,BLOCK-4494eb5738fce47c
SSCP-670e24c746d5f682,MOL-a891865ee56e02ac,2020_Townsend,AC-78305ee2e743b795,BLOCK-513383ed86a73488,5,BLOCK-513383ed86a73488
SSCP-67117dc980b1e6d8,MOL-8c6366470aa98a5a,2020_Townsend,AC-78305ee2e743b795,BLOCK-513383ed86a73488,5,BLOCK-513383ed86a73488
SSCP-6712a28ef7fd2fbf,MOL-1d97aabee2239a67,2021_Kelly,AC-ac7e5d0036401990,BLOCK-4494eb5738fce47c,3,BLOCK-4494eb5738fce47c
SSCP-671405231cc2a8a4,MOL-53d3b76a5ba7e685,2020_Townsend,AC-78305ee2e743b795,BLOCK-513383ed86a73488,5,BLOCK-513383ed86a73488
SSCP-67206e0416f18044,MOL-e1759628f00a890a,2024_Otani,AC-11a24b60c76c2ff1,BLOCK-e729b0aa52978c75,17,BLOCK-e729b0aa52978c75
SSCP-672413687901adeb,MOL-b877ec8737a3090f,2020_Townsend,AC-78305ee2e743b795,BLOCK-513383ed86a73488,5,BLOCK-513383ed86a73488
SSCP-672b66a67d7ddd56,MOL-ed6f5973ebe0b568,2020_Townsend,AC-78305ee2e743b795,BLOCK-513383ed86a73488,5,BLOCK-513383ed86a73488
SSCP-672ded41b1cd2d0a,MOL-a1ae671da513d052,2013_CHUGAI,AC-cf95401a5715faa6,BLOCK-5c361cba45039733,7,BLOCK-5c361cba45039733
SSCP-672f5d3a52344363,MOL-7d2f6d84bbcd0d3d,2020_Townsend,AC-78305ee2e743b795,BLOCK-513383ed86a73488,5,BLOCK-513383ed86a73488
SSCP-6731f2c1c6342791,MOL-dddf748783979872,2024_Faris,AC-e82e3e242d3d320c,BLOCK-c5e520eb3b94ff25,15,BLOCK-c5e520eb3b94ff25
SSCP-6735ae1d9a33797c,MOL-1b6bfa9a8c90e86f,2016_Furukawa,AC-78305ee2e743b795,BLOCK-513383ed86a73488,5,BLOCK-513383ed86a73488
SSCP-673f6532d9f6b25f,MOL-f15f160687956792,2020_Townsend,AC-78305ee2e743b795,BLOCK-513383ed86a73488,5,BLOCK-513383ed86a73488
SSCP-67416c026576acde,MOL-78b66941b9c52665,2020_Townsend,AC-78305ee2e743b795,BLOCK-513383ed86a73488,5,BLOCK-513383ed86a73488
SSCP-674ee9fbc03cb076,MOL-42570683e7fcf4b2,2024_Faris,AC-e82e3e242d3d320c,BLOCK-c5e520eb3b94ff25,15,BLOCK-c5e520eb3b94ff25
SSCP-6758711ecba29a00,MOL-5e43c2f9df35b194,2020_Townsend,AC-78305ee2e743b795,BLOCK-513383ed86a73488,5,BLOCK-513383ed86a73488
SSCP-6770f50e7a200174,MOL-e8e9a4a7684de424,2021_Kelly,AC-5e5c956882423f52,BLOCK-4494eb5738fce47c,3,BLOCK-4494eb5738fce47c
SSCP-677dc49ade059e75,MOL-20523861a137c3f0,2020_Hosono,AC-78305ee2e743b795,BLOCK-513383ed86a73488,5,BLOCK-513383ed86a73488
SSCP-677dd7def4cf43d2,MOL-9ea40ee1899b7274,2013_CHUGAI,AC-cf95401a5715faa6,BLOCK-5c361cba45039733,7,BLOCK-5c361cba45039733
SSCP-679a41a04c44933e,MOL-b95ffd4e153c3da3,2015_Ahlbach,AC-e1bdaf5a7a5bceaa,BLOCK-513383ed86a73488,5,BLOCK-513383ed86a73488
SSCP-67adc4f81f723277,MOL-17e8554295fb550e,2013_CHUGAI,AC-49ac2e2035de7e98,BLOCK-5c361cba45039733,7,BLOCK-5c361cba45039733
SSCP-67b7cd5729622398,MOL-afd79c5c636b297e,2020_Townsend,AC-78305ee2e743b795,BLOCK-513383ed86a73488,5,BLOCK-513383ed86a73488
SSCP-67ba31f3365acce7,MOL-b4cc6fe7b7eb667b,2020_Townsend,AC-78305ee2e743b795,BLOCK-513383ed86a73488,5,BLOCK-513383ed86a73488
SSCP-67bfd0371c44f9b1,MOL-b1211b6338625d37,2021_Kelly,AC-5e5c956882423f52,BLOCK-4494eb5738fce47c,3,BLOCK-4494eb5738fce47c
SSCP-67c540fa78e3fbe5,MOL-179610ea9229f13b,2020_Townsend,AC-78305ee2e743b795,BLOCK-513383ed86a73488,5,BLOCK-513383ed86a73488
SSCP-67c7d1212db02a80,MOL-a35889dc65d65370,2013_CHUGAI,AC-9915a59ccaa1a737,BLOCK-5c361cba45039733,7,BLOCK-5c361cba45039733
SSCP-67ce854cb79ff867,MOL-b31c1d49b1563843,2020_Townsend,AC-78305ee2e743b795,BLOCK-513383ed86a73488,5,BLOCK-513383ed86a73488
SSCP-67dbe0e8d0c0ca21,MOL-191d357c075c74d8,2013_CHUGAI,AC-9915a59ccaa1a737,BLOCK-5c361cba45039733,7,BLOCK-5c361cba45039733
SSCP-67dd5b00654a7206,MOL-0dcc603040638b58,2018_Naylor,AC-4cbd321fd3e6c472,BLOCK-513383ed86a73488,5,BLOCK-513383ed86a73488
SSCP-67f2994fe858dc24,MOL-c2c8c58fa839d251,2022_Bhardwaj,AC-5c38ebd1a3a445e8,BLOCK-513383ed86a73488,5,BLOCK-513383ed86a73488
SSCP-680074bc41edc63d,MOL-a245727abb6b86cb,2020_Townsend,AC-78305ee2e743b795,BLOCK-513383ed86a73488,5,BLOCK-513383ed86a73488
SSCP-6802f290cd2ad698,MOL-8450c7b3efafe82d,2020_Townsend,AC-78305ee2e743b795,BLOCK-513383ed86a73488,5,BLOCK-513383ed86a73488
SSCP-680db35663a52f20,MOL-c36f5c2d74fc7418,2021_Kelly,AC-ac7e5d0036401990,BLOCK-4494eb5738fce47c,3,BLOCK-4494eb5738fce47c
SSCP-681c2afd2ce35577,MOL-9789b4b169a48b2c,2015_Wang,AC-78305ee2e743b795,BLOCK-513383ed86a73488,5,BLOCK-513383ed86a73488
SSCP-681f9ba178f50378,MOL-8be80ded4eca094a,2021_Kelly,AC-5e5c956882423f52,BLOCK-4494eb5738fce47c,3,BLOCK-4494eb5738fce47c
SSCP-6833bdba801fbc89,MOL-822f549e666b63f7,2021_Kelly,AC-ac7e5d0036401990,BLOCK-4494eb5738fce47c,3,BLOCK-4494eb5738fce47c
SSCP-68453d7b2b543808,MOL-5e240d8ef1ff7f39,2020_Townsend,AC-78305ee2e743b795,BLOCK-513383ed86a73488,5,BLOCK-513383ed86a73488
SSCP-684bc7498519ba9d,MOL-dfa02a2df830923a,2020_Townsend,AC-78305ee2e743b795,BLOCK-513383ed86a73488,5,BLOCK-513383ed86a73488
SSCP-684d2e5b6afb5b94,MOL-e99e6b3a1e51a2bf,2020_Townsend,AC-78305ee2e743b795,BLOCK-513383ed86a73488,5,BLOCK-513383ed86a73488
SSCP-68502a00d6148f4b,MOL-21d228b4c14421ea,2020_Townsend,AC-78305ee2e743b795,BLOCK-513383ed86a73488,5,BLOCK-513383ed86a73488
SSCP-685ca0d417ffb984,MOL-fb10a372cbe18665,2022_Bhardwaj,AC-b53240a6d45045a4,BLOCK-513383ed86a73488,5,BLOCK-513383ed86a73488
SSCP-68938f14a2e702b3,MOL-2e47b870feca998b,2020_Townsend,AC-78305ee2e743b795,BLOCK-513383ed86a73488,5,BLOCK-513383ed86a73488
SSCP-68ab37aa0b03a1a3,MOL-92f7dca031bcd03f,2020_Townsend,AC-78305ee2e743b795,BLOCK-513383ed86a73488,5,BLOCK-513383ed86a73488
SSCP-68b3acddae3e4dd0,MOL-3d288e67e97de272,2020_Townsend,AC-78305ee2e743b795,BLOCK-513383ed86a73488,5,BLOCK-513383ed86a73488
SSCP-68b564766c370b96,MOL-983e68fff7812c32,2020_Townsend,AC-78305ee2e743b795,BLOCK-513383ed86a73488,5,BLOCK-513383ed86a73488
SSCP-68b93ae93c747b7d,MOL-5e6644cc744ad73d,2020_Townsend,AC-78305ee2e743b795,BLOCK-513383ed86a73488,5,BLOCK-513383ed86a73488
SSCP-68bbe39880856c7e,MOL-8195d7d0f35c52e3,2013_CHUGAI,AC-cf95401a5715faa6,BLOCK-5c361cba45039733,7,BLOCK-5c361cba45039733
SSCP-68cf33e2fafcab79,MOL-f185a36892f1d00b,2021_Kelly,AC-5e5c956882423f52,BLOCK-4494eb5738fce47c,3,BLOCK-4494eb5738fce47c
SSCP-68d37095602ab51d,MOL-47f5c46055066a75,2020_Townsend,AC-78305ee2e743b795,BLOCK-513383ed86a73488,5,BLOCK-513383ed86a73488
SSCP-68db4484f89802c5,MOL-bad102698da453bc,2020_Townsend,AC-78305ee2e743b795,BLOCK-513383ed86a73488,5,BLOCK-513383ed86a73488
SSCP-68dd53621f6ddadc,MOL-ba0e3f1f56b5cb15,2021_Kelly,AC-6d3257a2b83e15dc,BLOCK-4494eb5738fce47c,3,BLOCK-4494eb5738fce47c
SSCP-68e4c5bb24e53b62,MOL-e24a7eeae545e7e0,2016_Furukawa,AC-78305ee2e743b795,BLOCK-513383ed86a73488,5,BLOCK-513383ed86a73488
SSCP-68eae66155250596,MOL-746a4efb0e745fd9,2013_CHUGAI,AC-cf95401a5715faa6,BLOCK-5c361cba45039733,7,BLOCK-5c361cba45039733
SSCP-68ebca60c771370c,MOL-ec298115b1ff93df,2020_Townsend,AC-78305ee2e743b795,BLOCK-513383ed86a73488,5,BLOCK-513383ed86a73488
SSCP-68f233e4ec79980b,MOL-3b16d97f8ec4d7fc,2020_Townsend,AC-78305ee2e743b795,BLOCK-513383ed86a73488,5,BLOCK-513383ed86a73488
SSCP-68f34b2dd698450e,MOL-63017077831e101d,2021_Kelly,AC-5e5c956882423f52,BLOCK-4494eb5738fce47c,3,BLOCK-4494eb5738fce47c
SSCP-68f5956e58c892e1,MOL-90297bdacd070200,2022_Bhardwaj,AC-3b8dfcf80509a5e1,BLOCK-513383ed86a73488,5,BLOCK-513383ed86a73488
SSCP-6903113ef7186ea4,MOL-346bd75bf84a4e83,2024_Faris,AC-e82e3e242d3d320c,BLOCK-c5e520eb3b94ff25,15,BLOCK-c5e520eb3b94ff25
SSCP-691d6c05b3d1192b,MOL-43b7229432f8e6e5,2022_Lee,AC-4cbd321fd3e6c472,BLOCK-513383ed86a73488,5,BLOCK-513383ed86a73488
SSCP-6922e565472de0ef,MOL-fb134ac3fe513489,2020_Townsend,AC-78305ee2e743b795,BLOCK-513383ed86a73488,5,BLOCK-513383ed86a73488
SSCP-6927d7fdfca5685d,MOL-b2bd18607ab642c5,2020_Townsend,AC-78305ee2e743b795,BLOCK-513383ed86a73488,5,BLOCK-513383ed86a73488
SSCP-692c6fb69626354b,MOL-d22f8a1dae52aa84,2022_Bhardwaj,AC-b20167138b632b86,BLOCK-513383ed86a73488,5,BLOCK-513383ed86a73488
SSCP-694073c6acf1158b,MOL-4e2bbaccecc5e55a,2020_Townsend,AC-78305ee2e743b795,BLOCK-513383ed86a73488,5,BLOCK-513383ed86a73488
SSCP-6947da72bac2811e,MOL-f151784e1efd1960,2015_Wang,AC-3912d05a4a2ac3ab,BLOCK-513383ed86a73488,5,BLOCK-513383ed86a73488
SSCP-694a69f174dc0bf6,MOL-f5d8cee1a82e41f0,2015_Wang,AC-f88822375bf97a5d,BLOCK-513383ed86a73488,5,BLOCK-513383ed86a73488
SSCP-69547adc99b15544,MOL-d8ed11c1cfe8c59c,2020_Townsend,AC-78305ee2e743b795,BLOCK-513383ed86a73488,5,BLOCK-513383ed86a73488
SSCP-695d57c8b3247548,MOL-788001d53cdc6cfb,2021_Kelly,AC-5e5c956882423f52,BLOCK-4494eb5738fce47c,3,BLOCK-4494eb5738fce47c
SSCP-695d6daed5428ad7,MOL-445d17c7a0c27640,2020_Townsend,AC-78305ee2e743b795,BLOCK-513383ed86a73488,5,BLOCK-513383ed86a73488
SSCP-695ffcba077adf70,MOL-941ebe95ecee89d3,2020_Townsend,AC-78305ee2e743b795,BLOCK-513383ed86a73488,5,BLOCK-513383ed86a73488
SSCP-6960dec695da5cd2,MOL-1284243075f8f761,2021_Kelly,AC-5e5c956882423f52,BLOCK-4494eb5738fce47c,3,BLOCK-4494eb5738fce47c
SSCP-696c5ffe68b6ba14,MOL-fd04cac9ec872085,2015_Wang,AC-78305ee2e743b795,BLOCK-513383ed86a73488,5,BLOCK-513383ed86a73488
SSCP-696e29363483126c,MOL-c26095df97d4910f,2016_Furukawa,AC-78305ee2e743b795,BLOCK-513383ed86a73488,5,BLOCK-513383ed86a73488
SSCP-696febb25971b9fa,MOL-3834727a1d4a65c6,2013_CHUGAI,AC-9915a59ccaa1a737,BLOCK-5c361cba45039733,7,BLOCK-5c361cba45039733
SSCP-6976aa466682efee,MOL-334ef8d408cf43dd,2013_CHUGAI,AC-cf95401a5715faa6,BLOCK-5c361cba45039733,7,BLOCK-5c361cba45039733
SSCP-6977e4665c5dc3e8,MOL-4eb39dc69e750752,2015_Ahlbach,AC-a25eddbdf874dca9,BLOCK-513383ed86a73488,5,BLOCK-513383ed86a73488
SSCP-697eebe472a6afa7,MOL-db768391f252a061,2024_Faris,AC-e82e3e242d3d320c,BLOCK-c5e520eb3b94ff25,15,BLOCK-c5e520eb3b94ff25
SSCP-6989eee6f4185234,MOL-c8a4d689f97ae063,2021_Kelly,AC-5e5c956882423f52,BLOCK-4494eb5738fce47c,3,BLOCK-4494eb5738fce47c
SSCP-698f87278d00ae6d,MOL-1f4d25f93825d844,2018_Naylor,AC-78305ee2e743b795,BLOCK-513383ed86a73488,5,BLOCK-513383ed86a73488
SSCP-6996c2f34449f49e,MOL-a7f90897b5f8b9be,2020_Townsend,AC-78305ee2e743b795,BLOCK-513383ed86a73488,5,BLOCK-513383ed86a73488
SSCP-69baa2a6511b4a37,MOL-5e391860c80d074e,2016_Furukawa,AC-78305ee2e743b795,BLOCK-513383ed86a73488,5,BLOCK-513383ed86a73488
SSCP-69bb6909865761fd,MOL-9df5453fac307870,2022_Bhardwaj,AC-04d3c45276b65ace,BLOCK-513383ed86a73488,5,BLOCK-513383ed86a73488
SSCP-69c251e07b0001dc,MOL-dd3eecb3be474c11,2021_Kelly,AC-5e5c956882423f52,BLOCK-4494eb5738fce47c,3,BLOCK-4494eb5738fce47c
SSCP-69c506a158913490,MOL-173c1baf5434be75,2020_Townsend,AC-78305ee2e743b795,BLOCK-513383ed86a73488,5,BLOCK-513383ed86a73488
SSCP-69d508385a1820a4,MOL-4ee958cbe881ab5c,2013_CHUGAI,AC-cf95401a5715faa6,BLOCK-5c361cba45039733,7,BLOCK-5c361cba45039733
SSCP-69d620c8cb80f674,MOL-74565a685051942e,2016_Furukawa,AC-78305ee2e743b795,BLOCK-513383ed86a73488,5,BLOCK-513383ed86a73488
SSCP-69ee34f7283207db,MOL-c657e6fd1408f597,2016_Furukawa,AC-78305ee2e743b795,BLOCK-513383ed86a73488,5,BLOCK-513383ed86a73488
SSCP-69f25014e00dfe4d,MOL-db809b6c32637654,2021_Kelly,AC-6d3257a2b83e15dc,BLOCK-4494eb5738fce47c,3,BLOCK-4494eb5738fce47c
SSCP-69f8c976638f535b,MOL-34a264a1bb82edfd,2020_Townsend,AC-78305ee2e743b795,BLOCK-513383ed86a73488,5,BLOCK-513383ed86a73488
SSCP-69fa3809e4944d12,MOL-5b8baa98a1e259be,2016_Furukawa,AC-78305ee2e743b795,BLOCK-513383ed86a73488,5,BLOCK-513383ed86a73488
SSCP-6a038de9f3dca339,MOL-a5a7093f389cd7c5,2021_Kelly,AC-5e5c956882423f52,BLOCK-4494eb5738fce47c,3,BLOCK-4494eb5738fce47c
SSCP-6a0520ca27e8a1fc,MOL-e6a7ad33a3775efc,2020_Townsend,AC-78305ee2e743b795,BLOCK-513383ed86a73488,5,BLOCK-513383ed86a73488
SSCP-6a35a94f9542c136,MOL-1a9fa06a1244ac24,2013_CHUGAI,AC-cf95401a5715faa6,BLOCK-5c361cba45039733,7,BLOCK-5c361cba45039733
SSCP-6a38103d43be7ca7,MOL-159be56da1ad7f84,2020_Townsend,AC-78305ee2e743b795,BLOCK-513383ed86a73488,5,BLOCK-513383ed86a73488
SSCP-6a433f5275534a5d,MOL-caa634d9cc9bac33,2020_Townsend,AC-78305ee2e743b795,BLOCK-513383ed86a73488,5,BLOCK-513383ed86a73488
SSCP-6a43b65e963493ee,MOL-795f28f73cfd57de,2020_Townsend,AC-78305ee2e743b795,BLOCK-513383ed86a73488,5,BLOCK-513383ed86a73488
SSCP-6a4c49dabb8dfdd8,MOL-91d4f96d216183cc,2020_Townsend,AC-78305ee2e743b795,BLOCK-513383ed86a73488,5,BLOCK-513383ed86a73488
SSCP-6a4f39c867e9e066,MOL-494fe9b052d3804a,2020_Townsend,AC-78305ee2e743b795,BLOCK-513383ed86a73488,5,BLOCK-513383ed86a73488
SSCP-6a5b58cb5632c1b6,MOL-2f6728fd96e3bdf3,2018_Naylor,AC-78305ee2e743b795,BLOCK-513383ed86a73488,5,BLOCK-513383ed86a73488
SSCP-6a7c7000f2f4f27b,MOL-b4a2db10f5a3e5f2,2021_Kelly,AC-5e5c956882423f52,BLOCK-4494eb5738fce47c,3,BLOCK-4494eb5738fce47c
SSCP-6a85a193dd33b9db,MOL-3c3d97c95690288d,2020_Townsend,AC-78305ee2e743b795,BLOCK-513383ed86a73488,5,BLOCK-513383ed86a73488
SSCP-6a86e46a5f9ec039,MOL-e16c4c05561057fe,2020_Townsend,AC-78305ee2e743b795,BLOCK-513383ed86a73488,5,BLOCK-513383ed86a73488
SSCP-6a8f7a5e6775ba8d,MOL-b840bdd2b4184035,2020_Townsend,AC-78305ee2e743b795,BLOCK-513383ed86a73488,5,BLOCK-513383ed86a73488
SSCP-6a9facd2a03a0b4c,MOL-bd6897c1269219ef,2020_Townsend,AC-78305ee2e743b795,BLOCK-513383ed86a73488,5,BLOCK-513383ed86a73488
SSCP-6aa5cfdd8c475422,MOL-8e022ddab0e9d870,2013_CHUGAI,AC-cf95401a5715faa6,BLOCK-5c361cba45039733,7,BLOCK-5c361cba45039733
SSCP-6aac45c15f829525,MOL-c814cdd7ae36c5a1,2020_Townsend,AC-78305ee2e743b795,BLOCK-513383ed86a73488,5,BLOCK-513383ed86a73488
SSCP-6ab5c732cf67c007,MOL-c0ff8e1e29746df8,2013_CHUGAI,AC-9915a59ccaa1a737,BLOCK-5c361cba45039733,7,BLOCK-5c361cba45039733
SSCP-6abbd9027894d469,MOL-fee755b240eb5698,2020_Townsend,AC-78305ee2e743b795,BLOCK-513383ed86a73488,5,BLOCK-513383ed86a73488
SSCP-6abfe8daf8908676,MOL-2e904462944926d4,2021_Kelly,AC-5e5c956882423f52,BLOCK-4494eb5738fce47c,3,BLOCK-4494eb5738fce47c
SSCP-6ac4528e5a88d277,MOL-84e45273cc0abb20,2021_Kelly,AC-ac7e5d0036401990,BLOCK-4494eb5738fce47c,3,BLOCK-4494eb5738fce47c
SSCP-6acc308d85a13a58,MOL-b67ac99f25621afb,2016_Furukawa,AC-78305ee2e743b795,BLOCK-513383ed86a73488,5,BLOCK-513383ed86a73488
SSCP-6ad339dadbf4c4ce,MOL-a97099b736bc36b1,2021_Kelly,AC-5e5c956882423f52,BLOCK-4494eb5738fce47c,3,BLOCK-4494eb5738fce47c
SSCP-6ad4a1b01543dd97,MOL-80211f935a905d65,2013_CHUGAI,AC-9915a59ccaa1a737,BLOCK-5c361cba45039733,7,BLOCK-5c361cba45039733
SSCP-6adec8dc34b51da5,MOL-bfd3e9fb5a0d498f,2013_CHUGAI,AC-9915a59ccaa1a737,BLOCK-5c361cba45039733,7,BLOCK-5c361cba45039733
SSCP-6adecf10d4a7c33b,MOL-98da4763eacf0b78,2020_Townsend,AC-78305ee2e743b795,BLOCK-513383ed86a73488,5,BLOCK-513383ed86a73488
SSCP-6ae6a482115a6582,MOL-4b3899ddf4543c7d,2016_Furukawa,AC-78305ee2e743b795,BLOCK-513383ed86a73488,5,BLOCK-513383ed86a73488
SSCP-6ae788474da38c48,MOL-cb336d883970b845,2021_Kelly,AC-5e5c956882423f52,BLOCK-4494eb5738fce47c,3,BLOCK-4494eb5738fce47c
SSCP-6aea4a651825c2da,MOL-98e30d2bfbaae7e9,2013_CHUGAI,AC-9915a59ccaa1a737,BLOCK-5c361cba45039733,7,BLOCK-5c361cba45039733
SSCP-6afb2f9a477c7f53,MOL-87e0a9140802879c,2020_Townsend,AC-78305ee2e743b795,BLOCK-513383ed86a73488,5,BLOCK-513383ed86a73488
SSCP-6aff493f0ab35b85,MOL-d83e1fee3c02454b,2020_Le Roux,AC-b74b4d5565722d16,BLOCK-bb4bcb852b735057,12,BLOCK-bb4bcb852b735057
SSCP-6b0b48a7f4c2f854,MOL-02d55761ff463145,2021_Kelly,AC-5e5c956882423f52,BLOCK-4494eb5738fce47c,3,BLOCK-4494eb5738fce47c
SSCP-6b1d63b112e8f94a,MOL-bb83e5eedd3aff44,2016_Furukawa,AC-78305ee2e743b795,BLOCK-513383ed86a73488,5,BLOCK-513383ed86a73488
SSCP-6b2ff343f9b37210,MOL-036dcde3300cea26,2020_Townsend,AC-78305ee2e743b795,BLOCK-513383ed86a73488,5,BLOCK-513383ed86a73488
SSCP-6b43c609cb081b31,MOL-a39d5b0270c5a5f5,2013_CHUGAI,AC-40fb69e1323b21e3,BLOCK-5c361cba45039733,7,BLOCK-5c361cba45039733
SSCP-6b640c45dddb7433,MOL-47b1ce1f7b806ebe,2020_Townsend,AC-78305ee2e743b795,BLOCK-513383ed86a73488,5,BLOCK-513383ed86a73488
SSCP-6b64dcec73030e93,MOL-4b6fb2400d0c1a12,2023_Ghosh,AC-78305ee2e743b795,BLOCK-513383ed86a73488,5,BLOCK-513383ed86a73488
SSCP-6b652385b9867dfc,MOL-72c17e3b86bfcdbc,2013_CHUGAI,AC-9915a59ccaa1a737,BLOCK-5c361cba45039733,7,BLOCK-5c361cba45039733
SSCP-6b6fcebbc1bf7824,MOL-02baef403e6c7821,2016_Furukawa,AC-78305ee2e743b795,BLOCK-513383ed86a73488,5,BLOCK-513383ed86a73488
SSCP-6b71567e2a2d532e,MOL-19fe1760210c753d,2022_Taechalertpaisarn,AC-78305ee2e743b795,BLOCK-513383ed86a73488,5,BLOCK-513383ed86a73488
SSCP-6ba06797a9646853,MOL-90005c6e93236748,2020_Le Roux,AC-b74b4d5565722d16,BLOCK-bb4bcb852b735057,12,BLOCK-bb4bcb852b735057
SSCP-6ba328781ddc1bc6,MOL-653dac997935476b,2020_Townsend,AC-78305ee2e743b795,BLOCK-513383ed86a73488,5,BLOCK-513383ed86a73488
SSCP-6baf61573aae6b8c,MOL-8ec4efd721bea04d,2013_CHUGAI,AC-9915a59ccaa1a737,BLOCK-5c361cba45039733,7,BLOCK-5c361cba45039733
SSCP-6bb7ae1a5c105302,MOL-6f442a4d81376489,2013_CHUGAI,AC-cf95401a5715faa6,BLOCK-5c361cba45039733,7,BLOCK-5c361cba45039733
SSCP-6bbc7d5813ef6649,MOL-6ba1836e73bcfcba,2020_Townsend,AC-78305ee2e743b795,BLOCK-513383ed86a73488,5,BLOCK-513383ed86a73488
SSCP-6bbf4b42c0a7567c,MOL-c96f204f478fb76f,2021_Kelly,AC-5e5c956882423f52,BLOCK-4494eb5738fce47c,3,BLOCK-4494eb5738fce47c
SSCP-6bc806b98b53bc73,MOL-1d18ff0b59dd1d27,2020_Townsend,AC-78305ee2e743b795,BLOCK-513383ed86a73488,5,BLOCK-513383ed86a73488
SSCP-6bcfac69ca15b0f0,MOL-caf76f53e4152bdd,2024_Koch,AC-e82e3e242d3d320c,BLOCK-c5e520eb3b94ff25,15,BLOCK-c5e520eb3b94ff25
SSCP-6bd825b2ab614b28,MOL-dcc58963b99a8faa,2020_Townsend,AC-78305ee2e743b795,BLOCK-513383ed86a73488,5,BLOCK-513383ed86a73488
SSCP-6bdb4a56155d3c94,MOL-92002a1cc9035075,2024_Koch,AC-e82e3e242d3d320c,BLOCK-c5e520eb3b94ff25,15,BLOCK-c5e520eb3b94ff25
SSCP-6bdfe639bec1b0b7,MOL-7ead0786be35e316,2021_Kelly,AC-5e5c956882423f52,BLOCK-4494eb5738fce47c,3,BLOCK-4494eb5738fce47c
SSCP-6be461271134484f,MOL-ee6befda931cce36,2013_CHUGAI,AC-d65aa79d114b725e,BLOCK-5c361cba45039733,7,BLOCK-5c361cba45039733
SSCP-6bf26fdacdc151b3,MOL-bdf54aee6afcc605,2013_CHUGAI,AC-555968db9c5ca11a,BLOCK-5c361cba45039733,7,BLOCK-5c361cba45039733
SSCP-6bf3c859aa1de00f,MOL-d47345aef81b327e,2013_CHUGAI,AC-cf95401a5715faa6,BLOCK-5c361cba45039733,7,BLOCK-5c361cba45039733
SSCP-6bfaa7cd6eb4e04d,MOL-646bcdf276b1400b,2020_Townsend,AC-78305ee2e743b795,BLOCK-513383ed86a73488,5,BLOCK-513383ed86a73488
SSCP-6c053cdd9f35e63a,MOL-2541ded738461294,2022_Taechalertpaisarn,AC-78305ee2e743b795,BLOCK-513383ed86a73488,5,BLOCK-513383ed86a73488
SSCP-6c13eb417c31d1f8,MOL-0d3fee6a0b947525,2024_Faris,AC-e82e3e242d3d320c,BLOCK-c5e520eb3b94ff25,15,BLOCK-c5e520eb3b94ff25
SSCP-6c187cdb576e04a2,MOL-5120a2b64d879b16,2020_Furukawa,AC-114e657b947b31ec,BLOCK-5f91132e1b252609,9,BLOCK-5f91132e1b252609
SSCP-6c1b479516f51e1c,MOL-e046c87c3b055d36,2020_Townsend,AC-78305ee2e743b795,BLOCK-513383ed86a73488,5,BLOCK-513383ed86a73488
SSCP-6c240e50c3635136,MOL-316df8bab68c242a,2021_Kelly,AC-6d3257a2b83e15dc,BLOCK-4494eb5738fce47c,3,BLOCK-4494eb5738fce47c
SSCP-6c347c54e9c2205e,MOL-ba4c0a9d93d38c40,2020_Townsend,AC-78305ee2e743b795,BLOCK-513383ed86a73488,5,BLOCK-513383ed86a73488
SSCP-6c41b33e3ca0a570,MOL-babfd8fa3467f6d0,2016_Furukawa,AC-78305ee2e743b795,BLOCK-513383ed86a73488,5,BLOCK-513383ed86a73488
SSCP-6c487d6abcc20ff4,MOL-acec48bcd407f568,2021_Kelly,AC-5e5c956882423f52,BLOCK-4494eb5738fce47c,3,BLOCK-4494eb5738fce47c
SSCP-6c5210328f40e295,MOL-90b73fa54538fa9b,2024_Faris,AC-e82e3e242d3d320c,BLOCK-c5e520eb3b94ff25,15,BLOCK-c5e520eb3b94ff25
SSCP-6c6984b3257c90bc,MOL-534fee0702e4b45b,2016_Furukawa,AC-78305ee2e743b795,BLOCK-513383ed86a73488,5,BLOCK-513383ed86a73488
SSCP-6c74efa2f336d316,MOL-e36ef87ee952b396,2020_Townsend,AC-78305ee2e743b795,BLOCK-513383ed86a73488,5,BLOCK-513383ed86a73488
SSCP-6c78faa800afc318,MOL-c10653b9e258e7bc,2020_Townsend,AC-78305ee2e743b795,BLOCK-513383ed86a73488,5,BLOCK-513383ed86a73488
SSCP-6c98ba8e293779cc,MOL-5e573b1a0b1b6afe,2020_Townsend,AC-78305ee2e743b795,BLOCK-513383ed86a73488,5,BLOCK-513383ed86a73488
SSCP-6ca0e122230cd3b2,MOL-694b4ed5df6ffe10,2021_Kelly,AC-5e5c956882423f52,BLOCK-4494eb5738fce47c,3,BLOCK-4494eb5738fce47c
SSCP-6ca41950af157a59,MOL-16664b02582bb4ad,2021_Kelly,AC-5e5c956882423f52,BLOCK-4494eb5738fce47c,3,BLOCK-4494eb5738fce47c
SSCP-6ca5dc332d9b88ec,MOL-8e7938fae4141125,2020_Townsend,AC-78305ee2e743b795,BLOCK-513383ed86a73488,5,BLOCK-513383ed86a73488
SSCP-6ca7744146055000,MOL-6553e6ecce1dedaf,2016_Furukawa,AC-78305ee2e743b795,BLOCK-513383ed86a73488,5,BLOCK-513383ed86a73488
SSCP-6caaa1e8c5dd70b1,MOL-f7bb5fc10239d020,2013_CHUGAI,AC-cf95401a5715faa6,BLOCK-5c361cba45039733,7,BLOCK-5c361cba45039733
SSCP-6cab232ee0fe3373,MOL-95c349aa49fb1335,2013_CHUGAI,AC-cf95401a5715faa6,BLOCK-5c361cba45039733,7,BLOCK-5c361cba45039733
SSCP-6cb274b753c99ea4,MOL-781f5829e27a9496,2021_Kelly,AC-5e5c956882423f52,BLOCK-4494eb5738fce47c,3,BLOCK-4494eb5738fce47c
SSCP-6cb38d46048c68d4,MOL-4075a95bd55a8bc6,2022_Saunders,AC-e2c4d8fd96c23c6d,BLOCK-513383ed86a73488,5,BLOCK-513383ed86a73488
SSCP-6cc89c77a35e7a6b,MOL-1d568b6ca93f22d3,2016_Furukawa,AC-78305ee2e743b795,BLOCK-513383ed86a73488,5,BLOCK-513383ed86a73488
SSCP-6ccc70a4f6571beb,MOL-6eb76b491d237eba,2020_Townsend,AC-78305ee2e743b795,BLOCK-513383ed86a73488,5,BLOCK-513383ed86a73488
SSCP-6ccd36b606e18710,MOL-3ac0c2fa46326bc7,2013_CHUGAI,AC-601ed34e68f042b9,BLOCK-5c361cba45039733,7,BLOCK-5c361cba45039733
SSCP-6ce29fc22f15b62e,MOL-f87af34ea9423fdf,2013_CHUGAI,AC-cf95401a5715faa6,BLOCK-5c361cba45039733,7,BLOCK-5c361cba45039733
SSCP-6cf264218e15c13c,MOL-a3e04070250d0ac0,2020_Townsend,AC-78305ee2e743b795,BLOCK-513383ed86a73488,5,BLOCK-513383ed86a73488
SSCP-6cf31f207f28bc40,MOL-e42eacb6096579ff,2020_Townsend,AC-78305ee2e743b795,BLOCK-513383ed86a73488,5,BLOCK-513383ed86a73488
SSCP-6cf71bfdc0336846,MOL-111c687179304e9a,2020_Townsend,AC-78305ee2e743b795,BLOCK-513383ed86a73488,5,BLOCK-513383ed86a73488
SSCP-6cfc0d3edbe3392d,MOL-edf9bc4be572cd77,2013_CHUGAI,AC-eb7a07502141cab6,BLOCK-5c361cba45039733,7,BLOCK-5c361cba45039733
SSCP-6cfc59ad5b3ff5c3,MOL-0f28c1174b98562c,2023_Ghosh,AC-2e794211b979bb3e,BLOCK-513383ed86a73488,5,BLOCK-513383ed86a73488
SSCP-6d0f9af532d4f2a5,MOL-509a910e940ce7d3,2020_Townsend,AC-78305ee2e743b795,BLOCK-513383ed86a73488,5,BLOCK-513383ed86a73488
SSCP-6d15fc7d87237bff,MOL-3a7f5e9bae511db0,2021_Kelly,AC-5e5c956882423f52,BLOCK-4494eb5738fce47c,3,BLOCK-4494eb5738fce47c
SSCP-6d316342ac50d095,MOL-4aa0e0c14ed26cf9,2021_Kelly,AC-5e5c956882423f52,BLOCK-4494eb5738fce47c,3,BLOCK-4494eb5738fce47c
SSCP-6d37710ba9123abc,MOL-50d2039587aae25f,2020_Townsend,AC-78305ee2e743b795,BLOCK-513383ed86a73488,5,BLOCK-513383ed86a73488
SSCP-6d38e9ad7ecadb1f,MOL-f53750e89c3f3b84,2016_Furukawa,AC-78305ee2e743b795,BLOCK-513383ed86a73488,5,BLOCK-513383ed86a73488
SSCP-6d3a839072f16fe4,MOL-5867b63c95765af0,2020_Townsend,AC-78305ee2e743b795,BLOCK-513383ed86a73488,5,BLOCK-513383ed86a73488
SSCP-6d40ec813359c348,MOL-3cd7f35ed4a9b070,2022_Bhardwaj,AC-de29eb7b0ccbeb66,BLOCK-513383ed86a73488,5,BLOCK-513383ed86a73488
SSCP-6d51854b5b0efa91,MOL-9ab0bf0328b52aa2,2016_Furukawa,AC-78305ee2e743b795,BLOCK-513383ed86a73488,5,BLOCK-513383ed86a73488
SSCP-6d7f46e43f02481c,MOL-40110c054d01314b,2013_CHUGAI,AC-6d98dd80f0a242ec,BLOCK-5c361cba45039733,7,BLOCK-5c361cba45039733
SSCP-6d850e13db22121d,MOL-a9661ac527047ad8,2020_Townsend,AC-78305ee2e743b795,BLOCK-513383ed86a73488,5,BLOCK-513383ed86a73488
SSCP-6d8a1d75beb2e66e,MOL-3091e00077670bda,2016_Furukawa,AC-78305ee2e743b795,BLOCK-513383ed86a73488,5,BLOCK-513383ed86a73488
SSCP-6d9623b29e0362a1,MOL-960561ed983829d1,2013_CHUGAI,AC-15a8a092f3be5fca,BLOCK-5c361cba45039733,7,BLOCK-5c361cba45039733
SSCP-6db24efb8ea85652,MOL-b965e24969e2a67d,2016_Furukawa,AC-78305ee2e743b795,BLOCK-513383ed86a73488,5,BLOCK-513383ed86a73488
SSCP-6dc89606e15a5cb7,MOL-893369189575b461,2020_Townsend,AC-78305ee2e743b795,BLOCK-513383ed86a73488,5,BLOCK-513383ed86a73488
SSCP-6dd0131846ffc453,MOL-f0e811cdfed451b7,2020_Townsend,AC-78305ee2e743b795,BLOCK-513383ed86a73488,5,BLOCK-513383ed86a73488
SSCP-6dd15d5127d61b9c,MOL-ca061ade46280758,2020_Townsend,AC-78305ee2e743b795,BLOCK-513383ed86a73488,5,BLOCK-513383ed86a73488
SSCP-6dd65f49274c7f16,MOL-90db1de6542ddc18,2021_Kelly,AC-5e5c956882423f52,BLOCK-4494eb5738fce47c,3,BLOCK-4494eb5738fce47c
SSCP-6de423d02720227a,MOL-680cb3dc50639495,2020_Townsend,AC-78305ee2e743b795,BLOCK-513383ed86a73488,5,BLOCK-513383ed86a73488
SSCP-6de775418a341478,MOL-9b821ea2f9c0489c,2020_Townsend,AC-78305ee2e743b795,BLOCK-513383ed86a73488,5,BLOCK-513383ed86a73488
SSCP-6dec2d3181706ecb,MOL-71ef61ed11dd86d2,2020_Townsend,AC-78305ee2e743b795,BLOCK-513383ed86a73488,5,BLOCK-513383ed86a73488
SSCP-6deeb290b8bd022a,MOL-7365c97b5e679f7e,2013_CHUGAI,AC-cf95401a5715faa6,BLOCK-5c361cba45039733,7,BLOCK-5c361cba45039733
SSCP-6def5e01c02d799d,MOL-b2aab2663cc44da5,2021_Kelly,AC-5e5c956882423f52,BLOCK-4494eb5738fce47c,3,BLOCK-4494eb5738fce47c
SSCP-6dfbb11024b3a6da,MOL-61fe232c4386554a,2020_Townsend,AC-78305ee2e743b795,BLOCK-513383ed86a73488,5,BLOCK-513383ed86a73488
SSCP-6e0811efcb93a7c1,MOL-e8043dae3485fe57,2016_Furukawa,AC-78305ee2e743b795,BLOCK-513383ed86a73488,5,BLOCK-513383ed86a73488
SSCP-6e09883a64596ae4,MOL-09c7a80b8889a7f6,2013_CHUGAI,AC-cf95401a5715faa6,BLOCK-5c361cba45039733,7,BLOCK-5c361cba45039733
SSCP-6e0c6bfe8dbbbadb,MOL-42ca6112ea3d7c10,2020_Townsend,AC-78305ee2e743b795,BLOCK-513383ed86a73488,5,BLOCK-513383ed86a73488
SSCP-6e2177a8b39450d4,MOL-8fa576c128741e69,2020_Townsend,AC-78305ee2e743b795,BLOCK-513383ed86a73488,5,BLOCK-513383ed86a73488
SSCP-6e29b2cd622bb333,MOL-6524fa94eabf0479,2016_Furukawa,AC-78305ee2e743b795,BLOCK-513383ed86a73488,5,BLOCK-513383ed86a73488
SSCP-6e366e1142df3ac6,MOL-520bd7ddaf23ddc7,2020_Townsend,AC-78305ee2e743b795,BLOCK-513383ed86a73488,5,BLOCK-513383ed86a73488
SSCP-6e371a17d788269c,MOL-5914f5d91075b7b6,2021_Kelly,AC-5e5c956882423f52,BLOCK-4494eb5738fce47c,3,BLOCK-4494eb5738fce47c
SSCP-6e3da6836ac1dd88,MOL-717f518fa13457f4,2020_Townsend,AC-78305ee2e743b795,BLOCK-513383ed86a73488,5,BLOCK-513383ed86a73488
SSCP-6e3debcf0b8c3502,MOL-1cd7a7a30f18e2b3,2020_Townsend,AC-78305ee2e743b795,BLOCK-513383ed86a73488,5,BLOCK-513383ed86a73488
SSCP-6e3e5e7d32553b51,MOL-3099c522b29a86d4,2020_Townsend,AC-78305ee2e743b795,BLOCK-513383ed86a73488,5,BLOCK-513383ed86a73488
SSCP-6e56c3c1da28c394,MOL-bc0aba6211174abf,2020_Townsend,AC-78305ee2e743b795,BLOCK-513383ed86a73488,5,BLOCK-513383ed86a73488
SSCP-6e6b7e6cf09dbf4a,MOL-096642e26436030c,2020_Townsend,AC-78305ee2e743b795,BLOCK-513383ed86a73488,5,BLOCK-513383ed86a73488
SSCP-6e6d46e272fd5f30,MOL-1d9921dbeb76d0e6,2021_Kelly,AC-6d3257a2b83e15dc,BLOCK-4494eb5738fce47c,3,BLOCK-4494eb5738fce47c
SSCP-6e76883edcc4242a,MOL-41e31cda79fc09b4,2020_Townsend,AC-78305ee2e743b795,BLOCK-513383ed86a73488,5,BLOCK-513383ed86a73488
SSCP-6e7c126163be3ea3,MOL-18a8b8e407c327ee,2020_Townsend,AC-78305ee2e743b795,BLOCK-513383ed86a73488,5,BLOCK-513383ed86a73488
SSCP-6e92aba74f45dd6f,MOL-f328f7c29b35fca3,2021_Kelly,AC-ac7e5d0036401990,BLOCK-4494eb5738fce47c,3,BLOCK-4494eb5738fce47c
SSCP-6e92fdf57d518a1a,MOL-b7cdb494adc20967,2021_Kelly,AC-5e5c956882423f52,BLOCK-4494eb5738fce47c,3,BLOCK-4494eb5738fce47c
SSCP-6e9d38878c90aa9d,MOL-96bf62622a7a2e42,2016_Furukawa,AC-78305ee2e743b795,BLOCK-513383ed86a73488,5,BLOCK-513383ed86a73488
SSCP-6ea0c4b572cd64e6,MOL-fb9bb9195aef50ad,2021_Kelly,AC-5e5c956882423f52,BLOCK-4494eb5738fce47c,3,BLOCK-4494eb5738fce47c
SSCP-6eb094137af49065,MOL-7f6bdf814bf76c66,2021_Kelly,AC-5e5c956882423f52,BLOCK-4494eb5738fce47c,3,BLOCK-4494eb5738fce47c
SSCP-6ebc02d47004bb73,MOL-3c4766b80cef6c84,2020_Townsend,AC-78305ee2e743b795,BLOCK-513383ed86a73488,5,BLOCK-513383ed86a73488
SSCP-6ec3dcba923c7a29,MOL-5eb2697704226851,2024_Faris,AC-e82e3e242d3d320c,BLOCK-c5e520eb3b94ff25,15,BLOCK-c5e520eb3b94ff25
SSCP-6ec893231d0d87ca,MOL-06adf3ab598aa111,2021_Kelly,AC-6d3257a2b83e15dc,BLOCK-4494eb5738fce47c,3,BLOCK-4494eb5738fce47c
SSCP-6ec90c3a28200df1,MOL-543867e306044e2d,2016_Furukawa,AC-78305ee2e743b795,BLOCK-513383ed86a73488,5,BLOCK-513383ed86a73488
SSCP-6ed26ee574ecdee9,MOL-05bec23a5b4ec745,2020_Townsend,AC-78305ee2e743b795,BLOCK-513383ed86a73488,5,BLOCK-513383ed86a73488
SSCP-6ed770672eee839e,MOL-3fb080747ae9d1da,2013_CHUGAI,AC-9915a59ccaa1a737,BLOCK-5c361cba45039733,7,BLOCK-5c361cba45039733
SSCP-6ee4aaff84cea928,MOL-e6906351995ab9cc,2021_Kelly,AC-ac7e5d0036401990,BLOCK-4494eb5738fce47c,3,BLOCK-4494eb5738fce47c
SSCP-6ee8d8575443b80f,MOL-15092e60e6a7f5cc,2013_CHUGAI,AC-cf95401a5715faa6,BLOCK-5c361cba45039733,7,BLOCK-5c361cba45039733
SSCP-6eeb611216672c17,MOL-27dbed13f59eb93c,2021_Kelly,AC-5e5c956882423f52,BLOCK-4494eb5738fce47c,3,BLOCK-4494eb5738fce47c
SSCP-6ef8adfbcadb1841,MOL-0f33b554f0b6216c,2021_Kelly,AC-5e5c956882423f52,BLOCK-4494eb5738fce47c,3,BLOCK-4494eb5738fce47c
SSCP-6f065c1c4a081e63,MOL-210a3121027beeac,2013_CHUGAI,AC-9915a59ccaa1a737,BLOCK-5c361cba45039733,7,BLOCK-5c361cba45039733
SSCP-6f1b9793bd32f2fa,MOL-a53b8834b3015dc5,2006_Rezai_2,AC-e521a6b3b6226405,BLOCK-4acd8e0f532c9eb9,4,BLOCK-4acd8e0f532c9eb9
SSCP-6f1deced1b4b237c,MOL-34b75ebfd478c14e,2020_Townsend,AC-78305ee2e743b795,BLOCK-513383ed86a73488,5,BLOCK-513383ed86a73488
SSCP-6f2d237c290a27cd,MOL-a9999b2c9938c03b,2021_Kelly,AC-5e5c956882423f52,BLOCK-4494eb5738fce47c,3,BLOCK-4494eb5738fce47c
SSCP-6f347e2161e03159,MOL-92e8a6ae9f181f27,2013_CHUGAI,AC-cf95401a5715faa6,BLOCK-5c361cba45039733,7,BLOCK-5c361cba45039733
SSCP-6f4918ef63a39cb0,MOL-674b44c24182897c,2024_Faris,AC-e82e3e242d3d320c,BLOCK-c5e520eb3b94ff25,15,BLOCK-c5e520eb3b94ff25
SSCP-6f5363aecdc04e82,MOL-c4d57a5b60221a86,2020_Townsend,AC-78305ee2e743b795,BLOCK-513383ed86a73488,5,BLOCK-513383ed86a73488
SSCP-6f639d8d6e444ec4,MOL-92348e0969944762,2021_Comeau,AC-b74b4d5565722d16,BLOCK-bb4bcb852b735057,12,BLOCK-bb4bcb852b735057
SSCP-6f6f5c88923f4b63,MOL-6cdb941981e91519,2021_Kelly,AC-5e5c956882423f52,BLOCK-4494eb5738fce47c,3,BLOCK-4494eb5738fce47c
SSCP-6f8307c0737adad3,MOL-c5e1aca25e30a78a,2020_Townsend,AC-78305ee2e743b795,BLOCK-513383ed86a73488,5,BLOCK-513383ed86a73488
SSCP-6faebe564cf7cbb3,MOL-f967a5df4d569728,2020_Townsend,AC-78305ee2e743b795,BLOCK-513383ed86a73488,5,BLOCK-513383ed86a73488
SSCP-6fb7cfd10038104a,MOL-1b90beba0e4af1b3,2021_Kelly,AC-5e5c956882423f52,BLOCK-4494eb5738fce47c,3,BLOCK-4494eb5738fce47c
SSCP-6fc9e672006b979c,MOL-7494ad2439a1099d,2016_Furukawa,AC-78305ee2e743b795,BLOCK-513383ed86a73488,5,BLOCK-513383ed86a73488
SSCP-6fd345919159adf4,MOL-a5152242dc89d685,2020_Townsend,AC-78305ee2e743b795,BLOCK-513383ed86a73488,5,BLOCK-513383ed86a73488
SSCP-6fddbdbe6776cf49,MOL-0c7b63d4a0506a98,2016_Furukawa,AC-78305ee2e743b795,BLOCK-513383ed86a73488,5,BLOCK-513383ed86a73488
SSCP-6ffbb3ae89401230,MOL-0dd0c558036fc6f6,2016_Furukawa,AC-78305ee2e743b795,BLOCK-513383ed86a73488,5,BLOCK-513383ed86a73488
SSCP-6ffc33c63794ce67,MOL-385ffe939f8585c8,2013_CHUGAI,AC-cf95401a5715faa6,BLOCK-5c361cba45039733,7,BLOCK-5c361cba45039733
SSCP-700378e20ddf7c6a,MOL-203b5708a5b54c34,2020_Townsend,AC-78305ee2e743b795,BLOCK-513383ed86a73488,5,BLOCK-513383ed86a73488
SSCP-70072ad93b7723ba,MOL-917a7c032e5ea906,2020_Townsend,AC-78305ee2e743b795,BLOCK-513383ed86a73488,5,BLOCK-513383ed86a73488
SSCP-7015440c071baf91,MOL-3876f82f6f047c56,2020_Townsend,AC-78305ee2e743b795,BLOCK-513383ed86a73488,5,BLOCK-513383ed86a73488
SSCP-701aac927d5ef746,MOL-2b537c4cfb92d72e,2021_Kelly,AC-6d3257a2b83e15dc,BLOCK-4494eb5738fce47c,3,BLOCK-4494eb5738fce47c
SSCP-70367f1ea9593d44,MOL-6d80a470ee8d2af5,2020_Townsend,AC-78305ee2e743b795,BLOCK-513383ed86a73488,5,BLOCK-513383ed86a73488
SSCP-7041a3e7d0f4a2e8,MOL-6cc5b637406f43db,2020_Townsend,AC-78305ee2e743b795,BLOCK-513383ed86a73488,5,BLOCK-513383ed86a73488
SSCP-705aa6dc25ad4ac3,MOL-ea23626c2fe34eec,2016_Furukawa,AC-78305ee2e743b795,BLOCK-513383ed86a73488,5,BLOCK-513383ed86a73488
SSCP-7063b80f35ef2d8e,MOL-8fd70dabd29d5245,2021_Kelly,AC-5e5c956882423f52,BLOCK-4494eb5738fce47c,3,BLOCK-4494eb5738fce47c
SSCP-706bb026cabcd437,MOL-496d102c91873915,2020_Townsend,AC-78305ee2e743b795,BLOCK-513383ed86a73488,5,BLOCK-513383ed86a73488
SSCP-7077bd119ece6e1a,MOL-73b2dd11b3aa1233,2020_Townsend,AC-78305ee2e743b795,BLOCK-513383ed86a73488,5,BLOCK-513383ed86a73488
SSCP-7079ae24e562ea1c,MOL-58cf7a1ec6239dd6,2020_Townsend,AC-78305ee2e743b795,BLOCK-513383ed86a73488,5,BLOCK-513383ed86a73488
SSCP-707f43d0a08ef1ef,MOL-1b66932661fd3dc7,2020_Townsend,AC-78305ee2e743b795,BLOCK-513383ed86a73488,5,BLOCK-513383ed86a73488
SSCP-708aa68b53441465,MOL-b9a4d48da3bbbb45,2013_CHUGAI,AC-9915a59ccaa1a737,BLOCK-5c361cba45039733,7,BLOCK-5c361cba45039733
SSCP-7091f3fe546d9862,MOL-c17e511176035368,2020_Townsend,AC-78305ee2e743b795,BLOCK-513383ed86a73488,5,BLOCK-513383ed86a73488
SSCP-70aefb6cf458c346,MOL-7b7fb1cbdf95feda,2021_Kelly,AC-5e5c956882423f52,BLOCK-4494eb5738fce47c,3,BLOCK-4494eb5738fce47c
SSCP-70c431b8b0bccf9a,MOL-5ee7c9fd1174f87d,2016_Furukawa,AC-78305ee2e743b795,BLOCK-513383ed86a73488,5,BLOCK-513383ed86a73488
SSCP-70c8e2ed5d339db5,MOL-b5c2e96d3bec1915,2020_Furukawa,AC-114e657b947b31ec,BLOCK-5f91132e1b252609,9,BLOCK-5f91132e1b252609
SSCP-70c99fddebe0adb0,MOL-e1ed1ab55e5d1895,2021_Kelly,AC-6d3257a2b83e15dc,BLOCK-4494eb5738fce47c,3,BLOCK-4494eb5738fce47c
SSCP-70e6b4976bd0fd59,MOL-a810fd069808d186,2021_Kelly,AC-5e5c956882423f52,BLOCK-4494eb5738fce47c,3,BLOCK-4494eb5738fce47c
SSCP-70e9dfb9e440cac6,MOL-4209e542d1fcaee8,2018_Kaneda,AC-d7defee51a6f0372,BLOCK-fc0b343dfac9ab9d,18,BLOCK-fc0b343dfac9ab9d
SSCP-711587c0594684f4,MOL-3515e647eb2943ac,2020_Townsend,AC-78305ee2e743b795,BLOCK-513383ed86a73488,5,BLOCK-513383ed86a73488
SSCP-71200506dd1e67cb,MOL-44ab8d7ae1e83454,2020_Townsend,AC-78305ee2e743b795,BLOCK-513383ed86a73488,5,BLOCK-513383ed86a73488
SSCP-712f96e7b4b6806f,MOL-bb78d7037f048cb4,2021_Kelly,AC-6d3257a2b83e15dc,BLOCK-4494eb5738fce47c,3,BLOCK-4494eb5738fce47c
SSCP-71389076d7955097,MOL-ab4b4c301143c294,2016_Furukawa,AC-78305ee2e743b795,BLOCK-513383ed86a73488,5,BLOCK-513383ed86a73488
SSCP-713ec2efbdf65e30,MOL-91d3689ce22d57d2,2013_CHUGAI,AC-cf95401a5715faa6,BLOCK-5c361cba45039733,7,BLOCK-5c361cba45039733
SSCP-716b90e41f98c86f,MOL-e23548c61f9aac3f,2020_Townsend,AC-78305ee2e743b795,BLOCK-513383ed86a73488,5,BLOCK-513383ed86a73488
SSCP-7180b6559623d2ef,MOL-7323948e29402237,2013_CHUGAI,AC-9915a59ccaa1a737,BLOCK-5c361cba45039733,7,BLOCK-5c361cba45039733
SSCP-7184b29aa7e258ee,MOL-62c9fc3e6b7c5f10,2022_Bhardwaj,AC-162bb358b64759c8,BLOCK-513383ed86a73488,5,BLOCK-513383ed86a73488
SSCP-719393cc85069020,MOL-50c9638ea915c733,2020_Townsend,AC-78305ee2e743b795,BLOCK-513383ed86a73488,5,BLOCK-513383ed86a73488
SSCP-71965552fda4da58,MOL-1761f818ceea7158,2022_Bhardwaj,AC-999046a595a23d18,BLOCK-513383ed86a73488,5,BLOCK-513383ed86a73488
SSCP-71a18ad6dee65a6e,MOL-d886f4a9a78a519c,2022_Bhardwaj,AC-3fc6f1cd58648b2b,BLOCK-513383ed86a73488,5,BLOCK-513383ed86a73488
SSCP-71bcca6d04e16aef,MOL-a5b44e86ac9df03f,2020_Townsend,AC-78305ee2e743b795,BLOCK-513383ed86a73488,5,BLOCK-513383ed86a73488
SSCP-71be7e58fc31d370,MOL-6603a55728524c1f,2021_Kelly,AC-5e5c956882423f52,BLOCK-4494eb5738fce47c,3,BLOCK-4494eb5738fce47c
SSCP-71c8e8ec87bbd3a3,MOL-638db27dad3287f0,2020_Le Roux,AC-b74b4d5565722d16,BLOCK-bb4bcb852b735057,12,BLOCK-bb4bcb852b735057
SSCP-71cd2fa1eab1a879,MOL-70f146c89d941a72,2016_Furukawa,AC-78305ee2e743b795,BLOCK-513383ed86a73488,5,BLOCK-513383ed86a73488
SSCP-71d210b5c14ec30b,MOL-6e1bdefae8051bdb,2021_Kelly,AC-5e5c956882423f52,BLOCK-4494eb5738fce47c,3,BLOCK-4494eb5738fce47c
SSCP-71ed918883cc7ff8,MOL-db8b5b980dc5b710,2021_Kelly,AC-5e5c956882423f52,BLOCK-4494eb5738fce47c,3,BLOCK-4494eb5738fce47c
SSCP-71ef8f726da40cec,MOL-9972adff7adabf23,2020_Townsend,AC-78305ee2e743b795,BLOCK-513383ed86a73488,5,BLOCK-513383ed86a73488
SSCP-71f03f7c17fb6c11,MOL-de0843c2b77491ca,2020_Townsend,AC-78305ee2e743b795,BLOCK-513383ed86a73488,5,BLOCK-513383ed86a73488
SSCP-71f4c151f81175be,MOL-dbc767fcb4726dd7,2022_Bhardwaj,AC-496e57976c119f7a,BLOCK-513383ed86a73488,5,BLOCK-513383ed86a73488
SSCP-71f9827faa8589b6,MOL-1a27d23a2e2371c8,2021_Kelly,AC-5e5c956882423f52,BLOCK-4494eb5738fce47c,3,BLOCK-4494eb5738fce47c
SSCP-720d3738f0f507d9,MOL-e530ed92d2f228dd,2020_Townsend,AC-78305ee2e743b795,BLOCK-513383ed86a73488,5,BLOCK-513383ed86a73488
SSCP-721d2960c06fd49b,MOL-97a90669c25add10,2020_Townsend,AC-78305ee2e743b795,BLOCK-513383ed86a73488,5,BLOCK-513383ed86a73488
SSCP-721d5db85c053e48,MOL-45d63cac7cae3184,2021_Kelly,AC-5e5c956882423f52,BLOCK-4494eb5738fce47c,3,BLOCK-4494eb5738fce47c
SSCP-721f25377a23065a,MOL-cbaa5e6f982a5f97,2016_Furukawa,AC-78305ee2e743b795,BLOCK-513383ed86a73488,5,BLOCK-513383ed86a73488
SSCP-7222eab2b27d4e24,MOL-433d7e30847f6130,2020_Townsend,AC-78305ee2e743b795,BLOCK-513383ed86a73488,5,BLOCK-513383ed86a73488
SSCP-723d852dd6756fb5,MOL-46b17fb32907a215,2020_Townsend,AC-78305ee2e743b795,BLOCK-513383ed86a73488,5,BLOCK-513383ed86a73488
SSCP-7250d13d86b65730,MOL-30859967b45611b5,2016_Furukawa,AC-78305ee2e743b795,BLOCK-513383ed86a73488,5,BLOCK-513383ed86a73488
SSCP-72582fd5dcf6eb1d,MOL-e3172b778d4681e3,2021_Kelly,AC-5e5c956882423f52,BLOCK-4494eb5738fce47c,3,BLOCK-4494eb5738fce47c
SSCP-725e68767e81495b,MOL-5c0e8e616665f4b4,2022_Bhardwaj,AC-d2916e22b1813ccd,BLOCK-513383ed86a73488,5,BLOCK-513383ed86a73488
SSCP-726de7fc9d6eb279,MOL-84b54cdedf6fc255,2020_Townsend,AC-78305ee2e743b795,BLOCK-513383ed86a73488,5,BLOCK-513383ed86a73488
SSCP-726f9b0239ba5c64,MOL-51c6be6d333fd12f,2016_Furukawa,AC-78305ee2e743b795,BLOCK-513383ed86a73488,5,BLOCK-513383ed86a73488
SSCP-72876c69663c797d,MOL-93f7e90a4525b774,2020_Townsend,AC-78305ee2e743b795,BLOCK-513383ed86a73488,5,BLOCK-513383ed86a73488
SSCP-728fcd4656767bb6,MOL-d59c520b39268baf,2020_Townsend,AC-78305ee2e743b795,BLOCK-513383ed86a73488,5,BLOCK-513383ed86a73488
SSCP-7294b49d4fd6eb04,MOL-4642f390008088fe,2015_Ahlbach,AC-4cbd321fd3e6c472,BLOCK-513383ed86a73488,5,BLOCK-513383ed86a73488
SSCP-72a3f0e0b2f5d480,MOL-e3a3fc662c37ec10,2020_Townsend,AC-78305ee2e743b795,BLOCK-513383ed86a73488,5,BLOCK-513383ed86a73488
SSCP-72ac71a18d20ad21,MOL-b138bef3547989d1,2022_Bhardwaj,AC-22c600e2d92f8d99,BLOCK-513383ed86a73488,5,BLOCK-513383ed86a73488
SSCP-72ada3cf97d49d9a,MOL-5a47447ce02ba972,2016_Furukawa,AC-78305ee2e743b795,BLOCK-513383ed86a73488,5,BLOCK-513383ed86a73488
SSCP-72b12cf52d3043cd,MOL-8865f5c933839d9c,2020_Townsend,AC-78305ee2e743b795,BLOCK-513383ed86a73488,5,BLOCK-513383ed86a73488
SSCP-72bffac3b9a097f8,MOL-bfd7e286fdf46f69,2016_Furukawa,AC-78305ee2e743b795,BLOCK-513383ed86a73488,5,BLOCK-513383ed86a73488
SSCP-72c0fc6402bbe1d4,MOL-28c10d30dfe731ce,2020_Townsend,AC-78305ee2e743b795,BLOCK-513383ed86a73488,5,BLOCK-513383ed86a73488
SSCP-72d03e80b0be2cb1,MOL-318a35848f555805,2021_Kelly,AC-ac7e5d0036401990,BLOCK-4494eb5738fce47c,3,BLOCK-4494eb5738fce47c
SSCP-72d9d9484668afb4,MOL-19fca9b8f276bce3,2016_Furukawa,AC-78305ee2e743b795,BLOCK-513383ed86a73488,5,BLOCK-513383ed86a73488
SSCP-72e713d2d6c369ef,MOL-0ee0992b9aa00bde,2013_CHUGAI,AC-9915a59ccaa1a737,BLOCK-5c361cba45039733,7,BLOCK-5c361cba45039733
SSCP-72efd2205a24a304,MOL-3a2bb0b604ea44fc,2013_CHUGAI,AC-9915a59ccaa1a737,BLOCK-5c361cba45039733,7,BLOCK-5c361cba45039733
SSCP-72f0601065255acd,MOL-d13c5b54a60ad938,2020_Townsend,AC-78305ee2e743b795,BLOCK-513383ed86a73488,5,BLOCK-513383ed86a73488
SSCP-72f0adbff2caa0c9,MOL-c3bb4fe4942be861,2020_Townsend,AC-78305ee2e743b795,BLOCK-513383ed86a73488,5,BLOCK-513383ed86a73488
SSCP-73033ab9e5a73225,MOL-01f6e6fbbdcb5f96,2020_Townsend,AC-78305ee2e743b795,BLOCK-513383ed86a73488,5,BLOCK-513383ed86a73488
SSCP-73043cf538b3f73b,MOL-c8eed98df65a8fad,2016_Furukawa,AC-78305ee2e743b795,BLOCK-513383ed86a73488,5,BLOCK-513383ed86a73488
SSCP-7306b043253bd0e5,MOL-aa93eb8e391f2a64,2015_Bockus_1,AC-4e36071fc5d96b70,BLOCK-513383ed86a73488,5,BLOCK-513383ed86a73488
SSCP-730786f0e9f090b2,MOL-40e7980c8b02db55,2013_CHUGAI,AC-cf95401a5715faa6,BLOCK-5c361cba45039733,7,BLOCK-5c361cba45039733
SSCP-730897d916bd0812,MOL-42f26a2b454b1508,2020_Townsend,AC-78305ee2e743b795,BLOCK-513383ed86a73488,5,BLOCK-513383ed86a73488
SSCP-730f1c61b452bd1b,MOL-a93d3cce98f0dcac,2020_Townsend,AC-78305ee2e743b795,BLOCK-513383ed86a73488,5,BLOCK-513383ed86a73488
SSCP-7314b88f41da371a,MOL-0f0c1cfbb10830cd,2016_Furukawa,AC-78305ee2e743b795,BLOCK-513383ed86a73488,5,BLOCK-513383ed86a73488
SSCP-732786c565d54f8f,MOL-ad187a5d25dcea24,2021_Kelly,AC-5e5c956882423f52,BLOCK-4494eb5738fce47c,3,BLOCK-4494eb5738fce47c
SSCP-7328e6418345f52f,MOL-16302b01807b7ddb,2021_Kelly,AC-5e5c956882423f52,BLOCK-4494eb5738fce47c,3,BLOCK-4494eb5738fce47c
SSCP-73392d344c6e8ea1,MOL-97ab398b0233394f,2020_Le Roux,AC-b74b4d5565722d16,BLOCK-bb4bcb852b735057,12,BLOCK-bb4bcb852b735057
SSCP-733b8c382fa4bfd2,MOL-35fda7fc09b52074,2020_Townsend,AC-78305ee2e743b795,BLOCK-513383ed86a73488,5,BLOCK-513383ed86a73488
SSCP-7355ee7e2d2b17b3,MOL-5060f6eb355bd321,2020_Townsend,AC-78305ee2e743b795,BLOCK-513383ed86a73488,5,BLOCK-513383ed86a73488
SSCP-735ea39b644ac7c1,MOL-0770f89adc8f3f61,2020_Townsend,AC-78305ee2e743b795,BLOCK-513383ed86a73488,5,BLOCK-513383ed86a73488
SSCP-736248c3c68ca29c,MOL-d882c364056f59e7,2020_Townsend,AC-78305ee2e743b795,BLOCK-513383ed86a73488,5,BLOCK-513383ed86a73488
SSCP-73796a4dedb92fb0,MOL-f4e594058b2b6723,2024_Faris,AC-e82e3e242d3d320c,BLOCK-c5e520eb3b94ff25,15,BLOCK-c5e520eb3b94ff25
SSCP-73844130f24ea55d,MOL-b7cc7e140eac738c,2020_Townsend,AC-78305ee2e743b795,BLOCK-513383ed86a73488,5,BLOCK-513383ed86a73488
SSCP-73885c692f44e7b2,MOL-c1e9b76e66b14ec6,2020_Townsend,AC-78305ee2e743b795,BLOCK-513383ed86a73488,5,BLOCK-513383ed86a73488
SSCP-738e6eb1f3fe8710,MOL-5773aee3576f3934,2021_Wang,AC-fbc7f1ef462beb7f,BLOCK-d0fe24e9c28856d1,16,BLOCK-d0fe24e9c28856d1
SSCP-739a994451f39e84,MOL-260de92e29d0ecdf,2021_Kelly,AC-5e5c956882423f52,BLOCK-4494eb5738fce47c,3,BLOCK-4494eb5738fce47c
SSCP-73a8a2d5efc5aff1,MOL-36787501acaa5742,2022_Bhardwaj,AC-dd017ff16ecf96d9,BLOCK-513383ed86a73488,5,BLOCK-513383ed86a73488
SSCP-73b44a0b970fd2d5,MOL-498f6a5830bd9cd3,2021_Kelly,AC-5e5c956882423f52,BLOCK-4494eb5738fce47c,3,BLOCK-4494eb5738fce47c
SSCP-73d3dea985e627f5,MOL-5af22eca5d5e5352,2020_Townsend,AC-78305ee2e743b795,BLOCK-513383ed86a73488,5,BLOCK-513383ed86a73488
SSCP-73da21688f4544c4,MOL-1e91f696f03ee68b,2020_Townsend,AC-78305ee2e743b795,BLOCK-513383ed86a73488,5,BLOCK-513383ed86a73488
SSCP-73ed7c2a99ca58b6,MOL-e8f40245da308e2f,2020_Townsend,AC-78305ee2e743b795,BLOCK-513383ed86a73488,5,BLOCK-513383ed86a73488
SSCP-73f540eb3028e168,MOL-2bcedb08b92592aa,2020_Townsend,AC-78305ee2e743b795,BLOCK-513383ed86a73488,5,BLOCK-513383ed86a73488
SSCP-73fccea9a0dc11a4,MOL-65f3d22cef116034,2020_Townsend,AC-78305ee2e743b795,BLOCK-513383ed86a73488,5,BLOCK-513383ed86a73488
SSCP-74203d4c94985aa5,MOL-4e57b02728b81f22,2016_Furukawa,AC-78305ee2e743b795,BLOCK-513383ed86a73488,5,BLOCK-513383ed86a73488
SSCP-7430f5a1fd5d30d3,MOL-15a649519582aebd,2020_Townsend,AC-78305ee2e743b795,BLOCK-513383ed86a73488,5,BLOCK-513383ed86a73488
SSCP-74477107dc2f740d,MOL-37bf73d3a831cb2d,2021_Kelly,AC-5e5c956882423f52,BLOCK-4494eb5738fce47c,3,BLOCK-4494eb5738fce47c
SSCP-744a34952a26f0fa,MOL-6f56182ac73e85ff,2021_Kelly,AC-5e5c956882423f52,BLOCK-4494eb5738fce47c,3,BLOCK-4494eb5738fce47c
SSCP-744c10e07f2643bd,MOL-865963886526950e,2020_Townsend,AC-78305ee2e743b795,BLOCK-513383ed86a73488,5,BLOCK-513383ed86a73488
SSCP-7463a00690fe4f96,MOL-696539b7376db7d7,2020_Townsend,AC-78305ee2e743b795,BLOCK-513383ed86a73488,5,BLOCK-513383ed86a73488
SSCP-7465285595fde2e3,MOL-d335a50420718f46,2020_Townsend,AC-78305ee2e743b795,BLOCK-513383ed86a73488,5,BLOCK-513383ed86a73488
SSCP-74730292de497184,MOL-49aa6ed4283b8feb,2021_Kelly,AC-5e5c956882423f52,BLOCK-4494eb5738fce47c,3,BLOCK-4494eb5738fce47c
SSCP-747b9d0f24c80ec7,MOL-7afd668a702cbd22,2013_CHUGAI,AC-0ddd959cd9ecddf7,BLOCK-5c361cba45039733,7,BLOCK-5c361cba45039733
SSCP-747f9efea998c639,MOL-31a346a64fc1c91e,2013_CHUGAI,AC-cf95401a5715faa6,BLOCK-5c361cba45039733,7,BLOCK-5c361cba45039733
SSCP-7492c5302281214f,MOL-52d78c7fbe6a9b96,2020_Townsend,AC-78305ee2e743b795,BLOCK-513383ed86a73488,5,BLOCK-513383ed86a73488
SSCP-7498b93ac8c910b1,MOL-319961aacbb6293e,2020_Townsend,AC-78305ee2e743b795,BLOCK-513383ed86a73488,5,BLOCK-513383ed86a73488
SSCP-74a85133dfcd6e7d,MOL-d80f9dc00abe2158,2016_Furukawa,AC-78305ee2e743b795,BLOCK-513383ed86a73488,5,BLOCK-513383ed86a73488
SSCP-74aeea97bc84a795,MOL-8f52864a3ebada41,2021_Kelly,AC-ac7e5d0036401990,BLOCK-4494eb5738fce47c,3,BLOCK-4494eb5738fce47c
SSCP-74b13a9f23c4e673,MOL-78484a361a817c84,2020_Townsend,AC-78305ee2e743b795,BLOCK-513383ed86a73488,5,BLOCK-513383ed86a73488
SSCP-74d50fe5760a6ea3,MOL-7a8136d320260e38,2016_Furukawa,AC-78305ee2e743b795,BLOCK-513383ed86a73488,5,BLOCK-513383ed86a73488
SSCP-74d67319d9bed9dc,MOL-04007d8f33e0bd3a,2020_Townsend,AC-78305ee2e743b795,BLOCK-513383ed86a73488,5,BLOCK-513383ed86a73488
SSCP-74dabec5fc831c67,MOL-85c2b1db02f24472,2020_Townsend,AC-78305ee2e743b795,BLOCK-513383ed86a73488,5,BLOCK-513383ed86a73488
SSCP-74dc96d8a7159072,MOL-28d5f6972158652a,2021_Kelly,AC-5e5c956882423f52,BLOCK-4494eb5738fce47c,3,BLOCK-4494eb5738fce47c
SSCP-74e2513f73f8fec9,MOL-2985464b86371736,2015_Wang,AC-0fdfe45bfa2d5783,BLOCK-513383ed86a73488,5,BLOCK-513383ed86a73488
SSCP-74f34aa2731e5e0c,MOL-060810665b0b6561,2020_Townsend,AC-78305ee2e743b795,BLOCK-513383ed86a73488,5,BLOCK-513383ed86a73488
SSCP-74f54fc8acbbee1a,MOL-05a0205d13b06ed2,2020_Furukawa,AC-114e657b947b31ec,BLOCK-5f91132e1b252609,9,BLOCK-5f91132e1b252609
SSCP-74fd074c2d6a33cb,MOL-212b0573207b3603,2020_Townsend,AC-78305ee2e743b795,BLOCK-513383ed86a73488,5,BLOCK-513383ed86a73488
SSCP-7502462fd7df7ad7,MOL-27d145cee2aa34ba,2021_Kelly,AC-5e5c956882423f52,BLOCK-4494eb5738fce47c,3,BLOCK-4494eb5738fce47c
SSCP-7507ee004a618f50,MOL-6c9dbc67aa83843c,2021_Comeau,AC-b74b4d5565722d16,BLOCK-bb4bcb852b735057,12,BLOCK-bb4bcb852b735057
SSCP-750f5bae6287821d,MOL-a4cd2ba379d00fb5,2021_Kelly,AC-5e5c956882423f52,BLOCK-4494eb5738fce47c,3,BLOCK-4494eb5738fce47c
SSCP-75142159959d5cb9,MOL-7b41ecd4abcc8b78,2021_Kelly,AC-5e5c956882423f52,BLOCK-4494eb5738fce47c,3,BLOCK-4494eb5738fce47c
SSCP-752483a7f1a2e961,MOL-5d8fa34718fe94a0,2016_Furukawa,AC-78305ee2e743b795,BLOCK-513383ed86a73488,5,BLOCK-513383ed86a73488
SSCP-752e8969dc9b85a8,MOL-060b5a717b1225d4,2018_Naylor,AC-78305ee2e743b795,BLOCK-513383ed86a73488,5,BLOCK-513383ed86a73488
SSCP-75315f68ae6ad8d3,MOL-9a8460459032f98d,2024_Faris,AC-e82e3e242d3d320c,BLOCK-c5e520eb3b94ff25,15,BLOCK-c5e520eb3b94ff25
SSCP-754126a0796b9445,MOL-734520a702c3a6b4,2024_Ly,AC-b74b4d5565722d16,BLOCK-bb4bcb852b735057,12,BLOCK-bb4bcb852b735057
SSCP-754c01374141fe11,MOL-bcfacf810744d4f7,2020_Townsend,AC-78305ee2e743b795,BLOCK-513383ed86a73488,5,BLOCK-513383ed86a73488
SSCP-7550afb09be8d226,MOL-519706a82bdb347a,2021_Kelly,AC-5e5c956882423f52,BLOCK-4494eb5738fce47c,3,BLOCK-4494eb5738fce47c
SSCP-7558a8b9600b1f81,MOL-f8da87b809b7d8bc,2020_Townsend,AC-78305ee2e743b795,BLOCK-513383ed86a73488,5,BLOCK-513383ed86a73488
SSCP-755f521120cd64ca,MOL-862f8706e0c5ea56,2024_Faris,AC-e82e3e242d3d320c,BLOCK-c5e520eb3b94ff25,15,BLOCK-c5e520eb3b94ff25
SSCP-756438497dfbd3c6,MOL-ed2a5a6b5e9aa7a4,2022_Bhardwaj,AC-1a81a52b5a626eb4,BLOCK-513383ed86a73488,5,BLOCK-513383ed86a73488
SSCP-75652c6d974acb81,MOL-c5328e5da675e60f,2021_Kelly,AC-5e5c956882423f52,BLOCK-4494eb5738fce47c,3,BLOCK-4494eb5738fce47c
SSCP-756a0dc41373284e,MOL-3b2d2abdb7186432,2020_Townsend,AC-78305ee2e743b795,BLOCK-513383ed86a73488,5,BLOCK-513383ed86a73488
SSCP-7584a619a771b6f0,MOL-ea6594d15f7588b6,2021_Kelly,AC-5e5c956882423f52,BLOCK-4494eb5738fce47c,3,BLOCK-4494eb5738fce47c
SSCP-7588e59dab4e8aa2,MOL-bd8447a76420cfff,2016_Furukawa,AC-78305ee2e743b795,BLOCK-513383ed86a73488,5,BLOCK-513383ed86a73488
SSCP-758a2210c23a7a52,MOL-b4927b584d2309de,2020_Furukawa,AC-114e657b947b31ec,BLOCK-5f91132e1b252609,9,BLOCK-5f91132e1b252609
SSCP-758a4277342f6e11,MOL-1dbf840def69c9aa,2021_Kelly,AC-ac7e5d0036401990,BLOCK-4494eb5738fce47c,3,BLOCK-4494eb5738fce47c
SSCP-758f8f669f8bb241,MOL-c0f0f7691a6f8f13,2020_Townsend,AC-78305ee2e743b795,BLOCK-513383ed86a73488,5,BLOCK-513383ed86a73488
SSCP-7590a4398b9f0175,MOL-bae4c14ae1fbfe82,2021_Kelly,AC-5e5c956882423f52,BLOCK-4494eb5738fce47c,3,BLOCK-4494eb5738fce47c
SSCP-7592036347df4583,MOL-1e0bedc1917fc21e,2016_Furukawa,AC-78305ee2e743b795,BLOCK-513383ed86a73488,5,BLOCK-513383ed86a73488
SSCP-759b19801e9fea63,MOL-0b7d8cce00542bca,2020_Townsend,AC-78305ee2e743b795,BLOCK-513383ed86a73488,5,BLOCK-513383ed86a73488
SSCP-759c934827490d03,MOL-752b7f974f1f3e84,2020_Townsend,AC-78305ee2e743b795,BLOCK-513383ed86a73488,5,BLOCK-513383ed86a73488
SSCP-75bc19bc6bafd904,MOL-f61ea49bc521e343,2020_Townsend,AC-78305ee2e743b795,BLOCK-513383ed86a73488,5,BLOCK-513383ed86a73488
SSCP-75c7af7c090c9b83,MOL-b580a75342b8e3c3,2020_Townsend,AC-78305ee2e743b795,BLOCK-513383ed86a73488,5,BLOCK-513383ed86a73488
SSCP-75d04da78cfc146c,MOL-86dd529ca5b7a41b,2016_Furukawa,AC-78305ee2e743b795,BLOCK-513383ed86a73488,5,BLOCK-513383ed86a73488
SSCP-75d10bef1e72922a,MOL-99aee53ecb9169e6,2020_Townsend,AC-78305ee2e743b795,BLOCK-513383ed86a73488,5,BLOCK-513383ed86a73488
SSCP-75e7ca0d93677706,MOL-3d0ec920a6e6196d,2021_Kelly,AC-5e5c956882423f52,BLOCK-4494eb5738fce47c,3,BLOCK-4494eb5738fce47c
SSCP-75e891b9b34a61ff,MOL-67ca6114616cc8ff,2020_Townsend,AC-78305ee2e743b795,BLOCK-513383ed86a73488,5,BLOCK-513383ed86a73488
SSCP-75edeff968837ac9,MOL-5aea1ea671f3560b,2013_CHUGAI,AC-a924cfb437cd426c,BLOCK-5c361cba45039733,7,BLOCK-5c361cba45039733
SSCP-75f3b5ff238bd255,MOL-2b966552e025dd37,2013_CHUGAI,AC-c93658e76e89e849,BLOCK-5c361cba45039733,7,BLOCK-5c361cba45039733
SSCP-75f4a3afe03fbdda,MOL-21e9e2306332dfd6,2020_Townsend,AC-78305ee2e743b795,BLOCK-513383ed86a73488,5,BLOCK-513383ed86a73488
SSCP-75f5ff4365549127,MOL-1d93adad07f2f13e,2016_Furukawa,AC-78305ee2e743b795,BLOCK-513383ed86a73488,5,BLOCK-513383ed86a73488
SSCP-76034d49f3909685,MOL-98ad25b54171d32b,2020_Townsend,AC-78305ee2e743b795,BLOCK-513383ed86a73488,5,BLOCK-513383ed86a73488
SSCP-760a34cce75aea2e,MOL-560ffabfa229eae9,2020_Townsend,AC-78305ee2e743b795,BLOCK-513383ed86a73488,5,BLOCK-513383ed86a73488
SSCP-7618b036ad7fb772,MOL-3d6bc49fb8ba3488,2020_Townsend,AC-78305ee2e743b795,BLOCK-513383ed86a73488,5,BLOCK-513383ed86a73488
SSCP-7620225662dad21e,MOL-6f0c851579d5fba0,2020_Townsend,AC-78305ee2e743b795,BLOCK-513383ed86a73488,5,BLOCK-513383ed86a73488
SSCP-763717fd7c56a624,MOL-4e2a0aaa36e9b03c,2024_Faris,AC-e82e3e242d3d320c,BLOCK-c5e520eb3b94ff25,15,BLOCK-c5e520eb3b94ff25
SSCP-76459afbe4253931,MOL-af8284cebb938796,2020_Townsend,AC-78305ee2e743b795,BLOCK-513383ed86a73488,5,BLOCK-513383ed86a73488
SSCP-7649cbff27500885,MOL-3e0a8cdc8decb33a,2021_Kelly,AC-5e5c956882423f52,BLOCK-4494eb5738fce47c,3,BLOCK-4494eb5738fce47c
SSCP-7655e11cb4b75c8d,MOL-07bfe8708ace7581,2013_CHUGAI,AC-9915a59ccaa1a737,BLOCK-5c361cba45039733,7,BLOCK-5c361cba45039733
SSCP-765e77431f3e03d3,MOL-78568561ec0d1af2,2021_Kelly,AC-5e5c956882423f52,BLOCK-4494eb5738fce47c,3,BLOCK-4494eb5738fce47c
SSCP-76607ff138816b5b,MOL-a48f207d6aee4d62,2020_Townsend,AC-78305ee2e743b795,BLOCK-513383ed86a73488,5,BLOCK-513383ed86a73488
SSCP-766d0d6f877f0c00,MOL-c3a604bff6c165aa,2020_Townsend,AC-78305ee2e743b795,BLOCK-513383ed86a73488,5,BLOCK-513383ed86a73488
SSCP-767961a4550b72ee,MOL-787e815c5336b96f,2013_CHUGAI,AC-4ce7463e658dc6d1,BLOCK-5c361cba45039733,7,BLOCK-5c361cba45039733
SSCP-7680e1ff0ab6421a,MOL-208730697f81d20d,2022_Tamura,AC-d7117a19813028ec,BLOCK-bb889e938c0a001a,13,BLOCK-bb889e938c0a001a
SSCP-768c3899eab5f677,MOL-d39809aee71c16c6,2013_CHUGAI,AC-555968db9c5ca11a,BLOCK-5c361cba45039733,7,BLOCK-5c361cba45039733
SSCP-768d533d2deebcf7,MOL-87abd845fa22402b,2020_Townsend,AC-78305ee2e743b795,BLOCK-513383ed86a73488,5,BLOCK-513383ed86a73488
SSCP-76cdb90503681448,MOL-d99c3677d6bc83b6,2021_Kelly,AC-ac7e5d0036401990,BLOCK-4494eb5738fce47c,3,BLOCK-4494eb5738fce47c
SSCP-76d5008b7b965178,MOL-83ac950ac06ee999,2016_Furukawa,AC-78305ee2e743b795,BLOCK-513383ed86a73488,5,BLOCK-513383ed86a73488
SSCP-76d779a39de12d6c,MOL-b1e1e8cba9bcaa2f,2020_Townsend,AC-78305ee2e743b795,BLOCK-513383ed86a73488,5,BLOCK-513383ed86a73488
SSCP-76d9f40b943bae45,MOL-e903ce494e55613c,2024_Faris,AC-e82e3e242d3d320c,BLOCK-c5e520eb3b94ff25,15,BLOCK-c5e520eb3b94ff25
SSCP-76e8ad68c90502a6,MOL-840a59512989a46f,2013_CHUGAI,AC-9915a59ccaa1a737,BLOCK-5c361cba45039733,7,BLOCK-5c361cba45039733
SSCP-76eff1dd1288a408,MOL-8a86ec7ab5cbf1dc,2021_Kelly,AC-ac7e5d0036401990,BLOCK-4494eb5738fce47c,3,BLOCK-4494eb5738fce47c
SSCP-76f626950fe8ba7a,MOL-86956906a9cd5565,2021_Kelly,AC-5e5c956882423f52,BLOCK-4494eb5738fce47c,3,BLOCK-4494eb5738fce47c
SSCP-7702dcced3fa5498,MOL-aa01f0a4b4410737,2020_Townsend,AC-78305ee2e743b795,BLOCK-513383ed86a73488,5,BLOCK-513383ed86a73488
SSCP-7702f36ca15f2cb8,MOL-bcc0d09ea5b601f7,2013_CHUGAI,AC-b062943924760a61,BLOCK-5c361cba45039733,7,BLOCK-5c361cba45039733
SSCP-77058fa5de6232eb,MOL-7906ecfcd32cc336,2020_Townsend,AC-78305ee2e743b795,BLOCK-513383ed86a73488,5,BLOCK-513383ed86a73488
SSCP-77097c43b979ed02,MOL-73e49a590505f93d,2013_CHUGAI,AC-cf95401a5715faa6,BLOCK-5c361cba45039733,7,BLOCK-5c361cba45039733
SSCP-770b069541be9fba,MOL-3fa6df2083803f63,2022_Taechalertpaisarn,AC-78305ee2e743b795,BLOCK-513383ed86a73488,5,BLOCK-513383ed86a73488
SSCP-771b08d38ce337e0,MOL-1bcc47b550aa175f,2021_Kelly,AC-6d3257a2b83e15dc,BLOCK-4494eb5738fce47c,3,BLOCK-4494eb5738fce47c
SSCP-771de0dd48e13b6d,MOL-c651832b11c7991b,2020_Townsend,AC-78305ee2e743b795,BLOCK-513383ed86a73488,5,BLOCK-513383ed86a73488
SSCP-7729d4c0408ae2c6,MOL-ffd933f90bd2f420,2021_Kelly,AC-ac7e5d0036401990,BLOCK-4494eb5738fce47c,3,BLOCK-4494eb5738fce47c
SSCP-7735c225ac9b20f3,MOL-73777d5dadcaf7d4,2013_CHUGAI,AC-cf95401a5715faa6,BLOCK-5c361cba45039733,7,BLOCK-5c361cba45039733
SSCP-773b8a7a703e454a,MOL-83d5177670181440,2020_Townsend,AC-78305ee2e743b795,BLOCK-513383ed86a73488,5,BLOCK-513383ed86a73488
SSCP-7741f97f775f3285,MOL-35ea8e7540d5493b,2020_Townsend,AC-78305ee2e743b795,BLOCK-513383ed86a73488,5,BLOCK-513383ed86a73488
SSCP-774752e59d3a311c,MOL-e303dbdfa6950943,2021_Comeau,AC-b74b4d5565722d16,BLOCK-bb4bcb852b735057,12,BLOCK-bb4bcb852b735057
SSCP-774a3d5bf4ff1ea4,MOL-35b4da1f1cf57e6b,2020_Townsend,AC-78305ee2e743b795,BLOCK-513383ed86a73488,5,BLOCK-513383ed86a73488
SSCP-775207567d4017f5,MOL-126fd4cbcbd8576b,2013_CHUGAI,AC-dab4919ae4a90ad8,BLOCK-5c361cba45039733,7,BLOCK-5c361cba45039733
SSCP-775a1009c0e52d63,MOL-7bd8b2169145ad3a,2016_Furukawa,AC-78305ee2e743b795,BLOCK-513383ed86a73488,5,BLOCK-513383ed86a73488
SSCP-776605edca654a5d,MOL-c1cf2b125142b2a1,2020_Townsend,AC-78305ee2e743b795,BLOCK-513383ed86a73488,5,BLOCK-513383ed86a73488
SSCP-776608c7bc8d94e4,MOL-d0e27c7fc35f7818,2016_Furukawa,AC-78305ee2e743b795,BLOCK-513383ed86a73488,5,BLOCK-513383ed86a73488
SSCP-777122ad3522ebc3,MOL-d1b787c458ebf620,2020_Townsend,AC-78305ee2e743b795,BLOCK-513383ed86a73488,5,BLOCK-513383ed86a73488
SSCP-77886676d44e7a83,MOL-f2c96fdfd097008a,2021_Kelly,AC-5e5c956882423f52,BLOCK-4494eb5738fce47c,3,BLOCK-4494eb5738fce47c
SSCP-77978de896525b7d,MOL-91add272fedc873f,2021_Kelly,AC-6d3257a2b83e15dc,BLOCK-4494eb5738fce47c,3,BLOCK-4494eb5738fce47c
SSCP-77b1f4ad98351157,MOL-37692302c48fe7c9,2020_Townsend,AC-78305ee2e743b795,BLOCK-513383ed86a73488,5,BLOCK-513383ed86a73488
SSCP-77c78bc7522d1997,MOL-c7f2fd8d38fdb234,2020_Townsend,AC-78305ee2e743b795,BLOCK-513383ed86a73488,5,BLOCK-513383ed86a73488
SSCP-77cf8fba08575b66,MOL-388f8e63ee5be08c,2020_Townsend,AC-78305ee2e743b795,BLOCK-513383ed86a73488,5,BLOCK-513383ed86a73488
SSCP-77d55c2efeee956f,MOL-61851459e497cc05,2020_Townsend,AC-78305ee2e743b795,BLOCK-513383ed86a73488,5,BLOCK-513383ed86a73488
SSCP-77d7eeb2731f0000,MOL-8e59368707613d63,2013_CHUGAI,AC-cf95401a5715faa6,BLOCK-5c361cba45039733,7,BLOCK-5c361cba45039733
SSCP-77e05897e760f138,MOL-8064bf3fc221aa19,2024_Koch,AC-e82e3e242d3d320c,BLOCK-c5e520eb3b94ff25,15,BLOCK-c5e520eb3b94ff25
SSCP-77fa7ffd593401c9,MOL-a95b9963c99f7a32,2020_Townsend,AC-78305ee2e743b795,BLOCK-513383ed86a73488,5,BLOCK-513383ed86a73488
SSCP-78047fe23b8f921b,MOL-397e21acd882bf1d,2016_Furukawa,AC-78305ee2e743b795,BLOCK-513383ed86a73488,5,BLOCK-513383ed86a73488
SSCP-7814ad97ed2a30a7,MOL-1b9b9950117f7fc7,2021_Golosov,AC-86cc498249bfbe27,BLOCK-394ff80f01cbc968,2,BLOCK-394ff80f01cbc968
SSCP-78171775993f046d,MOL-a45e09f83c4b853a,2020_Townsend,AC-78305ee2e743b795,BLOCK-513383ed86a73488,5,BLOCK-513383ed86a73488
SSCP-782cd86c44b83f1a,MOL-a163d16a5ca8acd5,2016_Furukawa,AC-78305ee2e743b795,BLOCK-513383ed86a73488,5,BLOCK-513383ed86a73488
SSCP-7830ca674c63928c,MOL-a3144d702fa24fb3,2020_Townsend,AC-78305ee2e743b795,BLOCK-513383ed86a73488,5,BLOCK-513383ed86a73488
SSCP-78334550d5421893,MOL-c062018e6404a33c,2021_Comeau,AC-b74b4d5565722d16,BLOCK-bb4bcb852b735057,12,BLOCK-bb4bcb852b735057
SSCP-7839eaf6ea6b3b16,MOL-2327bbf3d5abffbb,2020_Townsend,AC-78305ee2e743b795,BLOCK-513383ed86a73488,5,BLOCK-513383ed86a73488
SSCP-78575bb313c0da67,MOL-495d8c69502a7514,2020_Townsend,AC-78305ee2e743b795,BLOCK-513383ed86a73488,5,BLOCK-513383ed86a73488
SSCP-7869d20a5ab9d8c4,MOL-7f02f60c6f7c024f,2016_Furukawa,AC-78305ee2e743b795,BLOCK-513383ed86a73488,5,BLOCK-513383ed86a73488
SSCP-786f855766faf931,MOL-d5e349a4e79156c8,2013_CHUGAI,AC-385005ae48ac3a44,BLOCK-5c361cba45039733,7,BLOCK-5c361cba45039733
SSCP-787077e6f935d110,MOL-75555d4068c5f88f,2016_Furukawa,AC-78305ee2e743b795,BLOCK-513383ed86a73488,5,BLOCK-513383ed86a73488
SSCP-7872503c77af0713,MOL-b5ac48edb9d4661b,2020_Townsend,AC-78305ee2e743b795,BLOCK-513383ed86a73488,5,BLOCK-513383ed86a73488
SSCP-78757f7f5da86923,MOL-86914c0c1ea12423,2020_Townsend,AC-78305ee2e743b795,BLOCK-513383ed86a73488,5,BLOCK-513383ed86a73488
SSCP-7876011b198548a6,MOL-e5463f81f716d9da,2020_Townsend,AC-78305ee2e743b795,BLOCK-513383ed86a73488,5,BLOCK-513383ed86a73488
SSCP-78873283d303fc73,MOL-8845f2e398cfa067,2021_Kelly,AC-5e5c956882423f52,BLOCK-4494eb5738fce47c,3,BLOCK-4494eb5738fce47c
SSCP-788b9f97437fc834,MOL-015ad8a53287086c,2021_Kelly,AC-5e5c956882423f52,BLOCK-4494eb5738fce47c,3,BLOCK-4494eb5738fce47c
SSCP-78909c15f8bfd975,MOL-562f435e4aaefd9a,2021_Kelly,AC-5e5c956882423f52,BLOCK-4494eb5738fce47c,3,BLOCK-4494eb5738fce47c
SSCP-78abcb74c229b817,MOL-e90f196082c1c189,2020_Le Roux,AC-b74b4d5565722d16,BLOCK-bb4bcb852b735057,12,BLOCK-bb4bcb852b735057
SSCP-78b2f5836fa77281,MOL-16baf9472a753366,2016_Furukawa,AC-78305ee2e743b795,BLOCK-513383ed86a73488,5,BLOCK-513383ed86a73488
SSCP-78b2fa62a4b418ab,MOL-62ab1940e27c1b67,2016_Furukawa,AC-78305ee2e743b795,BLOCK-513383ed86a73488,5,BLOCK-513383ed86a73488
SSCP-78b7db3d8737335f,MOL-fa4dbeb9f5ccc434,2013_CHUGAI,AC-9915a59ccaa1a737,BLOCK-5c361cba45039733,7,BLOCK-5c361cba45039733
SSCP-78b85e0cbd58643e,MOL-afe759afdf555b47,2017_Pye,AC-d51aa402a0242ca5,BLOCK-2c0090ee1dd5b17e,1,BLOCK-2c0090ee1dd5b17e
SSCP-78c0972c61062ddf,MOL-ab79904ec71f3be4,2020_Townsend,AC-78305ee2e743b795,BLOCK-513383ed86a73488,5,BLOCK-513383ed86a73488
SSCP-78cf44cd5f214a05,MOL-060c16207690b13e,2013_CHUGAI,AC-617907074661169c,BLOCK-5c361cba45039733,7,BLOCK-5c361cba45039733
SSCP-78ef7b0cb7eb3327,MOL-95844891f3825c64,2021_Kelly,AC-5e5c956882423f52,BLOCK-4494eb5738fce47c,3,BLOCK-4494eb5738fce47c
SSCP-78fee748bca35762,MOL-c4acf97e276f7913,2016_Furukawa,AC-78305ee2e743b795,BLOCK-513383ed86a73488,5,BLOCK-513383ed86a73488
SSCP-78ffcfadacea1ecd,MOL-af5e42ee66803821,2020_Townsend,AC-78305ee2e743b795,BLOCK-513383ed86a73488,5,BLOCK-513383ed86a73488
SSCP-79034c07ac3bb8e0,MOL-71a5b7be9c878e4b,2013_CHUGAI,AC-77fb0f10ded9ea1e,BLOCK-5c361cba45039733,7,BLOCK-5c361cba45039733
SSCP-791918143f815f1a,MOL-42cebc9e289009e5,2020_Townsend,AC-78305ee2e743b795,BLOCK-513383ed86a73488,5,BLOCK-513383ed86a73488
SSCP-791a1cc56432f3f3,MOL-e729737b6ae6c4ff,2020_Townsend,AC-78305ee2e743b795,BLOCK-513383ed86a73488,5,BLOCK-513383ed86a73488
SSCP-7924bcf19762f824,MOL-3aac545abf7e3881,2021_Kelly,AC-ac7e5d0036401990,BLOCK-4494eb5738fce47c,3,BLOCK-4494eb5738fce47c
SSCP-792b80c92bc31150,MOL-5454d97bba0ddb68,2020_Townsend,AC-78305ee2e743b795,BLOCK-513383ed86a73488,5,BLOCK-513383ed86a73488
SSCP-79424ed6c8be1d70,MOL-94553c058e3784fa,2020_Townsend,AC-78305ee2e743b795,BLOCK-513383ed86a73488,5,BLOCK-513383ed86a73488
SSCP-794307a4193cec2c,MOL-8f8565b17ada1938,2020_Townsend,AC-78305ee2e743b795,BLOCK-513383ed86a73488,5,BLOCK-513383ed86a73488
SSCP-7961977ee1000b23,MOL-248452a269443f4f,2020_Townsend,AC-78305ee2e743b795,BLOCK-513383ed86a73488,5,BLOCK-513383ed86a73488
SSCP-796669264fc927c2,MOL-3e8d02c5b33fc465,2021_Wang,AC-fbc7f1ef462beb7f,BLOCK-d0fe24e9c28856d1,16,BLOCK-d0fe24e9c28856d1
SSCP-796ad7e7825bddb9,MOL-d35f5f5b6d8f2e07,2020_Townsend,AC-78305ee2e743b795,BLOCK-513383ed86a73488,5,BLOCK-513383ed86a73488
SSCP-796e0eff7bd18357,MOL-8abe2a5f271e5d0d,2016_Furukawa,AC-78305ee2e743b795,BLOCK-513383ed86a73488,5,BLOCK-513383ed86a73488
SSCP-7975c96bf80e6dcd,MOL-a3d5fda9dcdce19f,2021_Kelly,AC-5e5c956882423f52,BLOCK-4494eb5738fce47c,3,BLOCK-4494eb5738fce47c
SSCP-7982464200b1a4fd,MOL-91b4ed741d00baf9,2020_Townsend,AC-78305ee2e743b795,BLOCK-513383ed86a73488,5,BLOCK-513383ed86a73488
SSCP-799a0c892ee7aea3,MOL-8e818f59cdd2109a,2020_Townsend,AC-78305ee2e743b795,BLOCK-513383ed86a73488,5,BLOCK-513383ed86a73488
SSCP-799d9ac2b85c5822,MOL-f589f8f7e389d9b7,2016_Furukawa,AC-78305ee2e743b795,BLOCK-513383ed86a73488,5,BLOCK-513383ed86a73488
SSCP-79a9620666c06c9e,MOL-cae8e0051fd658b5,2013_CHUGAI,AC-6f97a26c99597901,BLOCK-5c361cba45039733,7,BLOCK-5c361cba45039733
SSCP-79aa23958c9cb494,MOL-2987dae47841ed8b,2021_Kelly,AC-5e5c956882423f52,BLOCK-4494eb5738fce47c,3,BLOCK-4494eb5738fce47c
SSCP-79acb94b9611f727,MOL-9cf6ee319576807e,2015_Ahlbach,AC-d7e3dc9dd9e0c1d8,BLOCK-513383ed86a73488,5,BLOCK-513383ed86a73488
SSCP-79b6f858e52ffcd6,MOL-ae8086c412a78d32,2021_Kelly,AC-ac7e5d0036401990,BLOCK-4494eb5738fce47c,3,BLOCK-4494eb5738fce47c
SSCP-79b956a2b9714b27,MOL-941029d097d9b798,2024_Faris,AC-e82e3e242d3d320c,BLOCK-c5e520eb3b94ff25,15,BLOCK-c5e520eb3b94ff25
SSCP-79bd9b0dae595816,MOL-e2e5ed15ee37893b,2021_Kelly,AC-5e5c956882423f52,BLOCK-4494eb5738fce47c,3,BLOCK-4494eb5738fce47c
SSCP-79c6d4438ab23309,MOL-fb5cf639e9d80399,2016_Furukawa,AC-78305ee2e743b795,BLOCK-513383ed86a73488,5,BLOCK-513383ed86a73488
SSCP-79ca227863fc1e5f,MOL-7417530e915707ea,2016_Furukawa,AC-78305ee2e743b795,BLOCK-513383ed86a73488,5,BLOCK-513383ed86a73488
SSCP-79ccaaff78e02e9b,MOL-118b90282bb3637e,2018_Naylor,AC-4cbd321fd3e6c472,BLOCK-513383ed86a73488,5,BLOCK-513383ed86a73488
SSCP-79cd22bcd9afe615,MOL-e838da75dcb5b506,2013_CHUGAI,AC-9915a59ccaa1a737,BLOCK-5c361cba45039733,7,BLOCK-5c361cba45039733
SSCP-79ce1c7d1c64ac16,MOL-67bde385ed4e58db,2024_Koch,AC-e82e3e242d3d320c,BLOCK-c5e520eb3b94ff25,15,BLOCK-c5e520eb3b94ff25
SSCP-79d379aec6b18e8c,MOL-783d9e4922a8308e,2020_Townsend,AC-78305ee2e743b795,BLOCK-513383ed86a73488,5,BLOCK-513383ed86a73488
SSCP-79d7c8115ec1c4cd,MOL-545f26306a92f32a,2013_CHUGAI,AC-cf95401a5715faa6,BLOCK-5c361cba45039733,7,BLOCK-5c361cba45039733
SSCP-79d9969ea4b8e1cc,MOL-e565df11b5915ffd,2023_Ghosh,AC-78305ee2e743b795,BLOCK-513383ed86a73488,5,BLOCK-513383ed86a73488
SSCP-79db350229b3c2ec,MOL-160e684a09430c15,2013_CHUGAI,AC-9915a59ccaa1a737,BLOCK-5c361cba45039733,7,BLOCK-5c361cba45039733
SSCP-79dc6b4a6f8aaec2,MOL-fb8658e3463d8052,2020_Townsend,AC-78305ee2e743b795,BLOCK-513383ed86a73488,5,BLOCK-513383ed86a73488
SSCP-79dfd95c1075c538,MOL-0e4f2328a025a73b,2020_Townsend,AC-78305ee2e743b795,BLOCK-513383ed86a73488,5,BLOCK-513383ed86a73488
SSCP-79e94cd8cfcac9a9,MOL-f3aaf89f0f065c94,2020_Townsend,AC-78305ee2e743b795,BLOCK-513383ed86a73488,5,BLOCK-513383ed86a73488
SSCP-79f4f156e510ea0a,MOL-5aba0f316cf33112,2021_Kelly,AC-5e5c956882423f52,BLOCK-4494eb5738fce47c,3,BLOCK-4494eb5738fce47c
SSCP-79ff368783c89ed4,MOL-c1e7480dd401f6e8,2020_Townsend,AC-78305ee2e743b795,BLOCK-513383ed86a73488,5,BLOCK-513383ed86a73488
SSCP-7a01be3565ee96f4,MOL-fa184fec38d00c3f,2024_Faris,AC-e82e3e242d3d320c,BLOCK-c5e520eb3b94ff25,15,BLOCK-c5e520eb3b94ff25
SSCP-7a05c6adee085941,MOL-74f085f2e09dc5c8,2024_Faris,AC-e82e3e242d3d320c,BLOCK-c5e520eb3b94ff25,15,BLOCK-c5e520eb3b94ff25
SSCP-7a0f80201a919d99,MOL-9d51f2e225cf9b34,2021_Kelly,AC-5e5c956882423f52,BLOCK-4494eb5738fce47c,3,BLOCK-4494eb5738fce47c
SSCP-7a3cc43fe0aed68e,MOL-b05f08336dcae3c5,2021_Kelly,AC-ac7e5d0036401990,BLOCK-4494eb5738fce47c,3,BLOCK-4494eb5738fce47c
SSCP-7a466691779f07d2,MOL-dd815b63b6de89b3,2020_Townsend,AC-78305ee2e743b795,BLOCK-513383ed86a73488,5,BLOCK-513383ed86a73488
SSCP-7a4a34e0bd71d554,MOL-f1068e7cb8ecddfc,2021_Kelly,AC-5e5c956882423f52,BLOCK-4494eb5738fce47c,3,BLOCK-4494eb5738fce47c
SSCP-7a56cf3b993fccbb,MOL-09fc78e5b6295dfe,2013_CHUGAI,AC-cf95401a5715faa6,BLOCK-5c361cba45039733,7,BLOCK-5c361cba45039733
SSCP-7a58910c0e91a80f,MOL-ddec0e8f186881b9,2018_Buckton,AC-50660f8319dc1976,BLOCK-c1585d53eda9a867,14,BLOCK-c1585d53eda9a867
SSCP-7a5b399046aa66d3,MOL-9329ca91a61290cd,2024_Faris,AC-e82e3e242d3d320c,BLOCK-c5e520eb3b94ff25,15,BLOCK-c5e520eb3b94ff25
SSCP-7a5b8a9a1ba9530c,MOL-08c4da169985bc75,2021_Comeau,AC-b74b4d5565722d16,BLOCK-bb4bcb852b735057,12,BLOCK-bb4bcb852b735057
SSCP-7a63d4541d22fee7,MOL-870471bc9c724377,2016_Furukawa,AC-78305ee2e743b795,BLOCK-513383ed86a73488,5,BLOCK-513383ed86a73488
SSCP-7a64d3c952a4ea8f,MOL-1bfbc80ac3bf879c,2024_Koch,AC-e82e3e242d3d320c,BLOCK-c5e520eb3b94ff25,15,BLOCK-c5e520eb3b94ff25
SSCP-7a6608e0f8d0cc78,MOL-6946a67bf2dee715,2016_Furukawa,AC-78305ee2e743b795,BLOCK-513383ed86a73488,5,BLOCK-513383ed86a73488
SSCP-7a6ff8721fa67979,MOL-30e13f6ed9d0e78a,2015_Ahlbach,AC-e20aa860c6749884,BLOCK-513383ed86a73488,5,BLOCK-513383ed86a73488
SSCP-7a730c981783f48b,MOL-4d601d54af938c04,2020_Townsend,AC-78305ee2e743b795,BLOCK-513383ed86a73488,5,BLOCK-513383ed86a73488
SSCP-7a7685da261564e2,MOL-34005a1d2a087d15,2021_Kelly,AC-5e5c956882423f52,BLOCK-4494eb5738fce47c,3,BLOCK-4494eb5738fce47c
SSCP-7a7ca0c8a7a940ff,MOL-70fe862825e8992e,2015_Ahlbach,AC-c300a88f8d88a68d,BLOCK-513383ed86a73488,5,BLOCK-513383ed86a73488
SSCP-7a9020e8b1a4d0e6,MOL-481a368ad4d0d978,2020_Townsend,AC-78305ee2e743b795,BLOCK-513383ed86a73488,5,BLOCK-513383ed86a73488
SSCP-7ab134a30b9878c6,MOL-d0680bb99073229f,2016_Furukawa,AC-78305ee2e743b795,BLOCK-513383ed86a73488,5,BLOCK-513383ed86a73488
SSCP-7ac2033dbc21a566,MOL-85a0bc243b2aa8d6,2016_Furukawa,AC-78305ee2e743b795,BLOCK-513383ed86a73488,5,BLOCK-513383ed86a73488
SSCP-7acc795c19bbd91d,MOL-48854745de83f6ad,2021_Kelly,AC-5e5c956882423f52,BLOCK-4494eb5738fce47c,3,BLOCK-4494eb5738fce47c
SSCP-7afdab44bd1b5e04,MOL-d52e3bed9fd1efa7,2020_Townsend,AC-78305ee2e743b795,BLOCK-513383ed86a73488,5,BLOCK-513383ed86a73488
SSCP-7b00406ff9b8beaa,MOL-7949f078f049b182,2020_Townsend,AC-78305ee2e743b795,BLOCK-513383ed86a73488,5,BLOCK-513383ed86a73488
SSCP-7b053ec27808a10c,MOL-4b5563b30d162afb,2013_CHUGAI,AC-cf95401a5715faa6,BLOCK-5c361cba45039733,7,BLOCK-5c361cba45039733
SSCP-7b06a76e4809a13c,MOL-725cda6693c87c20,2020_Townsend,AC-78305ee2e743b795,BLOCK-513383ed86a73488,5,BLOCK-513383ed86a73488
SSCP-7b0820a8f4c384a9,MOL-30b4ab5d9b16e860,2006_Rezai_2,AC-e521a6b3b6226405,BLOCK-4acd8e0f532c9eb9,4,BLOCK-4acd8e0f532c9eb9
SSCP-7b1c6193733647a9,MOL-74be8f3ca0e80e0a,2022_Tamura,AC-d7117a19813028ec,BLOCK-bb889e938c0a001a,13,BLOCK-bb889e938c0a001a
SSCP-7b21d37a57c5d50b,MOL-b7aa4be377c73a4c,2020_Townsend,AC-78305ee2e743b795,BLOCK-513383ed86a73488,5,BLOCK-513383ed86a73488
SSCP-7b23c78c0cbbca35,MOL-e2e09880b73843d9,2016_Furukawa,AC-78305ee2e743b795,BLOCK-513383ed86a73488,5,BLOCK-513383ed86a73488
SSCP-7b42eb060bf669fc,MOL-8998a0536dd8f0da,2015_Ahlbach,AC-4cbd321fd3e6c472,BLOCK-513383ed86a73488,5,BLOCK-513383ed86a73488
SSCP-7b496a4ac798c460,MOL-5d1881723d58a814,2021_Comeau,AC-b74b4d5565722d16,BLOCK-bb4bcb852b735057,12,BLOCK-bb4bcb852b735057
SSCP-7b6f75f13d3ca931,MOL-b611517befea7b1d,2020_Townsend,AC-78305ee2e743b795,BLOCK-513383ed86a73488,5,BLOCK-513383ed86a73488
SSCP-7b719f4fc73a404f,MOL-72d5d314b023cb29,2021_Golosov,AC-86cc498249bfbe27,BLOCK-394ff80f01cbc968,2,BLOCK-394ff80f01cbc968
SSCP-7b7a823d56112417,MOL-dde0ebb95d51f1f1,2016_Furukawa,AC-78305ee2e743b795,BLOCK-513383ed86a73488,5,BLOCK-513383ed86a73488
SSCP-7b7f10b1ebfa7ab9,MOL-bd7525790397cf97,2021_Kelly,AC-ac7e5d0036401990,BLOCK-4494eb5738fce47c,3,BLOCK-4494eb5738fce47c
SSCP-7b81c1cef319f07e,MOL-f1ce3ebce494a7f9,2021_Kelly,AC-5e5c956882423f52,BLOCK-4494eb5738fce47c,3,BLOCK-4494eb5738fce47c
SSCP-7b88b8a0d179b517,MOL-eb0482769908c9c9,2020_Townsend,AC-78305ee2e743b795,BLOCK-513383ed86a73488,5,BLOCK-513383ed86a73488
SSCP-7b8c87e6bfd020c4,MOL-55295a8b6005ccb4,2024_Koch,AC-e82e3e242d3d320c,BLOCK-c5e520eb3b94ff25,15,BLOCK-c5e520eb3b94ff25
SSCP-7b8cb0844432995e,MOL-77e721cf038e450f,2016_Furukawa,AC-78305ee2e743b795,BLOCK-513383ed86a73488,5,BLOCK-513383ed86a73488
SSCP-7ba1365041f4b6a8,MOL-3cbfd880eb44350b,2020_Townsend,AC-78305ee2e743b795,BLOCK-513383ed86a73488,5,BLOCK-513383ed86a73488
SSCP-7ba474cab40e6744,MOL-357aea0eeea0e7ff,2020_Townsend,AC-78305ee2e743b795,BLOCK-513383ed86a73488,5,BLOCK-513383ed86a73488
SSCP-7bae662f454353a4,MOL-f6916c2382d69bca,2022_Bhardwaj,AC-9ff10b9c798d23a6,BLOCK-513383ed86a73488,5,BLOCK-513383ed86a73488
SSCP-7bb2d0926e1be4a6,MOL-09ce7a1c9055da85,2013_CHUGAI,AC-cf95401a5715faa6,BLOCK-5c361cba45039733,7,BLOCK-5c361cba45039733
SSCP-7bbfd97166043ca2,MOL-84c2ba6c658b537a,2020_Townsend,AC-78305ee2e743b795,BLOCK-513383ed86a73488,5,BLOCK-513383ed86a73488
SSCP-7bcf9f48a516a5ca,MOL-d7b027db383f3644,2013_CHUGAI,AC-cf95401a5715faa6,BLOCK-5c361cba45039733,7,BLOCK-5c361cba45039733
SSCP-7bd1928129f4f893,MOL-72d45b3534725f6e,2020_Townsend,AC-78305ee2e743b795,BLOCK-513383ed86a73488,5,BLOCK-513383ed86a73488
SSCP-7bd4a183913de1cb,MOL-44eafce39a2d39b3,2020_Townsend,AC-78305ee2e743b795,BLOCK-513383ed86a73488,5,BLOCK-513383ed86a73488
SSCP-7bd5903780aef536,MOL-0ff4016cb336bb06,2016_Furukawa,AC-78305ee2e743b795,BLOCK-513383ed86a73488,5,BLOCK-513383ed86a73488
SSCP-7bdae0e52b913db1,MOL-632b22315bc98c84,2016_Furukawa,AC-78305ee2e743b795,BLOCK-513383ed86a73488,5,BLOCK-513383ed86a73488
SSCP-7bdb694bd46842ed,MOL-7dcfc85cb16b7109,2020_Townsend,AC-78305ee2e743b795,BLOCK-513383ed86a73488,5,BLOCK-513383ed86a73488
SSCP-7be0a5917af69476,MOL-ccef738fda96b446,2013_CHUGAI,AC-9915a59ccaa1a737,BLOCK-5c361cba45039733,7,BLOCK-5c361cba45039733
SSCP-7c1f569fbaa1a25d,MOL-dbc74a62746f0dca,2021_Kelly,AC-5e5c956882423f52,BLOCK-4494eb5738fce47c,3,BLOCK-4494eb5738fce47c
SSCP-7c22c33bce3c2707,MOL-dfb8aeeba5c61cab,2016_Furukawa,AC-78305ee2e743b795,BLOCK-513383ed86a73488,5,BLOCK-513383ed86a73488
SSCP-7c242c996d1402e3,MOL-6d8d9e47765aaf7b,2013_CHUGAI,AC-cf95401a5715faa6,BLOCK-5c361cba45039733,7,BLOCK-5c361cba45039733
SSCP-7c2ccb7744ea2880,MOL-722466236843de9a,2021_Kelly,AC-5e5c956882423f52,BLOCK-4494eb5738fce47c,3,BLOCK-4494eb5738fce47c
SSCP-7c34b9159dbe88c0,MOL-55dacdd1ab0178d2,2021_Kelly,AC-5e5c956882423f52,BLOCK-4494eb5738fce47c,3,BLOCK-4494eb5738fce47c
SSCP-7c373bcef22888eb,MOL-0170e3d82187b708,2006_Rezai_1,AC-78305ee2e743b795,BLOCK-513383ed86a73488,5,BLOCK-513383ed86a73488
SSCP-7c3bed71404b73e0,MOL-101944bc90bb3bb9,2020_Townsend,AC-78305ee2e743b795,BLOCK-513383ed86a73488,5,BLOCK-513383ed86a73488
SSCP-7c3c9b3bcac71f2b,MOL-82de0cba880cdeb7,2020_Townsend,AC-78305ee2e743b795,BLOCK-513383ed86a73488,5,BLOCK-513383ed86a73488
SSCP-7c4066d51ba18958,MOL-e38dfcc110c831ee,2020_Townsend,AC-78305ee2e743b795,BLOCK-513383ed86a73488,5,BLOCK-513383ed86a73488
SSCP-7c4293d36f39df20,MOL-10cf2d0c4f5f5b5a,2020_Townsend,AC-78305ee2e743b795,BLOCK-513383ed86a73488,5,BLOCK-513383ed86a73488
SSCP-7c5908b9d2eb2dbd,MOL-9bb2a3a5689d1acd,2013_CHUGAI,AC-cf95401a5715faa6,BLOCK-5c361cba45039733,7,BLOCK-5c361cba45039733
SSCP-7c643c086a000068,MOL-5dd2a5082ad56681,2018_Naylor,AC-78305ee2e743b795,BLOCK-513383ed86a73488,5,BLOCK-513383ed86a73488
SSCP-7c64a4f84156aab6,MOL-59d11610046e7756,2024_Koch,AC-e82e3e242d3d320c,BLOCK-c5e520eb3b94ff25,15,BLOCK-c5e520eb3b94ff25
SSCP-7c6637752364063c,MOL-94b0095a6653cf60,2021_Kelly,AC-ac7e5d0036401990,BLOCK-4494eb5738fce47c,3,BLOCK-4494eb5738fce47c
SSCP-7c73255fbb9a6c79,MOL-6bc25c82bb5b98fd,2021_Kelly,AC-5e5c956882423f52,BLOCK-4494eb5738fce47c,3,BLOCK-4494eb5738fce47c
SSCP-7c76808d2e408f41,MOL-f8531868c988b142,2020_Townsend,AC-78305ee2e743b795,BLOCK-513383ed86a73488,5,BLOCK-513383ed86a73488
SSCP-7c8e1b4dce99b868,MOL-0a499a06dd81ac2f,2021_Kelly,AC-5e5c956882423f52,BLOCK-4494eb5738fce47c,3,BLOCK-4494eb5738fce47c
SSCP-7c904f0db29bcf3b,MOL-fd20d82be86a8732,2020_Townsend,AC-78305ee2e743b795,BLOCK-513383ed86a73488,5,BLOCK-513383ed86a73488
SSCP-7c90728472a59caa,MOL-3adc52f435b7e2cb,2021_Kelly,AC-ac7e5d0036401990,BLOCK-4494eb5738fce47c,3,BLOCK-4494eb5738fce47c
SSCP-7c91fab0c6da178c,MOL-c3945b8aa9a1f973,2013_CHUGAI,AC-95eb8636d1ba788b,BLOCK-5c361cba45039733,7,BLOCK-5c361cba45039733
SSCP-7c95945933290fb6,MOL-0669c6ed641a466f,2021_Kelly,AC-5e5c956882423f52,BLOCK-4494eb5738fce47c,3,BLOCK-4494eb5738fce47c
SSCP-7c96b403b61cbd51,MOL-a8e179d30766c2d6,2020_Townsend,AC-78305ee2e743b795,BLOCK-513383ed86a73488,5,BLOCK-513383ed86a73488
SSCP-7c9fe7baca99adb3,MOL-51babaabc561c99d,2018_Naylor,AC-78305ee2e743b795,BLOCK-513383ed86a73488,5,BLOCK-513383ed86a73488
SSCP-7ca8edc405c007d0,MOL-154a7bf13e62d49f,2021_Kelly,AC-ac7e5d0036401990,BLOCK-4494eb5738fce47c,3,BLOCK-4494eb5738fce47c
SSCP-7cacadee0c6da439,MOL-64c90df3b60e2a84,2020_Townsend,AC-78305ee2e743b795,BLOCK-513383ed86a73488,5,BLOCK-513383ed86a73488
SSCP-7cae71e06ea65222,MOL-f16b1c620f49eb0d,2013_CHUGAI,AC-cf95401a5715faa6,BLOCK-5c361cba45039733,7,BLOCK-5c361cba45039733
SSCP-7cb55d0256d00ae4,MOL-6ed9b811516a0549,2024_Koch,AC-e82e3e242d3d320c,BLOCK-c5e520eb3b94ff25,15,BLOCK-c5e520eb3b94ff25
SSCP-7cb6762274fde5aa,MOL-389aafe0dfc7416d,2021_Kelly,AC-5e5c956882423f52,BLOCK-4494eb5738fce47c,3,BLOCK-4494eb5738fce47c
SSCP-7cbfc94458265710,MOL-b9cff35602542658,2020_Townsend,AC-78305ee2e743b795,BLOCK-513383ed86a73488,5,BLOCK-513383ed86a73488
SSCP-7cc90703c6c62e84,MOL-4a5190d6d5a72f20,2020_Townsend,AC-78305ee2e743b795,BLOCK-513383ed86a73488,5,BLOCK-513383ed86a73488
SSCP-7ccb98720b6d1d35,MOL-880294117b36984e,2013_CHUGAI,AC-cf95401a5715faa6,BLOCK-5c361cba45039733,7,BLOCK-5c361cba45039733
SSCP-7cd0661973d77339,MOL-550b02f3149be4b2,2016_Furukawa,AC-78305ee2e743b795,BLOCK-513383ed86a73488,5,BLOCK-513383ed86a73488
SSCP-7cd114ac83e69b8f,MOL-9833a4bf08d682b4,2013_CHUGAI,AC-cf95401a5715faa6,BLOCK-5c361cba45039733,7,BLOCK-5c361cba45039733
SSCP-7cd645a84cc50445,MOL-4ee61cc6518c4cbe,2016_Furukawa,AC-78305ee2e743b795,BLOCK-513383ed86a73488,5,BLOCK-513383ed86a73488
SSCP-7ce87f27e591d883,MOL-e11c4c9c5db45c40,2020_Townsend,AC-78305ee2e743b795,BLOCK-513383ed86a73488,5,BLOCK-513383ed86a73488
SSCP-7ceadcb1b064968f,MOL-2fcf89d90d8461a8,2015_Wang,AC-78305ee2e743b795,BLOCK-513383ed86a73488,5,BLOCK-513383ed86a73488
SSCP-7cf6b5099ef2651e,MOL-2a40af35fcc9af33,2020_Townsend,AC-78305ee2e743b795,BLOCK-513383ed86a73488,5,BLOCK-513383ed86a73488
SSCP-7cfbd9c0e4b714af,MOL-61a33e6db708842b,2021_Kelly,AC-5e5c956882423f52,BLOCK-4494eb5738fce47c,3,BLOCK-4494eb5738fce47c
SSCP-7cfdbcae308430b0,MOL-ab32d5cc3509f365,2024_Koch,AC-e82e3e242d3d320c,BLOCK-c5e520eb3b94ff25,15,BLOCK-c5e520eb3b94ff25
SSCP-7d200845682ab68f,MOL-2d8c2c2b32352564,2016_Frost,AC-2ee5aa5b9faf389d,BLOCK-513383ed86a73488,5,BLOCK-513383ed86a73488
SSCP-7d3842058e157749,MOL-ef7c8473a8951600,2021_Kelly,AC-ac7e5d0036401990,BLOCK-4494eb5738fce47c,3,BLOCK-4494eb5738fce47c
SSCP-7d41f373f61fcffe,MOL-834dd85e9d928aac,2020_Townsend,AC-78305ee2e743b795,BLOCK-513383ed86a73488,5,BLOCK-513383ed86a73488
SSCP-7d44e3322b34bfb7,MOL-ccf25b4cc86f1f4c,2020_Townsend,AC-78305ee2e743b795,BLOCK-513383ed86a73488,5,BLOCK-513383ed86a73488
SSCP-7d475edfc7e3e018,MOL-be7621837d42aa22,2016_Furukawa,AC-78305ee2e743b795,BLOCK-513383ed86a73488,5,BLOCK-513383ed86a73488
SSCP-7d4783fcd98397a9,MOL-c64ca3335934f245,2020_Le Roux,AC-b74b4d5565722d16,BLOCK-bb4bcb852b735057,12,BLOCK-bb4bcb852b735057
SSCP-7d62cc90804f9a80,MOL-935b3c0e676fb906,2024_Faris,AC-e82e3e242d3d320c,BLOCK-c5e520eb3b94ff25,15,BLOCK-c5e520eb3b94ff25
SSCP-7d66cef5b3cbab98,MOL-e2441cd2e80a7b02,2021_Kelly,AC-5e5c956882423f52,BLOCK-4494eb5738fce47c,3,BLOCK-4494eb5738fce47c
SSCP-7d69e826de870c58,MOL-8fc153d93d1f5c9f,2020_Townsend,AC-78305ee2e743b795,BLOCK-513383ed86a73488,5,BLOCK-513383ed86a73488
SSCP-7d7ffd4ca621e463,MOL-8e18548083d53784,2024_Ly,AC-b74b4d5565722d16,BLOCK-bb4bcb852b735057,12,BLOCK-bb4bcb852b735057
SSCP-7d82ea52c8a5b6ad,MOL-ffe27b8c47a03397,2024_Faris,AC-e82e3e242d3d320c,BLOCK-c5e520eb3b94ff25,15,BLOCK-c5e520eb3b94ff25
SSCP-7d877dae360456c1,MOL-27984ed83e6678d6,2016_Furukawa,AC-78305ee2e743b795,BLOCK-513383ed86a73488,5,BLOCK-513383ed86a73488
SSCP-7d899ff19b560c82,MOL-ca6ed0f2221a13bd,2020_Townsend,AC-78305ee2e743b795,BLOCK-513383ed86a73488,5,BLOCK-513383ed86a73488
SSCP-7d9310aedd1ab1ed,MOL-2d318ee3501a741d,2013_CHUGAI,AC-9915a59ccaa1a737,BLOCK-5c361cba45039733,7,BLOCK-5c361cba45039733
SSCP-7d9af49a62409b08,MOL-68b330ffb4e549c1,2021_Kelly,AC-ac7e5d0036401990,BLOCK-4494eb5738fce47c,3,BLOCK-4494eb5738fce47c
SSCP-7da3beaf7e43fc43,MOL-870df3194296b477,2021_Kelly,AC-5e5c956882423f52,BLOCK-4494eb5738fce47c,3,BLOCK-4494eb5738fce47c
SSCP-7dac788d556cd0c0,MOL-462807b487d420cf,2006_Rezai_1,AC-78305ee2e743b795,BLOCK-513383ed86a73488,5,BLOCK-513383ed86a73488
SSCP-7dc3ebcd84eccaa7,MOL-de8cac85ca8ccea1,2020_Townsend,AC-78305ee2e743b795,BLOCK-513383ed86a73488,5,BLOCK-513383ed86a73488
SSCP-7dc83a3dc3de7c67,MOL-333e8974dead9072,2021_Kelly,AC-ac7e5d0036401990,BLOCK-4494eb5738fce47c,3,BLOCK-4494eb5738fce47c
SSCP-7dcf924540e870fb,MOL-fc7254d3150fa66b,2021_Kelly,AC-5e5c956882423f52,BLOCK-4494eb5738fce47c,3,BLOCK-4494eb5738fce47c
SSCP-7dd1104229e60137,MOL-01dc61990538d420,2013_CHUGAI,AC-83b2bb097e110446,BLOCK-5c361cba45039733,7,BLOCK-5c361cba45039733
SSCP-7ddb9c963b43ebfb,MOL-c199cc8f981fd3f9,2022_Lee,AC-4cbd321fd3e6c472,BLOCK-513383ed86a73488,5,BLOCK-513383ed86a73488
SSCP-7ddcf65c5a7485f5,MOL-c01b81e63e452a0e,2020_Townsend,AC-78305ee2e743b795,BLOCK-513383ed86a73488,5,BLOCK-513383ed86a73488
SSCP-7de370b0ef34b09c,MOL-406237d2f182f40b,2020_Townsend,AC-78305ee2e743b795,BLOCK-513383ed86a73488,5,BLOCK-513383ed86a73488
SSCP-7df284cf98ed0487,MOL-94094eeafdf3759c,2020_Townsend,AC-78305ee2e743b795,BLOCK-513383ed86a73488,5,BLOCK-513383ed86a73488
SSCP-7df9b10a25f791fe,MOL-983f084763c99630,2020_Townsend,AC-78305ee2e743b795,BLOCK-513383ed86a73488,5,BLOCK-513383ed86a73488
SSCP-7dfb1d6e2ebbcd24,MOL-71cbfd9d91ce086d,2021_Kelly,AC-5e5c956882423f52,BLOCK-4494eb5738fce47c,3,BLOCK-4494eb5738fce47c
SSCP-7dfeabf034524e2e,MOL-160cf8093d2ea393,2020_Townsend,AC-78305ee2e743b795,BLOCK-513383ed86a73488,5,BLOCK-513383ed86a73488
SSCP-7e02b7b8a149b7ac,MOL-efeb677cd9e45d27,2013_CHUGAI,AC-cf95401a5715faa6,BLOCK-5c361cba45039733,7,BLOCK-5c361cba45039733
SSCP-7e0bbfcdf69ae09e,MOL-ca61b8e0c1a810a7,2020_Townsend,AC-78305ee2e743b795,BLOCK-513383ed86a73488,5,BLOCK-513383ed86a73488
SSCP-7e0c5141fb6968fa,MOL-525e1449fe0c668b,2020_Townsend,AC-78305ee2e743b795,BLOCK-513383ed86a73488,5,BLOCK-513383ed86a73488
SSCP-7e0cf6529d4e4e47,MOL-dc5abd1843eaf16c,2015_Ahlbach,AC-1ee99c4e24111617,BLOCK-513383ed86a73488,5,BLOCK-513383ed86a73488
SSCP-7e1d720b8b92bf07,MOL-8a7a90c634279026,2020_Townsend,AC-78305ee2e743b795,BLOCK-513383ed86a73488,5,BLOCK-513383ed86a73488
SSCP-7e4f6d2a681ec29d,MOL-ec789b710b0fb6f8,2021_Kelly,AC-ac7e5d0036401990,BLOCK-4494eb5738fce47c,3,BLOCK-4494eb5738fce47c
SSCP-7e5394c30d0f5f92,MOL-b94d440f26961aa2,2013_CHUGAI,AC-cf95401a5715faa6,BLOCK-5c361cba45039733,7,BLOCK-5c361cba45039733
SSCP-7e57e653969139a3,MOL-2fca5fad36495364,2020_Townsend,AC-78305ee2e743b795,BLOCK-513383ed86a73488,5,BLOCK-513383ed86a73488
SSCP-7e5e7bdb069d9045,MOL-8d4385bfdea39c79,2013_CHUGAI,AC-9915a59ccaa1a737,BLOCK-5c361cba45039733,7,BLOCK-5c361cba45039733
SSCP-7e650bc8c7bb08a5,MOL-451f4ebfdbef0f3a,2020_Townsend,AC-78305ee2e743b795,BLOCK-513383ed86a73488,5,BLOCK-513383ed86a73488
SSCP-7e88d8c1baa8b3b3,MOL-e66e3881538fe299,2021_Kelly,AC-5e5c956882423f52,BLOCK-4494eb5738fce47c,3,BLOCK-4494eb5738fce47c
SSCP-7e945160cbde7280,MOL-8ece6e95f7a5ca54,2020_Townsend,AC-78305ee2e743b795,BLOCK-513383ed86a73488,5,BLOCK-513383ed86a73488
SSCP-7ea24a071d03e6cb,MOL-dc9fff887fb2ee13,2020_Townsend,AC-78305ee2e743b795,BLOCK-513383ed86a73488,5,BLOCK-513383ed86a73488
SSCP-7eb0575dc199708f,MOL-820fd7f6e9d7f85e,2020_Townsend,AC-78305ee2e743b795,BLOCK-513383ed86a73488,5,BLOCK-513383ed86a73488
SSCP-7eb1c6a62621767c,MOL-999f9ad0fb057260,2021_Kelly,AC-5e5c956882423f52,BLOCK-4494eb5738fce47c,3,BLOCK-4494eb5738fce47c
SSCP-7eb2fd7257d07dfd,MOL-6d2a6a5325047779,2013_CHUGAI,AC-e855fc7fd6eb69da,BLOCK-5c361cba45039733,7,BLOCK-5c361cba45039733
SSCP-7eba8ada5f53fa98,MOL-910c08303cd92417,2021_Kelly,AC-5e5c956882423f52,BLOCK-4494eb5738fce47c,3,BLOCK-4494eb5738fce47c
SSCP-7ec501ae1982bb45,MOL-3766d93ed45b1b56,2013_CHUGAI,AC-cf95401a5715faa6,BLOCK-5c361cba45039733,7,BLOCK-5c361cba45039733
SSCP-7ec615dccacb84b9,MOL-4de93ed9e52a2a3e,2013_CHUGAI,AC-cf95401a5715faa6,BLOCK-5c361cba45039733,7,BLOCK-5c361cba45039733
SSCP-7ed483146201d4cd,MOL-16e4f75c23f0abe0,2013_CHUGAI,AC-9915a59ccaa1a737,BLOCK-5c361cba45039733,7,BLOCK-5c361cba45039733
SSCP-7ed92538e75eaad6,MOL-e92f2fd52ce146a6,2021_Kelly,AC-5e5c956882423f52,BLOCK-4494eb5738fce47c,3,BLOCK-4494eb5738fce47c
SSCP-7edd92fceb8b2d8a,MOL-a745d27a1526bfda,2022_Bhardwaj,AC-82793ab9283f57f2,BLOCK-513383ed86a73488,5,BLOCK-513383ed86a73488
SSCP-7ef190dc97708f57,MOL-771175f328fa38e3,2020_Townsend,AC-78305ee2e743b795,BLOCK-513383ed86a73488,5,BLOCK-513383ed86a73488
SSCP-7ef4207b0ce2db69,MOL-b5ff4848cf76523d,2021_Kelly,AC-6d3257a2b83e15dc,BLOCK-4494eb5738fce47c,3,BLOCK-4494eb5738fce47c
SSCP-7ef79a2dcb2ba48f,MOL-a39e26ad1457687f,2020_Townsend,AC-78305ee2e743b795,BLOCK-513383ed86a73488,5,BLOCK-513383ed86a73488
SSCP-7f004567fec59977,MOL-df035f9447b6b79c,2020_Townsend,AC-78305ee2e743b795,BLOCK-513383ed86a73488,5,BLOCK-513383ed86a73488
SSCP-7f0472bfd11bf610,MOL-88137aef99e5bb62,2013_CHUGAI,AC-cf95401a5715faa6,BLOCK-5c361cba45039733,7,BLOCK-5c361cba45039733
SSCP-7f16bf47b4eac318,MOL-c65cf44ee9308fa1,2016_Furukawa,AC-78305ee2e743b795,BLOCK-513383ed86a73488,5,BLOCK-513383ed86a73488
SSCP-7f175a8657fa1189,MOL-dd615fc98f8290f3,2020_Townsend,AC-78305ee2e743b795,BLOCK-513383ed86a73488,5,BLOCK-513383ed86a73488
SSCP-7f1a5fe2cfee21a6,MOL-e8991e0252a61b37,2020_Townsend,AC-78305ee2e743b795,BLOCK-513383ed86a73488,5,BLOCK-513383ed86a73488
SSCP-7f259975f7536cd4,MOL-6456b435a84135ab,2013_CHUGAI,AC-cf95401a5715faa6,BLOCK-5c361cba45039733,7,BLOCK-5c361cba45039733
SSCP-7f29b21ca86c0c9b,MOL-f4533f448cb79f53,2020_Townsend,AC-78305ee2e743b795,BLOCK-513383ed86a73488,5,BLOCK-513383ed86a73488
SSCP-7f396fd72824a0a5,MOL-e32dd05f42237395,2020_Townsend,AC-78305ee2e743b795,BLOCK-513383ed86a73488,5,BLOCK-513383ed86a73488
SSCP-7f3c712ccac9c81f,MOL-49aacfc4d6e116a3,2020_Townsend,AC-78305ee2e743b795,BLOCK-513383ed86a73488,5,BLOCK-513383ed86a73488
SSCP-7f42d06a6265efc0,MOL-12ebcf01611b50ca,2016_Furukawa,AC-78305ee2e743b795,BLOCK-513383ed86a73488,5,BLOCK-513383ed86a73488
SSCP-7f45dc3dae70b1f9,MOL-4b8bfe4314aab6c6,2020_Townsend,AC-78305ee2e743b795,BLOCK-513383ed86a73488,5,BLOCK-513383ed86a73488
SSCP-7f46605c6b96056c,MOL-705fba0b953d7546,2020_Townsend,AC-78305ee2e743b795,BLOCK-513383ed86a73488,5,BLOCK-513383ed86a73488
SSCP-7f5241b2a2629dcc,MOL-a0ba1fdbb6dcd662,2021_Kelly,AC-5e5c956882423f52,BLOCK-4494eb5738fce47c,3,BLOCK-4494eb5738fce47c
SSCP-7f528ab0500a5d58,MOL-364e608e1082b632,2021_Kelly,AC-5e5c956882423f52,BLOCK-4494eb5738fce47c,3,BLOCK-4494eb5738fce47c
SSCP-7f581017f2221bba,MOL-4341d245f28c7da6,2020_Townsend,AC-78305ee2e743b795,BLOCK-513383ed86a73488,5,BLOCK-513383ed86a73488
SSCP-7f5c5e0f093d9ba5,MOL-861c04049f0bcea0,2013_CHUGAI,AC-cf95401a5715faa6,BLOCK-5c361cba45039733,7,BLOCK-5c361cba45039733
SSCP-7f68b804697fa83b,MOL-b3f7d9de764ccd8a,2013_CHUGAI,AC-9915a59ccaa1a737,BLOCK-5c361cba45039733,7,BLOCK-5c361cba45039733
SSCP-7f6da7b707707b13,MOL-d84aea2d05eb09b4,2023_Ghosh,AC-78305ee2e743b795,BLOCK-513383ed86a73488,5,BLOCK-513383ed86a73488
SSCP-7f71e2eca1a719be,MOL-c99f8cd49a00651f,2020_Townsend,AC-78305ee2e743b795,BLOCK-513383ed86a73488,5,BLOCK-513383ed86a73488
SSCP-7f7ecf84c136eece,MOL-6533387a0bd50e54,2020_Townsend,AC-78305ee2e743b795,BLOCK-513383ed86a73488,5,BLOCK-513383ed86a73488
SSCP-7f86768957cc6e72,MOL-8fdd12f1aa28078b,2013_CHUGAI,AC-cf95401a5715faa6,BLOCK-5c361cba45039733,7,BLOCK-5c361cba45039733
SSCP-7f8b66e69e45fa6d,MOL-4028dad520499361,2020_Townsend,AC-78305ee2e743b795,BLOCK-513383ed86a73488,5,BLOCK-513383ed86a73488
SSCP-7f93853a002f695e,MOL-d2847a7d33f39aae,2021_Kelly,AC-5e5c956882423f52,BLOCK-4494eb5738fce47c,3,BLOCK-4494eb5738fce47c
SSCP-7f9babc31954aa79,MOL-b3d6cff2735854df,2020_Townsend,AC-78305ee2e743b795,BLOCK-513383ed86a73488,5,BLOCK-513383ed86a73488
SSCP-7fa1ac299f53cf25,MOL-39cf92856a257631,2021_Kelly,AC-5e5c956882423f52,BLOCK-4494eb5738fce47c,3,BLOCK-4494eb5738fce47c
SSCP-7fa91aca9c172173,MOL-092cc5e40eb74b9e,2020_Townsend,AC-78305ee2e743b795,BLOCK-513383ed86a73488,5,BLOCK-513383ed86a73488
SSCP-7fac4d68b7228b90,MOL-6a12703b40cf4319,2013_CHUGAI,AC-cf95401a5715faa6,BLOCK-5c361cba45039733,7,BLOCK-5c361cba45039733
SSCP-7faede657e065d24,MOL-407020414438aa03,2020_Townsend,AC-78305ee2e743b795,BLOCK-513383ed86a73488,5,BLOCK-513383ed86a73488
SSCP-7fc3206279147160,MOL-c64b8a2266521058,2020_Furukawa,AC-114e657b947b31ec,BLOCK-5f91132e1b252609,9,BLOCK-5f91132e1b252609
SSCP-7fcde8aabe62fb2d,MOL-50e645b45b8753fc,2020_Townsend,AC-78305ee2e743b795,BLOCK-513383ed86a73488,5,BLOCK-513383ed86a73488
SSCP-7fd507d8ece71bb1,MOL-473a366b52aa6a2b,2020_Townsend,AC-78305ee2e743b795,BLOCK-513383ed86a73488,5,BLOCK-513383ed86a73488
SSCP-7ffc24795aa7b5a9,MOL-4d0743c1fc8de928,2020_Townsend,AC-78305ee2e743b795,BLOCK-513383ed86a73488,5,BLOCK-513383ed86a73488
SSCP-7ffc785e87b7989f,MOL-d922f4c6d70d0743,2020_Townsend,AC-78305ee2e743b795,BLOCK-513383ed86a73488,5,BLOCK-513383ed86a73488
SSCP-8006018dd53c2e56,MOL-d69c8c1db5a55eb1,2022_Tamura,AC-fc5f5d4da46a4ca2,BLOCK-bb889e938c0a001a,13,BLOCK-bb889e938c0a001a
SSCP-8006c5f5d64c5c6f,MOL-7b4620095d7803cc,2020_Townsend,AC-78305ee2e743b795,BLOCK-513383ed86a73488,5,BLOCK-513383ed86a73488
SSCP-8007d447f59dd36f,MOL-e69811114b653f43,2020_Townsend,AC-78305ee2e743b795,BLOCK-513383ed86a73488,5,BLOCK-513383ed86a73488
SSCP-8011409942422d95,MOL-cabb221774326487,2020_Townsend,AC-78305ee2e743b795,BLOCK-513383ed86a73488,5,BLOCK-513383ed86a73488
SSCP-8011fac22bb116f4,MOL-945fdb8247b5a5cb,2020_Townsend,AC-78305ee2e743b795,BLOCK-513383ed86a73488,5,BLOCK-513383ed86a73488
SSCP-801732f18d3bfe04,MOL-41c569c4f5870ca3,2020_Townsend,AC-78305ee2e743b795,BLOCK-513383ed86a73488,5,BLOCK-513383ed86a73488
SSCP-80180565689ced62,MOL-411d47a26b908543,2020_Townsend,AC-78305ee2e743b795,BLOCK-513383ed86a73488,5,BLOCK-513383ed86a73488
SSCP-80286c9e113164a7,MOL-8847a91bd5e795bc,2020_Townsend,AC-78305ee2e743b795,BLOCK-513383ed86a73488,5,BLOCK-513383ed86a73488
SSCP-803dab4f1e602d43,MOL-b8e81dfe74d8a9f3,2016_Furukawa,AC-78305ee2e743b795,BLOCK-513383ed86a73488,5,BLOCK-513383ed86a73488
SSCP-803f18553b7b5ceb,MOL-ae6927cc6e0aa711,2021_Kelly,AC-5e5c956882423f52,BLOCK-4494eb5738fce47c,3,BLOCK-4494eb5738fce47c
SSCP-8058373540028171,MOL-1fe98013df95197a,2016_Furukawa,AC-78305ee2e743b795,BLOCK-513383ed86a73488,5,BLOCK-513383ed86a73488
SSCP-805f2d1a89bd42a8,MOL-00831e17647db4b3,2016_Furukawa,AC-78305ee2e743b795,BLOCK-513383ed86a73488,5,BLOCK-513383ed86a73488
SSCP-8062d18166215ae1,MOL-14b6a0a557cf88db,2020_Townsend,AC-78305ee2e743b795,BLOCK-513383ed86a73488,5,BLOCK-513383ed86a73488
SSCP-807c1e79c64c7c19,MOL-672017722ad593f0,2021_Kelly,AC-5e5c956882423f52,BLOCK-4494eb5738fce47c,3,BLOCK-4494eb5738fce47c
SSCP-809d25edbfcf1ccf,MOL-a442e1940bd4d345,2013_CHUGAI,AC-1e4f386f485b9cab,BLOCK-5c361cba45039733,7,BLOCK-5c361cba45039733
SSCP-80b86a3834c224be,MOL-4b0da98a015e7515,2021_Kelly,AC-5e5c956882423f52,BLOCK-4494eb5738fce47c,3,BLOCK-4494eb5738fce47c
SSCP-80c12ff25da6471c,MOL-c71f2e53ce29a7f1,2022_Tamura,AC-fc5f5d4da46a4ca2,BLOCK-bb889e938c0a001a,13,BLOCK-bb889e938c0a001a
SSCP-80c50b0f9520eff7,MOL-b3359261edff2719,2020_Townsend,AC-78305ee2e743b795,BLOCK-513383ed86a73488,5,BLOCK-513383ed86a73488
SSCP-80cd1e35d35d629e,MOL-fc426e8d280baa5d,2013_CHUGAI,AC-cf95401a5715faa6,BLOCK-5c361cba45039733,7,BLOCK-5c361cba45039733
SSCP-80fc18e990d36efe,MOL-80c0f28b3114eb11,2017_Pye,AC-9fabc791bd5e32a1,BLOCK-2c0090ee1dd5b17e,1,BLOCK-2c0090ee1dd5b17e
SSCP-81040a11b0141b1b,MOL-1c2f2039f3c9b7b4,2018_Naylor,AC-dceba6004ee9f160,BLOCK-513383ed86a73488,5,BLOCK-513383ed86a73488
SSCP-8105fbe079e3e0a0,MOL-59a1190c5dd21a91,2013_CHUGAI,AC-cf95401a5715faa6,BLOCK-5c361cba45039733,7,BLOCK-5c361cba45039733
SSCP-8106b3436dd50b2d,MOL-7a5e289591da2acb,2022_Bhardwaj,AC-7a38759e740a4d8f,BLOCK-513383ed86a73488,5,BLOCK-513383ed86a73488
SSCP-810ecc03ca902bd7,MOL-7c8f409b70a74a80,2020_Townsend,AC-78305ee2e743b795,BLOCK-513383ed86a73488,5,BLOCK-513383ed86a73488
SSCP-81117a0818e69a95,MOL-fad08d9e66d2671d,2013_CHUGAI,AC-9915a59ccaa1a737,BLOCK-5c361cba45039733,7,BLOCK-5c361cba45039733
SSCP-811e6064066ccf4b,MOL-19a33f99e91d242d,2013_CHUGAI,AC-9915a59ccaa1a737,BLOCK-5c361cba45039733,7,BLOCK-5c361cba45039733
SSCP-811f3b34be8b6b38,MOL-675697f95919aa75,2020_Townsend,AC-78305ee2e743b795,BLOCK-513383ed86a73488,5,BLOCK-513383ed86a73488
SSCP-8124d82428dcdd35,MOL-a1671c42b9def4e9,2020_Townsend,AC-78305ee2e743b795,BLOCK-513383ed86a73488,5,BLOCK-513383ed86a73488
SSCP-8127c0c6132d911b,MOL-8d350b5b02516180,2020_Townsend,AC-78305ee2e743b795,BLOCK-513383ed86a73488,5,BLOCK-513383ed86a73488
SSCP-8136585581ff8d42,MOL-42b4249b37b9a0f7,2021_Kelly,AC-5e5c956882423f52,BLOCK-4494eb5738fce47c,3,BLOCK-4494eb5738fce47c
SSCP-813d93799d16cb10,MOL-1e961510bf37375e,2020_Townsend,AC-78305ee2e743b795,BLOCK-513383ed86a73488,5,BLOCK-513383ed86a73488
SSCP-813e27a936e9b140,MOL-7628bd9339580846,2020_Townsend,AC-78305ee2e743b795,BLOCK-513383ed86a73488,5,BLOCK-513383ed86a73488
SSCP-814c742a99ee3845,MOL-cfceb742ade231e5,2021_Kelly,AC-5e5c956882423f52,BLOCK-4494eb5738fce47c,3,BLOCK-4494eb5738fce47c
SSCP-814d30b9b6519d6f,MOL-6289679d381c74e2,2023_Ghosh,AC-eef1d0c78351235e,BLOCK-513383ed86a73488,5,BLOCK-513383ed86a73488
SSCP-81504dda02cf9e13,MOL-c160f676e157c51e,2016_Furukawa,AC-78305ee2e743b795,BLOCK-513383ed86a73488,5,BLOCK-513383ed86a73488
SSCP-81585062e5df5343,MOL-894b73e2ba2d2b4b,2020_Townsend,AC-78305ee2e743b795,BLOCK-513383ed86a73488,5,BLOCK-513383ed86a73488
SSCP-8176c7c298495a7b,MOL-07e5befef4324ecf,2024_Faris,AC-e82e3e242d3d320c,BLOCK-c5e520eb3b94ff25,15,BLOCK-c5e520eb3b94ff25
SSCP-8179514c32d06cb5,MOL-32b2210692c903c7,2020_Townsend,AC-78305ee2e743b795,BLOCK-513383ed86a73488,5,BLOCK-513383ed86a73488
SSCP-818c60b27f214b7f,MOL-0e5ab7dfedc7bbec,2020_Townsend,AC-78305ee2e743b795,BLOCK-513383ed86a73488,5,BLOCK-513383ed86a73488
SSCP-818cc21ef6651cf2,MOL-9794d9efa33baac7,2021_Kelly,AC-6d3257a2b83e15dc,BLOCK-4494eb5738fce47c,3,BLOCK-4494eb5738fce47c
SSCP-818d4f37ed014c32,MOL-9ce262a731a105a0,2020_Townsend,AC-78305ee2e743b795,BLOCK-513383ed86a73488,5,BLOCK-513383ed86a73488
SSCP-819d575d4a95d972,MOL-ca727dd69509dd89,2021_Kelly,AC-5e5c956882423f52,BLOCK-4494eb5738fce47c,3,BLOCK-4494eb5738fce47c
SSCP-81a1a16d9684666c,MOL-7187233ab659efd7,2013_CHUGAI,AC-cf95401a5715faa6,BLOCK-5c361cba45039733,7,BLOCK-5c361cba45039733
SSCP-81ad6cc5b50f6446,MOL-548a20e5e5586bce,2020_Townsend,AC-78305ee2e743b795,BLOCK-513383ed86a73488,5,BLOCK-513383ed86a73488
SSCP-81b4d74e71f12f29,MOL-cf5cb12e4932ed05,2022_Taechalertpaisarn,AC-78305ee2e743b795,BLOCK-513383ed86a73488,5,BLOCK-513383ed86a73488
SSCP-81c985325bc06beb,MOL-1a423e745702ccc1,2016_Furukawa,AC-78305ee2e743b795,BLOCK-513383ed86a73488,5,BLOCK-513383ed86a73488
SSCP-81d4de7a65cb4aa9,MOL-ceaea949178dff6c,2016_Furukawa,AC-78305ee2e743b795,BLOCK-513383ed86a73488,5,BLOCK-513383ed86a73488
SSCP-81d5e90aeb9e8344,MOL-26ba58be7d787c81,2020_Townsend,AC-78305ee2e743b795,BLOCK-513383ed86a73488,5,BLOCK-513383ed86a73488
SSCP-81d8441dee7b2a1e,MOL-501de3c2d09e43ab,2021_Kelly,AC-5e5c956882423f52,BLOCK-4494eb5738fce47c,3,BLOCK-4494eb5738fce47c
SSCP-81d9322531a48666,MOL-fa47e42c52ba7011,2020_Townsend,AC-78305ee2e743b795,BLOCK-513383ed86a73488,5,BLOCK-513383ed86a73488
SSCP-81eb85ff08f13097,MOL-26baa768b4f77cf1,2013_CHUGAI,AC-cf95401a5715faa6,BLOCK-5c361cba45039733,7,BLOCK-5c361cba45039733
SSCP-81ed02a2120cabee,MOL-de4cba49a98ac2c6,2021_Kelly,AC-5e5c956882423f52,BLOCK-4494eb5738fce47c,3,BLOCK-4494eb5738fce47c
SSCP-82175eb2a2db6119,MOL-aa9a1b13e91605ff,2013_CHUGAI,AC-9915a59ccaa1a737,BLOCK-5c361cba45039733,7,BLOCK-5c361cba45039733
SSCP-82192fcc1c7c228b,MOL-f776594fcefe9bb3,2022_Lee,AC-4cbd321fd3e6c472,BLOCK-513383ed86a73488,5,BLOCK-513383ed86a73488
SSCP-82279135274991f5,MOL-8e1f3bf526e2300a,2020_Townsend,AC-78305ee2e743b795,BLOCK-513383ed86a73488,5,BLOCK-513383ed86a73488
SSCP-82305a7f47b8a40d,MOL-a2115ae97a92e0fb,2016_Furukawa,AC-78305ee2e743b795,BLOCK-513383ed86a73488,5,BLOCK-513383ed86a73488
SSCP-82332675051df493,MOL-e1e5c1bb74528eb0,2021_Kelly,AC-5e5c956882423f52,BLOCK-4494eb5738fce47c,3,BLOCK-4494eb5738fce47c
SSCP-8236633ad8bf6594,MOL-3b85552acab401dd,2021_Kelly,AC-6d3257a2b83e15dc,BLOCK-4494eb5738fce47c,3,BLOCK-4494eb5738fce47c
SSCP-823de5ded496d7b7,MOL-17242c4a3e76da08,2016_Furukawa,AC-78305ee2e743b795,BLOCK-513383ed86a73488,5,BLOCK-513383ed86a73488
SSCP-82657726b5f4193e,MOL-3ff6e9faf2cc291b,2020_Townsend,AC-78305ee2e743b795,BLOCK-513383ed86a73488,5,BLOCK-513383ed86a73488
SSCP-8265d37bb459ad35,MOL-cb73a649bbec1f08,2021_Kelly,AC-5e5c956882423f52,BLOCK-4494eb5738fce47c,3,BLOCK-4494eb5738fce47c
SSCP-8266b1acf3779811,MOL-5ea88bd13af0b3be,2020_Townsend,AC-78305ee2e743b795,BLOCK-513383ed86a73488,5,BLOCK-513383ed86a73488
SSCP-82699cef622fd377,MOL-b779b698e3e1c3eb,2020_Townsend,AC-78305ee2e743b795,BLOCK-513383ed86a73488,5,BLOCK-513383ed86a73488
SSCP-826e575d8e93a63a,MOL-7bbcdeead9731371,2020_Townsend,AC-78305ee2e743b795,BLOCK-513383ed86a73488,5,BLOCK-513383ed86a73488
SSCP-827f23cf7528aab4,MOL-55c63b71313c15b2,2024_Faris,AC-e82e3e242d3d320c,BLOCK-c5e520eb3b94ff25,15,BLOCK-c5e520eb3b94ff25
SSCP-828752fc906b5b2c,MOL-9675b71d4493d849,2021_Kelly,AC-ac7e5d0036401990,BLOCK-4494eb5738fce47c,3,BLOCK-4494eb5738fce47c
SSCP-82a420af2e26fa76,MOL-a4735f075d7906eb,2021_Kelly,AC-ac7e5d0036401990,BLOCK-4494eb5738fce47c,3,BLOCK-4494eb5738fce47c
SSCP-82a8dce31ed950a5,MOL-b7f0b6a5806501c4,2021_Kelly,AC-6d3257a2b83e15dc,BLOCK-4494eb5738fce47c,3,BLOCK-4494eb5738fce47c
SSCP-82da7b0f1c35e07c,MOL-ff746f596e40a83a,2020_Townsend,AC-78305ee2e743b795,BLOCK-513383ed86a73488,5,BLOCK-513383ed86a73488
SSCP-82e8def3da3ca9c4,MOL-b47ef3b7441cb2dc,2020_Townsend,AC-78305ee2e743b795,BLOCK-513383ed86a73488,5,BLOCK-513383ed86a73488
SSCP-82eb7425d89a0e55,MOL-a8eab308fbb2e8a8,2020_Townsend,AC-78305ee2e743b795,BLOCK-513383ed86a73488,5,BLOCK-513383ed86a73488
SSCP-82f41918d880dbe9,MOL-8f05d461e9a39e60,2020_Townsend,AC-78305ee2e743b795,BLOCK-513383ed86a73488,5,BLOCK-513383ed86a73488
SSCP-8307fa91f3230b79,MOL-73cae22696cc9005,2021_Kelly,AC-5e5c956882423f52,BLOCK-4494eb5738fce47c,3,BLOCK-4494eb5738fce47c
SSCP-830e6d385e7db2e8,MOL-9aaccacac1841cb7,2023_Ghosh,AC-78305ee2e743b795,BLOCK-513383ed86a73488,5,BLOCK-513383ed86a73488
SSCP-83346a79d02396fc,MOL-2ab62044d5d27da8,2020_Townsend,AC-78305ee2e743b795,BLOCK-513383ed86a73488,5,BLOCK-513383ed86a73488
SSCP-83380b0ae1b1e651,MOL-de60fda0a57d1bc6,2022_Taechalertpaisarn,AC-78305ee2e743b795,BLOCK-513383ed86a73488,5,BLOCK-513383ed86a73488
SSCP-833c7027ff488fc8,MOL-453236845ab52cbb,2021_Kelly,AC-5e5c956882423f52,BLOCK-4494eb5738fce47c,3,BLOCK-4494eb5738fce47c
SSCP-833ce15527025e2e,MOL-2fc8f0e2cc8952c7,2020_Townsend,AC-78305ee2e743b795,BLOCK-513383ed86a73488,5,BLOCK-513383ed86a73488
SSCP-8346ec7aa76a3adf,MOL-3033d1712aa05fc2,2020_Townsend,AC-78305ee2e743b795,BLOCK-513383ed86a73488,5,BLOCK-513383ed86a73488
SSCP-83553f5dcf3f7bc0,MOL-13aaa09c54376400,2021_Kelly,AC-5e5c956882423f52,BLOCK-4494eb5738fce47c,3,BLOCK-4494eb5738fce47c
SSCP-836b6aa334120003,MOL-7795f6c9e4f0204f,2020_Townsend,AC-78305ee2e743b795,BLOCK-513383ed86a73488,5,BLOCK-513383ed86a73488
SSCP-8390c3fd94597ef4,MOL-77cd35f98ddcff3d,2021_Kelly,AC-5e5c956882423f52,BLOCK-4494eb5738fce47c,3,BLOCK-4494eb5738fce47c
SSCP-83a64d956fbdb419,MOL-f41b460178b743be,2021_Kelly,AC-5e5c956882423f52,BLOCK-4494eb5738fce47c,3,BLOCK-4494eb5738fce47c
SSCP-83b2fd950ca6d1ea,MOL-e2162dc1c45f369b,2020_Townsend,AC-78305ee2e743b795,BLOCK-513383ed86a73488,5,BLOCK-513383ed86a73488
SSCP-83c2d4d1a18d83da,MOL-92e003900cebcb24,2024_Faris,AC-e82e3e242d3d320c,BLOCK-c5e520eb3b94ff25,15,BLOCK-c5e520eb3b94ff25
SSCP-83e726ecd0c08db5,MOL-b80fad677f67379a,2021_Kelly,AC-5e5c956882423f52,BLOCK-4494eb5738fce47c,3,BLOCK-4494eb5738fce47c
SSCP-840d39e53d38d15b,MOL-e9d923e0cfe542fb,2020_Townsend,AC-78305ee2e743b795,BLOCK-513383ed86a73488,5,BLOCK-513383ed86a73488
SSCP-840f02ac8a4cda89,MOL-bc0e60256599aca9,2020_Townsend,AC-78305ee2e743b795,BLOCK-513383ed86a73488,5,BLOCK-513383ed86a73488
SSCP-8427d9ee81ec29e2,MOL-bbff1fbb5eac8363,2016_Furukawa,AC-78305ee2e743b795,BLOCK-513383ed86a73488,5,BLOCK-513383ed86a73488
SSCP-84347aecd6b8e079,MOL-ec0a481a7fd02978,2013_CHUGAI,AC-b852582bc76058ec,BLOCK-5c361cba45039733,7,BLOCK-5c361cba45039733
SSCP-8437489a2dc93b9a,MOL-806b765325d7e2bb,2013_CHUGAI,AC-9915a59ccaa1a737,BLOCK-5c361cba45039733,7,BLOCK-5c361cba45039733
SSCP-843c48d59cc7ea7f,MOL-dcbc0742842ad2d5,2020_Townsend,AC-78305ee2e743b795,BLOCK-513383ed86a73488,5,BLOCK-513383ed86a73488
SSCP-844e5a1520afcf1a,MOL-b705221f41da10f3,2020_Townsend,AC-78305ee2e743b795,BLOCK-513383ed86a73488,5,BLOCK-513383ed86a73488
SSCP-845cc4cb8915fc74,MOL-0181f6b00781b07b,2021_Kelly,AC-5e5c956882423f52,BLOCK-4494eb5738fce47c,3,BLOCK-4494eb5738fce47c
SSCP-845d187cfaf5b5f9,MOL-acc54bff4581ca12,2013_CHUGAI,AC-cf95401a5715faa6,BLOCK-5c361cba45039733,7,BLOCK-5c361cba45039733
SSCP-84636119f1c7252e,MOL-bad79ffffa11a2bb,2021_Kelly,AC-5e5c956882423f52,BLOCK-4494eb5738fce47c,3,BLOCK-4494eb5738fce47c
SSCP-846da4f85c6e0c62,MOL-a73c1f279fe3f98f,2018_Naylor,AC-4cbd321fd3e6c472,BLOCK-513383ed86a73488,5,BLOCK-513383ed86a73488
SSCP-84715b65e8c6b7c0,MOL-c92bed9911e420d3,2021_Kelly,AC-5e5c956882423f52,BLOCK-4494eb5738fce47c,3,BLOCK-4494eb5738fce47c
SSCP-8472a4416c791108,MOL-569c3d533e184c0f,2020_Townsend,AC-78305ee2e743b795,BLOCK-513383ed86a73488,5,BLOCK-513383ed86a73488
SSCP-8475024ce544af32,MOL-edd33850e7b1d99a,2013_CHUGAI,AC-cf95401a5715faa6,BLOCK-5c361cba45039733,7,BLOCK-5c361cba45039733
SSCP-84838f44676821d0,MOL-0fbc34e54f738867,2013_CHUGAI,AC-9915a59ccaa1a737,BLOCK-5c361cba45039733,7,BLOCK-5c361cba45039733
SSCP-848d8acee7c34e68,MOL-84525a09a2350764,2021_Kelly,AC-5e5c956882423f52,BLOCK-4494eb5738fce47c,3,BLOCK-4494eb5738fce47c
SSCP-8493f0a3fd713a52,MOL-d6fc456c3b10526b,2013_CHUGAI,AC-2ea2b119999783fb,BLOCK-5c361cba45039733,7,BLOCK-5c361cba45039733
SSCP-84a01e8f48388545,MOL-3acd1f6ff499163b,2021_Kelly,AC-5e5c956882423f52,BLOCK-4494eb5738fce47c,3,BLOCK-4494eb5738fce47c
SSCP-84a0d459588ba09a,MOL-2a33e9fd027669d6,2020_Townsend,AC-78305ee2e743b795,BLOCK-513383ed86a73488,5,BLOCK-513383ed86a73488
SSCP-84aa844e593861e8,MOL-ebbb01a77496deee,2020_Townsend,AC-78305ee2e743b795,BLOCK-513383ed86a73488,5,BLOCK-513383ed86a73488
SSCP-84bd431d1454dcf0,MOL-71ac56cc80d3fd02,2020_Townsend,AC-78305ee2e743b795,BLOCK-513383ed86a73488,5,BLOCK-513383ed86a73488
SSCP-84c617c7d8161814,MOL-1cd9ccc41c9ee116,2020_Townsend,AC-78305ee2e743b795,BLOCK-513383ed86a73488,5,BLOCK-513383ed86a73488
SSCP-84ca365c21fd6e5d,MOL-15738f8147c1bbbb,2020_Townsend,AC-78305ee2e743b795,BLOCK-513383ed86a73488,5,BLOCK-513383ed86a73488
SSCP-84d287ad721484c9,MOL-1a333e33591f31a4,2022_Bhardwaj,AC-56bc0fb05f4c8dee,BLOCK-513383ed86a73488,5,BLOCK-513383ed86a73488
SSCP-84dbd35854d03b04,MOL-1e01d847af1e9c9e,2015_Wang,AC-78305ee2e743b795,BLOCK-513383ed86a73488,5,BLOCK-513383ed86a73488
SSCP-84e3e858c42f2ffc,MOL-b3351f783b584a04,2016_Furukawa,AC-78305ee2e743b795,BLOCK-513383ed86a73488,5,BLOCK-513383ed86a73488
SSCP-84e6b8effbd7260c,MOL-1582ce6395903ad7,2020_Barlow,AC-741ab05286c210ec,BLOCK-8dbd1f0100199b32,10,BLOCK-8dbd1f0100199b32
SSCP-84f072b5abcd821e,MOL-0303b81b41a2e856,2021_Kelly,AC-5e5c956882423f52,BLOCK-4494eb5738fce47c,3,BLOCK-4494eb5738fce47c
SSCP-84fc4c886b7af9c3,MOL-552b69f44260b03f,2021_Kelly,AC-ac7e5d0036401990,BLOCK-4494eb5738fce47c,3,BLOCK-4494eb5738fce47c
SSCP-8504f391f578d5e2,MOL-d781a3703613b229,2020_Townsend,AC-78305ee2e743b795,BLOCK-513383ed86a73488,5,BLOCK-513383ed86a73488
SSCP-85050a5894d7ed64,MOL-eb8bc3dbb95d516e,2022_Bhardwaj,AC-78305ee2e743b795,BLOCK-513383ed86a73488,5,BLOCK-513383ed86a73488
SSCP-851979d3ccbaccb8,MOL-c2b013a5a5b644a4,2020_Townsend,AC-78305ee2e743b795,BLOCK-513383ed86a73488,5,BLOCK-513383ed86a73488
SSCP-8535f92511dc0c06,MOL-c75111cb71a369b9,2021_Kelly,AC-ac7e5d0036401990,BLOCK-4494eb5738fce47c,3,BLOCK-4494eb5738fce47c
SSCP-8536b535ff245afd,MOL-14efc08fd7cdd48e,2020_Townsend,AC-78305ee2e743b795,BLOCK-513383ed86a73488,5,BLOCK-513383ed86a73488
SSCP-85371653897c6d88,MOL-05c0a14d39bcbed2,2020_Townsend,AC-78305ee2e743b795,BLOCK-513383ed86a73488,5,BLOCK-513383ed86a73488
SSCP-853a9e3b6f5d627a,MOL-24ea2e206162ddf1,2020_Townsend,AC-78305ee2e743b795,BLOCK-513383ed86a73488,5,BLOCK-513383ed86a73488
SSCP-853ab9245cffc1c6,MOL-c7bdb6b4b33c905e,2013_CHUGAI,AC-02b5435135466654,BLOCK-5c361cba45039733,7,BLOCK-5c361cba45039733
SSCP-8544c54df87c319a,MOL-763ef6af9b026f15,2020_Townsend,AC-78305ee2e743b795,BLOCK-513383ed86a73488,5,BLOCK-513383ed86a73488
SSCP-85466f2ff876b9e7,MOL-1b0f3817f4dc24c1,2021_Kelly,AC-ac7e5d0036401990,BLOCK-4494eb5738fce47c,3,BLOCK-4494eb5738fce47c
SSCP-854726eeae4cb668,MOL-428932072986e923,2013_CHUGAI,AC-cf95401a5715faa6,BLOCK-5c361cba45039733,7,BLOCK-5c361cba45039733
SSCP-854c92ca754bf485,MOL-8c791738ca9f6f93,2020_Townsend,AC-78305ee2e743b795,BLOCK-513383ed86a73488,5,BLOCK-513383ed86a73488
SSCP-8555d987cf0904a0,MOL-bb80ae5387b9e802,2021_Kelly,AC-5e5c956882423f52,BLOCK-4494eb5738fce47c,3,BLOCK-4494eb5738fce47c
SSCP-855eeda5216e0f61,MOL-08e90236ef855139,2020_Townsend,AC-78305ee2e743b795,BLOCK-513383ed86a73488,5,BLOCK-513383ed86a73488
SSCP-85633d99cfaa2a78,MOL-8926067abba9dd0f,2020_Townsend,AC-78305ee2e743b795,BLOCK-513383ed86a73488,5,BLOCK-513383ed86a73488
SSCP-856d54703b18427e,MOL-93b5a49634e58846,2020_Townsend,AC-78305ee2e743b795,BLOCK-513383ed86a73488,5,BLOCK-513383ed86a73488
SSCP-856e761eb37e9310,MOL-b443ea28c6971722,2024_Faris,AC-e82e3e242d3d320c,BLOCK-c5e520eb3b94ff25,15,BLOCK-c5e520eb3b94ff25
SSCP-8577662420b128a4,MOL-4ce5796e94d63612,2021_Kelly,AC-5e5c956882423f52,BLOCK-4494eb5738fce47c,3,BLOCK-4494eb5738fce47c
SSCP-8585cc1ca670c5c8,MOL-ac8a19fc10161e80,2020_Townsend,AC-78305ee2e743b795,BLOCK-513383ed86a73488,5,BLOCK-513383ed86a73488
SSCP-858a1505583f9749,MOL-a29c6a03bebc902d,2016_Furukawa,AC-78305ee2e743b795,BLOCK-513383ed86a73488,5,BLOCK-513383ed86a73488
SSCP-8595f97dd7b52161,MOL-d42fc19f00ea2c01,2013_CHUGAI,AC-9915a59ccaa1a737,BLOCK-5c361cba45039733,7,BLOCK-5c361cba45039733
SSCP-8598d19f4a4c128f,MOL-f068436f754d404f,2021_Kelly,AC-5e5c956882423f52,BLOCK-4494eb5738fce47c,3,BLOCK-4494eb5738fce47c
SSCP-859cf4538b8bdb9f,MOL-0d8d7ce784228120,2020_Townsend,AC-78305ee2e743b795,BLOCK-513383ed86a73488,5,BLOCK-513383ed86a73488
SSCP-85ab437bc917c15b,MOL-1812fbe2966c38ce,2016_Hickey,AC-caa6a2b0faf1de20,BLOCK-513383ed86a73488,5,BLOCK-513383ed86a73488
SSCP-85b160ad8650396e,MOL-86fc6f0d323401e9,2020_Townsend,AC-78305ee2e743b795,BLOCK-513383ed86a73488,5,BLOCK-513383ed86a73488
SSCP-85bb9e1215366390,MOL-8b9cf42605d1e4d0,2020_Townsend,AC-78305ee2e743b795,BLOCK-513383ed86a73488,5,BLOCK-513383ed86a73488
SSCP-85ce830f3c47952b,MOL-a63e78baac0b3952,2020_Townsend,AC-78305ee2e743b795,BLOCK-513383ed86a73488,5,BLOCK-513383ed86a73488
SSCP-85d28656d78e8ff1,MOL-0ff85a51ec8b6505,2013_CHUGAI,AC-555968db9c5ca11a,BLOCK-5c361cba45039733,7,BLOCK-5c361cba45039733
SSCP-85e57f3de06b9cb1,MOL-353dc62d19131c88,2020_Townsend,AC-78305ee2e743b795,BLOCK-513383ed86a73488,5,BLOCK-513383ed86a73488
SSCP-85e8de5baad62979,MOL-c5a450f6905ad0f9,2020_Townsend,AC-78305ee2e743b795,BLOCK-513383ed86a73488,5,BLOCK-513383ed86a73488
SSCP-860440df9d2ddf13,MOL-54f62654b511b652,2021_Kelly,AC-ac7e5d0036401990,BLOCK-4494eb5738fce47c,3,BLOCK-4494eb5738fce47c
SSCP-8610a1f62738ac35,MOL-ef8b004454d5bfc2,2021_Kelly,AC-5e5c956882423f52,BLOCK-4494eb5738fce47c,3,BLOCK-4494eb5738fce47c
SSCP-861d09f5ffced859,MOL-8e4a044d4f27b7bc,2020_Townsend,AC-78305ee2e743b795,BLOCK-513383ed86a73488,5,BLOCK-513383ed86a73488
SSCP-8622198799c1ac78,MOL-8a19cc97f591449b,2020_Townsend,AC-78305ee2e743b795,BLOCK-513383ed86a73488,5,BLOCK-513383ed86a73488
SSCP-8629ba7bf70103c8,MOL-ebfb8a5c97478d15,2016_Furukawa,AC-78305ee2e743b795,BLOCK-513383ed86a73488,5,BLOCK-513383ed86a73488
SSCP-862c3d04abec1547,MOL-d10ea53fc8624a82,2020_Townsend,AC-78305ee2e743b795,BLOCK-513383ed86a73488,5,BLOCK-513383ed86a73488
SSCP-863047c460278521,MOL-4c00b325b2ea9109,2021_Kelly,AC-5e5c956882423f52,BLOCK-4494eb5738fce47c,3,BLOCK-4494eb5738fce47c
SSCP-86392e483248cab3,MOL-0166b57d3b86812a,2020_Townsend,AC-78305ee2e743b795,BLOCK-513383ed86a73488,5,BLOCK-513383ed86a73488
SSCP-863e3b3f391f396b,MOL-7a8f435fa37fb670,2022_Lee,AC-4cbd321fd3e6c472,BLOCK-513383ed86a73488,5,BLOCK-513383ed86a73488
SSCP-863eb9ac5fbd93f2,MOL-fecf59fa9a006ace,2016_Furukawa,AC-78305ee2e743b795,BLOCK-513383ed86a73488,5,BLOCK-513383ed86a73488
SSCP-86429d68117f3b53,MOL-7bfcc2be5c2011f4,2021_Kelly,AC-5e5c956882423f52,BLOCK-4494eb5738fce47c,3,BLOCK-4494eb5738fce47c
SSCP-8644ad0045229255,MOL-5fc45d343463eb3f,2020_Townsend,AC-78305ee2e743b795,BLOCK-513383ed86a73488,5,BLOCK-513383ed86a73488
SSCP-864bb3357644e60e,MOL-49726d98f3547026,2024_Faris,AC-e82e3e242d3d320c,BLOCK-c5e520eb3b94ff25,15,BLOCK-c5e520eb3b94ff25
SSCP-86531669b453e409,MOL-9ea03cc6ca20fc85,2020_Townsend,AC-78305ee2e743b795,BLOCK-513383ed86a73488,5,BLOCK-513383ed86a73488
SSCP-86596ef6e8cce561,MOL-2c35047b0478aae2,2021_Kelly,AC-5e5c956882423f52,BLOCK-4494eb5738fce47c,3,BLOCK-4494eb5738fce47c
SSCP-8662aaf548ad70f3,MOL-9a98d08268d4c300,2021_Kelly,AC-5e5c956882423f52,BLOCK-4494eb5738fce47c,3,BLOCK-4494eb5738fce47c
SSCP-8665b554888db6cf,MOL-9d553c0c4cc16ff2,2020_Townsend,AC-78305ee2e743b795,BLOCK-513383ed86a73488,5,BLOCK-513383ed86a73488
SSCP-866cc5a350fc1d7f,MOL-0ead293a6e080cf8,2016_Furukawa,AC-78305ee2e743b795,BLOCK-513383ed86a73488,5,BLOCK-513383ed86a73488
SSCP-867daf5c6afd5b96,MOL-d6655b28a26fb162,2020_Townsend,AC-78305ee2e743b795,BLOCK-513383ed86a73488,5,BLOCK-513383ed86a73488
SSCP-8687fc07b40c039c,MOL-e2b769d96df45e2e,2022_Bhardwaj,AC-15eddde0be7cfac7,BLOCK-513383ed86a73488,5,BLOCK-513383ed86a73488
SSCP-869268142927832b,MOL-525566b4c874f281,2020_Townsend,AC-78305ee2e743b795,BLOCK-513383ed86a73488,5,BLOCK-513383ed86a73488
SSCP-8698f4adecc0f229,MOL-1e521bf96326559c,2020_Townsend,AC-78305ee2e743b795,BLOCK-513383ed86a73488,5,BLOCK-513383ed86a73488
SSCP-86aabcf52803ab95,MOL-7380ba7ee39c55ce,2021_Kelly,AC-5e5c956882423f52,BLOCK-4494eb5738fce47c,3,BLOCK-4494eb5738fce47c
SSCP-86ac29496b40956c,MOL-f7004ef8f2952452,2020_Townsend,AC-78305ee2e743b795,BLOCK-513383ed86a73488,5,BLOCK-513383ed86a73488
SSCP-86b2ec975326a421,MOL-d49949930c253628,2021_Kelly,AC-5e5c956882423f52,BLOCK-4494eb5738fce47c,3,BLOCK-4494eb5738fce47c
SSCP-86babc5e6f16cbb4,MOL-afd5af32799bc504,2021_Kelly,AC-6d3257a2b83e15dc,BLOCK-4494eb5738fce47c,3,BLOCK-4494eb5738fce47c
SSCP-86c672ce36d8f4a0,MOL-578ab810439a6e95,2016_Furukawa,AC-78305ee2e743b795,BLOCK-513383ed86a73488,5,BLOCK-513383ed86a73488
SSCP-86c8d7bd8c8a863a,MOL-c81b7a4e5917627f,2021_Kelly,AC-5e5c956882423f52,BLOCK-4494eb5738fce47c,3,BLOCK-4494eb5738fce47c
SSCP-86cdf2a097269c09,MOL-f6623cc1099737e2,2022_Bhardwaj,AC-8ab4e33cbabc92f1,BLOCK-513383ed86a73488,5,BLOCK-513383ed86a73488
SSCP-86eb5e986b2341f2,MOL-93233d283b0997b2,2021_Kelly,AC-ac7e5d0036401990,BLOCK-4494eb5738fce47c,3,BLOCK-4494eb5738fce47c
SSCP-86f4de9843e2028f,MOL-19ae936dc0b50660,2020_Townsend,AC-78305ee2e743b795,BLOCK-513383ed86a73488,5,BLOCK-513383ed86a73488
SSCP-86f9e050ac50ca48,MOL-e718640ab73e7bcd,2021_Kelly,AC-5e5c956882423f52,BLOCK-4494eb5738fce47c,3,BLOCK-4494eb5738fce47c
SSCP-87091310626dffa0,MOL-5623090743ee49b8,2020_Townsend,AC-78305ee2e743b795,BLOCK-513383ed86a73488,5,BLOCK-513383ed86a73488
SSCP-871fb0a38b064656,MOL-8de8d5966cfc37f6,2020_Townsend,AC-78305ee2e743b795,BLOCK-513383ed86a73488,5,BLOCK-513383ed86a73488
SSCP-8720c61a2681220c,MOL-3b4fae32afd4b441,2020_Townsend,AC-78305ee2e743b795,BLOCK-513383ed86a73488,5,BLOCK-513383ed86a73488
SSCP-872175e71a22665b,MOL-1dea3de55aede3d7,2021_Kelly,AC-ac7e5d0036401990,BLOCK-4494eb5738fce47c,3,BLOCK-4494eb5738fce47c
SSCP-872b7fa7a320c64d,MOL-e0911ff1d74bd08b,2020_Townsend,AC-78305ee2e743b795,BLOCK-513383ed86a73488,5,BLOCK-513383ed86a73488
SSCP-873e958ebef36419,MOL-62b713a4534a3f80,2021_Kelly,AC-5e5c956882423f52,BLOCK-4494eb5738fce47c,3,BLOCK-4494eb5738fce47c
SSCP-875bf9028de981db,MOL-accdf5e3304b903c,2021_Kelly,AC-5e5c956882423f52,BLOCK-4494eb5738fce47c,3,BLOCK-4494eb5738fce47c
SSCP-8764d9a31aa5ff9d,MOL-c5b605b91e7a0fd9,2013_CHUGAI,AC-555968db9c5ca11a,BLOCK-5c361cba45039733,7,BLOCK-5c361cba45039733
SSCP-877a83c383d4126a,MOL-28e5da543770026a,2020_Townsend,AC-78305ee2e743b795,BLOCK-513383ed86a73488,5,BLOCK-513383ed86a73488
SSCP-8780058f971e260a,MOL-2fc038f1ae45f3db,2013_CHUGAI,AC-cf95401a5715faa6,BLOCK-5c361cba45039733,7,BLOCK-5c361cba45039733
SSCP-8783dceed0268a32,MOL-386dbbb13e9f9512,2020_Townsend,AC-78305ee2e743b795,BLOCK-513383ed86a73488,5,BLOCK-513383ed86a73488
SSCP-8793526dc8e494fa,MOL-35497d02f56bc069,2021_Kelly,AC-5e5c956882423f52,BLOCK-4494eb5738fce47c,3,BLOCK-4494eb5738fce47c
SSCP-879eadae3cca1716,MOL-e17f4e717f4228ef,2021_Kelly,AC-6d3257a2b83e15dc,BLOCK-4494eb5738fce47c,3,BLOCK-4494eb5738fce47c
SSCP-87baeb6baa1b9077,MOL-eb3b23a682efae6f,2020_Townsend,AC-78305ee2e743b795,BLOCK-513383ed86a73488,5,BLOCK-513383ed86a73488
SSCP-87d6f03a4a2c6c0e,MOL-f52fcdbb7b9548a7,2016_Furukawa,AC-78305ee2e743b795,BLOCK-513383ed86a73488,5,BLOCK-513383ed86a73488
SSCP-87d7e30aaf4d96f2,MOL-d302e9ac241d2f8f,2020_Townsend,AC-78305ee2e743b795,BLOCK-513383ed86a73488,5,BLOCK-513383ed86a73488
SSCP-87fdf918849736d8,MOL-62365d799018ed99,2020_Townsend,AC-78305ee2e743b795,BLOCK-513383ed86a73488,5,BLOCK-513383ed86a73488
SSCP-88079f9ddd2d39fc,MOL-f69a64bcda6c985f,2020_Townsend,AC-78305ee2e743b795,BLOCK-513383ed86a73488,5,BLOCK-513383ed86a73488
SSCP-880d027db8b0dae5,MOL-697890a0eec66d7b,2021_Kelly,AC-5e5c956882423f52,BLOCK-4494eb5738fce47c,3,BLOCK-4494eb5738fce47c
SSCP-880e8f917952bcb5,MOL-a8b70bee34ecab2f,2020_Townsend,AC-78305ee2e743b795,BLOCK-513383ed86a73488,5,BLOCK-513383ed86a73488
SSCP-880f1d6db1543643,MOL-b0e22cb5d8116d03,2020_Townsend,AC-78305ee2e743b795,BLOCK-513383ed86a73488,5,BLOCK-513383ed86a73488
SSCP-881084b3802ff6b1,MOL-63419d965201132c,2020_Townsend,AC-78305ee2e743b795,BLOCK-513383ed86a73488,5,BLOCK-513383ed86a73488
SSCP-8811018ef2d9b6fc,MOL-ba066ac840f44e8d,2013_CHUGAI,AC-cf95401a5715faa6,BLOCK-5c361cba45039733,7,BLOCK-5c361cba45039733
SSCP-88111ba4ef652913,MOL-2bdb251516c2b44f,2021_Kelly,AC-5e5c956882423f52,BLOCK-4494eb5738fce47c,3,BLOCK-4494eb5738fce47c
SSCP-88185b72994ff278,MOL-59878fa5705cba56,2020_Townsend,AC-78305ee2e743b795,BLOCK-513383ed86a73488,5,BLOCK-513383ed86a73488
SSCP-881a633a11061b14,MOL-3db074831716a65b,2013_CHUGAI,AC-cf95401a5715faa6,BLOCK-5c361cba45039733,7,BLOCK-5c361cba45039733
SSCP-881a6a0c47a69cb6,MOL-f00fd129c99f2cf7,2020_Townsend,AC-78305ee2e743b795,BLOCK-513383ed86a73488,5,BLOCK-513383ed86a73488
SSCP-88335733d679f94e,MOL-36325801db759cad,2020_Townsend,AC-78305ee2e743b795,BLOCK-513383ed86a73488,5,BLOCK-513383ed86a73488
SSCP-88379c3817d94845,MOL-dbdca33287da209e,2013_CHUGAI,AC-586af0ae7046cb40,BLOCK-5c361cba45039733,7,BLOCK-5c361cba45039733
SSCP-883d9258eb092c7a,MOL-cd9e933a4589016b,2013_CHUGAI,AC-cf95401a5715faa6,BLOCK-5c361cba45039733,7,BLOCK-5c361cba45039733
SSCP-8845b05dac7535b2,MOL-0cd50387b4ff885f,2013_CHUGAI,AC-cf95401a5715faa6,BLOCK-5c361cba45039733,7,BLOCK-5c361cba45039733
SSCP-885b82a7d4c87087,MOL-0241764e7c34b23d,2021_Kelly,AC-5e5c956882423f52,BLOCK-4494eb5738fce47c,3,BLOCK-4494eb5738fce47c
SSCP-88617f6bffb074f2,MOL-de08027477c6ea5d,2020_Le Roux,AC-b74b4d5565722d16,BLOCK-bb4bcb852b735057,12,BLOCK-bb4bcb852b735057
SSCP-888c2e75ee0af125,MOL-f9d7b95a6dfea5b3,2016_Furukawa,AC-78305ee2e743b795,BLOCK-513383ed86a73488,5,BLOCK-513383ed86a73488
SSCP-888ec90daba33ec5,MOL-3fc41d12877ed5bf,2020_Townsend,AC-78305ee2e743b795,BLOCK-513383ed86a73488,5,BLOCK-513383ed86a73488
SSCP-8893c9ff0c79e99f,MOL-5a382339f433326a,2021_Kelly,AC-5e5c956882423f52,BLOCK-4494eb5738fce47c,3,BLOCK-4494eb5738fce47c
SSCP-889e00345493ef8d,MOL-637defecc4a4dd1b,2020_Townsend,AC-78305ee2e743b795,BLOCK-513383ed86a73488,5,BLOCK-513383ed86a73488
SSCP-88ad3553a08cc184,MOL-a4d2fcb320d06a8c,2020_Townsend,AC-78305ee2e743b795,BLOCK-513383ed86a73488,5,BLOCK-513383ed86a73488
SSCP-88af56309f5d363c,MOL-fb4954356001ab99,2022_Lee,AC-4cbd321fd3e6c472,BLOCK-513383ed86a73488,5,BLOCK-513383ed86a73488
SSCP-88d9ece2cc9342e2,MOL-f5f188dcfd2381f4,2020_Townsend,AC-78305ee2e743b795,BLOCK-513383ed86a73488,5,BLOCK-513383ed86a73488
SSCP-88db50e1a5f54e1d,MOL-c015f582d8a1aac7,2020_Townsend,AC-78305ee2e743b795,BLOCK-513383ed86a73488,5,BLOCK-513383ed86a73488
SSCP-88dc9a25c98093e9,MOL-a848168b72fe5939,2024_Faris,AC-e82e3e242d3d320c,BLOCK-c5e520eb3b94ff25,15,BLOCK-c5e520eb3b94ff25
SSCP-88df2d8e92c7a154,MOL-da577cf39258c886,2024_Koch,AC-e82e3e242d3d320c,BLOCK-c5e520eb3b94ff25,15,BLOCK-c5e520eb3b94ff25
SSCP-88e78acc804181d4,MOL-ea7e571c25cf8fa6,2021_Kelly,AC-ac7e5d0036401990,BLOCK-4494eb5738fce47c,3,BLOCK-4494eb5738fce47c
SSCP-88e8d2f66bfcffa6,MOL-9ca9150d2a19fa0a,2020_Townsend,AC-78305ee2e743b795,BLOCK-513383ed86a73488,5,BLOCK-513383ed86a73488
SSCP-88eb75c57df7aef1,MOL-d4c31bad2966c5ee,2016_Furukawa,AC-78305ee2e743b795,BLOCK-513383ed86a73488,5,BLOCK-513383ed86a73488
SSCP-88fb285ff2732a96,MOL-b9eeedb5d8b650e9,2016_Furukawa,AC-78305ee2e743b795,BLOCK-513383ed86a73488,5,BLOCK-513383ed86a73488
SSCP-88fd64d6f5906be1,MOL-c31d68a0a0931b92,2021_Kelly,AC-5e5c956882423f52,BLOCK-4494eb5738fce47c,3,BLOCK-4494eb5738fce47c
SSCP-89043c140696824b,MOL-3e5eda954030baee,2020_Townsend,AC-78305ee2e743b795,BLOCK-513383ed86a73488,5,BLOCK-513383ed86a73488
SSCP-890a1df45368c275,MOL-7b1cc91564d0a0ff,2024_Koch,AC-e82e3e242d3d320c,BLOCK-c5e520eb3b94ff25,15,BLOCK-c5e520eb3b94ff25
SSCP-890ccbc0efcee2a4,MOL-cb9c53c147b19bc8,2020_Townsend,AC-78305ee2e743b795,BLOCK-513383ed86a73488,5,BLOCK-513383ed86a73488
SSCP-892a55d4cf6e321d,MOL-b3a79d7d846dbdde,2016_Furukawa,AC-78305ee2e743b795,BLOCK-513383ed86a73488,5,BLOCK-513383ed86a73488
SSCP-892a904c7decf61f,MOL-806d68f4f903b337,2018_Naylor,AC-0c0d5c0b98d5eeb3,BLOCK-513383ed86a73488,5,BLOCK-513383ed86a73488
SSCP-893008c117ffee22,MOL-b805afcf95d697f9,2020_Townsend,AC-78305ee2e743b795,BLOCK-513383ed86a73488,5,BLOCK-513383ed86a73488
SSCP-893c84af0edf63df,MOL-15cc59f9e2911e5c,2021_Kelly,AC-5e5c956882423f52,BLOCK-4494eb5738fce47c,3,BLOCK-4494eb5738fce47c
SSCP-8944f813d63bd2d2,MOL-5f9aa1cbc5dc9cc8,2021_Kelly,AC-5e5c956882423f52,BLOCK-4494eb5738fce47c,3,BLOCK-4494eb5738fce47c
SSCP-89481d209499e35d,MOL-995dcdc0faf2f885,2016_Furukawa,AC-78305ee2e743b795,BLOCK-513383ed86a73488,5,BLOCK-513383ed86a73488
SSCP-894c5eaba060f2ec,MOL-b2e89ab538856eae,2020_Townsend,AC-78305ee2e743b795,BLOCK-513383ed86a73488,5,BLOCK-513383ed86a73488
SSCP-896fcb2773e1257a,MOL-e7a9431811f653ef,2020_Townsend,AC-78305ee2e743b795,BLOCK-513383ed86a73488,5,BLOCK-513383ed86a73488
SSCP-8974476f9784f25c,MOL-a0844b35abcb1a71,2020_Townsend,AC-78305ee2e743b795,BLOCK-513383ed86a73488,5,BLOCK-513383ed86a73488
SSCP-89822cf5b2282bdb,MOL-4eb9927e2647885d,2013_CHUGAI,AC-7e36b0946cc8ee5d,BLOCK-5c361cba45039733,7,BLOCK-5c361cba45039733
SSCP-898d8c169d9cb96b,MOL-610b5b216bdd25c7,2020_Townsend,AC-78305ee2e743b795,BLOCK-513383ed86a73488,5,BLOCK-513383ed86a73488
SSCP-8993f90d5635b47b,MOL-51afaf14b006e9f2,2020_Townsend,AC-78305ee2e743b795,BLOCK-513383ed86a73488,5,BLOCK-513383ed86a73488
SSCP-89a001170812fa1e,MOL-a90906dd9a6b270e,2021_Kelly,AC-5e5c956882423f52,BLOCK-4494eb5738fce47c,3,BLOCK-4494eb5738fce47c
SSCP-89a2b3d39e721c9f,MOL-1fec639633e7fd43,2020_Townsend,AC-78305ee2e743b795,BLOCK-513383ed86a73488,5,BLOCK-513383ed86a73488
SSCP-89a43cefbbb15f95,MOL-7837714039d89163,2013_CHUGAI,AC-9915a59ccaa1a737,BLOCK-5c361cba45039733,7,BLOCK-5c361cba45039733
SSCP-89b03779599d1b7f,MOL-d8fcac2e7b90fd97,2016_Furukawa,AC-78305ee2e743b795,BLOCK-513383ed86a73488,5,BLOCK-513383ed86a73488
SSCP-89b65d444c30732a,MOL-5b76791c977fd12f,2020_Townsend,AC-78305ee2e743b795,BLOCK-513383ed86a73488,5,BLOCK-513383ed86a73488
SSCP-89b72747851abb48,MOL-eb223310179f8f54,2020_Townsend,AC-78305ee2e743b795,BLOCK-513383ed86a73488,5,BLOCK-513383ed86a73488
SSCP-89b8839e0c7573c8,MOL-db938547a4497279,2020_Townsend,AC-78305ee2e743b795,BLOCK-513383ed86a73488,5,BLOCK-513383ed86a73488
SSCP-89c6494771611e46,MOL-d0a84185809074fc,2021_Kelly,AC-ac7e5d0036401990,BLOCK-4494eb5738fce47c,3,BLOCK-4494eb5738fce47c
SSCP-89ca81a76223460c,MOL-0a8bba2f8b01d54c,2021_Kelly,AC-5e5c956882423f52,BLOCK-4494eb5738fce47c,3,BLOCK-4494eb5738fce47c
SSCP-89cd8a01ee43345e,MOL-421b7b5ed208774e,2020_Townsend,AC-78305ee2e743b795,BLOCK-513383ed86a73488,5,BLOCK-513383ed86a73488
SSCP-89cdce005bfda3c7,MOL-917675b59a8183c6,2021_Kelly,AC-5e5c956882423f52,BLOCK-4494eb5738fce47c,3,BLOCK-4494eb5738fce47c
SSCP-89d4bc25da90db31,MOL-6683ebd6a86f439b,2020_Townsend,AC-78305ee2e743b795,BLOCK-513383ed86a73488,5,BLOCK-513383ed86a73488
SSCP-89d4cd3fc0afd848,MOL-3617bf7aaa433003,2021_Kelly,AC-5e5c956882423f52,BLOCK-4494eb5738fce47c,3,BLOCK-4494eb5738fce47c
SSCP-89e06f11c06cc15b,MOL-99acec9bb3df291b,2013_CHUGAI,AC-cf95401a5715faa6,BLOCK-5c361cba45039733,7,BLOCK-5c361cba45039733
SSCP-89e2b2566481c1b9,MOL-378375c6a96125f6,2020_Townsend,AC-78305ee2e743b795,BLOCK-513383ed86a73488,5,BLOCK-513383ed86a73488
SSCP-89e8420b3d26f923,MOL-d0c8f35a680db25f,2020_Townsend,AC-78305ee2e743b795,BLOCK-513383ed86a73488,5,BLOCK-513383ed86a73488
SSCP-89eaf7836078b298,MOL-2be2d89498101cad,2013_CHUGAI,AC-cf95401a5715faa6,BLOCK-5c361cba45039733,7,BLOCK-5c361cba45039733
SSCP-89f1de97df908a84,MOL-e6b4d9c259bf62c7,2020_Townsend,AC-78305ee2e743b795,BLOCK-513383ed86a73488,5,BLOCK-513383ed86a73488
SSCP-89f6b84f72d112db,MOL-f27f5ce6cebdb475,2020_Townsend,AC-78305ee2e743b795,BLOCK-513383ed86a73488,5,BLOCK-513383ed86a73488
SSCP-8a01a3da88342e56,MOL-f93d092578a9e492,2021_Kelly,AC-5e5c956882423f52,BLOCK-4494eb5738fce47c,3,BLOCK-4494eb5738fce47c
SSCP-8a0b3f99b47b1ba0,MOL-09b327e4a8cb6c3e,2016_Furukawa,AC-78305ee2e743b795,BLOCK-513383ed86a73488,5,BLOCK-513383ed86a73488
SSCP-8a125927a406e2f8,MOL-fb545e11ee40bfc4,2020_Townsend,AC-78305ee2e743b795,BLOCK-513383ed86a73488,5,BLOCK-513383ed86a73488
SSCP-8a18f985738488ac,MOL-cbdfb92d54b228d2,2021_Kelly,AC-5e5c956882423f52,BLOCK-4494eb5738fce47c,3,BLOCK-4494eb5738fce47c
SSCP-8a3588a3e9a9bcb4,MOL-37a8129f8ed5bdb0,2022_Lee,AC-4cbd321fd3e6c472,BLOCK-513383ed86a73488,5,BLOCK-513383ed86a73488
SSCP-8a45ab783c106f75,MOL-0d9a14253613eb9e,2021_Kelly,AC-5e5c956882423f52,BLOCK-4494eb5738fce47c,3,BLOCK-4494eb5738fce47c
SSCP-8a4b207766e6153d,MOL-1f03b83ee0e111a1,2020_Townsend,AC-78305ee2e743b795,BLOCK-513383ed86a73488,5,BLOCK-513383ed86a73488
SSCP-8a4d0b9a36d09cbf,MOL-cdd4806f53e4a7a8,2020_Townsend,AC-78305ee2e743b795,BLOCK-513383ed86a73488,5,BLOCK-513383ed86a73488
SSCP-8a56e5aa78908124,MOL-6ecf2d44b403e0c6,2020_Townsend,AC-78305ee2e743b795,BLOCK-513383ed86a73488,5,BLOCK-513383ed86a73488
SSCP-8a64676636933234,MOL-30c2a2ca1de140eb,2021_Kelly,AC-5e5c956882423f52,BLOCK-4494eb5738fce47c,3,BLOCK-4494eb5738fce47c
SSCP-8a656737fb32b887,MOL-85d47653d72d5fce,2016_Furukawa,AC-78305ee2e743b795,BLOCK-513383ed86a73488,5,BLOCK-513383ed86a73488
SSCP-8a8be1309b983678,MOL-cde7cb14f68d27d6,2020_Townsend,AC-78305ee2e743b795,BLOCK-513383ed86a73488,5,BLOCK-513383ed86a73488
SSCP-8a9d45c05ae5ab38,MOL-f2228194b9a30be9,2020_Townsend,AC-78305ee2e743b795,BLOCK-513383ed86a73488,5,BLOCK-513383ed86a73488
SSCP-8ab5b5f79a3f6fb8,MOL-eb50f226267b7316,2021_Kelly,AC-5e5c956882423f52,BLOCK-4494eb5738fce47c,3,BLOCK-4494eb5738fce47c
SSCP-8ac1d82ea8896fa7,MOL-ce0629f41b0c6117,2016_Furukawa,AC-78305ee2e743b795,BLOCK-513383ed86a73488,5,BLOCK-513383ed86a73488
SSCP-8ac2e248c0c791f6,MOL-3df91c3c1fb3cd0f,2021_Kelly,AC-5e5c956882423f52,BLOCK-4494eb5738fce47c,3,BLOCK-4494eb5738fce47c
SSCP-8ac6599e6a806e11,MOL-7c600939248308e1,2023_Ghosh,AC-eef1d0c78351235e,BLOCK-513383ed86a73488,5,BLOCK-513383ed86a73488
SSCP-8ac74a5e19075aff,MOL-0c91d5b070b1af61,2016_Furukawa,AC-78305ee2e743b795,BLOCK-513383ed86a73488,5,BLOCK-513383ed86a73488
SSCP-8adc945cf4f5ad93,MOL-2f3a3e6b1a10f9f8,2015_Ahlbach,AC-361bbb197add489f,BLOCK-513383ed86a73488,5,BLOCK-513383ed86a73488
SSCP-8ade04e9c52962ff,MOL-89241915ffa060f9,2020_Townsend,AC-78305ee2e743b795,BLOCK-513383ed86a73488,5,BLOCK-513383ed86a73488
SSCP-8ae45133e3762247,MOL-b3bc12dac700e98e,2021_Comeau,AC-b74b4d5565722d16,BLOCK-bb4bcb852b735057,12,BLOCK-bb4bcb852b735057
SSCP-8ae7db6e46cd1d7e,MOL-74fee0450d65c14e,2016_Furukawa,AC-78305ee2e743b795,BLOCK-513383ed86a73488,5,BLOCK-513383ed86a73488
SSCP-8af0ce4b95aa1a8f,MOL-0fc120d4eefbd42e,2013_CHUGAI,AC-9915a59ccaa1a737,BLOCK-5c361cba45039733,7,BLOCK-5c361cba45039733
SSCP-8af5cb3c7c96aa87,MOL-af400711d7db02ba,2020_Townsend,AC-78305ee2e743b795,BLOCK-513383ed86a73488,5,BLOCK-513383ed86a73488
SSCP-8af70fa4350bb176,MOL-be5ef28e33dc3a63,2021_Kelly,AC-5e5c956882423f52,BLOCK-4494eb5738fce47c,3,BLOCK-4494eb5738fce47c
SSCP-8b048253e96b48a6,MOL-302c976e52aeaa8c,2020_Townsend,AC-78305ee2e743b795,BLOCK-513383ed86a73488,5,BLOCK-513383ed86a73488
SSCP-8b0ac28a9df8e684,MOL-3a2de718314a7d9e,2013_CHUGAI,AC-77fb0f10ded9ea1e,BLOCK-5c361cba45039733,7,BLOCK-5c361cba45039733
SSCP-8b0da5722d27592c,MOL-011abf0d0546fa67,2020_Townsend,AC-78305ee2e743b795,BLOCK-513383ed86a73488,5,BLOCK-513383ed86a73488
SSCP-8b120bd05e6fb175,MOL-fedc2181b29def21,2020_Townsend,AC-78305ee2e743b795,BLOCK-513383ed86a73488,5,BLOCK-513383ed86a73488
SSCP-8b13f8c7faa0365f,MOL-e6654d40417bcc53,2020_Hosono,AC-78305ee2e743b795,BLOCK-513383ed86a73488,5,BLOCK-513383ed86a73488
SSCP-8b2a85ed0ff83499,MOL-75db2fda8043cc19,2016_Furukawa,AC-78305ee2e743b795,BLOCK-513383ed86a73488,5,BLOCK-513383ed86a73488
SSCP-8b2ddd8dc80fe90f,MOL-fa85c69a807a6ab9,2020_Townsend,AC-78305ee2e743b795,BLOCK-513383ed86a73488,5,BLOCK-513383ed86a73488
SSCP-8b34ecbe89c7410c,MOL-6e5047142a1a1d02,2020_Townsend,AC-78305ee2e743b795,BLOCK-513383ed86a73488,5,BLOCK-513383ed86a73488
SSCP-8b4ebd8a4ec4ee6a,MOL-434a3a463ec70b43,2020_Townsend,AC-78305ee2e743b795,BLOCK-513383ed86a73488,5,BLOCK-513383ed86a73488
SSCP-8b5fba6dc5c869b1,MOL-05b4b9e40c533ff9,2021_Kelly,AC-5e5c956882423f52,BLOCK-4494eb5738fce47c,3,BLOCK-4494eb5738fce47c
SSCP-8b5fe5d5a19a3975,MOL-22994d544d1be2f7,2020_Townsend,AC-78305ee2e743b795,BLOCK-513383ed86a73488,5,BLOCK-513383ed86a73488
SSCP-8b667005f82aa22d,MOL-73906e075db75188,2021_Wang,AC-fbc7f1ef462beb7f,BLOCK-d0fe24e9c28856d1,16,BLOCK-d0fe24e9c28856d1
SSCP-8b68b61400337eac,MOL-90da18ac63ec0f13,2021_Kelly,AC-5e5c956882423f52,BLOCK-4494eb5738fce47c,3,BLOCK-4494eb5738fce47c
SSCP-8b6c65cf0ba59f10,MOL-4685522e95ef7cd3,2020_Townsend,AC-78305ee2e743b795,BLOCK-513383ed86a73488,5,BLOCK-513383ed86a73488
SSCP-8b6d6e938ae50308,MOL-67f7968031c1ade0,2018_García-Pindado,AC-31463d57463671a9,BLOCK-5ddb30f65478f699,8,BLOCK-5ddb30f65478f699
SSCP-8b75f4a009fcba39,MOL-18e9508a6401743b,2020_Townsend,AC-78305ee2e743b795,BLOCK-513383ed86a73488,5,BLOCK-513383ed86a73488
SSCP-8b77ea9adf5c9dee,MOL-c1b9cf02e34d685c,2022_Bhardwaj,AC-301e5c1ecc339d9a,BLOCK-513383ed86a73488,5,BLOCK-513383ed86a73488
SSCP-8b817c5d1d139239,MOL-c5cd209545a8dfb8,2016_Furukawa,AC-78305ee2e743b795,BLOCK-513383ed86a73488,5,BLOCK-513383ed86a73488
SSCP-8b840e32d7f5d934,MOL-bd5077de65c12950,2020_Townsend,AC-78305ee2e743b795,BLOCK-513383ed86a73488,5,BLOCK-513383ed86a73488
SSCP-8b91e1142cb23927,MOL-5815a97bb063d3a4,2020_Townsend,AC-78305ee2e743b795,BLOCK-513383ed86a73488,5,BLOCK-513383ed86a73488
SSCP-8b96ec25b1d7f6f1,MOL-4c120bfa61bac1a1,2020_Townsend,AC-78305ee2e743b795,BLOCK-513383ed86a73488,5,BLOCK-513383ed86a73488
SSCP-8b9be1a70a4ff655,MOL-fd6d86363bdd0376,2020_Townsend,AC-78305ee2e743b795,BLOCK-513383ed86a73488,5,BLOCK-513383ed86a73488
SSCP-8b9f1fd277b6e621,MOL-aed7cd33861c6c3a,2020_Townsend,AC-78305ee2e743b795,BLOCK-513383ed86a73488,5,BLOCK-513383ed86a73488
SSCP-8bc04c8569d92b3d,MOL-f38c9a4d198fea6b,2021_Kelly,AC-5e5c956882423f52,BLOCK-4494eb5738fce47c,3,BLOCK-4494eb5738fce47c
SSCP-8bc274ec72e91353,MOL-9eedf84991d522bb,2020_Townsend,AC-78305ee2e743b795,BLOCK-513383ed86a73488,5,BLOCK-513383ed86a73488
SSCP-8bc65126500af247,MOL-bee1bc63221a57b3,2021_Kelly,AC-5e5c956882423f52,BLOCK-4494eb5738fce47c,3,BLOCK-4494eb5738fce47c
SSCP-8bd9571061c4cc8a,MOL-fcb006b24c5837a2,2015_Wang,AC-3912d05a4a2ac3ab,BLOCK-513383ed86a73488,5,BLOCK-513383ed86a73488
SSCP-8bd9b32511292f19,MOL-ebc7345ee7c6527f,2020_Townsend,AC-78305ee2e743b795,BLOCK-513383ed86a73488,5,BLOCK-513383ed86a73488
SSCP-8bdcbe39db73716d,MOL-d864d8ae6b0b8e74,2013_CHUGAI,AC-7e36b0946cc8ee5d,BLOCK-5c361cba45039733,7,BLOCK-5c361cba45039733
SSCP-8bde97d1fb536da7,MOL-5ea02669177abf6b,2015_Wang,AC-3912d05a4a2ac3ab,BLOCK-513383ed86a73488,5,BLOCK-513383ed86a73488
SSCP-8be5b9c5ed1b32ac,MOL-bbbccdefe2928e10,2020_Townsend,AC-78305ee2e743b795,BLOCK-513383ed86a73488,5,BLOCK-513383ed86a73488
SSCP-8be96299ff4a7497,MOL-7b3424acf0ac0112,2020_Townsend,AC-78305ee2e743b795,BLOCK-513383ed86a73488,5,BLOCK-513383ed86a73488
SSCP-8bf27c7f47054158,MOL-d61d9eeb0f83e254,2013_CHUGAI,AC-9915a59ccaa1a737,BLOCK-5c361cba45039733,7,BLOCK-5c361cba45039733
SSCP-8bf7f68301aea624,MOL-8a71bb0aaa257b4c,2021_Comeau,AC-b74b4d5565722d16,BLOCK-bb4bcb852b735057,12,BLOCK-bb4bcb852b735057
SSCP-8bf9cf4ab3eae7bb,MOL-c028e9f927bf82d5,2020_Townsend,AC-78305ee2e743b795,BLOCK-513383ed86a73488,5,BLOCK-513383ed86a73488
SSCP-8c04cbfdc8351880,MOL-14da3c8b84eba20c,2020_Townsend,AC-78305ee2e743b795,BLOCK-513383ed86a73488,5,BLOCK-513383ed86a73488
SSCP-8c08ae3770800a6c,MOL-987695b0e01c7aa2,2021_Kelly,AC-5e5c956882423f52,BLOCK-4494eb5738fce47c,3,BLOCK-4494eb5738fce47c
SSCP-8c0e5b66ebf016f2,MOL-2bab8088c81c4dde,2020_Townsend,AC-78305ee2e743b795,BLOCK-513383ed86a73488,5,BLOCK-513383ed86a73488
SSCP-8c322fe41faf94ac,MOL-4d2640d0864c919c,2013_CHUGAI,AC-cf95401a5715faa6,BLOCK-5c361cba45039733,7,BLOCK-5c361cba45039733
SSCP-8c40713cee28032b,MOL-ef7877fb6f35e311,2020_Townsend,AC-78305ee2e743b795,BLOCK-513383ed86a73488,5,BLOCK-513383ed86a73488
SSCP-8c4fbf47275b83db,MOL-1d220ebbab62947c,2020_Townsend,AC-78305ee2e743b795,BLOCK-513383ed86a73488,5,BLOCK-513383ed86a73488
SSCP-8c6601d31ab7bd90,MOL-d76b2e0d305ad0e4,2018_García-Pindado,AC-e5b0fd6386d20fca,BLOCK-5ddb30f65478f699,8,BLOCK-5ddb30f65478f699
SSCP-8c7979d0ec931dfa,MOL-8beb17fb1f2cccd5,2016_Furukawa,AC-78305ee2e743b795,BLOCK-513383ed86a73488,5,BLOCK-513383ed86a73488
SSCP-8c8fe662c046c212,MOL-04e7e5ab37c80821,2020_Townsend,AC-78305ee2e743b795,BLOCK-513383ed86a73488,5,BLOCK-513383ed86a73488
SSCP-8c9513230a2bf4d2,MOL-4121ff8276a0c6d6,2021_Kelly,AC-ac7e5d0036401990,BLOCK-4494eb5738fce47c,3,BLOCK-4494eb5738fce47c
SSCP-8c9920152c5a558b,MOL-bafc27fdca3fd8a8,2020_Townsend,AC-78305ee2e743b795,BLOCK-513383ed86a73488,5,BLOCK-513383ed86a73488
SSCP-8c99a842dec28551,MOL-f8f92991a197d763,2022_Bhardwaj,AC-c112c0f22ec804bb,BLOCK-513383ed86a73488,5,BLOCK-513383ed86a73488
SSCP-8c9a156ff3be6065,MOL-5dbd438422ce1e8e,2020_Townsend,AC-78305ee2e743b795,BLOCK-513383ed86a73488,5,BLOCK-513383ed86a73488
SSCP-8ca33c0c02732b8b,MOL-53d7f2205f07c841,2020_Townsend,AC-78305ee2e743b795,BLOCK-513383ed86a73488,5,BLOCK-513383ed86a73488
SSCP-8ca7bdb5c4580086,MOL-653f9765dfdfd1bd,2020_Townsend,AC-78305ee2e743b795,BLOCK-513383ed86a73488,5,BLOCK-513383ed86a73488
SSCP-8cac6e2e949fa46d,MOL-064db116a9fe6e0e,2020_Townsend,AC-78305ee2e743b795,BLOCK-513383ed86a73488,5,BLOCK-513383ed86a73488
SSCP-8cb15d3d9114ae51,MOL-054b84eac5f249eb,2020_Townsend,AC-78305ee2e743b795,BLOCK-513383ed86a73488,5,BLOCK-513383ed86a73488
SSCP-8cb2baffd0cea5a6,MOL-bf8f7b8d206f64ee,2021_Kelly,AC-5e5c956882423f52,BLOCK-4494eb5738fce47c,3,BLOCK-4494eb5738fce47c
SSCP-8cb7665ca135bce7,MOL-6ead4dc5692ae17f,2022_Taechalertpaisarn,AC-78305ee2e743b795,BLOCK-513383ed86a73488,5,BLOCK-513383ed86a73488
SSCP-8cbc90eee8f9c342,MOL-b0c11c3c9da03451,2013_CHUGAI,AC-cf95401a5715faa6,BLOCK-5c361cba45039733,7,BLOCK-5c361cba45039733
SSCP-8cd890be105529ec,MOL-f860cd8c1a42bc77,2020_Townsend,AC-78305ee2e743b795,BLOCK-513383ed86a73488,5,BLOCK-513383ed86a73488
SSCP-8cec2832d002f84c,MOL-b27a454f0bb7d201,2021_Kelly,AC-5e5c956882423f52,BLOCK-4494eb5738fce47c,3,BLOCK-4494eb5738fce47c
SSCP-8cf346c312708524,MOL-74aacadb8ee4aad0,2020_Townsend,AC-78305ee2e743b795,BLOCK-513383ed86a73488,5,BLOCK-513383ed86a73488
SSCP-8cf5282a85d92f72,MOL-ece6608b63300cec,2020_Townsend,AC-78305ee2e743b795,BLOCK-513383ed86a73488,5,BLOCK-513383ed86a73488
SSCP-8cf556e869ef53ac,MOL-87f1be5087dbd6af,2016_Furukawa,AC-78305ee2e743b795,BLOCK-513383ed86a73488,5,BLOCK-513383ed86a73488
SSCP-8cf8aa6144282738,MOL-fee5f45e613b644b,2013_CHUGAI,AC-cf95401a5715faa6,BLOCK-5c361cba45039733,7,BLOCK-5c361cba45039733
SSCP-8cfe70e3b37281ab,MOL-91da4f4e5a5ca113,2020_Townsend,AC-78305ee2e743b795,BLOCK-513383ed86a73488,5,BLOCK-513383ed86a73488
SSCP-8d0882cacf834371,MOL-56fa2cf20f00baf0,2020_Townsend,AC-78305ee2e743b795,BLOCK-513383ed86a73488,5,BLOCK-513383ed86a73488
SSCP-8d201aa4cd5ecb0f,MOL-d30c9e3c3dd90fdc,2013_CHUGAI,AC-cf95401a5715faa6,BLOCK-5c361cba45039733,7,BLOCK-5c361cba45039733
SSCP-8d213d61c0b1f085,MOL-d496e85f9245334f,2022_Bhardwaj,AC-81819aec4fcac5b0,BLOCK-513383ed86a73488,5,BLOCK-513383ed86a73488
SSCP-8d2f2a16ff73fc00,MOL-2e67cdfe7b715c9d,2020_Townsend,AC-78305ee2e743b795,BLOCK-513383ed86a73488,5,BLOCK-513383ed86a73488
SSCP-8d37dde5999b7c92,MOL-fe3682a912222ebc,2021_Kelly,AC-5e5c956882423f52,BLOCK-4494eb5738fce47c,3,BLOCK-4494eb5738fce47c
SSCP-8d46d5004756f506,MOL-0a3085042a4f8832,2021_Kelly,AC-5e5c956882423f52,BLOCK-4494eb5738fce47c,3,BLOCK-4494eb5738fce47c
SSCP-8d58b948f6bbe67d,MOL-dc4b629fd642c967,2021_Kelly,AC-5e5c956882423f52,BLOCK-4494eb5738fce47c,3,BLOCK-4494eb5738fce47c
SSCP-8d5a09ccce0e5e8e,MOL-efc5eece46d9825a,2020_Townsend,AC-78305ee2e743b795,BLOCK-513383ed86a73488,5,BLOCK-513383ed86a73488
SSCP-8d5e3bbc2b7a0aef,MOL-0fb434d35a59cc83,2020_Townsend,AC-78305ee2e743b795,BLOCK-513383ed86a73488,5,BLOCK-513383ed86a73488
SSCP-8d6211175c5ec7c9,MOL-2c2e581b06dbd266,2020_Townsend,AC-78305ee2e743b795,BLOCK-513383ed86a73488,5,BLOCK-513383ed86a73488
SSCP-8d63bbce652c8c96,MOL-b565ee70fdfad2c1,2013_CHUGAI,AC-cf95401a5715faa6,BLOCK-5c361cba45039733,7,BLOCK-5c361cba45039733
SSCP-8d72c6fc0407300f,MOL-06aade840206aff2,2016_Furukawa,AC-78305ee2e743b795,BLOCK-513383ed86a73488,5,BLOCK-513383ed86a73488
SSCP-8d83a04233f9df0c,MOL-d1fa462a69421d0c,2020_Townsend,AC-78305ee2e743b795,BLOCK-513383ed86a73488,5,BLOCK-513383ed86a73488
SSCP-8d8d2e5dc17651ef,MOL-46f66cb8b97f3b3c,2020_Townsend,AC-78305ee2e743b795,BLOCK-513383ed86a73488,5,BLOCK-513383ed86a73488
SSCP-8d9036cd47b60c77,MOL-704085542e34cc4d,2021_Kelly,AC-5e5c956882423f52,BLOCK-4494eb5738fce47c,3,BLOCK-4494eb5738fce47c
SSCP-8d9276a72a72de33,MOL-cb25dc732b8a17f3,2024_Faris,AC-e82e3e242d3d320c,BLOCK-c5e520eb3b94ff25,15,BLOCK-c5e520eb3b94ff25
SSCP-8d92fe5961a4a83b,MOL-5c95f22dd9d02cf7,2013_CHUGAI,AC-9915a59ccaa1a737,BLOCK-5c361cba45039733,7,BLOCK-5c361cba45039733
SSCP-8d9717730e50339b,MOL-dc50aea3a3946383,2024_Faris,AC-e82e3e242d3d320c,BLOCK-c5e520eb3b94ff25,15,BLOCK-c5e520eb3b94ff25
SSCP-8d9850f291a3822a,MOL-5b11aca4ea900114,2017_Pye,AC-9fabc791bd5e32a1,BLOCK-2c0090ee1dd5b17e,1,BLOCK-2c0090ee1dd5b17e
SSCP-8d9f29507558369c,MOL-b8d69ebbc5fb284e,2016_Furukawa,AC-78305ee2e743b795,BLOCK-513383ed86a73488,5,BLOCK-513383ed86a73488
SSCP-8da719d4b30623a1,MOL-e07fba4f3d6b5c7c,2020_Townsend,AC-78305ee2e743b795,BLOCK-513383ed86a73488,5,BLOCK-513383ed86a73488
SSCP-8da7c7308243a86a,MOL-8a78d5f30b6164cd,2020_Townsend,AC-78305ee2e743b795,BLOCK-513383ed86a73488,5,BLOCK-513383ed86a73488
SSCP-8da8d355ad8580ad,MOL-7826f01ea679ebd3,2016_Furukawa,AC-78305ee2e743b795,BLOCK-513383ed86a73488,5,BLOCK-513383ed86a73488
SSCP-8db1848162102365,MOL-fcbab6dcd59aa4a3,2021_Kelly,AC-5e5c956882423f52,BLOCK-4494eb5738fce47c,3,BLOCK-4494eb5738fce47c
SSCP-8db6e684d1ad617d,MOL-cb2a248a14d43bdb,2013_CHUGAI,AC-cf95401a5715faa6,BLOCK-5c361cba45039733,7,BLOCK-5c361cba45039733
SSCP-8dba166665ec97de,MOL-d2aacbc4971b9400,2021_Kelly,AC-5e5c956882423f52,BLOCK-4494eb5738fce47c,3,BLOCK-4494eb5738fce47c
SSCP-8dce5b95fa66f164,MOL-7ad8f65303d1739c,2016_Furukawa,AC-78305ee2e743b795,BLOCK-513383ed86a73488,5,BLOCK-513383ed86a73488
SSCP-8ddf135d4bf48bdf,MOL-7f010d41539c273b,2021_Kelly,AC-ac7e5d0036401990,BLOCK-4494eb5738fce47c,3,BLOCK-4494eb5738fce47c
SSCP-8def514f3b440bde,MOL-b26e150c1479d6fc,2021_Kelly,AC-5e5c956882423f52,BLOCK-4494eb5738fce47c,3,BLOCK-4494eb5738fce47c
SSCP-8dfdbf929bbb4ed8,MOL-fde380e15a65b187,2020_Townsend,AC-78305ee2e743b795,BLOCK-513383ed86a73488,5,BLOCK-513383ed86a73488
SSCP-8e06d93ddc59a01f,MOL-1b62417233a47832,2020_Townsend,AC-78305ee2e743b795,BLOCK-513383ed86a73488,5,BLOCK-513383ed86a73488
SSCP-8e1787037e6e0b46,MOL-a75b3b83ca259883,2021_Kelly,AC-5e5c956882423f52,BLOCK-4494eb5738fce47c,3,BLOCK-4494eb5738fce47c
SSCP-8e18c89d72193bac,MOL-a1ff820e1f7e7de3,2021_Kelly,AC-5e5c956882423f52,BLOCK-4494eb5738fce47c,3,BLOCK-4494eb5738fce47c
SSCP-8e1e9b24851173d4,MOL-445b37d6ab11c3b6,2021_Kelly,AC-ac7e5d0036401990,BLOCK-4494eb5738fce47c,3,BLOCK-4494eb5738fce47c
SSCP-8e33023e4b7213ec,MOL-8010b67bca99c86c,2006_Rezai_2,AC-e521a6b3b6226405,BLOCK-4acd8e0f532c9eb9,4,BLOCK-4acd8e0f532c9eb9
SSCP-8e386227356e854f,MOL-706ce9a8a3ee9279,2020_Townsend,AC-78305ee2e743b795,BLOCK-513383ed86a73488,5,BLOCK-513383ed86a73488
SSCP-8e38ea335a0fedef,MOL-ab550c552a9d4ea2,2020_Townsend,AC-78305ee2e743b795,BLOCK-513383ed86a73488,5,BLOCK-513383ed86a73488
SSCP-8e3a250b1d041504,MOL-1c53adfc51966587,2020_Townsend,AC-78305ee2e743b795,BLOCK-513383ed86a73488,5,BLOCK-513383ed86a73488
SSCP-8e3bb2cebf14a700,MOL-e737176b28cfcd21,2020_Townsend,AC-78305ee2e743b795,BLOCK-513383ed86a73488,5,BLOCK-513383ed86a73488
SSCP-8e42757a8efda1b2,MOL-672a62a2261d0cf5,2022_Taechalertpaisarn,AC-78305ee2e743b795,BLOCK-513383ed86a73488,5,BLOCK-513383ed86a73488
SSCP-8e48a0a6fc107f13,MOL-c4d1ca8ecb2123fe,2013_CHUGAI,AC-8d432e20b37fe68a,BLOCK-5c361cba45039733,7,BLOCK-5c361cba45039733
SSCP-8e4aa62cbce581a5,MOL-4354a35991e6d042,2016_Furukawa,AC-78305ee2e743b795,BLOCK-513383ed86a73488,5,BLOCK-513383ed86a73488
SSCP-8e4f451a56081405,MOL-1438b0dd880869bb,2015_Bockus_1,AC-065154b409531fcc,BLOCK-513383ed86a73488,5,BLOCK-513383ed86a73488
SSCP-8e5048fe7539060e,MOL-a09cf193440a8cc9,2024_Otani,AC-11a24b60c76c2ff1,BLOCK-e729b0aa52978c75,17,BLOCK-e729b0aa52978c75
SSCP-8e606ced5cbaa26b,MOL-9147a3b1adac1886,2013_CHUGAI,AC-cf95401a5715faa6,BLOCK-5c361cba45039733,7,BLOCK-5c361cba45039733
SSCP-8e6e95bd7d030236,MOL-cb376a287fb89cd8,2013_CHUGAI,AC-cf95401a5715faa6,BLOCK-5c361cba45039733,7,BLOCK-5c361cba45039733
SSCP-8e768b522c1939c0,MOL-402cacaa9129e83d,2024_Faris,AC-e82e3e242d3d320c,BLOCK-c5e520eb3b94ff25,15,BLOCK-c5e520eb3b94ff25
SSCP-8e93dac81a4b28fd,MOL-ba6ec8cb45991490,2021_Kelly,AC-5e5c956882423f52,BLOCK-4494eb5738fce47c,3,BLOCK-4494eb5738fce47c
SSCP-8e9a301971cf6122,MOL-933b5352a8718727,2021_Kelly,AC-5e5c956882423f52,BLOCK-4494eb5738fce47c,3,BLOCK-4494eb5738fce47c
SSCP-8ea2f1e461b1b494,MOL-4d5765a7b7bbd067,2020_Townsend,AC-78305ee2e743b795,BLOCK-513383ed86a73488,5,BLOCK-513383ed86a73488
SSCP-8eab2c147bfc6f9e,MOL-b6d3eece333809c8,2020_Townsend,AC-78305ee2e743b795,BLOCK-513383ed86a73488,5,BLOCK-513383ed86a73488
SSCP-8ed3791f740e6783,MOL-9760459350fee208,2015_Ahlbach,AC-361bbb197add489f,BLOCK-513383ed86a73488,5,BLOCK-513383ed86a73488
SSCP-8ed3a4571b8d0579,MOL-4aba44a7faf364eb,2013_CHUGAI,AC-73597da6750968cf,BLOCK-5c361cba45039733,7,BLOCK-5c361cba45039733
SSCP-8ee5e8d5cd7f950a,MOL-46c1777830f526eb,2020_Townsend,AC-78305ee2e743b795,BLOCK-513383ed86a73488,5,BLOCK-513383ed86a73488
SSCP-8ee7e860144dd1d1,MOL-f803a804172672d1,2021_Kelly,AC-5e5c956882423f52,BLOCK-4494eb5738fce47c,3,BLOCK-4494eb5738fce47c
SSCP-8f0a9adcc1206a71,MOL-f146ab8095e01235,2013_CHUGAI,AC-cf4fa17abcfe6c8e,BLOCK-5c361cba45039733,7,BLOCK-5c361cba45039733
SSCP-8f0c3d4dcfa95940,MOL-1580725006773c21,2021_Kelly,AC-5e5c956882423f52,BLOCK-4494eb5738fce47c,3,BLOCK-4494eb5738fce47c
SSCP-8f271cbab24b4d01,MOL-4f9f1326adf3c911,2020_Townsend,AC-78305ee2e743b795,BLOCK-513383ed86a73488,5,BLOCK-513383ed86a73488
SSCP-8f2760f9d2c9c77d,MOL-4890d41d98e80015,2020_Townsend,AC-78305ee2e743b795,BLOCK-513383ed86a73488,5,BLOCK-513383ed86a73488
SSCP-8f34f661db207cd7,MOL-515a49aeed9c3d02,2021_Kelly,AC-5e5c956882423f52,BLOCK-4494eb5738fce47c,3,BLOCK-4494eb5738fce47c
SSCP-8f3ce1b3814ad26f,MOL-50f5aa542e8dda19,2020_Townsend,AC-78305ee2e743b795,BLOCK-513383ed86a73488,5,BLOCK-513383ed86a73488
SSCP-8f4b6ce82f72c7c9,MOL-3f959ff7f864789e,2024_Faris,AC-e82e3e242d3d320c,BLOCK-c5e520eb3b94ff25,15,BLOCK-c5e520eb3b94ff25
SSCP-8f4fbf4f6666b680,MOL-8d3ea8d7565294e6,2013_CHUGAI,AC-cf95401a5715faa6,BLOCK-5c361cba45039733,7,BLOCK-5c361cba45039733
SSCP-8f59350109d6b47a,MOL-113d9f121c939a30,2020_Townsend,AC-78305ee2e743b795,BLOCK-513383ed86a73488,5,BLOCK-513383ed86a73488
SSCP-8f5e309802dd3d1a,MOL-4017613e50024bcb,2013_CHUGAI,AC-cf95401a5715faa6,BLOCK-5c361cba45039733,7,BLOCK-5c361cba45039733
SSCP-8f601b715661043f,MOL-94082ca5f348348c,2020_Townsend,AC-78305ee2e743b795,BLOCK-513383ed86a73488,5,BLOCK-513383ed86a73488
SSCP-8f6232435eabf10a,MOL-cfb3b4ea78260cf8,2020_Townsend,AC-78305ee2e743b795,BLOCK-513383ed86a73488,5,BLOCK-513383ed86a73488
SSCP-8f6cd77689c64b1b,MOL-64890732571c901e,2021_Kelly,AC-ac7e5d0036401990,BLOCK-4494eb5738fce47c,3,BLOCK-4494eb5738fce47c
SSCP-8f759a8855eb6841,MOL-b8a91a57ce659ef5,2024_Faris,AC-e82e3e242d3d320c,BLOCK-c5e520eb3b94ff25,15,BLOCK-c5e520eb3b94ff25
SSCP-8f83ca55c0250c75,MOL-00ecb246417ff399,2013_CHUGAI,AC-0b95e274d555984c,BLOCK-5c361cba45039733,7,BLOCK-5c361cba45039733
SSCP-8f8c12f42a5203ef,MOL-faf7a3445c22a446,2020_Townsend,AC-78305ee2e743b795,BLOCK-513383ed86a73488,5,BLOCK-513383ed86a73488
SSCP-8f91ab64982e33de,MOL-6331f605cd69bdee,2021_Kelly,AC-5e5c956882423f52,BLOCK-4494eb5738fce47c,3,BLOCK-4494eb5738fce47c
SSCP-8f97b08ef6f7d04f,MOL-3068074ac0d2ae1e,2021_Kelly,AC-5e5c956882423f52,BLOCK-4494eb5738fce47c,3,BLOCK-4494eb5738fce47c
SSCP-8f97f434bc2b6f4e,MOL-9abb4f2c8dba5a1e,2020_Townsend,AC-78305ee2e743b795,BLOCK-513383ed86a73488,5,BLOCK-513383ed86a73488
SSCP-8f9d63812b1ccb76,MOL-15bda66919091db7,2020_Townsend,AC-78305ee2e743b795,BLOCK-513383ed86a73488,5,BLOCK-513383ed86a73488
SSCP-8fa2e24e73c97711,MOL-3047c1464360850d,2016_Furukawa,AC-78305ee2e743b795,BLOCK-513383ed86a73488,5,BLOCK-513383ed86a73488
SSCP-8fad15e0086a6182,MOL-063e4cc2cb3365cf,2020_Townsend,AC-78305ee2e743b795,BLOCK-513383ed86a73488,5,BLOCK-513383ed86a73488
SSCP-8fb22d6c9770ef29,MOL-478a5ad3498173bd,2020_Townsend,AC-78305ee2e743b795,BLOCK-513383ed86a73488,5,BLOCK-513383ed86a73488
SSCP-8fbb91103e5d1595,MOL-96905992b34c46e0,2020_Townsend,AC-78305ee2e743b795,BLOCK-513383ed86a73488,5,BLOCK-513383ed86a73488
SSCP-8fbc48116aa3b604,MOL-ba480c45ca9d64ed,2020_Townsend,AC-78305ee2e743b795,BLOCK-513383ed86a73488,5,BLOCK-513383ed86a73488
SSCP-8fbd1b09d9a4b3af,MOL-254e9866b2f29d4b,2020_Townsend,AC-78305ee2e743b795,BLOCK-513383ed86a73488,5,BLOCK-513383ed86a73488
SSCP-8fbecb18173d1be4,MOL-fac47aa6c0b22757,2021_Kelly,AC-5e5c956882423f52,BLOCK-4494eb5738fce47c,3,BLOCK-4494eb5738fce47c
SSCP-8fcb0c787d83667a,MOL-296e31858d223d09,2020_Townsend,AC-78305ee2e743b795,BLOCK-513383ed86a73488,5,BLOCK-513383ed86a73488
SSCP-8fcb8f79c721b2d0,MOL-872c14bb0e27b0ab,2021_Kelly,AC-5e5c956882423f52,BLOCK-4494eb5738fce47c,3,BLOCK-4494eb5738fce47c
SSCP-8fcf066662e4581a,MOL-d7cc2709e625aede,2019_Ono,AC-78305ee2e743b795,BLOCK-513383ed86a73488,5,BLOCK-513383ed86a73488
SSCP-8fd02211cb5d822c,MOL-3c19d523e01c4680,2020_Townsend,AC-78305ee2e743b795,BLOCK-513383ed86a73488,5,BLOCK-513383ed86a73488
SSCP-8fd66f960bfbd5c9,MOL-4d446f2088fff4d8,2020_Townsend,AC-78305ee2e743b795,BLOCK-513383ed86a73488,5,BLOCK-513383ed86a73488
SSCP-8fdfb01217b5683e,MOL-29896f1520d81ae6,2020_Townsend,AC-78305ee2e743b795,BLOCK-513383ed86a73488,5,BLOCK-513383ed86a73488
SSCP-8fe286a9345df78a,MOL-29f604985c3887a8,2020_Townsend,AC-78305ee2e743b795,BLOCK-513383ed86a73488,5,BLOCK-513383ed86a73488
SSCP-8fea73cb63066b45,MOL-aeb1ff8c9682c0a1,2021_Kelly,AC-5e5c956882423f52,BLOCK-4494eb5738fce47c,3,BLOCK-4494eb5738fce47c
SSCP-8ffd7658b00a3b9a,MOL-6ed46c7714c64e4d,2013_CHUGAI,AC-be5d64c53a5c8949,BLOCK-5c361cba45039733,7,BLOCK-5c361cba45039733
SSCP-90068efce083eda3,MOL-cce5c6e535180200,2020_Townsend,AC-78305ee2e743b795,BLOCK-513383ed86a73488,5,BLOCK-513383ed86a73488
SSCP-9009169d1cf93971,MOL-3f6da6e4d5994175,2020_Townsend,AC-78305ee2e743b795,BLOCK-513383ed86a73488,5,BLOCK-513383ed86a73488
SSCP-90093f20424369aa,MOL-9eb8e41de2ddf6e6,2021_Kelly,AC-5e5c956882423f52,BLOCK-4494eb5738fce47c,3,BLOCK-4494eb5738fce47c
SSCP-90167a317bb1bba1,MOL-5102e4ed52ed9d95,2021_Kelly,AC-5e5c956882423f52,BLOCK-4494eb5738fce47c,3,BLOCK-4494eb5738fce47c
SSCP-90195965a83590b8,MOL-802ca7696473cd8e,2021_Kelly,AC-5e5c956882423f52,BLOCK-4494eb5738fce47c,3,BLOCK-4494eb5738fce47c
SSCP-901e50ab9dbbb216,MOL-aea0df513d995dc1,2020_Townsend,AC-78305ee2e743b795,BLOCK-513383ed86a73488,5,BLOCK-513383ed86a73488
SSCP-90277585f8d1b6ca,MOL-4b23950efcdf23cf,2021_Kelly,AC-6d3257a2b83e15dc,BLOCK-4494eb5738fce47c,3,BLOCK-4494eb5738fce47c
SSCP-902c508d311d035a,MOL-9ebff228a94012e3,2016_Furukawa,AC-78305ee2e743b795,BLOCK-513383ed86a73488,5,BLOCK-513383ed86a73488
SSCP-902cdd1b969a3b97,MOL-0a948e59265afc7a,2020_Townsend,AC-78305ee2e743b795,BLOCK-513383ed86a73488,5,BLOCK-513383ed86a73488
SSCP-90549f983c761a5e,MOL-3ceabda30041bfbb,2021_Kelly,AC-5e5c956882423f52,BLOCK-4494eb5738fce47c,3,BLOCK-4494eb5738fce47c
SSCP-90699ac5e563a7a4,MOL-ecf70583d38bbbdf,2022_Bhardwaj,AC-fc44a9033bf64f3a,BLOCK-513383ed86a73488,5,BLOCK-513383ed86a73488
SSCP-9072cbbbb9271e07,MOL-a22b464b3ee8b90d,2020_Townsend,AC-78305ee2e743b795,BLOCK-513383ed86a73488,5,BLOCK-513383ed86a73488
SSCP-907defa035dfc7d5,MOL-7ca2c27d061c68a6,2022_Bhardwaj,AC-03ae6ee8c25e9ed1,BLOCK-513383ed86a73488,5,BLOCK-513383ed86a73488
SSCP-90851cbeb8f70cad,MOL-d6f428a5da56bde1,2020_Le Roux,AC-b74b4d5565722d16,BLOCK-bb4bcb852b735057,12,BLOCK-bb4bcb852b735057
SSCP-908631cc6ab0fbbf,MOL-105bb01b3da5ca72,2020_Townsend,AC-78305ee2e743b795,BLOCK-513383ed86a73488,5,BLOCK-513383ed86a73488
SSCP-9094f8e22f63cf84,MOL-6e73f7715ca730ce,2020_Townsend,AC-78305ee2e743b795,BLOCK-513383ed86a73488,5,BLOCK-513383ed86a73488
SSCP-909e755eae26a46f,MOL-91eb48b02c32a09b,2021_Kelly,AC-5e5c956882423f52,BLOCK-4494eb5738fce47c,3,BLOCK-4494eb5738fce47c
SSCP-909f9a58145e8910,MOL-bed7a010b46c8bed,2020_Townsend,AC-78305ee2e743b795,BLOCK-513383ed86a73488,5,BLOCK-513383ed86a73488
SSCP-90a14e0a5b21e8e4,MOL-5a479f2b6632ecae,2020_Townsend,AC-78305ee2e743b795,BLOCK-513383ed86a73488,5,BLOCK-513383ed86a73488
SSCP-90b08133327889e3,MOL-926da5a72a9d0837,2020_Townsend,AC-78305ee2e743b795,BLOCK-513383ed86a73488,5,BLOCK-513383ed86a73488
SSCP-90b16342f4b95766,MOL-f92ffd21e0b20ec7,2020_Townsend,AC-78305ee2e743b795,BLOCK-513383ed86a73488,5,BLOCK-513383ed86a73488
SSCP-90bbc8009789f04d,MOL-1e57654200204e6c,2020_Townsend,AC-78305ee2e743b795,BLOCK-513383ed86a73488,5,BLOCK-513383ed86a73488
SSCP-90c7863cc61efd22,MOL-f84d7b54490444d7,2018_Naylor,AC-78305ee2e743b795,BLOCK-513383ed86a73488,5,BLOCK-513383ed86a73488
SSCP-90d17f323138de7b,MOL-d494bb2b39d30df6,2021_Kelly,AC-ac7e5d0036401990,BLOCK-4494eb5738fce47c,3,BLOCK-4494eb5738fce47c
SSCP-90d63facdb1967d3,MOL-704143dce540a6c4,2020_Townsend,AC-78305ee2e743b795,BLOCK-513383ed86a73488,5,BLOCK-513383ed86a73488
SSCP-90d7a129bfdf463c,MOL-7d928b622928f587,2021_Kelly,AC-5e5c956882423f52,BLOCK-4494eb5738fce47c,3,BLOCK-4494eb5738fce47c
SSCP-90d97309e1f9d8f1,MOL-6736401a8c844e1f,2015_Wang,AC-78305ee2e743b795,BLOCK-513383ed86a73488,5,BLOCK-513383ed86a73488
SSCP-90ec06138c1f1632,MOL-95daa6ab4d8ccaa2,2023_Ghosh,AC-eef1d0c78351235e,BLOCK-513383ed86a73488,5,BLOCK-513383ed86a73488
SSCP-90f1afccabab3f59,MOL-b09925583b8c94a9,2020_Townsend,AC-78305ee2e743b795,BLOCK-513383ed86a73488,5,BLOCK-513383ed86a73488
SSCP-90f9784ed10753e6,MOL-58ef2c9e218d5c8c,2020_Le Roux,AC-b74b4d5565722d16,BLOCK-bb4bcb852b735057,12,BLOCK-bb4bcb852b735057
SSCP-910e5124f37a614a,MOL-8f1187714d3ed749,2016_Furukawa,AC-78305ee2e743b795,BLOCK-513383ed86a73488,5,BLOCK-513383ed86a73488
SSCP-91137d7d94c5abb9,MOL-057ed663930b635a,2020_Townsend,AC-78305ee2e743b795,BLOCK-513383ed86a73488,5,BLOCK-513383ed86a73488
SSCP-9115aa4b9d3f97bb,MOL-820c6d42278f83ce,2020_Townsend,AC-78305ee2e743b795,BLOCK-513383ed86a73488,5,BLOCK-513383ed86a73488
SSCP-91267085e4d3e4e4,MOL-2a36d4e0ed2df2c8,2020_Townsend,AC-78305ee2e743b795,BLOCK-513383ed86a73488,5,BLOCK-513383ed86a73488
SSCP-912b067574b6e2a2,MOL-cc8bd51109a7a140,2020_Townsend,AC-78305ee2e743b795,BLOCK-513383ed86a73488,5,BLOCK-513383ed86a73488
SSCP-912e747dd7c5250a,MOL-6d41913e9bad2ee8,2021_Kelly,AC-5e5c956882423f52,BLOCK-4494eb5738fce47c,3,BLOCK-4494eb5738fce47c
SSCP-912f9cf7200f28c2,MOL-ae21228880756173,2016_Furukawa,AC-78305ee2e743b795,BLOCK-513383ed86a73488,5,BLOCK-513383ed86a73488
SSCP-913296ebf4fd76bd,MOL-876b797f90f18412,2020_Townsend,AC-78305ee2e743b795,BLOCK-513383ed86a73488,5,BLOCK-513383ed86a73488
SSCP-9136750a3a059d81,MOL-0110b4b5a8be995e,2016_Furukawa,AC-78305ee2e743b795,BLOCK-513383ed86a73488,5,BLOCK-513383ed86a73488
SSCP-91493ae1326dd96c,MOL-e57e61d298545af4,2020_Townsend,AC-78305ee2e743b795,BLOCK-513383ed86a73488,5,BLOCK-513383ed86a73488
SSCP-91505f1d1b35d053,MOL-f24dce0117d72fd1,2020_Townsend,AC-78305ee2e743b795,BLOCK-513383ed86a73488,5,BLOCK-513383ed86a73488
SSCP-9159e4e4de54abf6,MOL-28ddfc20a4dfc243,2021_Kelly,AC-5e5c956882423f52,BLOCK-4494eb5738fce47c,3,BLOCK-4494eb5738fce47c
SSCP-91635f53ae23c219,MOL-f203b7ac88431efc,2021_Kelly,AC-5e5c956882423f52,BLOCK-4494eb5738fce47c,3,BLOCK-4494eb5738fce47c
SSCP-916a79be4eece91e,MOL-0e0ccf5f38df94c3,2021_Kelly,AC-5e5c956882423f52,BLOCK-4494eb5738fce47c,3,BLOCK-4494eb5738fce47c
SSCP-917e50c0fbd76e69,MOL-9407236cf798d638,2021_Kelly,AC-6d3257a2b83e15dc,BLOCK-4494eb5738fce47c,3,BLOCK-4494eb5738fce47c
SSCP-919f99b329cdf8cc,MOL-d9148cd688bc5c60,2020_Le Roux,AC-b74b4d5565722d16,BLOCK-bb4bcb852b735057,12,BLOCK-bb4bcb852b735057
SSCP-91b43fd51519bc76,MOL-6afb963e5a1fde00,2020_Townsend,AC-78305ee2e743b795,BLOCK-513383ed86a73488,5,BLOCK-513383ed86a73488
SSCP-91dc81bbbb3208f4,MOL-3cc38bf5289fc1e9,2018_Naylor,AC-78305ee2e743b795,BLOCK-513383ed86a73488,5,BLOCK-513383ed86a73488
SSCP-91e58abc9dbe0bdf,MOL-d5a04f980b8be45b,2020_Townsend,AC-78305ee2e743b795,BLOCK-513383ed86a73488,5,BLOCK-513383ed86a73488
SSCP-91e6786f75ab8508,MOL-be6d07e14819361b,2022_Taechalertpaisarn,AC-78305ee2e743b795,BLOCK-513383ed86a73488,5,BLOCK-513383ed86a73488
SSCP-91f3f99696730eb4,MOL-a4e9960753bd1a60,2013_CHUGAI,AC-cf95401a5715faa6,BLOCK-5c361cba45039733,7,BLOCK-5c361cba45039733
SSCP-92064160e999c2f3,MOL-bbb41599e5354d36,2020_Townsend,AC-78305ee2e743b795,BLOCK-513383ed86a73488,5,BLOCK-513383ed86a73488
SSCP-920e73914be6f0c5,MOL-39bb21bfb7153a0d,2024_Faris,AC-e82e3e242d3d320c,BLOCK-c5e520eb3b94ff25,15,BLOCK-c5e520eb3b94ff25
SSCP-921f07c2439c92bf,MOL-781da6b012ae5dcb,2013_CHUGAI,AC-cf95401a5715faa6,BLOCK-5c361cba45039733,7,BLOCK-5c361cba45039733
SSCP-9231e03984b0c9b1,MOL-3ade883b530d599a,2020_Townsend,AC-78305ee2e743b795,BLOCK-513383ed86a73488,5,BLOCK-513383ed86a73488
SSCP-923324cbf923d232,MOL-6b3b76ed5e32e121,2021_Kelly,AC-6d3257a2b83e15dc,BLOCK-4494eb5738fce47c,3,BLOCK-4494eb5738fce47c
SSCP-9267299435194b0f,MOL-45be6d2d77ab72f2,2020_Barlow,AC-741ab05286c210ec,BLOCK-8dbd1f0100199b32,10,BLOCK-8dbd1f0100199b32
SSCP-926b6a0d28b118da,MOL-c9af8495abfa9f5e,2021_Kelly,AC-5e5c956882423f52,BLOCK-4494eb5738fce47c,3,BLOCK-4494eb5738fce47c
SSCP-926c7ea75aeb8fac,MOL-ed637b43882cd37c,2020_Townsend,AC-78305ee2e743b795,BLOCK-513383ed86a73488,5,BLOCK-513383ed86a73488
SSCP-927335ad59e48c4d,MOL-840c5df92e2c10e9,2021_Kelly,AC-5e5c956882423f52,BLOCK-4494eb5738fce47c,3,BLOCK-4494eb5738fce47c
SSCP-92825fe1b876c03e,MOL-336b42d09fed98b7,2020_Townsend,AC-78305ee2e743b795,BLOCK-513383ed86a73488,5,BLOCK-513383ed86a73488
SSCP-928b69aad49bd424,MOL-31cf075881fb1240,2021_Kelly,AC-5e5c956882423f52,BLOCK-4494eb5738fce47c,3,BLOCK-4494eb5738fce47c
SSCP-928e8518da39aaf3,MOL-ad157447e3fc1cc3,2020_Townsend,AC-78305ee2e743b795,BLOCK-513383ed86a73488,5,BLOCK-513383ed86a73488
SSCP-92910a3f26602b59,MOL-fdb317e763da69e8,2024_Faris,AC-e82e3e242d3d320c,BLOCK-c5e520eb3b94ff25,15,BLOCK-c5e520eb3b94ff25
SSCP-92931fd1b78fb6cb,MOL-c7de3f22e19caba4,2020_Townsend,AC-78305ee2e743b795,BLOCK-513383ed86a73488,5,BLOCK-513383ed86a73488
SSCP-92b167a2eb442d92,MOL-213ebaf226e96af2,2013_CHUGAI,AC-9915a59ccaa1a737,BLOCK-5c361cba45039733,7,BLOCK-5c361cba45039733
SSCP-92c4b9c89778fe53,MOL-bb954088124ef105,2020_Townsend,AC-78305ee2e743b795,BLOCK-513383ed86a73488,5,BLOCK-513383ed86a73488
SSCP-92d886906139d5ac,MOL-533f2da74872ab86,2021_Kelly,AC-5e5c956882423f52,BLOCK-4494eb5738fce47c,3,BLOCK-4494eb5738fce47c
SSCP-92d894b5aaa5f492,MOL-7463ac07597ee6b9,2020_Townsend,AC-78305ee2e743b795,BLOCK-513383ed86a73488,5,BLOCK-513383ed86a73488
SSCP-92ed99abcd75a7f1,MOL-60bec765ed0c1f86,2020_Townsend,AC-78305ee2e743b795,BLOCK-513383ed86a73488,5,BLOCK-513383ed86a73488
SSCP-92f016d85032e799,MOL-bfe693024bc390b8,2020_Townsend,AC-78305ee2e743b795,BLOCK-513383ed86a73488,5,BLOCK-513383ed86a73488
SSCP-92f04c96265d4e88,MOL-dfc88a0d366b57c4,2016_Hickey,AC-caa6a2b0faf1de20,BLOCK-513383ed86a73488,5,BLOCK-513383ed86a73488
SSCP-92f3e47168a23963,MOL-0a5af2c591703640,2020_Townsend,AC-78305ee2e743b795,BLOCK-513383ed86a73488,5,BLOCK-513383ed86a73488
SSCP-930570adc4dce2b8,MOL-36268e1c728f95a9,2021_Kelly,AC-5e5c956882423f52,BLOCK-4494eb5738fce47c,3,BLOCK-4494eb5738fce47c
SSCP-9309ab610acfdb82,MOL-b58e1b42eed9b920,2020_Townsend,AC-78305ee2e743b795,BLOCK-513383ed86a73488,5,BLOCK-513383ed86a73488
SSCP-930df227a70bfeea,MOL-7df9946d8bfca15e,2020_Townsend,AC-78305ee2e743b795,BLOCK-513383ed86a73488,5,BLOCK-513383ed86a73488
SSCP-930e3bdd7a724672,MOL-8c95ff64d46f729d,2020_Townsend,AC-78305ee2e743b795,BLOCK-513383ed86a73488,5,BLOCK-513383ed86a73488
SSCP-93368e314e12452a,MOL-64d79c473c47736e,2021_Kelly,AC-5e5c956882423f52,BLOCK-4494eb5738fce47c,3,BLOCK-4494eb5738fce47c
SSCP-933f2b1afcc99d7a,MOL-46f7f49f66ebb119,2020_Townsend,AC-78305ee2e743b795,BLOCK-513383ed86a73488,5,BLOCK-513383ed86a73488
SSCP-93451bbe6ba9e7f6,MOL-4bd5e3df43c973bb,2020_Townsend,AC-78305ee2e743b795,BLOCK-513383ed86a73488,5,BLOCK-513383ed86a73488
SSCP-934636ff748875b7,MOL-24494ff8457fd787,2021_Kelly,AC-5e5c956882423f52,BLOCK-4494eb5738fce47c,3,BLOCK-4494eb5738fce47c
SSCP-93539b3d71d4736a,MOL-b4a9f3d7c115688d,2018_Naylor,AC-dceba6004ee9f160,BLOCK-513383ed86a73488,5,BLOCK-513383ed86a73488
SSCP-935c3a30cb943a7e,MOL-9f9ffced85f41e6b,2006_Rezai_2,AC-e521a6b3b6226405,BLOCK-4acd8e0f532c9eb9,4,BLOCK-4acd8e0f532c9eb9
SSCP-935e9710e2fdefa2,MOL-06794a091dfce644,2020_Townsend,AC-78305ee2e743b795,BLOCK-513383ed86a73488,5,BLOCK-513383ed86a73488
SSCP-9367b9a23503d097,MOL-a2e32bb5838eabc5,2013_CHUGAI,AC-cf95401a5715faa6,BLOCK-5c361cba45039733,7,BLOCK-5c361cba45039733
SSCP-93784ed5e20b6f81,MOL-0e8a332d26928098,2020_Townsend,AC-78305ee2e743b795,BLOCK-513383ed86a73488,5,BLOCK-513383ed86a73488
SSCP-937c9d831e6a1867,MOL-0ce2851295248553,2020_Townsend,AC-78305ee2e743b795,BLOCK-513383ed86a73488,5,BLOCK-513383ed86a73488
SSCP-938ad587d1d57a41,MOL-5d5db7084debd7f5,2020_Townsend,AC-78305ee2e743b795,BLOCK-513383ed86a73488,5,BLOCK-513383ed86a73488
SSCP-939ec57168cefa47,MOL-1038f64ad20d2c7e,2013_CHUGAI,AC-9915a59ccaa1a737,BLOCK-5c361cba45039733,7,BLOCK-5c361cba45039733
SSCP-93a222312db5e1d4,MOL-13f7ecafad350883,2021_Kelly,AC-5e5c956882423f52,BLOCK-4494eb5738fce47c,3,BLOCK-4494eb5738fce47c
SSCP-93bb1a7ffeb5089b,MOL-d7644f646a796465,2020_Townsend,AC-78305ee2e743b795,BLOCK-513383ed86a73488,5,BLOCK-513383ed86a73488
SSCP-93bcfd091dd51bfb,MOL-6b6e82a4d9681039,2021_Kelly,AC-5e5c956882423f52,BLOCK-4494eb5738fce47c,3,BLOCK-4494eb5738fce47c
SSCP-93cc67a3fdf4eee0,MOL-522c428c4774ebd2,2020_Townsend,AC-78305ee2e743b795,BLOCK-513383ed86a73488,5,BLOCK-513383ed86a73488
SSCP-93d31c22e02dcae6,MOL-5d1b0ebee68f6a93,2020_Townsend,AC-78305ee2e743b795,BLOCK-513383ed86a73488,5,BLOCK-513383ed86a73488
SSCP-93f238cd33485e2c,MOL-b9026c99329c7005,2013_CHUGAI,AC-cf95401a5715faa6,BLOCK-5c361cba45039733,7,BLOCK-5c361cba45039733
SSCP-940156e4531284a3,MOL-176e9dbc43762117,2016_Furukawa,AC-78305ee2e743b795,BLOCK-513383ed86a73488,5,BLOCK-513383ed86a73488
SSCP-9408821b065c219a,MOL-7aa2209f921e26f3,2021_Comeau,AC-b74b4d5565722d16,BLOCK-bb4bcb852b735057,12,BLOCK-bb4bcb852b735057
SSCP-94118b77aea4e381,MOL-5f722227d4f4e6d6,2020_Townsend,AC-78305ee2e743b795,BLOCK-513383ed86a73488,5,BLOCK-513383ed86a73488
SSCP-941871a4268d5ef8,MOL-20d46770f2d3ef6a,2013_CHUGAI,AC-9915a59ccaa1a737,BLOCK-5c361cba45039733,7,BLOCK-5c361cba45039733
SSCP-9419bc7e8790dc84,MOL-ac7873cb37bb9b47,2016_Furukawa,AC-78305ee2e743b795,BLOCK-513383ed86a73488,5,BLOCK-513383ed86a73488
SSCP-94505fc594b80bc7,MOL-9414453bca3b4bd9,2021_Kelly,AC-ac7e5d0036401990,BLOCK-4494eb5738fce47c,3,BLOCK-4494eb5738fce47c
SSCP-94546c34ed096fc9,MOL-856f121c7d6165b4,2016_Furukawa,AC-78305ee2e743b795,BLOCK-513383ed86a73488,5,BLOCK-513383ed86a73488
SSCP-9456588b72f06d64,MOL-6994d978b8002c3f,2024_Faris,AC-e82e3e242d3d320c,BLOCK-c5e520eb3b94ff25,15,BLOCK-c5e520eb3b94ff25
SSCP-94604ad73189c47d,MOL-5d288cb48786dad2,2016_Furukawa,AC-78305ee2e743b795,BLOCK-513383ed86a73488,5,BLOCK-513383ed86a73488
SSCP-94671873968fa25b,MOL-c3da28ee77204ad4,2020_Townsend,AC-78305ee2e743b795,BLOCK-513383ed86a73488,5,BLOCK-513383ed86a73488
SSCP-94788a3502b76f03,MOL-4e9227aeb474a699,2020_Townsend,AC-78305ee2e743b795,BLOCK-513383ed86a73488,5,BLOCK-513383ed86a73488
SSCP-94ababd714cc9dce,MOL-6b8b761fad4d1877,2020_Townsend,AC-78305ee2e743b795,BLOCK-513383ed86a73488,5,BLOCK-513383ed86a73488
SSCP-94ac7a5d8d19374b,MOL-40168ef3cec8a604,2020_Townsend,AC-78305ee2e743b795,BLOCK-513383ed86a73488,5,BLOCK-513383ed86a73488
SSCP-94bb6e4b58162b02,MOL-04eaeed8469dfc46,2020_Townsend,AC-78305ee2e743b795,BLOCK-513383ed86a73488,5,BLOCK-513383ed86a73488
SSCP-94be9fb76e749a52,MOL-1740a19f3a04dbd2,2016_Furukawa,AC-78305ee2e743b795,BLOCK-513383ed86a73488,5,BLOCK-513383ed86a73488
SSCP-94de21ccf0358005,MOL-6aaa1a4fee424abd,2020_Barlow,AC-741ab05286c210ec,BLOCK-8dbd1f0100199b32,10,BLOCK-8dbd1f0100199b32
SSCP-94e30d09c8c4e33b,MOL-cef193ffdead87f0,2020_Townsend,AC-78305ee2e743b795,BLOCK-513383ed86a73488,5,BLOCK-513383ed86a73488
SSCP-94f66ef40c7ae989,MOL-90eb01b66f369266,2020_Townsend,AC-78305ee2e743b795,BLOCK-513383ed86a73488,5,BLOCK-513383ed86a73488
SSCP-94f8dcfff52c2066,MOL-fcaa9d4125e1f4ad,2021_Kelly,AC-5e5c956882423f52,BLOCK-4494eb5738fce47c,3,BLOCK-4494eb5738fce47c
SSCP-9509ac434b9379a7,MOL-596f6a1fc0a4a16f,2020_Townsend,AC-78305ee2e743b795,BLOCK-513383ed86a73488,5,BLOCK-513383ed86a73488
SSCP-950ddd0173703359,MOL-ad716137a1146cf2,2021_Kelly,AC-5e5c956882423f52,BLOCK-4494eb5738fce47c,3,BLOCK-4494eb5738fce47c
SSCP-951cb4cc4ebdfc95,MOL-432cae3aa7edd050,2020_Townsend,AC-78305ee2e743b795,BLOCK-513383ed86a73488,5,BLOCK-513383ed86a73488
SSCP-952d84b2a2d08469,MOL-df98eb7360e9afb4,2020_Townsend,AC-78305ee2e743b795,BLOCK-513383ed86a73488,5,BLOCK-513383ed86a73488
SSCP-952edcee45993c13,MOL-aa6ef543bb581c85,2021_Kelly,AC-ac7e5d0036401990,BLOCK-4494eb5738fce47c,3,BLOCK-4494eb5738fce47c
SSCP-9538ae499f2b56cb,MOL-e29e91cffa054916,2021_Kelly,AC-5e5c956882423f52,BLOCK-4494eb5738fce47c,3,BLOCK-4494eb5738fce47c
SSCP-953fa45644d8a881,MOL-15a1e194ba4294b7,2020_Townsend,AC-78305ee2e743b795,BLOCK-513383ed86a73488,5,BLOCK-513383ed86a73488
SSCP-9540bd330b899da5,MOL-434536361e1b0365,2021_Kelly,AC-5e5c956882423f52,BLOCK-4494eb5738fce47c,3,BLOCK-4494eb5738fce47c
SSCP-95532d31755bd34f,MOL-1b523e602cab0455,2020_Townsend,AC-78305ee2e743b795,BLOCK-513383ed86a73488,5,BLOCK-513383ed86a73488
SSCP-95632e43a2773774,MOL-e771e3c88c49938a,2021_Kelly,AC-5e5c956882423f52,BLOCK-4494eb5738fce47c,3,BLOCK-4494eb5738fce47c
SSCP-956941046fcfab9d,MOL-c19fea1e6c52cf1a,2020_Townsend,AC-78305ee2e743b795,BLOCK-513383ed86a73488,5,BLOCK-513383ed86a73488
SSCP-957dcdb2e6673628,MOL-1097d79bd0d0f25e,2020_Townsend,AC-78305ee2e743b795,BLOCK-513383ed86a73488,5,BLOCK-513383ed86a73488
SSCP-9580281d18a5c7d9,MOL-44ade9db7e827129,2020_Townsend,AC-78305ee2e743b795,BLOCK-513383ed86a73488,5,BLOCK-513383ed86a73488
SSCP-958427c8bf987391,MOL-540253d2dfe7cacf,2020_Townsend,AC-78305ee2e743b795,BLOCK-513383ed86a73488,5,BLOCK-513383ed86a73488
SSCP-95989866ece3bc72,MOL-a5105bf292b19e77,2020_Townsend,AC-78305ee2e743b795,BLOCK-513383ed86a73488,5,BLOCK-513383ed86a73488
SSCP-9599de33a17a48e0,MOL-05fa07f3ac508bb6,2020_Townsend,AC-78305ee2e743b795,BLOCK-513383ed86a73488,5,BLOCK-513383ed86a73488
SSCP-95a4476f2e5dd498,MOL-485d3fd9dda370ae,2021_Kelly,AC-5e5c956882423f52,BLOCK-4494eb5738fce47c,3,BLOCK-4494eb5738fce47c
SSCP-95a6704c319f0ec9,MOL-dd9a892382338255,2020_Townsend,AC-78305ee2e743b795,BLOCK-513383ed86a73488,5,BLOCK-513383ed86a73488
SSCP-95a6d12c9f68ad74,MOL-f823a7b5bc8a1b01,2020_Townsend,AC-78305ee2e743b795,BLOCK-513383ed86a73488,5,BLOCK-513383ed86a73488
SSCP-95a8da2ca0a06ddb,MOL-4742005a6ed381a3,2020_Townsend,AC-78305ee2e743b795,BLOCK-513383ed86a73488,5,BLOCK-513383ed86a73488
SSCP-95bf7d5159b44fe6,MOL-b8dfa28820b8c705,2020_Townsend,AC-78305ee2e743b795,BLOCK-513383ed86a73488,5,BLOCK-513383ed86a73488
SSCP-95c5350a5f5747d0,MOL-31a3686fb1dfd5f6,2020_Townsend,AC-78305ee2e743b795,BLOCK-513383ed86a73488,5,BLOCK-513383ed86a73488
SSCP-95c5b380564969b9,MOL-4c7d13a3a5020ae8,2020_Townsend,AC-78305ee2e743b795,BLOCK-513383ed86a73488,5,BLOCK-513383ed86a73488
SSCP-95c7b53901ec23c8,MOL-d08cef0b55767c6e,2021_Kelly,AC-5e5c956882423f52,BLOCK-4494eb5738fce47c,3,BLOCK-4494eb5738fce47c
SSCP-95e1d638416fa9f5,MOL-081675dcb8270b58,2021_Kelly,AC-5e5c956882423f52,BLOCK-4494eb5738fce47c,3,BLOCK-4494eb5738fce47c
SSCP-95e3d6cf5a5bbf30,MOL-a6eb75fc9215c1da,2020_Le Roux,AC-b74b4d5565722d16,BLOCK-bb4bcb852b735057,12,BLOCK-bb4bcb852b735057
SSCP-95f2e273fedf70a1,MOL-0f1700d9803df970,2016_Furukawa,AC-78305ee2e743b795,BLOCK-513383ed86a73488,5,BLOCK-513383ed86a73488
SSCP-95f366fc8ff9e9cc,MOL-154877f5ee319afe,2013_CHUGAI,AC-cf95401a5715faa6,BLOCK-5c361cba45039733,7,BLOCK-5c361cba45039733
SSCP-95f4e991e00d3db2,MOL-23cb278afa3c8227,2020_Townsend,AC-78305ee2e743b795,BLOCK-513383ed86a73488,5,BLOCK-513383ed86a73488
SSCP-95fb8903c174f6d4,MOL-2c09418d1e71929f,2013_CHUGAI,AC-9915a59ccaa1a737,BLOCK-5c361cba45039733,7,BLOCK-5c361cba45039733
SSCP-95fbefe38cd1e6cb,MOL-23882ce270aca06d,2024_Faris,AC-e82e3e242d3d320c,BLOCK-c5e520eb3b94ff25,15,BLOCK-c5e520eb3b94ff25
SSCP-96084ee10bc854ca,MOL-f8294f275243db5c,2020_Townsend,AC-78305ee2e743b795,BLOCK-513383ed86a73488,5,BLOCK-513383ed86a73488
SSCP-960ce4cd82d2a10e,MOL-7437823b25d6de38,2021_Kelly,AC-5e5c956882423f52,BLOCK-4494eb5738fce47c,3,BLOCK-4494eb5738fce47c
SSCP-961d1c321d0cf6ec,MOL-c2875930258fe392,2021_Kelly,AC-5e5c956882423f52,BLOCK-4494eb5738fce47c,3,BLOCK-4494eb5738fce47c
SSCP-962c8ab4ed71d56e,MOL-0efc94e88c2576c3,2020_Townsend,AC-78305ee2e743b795,BLOCK-513383ed86a73488,5,BLOCK-513383ed86a73488
SSCP-963552f736678a5d,MOL-236beb71f239cb49,2013_CHUGAI,AC-cf95401a5715faa6,BLOCK-5c361cba45039733,7,BLOCK-5c361cba45039733
SSCP-963eba05fc0c4758,MOL-fefedea198303c04,2020_Townsend,AC-78305ee2e743b795,BLOCK-513383ed86a73488,5,BLOCK-513383ed86a73488
SSCP-9642aba802a755b2,MOL-58f35489bb01164f,2021_Kelly,AC-ac7e5d0036401990,BLOCK-4494eb5738fce47c,3,BLOCK-4494eb5738fce47c
SSCP-96459366243e7248,MOL-84145d77913b6120,2020_Townsend,AC-78305ee2e743b795,BLOCK-513383ed86a73488,5,BLOCK-513383ed86a73488
SSCP-9647a991bccf21a7,MOL-4c53725c760887b7,2020_Townsend,AC-78305ee2e743b795,BLOCK-513383ed86a73488,5,BLOCK-513383ed86a73488
SSCP-9649309604adef81,MOL-e948600021e8c07c,2020_Townsend,AC-78305ee2e743b795,BLOCK-513383ed86a73488,5,BLOCK-513383ed86a73488
SSCP-96514ea028d74d38,MOL-22f9aac405c7cef1,2016_Furukawa,AC-78305ee2e743b795,BLOCK-513383ed86a73488,5,BLOCK-513383ed86a73488
SSCP-9668072b4567174f,MOL-1b31b2d5a65abf8a,2020_Townsend,AC-78305ee2e743b795,BLOCK-513383ed86a73488,5,BLOCK-513383ed86a73488
SSCP-966a0502bd3b8a55,MOL-bbe616a634b09ad1,2013_CHUGAI,AC-cf95401a5715faa6,BLOCK-5c361cba45039733,7,BLOCK-5c361cba45039733
SSCP-968089671a2c98ee,MOL-edbf2ecddccce92a,2020_Townsend,AC-78305ee2e743b795,BLOCK-513383ed86a73488,5,BLOCK-513383ed86a73488
SSCP-968ebf03b7c5fb6a,MOL-10050cd498f626a7,2021_Kelly,AC-5e5c956882423f52,BLOCK-4494eb5738fce47c,3,BLOCK-4494eb5738fce47c
SSCP-969a21950c11ea89,MOL-caac83a317bf34a2,2020_Townsend,AC-78305ee2e743b795,BLOCK-513383ed86a73488,5,BLOCK-513383ed86a73488
SSCP-969c7169dd308cfc,MOL-e22bb9f34efe7bb8,2020_Le Roux,AC-b74b4d5565722d16,BLOCK-bb4bcb852b735057,12,BLOCK-bb4bcb852b735057
SSCP-96a68395b9785feb,MOL-a188441bfdd75051,2021_Kelly,AC-5e5c956882423f52,BLOCK-4494eb5738fce47c,3,BLOCK-4494eb5738fce47c
SSCP-96a69b0e531ae59b,MOL-17826e12eaf07159,2013_CHUGAI,AC-77fb0f10ded9ea1e,BLOCK-5c361cba45039733,7,BLOCK-5c361cba45039733
SSCP-96be2765ee0ba2ce,MOL-763e9fa83034c0ce,2013_CHUGAI,AC-8ff02fa9f937cb75,BLOCK-5c361cba45039733,7,BLOCK-5c361cba45039733
SSCP-96d1a680dac2f100,MOL-03b3634f776ff4e9,2020_Townsend,AC-78305ee2e743b795,BLOCK-513383ed86a73488,5,BLOCK-513383ed86a73488
SSCP-96e0a831c235fbc9,MOL-c4266c6a14d33f80,2020_Townsend,AC-78305ee2e743b795,BLOCK-513383ed86a73488,5,BLOCK-513383ed86a73488
SSCP-96ec53652f16c072,MOL-b6816a2d97732675,2017_Pye,AC-9fabc791bd5e32a1,BLOCK-2c0090ee1dd5b17e,1,BLOCK-2c0090ee1dd5b17e
SSCP-970b3b40af8e644a,MOL-4d4a81efc824db85,2021_Kelly,AC-5e5c956882423f52,BLOCK-4494eb5738fce47c,3,BLOCK-4494eb5738fce47c
SSCP-971abd1071a17a9a,MOL-8cbc6ba4ae246001,2020_Townsend,AC-78305ee2e743b795,BLOCK-513383ed86a73488,5,BLOCK-513383ed86a73488
SSCP-972170a386b1c55c,MOL-d5598d9b14daef88,2020_Townsend,AC-78305ee2e743b795,BLOCK-513383ed86a73488,5,BLOCK-513383ed86a73488
SSCP-97219cd72c704f9b,MOL-a6efe77f1de9be35,2013_CHUGAI,AC-cf95401a5715faa6,BLOCK-5c361cba45039733,7,BLOCK-5c361cba45039733
SSCP-972686a6c33ab486,MOL-86bb1cd31c9835e1,2021_Kelly,AC-5e5c956882423f52,BLOCK-4494eb5738fce47c,3,BLOCK-4494eb5738fce47c
SSCP-97328b3c98af6e72,MOL-dc361371084309c8,2020_Townsend,AC-78305ee2e743b795,BLOCK-513383ed86a73488,5,BLOCK-513383ed86a73488
SSCP-9739ee79e1ec975d,MOL-764c5cd440ed683f,2013_CHUGAI,AC-9915a59ccaa1a737,BLOCK-5c361cba45039733,7,BLOCK-5c361cba45039733
SSCP-973c5b5af0f5c32c,MOL-154411855e42a0f8,2013_CHUGAI,AC-cf95401a5715faa6,BLOCK-5c361cba45039733,7,BLOCK-5c361cba45039733
SSCP-97490b2ea7937485,MOL-f669622d0fe2b22f,2016_Furukawa,AC-78305ee2e743b795,BLOCK-513383ed86a73488,5,BLOCK-513383ed86a73488
SSCP-974abba227edb1b3,MOL-588d6bafa0daacd0,2020_Townsend,AC-78305ee2e743b795,BLOCK-513383ed86a73488,5,BLOCK-513383ed86a73488
SSCP-97518326310250b2,MOL-6efa2621bfa78d6d,2020_Townsend,AC-78305ee2e743b795,BLOCK-513383ed86a73488,5,BLOCK-513383ed86a73488
SSCP-9757102c5284deaa,MOL-5d6f0a69c6c8631e,2021_Kelly,AC-5e5c956882423f52,BLOCK-4494eb5738fce47c,3,BLOCK-4494eb5738fce47c
SSCP-97576014dcb71310,MOL-fea783db0d656807,2020_Townsend,AC-78305ee2e743b795,BLOCK-513383ed86a73488,5,BLOCK-513383ed86a73488
SSCP-97589bbf077fa17c,MOL-0fbf4f0ffcde4d67,2021_Kelly,AC-5e5c956882423f52,BLOCK-4494eb5738fce47c,3,BLOCK-4494eb5738fce47c
SSCP-975cd27e1dda9556,MOL-b527ade33f7164e5,2016_Furukawa,AC-78305ee2e743b795,BLOCK-513383ed86a73488,5,BLOCK-513383ed86a73488
SSCP-976252ee0b357d97,MOL-472fec31d014e130,2021_Kelly,AC-5e5c956882423f52,BLOCK-4494eb5738fce47c,3,BLOCK-4494eb5738fce47c
SSCP-976a3ad2905d00e2,MOL-353ef92e2804f804,2021_Kelly,AC-ac7e5d0036401990,BLOCK-4494eb5738fce47c,3,BLOCK-4494eb5738fce47c
SSCP-9770bfd0d5b8b00d,MOL-70caefa1e05d0746,2021_Kelly,AC-5e5c956882423f52,BLOCK-4494eb5738fce47c,3,BLOCK-4494eb5738fce47c
SSCP-9771c44a7ba13985,MOL-0009ab1892f83961,2021_Kelly,AC-6d3257a2b83e15dc,BLOCK-4494eb5738fce47c,3,BLOCK-4494eb5738fce47c
SSCP-97762c6c24c21954,MOL-2a784ea61cc2e0a9,2020_Townsend,AC-78305ee2e743b795,BLOCK-513383ed86a73488,5,BLOCK-513383ed86a73488
SSCP-978ceb458f76af1c,MOL-82513a05857d899b,2015_Marelli,AC-d6f9b585b75c76a3,BLOCK-513383ed86a73488,5,BLOCK-513383ed86a73488
SSCP-979a25537b703915,MOL-b543b23dcf28fe1f,2020_Townsend,AC-78305ee2e743b795,BLOCK-513383ed86a73488,5,BLOCK-513383ed86a73488
SSCP-97a474aab53cdd82,MOL-600fc8997d5e4dfa,2021_Kelly,AC-5e5c956882423f52,BLOCK-4494eb5738fce47c,3,BLOCK-4494eb5738fce47c
SSCP-97b342ba615f938c,MOL-699b8d0dc891a408,2020_Townsend,AC-78305ee2e743b795,BLOCK-513383ed86a73488,5,BLOCK-513383ed86a73488
SSCP-97b3ce0ff58fb0ca,MOL-087a63c1dbde2670,2016_Furukawa,AC-78305ee2e743b795,BLOCK-513383ed86a73488,5,BLOCK-513383ed86a73488
SSCP-97b3f79396e49017,MOL-dc1c6871792f4e5a,2013_CHUGAI,AC-8ff02fa9f937cb75,BLOCK-5c361cba45039733,7,BLOCK-5c361cba45039733
SSCP-97cdfd09f3ab473a,MOL-4d21bcf4aaa9ff2c,2021_Kelly,AC-6d3257a2b83e15dc,BLOCK-4494eb5738fce47c,3,BLOCK-4494eb5738fce47c
SSCP-97d47dcb7d121d42,MOL-230d50f49e23329f,2020_Townsend,AC-78305ee2e743b795,BLOCK-513383ed86a73488,5,BLOCK-513383ed86a73488
SSCP-97dae1bb862344e2,MOL-e9614898a90ddf56,2013_CHUGAI,AC-cf95401a5715faa6,BLOCK-5c361cba45039733,7,BLOCK-5c361cba45039733
SSCP-97df74a05aad303b,MOL-48ed27b31eab400d,2021_Kelly,AC-5e5c956882423f52,BLOCK-4494eb5738fce47c,3,BLOCK-4494eb5738fce47c
SSCP-98265ce429df5de0,MOL-e796e89ed4781bcf,2020_Townsend,AC-78305ee2e743b795,BLOCK-513383ed86a73488,5,BLOCK-513383ed86a73488
SSCP-9826bc560a311b83,MOL-5246cfdcc33ffac3,2016_Furukawa,AC-78305ee2e743b795,BLOCK-513383ed86a73488,5,BLOCK-513383ed86a73488
SSCP-982d94feba9efbd0,MOL-94d87523868487db,2016_Furukawa,AC-78305ee2e743b795,BLOCK-513383ed86a73488,5,BLOCK-513383ed86a73488
SSCP-984e94c04c7f504b,MOL-969e6afa24a575d5,2020_Townsend,AC-78305ee2e743b795,BLOCK-513383ed86a73488,5,BLOCK-513383ed86a73488
SSCP-9851280b7c576d5f,MOL-11c0ef0b37ace804,2020_Townsend,AC-78305ee2e743b795,BLOCK-513383ed86a73488,5,BLOCK-513383ed86a73488
SSCP-985572e40e9550cb,MOL-f7e7876b7cd9f97d,2024_Faris,AC-e82e3e242d3d320c,BLOCK-c5e520eb3b94ff25,15,BLOCK-c5e520eb3b94ff25
SSCP-9856d0a3efa9b8f8,MOL-be27bcb045a5d27f,2020_Townsend,AC-78305ee2e743b795,BLOCK-513383ed86a73488,5,BLOCK-513383ed86a73488
SSCP-9857a9e4b37375ce,MOL-6a71c5da5ccdbbee,2020_Townsend,AC-78305ee2e743b795,BLOCK-513383ed86a73488,5,BLOCK-513383ed86a73488
SSCP-9857fb1aa409359d,MOL-02c929199e298aea,2013_CHUGAI,AC-cf95401a5715faa6,BLOCK-5c361cba45039733,7,BLOCK-5c361cba45039733
SSCP-985b6cc5677edf12,MOL-02e103885f1e057c,2013_CHUGAI,AC-9915a59ccaa1a737,BLOCK-5c361cba45039733,7,BLOCK-5c361cba45039733
SSCP-986b9218c3a9d07b,MOL-fcbc7ed918bc99e4,2020_Townsend,AC-78305ee2e743b795,BLOCK-513383ed86a73488,5,BLOCK-513383ed86a73488
SSCP-9876428e856afdfa,MOL-f4cc490e4b2d1c5f,2013_CHUGAI,AC-cf95401a5715faa6,BLOCK-5c361cba45039733,7,BLOCK-5c361cba45039733
SSCP-98780b8600597b33,MOL-bece17ec3f58bb4e,2021_Kelly,AC-5e5c956882423f52,BLOCK-4494eb5738fce47c,3,BLOCK-4494eb5738fce47c
SSCP-988e2fd1f21991c8,MOL-63c0607854cf2c6f,2020_Townsend,AC-78305ee2e743b795,BLOCK-513383ed86a73488,5,BLOCK-513383ed86a73488
SSCP-98a7f30d3c3566ea,MOL-baf77e95f83df8be,2021_Kelly,AC-5e5c956882423f52,BLOCK-4494eb5738fce47c,3,BLOCK-4494eb5738fce47c
SSCP-98b2e1af4947c3e8,MOL-c7ec2ef33f38f93f,2013_CHUGAI,AC-c5ec3fedac91d80f,BLOCK-5c361cba45039733,7,BLOCK-5c361cba45039733
SSCP-98c30e0124ded4ff,MOL-02ed3ba0481de0ea,2020_Townsend,AC-78305ee2e743b795,BLOCK-513383ed86a73488,5,BLOCK-513383ed86a73488
SSCP-98c46fc285c6c703,MOL-574cd3ad9240fa36,2013_CHUGAI,AC-9915a59ccaa1a737,BLOCK-5c361cba45039733,7,BLOCK-5c361cba45039733
SSCP-98cb91d427852af8,MOL-52f273bd8d329c1b,2024_Ly,AC-b74b4d5565722d16,BLOCK-bb4bcb852b735057,12,BLOCK-bb4bcb852b735057
SSCP-98da63e39f86e74f,MOL-b19f16c01aeaf791,2021_Kelly,AC-5e5c956882423f52,BLOCK-4494eb5738fce47c,3,BLOCK-4494eb5738fce47c
SSCP-98dc379a448834ac,MOL-d7a9a4f3a1370b55,2018_Naylor,AC-78305ee2e743b795,BLOCK-513383ed86a73488,5,BLOCK-513383ed86a73488
SSCP-98e4d1c9c265bb3b,MOL-f40b1eac0cf01646,2020_Townsend,AC-78305ee2e743b795,BLOCK-513383ed86a73488,5,BLOCK-513383ed86a73488
SSCP-98e6182d0d85d5f8,MOL-1ad034c1d587d6ac,2020_Townsend,AC-78305ee2e743b795,BLOCK-513383ed86a73488,5,BLOCK-513383ed86a73488
SSCP-98e75ece72e66ecc,MOL-90d92cad01765b8b,2020_Townsend,AC-78305ee2e743b795,BLOCK-513383ed86a73488,5,BLOCK-513383ed86a73488
SSCP-98e79333cc34c9ad,MOL-05a8ad58a7703691,2016_Furukawa,AC-78305ee2e743b795,BLOCK-513383ed86a73488,5,BLOCK-513383ed86a73488
SSCP-98e83d13809546fb,MOL-f93f5b9de1864b28,2020_Townsend,AC-78305ee2e743b795,BLOCK-513383ed86a73488,5,BLOCK-513383ed86a73488
SSCP-98e85f7d84882825,MOL-fc358aa4c6c7dbe1,2020_Townsend,AC-78305ee2e743b795,BLOCK-513383ed86a73488,5,BLOCK-513383ed86a73488
SSCP-98e88cdbd05fc53a,MOL-fec0326a9c988275,2021_Comeau,AC-b74b4d5565722d16,BLOCK-bb4bcb852b735057,12,BLOCK-bb4bcb852b735057
SSCP-98e89a1fadb80106,MOL-83a86f2bdd23d090,2016_Furukawa,AC-78305ee2e743b795,BLOCK-513383ed86a73488,5,BLOCK-513383ed86a73488
SSCP-98e9f642a59c0071,MOL-058e21df1c301b18,2016_Furukawa,AC-78305ee2e743b795,BLOCK-513383ed86a73488,5,BLOCK-513383ed86a73488
SSCP-98f7d382134eeae9,MOL-6acfff88d349d99f,2020_Townsend,AC-78305ee2e743b795,BLOCK-513383ed86a73488,5,BLOCK-513383ed86a73488
SSCP-9900dddbfb3dbb18,MOL-a6bad5b8c1c20f54,2020_Townsend,AC-78305ee2e743b795,BLOCK-513383ed86a73488,5,BLOCK-513383ed86a73488
SSCP-990c7e6d17e6865a,MOL-97ccda9b0e675398,2013_CHUGAI,AC-cf95401a5715faa6,BLOCK-5c361cba45039733,7,BLOCK-5c361cba45039733
SSCP-990e98f0089e9c51,MOL-5792c47201a2ffae,2020_Townsend,AC-78305ee2e743b795,BLOCK-513383ed86a73488,5,BLOCK-513383ed86a73488
SSCP-990ec4ff8d03de32,MOL-27268587359350a9,2021_Kelly,AC-5e5c956882423f52,BLOCK-4494eb5738fce47c,3,BLOCK-4494eb5738fce47c
SSCP-992b21e49ddea21d,MOL-30ee02eae4f08e7f,2021_Kelly,AC-5e5c956882423f52,BLOCK-4494eb5738fce47c,3,BLOCK-4494eb5738fce47c
SSCP-9955317ffed41430,MOL-ab4e3d7b95c817f8,2020_Townsend,AC-78305ee2e743b795,BLOCK-513383ed86a73488,5,BLOCK-513383ed86a73488
SSCP-995dccab363ab9f0,MOL-2a818b88d49eeb5d,2020_Townsend,AC-78305ee2e743b795,BLOCK-513383ed86a73488,5,BLOCK-513383ed86a73488
SSCP-9962f33e0a3885a8,MOL-7834dc369bbe8dc5,2021_Kelly,AC-5e5c956882423f52,BLOCK-4494eb5738fce47c,3,BLOCK-4494eb5738fce47c
SSCP-9963a08c7de707af,MOL-a35774f98858d04c,2016_Furukawa,AC-78305ee2e743b795,BLOCK-513383ed86a73488,5,BLOCK-513383ed86a73488
SSCP-996702551e7f5515,MOL-aa1832783091cac1,2015_Ahlbach,AC-e92a06fc810c7a3d,BLOCK-513383ed86a73488,5,BLOCK-513383ed86a73488
SSCP-99811e5acc8e37b7,MOL-1da8cce61a0237fc,2021_Kelly,AC-ac7e5d0036401990,BLOCK-4494eb5738fce47c,3,BLOCK-4494eb5738fce47c
SSCP-9988bc1cecd16104,MOL-a48b7d18cf19ef50,2013_CHUGAI,AC-cf95401a5715faa6,BLOCK-5c361cba45039733,7,BLOCK-5c361cba45039733
SSCP-99ab776c5e83863e,MOL-ca7688f384767d4e,2020_Le Roux,AC-b74b4d5565722d16,BLOCK-bb4bcb852b735057,12,BLOCK-bb4bcb852b735057
SSCP-99b9bda6b21de42a,MOL-c1da05f3856ca13c,2016_Furukawa,AC-78305ee2e743b795,BLOCK-513383ed86a73488,5,BLOCK-513383ed86a73488
SSCP-99cf0465468da9cf,MOL-9861183a6610c3b4,2020_Townsend,AC-78305ee2e743b795,BLOCK-513383ed86a73488,5,BLOCK-513383ed86a73488
SSCP-99d23d528e99440b,MOL-31fbb54151c90184,2018_Naylor,AC-78305ee2e743b795,BLOCK-513383ed86a73488,5,BLOCK-513383ed86a73488
SSCP-99d8651aed85aa3d,MOL-8a4809ca73cf3c52,2022_Lee,AC-4cbd321fd3e6c472,BLOCK-513383ed86a73488,5,BLOCK-513383ed86a73488
SSCP-99e3a68dae410219,MOL-65c459c880d9f52f,2021_Kelly,AC-5e5c956882423f52,BLOCK-4494eb5738fce47c,3,BLOCK-4494eb5738fce47c
SSCP-99e60c3cabef6a39,MOL-87f04ad4b872ede8,2020_Townsend,AC-78305ee2e743b795,BLOCK-513383ed86a73488,5,BLOCK-513383ed86a73488
SSCP-99fa14b3d42e899f,MOL-0ac9d7d959be7851,2016_Furukawa,AC-78305ee2e743b795,BLOCK-513383ed86a73488,5,BLOCK-513383ed86a73488
SSCP-99fb90f835370633,MOL-99bafc32529935f4,2020_Townsend,AC-78305ee2e743b795,BLOCK-513383ed86a73488,5,BLOCK-513383ed86a73488
SSCP-9a018f0c4bd11aca,MOL-1e38033f59e77e10,2020_Townsend,AC-78305ee2e743b795,BLOCK-513383ed86a73488,5,BLOCK-513383ed86a73488
SSCP-9a06ad25e873c93f,MOL-fe58ac575866f34c,2020_Townsend,AC-78305ee2e743b795,BLOCK-513383ed86a73488,5,BLOCK-513383ed86a73488
SSCP-9a0a95984ec63d4e,MOL-a47961813df094d1,2020_Townsend,AC-78305ee2e743b795,BLOCK-513383ed86a73488,5,BLOCK-513383ed86a73488
SSCP-9a0da285bdcaa176,MOL-018ce0a6ac345931,2020_Townsend,AC-78305ee2e743b795,BLOCK-513383ed86a73488,5,BLOCK-513383ed86a73488
SSCP-9a0fb7c581732db7,MOL-7f0fecf10b957e04,2016_Furukawa,AC-78305ee2e743b795,BLOCK-513383ed86a73488,5,BLOCK-513383ed86a73488
SSCP-9a104236dc769bbe,MOL-e72f6754e229d102,2020_Townsend,AC-78305ee2e743b795,BLOCK-513383ed86a73488,5,BLOCK-513383ed86a73488
SSCP-9a2106acb082ea36,MOL-89770c7d264bdf32,2016_Furukawa,AC-78305ee2e743b795,BLOCK-513383ed86a73488,5,BLOCK-513383ed86a73488
SSCP-9a351bb677264a80,MOL-cd843d68e41be110,2020_Townsend,AC-78305ee2e743b795,BLOCK-513383ed86a73488,5,BLOCK-513383ed86a73488
SSCP-9a3d71d94ec8eb6f,MOL-8b110359502a5f36,2024_Koch,AC-e82e3e242d3d320c,BLOCK-c5e520eb3b94ff25,15,BLOCK-c5e520eb3b94ff25
SSCP-9a42224a147bf07c,MOL-5902ed8c2f2e8dd8,2021_Kelly,AC-5e5c956882423f52,BLOCK-4494eb5738fce47c,3,BLOCK-4494eb5738fce47c
SSCP-9a463fd615ff5b98,MOL-e2ebad05af656139,2013_CHUGAI,AC-555968db9c5ca11a,BLOCK-5c361cba45039733,7,BLOCK-5c361cba45039733
SSCP-9a563ec83e3d854a,MOL-110e17d7e57c6fd3,2021_Kelly,AC-5e5c956882423f52,BLOCK-4494eb5738fce47c,3,BLOCK-4494eb5738fce47c
SSCP-9a593af0eeef8c0d,MOL-4c790fa96ff0cb26,2024_Koch,AC-e82e3e242d3d320c,BLOCK-c5e520eb3b94ff25,15,BLOCK-c5e520eb3b94ff25
SSCP-9a59e58d18a23cf5,MOL-65d0931c21892692,2020_Townsend,AC-78305ee2e743b795,BLOCK-513383ed86a73488,5,BLOCK-513383ed86a73488
SSCP-9a8d1d5686a38003,MOL-f413bab67b3c2715,2021_Kelly,AC-5e5c956882423f52,BLOCK-4494eb5738fce47c,3,BLOCK-4494eb5738fce47c
SSCP-9a91bd86fca1ae76,MOL-990633ae762dab89,2020_Townsend,AC-78305ee2e743b795,BLOCK-513383ed86a73488,5,BLOCK-513383ed86a73488
SSCP-9a93620f2877e635,MOL-c48cdca7355d1234,2024_Bergeron,AC-56c4e91809b5e2c6,BLOCK-5930edb067c8c52f,6,BLOCK-5930edb067c8c52f
SSCP-9a95b7fa80796612,MOL-b059e7cb428c5ea3,2024_Faris,AC-e82e3e242d3d320c,BLOCK-c5e520eb3b94ff25,15,BLOCK-c5e520eb3b94ff25
SSCP-9a97d435043ad3e8,MOL-4b6ce546bd2c32dd,2021_Kelly,AC-5e5c956882423f52,BLOCK-4494eb5738fce47c,3,BLOCK-4494eb5738fce47c
SSCP-9a9d535146bac5ae,MOL-16efaf3447b7ccdd,2013_CHUGAI,AC-cf95401a5715faa6,BLOCK-5c361cba45039733,7,BLOCK-5c361cba45039733
SSCP-9aabc7567302a0c2,MOL-19396331cfeca6c3,2021_Kelly,AC-5e5c956882423f52,BLOCK-4494eb5738fce47c,3,BLOCK-4494eb5738fce47c
SSCP-9ab4c67139390a1e,MOL-534a60c527f1d3cd,2020_Townsend,AC-78305ee2e743b795,BLOCK-513383ed86a73488,5,BLOCK-513383ed86a73488
SSCP-9ac14b97da2a3553,MOL-a9b7f6e15ecf5ab0,2013_CHUGAI,AC-9915a59ccaa1a737,BLOCK-5c361cba45039733,7,BLOCK-5c361cba45039733
SSCP-9ad2d65f300d119c,MOL-b2ee36c5e36755d4,2020_Townsend,AC-78305ee2e743b795,BLOCK-513383ed86a73488,5,BLOCK-513383ed86a73488
SSCP-9ad525df31ef3bfc,MOL-4ff2eb4e549f249a,2015_Ahlbach,AC-e11dd5805134cdb4,BLOCK-513383ed86a73488,5,BLOCK-513383ed86a73488
SSCP-9adc496c82422ac6,MOL-f262f570570fdbcc,2016_Furukawa,AC-78305ee2e743b795,BLOCK-513383ed86a73488,5,BLOCK-513383ed86a73488
SSCP-9adc52496d28f135,MOL-9a5c5f515553494e,2021_Kelly,AC-5e5c956882423f52,BLOCK-4494eb5738fce47c,3,BLOCK-4494eb5738fce47c
SSCP-9ae150ba6d8eaaf2,MOL-cc58abe67d17591c,2021_Kelly,AC-5e5c956882423f52,BLOCK-4494eb5738fce47c,3,BLOCK-4494eb5738fce47c
SSCP-9aeabe019615b96e,MOL-cd3168024e9a441a,2016_Furukawa,AC-78305ee2e743b795,BLOCK-513383ed86a73488,5,BLOCK-513383ed86a73488
SSCP-9af4d4af6db38393,MOL-c0cd1e9a5849caba,2013_CHUGAI,AC-cf95401a5715faa6,BLOCK-5c361cba45039733,7,BLOCK-5c361cba45039733
SSCP-9b0debfe50daa401,MOL-58c974f3859ebcd3,2021_Kelly,AC-5e5c956882423f52,BLOCK-4494eb5738fce47c,3,BLOCK-4494eb5738fce47c
SSCP-9b1198312a951a9b,MOL-a4d2b58c77fd47b4,2016_Furukawa,AC-78305ee2e743b795,BLOCK-513383ed86a73488,5,BLOCK-513383ed86a73488
SSCP-9b15782b1942aa0d,MOL-be5996a1dee62479,2021_Kelly,AC-5e5c956882423f52,BLOCK-4494eb5738fce47c,3,BLOCK-4494eb5738fce47c
SSCP-9b182e71a1c85c54,MOL-56fc0dba839586c6,2024_Koch,AC-e82e3e242d3d320c,BLOCK-c5e520eb3b94ff25,15,BLOCK-c5e520eb3b94ff25
SSCP-9b28e0b54552570e,MOL-803baed26265f222,2013_CHUGAI,AC-cf95401a5715faa6,BLOCK-5c361cba45039733,7,BLOCK-5c361cba45039733
SSCP-9b2c4ebf6b9e4f47,MOL-30dafb7cb3b35f11,2016_Furukawa,AC-78305ee2e743b795,BLOCK-513383ed86a73488,5,BLOCK-513383ed86a73488
SSCP-9b4bd5d91a3bd4d7,MOL-631bff272c7ddd56,2021_Kelly,AC-5e5c956882423f52,BLOCK-4494eb5738fce47c,3,BLOCK-4494eb5738fce47c
SSCP-9b5312bbd47cfd4e,MOL-87e9b1090fa5d790,2013_CHUGAI,AC-cf95401a5715faa6,BLOCK-5c361cba45039733,7,BLOCK-5c361cba45039733
SSCP-9b6dc076574429da,MOL-66bcba829060b9d2,2013_CHUGAI,AC-cf95401a5715faa6,BLOCK-5c361cba45039733,7,BLOCK-5c361cba45039733
SSCP-9b6dfe11b9f5f7c0,MOL-42a4451e5d662315,2021_Kelly,AC-ac7e5d0036401990,BLOCK-4494eb5738fce47c,3,BLOCK-4494eb5738fce47c
SSCP-9b6f50e0e3cef0d9,MOL-f34a871d17a8e11c,2021_Kelly,AC-5e5c956882423f52,BLOCK-4494eb5738fce47c,3,BLOCK-4494eb5738fce47c
SSCP-9b72770dc9e588cd,MOL-2fa00a853440fff2,2021_Kelly,AC-5e5c956882423f52,BLOCK-4494eb5738fce47c,3,BLOCK-4494eb5738fce47c
SSCP-9b89f3788fea1ea6,MOL-d7d6c8e6fe1691a8,2013_CHUGAI,AC-9915a59ccaa1a737,BLOCK-5c361cba45039733,7,BLOCK-5c361cba45039733
SSCP-9ba2c001841ad9db,MOL-c5f4cb823e8320c7,2024_Ly,AC-b74b4d5565722d16,BLOCK-bb4bcb852b735057,12,BLOCK-bb4bcb852b735057
SSCP-9ba8c11d6a93b015,MOL-01ccb4ba2128b822,2020_Townsend,AC-78305ee2e743b795,BLOCK-513383ed86a73488,5,BLOCK-513383ed86a73488
SSCP-9baaedecc6eff776,MOL-412728eb3cd2775a,2021_Kelly,AC-5e5c956882423f52,BLOCK-4494eb5738fce47c,3,BLOCK-4494eb5738fce47c
SSCP-9bb37401079c412e,MOL-401a57c66b383aaa,2021_Kelly,AC-ac7e5d0036401990,BLOCK-4494eb5738fce47c,3,BLOCK-4494eb5738fce47c
SSCP-9bba30b839c02c41,MOL-f229ebfcc12659f5,2020_Townsend,AC-78305ee2e743b795,BLOCK-513383ed86a73488,5,BLOCK-513383ed86a73488
SSCP-9bc00d5e281d61ba,MOL-d0555ea4a2de4067,2020_Townsend,AC-78305ee2e743b795,BLOCK-513383ed86a73488,5,BLOCK-513383ed86a73488
SSCP-9bcd95e33eb90614,MOL-b50bbe51ed1bf56a,2022_Taechalertpaisarn,AC-78305ee2e743b795,BLOCK-513383ed86a73488,5,BLOCK-513383ed86a73488
SSCP-9bced350ee4f8db5,MOL-4adedbee2c88d922,2020_Townsend,AC-78305ee2e743b795,BLOCK-513383ed86a73488,5,BLOCK-513383ed86a73488
SSCP-9bde22ecdd822756,MOL-a4ee1aa36c3583a1,2018_Lee,AC-50660f8319dc1976,BLOCK-c1585d53eda9a867,14,BLOCK-c1585d53eda9a867
SSCP-9bdf361189b3017d,MOL-b5a3e942a22bf848,2020_Townsend,AC-78305ee2e743b795,BLOCK-513383ed86a73488,5,BLOCK-513383ed86a73488
SSCP-9bdf8ae142f7dd6b,MOL-cd1f549d49744a43,2021_Kelly,AC-ac7e5d0036401990,BLOCK-4494eb5738fce47c,3,BLOCK-4494eb5738fce47c
SSCP-9be4e160b4d91b3a,MOL-1f7adf2f6ca71b1b,2020_Townsend,AC-78305ee2e743b795,BLOCK-513383ed86a73488,5,BLOCK-513383ed86a73488
SSCP-9bedb75bb504dc89,MOL-3a3f8dd175d5b2a9,2020_Townsend,AC-78305ee2e743b795,BLOCK-513383ed86a73488,5,BLOCK-513383ed86a73488
SSCP-9bfebc7e137a0ac0,MOL-3a663ae103af316d,2016_Furukawa,AC-78305ee2e743b795,BLOCK-513383ed86a73488,5,BLOCK-513383ed86a73488
SSCP-9c07888fc59135b0,MOL-1a0d6f09db1db38c,2021_Kelly,AC-ac7e5d0036401990,BLOCK-4494eb5738fce47c,3,BLOCK-4494eb5738fce47c
SSCP-9c119691821322b0,MOL-da3e18b88158f412,2020_Townsend,AC-78305ee2e743b795,BLOCK-513383ed86a73488,5,BLOCK-513383ed86a73488
SSCP-9c2a0ab594a6a42b,MOL-7f84d7ab5a72e102,2013_CHUGAI,AC-cf95401a5715faa6,BLOCK-5c361cba45039733,7,BLOCK-5c361cba45039733
SSCP-9c3b59749b75d1cc,MOL-fc0ac64d57bcf4c3,2006_Rezai_2,AC-e521a6b3b6226405,BLOCK-4acd8e0f532c9eb9,4,BLOCK-4acd8e0f532c9eb9
SSCP-9c4fd0359f495b48,MOL-9482ec9f89f51c22,2016_Furukawa,AC-78305ee2e743b795,BLOCK-513383ed86a73488,5,BLOCK-513383ed86a73488
SSCP-9c524ed20bec2884,MOL-6dc77c7155671c38,2020_Townsend,AC-78305ee2e743b795,BLOCK-513383ed86a73488,5,BLOCK-513383ed86a73488
SSCP-9c653e5b210941a4,MOL-5020e93b81336230,2020_Townsend,AC-78305ee2e743b795,BLOCK-513383ed86a73488,5,BLOCK-513383ed86a73488
SSCP-9c791dcab24f35c3,MOL-c6b6f908db07b9b3,2016_Furukawa,AC-78305ee2e743b795,BLOCK-513383ed86a73488,5,BLOCK-513383ed86a73488
SSCP-9c7ec57b38f11af0,MOL-57bdcdae7b3b66c4,2013_CHUGAI,AC-cf95401a5715faa6,BLOCK-5c361cba45039733,7,BLOCK-5c361cba45039733
SSCP-9c7f8fdf79d3b495,MOL-099750c20c850d2a,2020_Townsend,AC-78305ee2e743b795,BLOCK-513383ed86a73488,5,BLOCK-513383ed86a73488
SSCP-9c93f73c8743307e,MOL-e692b5c574e50ab9,2020_Townsend,AC-78305ee2e743b795,BLOCK-513383ed86a73488,5,BLOCK-513383ed86a73488
SSCP-9cb04b62b7b27c4c,MOL-b1f6f369275be2ff,2020_Townsend,AC-78305ee2e743b795,BLOCK-513383ed86a73488,5,BLOCK-513383ed86a73488
SSCP-9cbad76d4da2e4cd,MOL-544972c69ff56865,2020_Townsend,AC-78305ee2e743b795,BLOCK-513383ed86a73488,5,BLOCK-513383ed86a73488
SSCP-9cbb7d44c6af67d3,MOL-d620a3623e4a2ac2,2013_CHUGAI,AC-cf95401a5715faa6,BLOCK-5c361cba45039733,7,BLOCK-5c361cba45039733
SSCP-9cbea5ab2a1419f9,MOL-6774fec2a0e18f0c,2020_Townsend,AC-78305ee2e743b795,BLOCK-513383ed86a73488,5,BLOCK-513383ed86a73488
SSCP-9cbfe209c29e8aff,MOL-f7bce8dddc3cc172,2020_Townsend,AC-78305ee2e743b795,BLOCK-513383ed86a73488,5,BLOCK-513383ed86a73488
SSCP-9cc65caed4c90b55,MOL-f45f1c475f0a9855,2020_Townsend,AC-78305ee2e743b795,BLOCK-513383ed86a73488,5,BLOCK-513383ed86a73488
SSCP-9cd03db38a7ec7d4,MOL-bb1285af16c0f488,2021_Lee,AC-4cbd321fd3e6c472,BLOCK-513383ed86a73488,5,BLOCK-513383ed86a73488
SSCP-9cdf1e4b1e90c4c3,MOL-b96c22b484a4fed3,2021_Kelly,AC-5e5c956882423f52,BLOCK-4494eb5738fce47c,3,BLOCK-4494eb5738fce47c
SSCP-9cdfc5488e3460a4,MOL-b8d5bbd266d04b31,2020_Townsend,AC-78305ee2e743b795,BLOCK-513383ed86a73488,5,BLOCK-513383ed86a73488
SSCP-9d0086f0bb7a7714,MOL-30bc9285a6947502,2021_Kelly,AC-6d3257a2b83e15dc,BLOCK-4494eb5738fce47c,3,BLOCK-4494eb5738fce47c
SSCP-9d0322d71fe332f3,MOL-e100ee21463f3ea2,2021_Kelly,AC-5e5c956882423f52,BLOCK-4494eb5738fce47c,3,BLOCK-4494eb5738fce47c
SSCP-9d1357722509250a,MOL-a07e29f6cc1a55a1,2013_CHUGAI,AC-cf95401a5715faa6,BLOCK-5c361cba45039733,7,BLOCK-5c361cba45039733
SSCP-9d183cfffd4d18be,MOL-bca9be363928db0c,2021_Kelly,AC-5e5c956882423f52,BLOCK-4494eb5738fce47c,3,BLOCK-4494eb5738fce47c
SSCP-9d217d56c93b45bb,MOL-d993323cea862750,2020_Townsend,AC-78305ee2e743b795,BLOCK-513383ed86a73488,5,BLOCK-513383ed86a73488
SSCP-9d249510625e0baf,MOL-49d35262dd4e44f4,2022_Bhardwaj,AC-1bf27ea18405d7dc,BLOCK-513383ed86a73488,5,BLOCK-513383ed86a73488
SSCP-9d39818783ff5b79,MOL-ae8fb98ec6ea5a15,2020_Townsend,AC-78305ee2e743b795,BLOCK-513383ed86a73488,5,BLOCK-513383ed86a73488
SSCP-9d3acdc71861a15c,MOL-25d6ac4d0a4a62fb,2020_Townsend,AC-78305ee2e743b795,BLOCK-513383ed86a73488,5,BLOCK-513383ed86a73488
SSCP-9d42e9a8d14aa424,MOL-1621fed4aa7a1705,2016_Furukawa,AC-78305ee2e743b795,BLOCK-513383ed86a73488,5,BLOCK-513383ed86a73488
SSCP-9d463366489fd0e8,MOL-7f987a7d074ca05f,2024_Faris,AC-e82e3e242d3d320c,BLOCK-c5e520eb3b94ff25,15,BLOCK-c5e520eb3b94ff25
SSCP-9d46aa81ed041dfc,MOL-402c2e4d91fd4f00,2020_Townsend,AC-78305ee2e743b795,BLOCK-513383ed86a73488,5,BLOCK-513383ed86a73488
SSCP-9d49113764fe7ae8,MOL-dab36e37a437773f,2020_Townsend,AC-78305ee2e743b795,BLOCK-513383ed86a73488,5,BLOCK-513383ed86a73488
SSCP-9d4fa508dc463d6f,MOL-414bd6ff3edb01cf,2020_Townsend,AC-78305ee2e743b795,BLOCK-513383ed86a73488,5,BLOCK-513383ed86a73488
SSCP-9d51c62c5059400a,MOL-83044f069c4a72f9,2024_Koch,AC-e82e3e242d3d320c,BLOCK-c5e520eb3b94ff25,15,BLOCK-c5e520eb3b94ff25
SSCP-9d542eae17aaf2ed,MOL-3801d9ef5d7bbb99,2024_Koch,AC-e82e3e242d3d320c,BLOCK-c5e520eb3b94ff25,15,BLOCK-c5e520eb3b94ff25
SSCP-9d5df21fc53efbbe,MOL-0ced91ab64130aa3,2021_Kelly,AC-5e5c956882423f52,BLOCK-4494eb5738fce47c,3,BLOCK-4494eb5738fce47c
SSCP-9d6a58dfa8c619db,MOL-81b3aa0e70460668,2020_Townsend,AC-78305ee2e743b795,BLOCK-513383ed86a73488,5,BLOCK-513383ed86a73488
SSCP-9d7861e04d358f03,MOL-1f0d17684896e93d,2021_Kelly,AC-5e5c956882423f52,BLOCK-4494eb5738fce47c,3,BLOCK-4494eb5738fce47c
SSCP-9d7f32d9596aaf20,MOL-65c44e885a7f0043,2016_Furukawa,AC-78305ee2e743b795,BLOCK-513383ed86a73488,5,BLOCK-513383ed86a73488
SSCP-9d829eb6129c97d2,MOL-a24be87f2d66b9b1,2016_Furukawa,AC-78305ee2e743b795,BLOCK-513383ed86a73488,5,BLOCK-513383ed86a73488
SSCP-9d89939671d6bb81,MOL-4aac9f293c3b162b,2020_Townsend,AC-78305ee2e743b795,BLOCK-513383ed86a73488,5,BLOCK-513383ed86a73488
SSCP-9d94d35748186a2f,MOL-d7e007788906df76,2021_Kelly,AC-ac7e5d0036401990,BLOCK-4494eb5738fce47c,3,BLOCK-4494eb5738fce47c
SSCP-9d96637344ef986f,MOL-04cf10a72028251e,2021_Kelly,AC-5e5c956882423f52,BLOCK-4494eb5738fce47c,3,BLOCK-4494eb5738fce47c
SSCP-9da897547decec54,MOL-ea7135bd4a33123c,2020_Townsend,AC-78305ee2e743b795,BLOCK-513383ed86a73488,5,BLOCK-513383ed86a73488
SSCP-9da933527de5ab2c,MOL-a8ff3a752af0a250,2013_CHUGAI,AC-cf95401a5715faa6,BLOCK-5c361cba45039733,7,BLOCK-5c361cba45039733
SSCP-9db713cf4e8657df,MOL-fa7681326eb807a0,2020_Townsend,AC-78305ee2e743b795,BLOCK-513383ed86a73488,5,BLOCK-513383ed86a73488
SSCP-9dc1f499c663ad55,MOL-45ac7c05549d2cbf,2021_Kelly,AC-5e5c956882423f52,BLOCK-4494eb5738fce47c,3,BLOCK-4494eb5738fce47c
SSCP-9dd43e7494b34d38,MOL-7ada5bd94ec73a84,2020_Townsend,AC-78305ee2e743b795,BLOCK-513383ed86a73488,5,BLOCK-513383ed86a73488
SSCP-9dd91f4faa1f73e7,MOL-b8b41f389c60a18f,2016_Furukawa,AC-78305ee2e743b795,BLOCK-513383ed86a73488,5,BLOCK-513383ed86a73488
SSCP-9ddaa8380d5e91d2,MOL-8302926b88837dee,2020_Townsend,AC-78305ee2e743b795,BLOCK-513383ed86a73488,5,BLOCK-513383ed86a73488
SSCP-9ddebc0ebf9bf715,MOL-c895f8dc6fc62b79,2021_Kelly,AC-5e5c956882423f52,BLOCK-4494eb5738fce47c,3,BLOCK-4494eb5738fce47c
SSCP-9ddf195e3399a48e,MOL-85e724db839749c9,2022_Lee,AC-4cbd321fd3e6c472,BLOCK-513383ed86a73488,5,BLOCK-513383ed86a73488
SSCP-9de8b8eb9fe91c81,MOL-b2b9bc54029ff1b6,2021_Kelly,AC-5e5c956882423f52,BLOCK-4494eb5738fce47c,3,BLOCK-4494eb5738fce47c
SSCP-9dec4462d94f81b0,MOL-e5e5c65b2c07fa0e,2016_Furukawa,AC-78305ee2e743b795,BLOCK-513383ed86a73488,5,BLOCK-513383ed86a73488
SSCP-9dfa492779b0e65e,MOL-e89ec0bb21041fc7,2013_CHUGAI,AC-9915a59ccaa1a737,BLOCK-5c361cba45039733,7,BLOCK-5c361cba45039733
SSCP-9e03f9d1764f0c24,MOL-9a1b27ced2a07176,2020_Townsend,AC-78305ee2e743b795,BLOCK-513383ed86a73488,5,BLOCK-513383ed86a73488
SSCP-9e2bc66646245371,MOL-1461cfae1ff53032,2021_Kelly,AC-5e5c956882423f52,BLOCK-4494eb5738fce47c,3,BLOCK-4494eb5738fce47c
SSCP-9e2e4b20daa45878,MOL-73c1b410913892d2,2020_Townsend,AC-78305ee2e743b795,BLOCK-513383ed86a73488,5,BLOCK-513383ed86a73488
SSCP-9e2fea588e5f83ce,MOL-550e25650d37b05f,2020_Townsend,AC-78305ee2e743b795,BLOCK-513383ed86a73488,5,BLOCK-513383ed86a73488
SSCP-9e3830139ebd06fe,MOL-4931bd81f7601a40,2020_Townsend,AC-78305ee2e743b795,BLOCK-513383ed86a73488,5,BLOCK-513383ed86a73488
SSCP-9e614539ccc4b9bd,MOL-0e89594ccef97fb9,2013_CHUGAI,AC-cf95401a5715faa6,BLOCK-5c361cba45039733,7,BLOCK-5c361cba45039733
SSCP-9e95bf37b0c9e68c,MOL-bb36cd55f5e81464,2020_Townsend,AC-78305ee2e743b795,BLOCK-513383ed86a73488,5,BLOCK-513383ed86a73488
SSCP-9e9f2e71e9ae1db2,MOL-feb12b62186e3d52,2016_Frost,AC-2ee5aa5b9faf389d,BLOCK-513383ed86a73488,5,BLOCK-513383ed86a73488
SSCP-9ea413dd015084f2,MOL-fd6e86f989d47ad8,2016_Furukawa,AC-78305ee2e743b795,BLOCK-513383ed86a73488,5,BLOCK-513383ed86a73488
SSCP-9ea50a8108ab5014,MOL-27eecd63d5da9223,2021_Kelly,AC-ac7e5d0036401990,BLOCK-4494eb5738fce47c,3,BLOCK-4494eb5738fce47c
SSCP-9eb3f601fd20befc,MOL-0ca39a2e038e0aef,2022_Bhardwaj,AC-28e1766e8ac3aef6,BLOCK-513383ed86a73488,5,BLOCK-513383ed86a73488
SSCP-9eb75afe78866397,MOL-4af488bb93e69aab,2021_Comeau,AC-b74b4d5565722d16,BLOCK-bb4bcb852b735057,12,BLOCK-bb4bcb852b735057
SSCP-9ec53303d92ade3e,MOL-aaf26fcbe6d4ac0f,2013_CHUGAI,AC-cf95401a5715faa6,BLOCK-5c361cba45039733,7,BLOCK-5c361cba45039733
SSCP-9ecca02e1afd6153,MOL-e6474961b4633f4b,2020_Townsend,AC-78305ee2e743b795,BLOCK-513383ed86a73488,5,BLOCK-513383ed86a73488
SSCP-9ecd86fbafdf5dc3,MOL-ba236bb4e2526793,2021_Kelly,AC-5e5c956882423f52,BLOCK-4494eb5738fce47c,3,BLOCK-4494eb5738fce47c
SSCP-9ed1a042ecad9ab1,MOL-dff83393e9d964ff,2020_Townsend,AC-78305ee2e743b795,BLOCK-513383ed86a73488,5,BLOCK-513383ed86a73488
SSCP-9ed5910664666989,MOL-8f4cdf14ffe6c257,2020_Townsend,AC-78305ee2e743b795,BLOCK-513383ed86a73488,5,BLOCK-513383ed86a73488
SSCP-9edddbb95d1d3ab1,MOL-a19d4ebf3273b9b3,2021_Kelly,AC-5e5c956882423f52,BLOCK-4494eb5738fce47c,3,BLOCK-4494eb5738fce47c
SSCP-9ee04c2f99adf2f0,MOL-0f466416822ae035,2020_Townsend,AC-78305ee2e743b795,BLOCK-513383ed86a73488,5,BLOCK-513383ed86a73488
SSCP-9eeff14d84cdc1e5,MOL-2215e941ad7bed88,2024_Faris,AC-e82e3e242d3d320c,BLOCK-c5e520eb3b94ff25,15,BLOCK-c5e520eb3b94ff25
SSCP-9ef4b2f391ebb421,MOL-318d9c1fca9a1031,2016_Furukawa,AC-78305ee2e743b795,BLOCK-513383ed86a73488,5,BLOCK-513383ed86a73488
SSCP-9ef605f9c9f15ab5,MOL-015ee14cc0b0c341,2016_Furukawa,AC-78305ee2e743b795,BLOCK-513383ed86a73488,5,BLOCK-513383ed86a73488
SSCP-9ef800787eb9c187,MOL-3a6b221da23c941c,2022_Bhardwaj,AC-3e14dbb624e9d27e,BLOCK-513383ed86a73488,5,BLOCK-513383ed86a73488
SSCP-9f03c96b4cbcde7b,MOL-b80861da42bb6216,2016_Furukawa,AC-78305ee2e743b795,BLOCK-513383ed86a73488,5,BLOCK-513383ed86a73488
SSCP-9f16dcda9e1775d3,MOL-006be26305f6fe81,2020_Townsend,AC-78305ee2e743b795,BLOCK-513383ed86a73488,5,BLOCK-513383ed86a73488
SSCP-9f1c97d4374f3224,MOL-37e6b6c59e06d998,2020_Townsend,AC-78305ee2e743b795,BLOCK-513383ed86a73488,5,BLOCK-513383ed86a73488
SSCP-9f26f70f48af1d44,MOL-7c8e31cd89c5f321,2021_Kelly,AC-5e5c956882423f52,BLOCK-4494eb5738fce47c,3,BLOCK-4494eb5738fce47c
SSCP-9f37dfdc6fb5e106,MOL-c08365f2e28af667,2020_Townsend,AC-78305ee2e743b795,BLOCK-513383ed86a73488,5,BLOCK-513383ed86a73488
SSCP-9f4bdfb03bf6267e,MOL-04ba3b431dfc2416,2013_CHUGAI,AC-cf95401a5715faa6,BLOCK-5c361cba45039733,7,BLOCK-5c361cba45039733
SSCP-9f52824e1b1e9b38,MOL-fa1cb466fa358f54,2021_Kelly,AC-5e5c956882423f52,BLOCK-4494eb5738fce47c,3,BLOCK-4494eb5738fce47c
SSCP-9f5e9ccb824f9212,MOL-566e92ee4cf7d1f6,2021_Kelly,AC-5e5c956882423f52,BLOCK-4494eb5738fce47c,3,BLOCK-4494eb5738fce47c
SSCP-9f67017a4ac88ec0,MOL-a51104e1b5167714,2018_Naylor,AC-78305ee2e743b795,BLOCK-513383ed86a73488,5,BLOCK-513383ed86a73488
SSCP-9f6eaee9ccf6bf0e,MOL-182797fdc902d862,2021_Kelly,AC-5e5c956882423f52,BLOCK-4494eb5738fce47c,3,BLOCK-4494eb5738fce47c
SSCP-9f76b98ddcfcc9f0,MOL-356a18dd2df05638,2015_Bockus_2,AC-75c6ac7476f86a1a,BLOCK-ad504a636f9fcddf,11,BLOCK-ad504a636f9fcddf
SSCP-9f7e0ac2e11d7f39,MOL-11db4807b755aeef,2020_Townsend,AC-78305ee2e743b795,BLOCK-513383ed86a73488,5,BLOCK-513383ed86a73488
SSCP-9f8756b22fac9d56,MOL-81df270e9ac32efc,2021_Kelly,AC-5e5c956882423f52,BLOCK-4494eb5738fce47c,3,BLOCK-4494eb5738fce47c
SSCP-9f9dc0c2e63db4b1,MOL-2abd4797a079eeab,2021_Kelly,AC-5e5c956882423f52,BLOCK-4494eb5738fce47c,3,BLOCK-4494eb5738fce47c
SSCP-9faa9cbfc4dbe9ae,MOL-b436ad58e2afd240,2020_Townsend,AC-78305ee2e743b795,BLOCK-513383ed86a73488,5,BLOCK-513383ed86a73488
SSCP-9fb2885fad2f8999,MOL-0ce995a5e13fdd13,2020_Townsend,AC-78305ee2e743b795,BLOCK-513383ed86a73488,5,BLOCK-513383ed86a73488
SSCP-9fbb12136d124295,MOL-9e9dee3a5a1c2d5b,2021_Kelly,AC-5e5c956882423f52,BLOCK-4494eb5738fce47c,3,BLOCK-4494eb5738fce47c
SSCP-9fc049a757a34884,MOL-28f700579ba68873,2020_Townsend,AC-78305ee2e743b795,BLOCK-513383ed86a73488,5,BLOCK-513383ed86a73488
SSCP-9fc46366d8aa1365,MOL-0246616b52eceb5a,2021_Kelly,AC-5e5c956882423f52,BLOCK-4494eb5738fce47c,3,BLOCK-4494eb5738fce47c
SSCP-9fcbd77473791a8f,MOL-cc754344d5de5767,2022_Lee,AC-4cbd321fd3e6c472,BLOCK-513383ed86a73488,5,BLOCK-513383ed86a73488
SSCP-9fccc550ceee9d54,MOL-f0c8826fb314f51a,2013_CHUGAI,AC-70aa64681304dbb7,BLOCK-5c361cba45039733,7,BLOCK-5c361cba45039733
SSCP-9fd106a5c4113941,MOL-b1132c0856c0d697,2021_Kelly,AC-5e5c956882423f52,BLOCK-4494eb5738fce47c,3,BLOCK-4494eb5738fce47c
SSCP-9fd1c91770bc45db,MOL-5d174c3fa30e774d,2016_Furukawa,AC-78305ee2e743b795,BLOCK-513383ed86a73488,5,BLOCK-513383ed86a73488
SSCP-9fe1e2c7d1acd581,MOL-70bdad20b1f5b4cd,2021_Kelly,AC-5e5c956882423f52,BLOCK-4494eb5738fce47c,3,BLOCK-4494eb5738fce47c
SSCP-9fe3f2cb9849368d,MOL-8717890d0afa63df,2020_Townsend,AC-78305ee2e743b795,BLOCK-513383ed86a73488,5,BLOCK-513383ed86a73488
SSCP-9fed2bcbd11b091e,MOL-372e5c8b02577fc7,2020_Townsend,AC-78305ee2e743b795,BLOCK-513383ed86a73488,5,BLOCK-513383ed86a73488
SSCP-9ff8922ce9620f39,MOL-1de3f78e1cb14c6f,2020_Townsend,AC-78305ee2e743b795,BLOCK-513383ed86a73488,5,BLOCK-513383ed86a73488
SSCP-9fff12b0cc65ff5b,MOL-1f3d07a1ced07dc2,2021_Kelly,AC-5e5c956882423f52,BLOCK-4494eb5738fce47c,3,BLOCK-4494eb5738fce47c
SSCP-a008cfdb16a7b167,MOL-7bb2e76e048fc776,2016_Furukawa,AC-78305ee2e743b795,BLOCK-513383ed86a73488,5,BLOCK-513383ed86a73488
SSCP-a01b804dcda9fe0a,MOL-b1b9aee8617f3f4a,2020_Townsend,AC-78305ee2e743b795,BLOCK-513383ed86a73488,5,BLOCK-513383ed86a73488
SSCP-a01d259b1607eed2,MOL-3405a7790cbeaee0,2015_Marelli,AC-c5c5a3cae66cc8c1,BLOCK-513383ed86a73488,5,BLOCK-513383ed86a73488
SSCP-a0305b10591f8248,MOL-d7ab67ef1ab6c59c,2020_Townsend,AC-78305ee2e743b795,BLOCK-513383ed86a73488,5,BLOCK-513383ed86a73488
SSCP-a034fb896a7c2958,MOL-8a1a9836f2c950ef,2020_Townsend,AC-78305ee2e743b795,BLOCK-513383ed86a73488,5,BLOCK-513383ed86a73488
SSCP-a035401b0b2e90b7,MOL-2f4f7f9b8d73163d,2021_Kelly,AC-5e5c956882423f52,BLOCK-4494eb5738fce47c,3,BLOCK-4494eb5738fce47c
SSCP-a03ed164246c321f,MOL-48d3f56af6900d31,2021_Kelly,AC-5e5c956882423f52,BLOCK-4494eb5738fce47c,3,BLOCK-4494eb5738fce47c
SSCP-a0486de9972074a8,MOL-82588b3eb9ebf9f0,2021_Kelly,AC-5e5c956882423f52,BLOCK-4494eb5738fce47c,3,BLOCK-4494eb5738fce47c
SSCP-a05f3e57f00392c8,MOL-51a811431156c355,2013_CHUGAI,AC-cf95401a5715faa6,BLOCK-5c361cba45039733,7,BLOCK-5c361cba45039733
SSCP-a085def931b12695,MOL-97b9ba791abfb889,2020_Townsend,AC-78305ee2e743b795,BLOCK-513383ed86a73488,5,BLOCK-513383ed86a73488
SSCP-a08c3698e6b597af,MOL-774e91846d56fe95,2016_Furukawa,AC-78305ee2e743b795,BLOCK-513383ed86a73488,5,BLOCK-513383ed86a73488
SSCP-a099df84b9551b92,MOL-1a217e50a665eba1,2021_Kelly,AC-5e5c956882423f52,BLOCK-4494eb5738fce47c,3,BLOCK-4494eb5738fce47c
SSCP-a0a570a5c6e38611,MOL-fe91dd97ae136b00,2020_Townsend,AC-78305ee2e743b795,BLOCK-513383ed86a73488,5,BLOCK-513383ed86a73488
SSCP-a0a8a3ea3623fa21,MOL-ff324137898239e5,2016_Furukawa,AC-78305ee2e743b795,BLOCK-513383ed86a73488,5,BLOCK-513383ed86a73488
SSCP-a0a8f4db0758348b,MOL-c72d04b5fdeff064,2013_CHUGAI,AC-cf95401a5715faa6,BLOCK-5c361cba45039733,7,BLOCK-5c361cba45039733
SSCP-a0ab2e90a0a48835,MOL-e8c85cf81af58373,2016_Furukawa,AC-78305ee2e743b795,BLOCK-513383ed86a73488,5,BLOCK-513383ed86a73488
SSCP-a0cffc6edb5a5c63,MOL-437981d1acf9ae36,2024_Faris,AC-e82e3e242d3d320c,BLOCK-c5e520eb3b94ff25,15,BLOCK-c5e520eb3b94ff25
SSCP-a0d3485195f18992,MOL-8fcae0a69fe8b472,2021_Kelly,AC-5e5c956882423f52,BLOCK-4494eb5738fce47c,3,BLOCK-4494eb5738fce47c
SSCP-a0dd22bdea66dfa8,MOL-ab268a16fa4fa161,2021_Kelly,AC-5e5c956882423f52,BLOCK-4494eb5738fce47c,3,BLOCK-4494eb5738fce47c
SSCP-a0df4e23fe8c388a,MOL-8ce4f366ccf02c79,2020_Townsend,AC-78305ee2e743b795,BLOCK-513383ed86a73488,5,BLOCK-513383ed86a73488
SSCP-a0eff1bce624a57c,MOL-a233304e9fe46510,2020_Townsend,AC-78305ee2e743b795,BLOCK-513383ed86a73488,5,BLOCK-513383ed86a73488
SSCP-a0fb0296ecfe4183,MOL-6342ecc9c615e921,2020_Townsend,AC-78305ee2e743b795,BLOCK-513383ed86a73488,5,BLOCK-513383ed86a73488
SSCP-a11205a29db036f1,MOL-5176cd91cc9deea3,2020_Townsend,AC-78305ee2e743b795,BLOCK-513383ed86a73488,5,BLOCK-513383ed86a73488
SSCP-a1126d0f63feb6d7,MOL-3c8ab75df2112ef1,2016_Furukawa,AC-78305ee2e743b795,BLOCK-513383ed86a73488,5,BLOCK-513383ed86a73488
SSCP-a117cb3a3794bb73,MOL-3d8c2aed9e86220b,2021_Kelly,AC-5e5c956882423f52,BLOCK-4494eb5738fce47c,3,BLOCK-4494eb5738fce47c
SSCP-a11d46ff8c2f711d,MOL-14160acb76539f53,2013_CHUGAI,AC-cf95401a5715faa6,BLOCK-5c361cba45039733,7,BLOCK-5c361cba45039733
SSCP-a13587005a5efaf4,MOL-c88266073bc3518d,2021_Kelly,AC-5e5c956882423f52,BLOCK-4494eb5738fce47c,3,BLOCK-4494eb5738fce47c
SSCP-a1484e3d7df86f75,MOL-53428b1c8abb88bc,2020_Townsend,AC-78305ee2e743b795,BLOCK-513383ed86a73488,5,BLOCK-513383ed86a73488
SSCP-a14db0bbddaa41da,MOL-234ea34daf8bd98e,2024_Koch,AC-e82e3e242d3d320c,BLOCK-c5e520eb3b94ff25,15,BLOCK-c5e520eb3b94ff25
SSCP-a14f71c3681d4e79,MOL-6b1cc8af8db1a579,2016_Furukawa,AC-78305ee2e743b795,BLOCK-513383ed86a73488,5,BLOCK-513383ed86a73488
SSCP-a156fa2807aad0dd,MOL-9954690160a4455a,2021_Kelly,AC-5e5c956882423f52,BLOCK-4494eb5738fce47c,3,BLOCK-4494eb5738fce47c
SSCP-a15a4dd30b9cf821,MOL-8c989436e8240e51,2021_Kelly,AC-5e5c956882423f52,BLOCK-4494eb5738fce47c,3,BLOCK-4494eb5738fce47c
SSCP-a15c7a78af6c52ab,MOL-1a43ae96e4da9ec0,2020_Le Roux,AC-a4da788b8e3ca8e0,BLOCK-bb4bcb852b735057,12,BLOCK-bb4bcb852b735057
SSCP-a16c3667168bc2ac,MOL-f188ae5c082fe0dd,2020_Townsend,AC-78305ee2e743b795,BLOCK-513383ed86a73488,5,BLOCK-513383ed86a73488
SSCP-a174b446808a302d,MOL-69dd021053275fd8,2020_Townsend,AC-78305ee2e743b795,BLOCK-513383ed86a73488,5,BLOCK-513383ed86a73488
SSCP-a18000945291350f,MOL-04632af3663f8268,2020_Furukawa,AC-114e657b947b31ec,BLOCK-5f91132e1b252609,9,BLOCK-5f91132e1b252609
SSCP-a182629bc989311e,MOL-d06e8552227926a6,2013_CHUGAI,AC-9915a59ccaa1a737,BLOCK-5c361cba45039733,7,BLOCK-5c361cba45039733
SSCP-a1910ac1524ba60d,MOL-725bbbfee66ad010,2020_Townsend,AC-78305ee2e743b795,BLOCK-513383ed86a73488,5,BLOCK-513383ed86a73488
SSCP-a19cdbfedf83df91,MOL-3815ab275292e008,2016_Furukawa,AC-78305ee2e743b795,BLOCK-513383ed86a73488,5,BLOCK-513383ed86a73488
SSCP-a19ddb7c1cfa7825,MOL-bbb09ecc00a9bb03,2024_Faris,AC-e82e3e242d3d320c,BLOCK-c5e520eb3b94ff25,15,BLOCK-c5e520eb3b94ff25
SSCP-a1b9ba0617f90fe1,MOL-638ce8577ba2b8ac,2020_Townsend,AC-78305ee2e743b795,BLOCK-513383ed86a73488,5,BLOCK-513383ed86a73488
SSCP-a1ba4247b8008370,MOL-a6f70155a6933544,2013_CHUGAI,AC-9915a59ccaa1a737,BLOCK-5c361cba45039733,7,BLOCK-5c361cba45039733
SSCP-a1d42a8e9e5f6eca,MOL-c8eaac4f14dfc36e,2016_Furukawa,AC-78305ee2e743b795,BLOCK-513383ed86a73488,5,BLOCK-513383ed86a73488
SSCP-a1d73481dc0c3e63,MOL-bad937efbade1dfc,2020_Townsend,AC-78305ee2e743b795,BLOCK-513383ed86a73488,5,BLOCK-513383ed86a73488
SSCP-a1d9abb5ea21041a,MOL-fc88392fd32b1229,2020_Townsend,AC-78305ee2e743b795,BLOCK-513383ed86a73488,5,BLOCK-513383ed86a73488
SSCP-a1e18b3d7e9e55a9,MOL-65d05f6515b910e5,2020_Townsend,AC-78305ee2e743b795,BLOCK-513383ed86a73488,5,BLOCK-513383ed86a73488
SSCP-a1e739f3a781dc37,MOL-7c5c77d0ff68b2db,2020_Townsend,AC-78305ee2e743b795,BLOCK-513383ed86a73488,5,BLOCK-513383ed86a73488
SSCP-a1ee96363963d25e,MOL-9e7556ffe871bfc8,2020_Townsend,AC-78305ee2e743b795,BLOCK-513383ed86a73488,5,BLOCK-513383ed86a73488
SSCP-a1f06dfb5435e347,MOL-d8b44bc8fce92616,2016_Furukawa,AC-78305ee2e743b795,BLOCK-513383ed86a73488,5,BLOCK-513383ed86a73488
SSCP-a200dd1670d9f348,MOL-850202b075dec3ff,2020_Townsend,AC-78305ee2e743b795,BLOCK-513383ed86a73488,5,BLOCK-513383ed86a73488
SSCP-a20271a65365cf88,MOL-d8582aec8ccaca23,2021_Kelly,AC-5e5c956882423f52,BLOCK-4494eb5738fce47c,3,BLOCK-4494eb5738fce47c
SSCP-a20e03c2f6ecc793,MOL-b793aaa330218829,2022_Bhardwaj,AC-a0e7907a4922edad,BLOCK-513383ed86a73488,5,BLOCK-513383ed86a73488
SSCP-a215d7f8e2cd5949,MOL-502168881ec2b1de,2021_Kelly,AC-5e5c956882423f52,BLOCK-4494eb5738fce47c,3,BLOCK-4494eb5738fce47c
SSCP-a219cc98971fec70,MOL-04d5b87d53d24aed,2020_Townsend,AC-78305ee2e743b795,BLOCK-513383ed86a73488,5,BLOCK-513383ed86a73488
SSCP-a22439c4a1d1257a,MOL-af5ed667cb0efc3f,2020_Townsend,AC-78305ee2e743b795,BLOCK-513383ed86a73488,5,BLOCK-513383ed86a73488
SSCP-a2273d14c77de6d2,MOL-1298f325d1b3fda0,2021_Kelly,AC-5e5c956882423f52,BLOCK-4494eb5738fce47c,3,BLOCK-4494eb5738fce47c
SSCP-a228afc2c5d68649,MOL-2aaa34ab295f966b,2021_Wang,AC-99feeb9134b09eb5,BLOCK-d0fe24e9c28856d1,16,BLOCK-d0fe24e9c28856d1
SSCP-a231d4deb74ec77e,MOL-e752b1223eb62e0c,2016_Furukawa,AC-78305ee2e743b795,BLOCK-513383ed86a73488,5,BLOCK-513383ed86a73488
SSCP-a23997396706ccf6,MOL-f56f3acca930ba1f,2024_Faris,AC-e82e3e242d3d320c,BLOCK-c5e520eb3b94ff25,15,BLOCK-c5e520eb3b94ff25
SSCP-a242c7c64c2a78cc,MOL-7c9633115a573bcc,2020_Townsend,AC-78305ee2e743b795,BLOCK-513383ed86a73488,5,BLOCK-513383ed86a73488
SSCP-a247e6a328e31023,MOL-c08df5f381c7eb31,2020_Townsend,AC-78305ee2e743b795,BLOCK-513383ed86a73488,5,BLOCK-513383ed86a73488
SSCP-a25014698399b3cf,MOL-0f957406969d2eac,2024_Koch,AC-e82e3e242d3d320c,BLOCK-c5e520eb3b94ff25,15,BLOCK-c5e520eb3b94ff25
SSCP-a26c77a1250ea29a,MOL-badac8e6bd4047da,2021_Kelly,AC-5e5c956882423f52,BLOCK-4494eb5738fce47c,3,BLOCK-4494eb5738fce47c
SSCP-a27a165c1d4b62b4,MOL-dc048fc11b51b989,2020_Townsend,AC-78305ee2e743b795,BLOCK-513383ed86a73488,5,BLOCK-513383ed86a73488
SSCP-a282b514c040917f,MOL-a98509ef20fcfbbc,2020_Townsend,AC-78305ee2e743b795,BLOCK-513383ed86a73488,5,BLOCK-513383ed86a73488
SSCP-a2a9e9f0cb760b17,MOL-c271642f4c2e26c1,2024_Faris,AC-e82e3e242d3d320c,BLOCK-c5e520eb3b94ff25,15,BLOCK-c5e520eb3b94ff25
SSCP-a2af9faf2d6f5bb2,MOL-1f8d1c54bd0a9e83,2021_Kelly,AC-5e5c956882423f52,BLOCK-4494eb5738fce47c,3,BLOCK-4494eb5738fce47c
SSCP-a2b0014c5975279c,MOL-3d315567087a9d57,2020_Townsend,AC-78305ee2e743b795,BLOCK-513383ed86a73488,5,BLOCK-513383ed86a73488
SSCP-a2badc527735e800,MOL-1bcc81659642771b,2020_Townsend,AC-78305ee2e743b795,BLOCK-513383ed86a73488,5,BLOCK-513383ed86a73488
SSCP-a2bfa0dd3af33e43,MOL-c49d0c5938343860,2020_Townsend,AC-78305ee2e743b795,BLOCK-513383ed86a73488,5,BLOCK-513383ed86a73488
SSCP-a2cde3a150a73638,MOL-ca205ec1d338530d,2020_Townsend,AC-78305ee2e743b795,BLOCK-513383ed86a73488,5,BLOCK-513383ed86a73488
SSCP-a2e4cad8c41693e5,MOL-84aa7d4c46715def,2020_Townsend,AC-78305ee2e743b795,BLOCK-513383ed86a73488,5,BLOCK-513383ed86a73488
SSCP-a2eacddad57865de,MOL-5ecaa5fedb38a8b7,2013_CHUGAI,AC-9915a59ccaa1a737,BLOCK-5c361cba45039733,7,BLOCK-5c361cba45039733
SSCP-a2eae24a162f0659,MOL-646e8c3648beb589,2021_Kelly,AC-5e5c956882423f52,BLOCK-4494eb5738fce47c,3,BLOCK-4494eb5738fce47c
SSCP-a2ecd2395feb34f1,MOL-1a83e4fcff9b6af1,2013_CHUGAI,AC-cf95401a5715faa6,BLOCK-5c361cba45039733,7,BLOCK-5c361cba45039733
SSCP-a2f3fcb2fc410da1,MOL-fb3f2cb7cff933dc,2020_Townsend,AC-78305ee2e743b795,BLOCK-513383ed86a73488,5,BLOCK-513383ed86a73488
SSCP-a2f8e5eb1265fda7,MOL-f097e420bf82a5a2,2020_Townsend,AC-78305ee2e743b795,BLOCK-513383ed86a73488,5,BLOCK-513383ed86a73488
SSCP-a2fa3a73b972207b,MOL-c7eeb2be9949a5b6,2020_Townsend,AC-78305ee2e743b795,BLOCK-513383ed86a73488,5,BLOCK-513383ed86a73488
SSCP-a301f0bf1c693e5c,MOL-52076f4cffc4fb7d,2020_Townsend,AC-78305ee2e743b795,BLOCK-513383ed86a73488,5,BLOCK-513383ed86a73488
SSCP-a30de48252bad7e9,MOL-db568253c4678504,2021_Kelly,AC-5e5c956882423f52,BLOCK-4494eb5738fce47c,3,BLOCK-4494eb5738fce47c
SSCP-a31184100a992a68,MOL-4269d1f1b884b5be,2021_Kelly,AC-5e5c956882423f52,BLOCK-4494eb5738fce47c,3,BLOCK-4494eb5738fce47c
SSCP-a3146e09eeab8bef,MOL-f3f5254bf9846b84,2021_Kelly,AC-5e5c956882423f52,BLOCK-4494eb5738fce47c,3,BLOCK-4494eb5738fce47c
SSCP-a31bd1d96bb8fdeb,MOL-35ecaa3e6a1840be,2015_Wang,AC-78305ee2e743b795,BLOCK-513383ed86a73488,5,BLOCK-513383ed86a73488
SSCP-a31f37d7a6fb772d,MOL-269d187470a6626b,2021_Kelly,AC-5e5c956882423f52,BLOCK-4494eb5738fce47c,3,BLOCK-4494eb5738fce47c
SSCP-a32b99cb9f4ffc56,MOL-9a934780da2c9ff2,2020_Townsend,AC-78305ee2e743b795,BLOCK-513383ed86a73488,5,BLOCK-513383ed86a73488
SSCP-a32e7bc14392869c,MOL-d19f97cf7ce49334,2020_Townsend,AC-78305ee2e743b795,BLOCK-513383ed86a73488,5,BLOCK-513383ed86a73488
SSCP-a33281cf3ab9c57c,MOL-d2ca6845efd84f51,2013_CHUGAI,AC-cf95401a5715faa6,BLOCK-5c361cba45039733,7,BLOCK-5c361cba45039733
SSCP-a338ef4fb3c3fc7a,MOL-3fb75cd88684c8f9,2013_CHUGAI,AC-9915a59ccaa1a737,BLOCK-5c361cba45039733,7,BLOCK-5c361cba45039733
SSCP-a33f68c5ec7a1af2,MOL-7111737ede85b679,2020_Townsend,AC-78305ee2e743b795,BLOCK-513383ed86a73488,5,BLOCK-513383ed86a73488
SSCP-a33f92e9103a455d,MOL-8323e83410362af9,2020_Barlow,AC-741ab05286c210ec,BLOCK-8dbd1f0100199b32,10,BLOCK-8dbd1f0100199b32
SSCP-a33fad52232e009d,MOL-96be79b1747921e3,2022_Taechalertpaisarn,AC-78305ee2e743b795,BLOCK-513383ed86a73488,5,BLOCK-513383ed86a73488
SSCP-a34614376f11b3af,MOL-eaed118adf8baa13,2021_Kelly,AC-5e5c956882423f52,BLOCK-4494eb5738fce47c,3,BLOCK-4494eb5738fce47c
SSCP-a34bac16b2bcec6c,MOL-735864e47b70230d,2015_Wang,AC-98f6f3b9b38984c8,BLOCK-513383ed86a73488,5,BLOCK-513383ed86a73488
SSCP-a34bcd41280abf58,MOL-d0f18f57581c935d,2013_CHUGAI,AC-02b5435135466654,BLOCK-5c361cba45039733,7,BLOCK-5c361cba45039733
SSCP-a355d58ded58435c,MOL-14f6f190d2411db1,2024_Faris,AC-e82e3e242d3d320c,BLOCK-c5e520eb3b94ff25,15,BLOCK-c5e520eb3b94ff25
SSCP-a35882838c899f73,MOL-2a46c7f8c1eb2276,2020_Townsend,AC-78305ee2e743b795,BLOCK-513383ed86a73488,5,BLOCK-513383ed86a73488
SSCP-a360f416ad250281,MOL-af85944a35000895,2016_Furukawa,AC-78305ee2e743b795,BLOCK-513383ed86a73488,5,BLOCK-513383ed86a73488
SSCP-a3663ecbef2876b9,MOL-6c7a87976720bcda,2020_Townsend,AC-78305ee2e743b795,BLOCK-513383ed86a73488,5,BLOCK-513383ed86a73488
SSCP-a36db26899889060,MOL-8241e9f0da0ad35e,2020_Townsend,AC-78305ee2e743b795,BLOCK-513383ed86a73488,5,BLOCK-513383ed86a73488
SSCP-a37a6025a11c03f0,MOL-8aa8a4622d744888,2020_Townsend,AC-78305ee2e743b795,BLOCK-513383ed86a73488,5,BLOCK-513383ed86a73488
SSCP-a38890ca6ac3250e,MOL-87c62f9b1094d3e6,2021_Kelly,AC-5e5c956882423f52,BLOCK-4494eb5738fce47c,3,BLOCK-4494eb5738fce47c
SSCP-a388c6abce4edd30,MOL-3ba5b7913846bbd5,2020_Le Roux,AC-b74b4d5565722d16,BLOCK-bb4bcb852b735057,12,BLOCK-bb4bcb852b735057
SSCP-a39de95188bcd01e,MOL-1065a680ff8b557d,2021_Kelly,AC-5e5c956882423f52,BLOCK-4494eb5738fce47c,3,BLOCK-4494eb5738fce47c
SSCP-a39f73c3110113af,MOL-18a33f9a24cc29ae,2020_Townsend,AC-78305ee2e743b795,BLOCK-513383ed86a73488,5,BLOCK-513383ed86a73488
SSCP-a3c1b91b8fc5c942,MOL-0c357a37cfa28e07,2018_Naylor,AC-78305ee2e743b795,BLOCK-513383ed86a73488,5,BLOCK-513383ed86a73488
SSCP-a3d6439b441fc497,MOL-6baa89fec9978b1f,2013_CHUGAI,AC-cf95401a5715faa6,BLOCK-5c361cba45039733,7,BLOCK-5c361cba45039733
SSCP-a3db2cefc2169414,MOL-2f99cc84c9148b3d,2020_Townsend,AC-78305ee2e743b795,BLOCK-513383ed86a73488,5,BLOCK-513383ed86a73488
SSCP-a3dbcd30c03fab54,MOL-f0368bbb83e18b7d,2013_CHUGAI,AC-6caba86ba5b53ed1,BLOCK-5c361cba45039733,7,BLOCK-5c361cba45039733
SSCP-a3dcd1a97d54eb24,MOL-7eaf690474fd6377,2020_Townsend,AC-78305ee2e743b795,BLOCK-513383ed86a73488,5,BLOCK-513383ed86a73488
SSCP-a3de39b52aeadf8d,MOL-a67336e303db585c,2016_Furukawa,AC-78305ee2e743b795,BLOCK-513383ed86a73488,5,BLOCK-513383ed86a73488
SSCP-a3e35bc92275a5ef,MOL-391ccedbe589e199,2018_Naylor,AC-78305ee2e743b795,BLOCK-513383ed86a73488,5,BLOCK-513383ed86a73488
SSCP-a3e9267a47f52e46,MOL-849578f9caf01ad8,2016_Furukawa,AC-78305ee2e743b795,BLOCK-513383ed86a73488,5,BLOCK-513383ed86a73488
SSCP-a3ee0e958c2fd018,MOL-39796a15f1ff3730,2020_Hosono,AC-78305ee2e743b795,BLOCK-513383ed86a73488,5,BLOCK-513383ed86a73488
SSCP-a3f1ae8f42efd4da,MOL-e0e3823a45b3a072,2013_CHUGAI,AC-46a7f0b10bd84074,BLOCK-5c361cba45039733,7,BLOCK-5c361cba45039733
SSCP-a3f47bb93639a1d5,MOL-8247bf3ac133ae3c,2020_Townsend,AC-78305ee2e743b795,BLOCK-513383ed86a73488,5,BLOCK-513383ed86a73488
SSCP-a3f719f29b139627,MOL-ecc656d363ea829f,2013_CHUGAI,AC-cf95401a5715faa6,BLOCK-5c361cba45039733,7,BLOCK-5c361cba45039733
SSCP-a3fc8980da055527,MOL-417c7f10ade6dfdf,2020_Townsend,AC-78305ee2e743b795,BLOCK-513383ed86a73488,5,BLOCK-513383ed86a73488
SSCP-a3fdc4bb7457e5ad,MOL-d28e56defc35a5dc,2021_Kelly,AC-5e5c956882423f52,BLOCK-4494eb5738fce47c,3,BLOCK-4494eb5738fce47c
SSCP-a40101e65b6653d1,MOL-48dd35ce3e7ce812,2020_Townsend,AC-78305ee2e743b795,BLOCK-513383ed86a73488,5,BLOCK-513383ed86a73488
SSCP-a402257e26a984b2,MOL-cab8ec47397fd966,2021_Kelly,AC-5e5c956882423f52,BLOCK-4494eb5738fce47c,3,BLOCK-4494eb5738fce47c
SSCP-a402f585cdab0ddb,MOL-1b77a9d653d33def,2021_Kelly,AC-5e5c956882423f52,BLOCK-4494eb5738fce47c,3,BLOCK-4494eb5738fce47c
SSCP-a405e16d7765609d,MOL-7f46fcb64c08e3ad,2020_Townsend,AC-78305ee2e743b795,BLOCK-513383ed86a73488,5,BLOCK-513383ed86a73488
SSCP-a4119704a77e847a,MOL-6a228916ec958945,2013_CHUGAI,AC-9915a59ccaa1a737,BLOCK-5c361cba45039733,7,BLOCK-5c361cba45039733
SSCP-a412a2d4bddc93a8,MOL-a5c18394f9c3ac9d,2020_Townsend,AC-78305ee2e743b795,BLOCK-513383ed86a73488,5,BLOCK-513383ed86a73488
SSCP-a413a8e8194e8460,MOL-3460d7c87301acea,2013_CHUGAI,AC-9915a59ccaa1a737,BLOCK-5c361cba45039733,7,BLOCK-5c361cba45039733
SSCP-a4252a88b5284351,MOL-c76ceeabc561a29a,2020_Barlow,AC-741ab05286c210ec,BLOCK-8dbd1f0100199b32,10,BLOCK-8dbd1f0100199b32
SSCP-a42af28b04ff2415,MOL-c5004af09ee3c257,2021_Kelly,AC-5e5c956882423f52,BLOCK-4494eb5738fce47c,3,BLOCK-4494eb5738fce47c
SSCP-a42de7139306a2d2,MOL-73fc57c7c1f4e677,2020_Townsend,AC-78305ee2e743b795,BLOCK-513383ed86a73488,5,BLOCK-513383ed86a73488
SSCP-a433eb98cdbee8d8,MOL-652392c4d2fd7264,2021_Kelly,AC-5e5c956882423f52,BLOCK-4494eb5738fce47c,3,BLOCK-4494eb5738fce47c
SSCP-a437364139bdec91,MOL-6ab41fd25b35a964,2013_CHUGAI,AC-cf95401a5715faa6,BLOCK-5c361cba45039733,7,BLOCK-5c361cba45039733
SSCP-a4439ffb25a2820e,MOL-220798cbb7a4b148,2021_Kelly,AC-5e5c956882423f52,BLOCK-4494eb5738fce47c,3,BLOCK-4494eb5738fce47c
SSCP-a44d5e0c7ff720ca,MOL-6712116200742704,2021_Kelly,AC-ac7e5d0036401990,BLOCK-4494eb5738fce47c,3,BLOCK-4494eb5738fce47c
SSCP-a44ea30ad2d41745,MOL-af77a07da660a5ff,2021_Kelly,AC-5e5c956882423f52,BLOCK-4494eb5738fce47c,3,BLOCK-4494eb5738fce47c
SSCP-a45465c43a3682a7,MOL-015f9ca8e61ccb4b,2021_Kelly,AC-6d3257a2b83e15dc,BLOCK-4494eb5738fce47c,3,BLOCK-4494eb5738fce47c
SSCP-a45829f890dbc80d,MOL-ecfc93d8d209e92c,2013_CHUGAI,AC-9915a59ccaa1a737,BLOCK-5c361cba45039733,7,BLOCK-5c361cba45039733
SSCP-a460c7e5e94fca75,MOL-acfddc0fb3a78033,2021_Kelly,AC-5e5c956882423f52,BLOCK-4494eb5738fce47c,3,BLOCK-4494eb5738fce47c
SSCP-a464a11ba542f9e7,MOL-f2a653199113bba7,2020_Townsend,AC-78305ee2e743b795,BLOCK-513383ed86a73488,5,BLOCK-513383ed86a73488
SSCP-a4668f40f90200dd,MOL-abf9da00307ff738,2018_Naylor,AC-78305ee2e743b795,BLOCK-513383ed86a73488,5,BLOCK-513383ed86a73488
SSCP-a466f312a94f0e00,MOL-06ae9eb02ebe307d,2013_CHUGAI,AC-da231aba7fb52c8d,BLOCK-5c361cba45039733,7,BLOCK-5c361cba45039733
SSCP-a46728be64b7e2ae,MOL-8faba416a1b907d5,2020_Le Roux,AC-b74b4d5565722d16,BLOCK-bb4bcb852b735057,12,BLOCK-bb4bcb852b735057
SSCP-a47f97121d419e9c,MOL-7dc2acb6545a65f0,2020_Townsend,AC-78305ee2e743b795,BLOCK-513383ed86a73488,5,BLOCK-513383ed86a73488
SSCP-a480b528f8d31b5c,MOL-041a624bb95da077,2016_Furukawa,AC-78305ee2e743b795,BLOCK-513383ed86a73488,5,BLOCK-513383ed86a73488
SSCP-a49238d4f85aa766,MOL-fdc155839229b913,2021_Kelly,AC-5e5c956882423f52,BLOCK-4494eb5738fce47c,3,BLOCK-4494eb5738fce47c
SSCP-a49571890ed1d02f,MOL-abfe1eeb61553b23,2020_Townsend,AC-78305ee2e743b795,BLOCK-513383ed86a73488,5,BLOCK-513383ed86a73488
SSCP-a49cdb86269ea734,MOL-691bd9606095c6ba,2021_Kelly,AC-5e5c956882423f52,BLOCK-4494eb5738fce47c,3,BLOCK-4494eb5738fce47c
SSCP-a4ac8a419fd11687,MOL-362d1b9494ab1df0,2018_Naylor,AC-78305ee2e743b795,BLOCK-513383ed86a73488,5,BLOCK-513383ed86a73488
SSCP-a4af7c169ea90866,MOL-3de8549949955d46,2021_Kelly,AC-5e5c956882423f52,BLOCK-4494eb5738fce47c,3,BLOCK-4494eb5738fce47c
SSCP-a4b3d40d2c9a6fa7,MOL-96b0398699805e99,2021_Kelly,AC-5e5c956882423f52,BLOCK-4494eb5738fce47c,3,BLOCK-4494eb5738fce47c
SSCP-a4be0465f39338ae,MOL-76f49fc945aa2790,2024_Faris,AC-e82e3e242d3d320c,BLOCK-c5e520eb3b94ff25,15,BLOCK-c5e520eb3b94ff25
SSCP-a4c6e646d8cd613b,MOL-92f982646c6c6664,2013_CHUGAI,AC-cf95401a5715faa6,BLOCK-5c361cba45039733,7,BLOCK-5c361cba45039733
SSCP-a4cea69210faa495,MOL-09bc54c23ff5a874,2020_Townsend,AC-78305ee2e743b795,BLOCK-513383ed86a73488,5,BLOCK-513383ed86a73488
SSCP-a4e241b9a63340e9,MOL-c4be21feb590a913,2020_Townsend,AC-78305ee2e743b795,BLOCK-513383ed86a73488,5,BLOCK-513383ed86a73488
SSCP-a4e29f98659ed635,MOL-62e2136a266c86b0,2021_Kelly,AC-5e5c956882423f52,BLOCK-4494eb5738fce47c,3,BLOCK-4494eb5738fce47c
SSCP-a4e689f48361adc8,MOL-0c884f4b8da62452,2022_Lee,AC-4cbd321fd3e6c472,BLOCK-513383ed86a73488,5,BLOCK-513383ed86a73488
SSCP-a4e6cc2a7d919f6b,MOL-711bdbf05c823b12,2021_Kelly,AC-ac7e5d0036401990,BLOCK-4494eb5738fce47c,3,BLOCK-4494eb5738fce47c
SSCP-a504086ecb64c79e,MOL-e6559c33a173ca1f,2018_Naylor,AC-dceba6004ee9f160,BLOCK-513383ed86a73488,5,BLOCK-513383ed86a73488
SSCP-a50cd1e1e8e4ec9b,MOL-9ba3a4ae2d6f7da1,2020_Townsend,AC-78305ee2e743b795,BLOCK-513383ed86a73488,5,BLOCK-513383ed86a73488
SSCP-a5108853addcc52c,MOL-e131e22ed9c911de,2021_Golosov,AC-86cc498249bfbe27,BLOCK-394ff80f01cbc968,2,BLOCK-394ff80f01cbc968
SSCP-a5261e0a58c3bc44,MOL-1805d028ad4779e5,2016_Furukawa,AC-78305ee2e743b795,BLOCK-513383ed86a73488,5,BLOCK-513383ed86a73488
SSCP-a528af2abb43e705,MOL-0a44f975b8f7368c,2024_Faris,AC-e82e3e242d3d320c,BLOCK-c5e520eb3b94ff25,15,BLOCK-c5e520eb3b94ff25
SSCP-a54076ffd1899261,MOL-48dc60f0a222ed8c,2020_Townsend,AC-78305ee2e743b795,BLOCK-513383ed86a73488,5,BLOCK-513383ed86a73488
SSCP-a54a9badfe2305a7,MOL-6301d8aad4328624,2013_CHUGAI,AC-cf95401a5715faa6,BLOCK-5c361cba45039733,7,BLOCK-5c361cba45039733
SSCP-a554b0cd844273f8,MOL-ca730994b41067aa,2016_Furukawa,AC-78305ee2e743b795,BLOCK-513383ed86a73488,5,BLOCK-513383ed86a73488
SSCP-a559ca4586ab5d43,MOL-04048563c335efa7,2021_Kelly,AC-5e5c956882423f52,BLOCK-4494eb5738fce47c,3,BLOCK-4494eb5738fce47c
SSCP-a5622dc1e0602b59,MOL-a00ac0dbf1eeda36,2020_Townsend,AC-78305ee2e743b795,BLOCK-513383ed86a73488,5,BLOCK-513383ed86a73488
SSCP-a58ff7400da61ebf,MOL-807bc98fe3afb6d1,2021_Kelly,AC-ac7e5d0036401990,BLOCK-4494eb5738fce47c,3,BLOCK-4494eb5738fce47c
SSCP-a594ccb0dfd4d1fa,MOL-075fa886eefcd3bf,2020_Townsend,AC-78305ee2e743b795,BLOCK-513383ed86a73488,5,BLOCK-513383ed86a73488
SSCP-a5960fc5b929559a,MOL-78bfa0aef61ce40f,2016_Furukawa,AC-78305ee2e743b795,BLOCK-513383ed86a73488,5,BLOCK-513383ed86a73488
SSCP-a599feacb354f5d3,MOL-7e434bc0207cd141,2021_Kelly,AC-ac7e5d0036401990,BLOCK-4494eb5738fce47c,3,BLOCK-4494eb5738fce47c
SSCP-a59ba08eb62949b5,MOL-095baba6633713f9,2020_Townsend,AC-78305ee2e743b795,BLOCK-513383ed86a73488,5,BLOCK-513383ed86a73488
SSCP-a59ed1ee9c4d2184,MOL-fc2e524a51744655,2021_Kelly,AC-5e5c956882423f52,BLOCK-4494eb5738fce47c,3,BLOCK-4494eb5738fce47c
SSCP-a5ba94319ecf8353,MOL-a8de404be6e7e0d4,2020_Townsend,AC-78305ee2e743b795,BLOCK-513383ed86a73488,5,BLOCK-513383ed86a73488
SSCP-a5c8b018c7c7d645,MOL-6512d878187d37f6,2021_Kelly,AC-5e5c956882423f52,BLOCK-4494eb5738fce47c,3,BLOCK-4494eb5738fce47c
SSCP-a5cbd4547514228a,MOL-6b352dbdee7dfb0f,2016_Furukawa,AC-78305ee2e743b795,BLOCK-513383ed86a73488,5,BLOCK-513383ed86a73488
SSCP-a5d7b42fff193596,MOL-b8f065017a3b5eac,2020_Townsend,AC-78305ee2e743b795,BLOCK-513383ed86a73488,5,BLOCK-513383ed86a73488
SSCP-a5dba76664418451,MOL-211c064e134a8f94,2023_Ghosh,AC-eef1d0c78351235e,BLOCK-513383ed86a73488,5,BLOCK-513383ed86a73488
SSCP-a5e0ee0b3bee4606,MOL-e8e2a71432bc8b56,2020_Townsend,AC-78305ee2e743b795,BLOCK-513383ed86a73488,5,BLOCK-513383ed86a73488
SSCP-a5e1da987eb9fdd3,MOL-0b1383341d12bdb1,2020_Townsend,AC-78305ee2e743b795,BLOCK-513383ed86a73488,5,BLOCK-513383ed86a73488
SSCP-a5e4ead972ba1d4e,MOL-6155a23e48735dd8,2020_Townsend,AC-78305ee2e743b795,BLOCK-513383ed86a73488,5,BLOCK-513383ed86a73488
SSCP-a5f9c06d6221a8fa,MOL-59b9393aff495cd0,2024_Ly,AC-b74b4d5565722d16,BLOCK-bb4bcb852b735057,12,BLOCK-bb4bcb852b735057
SSCP-a6008a19da146e4b,MOL-abcb57539a371542,2020_Townsend,AC-78305ee2e743b795,BLOCK-513383ed86a73488,5,BLOCK-513383ed86a73488
SSCP-a61736fe7395e8cf,MOL-bf1f07e1a9c81c3c,2024_Ly,AC-b74b4d5565722d16,BLOCK-bb4bcb852b735057,12,BLOCK-bb4bcb852b735057
SSCP-a627b9526493e06e,MOL-9a78b8469d1bf295,2016_Furukawa,AC-78305ee2e743b795,BLOCK-513383ed86a73488,5,BLOCK-513383ed86a73488
SSCP-a627c22683999756,MOL-2aada02cf8ed189e,2021_Kelly,AC-5e5c956882423f52,BLOCK-4494eb5738fce47c,3,BLOCK-4494eb5738fce47c
SSCP-a62f284f9dc0193e,MOL-2fa40481a669079d,2020_Townsend,AC-78305ee2e743b795,BLOCK-513383ed86a73488,5,BLOCK-513383ed86a73488
SSCP-a64403311324522b,MOL-96628c6d45656d31,2016_Furukawa,AC-78305ee2e743b795,BLOCK-513383ed86a73488,5,BLOCK-513383ed86a73488
SSCP-a64740f967efcd51,MOL-d6a1aae477cc1c87,2020_Townsend,AC-78305ee2e743b795,BLOCK-513383ed86a73488,5,BLOCK-513383ed86a73488
SSCP-a6538b36308c6a2d,MOL-d576a0475fbf5811,2020_Townsend,AC-78305ee2e743b795,BLOCK-513383ed86a73488,5,BLOCK-513383ed86a73488
SSCP-a65a339b09f329bb,MOL-21ab0d02025f125d,2021_Kelly,AC-5e5c956882423f52,BLOCK-4494eb5738fce47c,3,BLOCK-4494eb5738fce47c
SSCP-a6729a142a3e2370,MOL-df989edc88fadd21,2016_Furukawa,AC-78305ee2e743b795,BLOCK-513383ed86a73488,5,BLOCK-513383ed86a73488
SSCP-a67b74f6f1d1772d,MOL-f30678c8559f411e,2020_Townsend,AC-78305ee2e743b795,BLOCK-513383ed86a73488,5,BLOCK-513383ed86a73488
SSCP-a68d6f479629c980,MOL-8fc6b0d4333a775e,2020_Townsend,AC-78305ee2e743b795,BLOCK-513383ed86a73488,5,BLOCK-513383ed86a73488
SSCP-a694b53af398b81e,MOL-acffda6cfe92f715,2024_Faris,AC-e82e3e242d3d320c,BLOCK-c5e520eb3b94ff25,15,BLOCK-c5e520eb3b94ff25
SSCP-a6b6cf3f23d6043f,MOL-d62504ad22b7fd8c,2020_Townsend,AC-78305ee2e743b795,BLOCK-513383ed86a73488,5,BLOCK-513383ed86a73488
SSCP-a6bde0f0aa94757b,MOL-f8ff5c6ae3f1d812,2021_Kelly,AC-ac7e5d0036401990,BLOCK-4494eb5738fce47c,3,BLOCK-4494eb5738fce47c
SSCP-a6c64cd944c55780,MOL-67e9424186a414ef,2020_Townsend,AC-78305ee2e743b795,BLOCK-513383ed86a73488,5,BLOCK-513383ed86a73488
SSCP-a6c8c512ed099fc3,MOL-afcdb050b4945d77,2013_CHUGAI,AC-555968db9c5ca11a,BLOCK-5c361cba45039733,7,BLOCK-5c361cba45039733
SSCP-a6ce573dcf052946,MOL-c1fe1bdd6a089188,2020_Townsend,AC-78305ee2e743b795,BLOCK-513383ed86a73488,5,BLOCK-513383ed86a73488
SSCP-a6f93f70fb3ecd19,MOL-ea4b4814e1d6b8ed,2020_Townsend,AC-78305ee2e743b795,BLOCK-513383ed86a73488,5,BLOCK-513383ed86a73488
SSCP-a7070a6561140f9d,MOL-29a3535f23a726a8,2020_Townsend,AC-78305ee2e743b795,BLOCK-513383ed86a73488,5,BLOCK-513383ed86a73488
SSCP-a714332bf3d8d919,MOL-2be4e8e4f83685c6,2021_Kelly,AC-5e5c956882423f52,BLOCK-4494eb5738fce47c,3,BLOCK-4494eb5738fce47c
SSCP-a71ff8ab4dbd1515,MOL-00d919a07b664f29,2016_Furukawa,AC-78305ee2e743b795,BLOCK-513383ed86a73488,5,BLOCK-513383ed86a73488
SSCP-a720c2919103a3a0,MOL-c3dcf20c86bc5ffc,2020_Le Roux,AC-b74b4d5565722d16,BLOCK-bb4bcb852b735057,12,BLOCK-bb4bcb852b735057
SSCP-a72a85209de0cb9d,MOL-161b9d4cb2af1190,2020_Townsend,AC-78305ee2e743b795,BLOCK-513383ed86a73488,5,BLOCK-513383ed86a73488
SSCP-a72c2d30ced6be31,MOL-dbc9669c3a9fd0f9,2020_Townsend,AC-78305ee2e743b795,BLOCK-513383ed86a73488,5,BLOCK-513383ed86a73488
SSCP-a7417b7748080d72,MOL-598df25e6fb61ddc,2024_Faris,AC-e82e3e242d3d320c,BLOCK-c5e520eb3b94ff25,15,BLOCK-c5e520eb3b94ff25
SSCP-a74aa15f24353194,MOL-f003b03d14677b7f,2021_Kelly,AC-5e5c956882423f52,BLOCK-4494eb5738fce47c,3,BLOCK-4494eb5738fce47c
SSCP-a74f8fb4301cc549,MOL-df023a7ccf000ac4,2020_Townsend,AC-78305ee2e743b795,BLOCK-513383ed86a73488,5,BLOCK-513383ed86a73488
SSCP-a75d459f665c77b1,MOL-fd2dc5718c4b7bc7,2016_Furukawa,AC-78305ee2e743b795,BLOCK-513383ed86a73488,5,BLOCK-513383ed86a73488
SSCP-a76f237103601f62,MOL-b0a1f235e89a0563,2020_Townsend,AC-78305ee2e743b795,BLOCK-513383ed86a73488,5,BLOCK-513383ed86a73488
SSCP-a774fc2decdd04d5,MOL-4baf031ad0cd98b4,2013_CHUGAI,AC-9915a59ccaa1a737,BLOCK-5c361cba45039733,7,BLOCK-5c361cba45039733
SSCP-a7807c84cfd8de00,MOL-0e739dc823370724,2021_Kelly,AC-5e5c956882423f52,BLOCK-4494eb5738fce47c,3,BLOCK-4494eb5738fce47c
SSCP-a78e0781818b0f24,MOL-be0d4fc83b410d40,2020_Townsend,AC-78305ee2e743b795,BLOCK-513383ed86a73488,5,BLOCK-513383ed86a73488
SSCP-a79631ad9d91c54f,MOL-8c0b315bf295bce0,2013_CHUGAI,AC-cf95401a5715faa6,BLOCK-5c361cba45039733,7,BLOCK-5c361cba45039733
SSCP-a79fda899b647871,MOL-e04fab2d4c682f4d,2020_Townsend,AC-78305ee2e743b795,BLOCK-513383ed86a73488,5,BLOCK-513383ed86a73488
SSCP-a7a926f827fe1940,MOL-c986b9b911ed0153,2021_Kelly,AC-5e5c956882423f52,BLOCK-4494eb5738fce47c,3,BLOCK-4494eb5738fce47c
SSCP-a7af7ca72457cb2b,MOL-b259cd1c9e11a64e,2021_Kelly,AC-5e5c956882423f52,BLOCK-4494eb5738fce47c,3,BLOCK-4494eb5738fce47c
SSCP-a7b995374dae3140,MOL-6b92d3126cb36917,2016_Furukawa,AC-78305ee2e743b795,BLOCK-513383ed86a73488,5,BLOCK-513383ed86a73488
SSCP-a7c51a66d3bcb2c6,MOL-299006f29a1a012f,2020_Townsend,AC-78305ee2e743b795,BLOCK-513383ed86a73488,5,BLOCK-513383ed86a73488
SSCP-a7c6be478ab64f60,MOL-75af55dd67c4472b,2020_Townsend,AC-78305ee2e743b795,BLOCK-513383ed86a73488,5,BLOCK-513383ed86a73488
SSCP-a7cf07c21bfefc44,MOL-fe1110bd966bf584,2021_Kelly,AC-5e5c956882423f52,BLOCK-4494eb5738fce47c,3,BLOCK-4494eb5738fce47c
SSCP-a7d180a084a9e545,MOL-2a66d739c7bbafbd,2024_Faris,AC-e82e3e242d3d320c,BLOCK-c5e520eb3b94ff25,15,BLOCK-c5e520eb3b94ff25
SSCP-a7e1ddb174b0567b,MOL-749fbf35dc4bc0ce,2020_Townsend,AC-78305ee2e743b795,BLOCK-513383ed86a73488,5,BLOCK-513383ed86a73488
SSCP-a7ed39dbe0c2d4e1,MOL-1be88f74a9bd0772,2023_Ghosh,AC-eef1d0c78351235e,BLOCK-513383ed86a73488,5,BLOCK-513383ed86a73488
SSCP-a7eec55ed75aafff,MOL-dc1d03fe40da9490,2020_Townsend,AC-78305ee2e743b795,BLOCK-513383ed86a73488,5,BLOCK-513383ed86a73488
SSCP-a7efc75a06d7b75e,MOL-fbbfb187e30af4a6,2020_Townsend,AC-78305ee2e743b795,BLOCK-513383ed86a73488,5,BLOCK-513383ed86a73488
SSCP-a7f1d15aebb81cde,MOL-3e5cafe88d453d7f,2024_Faris,AC-e82e3e242d3d320c,BLOCK-c5e520eb3b94ff25,15,BLOCK-c5e520eb3b94ff25
SSCP-a7f2ee9fb9d2e12c,MOL-daee9307168fb85d,2021_Kelly,AC-ac7e5d0036401990,BLOCK-4494eb5738fce47c,3,BLOCK-4494eb5738fce47c
SSCP-a809bbe553658ff3,MOL-81fa247ee4017143,2021_Kelly,AC-5e5c956882423f52,BLOCK-4494eb5738fce47c,3,BLOCK-4494eb5738fce47c
SSCP-a809dbf20196c51f,MOL-5b15128d23542fdb,2020_Townsend,AC-78305ee2e743b795,BLOCK-513383ed86a73488,5,BLOCK-513383ed86a73488
SSCP-a82061073f2930d0,MOL-9025ae729b42f335,2013_CHUGAI,AC-cf95401a5715faa6,BLOCK-5c361cba45039733,7,BLOCK-5c361cba45039733
SSCP-a825c5de47867670,MOL-e4b1c24e2820d367,2021_Kelly,AC-5e5c956882423f52,BLOCK-4494eb5738fce47c,3,BLOCK-4494eb5738fce47c
SSCP-a842fcd9ee5e6f26,MOL-dae802447a343424,2020_Townsend,AC-78305ee2e743b795,BLOCK-513383ed86a73488,5,BLOCK-513383ed86a73488
SSCP-a843e575ecd1a2cb,MOL-3eb096c847bdd5fd,2020_Townsend,AC-78305ee2e743b795,BLOCK-513383ed86a73488,5,BLOCK-513383ed86a73488
SSCP-a8472cb96267d419,MOL-bce33295c1752c8f,2020_Townsend,AC-78305ee2e743b795,BLOCK-513383ed86a73488,5,BLOCK-513383ed86a73488
SSCP-a8532da380719c17,MOL-646b0b0b2fe8ef05,2020_Townsend,AC-78305ee2e743b795,BLOCK-513383ed86a73488,5,BLOCK-513383ed86a73488
SSCP-a854335cf4d3b80e,MOL-92de461e060692e4,2015_Wang,AC-78305ee2e743b795,BLOCK-513383ed86a73488,5,BLOCK-513383ed86a73488
SSCP-a8567bc6ca9ac23c,MOL-f3092b17db71f0a2,2016_Furukawa,AC-78305ee2e743b795,BLOCK-513383ed86a73488,5,BLOCK-513383ed86a73488
SSCP-a857bb9278cb8d6f,MOL-4e2b93381a1bc887,2021_Kelly,AC-5e5c956882423f52,BLOCK-4494eb5738fce47c,3,BLOCK-4494eb5738fce47c
SSCP-a866a330bd3a8727,MOL-385591f725ae8eb7,2016_Furukawa,AC-78305ee2e743b795,BLOCK-513383ed86a73488,5,BLOCK-513383ed86a73488
SSCP-a86e7d317a9da892,MOL-281e9adff2dbd74d,2020_Townsend,AC-78305ee2e743b795,BLOCK-513383ed86a73488,5,BLOCK-513383ed86a73488
SSCP-a872345a330b8696,MOL-4d2da57d7dde889f,2020_Townsend,AC-78305ee2e743b795,BLOCK-513383ed86a73488,5,BLOCK-513383ed86a73488
SSCP-a87f60ad287aa8d3,MOL-6d158dc09c69c2b2,2019_Ono,AC-78305ee2e743b795,BLOCK-513383ed86a73488,5,BLOCK-513383ed86a73488
SSCP-a8872aaac1e540fc,MOL-8ca34633227f72d2,2020_Townsend,AC-78305ee2e743b795,BLOCK-513383ed86a73488,5,BLOCK-513383ed86a73488
SSCP-a897212ca2fe79cc,MOL-331642db38a0a15e,2020_Townsend,AC-78305ee2e743b795,BLOCK-513383ed86a73488,5,BLOCK-513383ed86a73488
SSCP-a89a3ab2f425c3f6,MOL-d3625e954998b883,2016_Furukawa,AC-78305ee2e743b795,BLOCK-513383ed86a73488,5,BLOCK-513383ed86a73488
SSCP-a89fc18297af2200,MOL-db3b93814256e44f,2020_Townsend,AC-78305ee2e743b795,BLOCK-513383ed86a73488,5,BLOCK-513383ed86a73488
SSCP-a89fd73fc8889210,MOL-c2a46cd55bf2ee8d,2013_CHUGAI,AC-bb2465b7f8cf9b25,BLOCK-5c361cba45039733,7,BLOCK-5c361cba45039733
SSCP-a8a45b4b68fb87d4,MOL-85b7fa22818300ba,2020_Townsend,AC-78305ee2e743b795,BLOCK-513383ed86a73488,5,BLOCK-513383ed86a73488
SSCP-a8a49c90a408c497,MOL-8c4ddb287a2e5315,2016_Furukawa,AC-78305ee2e743b795,BLOCK-513383ed86a73488,5,BLOCK-513383ed86a73488
SSCP-a8a4fb1fa665dc69,MOL-1b251a481a817dd0,2020_Townsend,AC-78305ee2e743b795,BLOCK-513383ed86a73488,5,BLOCK-513383ed86a73488
SSCP-a8a8a067ba967fbd,MOL-5b3e40f08bcff050,2020_Furukawa,AC-114e657b947b31ec,BLOCK-5f91132e1b252609,9,BLOCK-5f91132e1b252609
SSCP-a8acebdfada68758,MOL-7586f53291d43dee,2020_Townsend,AC-78305ee2e743b795,BLOCK-513383ed86a73488,5,BLOCK-513383ed86a73488
SSCP-a8bc655a190988e1,MOL-f9b5b220f548cbbe,2021_Kelly,AC-6d3257a2b83e15dc,BLOCK-4494eb5738fce47c,3,BLOCK-4494eb5738fce47c
SSCP-a8ce8f0c0c278ec3,MOL-09187689ff4d98f5,2021_Kelly,AC-ac7e5d0036401990,BLOCK-4494eb5738fce47c,3,BLOCK-4494eb5738fce47c
SSCP-a8cf5eec4465923c,MOL-3692946a17c1afd0,2021_Kelly,AC-5e5c956882423f52,BLOCK-4494eb5738fce47c,3,BLOCK-4494eb5738fce47c
SSCP-a8d601e5b7919683,MOL-5ca267eb163ecd3a,2020_Townsend,AC-78305ee2e743b795,BLOCK-513383ed86a73488,5,BLOCK-513383ed86a73488
SSCP-a8df77e2c14fb8a6,MOL-976a6b30f66face1,2022_Lee,AC-4cbd321fd3e6c472,BLOCK-513383ed86a73488,5,BLOCK-513383ed86a73488
SSCP-a8f40688d5c4437d,MOL-1f95474dc0caf27d,2013_CHUGAI,AC-9915a59ccaa1a737,BLOCK-5c361cba45039733,7,BLOCK-5c361cba45039733
SSCP-a8fecaffb75b742a,MOL-a331aa98bccedff9,2022_Taechalertpaisarn,AC-78305ee2e743b795,BLOCK-513383ed86a73488,5,BLOCK-513383ed86a73488
SSCP-a90d433649ab3b98,MOL-507c829063ecc343,2021_Kelly,AC-5e5c956882423f52,BLOCK-4494eb5738fce47c,3,BLOCK-4494eb5738fce47c
SSCP-a9156b013e29b72d,MOL-ce4f6f1fe3ebded5,2016_Furukawa,AC-78305ee2e743b795,BLOCK-513383ed86a73488,5,BLOCK-513383ed86a73488
SSCP-a921db907dc794a6,MOL-f98f489f876c0cc2,2021_Kelly,AC-5e5c956882423f52,BLOCK-4494eb5738fce47c,3,BLOCK-4494eb5738fce47c
SSCP-a9249d1dca1760c8,MOL-be77a785652aa2bf,2020_Townsend,AC-78305ee2e743b795,BLOCK-513383ed86a73488,5,BLOCK-513383ed86a73488
SSCP-a932077eb567d8bc,MOL-ad07a8b84a2653eb,2020_Townsend,AC-78305ee2e743b795,BLOCK-513383ed86a73488,5,BLOCK-513383ed86a73488
SSCP-a932ca95052ae2a9,MOL-bfea2b31334db541,2016_Furukawa,AC-78305ee2e743b795,BLOCK-513383ed86a73488,5,BLOCK-513383ed86a73488
SSCP-a9390572aa069e38,MOL-f5671af02809add0,2020_Townsend,AC-78305ee2e743b795,BLOCK-513383ed86a73488,5,BLOCK-513383ed86a73488
SSCP-a943b15e2035d87d,MOL-a79d395ee9e1771d,2016_Furukawa,AC-78305ee2e743b795,BLOCK-513383ed86a73488,5,BLOCK-513383ed86a73488
SSCP-a950321bc72f5142,MOL-5ec64ea994829bbb,2020_Townsend,AC-78305ee2e743b795,BLOCK-513383ed86a73488,5,BLOCK-513383ed86a73488
SSCP-a953a9cd549281ea,MOL-fb8dad58f897f57e,2020_Furukawa,AC-114e657b947b31ec,BLOCK-5f91132e1b252609,9,BLOCK-5f91132e1b252609
SSCP-a985b5e7c93eb384,MOL-b81787189b9a6fd0,2024_Faris,AC-e82e3e242d3d320c,BLOCK-c5e520eb3b94ff25,15,BLOCK-c5e520eb3b94ff25
SSCP-a98abfd3affc4c05,MOL-e54716d21a504889,2020_Townsend,AC-78305ee2e743b795,BLOCK-513383ed86a73488,5,BLOCK-513383ed86a73488
SSCP-a990cb2eebceb03a,MOL-2ec4baa03ec041e7,2013_CHUGAI,AC-cf95401a5715faa6,BLOCK-5c361cba45039733,7,BLOCK-5c361cba45039733
SSCP-a99184bee5cb3aab,MOL-9011a7a50c1e155f,2013_CHUGAI,AC-9915a59ccaa1a737,BLOCK-5c361cba45039733,7,BLOCK-5c361cba45039733
SSCP-a99916f730ca7689,MOL-a7868c0284e111db,2021_Kelly,AC-5e5c956882423f52,BLOCK-4494eb5738fce47c,3,BLOCK-4494eb5738fce47c
SSCP-a9ae857d05e22bdb,MOL-719a1dc2027a5316,2020_Townsend,AC-78305ee2e743b795,BLOCK-513383ed86a73488,5,BLOCK-513383ed86a73488
SSCP-a9b145b440fe5a2a,MOL-75b86a2cebb3e6af,2022_Bhardwaj,AC-c3abbdf45b10fbce,BLOCK-513383ed86a73488,5,BLOCK-513383ed86a73488
SSCP-a9bbdce40ecfa640,MOL-a9a483f212377111,2020_Townsend,AC-78305ee2e743b795,BLOCK-513383ed86a73488,5,BLOCK-513383ed86a73488
SSCP-a9be2897b20cba60,MOL-ea18eae45716277e,2020_Townsend,AC-78305ee2e743b795,BLOCK-513383ed86a73488,5,BLOCK-513383ed86a73488
SSCP-a9c495baeb0958b1,MOL-47f27e7ebc63eee6,2016_Furukawa,AC-78305ee2e743b795,BLOCK-513383ed86a73488,5,BLOCK-513383ed86a73488
SSCP-a9c501cb868d7cec,MOL-04d7b9b07e6f707d,2020_Townsend,AC-78305ee2e743b795,BLOCK-513383ed86a73488,5,BLOCK-513383ed86a73488
SSCP-a9edf67e2a887478,MOL-eaaac63751166fe5,2020_Townsend,AC-78305ee2e743b795,BLOCK-513383ed86a73488,5,BLOCK-513383ed86a73488
SSCP-a9ee3962b03b169e,MOL-37451bf393b46454,2020_Townsend,AC-78305ee2e743b795,BLOCK-513383ed86a73488,5,BLOCK-513383ed86a73488
SSCP-a9ee4faa87479236,MOL-54bc233594817065,2021_Kelly,AC-5e5c956882423f52,BLOCK-4494eb5738fce47c,3,BLOCK-4494eb5738fce47c
SSCP-a9f094cfee298572,MOL-1994aab6195879dd,2020_Townsend,AC-78305ee2e743b795,BLOCK-513383ed86a73488,5,BLOCK-513383ed86a73488
SSCP-a9f24d919cbb07d7,MOL-59b889f77910c68a,2013_CHUGAI,AC-02b5435135466654,BLOCK-5c361cba45039733,7,BLOCK-5c361cba45039733
SSCP-a9f4753de74b6bcc,MOL-c03f9475bce8fbd4,2013_CHUGAI,AC-9915a59ccaa1a737,BLOCK-5c361cba45039733,7,BLOCK-5c361cba45039733
SSCP-a9f82eede7acc4b3,MOL-ea84d4048496e588,2015_Wang,AC-78305ee2e743b795,BLOCK-513383ed86a73488,5,BLOCK-513383ed86a73488
SSCP-aa0b727b92919a8d,MOL-6fd550ba99ceacfa,2021_Kelly,AC-5e5c956882423f52,BLOCK-4494eb5738fce47c,3,BLOCK-4494eb5738fce47c
SSCP-aa11a0f14b67fd58,MOL-5a54ea4745aa6727,2021_Kelly,AC-5e5c956882423f52,BLOCK-4494eb5738fce47c,3,BLOCK-4494eb5738fce47c
SSCP-aa2f4bbbc60f992b,MOL-3a8e2bf60958f010,2016_Furukawa,AC-78305ee2e743b795,BLOCK-513383ed86a73488,5,BLOCK-513383ed86a73488
SSCP-aa2f76086367acda,MOL-ce25f3ca89c72e2e,2020_Townsend,AC-78305ee2e743b795,BLOCK-513383ed86a73488,5,BLOCK-513383ed86a73488
SSCP-aa30fa7aa8bc16c8,MOL-5068e67dd91d509d,2013_CHUGAI,AC-9915a59ccaa1a737,BLOCK-5c361cba45039733,7,BLOCK-5c361cba45039733
SSCP-aa3d3d553bdd800a,MOL-5b24d4e314f6f9c7,2020_Townsend,AC-78305ee2e743b795,BLOCK-513383ed86a73488,5,BLOCK-513383ed86a73488
SSCP-aa3f42b41ca7e75f,MOL-7c4a13c292ec4ca5,2016_Furukawa,AC-78305ee2e743b795,BLOCK-513383ed86a73488,5,BLOCK-513383ed86a73488
SSCP-aa406c5cfcb6513e,MOL-d418cfc608c2d9fc,2020_Townsend,AC-78305ee2e743b795,BLOCK-513383ed86a73488,5,BLOCK-513383ed86a73488
SSCP-aa52d8cafcbf58ab,MOL-681887389d8afa9f,2022_Bhardwaj,AC-6ec6edf7124007f2,BLOCK-513383ed86a73488,5,BLOCK-513383ed86a73488
SSCP-aa539adfc719b3ca,MOL-22397c4610f33082,2021_Kelly,AC-5e5c956882423f52,BLOCK-4494eb5738fce47c,3,BLOCK-4494eb5738fce47c
SSCP-aa594ce384ec448d,MOL-c9f8cf50cef5e0fc,2021_Kelly,AC-5e5c956882423f52,BLOCK-4494eb5738fce47c,3,BLOCK-4494eb5738fce47c
SSCP-aa5c0d59d70cd809,MOL-65229013b25cd10d,2016_Furukawa,AC-78305ee2e743b795,BLOCK-513383ed86a73488,5,BLOCK-513383ed86a73488
SSCP-aa6516838aad47dc,MOL-caf9e7aa0e16307d,2020_Townsend,AC-78305ee2e743b795,BLOCK-513383ed86a73488,5,BLOCK-513383ed86a73488
SSCP-aa6c33fd4d3bfa9d,MOL-d5ed8216a628ff77,2020_Townsend,AC-78305ee2e743b795,BLOCK-513383ed86a73488,5,BLOCK-513383ed86a73488
SSCP-aa7a17ba1e570302,MOL-deae5cb88e189909,2020_Townsend,AC-78305ee2e743b795,BLOCK-513383ed86a73488,5,BLOCK-513383ed86a73488
SSCP-aa84c4f8e59b2586,MOL-046c0b192683aa8c,2024_Faris,AC-e82e3e242d3d320c,BLOCK-c5e520eb3b94ff25,15,BLOCK-c5e520eb3b94ff25
SSCP-aa84c5b35824cdb4,MOL-6f24b5a7cedd39b7,2020_Townsend,AC-78305ee2e743b795,BLOCK-513383ed86a73488,5,BLOCK-513383ed86a73488
SSCP-aa8c2c190c51408c,MOL-ba74c821d781adca,2021_Kelly,AC-6d3257a2b83e15dc,BLOCK-4494eb5738fce47c,3,BLOCK-4494eb5738fce47c
SSCP-aa9f33632dfd987a,MOL-a4946f1cdf1e89e5,2020_Townsend,AC-78305ee2e743b795,BLOCK-513383ed86a73488,5,BLOCK-513383ed86a73488
SSCP-aaa19e4dbf9b1b3d,MOL-d6ff98583f286667,2020_Townsend,AC-78305ee2e743b795,BLOCK-513383ed86a73488,5,BLOCK-513383ed86a73488
SSCP-aab0f8b1c2b7ec44,MOL-18d05399390a6fa0,2020_Townsend,AC-78305ee2e743b795,BLOCK-513383ed86a73488,5,BLOCK-513383ed86a73488
SSCP-aab72fa141f195a2,MOL-7b3f0bc0881921bb,2020_Townsend,AC-78305ee2e743b795,BLOCK-513383ed86a73488,5,BLOCK-513383ed86a73488
SSCP-aab90c63af37802f,MOL-0fed582a94d77f17,2016_Furukawa,AC-78305ee2e743b795,BLOCK-513383ed86a73488,5,BLOCK-513383ed86a73488
SSCP-aac12d63cdce4b5a,MOL-5a761c28ded80865,2021_Kelly,AC-5e5c956882423f52,BLOCK-4494eb5738fce47c,3,BLOCK-4494eb5738fce47c
SSCP-aac7e674793c717b,MOL-51f4e8338e5c3076,2020_Townsend,AC-78305ee2e743b795,BLOCK-513383ed86a73488,5,BLOCK-513383ed86a73488
SSCP-aacbd9a85f0f04f5,MOL-f08160bf0a391d20,2021_Kelly,AC-5e5c956882423f52,BLOCK-4494eb5738fce47c,3,BLOCK-4494eb5738fce47c
SSCP-aadd1465137fe3fe,MOL-e2e7db4a23c8bef4,2021_Kelly,AC-5e5c956882423f52,BLOCK-4494eb5738fce47c,3,BLOCK-4494eb5738fce47c
SSCP-aaf3ca3d61366011,MOL-c02fadecf0270e82,2020_Townsend,AC-78305ee2e743b795,BLOCK-513383ed86a73488,5,BLOCK-513383ed86a73488
SSCP-aaf9a0dbb3bad78b,MOL-3705f5c3302bae83,2020_Townsend,AC-78305ee2e743b795,BLOCK-513383ed86a73488,5,BLOCK-513383ed86a73488
SSCP-ab036d301f414672,MOL-f25dcaaa5ad98919,2021_Kelly,AC-5e5c956882423f52,BLOCK-4494eb5738fce47c,3,BLOCK-4494eb5738fce47c
SSCP-ab0692f3c6c00759,MOL-2b82bca3139e8bcc,2020_Townsend,AC-78305ee2e743b795,BLOCK-513383ed86a73488,5,BLOCK-513383ed86a73488
SSCP-ab1887a0b2e59185,MOL-9e4b955f24eff69e,2021_Kelly,AC-5e5c956882423f52,BLOCK-4494eb5738fce47c,3,BLOCK-4494eb5738fce47c
SSCP-ab190c5c16ac1198,MOL-d1d4e19a2556a166,2021_Kelly,AC-5e5c956882423f52,BLOCK-4494eb5738fce47c,3,BLOCK-4494eb5738fce47c
SSCP-ab22c4e3a4d9fb41,MOL-f47c4b25e3c8fc9e,2020_Townsend,AC-78305ee2e743b795,BLOCK-513383ed86a73488,5,BLOCK-513383ed86a73488
SSCP-ab2b752b81277f3d,MOL-72a130eee5cf6ee3,2013_CHUGAI,AC-9915a59ccaa1a737,BLOCK-5c361cba45039733,7,BLOCK-5c361cba45039733
SSCP-ab2d00ac1b000dfe,MOL-3fa616efd6ae3106,2015_Wang,AC-78305ee2e743b795,BLOCK-513383ed86a73488,5,BLOCK-513383ed86a73488
SSCP-ab363a44df27a2ec,MOL-05bd6ac5fcea6914,2013_CHUGAI,AC-b539904d6be3c9c6,BLOCK-5c361cba45039733,7,BLOCK-5c361cba45039733
SSCP-ab3aecffe9c1cbaf,MOL-935ca11af4ca7759,2013_CHUGAI,AC-cf95401a5715faa6,BLOCK-5c361cba45039733,7,BLOCK-5c361cba45039733
SSCP-ab3e0c473192d4ab,MOL-31c0c33c78af3d23,2020_Townsend,AC-78305ee2e743b795,BLOCK-513383ed86a73488,5,BLOCK-513383ed86a73488
SSCP-ab3eae7e954888ce,MOL-f34e007536c04adc,2016_Furukawa,AC-78305ee2e743b795,BLOCK-513383ed86a73488,5,BLOCK-513383ed86a73488
SSCP-ab59e9ae083dd5d2,MOL-3d522e96e3c482df,2020_Townsend,AC-78305ee2e743b795,BLOCK-513383ed86a73488,5,BLOCK-513383ed86a73488
SSCP-ab5c78e91c8de8fe,MOL-0d47f35ee9583bde,2006_Rezai_2,AC-e521a6b3b6226405,BLOCK-4acd8e0f532c9eb9,4,BLOCK-4acd8e0f532c9eb9
SSCP-ab6afd8e9d0d1fad,MOL-e65ee19df94e6dce,2023_Ghosh,AC-2e794211b979bb3e,BLOCK-513383ed86a73488,5,BLOCK-513383ed86a73488
SSCP-ab6d3b1a0bd0cf5b,MOL-d7fdd227beb84a51,2020_Townsend,AC-78305ee2e743b795,BLOCK-513383ed86a73488,5,BLOCK-513383ed86a73488
SSCP-ab711c0b4ecd15f5,MOL-2035430ca567b621,2020_Townsend,AC-78305ee2e743b795,BLOCK-513383ed86a73488,5,BLOCK-513383ed86a73488
SSCP-ab72cdb9b66d2cd9,MOL-dac802bf91dcbcf8,2021_Kelly,AC-6d3257a2b83e15dc,BLOCK-4494eb5738fce47c,3,BLOCK-4494eb5738fce47c
SSCP-ab80006bbc300f76,MOL-95228062bd12cbb0,2021_Kelly,AC-5e5c956882423f52,BLOCK-4494eb5738fce47c,3,BLOCK-4494eb5738fce47c
SSCP-ab80cd077a283c90,MOL-c0ada8c0ba24cdc5,2020_Townsend,AC-78305ee2e743b795,BLOCK-513383ed86a73488,5,BLOCK-513383ed86a73488
SSCP-ab87339afc7e3db2,MOL-bcf662637ab9fe43,2016_Furukawa,AC-78305ee2e743b795,BLOCK-513383ed86a73488,5,BLOCK-513383ed86a73488
SSCP-ab95b588ef13da41,MOL-5563c1c6397eadea,2016_Furukawa,AC-78305ee2e743b795,BLOCK-513383ed86a73488,5,BLOCK-513383ed86a73488
SSCP-ab95e5bcf381c2e7,MOL-4858825fcccf8eea,2021_Kelly,AC-5e5c956882423f52,BLOCK-4494eb5738fce47c,3,BLOCK-4494eb5738fce47c
SSCP-aba852a195a8b0fe,MOL-fb67de2f25234a26,2021_Kelly,AC-5e5c956882423f52,BLOCK-4494eb5738fce47c,3,BLOCK-4494eb5738fce47c
SSCP-abb35a9a7a266f44,MOL-02caa095df9aa2eb,2013_CHUGAI,AC-9915a59ccaa1a737,BLOCK-5c361cba45039733,7,BLOCK-5c361cba45039733
SSCP-abb6c44649543be8,MOL-dc85c716493ea174,2016_Furukawa,AC-78305ee2e743b795,BLOCK-513383ed86a73488,5,BLOCK-513383ed86a73488
SSCP-abbc6e9cac05ee35,MOL-9d4433376db55b9b,2021_Kelly,AC-5e5c956882423f52,BLOCK-4494eb5738fce47c,3,BLOCK-4494eb5738fce47c
SSCP-abc699d2a49faf63,MOL-12a2e40c10622a3e,2016_Furukawa,AC-78305ee2e743b795,BLOCK-513383ed86a73488,5,BLOCK-513383ed86a73488
SSCP-abd12d837f53d4bc,MOL-0d11212d5e3af7ec,2013_CHUGAI,AC-cf95401a5715faa6,BLOCK-5c361cba45039733,7,BLOCK-5c361cba45039733
SSCP-abd56d0f18c81ca4,MOL-2e1829156ea5c3b3,2021_Kelly,AC-5e5c956882423f52,BLOCK-4494eb5738fce47c,3,BLOCK-4494eb5738fce47c
SSCP-abdb9c6f9b0600bb,MOL-54395f0675585a10,2013_CHUGAI,AC-9915a59ccaa1a737,BLOCK-5c361cba45039733,7,BLOCK-5c361cba45039733
SSCP-abdc67adb7ec2c74,MOL-7fcdc1f829c91d24,2021_Kelly,AC-ac7e5d0036401990,BLOCK-4494eb5738fce47c,3,BLOCK-4494eb5738fce47c
SSCP-abdcfaf9686c61dd,MOL-68baed93d9364611,2021_Kelly,AC-6d3257a2b83e15dc,BLOCK-4494eb5738fce47c,3,BLOCK-4494eb5738fce47c
SSCP-abdeabad43be59a9,MOL-9eb9bc635e89b8b2,2020_Townsend,AC-78305ee2e743b795,BLOCK-513383ed86a73488,5,BLOCK-513383ed86a73488
SSCP-abf1c19d05cab9bc,MOL-ba0da4d1e9eca55a,2013_CHUGAI,AC-385005ae48ac3a44,BLOCK-5c361cba45039733,7,BLOCK-5c361cba45039733
SSCP-abf60b1ffc54f497,MOL-12be50c5f12a28d8,2013_CHUGAI,AC-cf95401a5715faa6,BLOCK-5c361cba45039733,7,BLOCK-5c361cba45039733
SSCP-abfdaf9f3d8ba83f,MOL-50ac98528bf0c306,2020_Townsend,AC-78305ee2e743b795,BLOCK-513383ed86a73488,5,BLOCK-513383ed86a73488
SSCP-ac0a8a0c2295f8d9,MOL-30b52ce7a4d84f3a,2021_Kelly,AC-5e5c956882423f52,BLOCK-4494eb5738fce47c,3,BLOCK-4494eb5738fce47c
SSCP-ac0db2de1cf9666e,MOL-51fc480d3cba4119,2013_CHUGAI,AC-cf95401a5715faa6,BLOCK-5c361cba45039733,7,BLOCK-5c361cba45039733
SSCP-ac1564636c95f72a,MOL-156c31ad69018778,2020_Townsend,AC-78305ee2e743b795,BLOCK-513383ed86a73488,5,BLOCK-513383ed86a73488
SSCP-ac1d3a1380e29957,MOL-8e6c3e4436e0a41e,2020_Townsend,AC-78305ee2e743b795,BLOCK-513383ed86a73488,5,BLOCK-513383ed86a73488
SSCP-ac20feb69b243f33,MOL-d35972857f4b2d0c,2021_Kelly,AC-5e5c956882423f52,BLOCK-4494eb5738fce47c,3,BLOCK-4494eb5738fce47c
SSCP-ac2252e5738cc187,MOL-a9c26d48cbcd55ea,2020_Townsend,AC-78305ee2e743b795,BLOCK-513383ed86a73488,5,BLOCK-513383ed86a73488
SSCP-ac23a7bd50fac21c,MOL-d0e5efac55ebbe02,2020_Townsend,AC-78305ee2e743b795,BLOCK-513383ed86a73488,5,BLOCK-513383ed86a73488
SSCP-ac2bb91e744e10f4,MOL-8180ff13c636447e,2024_Faris,AC-e82e3e242d3d320c,BLOCK-c5e520eb3b94ff25,15,BLOCK-c5e520eb3b94ff25
SSCP-ac362179e2635280,MOL-11a7bc22faef4b94,2013_CHUGAI,AC-8ff02fa9f937cb75,BLOCK-5c361cba45039733,7,BLOCK-5c361cba45039733
SSCP-ac42ea9fd8240599,MOL-6a1fa9c20cfd97c5,2013_CHUGAI,AC-cf95401a5715faa6,BLOCK-5c361cba45039733,7,BLOCK-5c361cba45039733
SSCP-ac45a6eb6bf7777d,MOL-7eff69d58f9d77c1,2021_Kelly,AC-5e5c956882423f52,BLOCK-4494eb5738fce47c,3,BLOCK-4494eb5738fce47c
SSCP-ac478fae91c1af81,MOL-140071d1ec9d1c8f,2021_Kelly,AC-5e5c956882423f52,BLOCK-4494eb5738fce47c,3,BLOCK-4494eb5738fce47c
SSCP-ac4b23bfbf69ce4c,MOL-20bc8dd0bdb6448c,2020_Furukawa,AC-114e657b947b31ec,BLOCK-5f91132e1b252609,9,BLOCK-5f91132e1b252609
SSCP-ac536e9f3cd4d684,MOL-8c2b822586cf2a6b,2024_Faris,AC-e82e3e242d3d320c,BLOCK-c5e520eb3b94ff25,15,BLOCK-c5e520eb3b94ff25
SSCP-ac57dcd68c170f24,MOL-00110e67f1f44538,2013_CHUGAI,AC-cf95401a5715faa6,BLOCK-5c361cba45039733,7,BLOCK-5c361cba45039733
SSCP-ac6133d5c22cec77,MOL-22ca98a5ff20b357,2021_Lee,AC-4cbd321fd3e6c472,BLOCK-513383ed86a73488,5,BLOCK-513383ed86a73488
SSCP-ac6d89cc9db882f3,MOL-ec34754f43bda44a,2013_CHUGAI,AC-cf95401a5715faa6,BLOCK-5c361cba45039733,7,BLOCK-5c361cba45039733
SSCP-ac784d1771ca50fb,MOL-98f893d502ec9620,2020_Townsend,AC-78305ee2e743b795,BLOCK-513383ed86a73488,5,BLOCK-513383ed86a73488
SSCP-ac7f1c1ddd3251ad,MOL-4713ef9721e7a133,2020_Townsend,AC-78305ee2e743b795,BLOCK-513383ed86a73488,5,BLOCK-513383ed86a73488
SSCP-ac85097311421127,MOL-622e568de539f7e0,2021_Kelly,AC-5e5c956882423f52,BLOCK-4494eb5738fce47c,3,BLOCK-4494eb5738fce47c
SSCP-ac85b5bae736b580,MOL-39b75545daec3060,2016_Furukawa,AC-78305ee2e743b795,BLOCK-513383ed86a73488,5,BLOCK-513383ed86a73488
SSCP-ac8fbf1f78c15ef3,MOL-2738733904f9706d,2020_Townsend,AC-78305ee2e743b795,BLOCK-513383ed86a73488,5,BLOCK-513383ed86a73488
SSCP-ac9796d8129467f5,MOL-6d3a7f798c0538a3,2021_Kelly,AC-5e5c956882423f52,BLOCK-4494eb5738fce47c,3,BLOCK-4494eb5738fce47c
SSCP-aca6b0e854abd828,MOL-20394270d1051645,2020_Le Roux,AC-b74b4d5565722d16,BLOCK-bb4bcb852b735057,12,BLOCK-bb4bcb852b735057
SSCP-acb9a311aaccb614,MOL-e56c343567d224bf,2021_Kelly,AC-5e5c956882423f52,BLOCK-4494eb5738fce47c,3,BLOCK-4494eb5738fce47c
SSCP-accdb815f83c64ff,MOL-3d1cb193c7ae8442,2016_Furukawa,AC-78305ee2e743b795,BLOCK-513383ed86a73488,5,BLOCK-513383ed86a73488
SSCP-ace9baf280ae2bd9,MOL-807d3b5ce3d11464,2023_Ghosh,AC-eef1d0c78351235e,BLOCK-513383ed86a73488,5,BLOCK-513383ed86a73488
SSCP-ace9c01c702461cf,MOL-42fa1eaf9ff7f71a,2021_Kelly,AC-5e5c956882423f52,BLOCK-4494eb5738fce47c,3,BLOCK-4494eb5738fce47c
SSCP-acf00569c0eac3fa,MOL-276e8796298f93c0,2015_Bockus_2,AC-75c6ac7476f86a1a,BLOCK-ad504a636f9fcddf,11,BLOCK-ad504a636f9fcddf
SSCP-acf172e380d1bc11,MOL-2f881eaac45fed5c,2020_Townsend,AC-78305ee2e743b795,BLOCK-513383ed86a73488,5,BLOCK-513383ed86a73488
SSCP-acf88be2bd3def6b,MOL-beb14aef2b01a73c,2020_Townsend,AC-78305ee2e743b795,BLOCK-513383ed86a73488,5,BLOCK-513383ed86a73488
SSCP-ad01541038747b27,MOL-7f5798dfade683c8,2020_Townsend,AC-78305ee2e743b795,BLOCK-513383ed86a73488,5,BLOCK-513383ed86a73488
SSCP-ad022cc6ea51a554,MOL-19f562921aeac05e,2021_Kelly,AC-6d3257a2b83e15dc,BLOCK-4494eb5738fce47c,3,BLOCK-4494eb5738fce47c
SSCP-ad0a6dcf2b5b900a,MOL-e485444eddacc6ac,2020_Townsend,AC-78305ee2e743b795,BLOCK-513383ed86a73488,5,BLOCK-513383ed86a73488
SSCP-ad10aab54e6e435d,MOL-83a6d5d038b3052f,2020_Townsend,AC-78305ee2e743b795,BLOCK-513383ed86a73488,5,BLOCK-513383ed86a73488
SSCP-ad188e7db0f58850,MOL-a9cb210be9afbfe8,2016_Furukawa,AC-78305ee2e743b795,BLOCK-513383ed86a73488,5,BLOCK-513383ed86a73488
SSCP-ad22216bd6cba9a5,MOL-7a86ce67abdbf1d4,2006_Rezai_1,AC-78305ee2e743b795,BLOCK-513383ed86a73488,5,BLOCK-513383ed86a73488
SSCP-ad2712d8829c4941,MOL-44af65f2bee2e7c8,2013_CHUGAI,AC-9915a59ccaa1a737,BLOCK-5c361cba45039733,7,BLOCK-5c361cba45039733
SSCP-ad37ab749b8d3d97,MOL-ef464d3c70770eed,2021_Kelly,AC-5e5c956882423f52,BLOCK-4494eb5738fce47c,3,BLOCK-4494eb5738fce47c
SSCP-ad4c116f5dc63b11,MOL-f6b9aee31da35ab3,2018_Naylor,AC-78305ee2e743b795,BLOCK-513383ed86a73488,5,BLOCK-513383ed86a73488
SSCP-ad545f9219a2de3e,MOL-f5a652621236c47d,2020_Townsend,AC-78305ee2e743b795,BLOCK-513383ed86a73488,5,BLOCK-513383ed86a73488
SSCP-ad58988c723da7ab,MOL-12ed7d8d4a749208,2020_Townsend,AC-78305ee2e743b795,BLOCK-513383ed86a73488,5,BLOCK-513383ed86a73488
SSCP-ad597828c2f57920,MOL-9110b4beab83f32d,2020_Townsend,AC-78305ee2e743b795,BLOCK-513383ed86a73488,5,BLOCK-513383ed86a73488
SSCP-ad5b3f2d4f8f53b3,MOL-0ada8d5379c4e5a2,2020_Townsend,AC-78305ee2e743b795,BLOCK-513383ed86a73488,5,BLOCK-513383ed86a73488
SSCP-ad6601f6a8dde79e,MOL-a78de6109074c0bd,2021_Kelly,AC-5e5c956882423f52,BLOCK-4494eb5738fce47c,3,BLOCK-4494eb5738fce47c
SSCP-ad708e665cf3bf52,MOL-2a8145002f3cdc3f,2020_Townsend,AC-78305ee2e743b795,BLOCK-513383ed86a73488,5,BLOCK-513383ed86a73488
SSCP-ad74acc2bed9f285,MOL-d76bcd01a688bd3a,2020_Townsend,AC-78305ee2e743b795,BLOCK-513383ed86a73488,5,BLOCK-513383ed86a73488
SSCP-ad823ac21201064f,MOL-e5f846686a13d673,2021_Kelly,AC-5e5c956882423f52,BLOCK-4494eb5738fce47c,3,BLOCK-4494eb5738fce47c
SSCP-ad83427ddc10cac2,MOL-cde1f661c09a65c1,2020_Townsend,AC-78305ee2e743b795,BLOCK-513383ed86a73488,5,BLOCK-513383ed86a73488
SSCP-ad92a7affc2a8f26,MOL-473370bc2f117b35,2018_Naylor,AC-dceba6004ee9f160,BLOCK-513383ed86a73488,5,BLOCK-513383ed86a73488
SSCP-ada6fadd5ee9977a,MOL-c5ef0d45cb3d8909,2020_Townsend,AC-78305ee2e743b795,BLOCK-513383ed86a73488,5,BLOCK-513383ed86a73488
SSCP-ada87697375da58f,MOL-6150f632bf43b7b9,2020_Townsend,AC-78305ee2e743b795,BLOCK-513383ed86a73488,5,BLOCK-513383ed86a73488
SSCP-ada9ebaf1ea0d892,MOL-2d457466f2d177e0,2013_CHUGAI,AC-9915a59ccaa1a737,BLOCK-5c361cba45039733,7,BLOCK-5c361cba45039733
SSCP-adaa63ea7e5aefdc,MOL-e6dc47a8c4e45223,2024_Faris,AC-e82e3e242d3d320c,BLOCK-c5e520eb3b94ff25,15,BLOCK-c5e520eb3b94ff25
SSCP-adabf96d7fdbe989,MOL-2032147fbde9af1d,2020_Townsend,AC-78305ee2e743b795,BLOCK-513383ed86a73488,5,BLOCK-513383ed86a73488
SSCP-adb7bdea130e7c7d,MOL-d47e6a901d59154b,2020_Townsend,AC-78305ee2e743b795,BLOCK-513383ed86a73488,5,BLOCK-513383ed86a73488
SSCP-adbb6b0f06d3e82e,MOL-c925528cec7ea391,2022_Bhardwaj,AC-c5803b6624042230,BLOCK-513383ed86a73488,5,BLOCK-513383ed86a73488
SSCP-adc5cc0641a14b4c,MOL-e5e9863d3764d5ab,2021_Kelly,AC-ac7e5d0036401990,BLOCK-4494eb5738fce47c,3,BLOCK-4494eb5738fce47c
SSCP-adc9d21b094e3514,MOL-a7a2904d0c7e9c76,2020_Townsend,AC-78305ee2e743b795,BLOCK-513383ed86a73488,5,BLOCK-513383ed86a73488
SSCP-add53f35765a483a,MOL-5a641cb155c8042d,2013_CHUGAI,AC-cf95401a5715faa6,BLOCK-5c361cba45039733,7,BLOCK-5c361cba45039733
SSCP-ade028fd16bd0541,MOL-94de8385610d9950,2020_Townsend,AC-78305ee2e743b795,BLOCK-513383ed86a73488,5,BLOCK-513383ed86a73488
SSCP-ade2a15857e28507,MOL-7e9bd1d07420a006,2020_Le Roux,AC-b74b4d5565722d16,BLOCK-bb4bcb852b735057,12,BLOCK-bb4bcb852b735057
SSCP-ade390cdad3d36b5,MOL-00580292b85b7d12,2020_Townsend,AC-78305ee2e743b795,BLOCK-513383ed86a73488,5,BLOCK-513383ed86a73488
SSCP-ade85a32256a4911,MOL-7d59f09608fb922a,2016_Furukawa,AC-78305ee2e743b795,BLOCK-513383ed86a73488,5,BLOCK-513383ed86a73488
SSCP-adeb09bdd31083c9,MOL-2942a4990d71fa1e,2016_Furukawa,AC-78305ee2e743b795,BLOCK-513383ed86a73488,5,BLOCK-513383ed86a73488
SSCP-ae01293f6e9eea1e,MOL-e1b99d565279b274,2020_Townsend,AC-78305ee2e743b795,BLOCK-513383ed86a73488,5,BLOCK-513383ed86a73488
SSCP-ae08f0546c6b5f5f,MOL-3ab1a3bb7975686d,2020_Townsend,AC-78305ee2e743b795,BLOCK-513383ed86a73488,5,BLOCK-513383ed86a73488
SSCP-ae13e7e4e17c339b,MOL-f138882828bc7f61,2021_Kelly,AC-ac7e5d0036401990,BLOCK-4494eb5738fce47c,3,BLOCK-4494eb5738fce47c
SSCP-ae1e0110b1a6ac16,MOL-b3f11bb6feca3ee3,2020_Townsend,AC-78305ee2e743b795,BLOCK-513383ed86a73488,5,BLOCK-513383ed86a73488
SSCP-ae41c3d73d6b5796,MOL-bcef463c70ef315c,2020_Townsend,AC-78305ee2e743b795,BLOCK-513383ed86a73488,5,BLOCK-513383ed86a73488
SSCP-ae49ecdfb175d0af,MOL-3534c60db2285487,2016_Furukawa,AC-78305ee2e743b795,BLOCK-513383ed86a73488,5,BLOCK-513383ed86a73488
SSCP-ae545d29cda16a73,MOL-357ee07ae9eec97b,2024_Faris,AC-e82e3e242d3d320c,BLOCK-c5e520eb3b94ff25,15,BLOCK-c5e520eb3b94ff25
SSCP-ae5d81c33fbc22f2,MOL-43491bbe2e0e1d51,2020_Townsend,AC-78305ee2e743b795,BLOCK-513383ed86a73488,5,BLOCK-513383ed86a73488
SSCP-ae5dc8868a864194,MOL-44800de6c8c5afba,2020_Townsend,AC-78305ee2e743b795,BLOCK-513383ed86a73488,5,BLOCK-513383ed86a73488
SSCP-ae6d049e9af9a1fd,MOL-62da936fcf35ae8a,2020_Townsend,AC-78305ee2e743b795,BLOCK-513383ed86a73488,5,BLOCK-513383ed86a73488
SSCP-ae6eead5e863f296,MOL-3301aa7a7db1bf2e,2020_Townsend,AC-78305ee2e743b795,BLOCK-513383ed86a73488,5,BLOCK-513383ed86a73488
SSCP-ae8355234abdcb1a,MOL-a5a0ab5494b59825,2013_CHUGAI,AC-cf95401a5715faa6,BLOCK-5c361cba45039733,7,BLOCK-5c361cba45039733
SSCP-ae8579851ee2cee2,MOL-fcfc74f02cdef575,2020_Townsend,AC-78305ee2e743b795,BLOCK-513383ed86a73488,5,BLOCK-513383ed86a73488
SSCP-ae85f41859d89944,MOL-6e4e412285235b23,2021_Kelly,AC-5e5c956882423f52,BLOCK-4494eb5738fce47c,3,BLOCK-4494eb5738fce47c
SSCP-aea81424627291a7,MOL-99571a2cc7e1508f,2016_Furukawa,AC-78305ee2e743b795,BLOCK-513383ed86a73488,5,BLOCK-513383ed86a73488
SSCP-aeabe573acc3305b,MOL-09bd6b2bec14c453,2021_Kelly,AC-ac7e5d0036401990,BLOCK-4494eb5738fce47c,3,BLOCK-4494eb5738fce47c
SSCP-aeb2946cff52ee23,MOL-0d6502b5b0763005,2020_Townsend,AC-78305ee2e743b795,BLOCK-513383ed86a73488,5,BLOCK-513383ed86a73488
SSCP-aeb4b75359b06dbd,MOL-3160a71010dfe349,2020_Townsend,AC-78305ee2e743b795,BLOCK-513383ed86a73488,5,BLOCK-513383ed86a73488
SSCP-aeb50e61e700e4a5,MOL-6a9131d2c25ac4de,2021_Kelly,AC-5e5c956882423f52,BLOCK-4494eb5738fce47c,3,BLOCK-4494eb5738fce47c
SSCP-aec8c5eda2063620,MOL-53804cd15d55a39a,2020_Townsend,AC-78305ee2e743b795,BLOCK-513383ed86a73488,5,BLOCK-513383ed86a73488
SSCP-aec9a6f2c5aa765d,MOL-657575809d1a9584,2016_Furukawa,AC-78305ee2e743b795,BLOCK-513383ed86a73488,5,BLOCK-513383ed86a73488
SSCP-aecce1c9311e6838,MOL-1abe378a60b8819e,2020_Townsend,AC-78305ee2e743b795,BLOCK-513383ed86a73488,5,BLOCK-513383ed86a73488
SSCP-aed06bd2bb6e8b50,MOL-f039ffc88efd5ab2,2020_Townsend,AC-78305ee2e743b795,BLOCK-513383ed86a73488,5,BLOCK-513383ed86a73488
SSCP-aedd3f10f756dd02,MOL-ef5d23b6bcdccda3,2016_Furukawa,AC-78305ee2e743b795,BLOCK-513383ed86a73488,5,BLOCK-513383ed86a73488
SSCP-aee55680ce3c707c,MOL-14b91ad7b8c24318,2020_Townsend,AC-78305ee2e743b795,BLOCK-513383ed86a73488,5,BLOCK-513383ed86a73488
SSCP-aefbc07b01f03eee,MOL-e27672335c081c0c,2021_Kelly,AC-5e5c956882423f52,BLOCK-4494eb5738fce47c,3,BLOCK-4494eb5738fce47c
SSCP-aefe6c8ab253b98f,MOL-5b37b9b6d15e41a0,2021_Comeau,AC-84a7acf1baace99b,BLOCK-bb4bcb852b735057,12,BLOCK-bb4bcb852b735057
SSCP-af00faf4c56a600b,MOL-0c7b1abb6466b2ec,2016_Furukawa,AC-78305ee2e743b795,BLOCK-513383ed86a73488,5,BLOCK-513383ed86a73488
SSCP-af062edbb2c0f170,MOL-54a04970ff5776a9,2020_Furukawa,AC-114e657b947b31ec,BLOCK-5f91132e1b252609,9,BLOCK-5f91132e1b252609
SSCP-af0b9b5b72bab94a,MOL-363f1cb3efaca2f2,2020_Townsend,AC-78305ee2e743b795,BLOCK-513383ed86a73488,5,BLOCK-513383ed86a73488
SSCP-af43097c8e70eec8,MOL-5ced84c876b1cd06,2013_CHUGAI,AC-9915a59ccaa1a737,BLOCK-5c361cba45039733,7,BLOCK-5c361cba45039733
SSCP-af43333260ae9cd8,MOL-42c3a181d72de371,2020_Townsend,AC-78305ee2e743b795,BLOCK-513383ed86a73488,5,BLOCK-513383ed86a73488
SSCP-af492fd59aa231c6,MOL-9f343a25e2229ed0,2015_Bockus_2,AC-75c6ac7476f86a1a,BLOCK-ad504a636f9fcddf,11,BLOCK-ad504a636f9fcddf
SSCP-af65f049d202a689,MOL-930b08d6f4a8bb8e,2020_Townsend,AC-78305ee2e743b795,BLOCK-513383ed86a73488,5,BLOCK-513383ed86a73488
SSCP-af691294062cf04b,MOL-0736bb51a10a53c2,2020_Townsend,AC-78305ee2e743b795,BLOCK-513383ed86a73488,5,BLOCK-513383ed86a73488
SSCP-af7a201b6e241bba,MOL-6dd3e64a3eb71295,2013_CHUGAI,AC-cf95401a5715faa6,BLOCK-5c361cba45039733,7,BLOCK-5c361cba45039733
SSCP-af7cc6531cb0c729,MOL-a2a79af910f42d15,2020_Townsend,AC-78305ee2e743b795,BLOCK-513383ed86a73488,5,BLOCK-513383ed86a73488
SSCP-af89ab77071960a7,MOL-3407fc9bbd29a4e9,2020_Townsend,AC-78305ee2e743b795,BLOCK-513383ed86a73488,5,BLOCK-513383ed86a73488
SSCP-af8fef0e061f54a5,MOL-b0f05f2755092fcb,2021_Kelly,AC-5e5c956882423f52,BLOCK-4494eb5738fce47c,3,BLOCK-4494eb5738fce47c
SSCP-af9031363b50c813,MOL-f2367fb3112a9e30,2021_Kelly,AC-5e5c956882423f52,BLOCK-4494eb5738fce47c,3,BLOCK-4494eb5738fce47c
SSCP-af90afbb835e5548,MOL-57ce8e6195644491,2020_Townsend,AC-78305ee2e743b795,BLOCK-513383ed86a73488,5,BLOCK-513383ed86a73488
SSCP-af95173ad5e1a8c1,MOL-6e053b3f29541986,2020_Townsend,AC-78305ee2e743b795,BLOCK-513383ed86a73488,5,BLOCK-513383ed86a73488
SSCP-afa6cede9beb7144,MOL-b6b5d7f32e4d54c3,2016_Furukawa,AC-78305ee2e743b795,BLOCK-513383ed86a73488,5,BLOCK-513383ed86a73488
SSCP-afaa3d7748ff785f,MOL-4b4eb5453d6437ff,2020_Townsend,AC-78305ee2e743b795,BLOCK-513383ed86a73488,5,BLOCK-513383ed86a73488
SSCP-afaa755d02c22264,MOL-937310f6ae5bd5da,2021_Kelly,AC-5e5c956882423f52,BLOCK-4494eb5738fce47c,3,BLOCK-4494eb5738fce47c
SSCP-afbb567ecc942793,MOL-3d9659c8aff9476b,2016_Furukawa,AC-78305ee2e743b795,BLOCK-513383ed86a73488,5,BLOCK-513383ed86a73488
SSCP-afea5969367a4dc9,MOL-f6db30c83a32e859,2013_CHUGAI,AC-cf95401a5715faa6,BLOCK-5c361cba45039733,7,BLOCK-5c361cba45039733
SSCP-aff45221e4a7f54e,MOL-e8b93b3edb290ccc,2020_Townsend,AC-78305ee2e743b795,BLOCK-513383ed86a73488,5,BLOCK-513383ed86a73488
SSCP-aff4bf61e576d476,MOL-9ea56195b3e181eb,2022_Bhardwaj,AC-4d7be71557095425,BLOCK-513383ed86a73488,5,BLOCK-513383ed86a73488
SSCP-aff91c6bf2d171be,MOL-a9291a94ee58b0d5,2016_Furukawa,AC-78305ee2e743b795,BLOCK-513383ed86a73488,5,BLOCK-513383ed86a73488
SSCP-affcfc3d6dfd13f4,MOL-3acd638de8133ece,2016_Furukawa,AC-78305ee2e743b795,BLOCK-513383ed86a73488,5,BLOCK-513383ed86a73488
SSCP-b0016ff201482e93,MOL-78fd791130a4ee3e,2013_CHUGAI,AC-cf95401a5715faa6,BLOCK-5c361cba45039733,7,BLOCK-5c361cba45039733
SSCP-b00452db15a78bf9,MOL-c18bd3bd94f43aad,2013_CHUGAI,AC-385005ae48ac3a44,BLOCK-5c361cba45039733,7,BLOCK-5c361cba45039733
SSCP-b010789f1ebcb48e,MOL-bf1a22a3676519a9,2020_Townsend,AC-78305ee2e743b795,BLOCK-513383ed86a73488,5,BLOCK-513383ed86a73488
SSCP-b0134a5ac756d3cf,MOL-66b5accd38a36995,2020_Townsend,AC-78305ee2e743b795,BLOCK-513383ed86a73488,5,BLOCK-513383ed86a73488
SSCP-b0310b76fb599162,MOL-a21ad9b22a004ae4,2021_Kelly,AC-5e5c956882423f52,BLOCK-4494eb5738fce47c,3,BLOCK-4494eb5738fce47c
SSCP-b03eaa73eb819b65,MOL-fe89977ac1f68eb4,2024_Faris,AC-e82e3e242d3d320c,BLOCK-c5e520eb3b94ff25,15,BLOCK-c5e520eb3b94ff25
SSCP-b0405d1e0c1b9762,MOL-2f5e09d0c58e7b02,2021_Kelly,AC-ac7e5d0036401990,BLOCK-4494eb5738fce47c,3,BLOCK-4494eb5738fce47c
SSCP-b047065bbe1da368,MOL-4ee04584d25fc91e,2019_Ono,AC-78305ee2e743b795,BLOCK-513383ed86a73488,5,BLOCK-513383ed86a73488
SSCP-b05b6189011fee03,MOL-f4db670215f18a39,2013_CHUGAI,AC-cf95401a5715faa6,BLOCK-5c361cba45039733,7,BLOCK-5c361cba45039733
SSCP-b05ce2f334edbc0d,MOL-a24b3e97e70b1755,2020_Townsend,AC-78305ee2e743b795,BLOCK-513383ed86a73488,5,BLOCK-513383ed86a73488
SSCP-b06667b6b7e5c313,MOL-60ecbc51c8492f73,2020_Townsend,AC-78305ee2e743b795,BLOCK-513383ed86a73488,5,BLOCK-513383ed86a73488
SSCP-b06c58bf3fb3c97f,MOL-30b25171950f60b5,2020_Townsend,AC-78305ee2e743b795,BLOCK-513383ed86a73488,5,BLOCK-513383ed86a73488
SSCP-b06f7e8a7200665c,MOL-acddc9b70351eb56,2020_Townsend,AC-78305ee2e743b795,BLOCK-513383ed86a73488,5,BLOCK-513383ed86a73488
SSCP-b07ae3539ce12d9a,MOL-f9430929ce0d52cb,2020_Townsend,AC-78305ee2e743b795,BLOCK-513383ed86a73488,5,BLOCK-513383ed86a73488
SSCP-b08e1b9bf40958bc,MOL-f28b871483b806de,2021_Kelly,AC-5e5c956882423f52,BLOCK-4494eb5738fce47c,3,BLOCK-4494eb5738fce47c
SSCP-b09253ac026555b0,MOL-7a67399d90586b8e,2013_CHUGAI,AC-cf95401a5715faa6,BLOCK-5c361cba45039733,7,BLOCK-5c361cba45039733
SSCP-b094ebdfa9df2b1d,MOL-0f652d1d604731df,2018_Naylor,AC-78305ee2e743b795,BLOCK-513383ed86a73488,5,BLOCK-513383ed86a73488
SSCP-b0971221d42cc499,MOL-c4cbc081112ac0a9,2020_Townsend,AC-78305ee2e743b795,BLOCK-513383ed86a73488,5,BLOCK-513383ed86a73488
SSCP-b0a168845e75e419,MOL-963b93cb84612af8,2020_Townsend,AC-78305ee2e743b795,BLOCK-513383ed86a73488,5,BLOCK-513383ed86a73488
SSCP-b0b35bdc40ace38e,MOL-3c056d4df5dc3569,2020_Townsend,AC-78305ee2e743b795,BLOCK-513383ed86a73488,5,BLOCK-513383ed86a73488
SSCP-b0bad80f702fdda5,MOL-36ae4fb1f1e17597,2020_Townsend,AC-78305ee2e743b795,BLOCK-513383ed86a73488,5,BLOCK-513383ed86a73488
SSCP-b0c82a7a3285093a,MOL-a3c1eabc486549fa,2020_Townsend,AC-78305ee2e743b795,BLOCK-513383ed86a73488,5,BLOCK-513383ed86a73488
SSCP-b0d50c140dadd65c,MOL-188cebca0567d3c8,2020_Townsend,AC-78305ee2e743b795,BLOCK-513383ed86a73488,5,BLOCK-513383ed86a73488
SSCP-b0d8fe57c5c071bb,MOL-665ab8ede1cccf3a,2013_CHUGAI,AC-cf95401a5715faa6,BLOCK-5c361cba45039733,7,BLOCK-5c361cba45039733
SSCP-b0dca2e80299c64b,MOL-930163db9f95b469,2021_Kelly,AC-5e5c956882423f52,BLOCK-4494eb5738fce47c,3,BLOCK-4494eb5738fce47c
SSCP-b0e8a1850fe19700,MOL-67611fc525309847,2020_Townsend,AC-78305ee2e743b795,BLOCK-513383ed86a73488,5,BLOCK-513383ed86a73488
SSCP-b0e8c95f7b7bd1b5,MOL-a26420d2ac0a670e,2021_Kelly,AC-5e5c956882423f52,BLOCK-4494eb5738fce47c,3,BLOCK-4494eb5738fce47c
SSCP-b0ee713bff1faaf7,MOL-aab047e6511c2a55,2020_Townsend,AC-78305ee2e743b795,BLOCK-513383ed86a73488,5,BLOCK-513383ed86a73488
SSCP-b0f8d59e7bc3b873,MOL-1da913f5fedd9cfb,2020_Townsend,AC-78305ee2e743b795,BLOCK-513383ed86a73488,5,BLOCK-513383ed86a73488
SSCP-b0fafded5f38b566,MOL-fc94377bba43c316,2020_Townsend,AC-78305ee2e743b795,BLOCK-513383ed86a73488,5,BLOCK-513383ed86a73488
SSCP-b0fdb7f2bd39699c,MOL-5703bbf257968751,2021_Kelly,AC-ac7e5d0036401990,BLOCK-4494eb5738fce47c,3,BLOCK-4494eb5738fce47c
SSCP-b101e37e841622a0,MOL-70a26846e5029844,2020_Townsend,AC-78305ee2e743b795,BLOCK-513383ed86a73488,5,BLOCK-513383ed86a73488
SSCP-b1185a16406f3eab,MOL-99df4df97255d852,2013_CHUGAI,AC-cf95401a5715faa6,BLOCK-5c361cba45039733,7,BLOCK-5c361cba45039733
SSCP-b130304f62912e6e,MOL-3d532649b41e2c13,2021_Kelly,AC-5e5c956882423f52,BLOCK-4494eb5738fce47c,3,BLOCK-4494eb5738fce47c
SSCP-b156d17294c79006,MOL-a850bdc5c4ef17c6,2013_CHUGAI,AC-cf95401a5715faa6,BLOCK-5c361cba45039733,7,BLOCK-5c361cba45039733
SSCP-b157e3aa699cae47,MOL-51cdd1d6aa3f5b2d,2020_Townsend,AC-78305ee2e743b795,BLOCK-513383ed86a73488,5,BLOCK-513383ed86a73488
SSCP-b1588620b08692d5,MOL-5228ee289f5d6b4d,2013_CHUGAI,AC-cf95401a5715faa6,BLOCK-5c361cba45039733,7,BLOCK-5c361cba45039733
SSCP-b16107e4bdf22b9b,MOL-1804328637f9fe60,2021_Kelly,AC-5e5c956882423f52,BLOCK-4494eb5738fce47c,3,BLOCK-4494eb5738fce47c
SSCP-b1613ee9d3b9cc53,MOL-87b60dfd8e485bb7,2020_Townsend,AC-78305ee2e743b795,BLOCK-513383ed86a73488,5,BLOCK-513383ed86a73488
SSCP-b164ae493894aa6e,MOL-64fe8ce7eb73183e,2024_Faris,AC-e82e3e242d3d320c,BLOCK-c5e520eb3b94ff25,15,BLOCK-c5e520eb3b94ff25
SSCP-b17483b20a1a37c6,MOL-0488eefb591c4eda,2020_Townsend,AC-78305ee2e743b795,BLOCK-513383ed86a73488,5,BLOCK-513383ed86a73488
SSCP-b179502c4da61e95,MOL-175c26cce43a1d0b,2020_Townsend,AC-78305ee2e743b795,BLOCK-513383ed86a73488,5,BLOCK-513383ed86a73488
SSCP-b17c16ae3fc86c2c,MOL-590ce2a8352e3883,2021_Kelly,AC-5e5c956882423f52,BLOCK-4494eb5738fce47c,3,BLOCK-4494eb5738fce47c
SSCP-b192c0ba93a419b0,MOL-acdd71644bb36614,2024_Faris,AC-e82e3e242d3d320c,BLOCK-c5e520eb3b94ff25,15,BLOCK-c5e520eb3b94ff25
SSCP-b1964409bbc91f68,MOL-bb15826ce56f9ea1,2022_Taechalertpaisarn,AC-78305ee2e743b795,BLOCK-513383ed86a73488,5,BLOCK-513383ed86a73488
SSCP-b1a193c43e5b448f,MOL-5c1451e7ff21ce6a,2020_Townsend,AC-78305ee2e743b795,BLOCK-513383ed86a73488,5,BLOCK-513383ed86a73488
SSCP-b1ac1c6a44366c12,MOL-2c5cbc2be5c30030,2013_CHUGAI,AC-9915a59ccaa1a737,BLOCK-5c361cba45039733,7,BLOCK-5c361cba45039733
SSCP-b1ac30f76d603101,MOL-d9a4bddd4bcc6a16,2021_Kelly,AC-5e5c956882423f52,BLOCK-4494eb5738fce47c,3,BLOCK-4494eb5738fce47c
SSCP-b1bcf304bf48dda7,MOL-95cf67bca5167942,2020_Townsend,AC-78305ee2e743b795,BLOCK-513383ed86a73488,5,BLOCK-513383ed86a73488
SSCP-b1c79325899ada63,MOL-e1e76a201b9c89d8,2016_Furukawa,AC-78305ee2e743b795,BLOCK-513383ed86a73488,5,BLOCK-513383ed86a73488
SSCP-b1ca20417352de7b,MOL-3131edab6c485440,2021_Kelly,AC-6d3257a2b83e15dc,BLOCK-4494eb5738fce47c,3,BLOCK-4494eb5738fce47c
SSCP-b1e91dd352197de7,MOL-ca75d0d893885a02,2021_Kelly,AC-5e5c956882423f52,BLOCK-4494eb5738fce47c,3,BLOCK-4494eb5738fce47c
SSCP-b1f782029c833594,MOL-1a94366ad5d70077,2021_Comeau,AC-b74b4d5565722d16,BLOCK-bb4bcb852b735057,12,BLOCK-bb4bcb852b735057
SSCP-b1f7c41f1d533528,MOL-d04febdcf7aa3c04,2016_Furukawa,AC-78305ee2e743b795,BLOCK-513383ed86a73488,5,BLOCK-513383ed86a73488
SSCP-b1fab98a268c75d2,MOL-3743cada26c0249f,2013_CHUGAI,AC-cf95401a5715faa6,BLOCK-5c361cba45039733,7,BLOCK-5c361cba45039733
SSCP-b1fefd31900805c2,MOL-094de4eedeca223d,2020_Townsend,AC-78305ee2e743b795,BLOCK-513383ed86a73488,5,BLOCK-513383ed86a73488
SSCP-b20c8628307da364,MOL-1f53fb12f32ecc6b,2021_Kelly,AC-5e5c956882423f52,BLOCK-4494eb5738fce47c,3,BLOCK-4494eb5738fce47c
SSCP-b2110ee12f1b6a95,MOL-5d07f340f24b024c,2020_Furukawa,AC-114e657b947b31ec,BLOCK-5f91132e1b252609,9,BLOCK-5f91132e1b252609
SSCP-b211757f9dae5f27,MOL-bb2ae8c89066c938,2020_Townsend,AC-78305ee2e743b795,BLOCK-513383ed86a73488,5,BLOCK-513383ed86a73488
SSCP-b2152c604dd12623,MOL-ecdf949cf51f1507,2013_CHUGAI,AC-cf95401a5715faa6,BLOCK-5c361cba45039733,7,BLOCK-5c361cba45039733
SSCP-b219d1ecff50b24c,MOL-e9acead7ef58d2eb,2020_Townsend,AC-78305ee2e743b795,BLOCK-513383ed86a73488,5,BLOCK-513383ed86a73488
SSCP-b219d759089ac773,MOL-8a4809ca73cf3c52,2016_Hickey,AC-4cbd321fd3e6c472,BLOCK-513383ed86a73488,5,BLOCK-513383ed86a73488
SSCP-b22f5b1cab3d4692,MOL-d03f9ee1eea78156,2022_Taechalertpaisarn,AC-78305ee2e743b795,BLOCK-513383ed86a73488,5,BLOCK-513383ed86a73488
SSCP-b2333d1d98fe2314,MOL-5c4c841df2960b4f,2020_Townsend,AC-78305ee2e743b795,BLOCK-513383ed86a73488,5,BLOCK-513383ed86a73488
SSCP-b236dfb00004999a,MOL-db93299a3b082c5a,2021_Kelly,AC-5e5c956882423f52,BLOCK-4494eb5738fce47c,3,BLOCK-4494eb5738fce47c
SSCP-b2442bccad908c47,MOL-b5c3a883f611a722,2020_Townsend,AC-78305ee2e743b795,BLOCK-513383ed86a73488,5,BLOCK-513383ed86a73488
SSCP-b24509bc8656f3c9,MOL-5b46acb0e744eab4,2013_CHUGAI,AC-cf95401a5715faa6,BLOCK-5c361cba45039733,7,BLOCK-5c361cba45039733
SSCP-b262ac2e1cb60a70,MOL-c79c36197b1964b3,2020_Townsend,AC-78305ee2e743b795,BLOCK-513383ed86a73488,5,BLOCK-513383ed86a73488
SSCP-b271805de50f0586,MOL-e23588f2312e7985,2013_CHUGAI,AC-cf95401a5715faa6,BLOCK-5c361cba45039733,7,BLOCK-5c361cba45039733
SSCP-b27817e2a076529e,MOL-8b679a574f0c0525,2020_Le Roux,AC-b74b4d5565722d16,BLOCK-bb4bcb852b735057,12,BLOCK-bb4bcb852b735057
SSCP-b27db484fc9788c8,MOL-f9b69567def1e661,2013_CHUGAI,AC-f176a8ccb4d4e2aa,BLOCK-5c361cba45039733,7,BLOCK-5c361cba45039733
SSCP-b2908788998f4ebe,MOL-39796a15f1ff3730,2023_Ghosh,AC-78305ee2e743b795,BLOCK-513383ed86a73488,5,BLOCK-513383ed86a73488
SSCP-b29edbf0bbc2354a,MOL-d55fa4cf963e6114,2021_Kelly,AC-5e5c956882423f52,BLOCK-4494eb5738fce47c,3,BLOCK-4494eb5738fce47c
SSCP-b2bd4ed53f49a00c,MOL-bbc4b6578a80241b,2016_Furukawa,AC-78305ee2e743b795,BLOCK-513383ed86a73488,5,BLOCK-513383ed86a73488
SSCP-b2c00ee2bcabb072,MOL-cae6bcd5200437d2,2016_Furukawa,AC-78305ee2e743b795,BLOCK-513383ed86a73488,5,BLOCK-513383ed86a73488
SSCP-b2c1904cfbea58b9,MOL-a580e22b965df794,2013_CHUGAI,AC-b6c1ae178b7df632,BLOCK-5c361cba45039733,7,BLOCK-5c361cba45039733
SSCP-b2c564cc2eca1474,MOL-561cee8dae10764e,2013_CHUGAI,AC-cf95401a5715faa6,BLOCK-5c361cba45039733,7,BLOCK-5c361cba45039733
SSCP-b2c76e72540dba66,MOL-a1fa21729da29318,2021_Kelly,AC-6d3257a2b83e15dc,BLOCK-4494eb5738fce47c,3,BLOCK-4494eb5738fce47c
SSCP-b2c8d93f21ffdc78,MOL-ae35662ed2499293,2020_Townsend,AC-78305ee2e743b795,BLOCK-513383ed86a73488,5,BLOCK-513383ed86a73488
SSCP-b2d60a26c81f7401,MOL-333c190fa61a2369,2020_Townsend,AC-78305ee2e743b795,BLOCK-513383ed86a73488,5,BLOCK-513383ed86a73488
SSCP-b2df0b42080247ab,MOL-b59fb8b42198e90d,2020_Townsend,AC-78305ee2e743b795,BLOCK-513383ed86a73488,5,BLOCK-513383ed86a73488
SSCP-b2e0218fe9139d7f,MOL-5c0a772b59078602,2021_Kelly,AC-5e5c956882423f52,BLOCK-4494eb5738fce47c,3,BLOCK-4494eb5738fce47c
SSCP-b2e708e074c271c4,MOL-9f71e044a93ff5e4,2013_CHUGAI,AC-ec082e14f4bad2b8,BLOCK-5c361cba45039733,7,BLOCK-5c361cba45039733
SSCP-b2f74b487553eb7b,MOL-00a0fca88488affd,2021_Kelly,AC-5e5c956882423f52,BLOCK-4494eb5738fce47c,3,BLOCK-4494eb5738fce47c
SSCP-b2fa017aa07de22d,MOL-7f58aa96e01c8cf7,2020_Townsend,AC-78305ee2e743b795,BLOCK-513383ed86a73488,5,BLOCK-513383ed86a73488
SSCP-b2fc60edfc0e1880,MOL-1451d7a17574b2dc,2018_Naylor,AC-78305ee2e743b795,BLOCK-513383ed86a73488,5,BLOCK-513383ed86a73488
SSCP-b30c8b46e7349923,MOL-afc51b1c71187950,2024_Koch,AC-e82e3e242d3d320c,BLOCK-c5e520eb3b94ff25,15,BLOCK-c5e520eb3b94ff25
SSCP-b32d2f8dc6f79d49,MOL-ebcca8c532403338,2013_CHUGAI,AC-cf95401a5715faa6,BLOCK-5c361cba45039733,7,BLOCK-5c361cba45039733
SSCP-b32e664add93d25d,MOL-3cfbc52b494c83ce,2020_Townsend,AC-78305ee2e743b795,BLOCK-513383ed86a73488,5,BLOCK-513383ed86a73488
SSCP-b33bc39c49e73823,MOL-5e467d3b9a221f6a,2020_Townsend,AC-78305ee2e743b795,BLOCK-513383ed86a73488,5,BLOCK-513383ed86a73488
SSCP-b3486f9231e400e9,MOL-86b63b63693e016f,2020_Barlow,AC-741ab05286c210ec,BLOCK-8dbd1f0100199b32,10,BLOCK-8dbd1f0100199b32
SSCP-b34bd9b4675a6db9,MOL-1f1b142412d1c418,2020_Furukawa,AC-114e657b947b31ec,BLOCK-5f91132e1b252609,9,BLOCK-5f91132e1b252609
SSCP-b35134195b5cd76b,MOL-0f93768efad11450,2020_Townsend,AC-78305ee2e743b795,BLOCK-513383ed86a73488,5,BLOCK-513383ed86a73488
SSCP-b3519234055b3fb4,MOL-c85e3281989a5285,2021_Kelly,AC-5e5c956882423f52,BLOCK-4494eb5738fce47c,3,BLOCK-4494eb5738fce47c
SSCP-b352931bc178dd14,MOL-9d61438745b98c10,2013_CHUGAI,AC-6cbc507532f653e1,BLOCK-5c361cba45039733,7,BLOCK-5c361cba45039733
SSCP-b35791ab9853637b,MOL-c8afde624243038b,2020_Townsend,AC-78305ee2e743b795,BLOCK-513383ed86a73488,5,BLOCK-513383ed86a73488
SSCP-b35f8401efd6dea3,MOL-faa9f0c78afb8749,2020_Townsend,AC-78305ee2e743b795,BLOCK-513383ed86a73488,5,BLOCK-513383ed86a73488
SSCP-b368e8fbcb9a9e06,MOL-e9ad336907b3d7af,2020_Townsend,AC-78305ee2e743b795,BLOCK-513383ed86a73488,5,BLOCK-513383ed86a73488
SSCP-b373e3d5bd07edd3,MOL-8f1ff860692f61a7,2021_Kelly,AC-5e5c956882423f52,BLOCK-4494eb5738fce47c,3,BLOCK-4494eb5738fce47c
SSCP-b378c828620f6b5b,MOL-0fb73bd487def5b5,2020_Townsend,AC-78305ee2e743b795,BLOCK-513383ed86a73488,5,BLOCK-513383ed86a73488
SSCP-b38087aec48f8299,MOL-d405e248808ce5c7,2020_Townsend,AC-78305ee2e743b795,BLOCK-513383ed86a73488,5,BLOCK-513383ed86a73488
SSCP-b390f0a5c131e74e,MOL-d2a8bd64c2aff71a,2013_CHUGAI,AC-cf95401a5715faa6,BLOCK-5c361cba45039733,7,BLOCK-5c361cba45039733
SSCP-b39bd5ad8695bdac,MOL-2eb92cd6defb3848,2020_Townsend,AC-78305ee2e743b795,BLOCK-513383ed86a73488,5,BLOCK-513383ed86a73488
SSCP-b39f0d70b3b45931,MOL-91cbcc661a0e575a,2016_Furukawa,AC-78305ee2e743b795,BLOCK-513383ed86a73488,5,BLOCK-513383ed86a73488
SSCP-b3a7a3b54933844f,MOL-70ca42cb8b01005b,2024_Koch,AC-e82e3e242d3d320c,BLOCK-c5e520eb3b94ff25,15,BLOCK-c5e520eb3b94ff25
SSCP-b3a96c9ddc6c0af6,MOL-4b06e19b111d653e,2020_Townsend,AC-78305ee2e743b795,BLOCK-513383ed86a73488,5,BLOCK-513383ed86a73488
SSCP-b3b6b5be7dcea9fe,MOL-ef7e76814926d134,2016_Furukawa,AC-78305ee2e743b795,BLOCK-513383ed86a73488,5,BLOCK-513383ed86a73488
SSCP-b3b7889d4de5ec13,MOL-27c9b1bb9a891f49,2020_Townsend,AC-78305ee2e743b795,BLOCK-513383ed86a73488,5,BLOCK-513383ed86a73488
SSCP-b3bb634c604b2c6a,MOL-f53d24da17585f85,2020_Townsend,AC-78305ee2e743b795,BLOCK-513383ed86a73488,5,BLOCK-513383ed86a73488
SSCP-b3bcb31f0ded5afc,MOL-84dead9b837ce063,2021_Kelly,AC-ac7e5d0036401990,BLOCK-4494eb5738fce47c,3,BLOCK-4494eb5738fce47c
SSCP-b3bd82c3ec010c0b,MOL-aa095c8dc5d6c21e,2020_Townsend,AC-78305ee2e743b795,BLOCK-513383ed86a73488,5,BLOCK-513383ed86a73488
SSCP-b3ca318a43020f55,MOL-8be6c8298d335cc5,2020_Townsend,AC-78305ee2e743b795,BLOCK-513383ed86a73488,5,BLOCK-513383ed86a73488
SSCP-b3cdfd3adc8c09fb,MOL-1637606120459330,2021_Kelly,AC-5e5c956882423f52,BLOCK-4494eb5738fce47c,3,BLOCK-4494eb5738fce47c
SSCP-b3dcd733812e60b6,MOL-3f2aa3e5c9e7a98f,2021_Kelly,AC-5e5c956882423f52,BLOCK-4494eb5738fce47c,3,BLOCK-4494eb5738fce47c
SSCP-b3de8f309b6803b4,MOL-2f2e98ed2184ea87,2022_Bhardwaj,AC-b7c28d29d6798ce8,BLOCK-513383ed86a73488,5,BLOCK-513383ed86a73488
SSCP-b3f0bb444bf986be,MOL-aa76c1e869e48f7b,2013_CHUGAI,AC-cf95401a5715faa6,BLOCK-5c361cba45039733,7,BLOCK-5c361cba45039733
SSCP-b3f3da07c64c3757,MOL-5425698ef2784986,2021_Kelly,AC-5e5c956882423f52,BLOCK-4494eb5738fce47c,3,BLOCK-4494eb5738fce47c
SSCP-b3f51cf60c2c9408,MOL-dc3ffd1cc5eba9f3,2016_Furukawa,AC-78305ee2e743b795,BLOCK-513383ed86a73488,5,BLOCK-513383ed86a73488
SSCP-b3fc2c4c8c8f9c9a,MOL-0d32dcd45a0540a2,2021_Kelly,AC-5e5c956882423f52,BLOCK-4494eb5738fce47c,3,BLOCK-4494eb5738fce47c
SSCP-b3fcdb3f59ab6dd7,MOL-a4a0738898046ba7,2020_Townsend,AC-78305ee2e743b795,BLOCK-513383ed86a73488,5,BLOCK-513383ed86a73488
SSCP-b3fdbbb9917d0dc2,MOL-5dae476cb53f6428,2016_Furukawa,AC-78305ee2e743b795,BLOCK-513383ed86a73488,5,BLOCK-513383ed86a73488
SSCP-b3ffdddad824adab,MOL-e4ff97a002b345c5,2021_Kelly,AC-6d3257a2b83e15dc,BLOCK-4494eb5738fce47c,3,BLOCK-4494eb5738fce47c
SSCP-b401b6ffb77432d8,MOL-726e6227c0236c1b,2016_Furukawa,AC-78305ee2e743b795,BLOCK-513383ed86a73488,5,BLOCK-513383ed86a73488
SSCP-b40f07066b5dd11f,MOL-b676527b1b6d3a51,2021_Kelly,AC-5e5c956882423f52,BLOCK-4494eb5738fce47c,3,BLOCK-4494eb5738fce47c
SSCP-b4230d594cc7fc73,MOL-42c22c1dec599d61,2016_Furukawa,AC-78305ee2e743b795,BLOCK-513383ed86a73488,5,BLOCK-513383ed86a73488
SSCP-b436499db87f08e6,MOL-135fe37a30fd0124,2016_Furukawa,AC-78305ee2e743b795,BLOCK-513383ed86a73488,5,BLOCK-513383ed86a73488
SSCP-b44f1935f4c5a23e,MOL-3679bb5fe1fc6a7c,2020_Townsend,AC-78305ee2e743b795,BLOCK-513383ed86a73488,5,BLOCK-513383ed86a73488
SSCP-b45dbfd66005db5f,MOL-401ed1118e5c180a,2021_Kelly,AC-ac7e5d0036401990,BLOCK-4494eb5738fce47c,3,BLOCK-4494eb5738fce47c
SSCP-b460edef6b41bb55,MOL-f8f34932e8712258,2013_CHUGAI,AC-cf95401a5715faa6,BLOCK-5c361cba45039733,7,BLOCK-5c361cba45039733
SSCP-b477929fcd0a70eb,MOL-4674f5877e3cc8b6,2013_CHUGAI,AC-cf95401a5715faa6,BLOCK-5c361cba45039733,7,BLOCK-5c361cba45039733
SSCP-b47a81149528e56e,MOL-c41be6e426895b4e,2022_Bhardwaj,AC-d92eb5da611df651,BLOCK-513383ed86a73488,5,BLOCK-513383ed86a73488
SSCP-b48804e080a7b941,MOL-325b4ff2c1457ff9,2020_Townsend,AC-78305ee2e743b795,BLOCK-513383ed86a73488,5,BLOCK-513383ed86a73488
SSCP-b48d14f7be6a0e44,MOL-b414cb28e0d84bf1,2013_CHUGAI,AC-cf95401a5715faa6,BLOCK-5c361cba45039733,7,BLOCK-5c361cba45039733
SSCP-b4907e4c2a8b46c3,MOL-a3a2b17b5c5f6ca8,2006_Rezai_2,AC-e521a6b3b6226405,BLOCK-4acd8e0f532c9eb9,4,BLOCK-4acd8e0f532c9eb9
SSCP-b4966eac71787b12,MOL-a22a6fe4b92a175a,2022_Taechalertpaisarn,AC-78305ee2e743b795,BLOCK-513383ed86a73488,5,BLOCK-513383ed86a73488
SSCP-b4a10b903949d5ff,MOL-4a83505ffbd640dd,2020_Townsend,AC-78305ee2e743b795,BLOCK-513383ed86a73488,5,BLOCK-513383ed86a73488
SSCP-b4ada21738b9dbeb,MOL-7a330227037ccaae,2018_Naylor,AC-dceba6004ee9f160,BLOCK-513383ed86a73488,5,BLOCK-513383ed86a73488
SSCP-b4ca02fcf8182f26,MOL-69bf465352d25c6f,2020_Townsend,AC-78305ee2e743b795,BLOCK-513383ed86a73488,5,BLOCK-513383ed86a73488
SSCP-b4cfa591855bd3db,MOL-0e4026acefe28671,2021_Kelly,AC-5e5c956882423f52,BLOCK-4494eb5738fce47c,3,BLOCK-4494eb5738fce47c
SSCP-b4e5cf3885cb3b82,MOL-8bf999c321b5e593,2020_Townsend,AC-78305ee2e743b795,BLOCK-513383ed86a73488,5,BLOCK-513383ed86a73488
SSCP-b4f45f8b9d29483d,MOL-3f2800e2b467fea4,2020_Townsend,AC-78305ee2e743b795,BLOCK-513383ed86a73488,5,BLOCK-513383ed86a73488
SSCP-b4f87b7456659d0b,MOL-b325618835e9ae05,2021_Kelly,AC-5e5c956882423f52,BLOCK-4494eb5738fce47c,3,BLOCK-4494eb5738fce47c
SSCP-b50bbf58a3b96b3e,MOL-1c44db52cd137aef,2020_Furukawa,AC-114e657b947b31ec,BLOCK-5f91132e1b252609,9,BLOCK-5f91132e1b252609
SSCP-b50def781a3ec49b,MOL-d5d52220f5b91fea,2013_CHUGAI,AC-cf95401a5715faa6,BLOCK-5c361cba45039733,7,BLOCK-5c361cba45039733
SSCP-b50feb498a7c76bc,MOL-f8fd83cbf81018f0,2020_Townsend,AC-78305ee2e743b795,BLOCK-513383ed86a73488,5,BLOCK-513383ed86a73488
SSCP-b51ee168d01985aa,MOL-b6c38f7f51c99128,2013_CHUGAI,AC-cf95401a5715faa6,BLOCK-5c361cba45039733,7,BLOCK-5c361cba45039733
SSCP-b52810ab1a869d9d,MOL-87bf213108db91e3,2020_Townsend,AC-78305ee2e743b795,BLOCK-513383ed86a73488,5,BLOCK-513383ed86a73488
SSCP-b5410d716ba984c8,MOL-172708f23cf335ff,2021_Kelly,AC-ac7e5d0036401990,BLOCK-4494eb5738fce47c,3,BLOCK-4494eb5738fce47c
SSCP-b54d8ef742dd22d3,MOL-5bf5dc6dac1af734,2022_Bhardwaj,AC-e3a49e8bfe9a422b,BLOCK-513383ed86a73488,5,BLOCK-513383ed86a73488
SSCP-b5570dbcfd185227,MOL-e72d44068b31dfde,2021_Golosov,AC-86cc498249bfbe27,BLOCK-394ff80f01cbc968,2,BLOCK-394ff80f01cbc968
SSCP-b559627740991635,MOL-f0840b58c7de272b,2020_Townsend,AC-78305ee2e743b795,BLOCK-513383ed86a73488,5,BLOCK-513383ed86a73488
SSCP-b560781792071af0,MOL-4fdfc2f45685c1c8,2020_Townsend,AC-78305ee2e743b795,BLOCK-513383ed86a73488,5,BLOCK-513383ed86a73488
SSCP-b565e805b5983e0f,MOL-45a9d8f33d75e87f,2020_Townsend,AC-78305ee2e743b795,BLOCK-513383ed86a73488,5,BLOCK-513383ed86a73488
SSCP-b566f56e743c7e2c,MOL-07ab8691e3994c45,2020_Townsend,AC-78305ee2e743b795,BLOCK-513383ed86a73488,5,BLOCK-513383ed86a73488
SSCP-b567e7ea1831ef19,MOL-e1bc52499c8647ef,2016_Furukawa,AC-78305ee2e743b795,BLOCK-513383ed86a73488,5,BLOCK-513383ed86a73488
SSCP-b5875430d3053f6c,MOL-a620705ce8e8035e,2022_Bhardwaj,AC-daa1486ab44320a8,BLOCK-513383ed86a73488,5,BLOCK-513383ed86a73488
SSCP-b594f624429381bc,MOL-1fc8b1e3fcdeaadb,2020_Townsend,AC-78305ee2e743b795,BLOCK-513383ed86a73488,5,BLOCK-513383ed86a73488
SSCP-b59dc33efdda006a,MOL-50ed00b579a99ca5,2016_Furukawa,AC-78305ee2e743b795,BLOCK-513383ed86a73488,5,BLOCK-513383ed86a73488
SSCP-b59e340c8a4d7e8f,MOL-d14415f0822f9bb8,2020_Le Roux,AC-b74b4d5565722d16,BLOCK-bb4bcb852b735057,12,BLOCK-bb4bcb852b735057
SSCP-b5a7f99548b22979,MOL-e4b58ceb1ed77f95,2020_Townsend,AC-78305ee2e743b795,BLOCK-513383ed86a73488,5,BLOCK-513383ed86a73488
SSCP-b5b17254374ddffe,MOL-8f17a4303adf0679,2020_Le Roux,AC-b324a10f0ad68dab,BLOCK-bb4bcb852b735057,12,BLOCK-bb4bcb852b735057
SSCP-b5b4bdafd2a0fcf0,MOL-ce026b9abdc39075,2020_Townsend,AC-78305ee2e743b795,BLOCK-513383ed86a73488,5,BLOCK-513383ed86a73488
SSCP-b5b8fcbb03ef1824,MOL-46670a9ed7cd1a0a,2020_Townsend,AC-78305ee2e743b795,BLOCK-513383ed86a73488,5,BLOCK-513383ed86a73488
SSCP-b5ba8dcd6d67aa5d,MOL-d580be684dfb36f2,2016_Furukawa,AC-78305ee2e743b795,BLOCK-513383ed86a73488,5,BLOCK-513383ed86a73488
SSCP-b5bf9eaf88362028,MOL-c40aebca72b02504,2021_Kelly,AC-5e5c956882423f52,BLOCK-4494eb5738fce47c,3,BLOCK-4494eb5738fce47c
SSCP-b5c10da2b2122cb0,MOL-9952aa03fc076370,2020_Townsend,AC-78305ee2e743b795,BLOCK-513383ed86a73488,5,BLOCK-513383ed86a73488
SSCP-b5c3d38d13881bf0,MOL-8db01e8df8d6e121,2021_Kelly,AC-5e5c956882423f52,BLOCK-4494eb5738fce47c,3,BLOCK-4494eb5738fce47c
SSCP-b5c8ec9a0062db9e,MOL-f14ebb78e505a16c,2021_Kelly,AC-5e5c956882423f52,BLOCK-4494eb5738fce47c,3,BLOCK-4494eb5738fce47c
SSCP-b5d4143c1e2708b0,MOL-5363d9ee305c932e,2020_Townsend,AC-78305ee2e743b795,BLOCK-513383ed86a73488,5,BLOCK-513383ed86a73488
SSCP-b5ee54ec9e023981,MOL-6c171e2b052017e4,2020_Townsend,AC-78305ee2e743b795,BLOCK-513383ed86a73488,5,BLOCK-513383ed86a73488
SSCP-b5f34893f3889a4e,MOL-e09fcb9459f35b4b,2013_CHUGAI,AC-9915a59ccaa1a737,BLOCK-5c361cba45039733,7,BLOCK-5c361cba45039733
SSCP-b5f65510d54db8f0,MOL-fcae8e48f67d17d3,2020_Townsend,AC-78305ee2e743b795,BLOCK-513383ed86a73488,5,BLOCK-513383ed86a73488
SSCP-b609c9d86e0177c5,MOL-1ee3ead088e0bbd3,2020_Townsend,AC-78305ee2e743b795,BLOCK-513383ed86a73488,5,BLOCK-513383ed86a73488
SSCP-b6262536cf30cc2e,MOL-92f24f5bb27c1eac,2020_Townsend,AC-78305ee2e743b795,BLOCK-513383ed86a73488,5,BLOCK-513383ed86a73488
SSCP-b629030726d7da50,MOL-e4e5c6d4d5e61d67,2020_Townsend,AC-78305ee2e743b795,BLOCK-513383ed86a73488,5,BLOCK-513383ed86a73488
SSCP-b63dd4dd6e0783f5,MOL-b7b390791a9cf37d,2024_Faris,AC-e82e3e242d3d320c,BLOCK-c5e520eb3b94ff25,15,BLOCK-c5e520eb3b94ff25
SSCP-b649cdd9d989eb47,MOL-7c036fbc10d17579,2016_Furukawa,AC-78305ee2e743b795,BLOCK-513383ed86a73488,5,BLOCK-513383ed86a73488
SSCP-b657b277e4a89dbb,MOL-25ee72c8b9493dce,2021_Kelly,AC-ac7e5d0036401990,BLOCK-4494eb5738fce47c,3,BLOCK-4494eb5738fce47c
SSCP-b657eca362afcaba,MOL-9e7409e834988f63,2024_Ly,AC-b74b4d5565722d16,BLOCK-bb4bcb852b735057,12,BLOCK-bb4bcb852b735057
SSCP-b65d9188e88bee00,MOL-a934d7ecbb081f19,2020_Townsend,AC-78305ee2e743b795,BLOCK-513383ed86a73488,5,BLOCK-513383ed86a73488
SSCP-b66d00e134ec0df8,MOL-5e033608d6d464a7,2021_Kelly,AC-6d3257a2b83e15dc,BLOCK-4494eb5738fce47c,3,BLOCK-4494eb5738fce47c
SSCP-b6779b958222b17a,MOL-f2d727e19791d7d5,2021_Kelly,AC-5e5c956882423f52,BLOCK-4494eb5738fce47c,3,BLOCK-4494eb5738fce47c
SSCP-b677d801a4204af2,MOL-c3e6018ccd26f57f,2013_CHUGAI,AC-cf95401a5715faa6,BLOCK-5c361cba45039733,7,BLOCK-5c361cba45039733
SSCP-b68f7ab4465a68cb,MOL-291ef8c392ebd890,2020_Townsend,AC-78305ee2e743b795,BLOCK-513383ed86a73488,5,BLOCK-513383ed86a73488
SSCP-b69c5ef89dd9da9d,MOL-4ccb69cb684cbd4b,2020_Townsend,AC-78305ee2e743b795,BLOCK-513383ed86a73488,5,BLOCK-513383ed86a73488
SSCP-b69cefa1f724c3b6,MOL-4d23e0bacac26c8c,2021_Kelly,AC-ac7e5d0036401990,BLOCK-4494eb5738fce47c,3,BLOCK-4494eb5738fce47c
SSCP-b6b28c7b090f29e3,MOL-975575541e9b4d57,2013_CHUGAI,AC-cf95401a5715faa6,BLOCK-5c361cba45039733,7,BLOCK-5c361cba45039733
SSCP-b6b855044eeb9973,MOL-b55c0b0343c2a498,2013_CHUGAI,AC-cf95401a5715faa6,BLOCK-5c361cba45039733,7,BLOCK-5c361cba45039733
SSCP-b6b98d75e95daefd,MOL-93fdc1dfcf91406d,2020_Townsend,AC-78305ee2e743b795,BLOCK-513383ed86a73488,5,BLOCK-513383ed86a73488
SSCP-b6c63c3b0168fa55,MOL-07cf6a345aefc612,2020_Townsend,AC-78305ee2e743b795,BLOCK-513383ed86a73488,5,BLOCK-513383ed86a73488
SSCP-b6c648f4d5c3aaab,MOL-53c2fa83c6a603df,2020_Townsend,AC-78305ee2e743b795,BLOCK-513383ed86a73488,5,BLOCK-513383ed86a73488
SSCP-b6d3ee688795cffc,MOL-4758cbe0e709f0d9,2021_Kelly,AC-6d3257a2b83e15dc,BLOCK-4494eb5738fce47c,3,BLOCK-4494eb5738fce47c
SSCP-b6d4576f01d85d32,MOL-f67c163cde702018,2021_Wang,AC-fbc7f1ef462beb7f,BLOCK-d0fe24e9c28856d1,16,BLOCK-d0fe24e9c28856d1
SSCP-b6de05f61b7bccb4,MOL-caef6356667d1dfb,2024_Faris,AC-e82e3e242d3d320c,BLOCK-c5e520eb3b94ff25,15,BLOCK-c5e520eb3b94ff25
SSCP-b6deb9fad959ebbd,MOL-83a2b4a39856bd28,2015_Wang,AC-78305ee2e743b795,BLOCK-513383ed86a73488,5,BLOCK-513383ed86a73488
SSCP-b6e0202ef24ac683,MOL-9e5bf4a5c2f44513,2021_Kelly,AC-5e5c956882423f52,BLOCK-4494eb5738fce47c,3,BLOCK-4494eb5738fce47c
SSCP-b6ea7983ce512977,MOL-493635bf72488066,2020_Townsend,AC-78305ee2e743b795,BLOCK-513383ed86a73488,5,BLOCK-513383ed86a73488
SSCP-b6f7761e412aa9f6,MOL-74ef21460b977e10,2021_Kelly,AC-5e5c956882423f52,BLOCK-4494eb5738fce47c,3,BLOCK-4494eb5738fce47c
SSCP-b6f798130f72ba93,MOL-28e06682dbf02c7c,2020_Townsend,AC-78305ee2e743b795,BLOCK-513383ed86a73488,5,BLOCK-513383ed86a73488
SSCP-b6fa2ba06e7aa890,MOL-9cb7f5902dedeeac,2020_Townsend,AC-78305ee2e743b795,BLOCK-513383ed86a73488,5,BLOCK-513383ed86a73488
SSCP-b704ab9f6c7b1334,MOL-ac22a393df04a096,2020_Townsend,AC-78305ee2e743b795,BLOCK-513383ed86a73488,5,BLOCK-513383ed86a73488
SSCP-b7061261785bd178,MOL-54f8312d17d14f9d,2020_Townsend,AC-78305ee2e743b795,BLOCK-513383ed86a73488,5,BLOCK-513383ed86a73488
SSCP-b70b7b04c7e01de1,MOL-b0198534ec831d25,2020_Le Roux,AC-b74b4d5565722d16,BLOCK-bb4bcb852b735057,12,BLOCK-bb4bcb852b735057
SSCP-b70cb8a261656842,MOL-a9374d50b885bff2,2020_Townsend,AC-78305ee2e743b795,BLOCK-513383ed86a73488,5,BLOCK-513383ed86a73488
SSCP-b71006345e37dbb7,MOL-dc3c57d81f9fe87c,2020_Townsend,AC-78305ee2e743b795,BLOCK-513383ed86a73488,5,BLOCK-513383ed86a73488
SSCP-b7221988079809cd,MOL-455bbce8b9ee0895,2020_Townsend,AC-78305ee2e743b795,BLOCK-513383ed86a73488,5,BLOCK-513383ed86a73488
SSCP-b7272de51a70d384,MOL-012b613e7894a172,2016_Furukawa,AC-78305ee2e743b795,BLOCK-513383ed86a73488,5,BLOCK-513383ed86a73488
SSCP-b728bbca0c2f4cf7,MOL-8319da24e7af21c2,2020_Townsend,AC-78305ee2e743b795,BLOCK-513383ed86a73488,5,BLOCK-513383ed86a73488
SSCP-b7352cc49da80d1b,MOL-cf543ff5cf21f4f0,2020_Townsend,AC-78305ee2e743b795,BLOCK-513383ed86a73488,5,BLOCK-513383ed86a73488
SSCP-b7471723c584fb58,MOL-91b95cb8c64a734a,2020_Townsend,AC-78305ee2e743b795,BLOCK-513383ed86a73488,5,BLOCK-513383ed86a73488
SSCP-b74af286f74fb892,MOL-4f115634c52f9537,2020_Townsend,AC-78305ee2e743b795,BLOCK-513383ed86a73488,5,BLOCK-513383ed86a73488
SSCP-b7650ad93b28af3e,MOL-1437bbd069de0610,2021_Kelly,AC-5e5c956882423f52,BLOCK-4494eb5738fce47c,3,BLOCK-4494eb5738fce47c
SSCP-b76b0d624e0feec4,MOL-d1d3b5aec32429e7,2021_Kelly,AC-5e5c956882423f52,BLOCK-4494eb5738fce47c,3,BLOCK-4494eb5738fce47c
SSCP-b770d96540736891,MOL-a16c31919ba3ef65,2024_Faris,AC-e82e3e242d3d320c,BLOCK-c5e520eb3b94ff25,15,BLOCK-c5e520eb3b94ff25
SSCP-b774915133d906b0,MOL-c532de5e0c82354e,2020_Barlow,AC-741ab05286c210ec,BLOCK-8dbd1f0100199b32,10,BLOCK-8dbd1f0100199b32
SSCP-b775ce8c37107137,MOL-151e8c4209dfc14d,2021_Kelly,AC-5e5c956882423f52,BLOCK-4494eb5738fce47c,3,BLOCK-4494eb5738fce47c
SSCP-b785746f63758cc0,MOL-d3df64b3da15b61e,2015_Nielsen,AC-78305ee2e743b795,BLOCK-513383ed86a73488,5,BLOCK-513383ed86a73488
SSCP-b78fd823ff89c822,MOL-fd71a7e2f994a6a6,2021_Kelly,AC-5e5c956882423f52,BLOCK-4494eb5738fce47c,3,BLOCK-4494eb5738fce47c
SSCP-b795c05eaae7eccc,MOL-9255de14eebf14c4,2013_CHUGAI,AC-9915a59ccaa1a737,BLOCK-5c361cba45039733,7,BLOCK-5c361cba45039733
SSCP-b7988c2fa9cf987f,MOL-0cb630ba126faf26,2020_Townsend,AC-78305ee2e743b795,BLOCK-513383ed86a73488,5,BLOCK-513383ed86a73488
SSCP-b79a5cee218b87f7,MOL-c40566e049182173,2021_Kelly,AC-5e5c956882423f52,BLOCK-4494eb5738fce47c,3,BLOCK-4494eb5738fce47c
SSCP-b79b57ec6aaf1813,MOL-4b37847d49dc2946,2016_Furukawa,AC-78305ee2e743b795,BLOCK-513383ed86a73488,5,BLOCK-513383ed86a73488
SSCP-b7a1a35c2332fe79,MOL-33e90f0d316e33f5,2020_Barlow,AC-741ab05286c210ec,BLOCK-8dbd1f0100199b32,10,BLOCK-8dbd1f0100199b32
SSCP-b7a805ba4295fa0d,MOL-0742c7d23492a682,2013_CHUGAI,AC-cf95401a5715faa6,BLOCK-5c361cba45039733,7,BLOCK-5c361cba45039733
SSCP-b7b689fde5732270,MOL-9e1e2a8a22cdb392,2021_Kelly,AC-5e5c956882423f52,BLOCK-4494eb5738fce47c,3,BLOCK-4494eb5738fce47c
SSCP-b7bc11f3674f74ab,MOL-1823d73111733e56,2020_Townsend,AC-78305ee2e743b795,BLOCK-513383ed86a73488,5,BLOCK-513383ed86a73488
SSCP-b7cf3359af309d74,MOL-8bdaba471462a0bc,2024_Koch,AC-e82e3e242d3d320c,BLOCK-c5e520eb3b94ff25,15,BLOCK-c5e520eb3b94ff25
SSCP-b7d193e53943328f,MOL-662778d6b3a9366a,2013_CHUGAI,AC-cf95401a5715faa6,BLOCK-5c361cba45039733,7,BLOCK-5c361cba45039733
SSCP-b7d1b717a742aa87,MOL-c8e387d713354528,2018_Kaneda,AC-d7defee51a6f0372,BLOCK-fc0b343dfac9ab9d,18,BLOCK-fc0b343dfac9ab9d
SSCP-b7d3fd37af35d507,MOL-a7532a9af47f0b87,2021_Kelly,AC-6d3257a2b83e15dc,BLOCK-4494eb5738fce47c,3,BLOCK-4494eb5738fce47c
SSCP-b7d7ca4dc10f2c65,MOL-bd6d93460a4eb47c,2015_Ahlbach,AC-4cbd321fd3e6c472,BLOCK-513383ed86a73488,5,BLOCK-513383ed86a73488
SSCP-b7d88046fe561079,MOL-16a22a3115aeb63c,2020_Townsend,AC-78305ee2e743b795,BLOCK-513383ed86a73488,5,BLOCK-513383ed86a73488
SSCP-b7e07eef17bbf826,MOL-898a7029851f0b49,2020_Townsend,AC-78305ee2e743b795,BLOCK-513383ed86a73488,5,BLOCK-513383ed86a73488
SSCP-b7fbee5495118bd2,MOL-3664b05fe54765dc,2020_Townsend,AC-78305ee2e743b795,BLOCK-513383ed86a73488,5,BLOCK-513383ed86a73488
SSCP-b7fc6016d0b15448,MOL-0b7048d292de97f5,2024_Faris,AC-e82e3e242d3d320c,BLOCK-c5e520eb3b94ff25,15,BLOCK-c5e520eb3b94ff25
SSCP-b7fee72616cfaad0,MOL-2ac6d9442c89aabd,2020_Townsend,AC-78305ee2e743b795,BLOCK-513383ed86a73488,5,BLOCK-513383ed86a73488
SSCP-b8018f5caeccd4b2,MOL-adb852f68c33c670,2015_Bockus_2,AC-75c6ac7476f86a1a,BLOCK-ad504a636f9fcddf,11,BLOCK-ad504a636f9fcddf
SSCP-b822e543140861cc,MOL-ea687ccd70d0528a,2021_Kelly,AC-ac7e5d0036401990,BLOCK-4494eb5738fce47c,3,BLOCK-4494eb5738fce47c
SSCP-b823ff608aa439b8,MOL-8db7917ccff2c3e8,2020_Townsend,AC-78305ee2e743b795,BLOCK-513383ed86a73488,5,BLOCK-513383ed86a73488
SSCP-b82f602ea858229d,MOL-0250830e77646920,2020_Townsend,AC-78305ee2e743b795,BLOCK-513383ed86a73488,5,BLOCK-513383ed86a73488
SSCP-b833c1616fea6d0d,MOL-5495e174b3f64be9,2020_Townsend,AC-78305ee2e743b795,BLOCK-513383ed86a73488,5,BLOCK-513383ed86a73488
SSCP-b843e891b3b3d0a9,MOL-5287a4b4f3b77635,2021_Kelly,AC-5e5c956882423f52,BLOCK-4494eb5738fce47c,3,BLOCK-4494eb5738fce47c
SSCP-b844253674f4e29e,MOL-4018df4716b813b4,2016_Furukawa,AC-78305ee2e743b795,BLOCK-513383ed86a73488,5,BLOCK-513383ed86a73488
SSCP-b86f03748a2a8c4c,MOL-baf843639bc73286,2021_Kelly,AC-ac7e5d0036401990,BLOCK-4494eb5738fce47c,3,BLOCK-4494eb5738fce47c
SSCP-b879db1016f578f3,MOL-bd5e9ffe79d37a89,2016_Furukawa,AC-78305ee2e743b795,BLOCK-513383ed86a73488,5,BLOCK-513383ed86a73488
SSCP-b88151dbf41cefc2,MOL-ca253edacdeb2cb4,2021_Kelly,AC-5e5c956882423f52,BLOCK-4494eb5738fce47c,3,BLOCK-4494eb5738fce47c
SSCP-b889b14a5b99669b,MOL-6c64c52e3e0dfff9,2020_Townsend,AC-78305ee2e743b795,BLOCK-513383ed86a73488,5,BLOCK-513383ed86a73488
SSCP-b899469b0cf7c0f3,MOL-a9168cd6ccc63cf2,2021_Kelly,AC-5e5c956882423f52,BLOCK-4494eb5738fce47c,3,BLOCK-4494eb5738fce47c
SSCP-b89f5734a8fc1ae8,MOL-c330b476c46e5290,2021_Kelly,AC-ac7e5d0036401990,BLOCK-4494eb5738fce47c,3,BLOCK-4494eb5738fce47c
SSCP-b8a21e8b6fc31a1b,MOL-fe739af840b912e1,2020_Townsend,AC-78305ee2e743b795,BLOCK-513383ed86a73488,5,BLOCK-513383ed86a73488
SSCP-b8a33e379c178a01,MOL-175d5f9e64de343c,2020_Townsend,AC-78305ee2e743b795,BLOCK-513383ed86a73488,5,BLOCK-513383ed86a73488
SSCP-b8a95a4d787fd7d3,MOL-e05b6901e08951df,2020_Townsend,AC-78305ee2e743b795,BLOCK-513383ed86a73488,5,BLOCK-513383ed86a73488
SSCP-b8ad69d240f3bc34,MOL-6f42d2f99e80a96f,2020_Townsend,AC-78305ee2e743b795,BLOCK-513383ed86a73488,5,BLOCK-513383ed86a73488
SSCP-b8b1309741d82cbd,MOL-a69c03390af3ceab,2020_Townsend,AC-78305ee2e743b795,BLOCK-513383ed86a73488,5,BLOCK-513383ed86a73488
SSCP-b8c14ad71c976713,MOL-3a58f9fcace54488,2020_Townsend,AC-78305ee2e743b795,BLOCK-513383ed86a73488,5,BLOCK-513383ed86a73488
SSCP-b8c534b149eb3302,MOL-b7742a4bb0a9295a,2021_Kelly,AC-5e5c956882423f52,BLOCK-4494eb5738fce47c,3,BLOCK-4494eb5738fce47c
SSCP-b8d023384092eaa9,MOL-2d7a0ec12a354b26,2021_Kelly,AC-5e5c956882423f52,BLOCK-4494eb5738fce47c,3,BLOCK-4494eb5738fce47c
SSCP-b8d8263728004d84,MOL-fa595543379fe20a,2016_Furukawa,AC-78305ee2e743b795,BLOCK-513383ed86a73488,5,BLOCK-513383ed86a73488
SSCP-b8f69140b2ab94a7,MOL-1e938d73e07cd4dc,2013_CHUGAI,AC-cf95401a5715faa6,BLOCK-5c361cba45039733,7,BLOCK-5c361cba45039733
SSCP-b901dc2f263243cd,MOL-0e616769edb3abac,2021_Kelly,AC-5e5c956882423f52,BLOCK-4494eb5738fce47c,3,BLOCK-4494eb5738fce47c
SSCP-b9085854a6161efa,MOL-fb9cad2f516b194f,2013_CHUGAI,AC-cf95401a5715faa6,BLOCK-5c361cba45039733,7,BLOCK-5c361cba45039733
SSCP-b908c13ab7c1907a,MOL-a2e2943def6e056e,2020_Townsend,AC-78305ee2e743b795,BLOCK-513383ed86a73488,5,BLOCK-513383ed86a73488
SSCP-b90c29784fa3975c,MOL-86c3d08419d39967,2020_Townsend,AC-78305ee2e743b795,BLOCK-513383ed86a73488,5,BLOCK-513383ed86a73488
SSCP-b90ec58b724d3931,MOL-b52d69b7401b1c4f,2016_Furukawa,AC-78305ee2e743b795,BLOCK-513383ed86a73488,5,BLOCK-513383ed86a73488
SSCP-b9120ab67e0d1667,MOL-386e78ae5dc7e779,2020_Townsend,AC-78305ee2e743b795,BLOCK-513383ed86a73488,5,BLOCK-513383ed86a73488
SSCP-b91adee376351aeb,MOL-8f104c65399404f6,2013_CHUGAI,AC-cf95401a5715faa6,BLOCK-5c361cba45039733,7,BLOCK-5c361cba45039733
SSCP-b91ef2d666f64f93,MOL-56b60678ed79d8e5,2020_Townsend,AC-78305ee2e743b795,BLOCK-513383ed86a73488,5,BLOCK-513383ed86a73488
SSCP-b925268542ae565c,MOL-95300bbe5a69e0fb,2020_Townsend,AC-78305ee2e743b795,BLOCK-513383ed86a73488,5,BLOCK-513383ed86a73488
SSCP-b92be61001a0503e,MOL-381812759ca3f13a,2021_Kelly,AC-ac7e5d0036401990,BLOCK-4494eb5738fce47c,3,BLOCK-4494eb5738fce47c
SSCP-b92f3caeba00a8eb,MOL-1dd03ca850279705,2020_Townsend,AC-78305ee2e743b795,BLOCK-513383ed86a73488,5,BLOCK-513383ed86a73488
SSCP-b93f61e9b665fc92,MOL-1e0f2df3093a0f67,2021_Kelly,AC-5e5c956882423f52,BLOCK-4494eb5738fce47c,3,BLOCK-4494eb5738fce47c
SSCP-b940c9081bb41d20,MOL-523233a73ba8d232,2016_Furukawa,AC-78305ee2e743b795,BLOCK-513383ed86a73488,5,BLOCK-513383ed86a73488
SSCP-b942e18529c4a661,MOL-49579412106804d1,2020_Townsend,AC-78305ee2e743b795,BLOCK-513383ed86a73488,5,BLOCK-513383ed86a73488
SSCP-b945db1c8466c152,MOL-b785d6e0170f739c,2021_Kelly,AC-5e5c956882423f52,BLOCK-4494eb5738fce47c,3,BLOCK-4494eb5738fce47c
SSCP-b95518392987a943,MOL-041d1d925d505fbd,2020_Townsend,AC-78305ee2e743b795,BLOCK-513383ed86a73488,5,BLOCK-513383ed86a73488
SSCP-b96683d071db44e9,MOL-2b2d4d0d6749d0b5,2020_Townsend,AC-78305ee2e743b795,BLOCK-513383ed86a73488,5,BLOCK-513383ed86a73488
SSCP-b97c2eea1738dac0,MOL-6da0050101e38627,2015_Bockus_1,AC-914f0f8286bc74ae,BLOCK-513383ed86a73488,5,BLOCK-513383ed86a73488
SSCP-b97e5cb97fd8374e,MOL-f0e45e89414c4bb0,2020_Townsend,AC-78305ee2e743b795,BLOCK-513383ed86a73488,5,BLOCK-513383ed86a73488
SSCP-b9940046f9eb519f,MOL-98b1f9bda18b8bac,2024_Faris,AC-e82e3e242d3d320c,BLOCK-c5e520eb3b94ff25,15,BLOCK-c5e520eb3b94ff25
SSCP-b994a18a9cc218c0,MOL-429cead73ee0da53,2016_Furukawa,AC-78305ee2e743b795,BLOCK-513383ed86a73488,5,BLOCK-513383ed86a73488
SSCP-b99a2ac65f8cb3ed,MOL-4c27fefe6ad46b4f,2016_Furukawa,AC-78305ee2e743b795,BLOCK-513383ed86a73488,5,BLOCK-513383ed86a73488
SSCP-b9a2306d6e54cdc4,MOL-5e451fc0397704e7,2020_Furukawa,AC-114e657b947b31ec,BLOCK-5f91132e1b252609,9,BLOCK-5f91132e1b252609
SSCP-b9b746e196be62dd,MOL-7c6eb74b9d9b52ba,2021_Kelly,AC-5e5c956882423f52,BLOCK-4494eb5738fce47c,3,BLOCK-4494eb5738fce47c
SSCP-b9ba20ec64664469,MOL-da47af618e7d5875,2016_Furukawa,AC-78305ee2e743b795,BLOCK-513383ed86a73488,5,BLOCK-513383ed86a73488
SSCP-b9bc01073ebd69c3,MOL-fbf5b70ad1672285,2013_CHUGAI,AC-cf95401a5715faa6,BLOCK-5c361cba45039733,7,BLOCK-5c361cba45039733
SSCP-b9bfa21edba01fe6,MOL-8dfdcbd027b3a58d,2021_Kelly,AC-5e5c956882423f52,BLOCK-4494eb5738fce47c,3,BLOCK-4494eb5738fce47c
SSCP-b9c338f3f764234d,MOL-74b1c352072994ba,2020_Townsend,AC-78305ee2e743b795,BLOCK-513383ed86a73488,5,BLOCK-513383ed86a73488
SSCP-b9cf3dfbe475f902,MOL-c55ab7f058deabf4,2013_CHUGAI,AC-9915a59ccaa1a737,BLOCK-5c361cba45039733,7,BLOCK-5c361cba45039733
SSCP-b9d7ca6eac6353b7,MOL-2c80ec748de8f373,2022_Taechalertpaisarn,AC-78305ee2e743b795,BLOCK-513383ed86a73488,5,BLOCK-513383ed86a73488
SSCP-b9d86d5283528b99,MOL-d8003480d1fc5783,2021_Kelly,AC-5e5c956882423f52,BLOCK-4494eb5738fce47c,3,BLOCK-4494eb5738fce47c
SSCP-b9f0ec64714ada88,MOL-25beca89b475b953,2016_Furukawa,AC-78305ee2e743b795,BLOCK-513383ed86a73488,5,BLOCK-513383ed86a73488
SSCP-b9f7a550239dd19c,MOL-8c6309d8843b8172,2013_CHUGAI,AC-cf95401a5715faa6,BLOCK-5c361cba45039733,7,BLOCK-5c361cba45039733
SSCP-ba0272721a19bfa4,MOL-28bf6f33e61796bd,2021_Kelly,AC-ac7e5d0036401990,BLOCK-4494eb5738fce47c,3,BLOCK-4494eb5738fce47c
SSCP-ba046d7bd2d3a506,MOL-f9c72f4c1ea1e5f1,2016_Furukawa,AC-78305ee2e743b795,BLOCK-513383ed86a73488,5,BLOCK-513383ed86a73488
SSCP-ba0908c3e256fa32,MOL-ea3165739957ed16,2020_Townsend,AC-78305ee2e743b795,BLOCK-513383ed86a73488,5,BLOCK-513383ed86a73488
SSCP-ba2bcdae1b049a38,MOL-00063df10297f140,2020_Townsend,AC-78305ee2e743b795,BLOCK-513383ed86a73488,5,BLOCK-513383ed86a73488
SSCP-ba30448f5bfe679f,MOL-7195d0b7c0b0a74c,2013_CHUGAI,AC-cf95401a5715faa6,BLOCK-5c361cba45039733,7,BLOCK-5c361cba45039733
SSCP-ba31d7e5ed8fe500,MOL-323e070e84bddd01,2024_Faris,AC-e82e3e242d3d320c,BLOCK-c5e520eb3b94ff25,15,BLOCK-c5e520eb3b94ff25
SSCP-ba3681ba6f72e06c,MOL-3cd03c8e7f7145f8,2024_Faris,AC-e82e3e242d3d320c,BLOCK-c5e520eb3b94ff25,15,BLOCK-c5e520eb3b94ff25
SSCP-ba37d504cdaf0eeb,MOL-ddeb6e327bb1e16f,2013_CHUGAI,AC-cf95401a5715faa6,BLOCK-5c361cba45039733,7,BLOCK-5c361cba45039733
SSCP-ba3b4d201570a963,MOL-6609ff0f14a0d516,2015_Wang,AC-78305ee2e743b795,BLOCK-513383ed86a73488,5,BLOCK-513383ed86a73488
SSCP-ba427e22bee03678,MOL-4bc8da6536260383,2021_Kelly,AC-5e5c956882423f52,BLOCK-4494eb5738fce47c,3,BLOCK-4494eb5738fce47c
SSCP-ba451153524c13aa,MOL-fc6b8346b853b0cc,2021_Kelly,AC-5e5c956882423f52,BLOCK-4494eb5738fce47c,3,BLOCK-4494eb5738fce47c
SSCP-ba453cb8409b3456,MOL-89c2cf31ff14a4fb,2020_Townsend,AC-78305ee2e743b795,BLOCK-513383ed86a73488,5,BLOCK-513383ed86a73488
SSCP-ba46a686dd963543,MOL-849f741453d97910,2013_CHUGAI,AC-cf95401a5715faa6,BLOCK-5c361cba45039733,7,BLOCK-5c361cba45039733
SSCP-ba46fbb71aa3db9f,MOL-aa2840f0dcbf9664,2020_Townsend,AC-78305ee2e743b795,BLOCK-513383ed86a73488,5,BLOCK-513383ed86a73488
SSCP-ba5653c7a9f1ccd5,MOL-264e77460cfce778,2020_Townsend,AC-78305ee2e743b795,BLOCK-513383ed86a73488,5,BLOCK-513383ed86a73488
SSCP-ba6489c24e0b5845,MOL-7eff6bece0b9b611,2020_Townsend,AC-78305ee2e743b795,BLOCK-513383ed86a73488,5,BLOCK-513383ed86a73488
SSCP-ba72ae0a589d7a7c,MOL-0ab95c87ff4554da,2016_Furukawa,AC-78305ee2e743b795,BLOCK-513383ed86a73488,5,BLOCK-513383ed86a73488
SSCP-ba7402409fd65a04,MOL-6c612ccb6d061e30,2013_CHUGAI,AC-cf95401a5715faa6,BLOCK-5c361cba45039733,7,BLOCK-5c361cba45039733
SSCP-ba7f0a2bb7147b13,MOL-1e9f6cb6aae8df7a,2020_Townsend,AC-78305ee2e743b795,BLOCK-513383ed86a73488,5,BLOCK-513383ed86a73488
SSCP-ba823ef269ec542a,MOL-4d620f7ceb79261d,2021_Kelly,AC-ac7e5d0036401990,BLOCK-4494eb5738fce47c,3,BLOCK-4494eb5738fce47c
SSCP-ba837053c56fd66b,MOL-1b1febda5f792429,2021_Comeau,AC-b74b4d5565722d16,BLOCK-bb4bcb852b735057,12,BLOCK-bb4bcb852b735057
SSCP-ba980adba864b985,MOL-879f487605bb23bf,2020_Townsend,AC-78305ee2e743b795,BLOCK-513383ed86a73488,5,BLOCK-513383ed86a73488
SSCP-baa07a896e706b41,MOL-ed8773a30eb9acea,2022_Taechalertpaisarn,AC-78305ee2e743b795,BLOCK-513383ed86a73488,5,BLOCK-513383ed86a73488
SSCP-bac1d6ab15dba055,MOL-b48e67650d87da2d,2020_Townsend,AC-78305ee2e743b795,BLOCK-513383ed86a73488,5,BLOCK-513383ed86a73488
SSCP-badb7afa282f9630,MOL-e6005f10208ea8af,2021_Kelly,AC-5e5c956882423f52,BLOCK-4494eb5738fce47c,3,BLOCK-4494eb5738fce47c
SSCP-bae348c7a45eafd4,MOL-6b971454ee58254c,2020_Townsend,AC-78305ee2e743b795,BLOCK-513383ed86a73488,5,BLOCK-513383ed86a73488
SSCP-baed35e60cc08f11,MOL-261945ed82d822c6,2021_Kelly,AC-5e5c956882423f52,BLOCK-4494eb5738fce47c,3,BLOCK-4494eb5738fce47c
SSCP-baf68fce8d978dd5,MOL-7fb2b1165b300c9d,2016_Furukawa,AC-78305ee2e743b795,BLOCK-513383ed86a73488,5,BLOCK-513383ed86a73488
SSCP-bb04f647469c619b,MOL-191239720985efaf,2021_Kelly,AC-5e5c956882423f52,BLOCK-4494eb5738fce47c,3,BLOCK-4494eb5738fce47c
SSCP-bb0e3abee4e78b32,MOL-95b689e560847681,2022_Bhardwaj,AC-3d8ce4b8b96c0306,BLOCK-513383ed86a73488,5,BLOCK-513383ed86a73488
SSCP-bb1a85789267abfc,MOL-a3cdfd4c7a96de4e,2020_Townsend,AC-78305ee2e743b795,BLOCK-513383ed86a73488,5,BLOCK-513383ed86a73488
SSCP-bb23684629f865a5,MOL-64822b5df6ba896e,2020_Townsend,AC-78305ee2e743b795,BLOCK-513383ed86a73488,5,BLOCK-513383ed86a73488
SSCP-bb2c338a327c6ed6,MOL-bce617593e1e8503,2020_Le Roux,AC-b74b4d5565722d16,BLOCK-bb4bcb852b735057,12,BLOCK-bb4bcb852b735057
SSCP-bb33a646f5c1b79c,MOL-62192655498bab7e,2020_Townsend,AC-78305ee2e743b795,BLOCK-513383ed86a73488,5,BLOCK-513383ed86a73488
SSCP-bb3699b8fe93261c,MOL-5b56195c1615e043,2020_Townsend,AC-78305ee2e743b795,BLOCK-513383ed86a73488,5,BLOCK-513383ed86a73488
SSCP-bb46cd632f0c1101,MOL-0b29c7b9df6a8a13,2020_Townsend,AC-78305ee2e743b795,BLOCK-513383ed86a73488,5,BLOCK-513383ed86a73488
SSCP-bb4cd2d7ced7d162,MOL-253d7f21416ec6a1,2021_Kelly,AC-5e5c956882423f52,BLOCK-4494eb5738fce47c,3,BLOCK-4494eb5738fce47c
SSCP-bb4e9c65afa37241,MOL-aa9cbfaf4e5c73ef,2020_Townsend,AC-78305ee2e743b795,BLOCK-513383ed86a73488,5,BLOCK-513383ed86a73488
SSCP-bb4fb15ccf1be883,MOL-f663139a6768660f,2020_Townsend,AC-78305ee2e743b795,BLOCK-513383ed86a73488,5,BLOCK-513383ed86a73488
SSCP-bb5193a7fa56402c,MOL-ea579f4f8ddf37a6,2021_Kelly,AC-5e5c956882423f52,BLOCK-4494eb5738fce47c,3,BLOCK-4494eb5738fce47c
SSCP-bb54f4bfa5bf1c54,MOL-6d7b3061176c4f38,2016_Furukawa,AC-78305ee2e743b795,BLOCK-513383ed86a73488,5,BLOCK-513383ed86a73488
SSCP-bb5dc317c0a26048,MOL-78da1ecdb7c1f205,2020_Townsend,AC-78305ee2e743b795,BLOCK-513383ed86a73488,5,BLOCK-513383ed86a73488
SSCP-bb5dc5e9851590e6,MOL-0cdc8fcce258fb67,2021_Kelly,AC-5e5c956882423f52,BLOCK-4494eb5738fce47c,3,BLOCK-4494eb5738fce47c
SSCP-bb6116b20d1b9495,MOL-dfb95baf65fa2894,2020_Townsend,AC-78305ee2e743b795,BLOCK-513383ed86a73488,5,BLOCK-513383ed86a73488
SSCP-bb62ef2710fa6757,MOL-b7a012e5af395698,2020_Townsend,AC-78305ee2e743b795,BLOCK-513383ed86a73488,5,BLOCK-513383ed86a73488
SSCP-bb90452eb449be0b,MOL-18d5d0fcf6e644fa,2024_Koch,AC-e82e3e242d3d320c,BLOCK-c5e520eb3b94ff25,15,BLOCK-c5e520eb3b94ff25
SSCP-bb9438cbf4de1637,MOL-1659d038461c5289,2020_Townsend,AC-78305ee2e743b795,BLOCK-513383ed86a73488,5,BLOCK-513383ed86a73488
SSCP-bb994ce3e62966be,MOL-40f16f463d8c1c43,2016_Furukawa,AC-78305ee2e743b795,BLOCK-513383ed86a73488,5,BLOCK-513383ed86a73488
SSCP-bba1bcd2fa49cbd4,MOL-0e5f3eeae7c9ac2f,2020_Townsend,AC-78305ee2e743b795,BLOCK-513383ed86a73488,5,BLOCK-513383ed86a73488
SSCP-bba6f35e3dc8af04,MOL-83b7bbadf04a616b,2020_Townsend,AC-78305ee2e743b795,BLOCK-513383ed86a73488,5,BLOCK-513383ed86a73488
SSCP-bbaa72f1a601307f,MOL-85bbc66b75d70c7f,2020_Townsend,AC-78305ee2e743b795,BLOCK-513383ed86a73488,5,BLOCK-513383ed86a73488
SSCP-bbe1d47fe991d9c6,MOL-4b8f23b2c115a76d,2021_Kelly,AC-5e5c956882423f52,BLOCK-4494eb5738fce47c,3,BLOCK-4494eb5738fce47c
SSCP-bbe6fb7b8a1b1b2e,MOL-f7aa1c08265bbd70,2021_Kelly,AC-5e5c956882423f52,BLOCK-4494eb5738fce47c,3,BLOCK-4494eb5738fce47c
SSCP-bbf0187100584da4,MOL-2709d95473d70e99,2021_Kelly,AC-5e5c956882423f52,BLOCK-4494eb5738fce47c,3,BLOCK-4494eb5738fce47c
SSCP-bbfc16084866ff33,MOL-353f6dca9dbdb626,2016_Furukawa,AC-78305ee2e743b795,BLOCK-513383ed86a73488,5,BLOCK-513383ed86a73488
SSCP-bbfe8dbc86f5d517,MOL-77ef570bb8295525,2020_Townsend,AC-78305ee2e743b795,BLOCK-513383ed86a73488,5,BLOCK-513383ed86a73488
SSCP-bc19b5a79296fa68,MOL-8705e88626989fa2,2022_Taechalertpaisarn,AC-78305ee2e743b795,BLOCK-513383ed86a73488,5,BLOCK-513383ed86a73488
SSCP-bc239afd281f0864,MOL-10cd22c4cf769e84,2020_Townsend,AC-78305ee2e743b795,BLOCK-513383ed86a73488,5,BLOCK-513383ed86a73488
SSCP-bc3672f9093fc504,MOL-ea6f10a34e890575,2024_Faris,AC-e82e3e242d3d320c,BLOCK-c5e520eb3b94ff25,15,BLOCK-c5e520eb3b94ff25
SSCP-bc39936afac258cd,MOL-7bad60d6151b4075,2023_Ghosh,AC-2e794211b979bb3e,BLOCK-513383ed86a73488,5,BLOCK-513383ed86a73488
SSCP-bc44b60e0d383224,MOL-b41cedd9e20ace83,2013_CHUGAI,AC-77b854d3c276cda2,BLOCK-5c361cba45039733,7,BLOCK-5c361cba45039733
SSCP-bc5aaeba957f20bb,MOL-1909b61df6582913,2021_Comeau,AC-b74b4d5565722d16,BLOCK-bb4bcb852b735057,12,BLOCK-bb4bcb852b735057
SSCP-bc612cbd550706bd,MOL-eb46075f7f9b9e57,2020_Townsend,AC-78305ee2e743b795,BLOCK-513383ed86a73488,5,BLOCK-513383ed86a73488
SSCP-bc61bb406d89d67c,MOL-0d43575a6f0cedd0,2016_Furukawa,AC-78305ee2e743b795,BLOCK-513383ed86a73488,5,BLOCK-513383ed86a73488
SSCP-bc620cd574066f87,MOL-99783dee5268e396,2020_Townsend,AC-78305ee2e743b795,BLOCK-513383ed86a73488,5,BLOCK-513383ed86a73488
SSCP-bc68665c426c6e9d,MOL-68f31f25c7744bd9,2021_Kelly,AC-5e5c956882423f52,BLOCK-4494eb5738fce47c,3,BLOCK-4494eb5738fce47c
SSCP-bc68b1db276c7fad,MOL-42841da3ef779291,2022_Bhardwaj,AC-02a06d3eabc51e31,BLOCK-513383ed86a73488,5,BLOCK-513383ed86a73488
SSCP-bc6d1b3aa1db92d9,MOL-d033604ee21928ae,2020_Townsend,AC-78305ee2e743b795,BLOCK-513383ed86a73488,5,BLOCK-513383ed86a73488
SSCP-bc78dace3a5c3365,MOL-3b0b2d858be85d01,2013_CHUGAI,AC-cf95401a5715faa6,BLOCK-5c361cba45039733,7,BLOCK-5c361cba45039733
SSCP-bc7953ee531e93e4,MOL-6c1f2627d7ecd957,2013_CHUGAI,AC-9915a59ccaa1a737,BLOCK-5c361cba45039733,7,BLOCK-5c361cba45039733
SSCP-bc7fc5014a35bbdb,MOL-8ddbd5f9eff20d97,2020_Townsend,AC-78305ee2e743b795,BLOCK-513383ed86a73488,5,BLOCK-513383ed86a73488
SSCP-bc937b25b8a350e5,MOL-3ef5cb59d993dd2b,2013_CHUGAI,AC-cf95401a5715faa6,BLOCK-5c361cba45039733,7,BLOCK-5c361cba45039733
SSCP-bca05f4be4b0c195,MOL-ee55c2933d2bde95,2020_Furukawa,AC-114e657b947b31ec,BLOCK-5f91132e1b252609,9,BLOCK-5f91132e1b252609
SSCP-bcab64af8efda69c,MOL-af84984f34950cc4,2021_Kelly,AC-5e5c956882423f52,BLOCK-4494eb5738fce47c,3,BLOCK-4494eb5738fce47c
SSCP-bcb047f908d67d06,MOL-81f54ea64318bb01,2020_Townsend,AC-78305ee2e743b795,BLOCK-513383ed86a73488,5,BLOCK-513383ed86a73488
SSCP-bcca5a02f06de847,MOL-aa42953d6e43507b,2013_CHUGAI,AC-cf95401a5715faa6,BLOCK-5c361cba45039733,7,BLOCK-5c361cba45039733
SSCP-bccdb8698bd2194b,MOL-878c2ae288e46c0d,2021_Kelly,AC-ac7e5d0036401990,BLOCK-4494eb5738fce47c,3,BLOCK-4494eb5738fce47c
SSCP-bcde196dc7c73f3f,MOL-3290845717ce6432,2020_Townsend,AC-78305ee2e743b795,BLOCK-513383ed86a73488,5,BLOCK-513383ed86a73488
SSCP-bce3d5bfa9f1ec02,MOL-c4b83df2eeb8c37d,2020_Townsend,AC-78305ee2e743b795,BLOCK-513383ed86a73488,5,BLOCK-513383ed86a73488
SSCP-bce60069e7e3d0f5,MOL-50b8f9d6bc3a6934,2016_Furukawa,AC-78305ee2e743b795,BLOCK-513383ed86a73488,5,BLOCK-513383ed86a73488
SSCP-bd14fefc8e583416,MOL-28132804158e698b,2013_CHUGAI,AC-77fb0f10ded9ea1e,BLOCK-5c361cba45039733,7,BLOCK-5c361cba45039733
SSCP-bd23101f62aec04c,MOL-2e8acf310ebd33b8,2021_Kelly,AC-ac7e5d0036401990,BLOCK-4494eb5738fce47c,3,BLOCK-4494eb5738fce47c
SSCP-bd3615309a75685d,MOL-6d53679f26d39690,2021_Kelly,AC-5e5c956882423f52,BLOCK-4494eb5738fce47c,3,BLOCK-4494eb5738fce47c
SSCP-bd4866be58355bb3,MOL-09c8aa7c74458879,2021_Kelly,AC-5e5c956882423f52,BLOCK-4494eb5738fce47c,3,BLOCK-4494eb5738fce47c
SSCP-bd4f01b16abf4432,MOL-e5d9bd41bddc359c,2020_Townsend,AC-78305ee2e743b795,BLOCK-513383ed86a73488,5,BLOCK-513383ed86a73488
SSCP-bd53c2b2002d6c1a,MOL-4795d5c0979bdee6,2020_Townsend,AC-78305ee2e743b795,BLOCK-513383ed86a73488,5,BLOCK-513383ed86a73488
SSCP-bd69b70428b3404a,MOL-25d24cedff3b7c18,2021_Kelly,AC-5e5c956882423f52,BLOCK-4494eb5738fce47c,3,BLOCK-4494eb5738fce47c
SSCP-bd813e0d6d70adda,MOL-916032f77c939a70,2021_Kelly,AC-5e5c956882423f52,BLOCK-4494eb5738fce47c,3,BLOCK-4494eb5738fce47c
SSCP-bd81ec993a0015d0,MOL-a0e36413f94691ee,2020_Townsend,AC-78305ee2e743b795,BLOCK-513383ed86a73488,5,BLOCK-513383ed86a73488
SSCP-bd8c4a181faa96a1,MOL-1f1a4708356be29e,2022_Saunders,AC-2ee5aa5b9faf389d,BLOCK-513383ed86a73488,5,BLOCK-513383ed86a73488
SSCP-bd8e49116ae4de2b,MOL-b79f857b0551740d,2024_Faris,AC-e82e3e242d3d320c,BLOCK-c5e520eb3b94ff25,15,BLOCK-c5e520eb3b94ff25
SSCP-bd976946914886a5,MOL-de4b9a708547a87c,2020_Townsend,AC-78305ee2e743b795,BLOCK-513383ed86a73488,5,BLOCK-513383ed86a73488
SSCP-bd9b479b09896c97,MOL-a83d0e410344acc4,2013_CHUGAI,AC-b19b13a78c23b9f4,BLOCK-5c361cba45039733,7,BLOCK-5c361cba45039733
SSCP-bda989dc28ca9778,MOL-058f424f1a0f287f,2020_Townsend,AC-78305ee2e743b795,BLOCK-513383ed86a73488,5,BLOCK-513383ed86a73488
SSCP-bda9b04378fc89c7,MOL-fb76ca06f6536537,2021_Kelly,AC-5e5c956882423f52,BLOCK-4494eb5738fce47c,3,BLOCK-4494eb5738fce47c
SSCP-bdb16c5bc4576002,MOL-79969a8ea517093d,2016_Furukawa,AC-78305ee2e743b795,BLOCK-513383ed86a73488,5,BLOCK-513383ed86a73488
SSCP-bdb30075b42ea147,MOL-490e310855ae349d,2020_Townsend,AC-78305ee2e743b795,BLOCK-513383ed86a73488,5,BLOCK-513383ed86a73488
SSCP-bdb43d6cb55c2269,MOL-15d7069e6143f977,2016_Furukawa,AC-78305ee2e743b795,BLOCK-513383ed86a73488,5,BLOCK-513383ed86a73488
SSCP-bdbca21b6d6cb2d8,MOL-86772cdb4133062f,2016_Furukawa,AC-78305ee2e743b795,BLOCK-513383ed86a73488,5,BLOCK-513383ed86a73488
SSCP-bddebe0f460c4afe,MOL-0e96e0aa6fd0bbbe,2020_Barlow,AC-741ab05286c210ec,BLOCK-8dbd1f0100199b32,10,BLOCK-8dbd1f0100199b32
SSCP-bded0a1c707a1138,MOL-7282b8a733061dda,2021_Kelly,AC-6d3257a2b83e15dc,BLOCK-4494eb5738fce47c,3,BLOCK-4494eb5738fce47c
SSCP-bdf0a0e9000b4f48,MOL-8740cade7efc3859,2016_Furukawa,AC-78305ee2e743b795,BLOCK-513383ed86a73488,5,BLOCK-513383ed86a73488
SSCP-be014ee5bbd5f737,MOL-ff444681617f8df9,2016_Frost,AC-2ee5aa5b9faf389d,BLOCK-513383ed86a73488,5,BLOCK-513383ed86a73488
SSCP-be03f8d7cbf9a3bc,MOL-f8caed075bb9063a,2020_Townsend,AC-78305ee2e743b795,BLOCK-513383ed86a73488,5,BLOCK-513383ed86a73488
SSCP-be0e7ff200310ebb,MOL-9841669603ea3858,2020_Townsend,AC-78305ee2e743b795,BLOCK-513383ed86a73488,5,BLOCK-513383ed86a73488
SSCP-be100b62d2556b2d,MOL-e704e6fa62da56fd,2013_CHUGAI,AC-9915a59ccaa1a737,BLOCK-5c361cba45039733,7,BLOCK-5c361cba45039733
SSCP-be262982e3682924,MOL-046a9d8e6d3da441,2020_Townsend,AC-78305ee2e743b795,BLOCK-513383ed86a73488,5,BLOCK-513383ed86a73488
SSCP-be34874500820fa4,MOL-2cfd0c91088f2e4b,2016_Furukawa,AC-78305ee2e743b795,BLOCK-513383ed86a73488,5,BLOCK-513383ed86a73488
SSCP-be359bd1983317c5,MOL-898c2bc344624a07,2021_Kelly,AC-5e5c956882423f52,BLOCK-4494eb5738fce47c,3,BLOCK-4494eb5738fce47c
SSCP-be4830b2dff7701b,MOL-7e63b4cba2e487d4,2020_Townsend,AC-78305ee2e743b795,BLOCK-513383ed86a73488,5,BLOCK-513383ed86a73488
SSCP-be5abcbea58ec0f1,MOL-a988bf5bbe3ff2ee,2020_Townsend,AC-78305ee2e743b795,BLOCK-513383ed86a73488,5,BLOCK-513383ed86a73488
SSCP-be61179547fffaff,MOL-5ea3ee3c6fd51cf6,2020_Townsend,AC-78305ee2e743b795,BLOCK-513383ed86a73488,5,BLOCK-513383ed86a73488
SSCP-be6edbc9dc2e9561,MOL-9c03390438271ea0,2021_Kelly,AC-ac7e5d0036401990,BLOCK-4494eb5738fce47c,3,BLOCK-4494eb5738fce47c
SSCP-be72bc7b68d57b60,MOL-56a550f29826aedc,2020_Townsend,AC-78305ee2e743b795,BLOCK-513383ed86a73488,5,BLOCK-513383ed86a73488
SSCP-be7cbddf297169ed,MOL-4228a4ac3a379634,2021_Golosov,AC-86cc498249bfbe27,BLOCK-394ff80f01cbc968,2,BLOCK-394ff80f01cbc968
SSCP-be80b8bb014e4309,MOL-e49db7da13ada994,2021_Kelly,AC-5e5c956882423f52,BLOCK-4494eb5738fce47c,3,BLOCK-4494eb5738fce47c
SSCP-be860b467e9ae394,MOL-807b7061e76ffc42,2016_Furukawa,AC-78305ee2e743b795,BLOCK-513383ed86a73488,5,BLOCK-513383ed86a73488
SSCP-bea693ac65e749d0,MOL-621864d1c7364e59,2016_Furukawa,AC-78305ee2e743b795,BLOCK-513383ed86a73488,5,BLOCK-513383ed86a73488
SSCP-bea79f1770e89286,MOL-d5030da54829ec74,2021_Kelly,AC-5e5c956882423f52,BLOCK-4494eb5738fce47c,3,BLOCK-4494eb5738fce47c
SSCP-beb2835f895303b1,MOL-32f4aec5bb9a1fb0,2021_Kelly,AC-5e5c956882423f52,BLOCK-4494eb5738fce47c,3,BLOCK-4494eb5738fce47c
SSCP-bec3316f67406290,MOL-0039bc622c308549,2020_Townsend,AC-78305ee2e743b795,BLOCK-513383ed86a73488,5,BLOCK-513383ed86a73488
SSCP-beca98a0145720c3,MOL-2fe5dcd530edcf7b,2021_Kelly,AC-5e5c956882423f52,BLOCK-4494eb5738fce47c,3,BLOCK-4494eb5738fce47c
SSCP-bedd47161dc2aecd,MOL-407b4854b28431fa,2020_Townsend,AC-78305ee2e743b795,BLOCK-513383ed86a73488,5,BLOCK-513383ed86a73488
SSCP-bee303442b20008f,MOL-2257c6080e610fc4,2020_Townsend,AC-78305ee2e743b795,BLOCK-513383ed86a73488,5,BLOCK-513383ed86a73488
SSCP-bef21a651475429c,MOL-afad0b3988d1af7f,2020_Townsend,AC-78305ee2e743b795,BLOCK-513383ed86a73488,5,BLOCK-513383ed86a73488
SSCP-bef52efddf68f55a,MOL-db654a53b403ae5f,2020_Townsend,AC-78305ee2e743b795,BLOCK-513383ed86a73488,5,BLOCK-513383ed86a73488
SSCP-befcff1befcd245f,MOL-cf698ce0b9db69aa,2020_Townsend,AC-78305ee2e743b795,BLOCK-513383ed86a73488,5,BLOCK-513383ed86a73488
SSCP-befd6eaffbe7f287,MOL-0cc8600501759f85,2015_Ahlbach,AC-14f40752c4a79783,BLOCK-513383ed86a73488,5,BLOCK-513383ed86a73488
SSCP-bf05bb8bb29eca51,MOL-43d7d50a51310946,2021_Kelly,AC-5e5c956882423f52,BLOCK-4494eb5738fce47c,3,BLOCK-4494eb5738fce47c
SSCP-bf0eb498edac76ea,MOL-c4da3d4b760d98d4,2021_Kelly,AC-5e5c956882423f52,BLOCK-4494eb5738fce47c,3,BLOCK-4494eb5738fce47c
SSCP-bf14bb214a8f4268,MOL-ce56d6015e6e16bd,2013_CHUGAI,AC-cf95401a5715faa6,BLOCK-5c361cba45039733,7,BLOCK-5c361cba45039733
SSCP-bf1ea35eeb354851,MOL-94df20d928802c1b,2021_Wang,AC-fbc7f1ef462beb7f,BLOCK-d0fe24e9c28856d1,16,BLOCK-d0fe24e9c28856d1
SSCP-bf3a641ef893e416,MOL-7c88565b3dd14204,2021_Kelly,AC-5e5c956882423f52,BLOCK-4494eb5738fce47c,3,BLOCK-4494eb5738fce47c
SSCP-bf3ba2d6d0a36cbe,MOL-ab122b9fcb6960a2,2020_Furukawa,AC-114e657b947b31ec,BLOCK-5f91132e1b252609,9,BLOCK-5f91132e1b252609
SSCP-bf3d4b6ae92eb2ef,MOL-5f33b70fa33208c7,2021_Kelly,AC-5e5c956882423f52,BLOCK-4494eb5738fce47c,3,BLOCK-4494eb5738fce47c
SSCP-bf61a7703544e740,MOL-bb775de7ba99a67e,2020_Townsend,AC-78305ee2e743b795,BLOCK-513383ed86a73488,5,BLOCK-513383ed86a73488
SSCP-bf779f6c0a01d535,MOL-9969725221484b5b,2020_Townsend,AC-78305ee2e743b795,BLOCK-513383ed86a73488,5,BLOCK-513383ed86a73488
SSCP-bf7ce84bd9e5ee7c,MOL-899ca9920527d75d,2021_Kelly,AC-5e5c956882423f52,BLOCK-4494eb5738fce47c,3,BLOCK-4494eb5738fce47c
SSCP-bfa911f82fa041f0,MOL-4893dd0a0634324e,2020_Townsend,AC-78305ee2e743b795,BLOCK-513383ed86a73488,5,BLOCK-513383ed86a73488
SSCP-bfa925c212712770,MOL-2f2513466e546f84,2021_Kelly,AC-5e5c956882423f52,BLOCK-4494eb5738fce47c,3,BLOCK-4494eb5738fce47c
SSCP-bfb3d5a6933e3e69,MOL-d3df64b3da15b61e,2015_Wang,AC-78305ee2e743b795,BLOCK-513383ed86a73488,5,BLOCK-513383ed86a73488
SSCP-bfb5eede588d90d1,MOL-dc5f3fb9947d5d89,2016_Furukawa,AC-78305ee2e743b795,BLOCK-513383ed86a73488,5,BLOCK-513383ed86a73488
SSCP-bfbf4d306cccae47,MOL-1f0674cadd1e99e3,2021_Kelly,AC-5e5c956882423f52,BLOCK-4494eb5738fce47c,3,BLOCK-4494eb5738fce47c
SSCP-bfc4d99977a46d1d,MOL-bd15a6b78e9116c0,2020_Townsend,AC-78305ee2e743b795,BLOCK-513383ed86a73488,5,BLOCK-513383ed86a73488
SSCP-bfc8d7e181d8eb2d,MOL-3b175fcde97065ef,2020_Townsend,AC-78305ee2e743b795,BLOCK-513383ed86a73488,5,BLOCK-513383ed86a73488
SSCP-bfea02f77ccc128f,MOL-3212d43c1d28996e,2013_CHUGAI,AC-cf95401a5715faa6,BLOCK-5c361cba45039733,7,BLOCK-5c361cba45039733
SSCP-bff3f40dcf06390b,MOL-74b739e042089221,2024_Faris,AC-e82e3e242d3d320c,BLOCK-c5e520eb3b94ff25,15,BLOCK-c5e520eb3b94ff25
SSCP-bff4ac797cf87ed2,MOL-7eb795f50b6efc01,2020_Townsend,AC-78305ee2e743b795,BLOCK-513383ed86a73488,5,BLOCK-513383ed86a73488
SSCP-bff542b18b62157c,MOL-acd62253415b735c,2013_CHUGAI,AC-9915a59ccaa1a737,BLOCK-5c361cba45039733,7,BLOCK-5c361cba45039733
SSCP-bffadc1fac1563ac,MOL-36f8724f0bf72ef1,2020_Townsend,AC-78305ee2e743b795,BLOCK-513383ed86a73488,5,BLOCK-513383ed86a73488
SSCP-bffd48c933950f27,MOL-9d4759cb70ab5167,2020_Townsend,AC-78305ee2e743b795,BLOCK-513383ed86a73488,5,BLOCK-513383ed86a73488
SSCP-c00a5b9d2d84fc73,MOL-879d12a17a50baf2,2021_Kelly,AC-5e5c956882423f52,BLOCK-4494eb5738fce47c,3,BLOCK-4494eb5738fce47c
SSCP-c00edf7af6c6af53,MOL-cf3b8132a841977b,2020_Townsend,AC-78305ee2e743b795,BLOCK-513383ed86a73488,5,BLOCK-513383ed86a73488
SSCP-c017981df177980d,MOL-43119d4743dd260e,2020_Townsend,AC-78305ee2e743b795,BLOCK-513383ed86a73488,5,BLOCK-513383ed86a73488
SSCP-c01e41e53bc52812,MOL-2ba37ee6763e71e0,2020_Townsend,AC-78305ee2e743b795,BLOCK-513383ed86a73488,5,BLOCK-513383ed86a73488
SSCP-c02001d068c98f42,MOL-bc5f277d97df65c0,2016_Furukawa,AC-78305ee2e743b795,BLOCK-513383ed86a73488,5,BLOCK-513383ed86a73488
SSCP-c02085a21265cc0a,MOL-962b24f563335df9,2021_Kelly,AC-ac7e5d0036401990,BLOCK-4494eb5738fce47c,3,BLOCK-4494eb5738fce47c
SSCP-c02407ac0c2f42f8,MOL-7865e5bcbea1197b,2013_CHUGAI,AC-77fb0f10ded9ea1e,BLOCK-5c361cba45039733,7,BLOCK-5c361cba45039733
SSCP-c027d6e23ae255ef,MOL-1ff8fb900a7fcdce,2024_Faris,AC-e82e3e242d3d320c,BLOCK-c5e520eb3b94ff25,15,BLOCK-c5e520eb3b94ff25
SSCP-c035045de6fb4362,MOL-ff10517ceb82a9fe,2016_Furukawa,AC-78305ee2e743b795,BLOCK-513383ed86a73488,5,BLOCK-513383ed86a73488
SSCP-c061fa4a2807b1f1,MOL-21c0d2f8dabf30ac,2020_Townsend,AC-78305ee2e743b795,BLOCK-513383ed86a73488,5,BLOCK-513383ed86a73488
SSCP-c062c148f1f493d1,MOL-7212bfae9ca8d00f,2020_Townsend,AC-78305ee2e743b795,BLOCK-513383ed86a73488,5,BLOCK-513383ed86a73488
SSCP-c0666977caaeab9f,MOL-840fc87441bdc8e1,2020_Townsend,AC-78305ee2e743b795,BLOCK-513383ed86a73488,5,BLOCK-513383ed86a73488
SSCP-c070c1b5b37bbfa5,MOL-d1dc4a322df0f99d,2013_CHUGAI,AC-77fb0f10ded9ea1e,BLOCK-5c361cba45039733,7,BLOCK-5c361cba45039733
SSCP-c07c2b0f26489eef,MOL-f273367b14278b5d,2016_Furukawa,AC-78305ee2e743b795,BLOCK-513383ed86a73488,5,BLOCK-513383ed86a73488
SSCP-c07cb9a8d6e09222,MOL-70cb2d724f44ac65,2020_Townsend,AC-78305ee2e743b795,BLOCK-513383ed86a73488,5,BLOCK-513383ed86a73488
SSCP-c093e4beb0343879,MOL-7bef57ff9ad7b351,2024_Koch,AC-e82e3e242d3d320c,BLOCK-c5e520eb3b94ff25,15,BLOCK-c5e520eb3b94ff25
SSCP-c095bdb9096232e8,MOL-2e3f769a290634db,2020_Townsend,AC-78305ee2e743b795,BLOCK-513383ed86a73488,5,BLOCK-513383ed86a73488
SSCP-c09d0bb7038d2da0,MOL-555da8c034dbdf92,2013_CHUGAI,AC-cf95401a5715faa6,BLOCK-5c361cba45039733,7,BLOCK-5c361cba45039733
SSCP-c09f476f284a8c45,MOL-b52b64f0ccd46636,2016_Furukawa,AC-78305ee2e743b795,BLOCK-513383ed86a73488,5,BLOCK-513383ed86a73488
SSCP-c0a4676607d5bd27,MOL-65b994ecfb2e997a,2013_CHUGAI,AC-cf95401a5715faa6,BLOCK-5c361cba45039733,7,BLOCK-5c361cba45039733
SSCP-c0b996c4e952136f,MOL-82b7c77457b4a0eb,2020_Townsend,AC-78305ee2e743b795,BLOCK-513383ed86a73488,5,BLOCK-513383ed86a73488
SSCP-c0ccc8d9e34db661,MOL-6ced5800ec080765,2020_Townsend,AC-78305ee2e743b795,BLOCK-513383ed86a73488,5,BLOCK-513383ed86a73488
SSCP-c0da76f29a1574b7,MOL-79f4f68911d96a0e,2021_Comeau,AC-b74b4d5565722d16,BLOCK-bb4bcb852b735057,12,BLOCK-bb4bcb852b735057
SSCP-c0e260357d779dfc,MOL-263ce7d022e8b8cd,2013_CHUGAI,AC-cf95401a5715faa6,BLOCK-5c361cba45039733,7,BLOCK-5c361cba45039733
SSCP-c0e3ec639a19a4ce,MOL-2d4496ca2e73e78c,2021_Kelly,AC-5e5c956882423f52,BLOCK-4494eb5738fce47c,3,BLOCK-4494eb5738fce47c
SSCP-c0edc1ba654e08f8,MOL-de8454e19b2dfc26,2013_CHUGAI,AC-cf95401a5715faa6,BLOCK-5c361cba45039733,7,BLOCK-5c361cba45039733
SSCP-c0f62b84863733f3,MOL-0c6d0168f7250f04,2022_Taechalertpaisarn,AC-78305ee2e743b795,BLOCK-513383ed86a73488,5,BLOCK-513383ed86a73488
SSCP-c0feeaf913e44ad4,MOL-2ac604804826b36d,2016_Furukawa,AC-78305ee2e743b795,BLOCK-513383ed86a73488,5,BLOCK-513383ed86a73488
SSCP-c1015c767dc10104,MOL-adad8bd180429255,2016_Furukawa,AC-78305ee2e743b795,BLOCK-513383ed86a73488,5,BLOCK-513383ed86a73488
SSCP-c101b7a4bec8d0b2,MOL-7e1fd5800a85810e,2020_Townsend,AC-78305ee2e743b795,BLOCK-513383ed86a73488,5,BLOCK-513383ed86a73488
SSCP-c107827a1f7a1b7c,MOL-5816f73bdf96f61c,2020_Townsend,AC-78305ee2e743b795,BLOCK-513383ed86a73488,5,BLOCK-513383ed86a73488
SSCP-c10b2a26216aaa80,MOL-57761de9dcf0c8df,2020_Townsend,AC-78305ee2e743b795,BLOCK-513383ed86a73488,5,BLOCK-513383ed86a73488
SSCP-c1122d03d19db64a,MOL-286cd941210e159f,2020_Townsend,AC-78305ee2e743b795,BLOCK-513383ed86a73488,5,BLOCK-513383ed86a73488
SSCP-c12787448dcc2a24,MOL-114afba44e4a18ec,2013_CHUGAI,AC-cf95401a5715faa6,BLOCK-5c361cba45039733,7,BLOCK-5c361cba45039733
SSCP-c132c46e12b01f6a,MOL-39a258b77ec63cdb,2021_Comeau,AC-b74b4d5565722d16,BLOCK-bb4bcb852b735057,12,BLOCK-bb4bcb852b735057
SSCP-c154d30924bc439b,MOL-75a9810fd9a4785e,2016_Furukawa,AC-78305ee2e743b795,BLOCK-513383ed86a73488,5,BLOCK-513383ed86a73488
SSCP-c1619b8abe5036c6,MOL-ce11713e46ba088f,2021_Kelly,AC-5e5c956882423f52,BLOCK-4494eb5738fce47c,3,BLOCK-4494eb5738fce47c
SSCP-c1714b17f0e8a0c1,MOL-2b85afea4d93c590,2021_Kelly,AC-ac7e5d0036401990,BLOCK-4494eb5738fce47c,3,BLOCK-4494eb5738fce47c
SSCP-c1724167c55e48b6,MOL-584d8be4b8066fd4,2013_CHUGAI,AC-cf95401a5715faa6,BLOCK-5c361cba45039733,7,BLOCK-5c361cba45039733
SSCP-c1770abf1fbc2258,MOL-3280a1578c111277,2013_CHUGAI,AC-cf95401a5715faa6,BLOCK-5c361cba45039733,7,BLOCK-5c361cba45039733
SSCP-c17ab66022f0bba2,MOL-c792bec94e71e1b6,2018_Naylor,AC-78305ee2e743b795,BLOCK-513383ed86a73488,5,BLOCK-513383ed86a73488
SSCP-c17cefa554bb546e,MOL-b11b179dac59217f,2016_Furukawa,AC-78305ee2e743b795,BLOCK-513383ed86a73488,5,BLOCK-513383ed86a73488
SSCP-c185807c05eda0ea,MOL-dd6d11b599d325e7,2022_Bhardwaj,AC-5ab95f0bd976b944,BLOCK-513383ed86a73488,5,BLOCK-513383ed86a73488
SSCP-c18b8cccd424a619,MOL-804c92a9399fb6f9,2020_Townsend,AC-78305ee2e743b795,BLOCK-513383ed86a73488,5,BLOCK-513383ed86a73488
SSCP-c1900acc77a5df3b,MOL-748f9d84c68a5669,2024_Koch,AC-e82e3e242d3d320c,BLOCK-c5e520eb3b94ff25,15,BLOCK-c5e520eb3b94ff25
SSCP-c1a4384e3286c118,MOL-1519d1a7625cbb2e,2021_Kelly,AC-5e5c956882423f52,BLOCK-4494eb5738fce47c,3,BLOCK-4494eb5738fce47c
SSCP-c1a454e508e5d0f3,MOL-e84966c6ca82d59c,2013_CHUGAI,AC-9915a59ccaa1a737,BLOCK-5c361cba45039733,7,BLOCK-5c361cba45039733
SSCP-c1a4ade0697819c9,MOL-a20f9cfd1bd0e4c1,2020_Townsend,AC-78305ee2e743b795,BLOCK-513383ed86a73488,5,BLOCK-513383ed86a73488
SSCP-c1a6032afcc9b74f,MOL-a1aeaffe11ca9076,2020_Townsend,AC-78305ee2e743b795,BLOCK-513383ed86a73488,5,BLOCK-513383ed86a73488
SSCP-c1b431fff7fd98b6,MOL-96e47b3b0e572be9,2020_Townsend,AC-78305ee2e743b795,BLOCK-513383ed86a73488,5,BLOCK-513383ed86a73488
SSCP-c1b863988d9940c8,MOL-c199322dad74c8a8,2020_Townsend,AC-78305ee2e743b795,BLOCK-513383ed86a73488,5,BLOCK-513383ed86a73488
SSCP-c1bca9ecebf63dae,MOL-58b318191d8b1166,2020_Townsend,AC-78305ee2e743b795,BLOCK-513383ed86a73488,5,BLOCK-513383ed86a73488
SSCP-c1bde980d11b74aa,MOL-121c318298f34361,2021_Kelly,AC-5e5c956882423f52,BLOCK-4494eb5738fce47c,3,BLOCK-4494eb5738fce47c
SSCP-c1c3914e370449d5,MOL-773316d8f6d60ca9,2020_Townsend,AC-78305ee2e743b795,BLOCK-513383ed86a73488,5,BLOCK-513383ed86a73488
SSCP-c1ca75b9afc497da,MOL-20523861a137c3f0,2023_Ghosh,AC-78305ee2e743b795,BLOCK-513383ed86a73488,5,BLOCK-513383ed86a73488
SSCP-c1d6a40e47980238,MOL-7992ddb2bba5e710,2020_Townsend,AC-78305ee2e743b795,BLOCK-513383ed86a73488,5,BLOCK-513383ed86a73488
SSCP-c1e8e522540a3370,MOL-5bfef405c58f8406,2020_Townsend,AC-78305ee2e743b795,BLOCK-513383ed86a73488,5,BLOCK-513383ed86a73488
SSCP-c1f5e40a92b69481,MOL-8286278141569c94,2021_Kelly,AC-ac7e5d0036401990,BLOCK-4494eb5738fce47c,3,BLOCK-4494eb5738fce47c
SSCP-c205addb1186cab6,MOL-5ea146653bcbd4bb,2023_Ghosh,AC-2e794211b979bb3e,BLOCK-513383ed86a73488,5,BLOCK-513383ed86a73488
SSCP-c21b86190446e4b0,MOL-586cf364668b95b2,2016_Furukawa,AC-78305ee2e743b795,BLOCK-513383ed86a73488,5,BLOCK-513383ed86a73488
SSCP-c21cb3f74ed34aa3,MOL-a31d5d3ba0479fc3,2024_Koch,AC-e82e3e242d3d320c,BLOCK-c5e520eb3b94ff25,15,BLOCK-c5e520eb3b94ff25
SSCP-c236a04ce941a7a9,MOL-5a2bd393dc445ddc,2022_Bhardwaj,AC-17dffc6ac312ef6a,BLOCK-513383ed86a73488,5,BLOCK-513383ed86a73488
SSCP-c23c1e07076df0a8,MOL-33c632288f2a818e,2020_Townsend,AC-78305ee2e743b795,BLOCK-513383ed86a73488,5,BLOCK-513383ed86a73488
SSCP-c256ea9e1906f6d4,MOL-5dd39684c2a89cda,2020_Townsend,AC-78305ee2e743b795,BLOCK-513383ed86a73488,5,BLOCK-513383ed86a73488
SSCP-c25cc36ae9f06c53,MOL-1cd2b04956310f5b,2021_Kelly,AC-5e5c956882423f52,BLOCK-4494eb5738fce47c,3,BLOCK-4494eb5738fce47c
SSCP-c25fc8df957502b1,MOL-2492dc69320c44fc,2015_Wang,AC-78305ee2e743b795,BLOCK-513383ed86a73488,5,BLOCK-513383ed86a73488
SSCP-c264ea38aa398186,MOL-e8c129016a6a1818,2020_Townsend,AC-78305ee2e743b795,BLOCK-513383ed86a73488,5,BLOCK-513383ed86a73488
SSCP-c26785e93cac04d5,MOL-47f1fd050cf835a2,2021_Kelly,AC-5e5c956882423f52,BLOCK-4494eb5738fce47c,3,BLOCK-4494eb5738fce47c
SSCP-c27048dc365e976b,MOL-bef4463cfb839d94,2006_Rezai_1,AC-78305ee2e743b795,BLOCK-513383ed86a73488,5,BLOCK-513383ed86a73488
SSCP-c273a26a18518fc2,MOL-9c85ca79bca994b0,2020_Townsend,AC-78305ee2e743b795,BLOCK-513383ed86a73488,5,BLOCK-513383ed86a73488
SSCP-c274cd649d047fa7,MOL-9e4342bdaab9d5a4,2020_Townsend,AC-78305ee2e743b795,BLOCK-513383ed86a73488,5,BLOCK-513383ed86a73488
SSCP-c27ca192d200a55f,MOL-8e85bb155c13eb06,2020_Townsend,AC-78305ee2e743b795,BLOCK-513383ed86a73488,5,BLOCK-513383ed86a73488
SSCP-c27f91dd5394e8f4,MOL-8a4809ca73cf3c52,2015_Ahlbach,AC-4cbd321fd3e6c472,BLOCK-513383ed86a73488,5,BLOCK-513383ed86a73488
SSCP-c28038e4008e3141,MOL-9c202abaf1e717bb,2021_Kelly,AC-5e5c956882423f52,BLOCK-4494eb5738fce47c,3,BLOCK-4494eb5738fce47c
SSCP-c29f2aef899980ea,MOL-700896b82c10719e,2013_CHUGAI,AC-65814ce3034e683b,BLOCK-5c361cba45039733,7,BLOCK-5c361cba45039733
SSCP-c2a2318810ee041f,MOL-39e3b667320d742b,2020_Townsend,AC-78305ee2e743b795,BLOCK-513383ed86a73488,5,BLOCK-513383ed86a73488
SSCP-c2a4867d3137da91,MOL-893d7d9017e38805,2016_Furukawa,AC-78305ee2e743b795,BLOCK-513383ed86a73488,5,BLOCK-513383ed86a73488
SSCP-c2a9ba64c5659167,MOL-dc7614f0809ecf49,2020_Townsend,AC-78305ee2e743b795,BLOCK-513383ed86a73488,5,BLOCK-513383ed86a73488
SSCP-c2aa11f65c37d64e,MOL-f1446e9eb610f2b9,2021_Kelly,AC-5e5c956882423f52,BLOCK-4494eb5738fce47c,3,BLOCK-4494eb5738fce47c
SSCP-c2afba1bee56a209,MOL-9f61384f27d238f4,2013_CHUGAI,AC-9915a59ccaa1a737,BLOCK-5c361cba45039733,7,BLOCK-5c361cba45039733
SSCP-c2b6aa0708738d4a,MOL-800822c1ffab152e,2013_CHUGAI,AC-cf95401a5715faa6,BLOCK-5c361cba45039733,7,BLOCK-5c361cba45039733
SSCP-c2b7796dd7a8e0ac,MOL-3a41904f3077098f,2020_Townsend,AC-78305ee2e743b795,BLOCK-513383ed86a73488,5,BLOCK-513383ed86a73488
SSCP-c2cfc36292e73409,MOL-3f4311bae99f363a,2020_Townsend,AC-78305ee2e743b795,BLOCK-513383ed86a73488,5,BLOCK-513383ed86a73488
SSCP-c2df380c61fdcfcb,MOL-b659079b5e8a22f2,2019_Ono,AC-78305ee2e743b795,BLOCK-513383ed86a73488,5,BLOCK-513383ed86a73488
SSCP-c2ed85d55d3dc77f,MOL-63bdd52ffa7e0831,2021_Kelly,AC-5e5c956882423f52,BLOCK-4494eb5738fce47c,3,BLOCK-4494eb5738fce47c
SSCP-c306097762fddc33,MOL-d2a0587da84f4eec,2021_Kelly,AC-5e5c956882423f52,BLOCK-4494eb5738fce47c,3,BLOCK-4494eb5738fce47c
SSCP-c321872f919f010e,MOL-545c25051b2d33ab,2020_Townsend,AC-78305ee2e743b795,BLOCK-513383ed86a73488,5,BLOCK-513383ed86a73488
SSCP-c3219902ce17cea4,MOL-2be6156a6c58518f,2020_Townsend,AC-78305ee2e743b795,BLOCK-513383ed86a73488,5,BLOCK-513383ed86a73488
SSCP-c321ae4021110184,MOL-1c0c6e5626c7bb5d,2020_Townsend,AC-78305ee2e743b795,BLOCK-513383ed86a73488,5,BLOCK-513383ed86a73488
SSCP-c32c8d366d3fe465,MOL-524baf32d5b6d7c0,2020_Townsend,AC-78305ee2e743b795,BLOCK-513383ed86a73488,5,BLOCK-513383ed86a73488
SSCP-c33a04d6b761e1df,MOL-4ee0d916ff4d0e4e,2020_Townsend,AC-78305ee2e743b795,BLOCK-513383ed86a73488,5,BLOCK-513383ed86a73488
SSCP-c33e1227bf0fa0c4,MOL-9e1b2de6561199de,2020_Townsend,AC-78305ee2e743b795,BLOCK-513383ed86a73488,5,BLOCK-513383ed86a73488
SSCP-c340c2ac9eb48721,MOL-eeac2d0ff42a4e70,2020_Townsend,AC-78305ee2e743b795,BLOCK-513383ed86a73488,5,BLOCK-513383ed86a73488
SSCP-c3411baa06226edb,MOL-b89f9584aee55a39,2019_Ono,AC-78305ee2e743b795,BLOCK-513383ed86a73488,5,BLOCK-513383ed86a73488
SSCP-c344c2479dc9d296,MOL-3c1a891e44e93d90,2013_CHUGAI,AC-cf95401a5715faa6,BLOCK-5c361cba45039733,7,BLOCK-5c361cba45039733
SSCP-c3652648ac95dbd1,MOL-c7b18510b4886cef,2022_Bhardwaj,AC-03ae6ee8c25e9ed1,BLOCK-513383ed86a73488,5,BLOCK-513383ed86a73488
SSCP-c370d26fcf1127af,MOL-e1ad968fab3a116f,2021_Kelly,AC-5e5c956882423f52,BLOCK-4494eb5738fce47c,3,BLOCK-4494eb5738fce47c
SSCP-c375826a551c61d9,MOL-c662757c4ba03186,2022_Taechalertpaisarn,AC-78305ee2e743b795,BLOCK-513383ed86a73488,5,BLOCK-513383ed86a73488
SSCP-c377083aec334ddd,MOL-7771735bde2041bb,2020_Furukawa,AC-114e657b947b31ec,BLOCK-5f91132e1b252609,9,BLOCK-5f91132e1b252609
SSCP-c37e7ca16c78c9b1,MOL-7a9027c46fc42113,2021_Kelly,AC-5e5c956882423f52,BLOCK-4494eb5738fce47c,3,BLOCK-4494eb5738fce47c
SSCP-c39dcd8c85fc4690,MOL-c112affa43c28c66,2020_Townsend,AC-78305ee2e743b795,BLOCK-513383ed86a73488,5,BLOCK-513383ed86a73488
SSCP-c39e5488c200945e,MOL-369b45992f0157b2,2020_Townsend,AC-78305ee2e743b795,BLOCK-513383ed86a73488,5,BLOCK-513383ed86a73488
SSCP-c3ad69ca6a887b09,MOL-2f977ea9a7f8a6c7,2020_Townsend,AC-78305ee2e743b795,BLOCK-513383ed86a73488,5,BLOCK-513383ed86a73488
SSCP-c3c0c7a47cee6cd9,MOL-be1dfee72c756ee5,2020_Townsend,AC-78305ee2e743b795,BLOCK-513383ed86a73488,5,BLOCK-513383ed86a73488
SSCP-c3c1f446f282a2ac,MOL-6beb3e881c004599,2020_Townsend,AC-78305ee2e743b795,BLOCK-513383ed86a73488,5,BLOCK-513383ed86a73488
SSCP-c3ce5e35e86eb333,MOL-b1027b5402b25e3a,2020_Townsend,AC-78305ee2e743b795,BLOCK-513383ed86a73488,5,BLOCK-513383ed86a73488
SSCP-c3cee308a471cec5,MOL-278691c2d4d6c610,2021_Kelly,AC-5e5c956882423f52,BLOCK-4494eb5738fce47c,3,BLOCK-4494eb5738fce47c
SSCP-c3e916f8f364173e,MOL-64e655ef925ce51d,2021_Kelly,AC-5e5c956882423f52,BLOCK-4494eb5738fce47c,3,BLOCK-4494eb5738fce47c
SSCP-c3f8f38b68cb9d7e,MOL-c197587cde72b72a,2020_Townsend,AC-78305ee2e743b795,BLOCK-513383ed86a73488,5,BLOCK-513383ed86a73488
SSCP-c4163f98f2fffdd3,MOL-d27025f9844052f9,2024_Koch,AC-e82e3e242d3d320c,BLOCK-c5e520eb3b94ff25,15,BLOCK-c5e520eb3b94ff25
SSCP-c41e6531ee088f4c,MOL-ce5aec9bd4d72706,2013_CHUGAI,AC-0c88fdf0547ce5e3,BLOCK-5c361cba45039733,7,BLOCK-5c361cba45039733
SSCP-c4231af3360ae94d,MOL-e21a48aabc0f2783,2020_Townsend,AC-78305ee2e743b795,BLOCK-513383ed86a73488,5,BLOCK-513383ed86a73488
SSCP-c42ec44b724fc326,MOL-893735f0e8f9e617,2020_Townsend,AC-78305ee2e743b795,BLOCK-513383ed86a73488,5,BLOCK-513383ed86a73488
SSCP-c431268993721b65,MOL-fd3d644ca0263883,2024_Faris,AC-e82e3e242d3d320c,BLOCK-c5e520eb3b94ff25,15,BLOCK-c5e520eb3b94ff25
SSCP-c4358fb420b233a3,MOL-4fedb61f78ba603f,2021_Kelly,AC-ac7e5d0036401990,BLOCK-4494eb5738fce47c,3,BLOCK-4494eb5738fce47c
SSCP-c444e8cca906a4dc,MOL-78284e100a04d096,2020_Townsend,AC-78305ee2e743b795,BLOCK-513383ed86a73488,5,BLOCK-513383ed86a73488
SSCP-c4535385b557ab8b,MOL-1ffe6ae320960ce7,2021_Kelly,AC-5e5c956882423f52,BLOCK-4494eb5738fce47c,3,BLOCK-4494eb5738fce47c
SSCP-c46080d32c0542fb,MOL-64066cebb45dced7,2020_Townsend,AC-78305ee2e743b795,BLOCK-513383ed86a73488,5,BLOCK-513383ed86a73488
SSCP-c463df9a42701be9,MOL-f1bc8e1fe7f58c1c,2021_Kelly,AC-5e5c956882423f52,BLOCK-4494eb5738fce47c,3,BLOCK-4494eb5738fce47c
SSCP-c469ed46340387e2,MOL-7c16fd28346b83e1,2020_Townsend,AC-78305ee2e743b795,BLOCK-513383ed86a73488,5,BLOCK-513383ed86a73488
SSCP-c46fcff82cec2c7e,MOL-7e35fb7403b4d273,2024_Faris,AC-e82e3e242d3d320c,BLOCK-c5e520eb3b94ff25,15,BLOCK-c5e520eb3b94ff25
SSCP-c47674ddcf669259,MOL-611782aaf3be53ba,2020_Townsend,AC-78305ee2e743b795,BLOCK-513383ed86a73488,5,BLOCK-513383ed86a73488
SSCP-c4775352b52d0fa7,MOL-9404d1ea721f9da4,2021_Kelly,AC-5e5c956882423f52,BLOCK-4494eb5738fce47c,3,BLOCK-4494eb5738fce47c
SSCP-c4793a974b34a389,MOL-6107497e9484d8eb,2020_Townsend,AC-78305ee2e743b795,BLOCK-513383ed86a73488,5,BLOCK-513383ed86a73488
SSCP-c4a261662546c2e6,MOL-b02f2a4d8dbf6cbd,2016_Furukawa,AC-78305ee2e743b795,BLOCK-513383ed86a73488,5,BLOCK-513383ed86a73488
SSCP-c4ace949e30baa7f,MOL-7b62ac3ac67b1193,2020_Townsend,AC-78305ee2e743b795,BLOCK-513383ed86a73488,5,BLOCK-513383ed86a73488
SSCP-c4bc8538bd68ee6e,MOL-a7afbfaa77f19525,2013_CHUGAI,AC-cf95401a5715faa6,BLOCK-5c361cba45039733,7,BLOCK-5c361cba45039733
SSCP-c4bce7a63c6278c8,MOL-76e0242ad926365e,2020_Townsend,AC-78305ee2e743b795,BLOCK-513383ed86a73488,5,BLOCK-513383ed86a73488
SSCP-c4c41accf5f3ae48,MOL-76ee4d0e89fbdc53,2021_Kelly,AC-5e5c956882423f52,BLOCK-4494eb5738fce47c,3,BLOCK-4494eb5738fce47c
SSCP-c4d38fa122ba6742,MOL-7da1df650a1b8248,2016_Furukawa,AC-78305ee2e743b795,BLOCK-513383ed86a73488,5,BLOCK-513383ed86a73488
SSCP-c4df77c40d0bac6a,MOL-aa36b12f7626bb91,2016_Furukawa,AC-78305ee2e743b795,BLOCK-513383ed86a73488,5,BLOCK-513383ed86a73488
SSCP-c4fc80f6ce5c4ad6,MOL-45df2dab69bb7a5b,2013_CHUGAI,AC-cf95401a5715faa6,BLOCK-5c361cba45039733,7,BLOCK-5c361cba45039733
SSCP-c50006633f8fe748,MOL-50ef2faa044d9408,2013_CHUGAI,AC-9915a59ccaa1a737,BLOCK-5c361cba45039733,7,BLOCK-5c361cba45039733
SSCP-c5046be40e2dadf1,MOL-96571ef02365b662,2020_Townsend,AC-78305ee2e743b795,BLOCK-513383ed86a73488,5,BLOCK-513383ed86a73488
SSCP-c506f1539800c55f,MOL-17bdddfb471948fd,2020_Townsend,AC-78305ee2e743b795,BLOCK-513383ed86a73488,5,BLOCK-513383ed86a73488
SSCP-c50e1ab8c5bd2092,MOL-7ed879696ccb657b,2021_Kelly,AC-6d3257a2b83e15dc,BLOCK-4494eb5738fce47c,3,BLOCK-4494eb5738fce47c
SSCP-c511972e0c903853,MOL-fe4aac87bbf6e73c,2024_Faris,AC-e82e3e242d3d320c,BLOCK-c5e520eb3b94ff25,15,BLOCK-c5e520eb3b94ff25
SSCP-c511c082f29a904d,MOL-7f6effebdc2e3bb6,2013_CHUGAI,AC-9915a59ccaa1a737,BLOCK-5c361cba45039733,7,BLOCK-5c361cba45039733
SSCP-c5141a3cc5d18c51,MOL-49713340ab67ac9c,2016_Furukawa,AC-78305ee2e743b795,BLOCK-513383ed86a73488,5,BLOCK-513383ed86a73488
SSCP-c51926bedc848248,MOL-2d3f0b4ba8da3fc8,2021_Kelly,AC-5e5c956882423f52,BLOCK-4494eb5738fce47c,3,BLOCK-4494eb5738fce47c
SSCP-c51a62982bae7b81,MOL-56b4a59202ba6419,2020_Townsend,AC-78305ee2e743b795,BLOCK-513383ed86a73488,5,BLOCK-513383ed86a73488
SSCP-c51c04d6f72f10a9,MOL-0521281b82930906,2020_Townsend,AC-78305ee2e743b795,BLOCK-513383ed86a73488,5,BLOCK-513383ed86a73488
SSCP-c524d20a29722b85,MOL-ee357be88365671a,2020_Townsend,AC-78305ee2e743b795,BLOCK-513383ed86a73488,5,BLOCK-513383ed86a73488
SSCP-c5258582c5c2ff09,MOL-9405e0b6a10aa955,2021_Kelly,AC-5e5c956882423f52,BLOCK-4494eb5738fce47c,3,BLOCK-4494eb5738fce47c
SSCP-c5270aca300594a5,MOL-76829ba3f1624a2e,2016_Furukawa,AC-78305ee2e743b795,BLOCK-513383ed86a73488,5,BLOCK-513383ed86a73488
SSCP-c5394cb0de55a642,MOL-afaeb22ad81fd119,2015_Bockus_1,AC-914f0f8286bc74ae,BLOCK-513383ed86a73488,5,BLOCK-513383ed86a73488
SSCP-c53e4d57a1dbb56c,MOL-ab9c51a12c5e8482,2020_Townsend,AC-78305ee2e743b795,BLOCK-513383ed86a73488,5,BLOCK-513383ed86a73488
SSCP-c541f4b2a013e591,MOL-d91f76438cf5e349,2021_Kelly,AC-ac7e5d0036401990,BLOCK-4494eb5738fce47c,3,BLOCK-4494eb5738fce47c
SSCP-c5477226ef965d63,MOL-3751c4e873e44a74,2021_Kelly,AC-5e5c956882423f52,BLOCK-4494eb5738fce47c,3,BLOCK-4494eb5738fce47c
SSCP-c547b4af37f4b979,MOL-373a286e92b2cde0,2020_Townsend,AC-78305ee2e743b795,BLOCK-513383ed86a73488,5,BLOCK-513383ed86a73488
SSCP-c54a845629680856,MOL-948b04d0333c8cff,2021_Kelly,AC-5e5c956882423f52,BLOCK-4494eb5738fce47c,3,BLOCK-4494eb5738fce47c
SSCP-c55e048b7fc07dd5,MOL-6b74a40021fd466b,2018_Naylor,AC-dceba6004ee9f160,BLOCK-513383ed86a73488,5,BLOCK-513383ed86a73488
SSCP-c5641ffa39953e1a,MOL-c8944159b5b324dc,2022_Bhardwaj,AC-83d4b867c172661d,BLOCK-513383ed86a73488,5,BLOCK-513383ed86a73488
SSCP-c56612f1b3d64d2b,MOL-aa475a43b22870fa,2020_Townsend,AC-78305ee2e743b795,BLOCK-513383ed86a73488,5,BLOCK-513383ed86a73488
SSCP-c56cc0396fbc77c9,MOL-b3da00c7a0d78a3a,2020_Townsend,AC-78305ee2e743b795,BLOCK-513383ed86a73488,5,BLOCK-513383ed86a73488
SSCP-c5729bf76c2ca203,MOL-c7e336f1680c2639,2016_Furukawa,AC-78305ee2e743b795,BLOCK-513383ed86a73488,5,BLOCK-513383ed86a73488
SSCP-c5783531b9ff59d3,MOL-35701e321961f8df,2021_Kelly,AC-ac7e5d0036401990,BLOCK-4494eb5738fce47c,3,BLOCK-4494eb5738fce47c
SSCP-c57c2d63665d4d5e,MOL-1e1116318888a896,2021_Kelly,AC-5e5c956882423f52,BLOCK-4494eb5738fce47c,3,BLOCK-4494eb5738fce47c
SSCP-c57e5184c3ea9246,MOL-a1bc5e67811d9b5c,2020_Townsend,AC-78305ee2e743b795,BLOCK-513383ed86a73488,5,BLOCK-513383ed86a73488
SSCP-c58763206e12e6dc,MOL-eff4dc9b5c80bff9,2013_CHUGAI,AC-cf95401a5715faa6,BLOCK-5c361cba45039733,7,BLOCK-5c361cba45039733
SSCP-c58a214b878fc2f2,MOL-f3f8c8d7f902ca0b,2021_Kelly,AC-5e5c956882423f52,BLOCK-4494eb5738fce47c,3,BLOCK-4494eb5738fce47c
SSCP-c596a3ae5125759c,MOL-de56b91904b53d85,2013_CHUGAI,AC-cf95401a5715faa6,BLOCK-5c361cba45039733,7,BLOCK-5c361cba45039733
SSCP-c5a3fcd0b3b7ce16,MOL-7bf7ca390e2b4ed2,2020_Townsend,AC-78305ee2e743b795,BLOCK-513383ed86a73488,5,BLOCK-513383ed86a73488
SSCP-c5bcddb59b92b467,MOL-5612108ffdab6b65,2016_Furukawa,AC-78305ee2e743b795,BLOCK-513383ed86a73488,5,BLOCK-513383ed86a73488
SSCP-c5c6f933fed344fd,MOL-49164358557508d8,2021_Kelly,AC-5e5c956882423f52,BLOCK-4494eb5738fce47c,3,BLOCK-4494eb5738fce47c
SSCP-c5e16b903439e85d,MOL-c0e2523abf3acc57,2020_Townsend,AC-78305ee2e743b795,BLOCK-513383ed86a73488,5,BLOCK-513383ed86a73488
SSCP-c5f3187d9de0f3e2,MOL-a09e376f6557243e,2021_Kelly,AC-5e5c956882423f52,BLOCK-4494eb5738fce47c,3,BLOCK-4494eb5738fce47c
SSCP-c5f9401d9a7288ef,MOL-b0ce0feb258dc831,2016_Furukawa,AC-78305ee2e743b795,BLOCK-513383ed86a73488,5,BLOCK-513383ed86a73488
SSCP-c635c6e91bcafe47,MOL-7820c893a2b53e8f,2018_Naylor,AC-78305ee2e743b795,BLOCK-513383ed86a73488,5,BLOCK-513383ed86a73488
SSCP-c63d75af977858ab,MOL-8c4efcb33934f5f1,2020_Townsend,AC-78305ee2e743b795,BLOCK-513383ed86a73488,5,BLOCK-513383ed86a73488
SSCP-c63fb866e2f113b4,MOL-5c04b5d08827d3bd,2020_Furukawa,AC-114e657b947b31ec,BLOCK-5f91132e1b252609,9,BLOCK-5f91132e1b252609
SSCP-c64220314c48b880,MOL-709739bddf4e08cb,2020_Townsend,AC-78305ee2e743b795,BLOCK-513383ed86a73488,5,BLOCK-513383ed86a73488
SSCP-c645aa832f1aee84,MOL-be7dfcb68c2ffab4,2021_Kelly,AC-5e5c956882423f52,BLOCK-4494eb5738fce47c,3,BLOCK-4494eb5738fce47c
SSCP-c65980effe09814a,MOL-a2d0a6ae60efe92e,2013_CHUGAI,AC-cf95401a5715faa6,BLOCK-5c361cba45039733,7,BLOCK-5c361cba45039733
SSCP-c66297885f1c00e7,MOL-5b431e7f963f26a9,2022_Bhardwaj,AC-8151f55a26843e72,BLOCK-513383ed86a73488,5,BLOCK-513383ed86a73488
SSCP-c663ddc876b19706,MOL-cdb2fb07da727c2b,2024_Faris,AC-e82e3e242d3d320c,BLOCK-c5e520eb3b94ff25,15,BLOCK-c5e520eb3b94ff25
SSCP-c674253475731a90,MOL-18a24672e1c0a21a,2022_Bhardwaj,AC-250faac923c8159b,BLOCK-513383ed86a73488,5,BLOCK-513383ed86a73488
SSCP-c67d19f504068604,MOL-fed145647623db02,2016_Furukawa,AC-78305ee2e743b795,BLOCK-513383ed86a73488,5,BLOCK-513383ed86a73488
SSCP-c68033165baacc63,MOL-cb203a6a613f6552,2021_Wang,AC-fbc7f1ef462beb7f,BLOCK-d0fe24e9c28856d1,16,BLOCK-d0fe24e9c28856d1
SSCP-c69a1daad963f929,MOL-3cf30f2135905319,2021_Kelly,AC-5e5c956882423f52,BLOCK-4494eb5738fce47c,3,BLOCK-4494eb5738fce47c
SSCP-c69a82f730e52126,MOL-cd1cda846cfe407c,2020_Townsend,AC-78305ee2e743b795,BLOCK-513383ed86a73488,5,BLOCK-513383ed86a73488
SSCP-c6b06ded6879f585,MOL-d2debf50345a038a,2013_CHUGAI,AC-9915a59ccaa1a737,BLOCK-5c361cba45039733,7,BLOCK-5c361cba45039733
SSCP-c6c153fe7a82d51c,MOL-dcebfabe9e52aa80,2013_CHUGAI,AC-cf95401a5715faa6,BLOCK-5c361cba45039733,7,BLOCK-5c361cba45039733
SSCP-c6d4997b6fb97a34,MOL-304838332890fe8b,2020_Townsend,AC-78305ee2e743b795,BLOCK-513383ed86a73488,5,BLOCK-513383ed86a73488
SSCP-c6e5973932399c1a,MOL-f61af278a1586356,2016_Furukawa,AC-78305ee2e743b795,BLOCK-513383ed86a73488,5,BLOCK-513383ed86a73488
SSCP-c6f296aa8a390041,MOL-be3224d15549f888,2016_Furukawa,AC-78305ee2e743b795,BLOCK-513383ed86a73488,5,BLOCK-513383ed86a73488
SSCP-c6ff60970d6cc053,MOL-a1b038f40e618ec8,2020_Townsend,AC-78305ee2e743b795,BLOCK-513383ed86a73488,5,BLOCK-513383ed86a73488
SSCP-c6ffe61c36779788,MOL-69f2147d5e9680b0,2020_Townsend,AC-78305ee2e743b795,BLOCK-513383ed86a73488,5,BLOCK-513383ed86a73488
SSCP-c7100d80620e1e79,MOL-1d845378f22e4379,2016_Furukawa,AC-78305ee2e743b795,BLOCK-513383ed86a73488,5,BLOCK-513383ed86a73488
SSCP-c71414336feb5f32,MOL-96e8677e64a605cd,2020_Townsend,AC-78305ee2e743b795,BLOCK-513383ed86a73488,5,BLOCK-513383ed86a73488
SSCP-c7222081d9fb768f,MOL-a8ebc742c1eaf175,2024_Faris,AC-e82e3e242d3d320c,BLOCK-c5e520eb3b94ff25,15,BLOCK-c5e520eb3b94ff25
SSCP-c72b488ee873d7cc,MOL-163626e5849017ba,2013_CHUGAI,AC-9915a59ccaa1a737,BLOCK-5c361cba45039733,7,BLOCK-5c361cba45039733
SSCP-c739b4310288e7f6,MOL-1c1d4df3ad6f4690,2020_Townsend,AC-78305ee2e743b795,BLOCK-513383ed86a73488,5,BLOCK-513383ed86a73488
SSCP-c73b4b43f16edd31,MOL-181ed9ae5f8462d1,2021_Kelly,AC-5e5c956882423f52,BLOCK-4494eb5738fce47c,3,BLOCK-4494eb5738fce47c
SSCP-c73cedff6b869145,MOL-bf523294a9bd9c61,2020_Townsend,AC-78305ee2e743b795,BLOCK-513383ed86a73488,5,BLOCK-513383ed86a73488
SSCP-c7472d319239e8bb,MOL-5b8e7ff407f676c5,2013_CHUGAI,AC-1e4f386f485b9cab,BLOCK-5c361cba45039733,7,BLOCK-5c361cba45039733
SSCP-c74f27c34f1e5725,MOL-ea7d54d2f0258824,2020_Townsend,AC-78305ee2e743b795,BLOCK-513383ed86a73488,5,BLOCK-513383ed86a73488
SSCP-c752499a16119137,MOL-23621845e32eca63,2021_Kelly,AC-ac7e5d0036401990,BLOCK-4494eb5738fce47c,3,BLOCK-4494eb5738fce47c
SSCP-c75f5e257f7ecd23,MOL-bf629aa702fbc2ad,2021_Comeau,AC-b74b4d5565722d16,BLOCK-bb4bcb852b735057,12,BLOCK-bb4bcb852b735057
SSCP-c765262ae328c4a7,MOL-dae64ad1fd8a5d9a,2013_CHUGAI,AC-9915a59ccaa1a737,BLOCK-5c361cba45039733,7,BLOCK-5c361cba45039733
SSCP-c76e627c71d6c1f1,MOL-2e40607921d2a8a2,2016_Furukawa,AC-78305ee2e743b795,BLOCK-513383ed86a73488,5,BLOCK-513383ed86a73488
SSCP-c7710cef704784a6,MOL-22eb88cf823dc02a,2020_Townsend,AC-78305ee2e743b795,BLOCK-513383ed86a73488,5,BLOCK-513383ed86a73488
SSCP-c77270452867e4a5,MOL-211c064e134a8f94,2022_Bhardwaj,AC-eef1d0c78351235e,BLOCK-513383ed86a73488,5,BLOCK-513383ed86a73488
SSCP-c7969aa4c9749852,MOL-f808cc06eae03c8f,2022_Bhardwaj,AC-8848883cf3ab92b8,BLOCK-513383ed86a73488,5,BLOCK-513383ed86a73488
SSCP-c7a56708dab8a1bd,MOL-76b0ff0068090fef,2020_Townsend,AC-78305ee2e743b795,BLOCK-513383ed86a73488,5,BLOCK-513383ed86a73488
SSCP-c7b08cf617ce06c3,MOL-2400b745862d2a69,2013_CHUGAI,AC-cf95401a5715faa6,BLOCK-5c361cba45039733,7,BLOCK-5c361cba45039733
SSCP-c7b2715af5c1e0ba,MOL-b4c3d181efcddf92,2021_Kelly,AC-5e5c956882423f52,BLOCK-4494eb5738fce47c,3,BLOCK-4494eb5738fce47c
SSCP-c7b5e637b0dec4d3,MOL-70d5f2ff0e144efe,2018_Kaneda,AC-d7defee51a6f0372,BLOCK-fc0b343dfac9ab9d,18,BLOCK-fc0b343dfac9ab9d
SSCP-c7b8b31aad10886a,MOL-7ae42a3ef0ede9f3,2016_Furukawa,AC-78305ee2e743b795,BLOCK-513383ed86a73488,5,BLOCK-513383ed86a73488
SSCP-c7be33c9fbd4bd58,MOL-1c6e366427cab4f4,2016_Furukawa,AC-78305ee2e743b795,BLOCK-513383ed86a73488,5,BLOCK-513383ed86a73488
SSCP-c7c4e4bb42e72040,MOL-efeb62d2d43d19a3,2016_Furukawa,AC-78305ee2e743b795,BLOCK-513383ed86a73488,5,BLOCK-513383ed86a73488
SSCP-c7c62106ddf321b4,MOL-65046bc99174db6d,2021_Kelly,AC-6d3257a2b83e15dc,BLOCK-4494eb5738fce47c,3,BLOCK-4494eb5738fce47c
SSCP-c7c8b8592619cb16,MOL-fe9c4fe3c476c552,2020_Townsend,AC-78305ee2e743b795,BLOCK-513383ed86a73488,5,BLOCK-513383ed86a73488
SSCP-c7d155f6db5068a1,MOL-7f06eb9d0e29899c,2021_Kelly,AC-5e5c956882423f52,BLOCK-4494eb5738fce47c,3,BLOCK-4494eb5738fce47c
SSCP-c7d4e679eb680563,MOL-b05753064b15a3d4,2013_CHUGAI,AC-46a7f0b10bd84074,BLOCK-5c361cba45039733,7,BLOCK-5c361cba45039733
SSCP-c7dc840fe05412f1,MOL-b02be793c4995aac,2016_Furukawa,AC-78305ee2e743b795,BLOCK-513383ed86a73488,5,BLOCK-513383ed86a73488
SSCP-c7e9dc57954b9656,MOL-295752fc30e5747f,2021_Kelly,AC-6d3257a2b83e15dc,BLOCK-4494eb5738fce47c,3,BLOCK-4494eb5738fce47c
SSCP-c7efd736903baf74,MOL-ec71af50c2aaab5e,2016_Furukawa,AC-78305ee2e743b795,BLOCK-513383ed86a73488,5,BLOCK-513383ed86a73488
SSCP-c7f2757cc6220b39,MOL-3eee7e3ded4e9795,2020_Townsend,AC-78305ee2e743b795,BLOCK-513383ed86a73488,5,BLOCK-513383ed86a73488
SSCP-c7f4c9d4982e71df,MOL-3cfef5972e721a66,2020_Townsend,AC-78305ee2e743b795,BLOCK-513383ed86a73488,5,BLOCK-513383ed86a73488
SSCP-c7f79e5654ade4b2,MOL-e25c9352d8a3c4ae,2021_Kelly,AC-ac7e5d0036401990,BLOCK-4494eb5738fce47c,3,BLOCK-4494eb5738fce47c
SSCP-c7fc358b81cdc669,MOL-f0ac958980011abd,2016_Furukawa,AC-78305ee2e743b795,BLOCK-513383ed86a73488,5,BLOCK-513383ed86a73488
SSCP-c7fecbfa91ab919c,MOL-94155661d231b212,2021_Kelly,AC-5e5c956882423f52,BLOCK-4494eb5738fce47c,3,BLOCK-4494eb5738fce47c
SSCP-c80874c76d406ba5,MOL-38315da8b94424e1,2016_Furukawa,AC-78305ee2e743b795,BLOCK-513383ed86a73488,5,BLOCK-513383ed86a73488
SSCP-c80a84c2fcd05fda,MOL-7200f97d93366a41,2020_Townsend,AC-78305ee2e743b795,BLOCK-513383ed86a73488,5,BLOCK-513383ed86a73488
SSCP-c80cf1720044d4a9,MOL-03f41976f33c263a,2021_Kelly,AC-5e5c956882423f52,BLOCK-4494eb5738fce47c,3,BLOCK-4494eb5738fce47c
SSCP-c8109bb5e0881af6,MOL-bc7a27b297ec4b96,2013_CHUGAI,AC-cf95401a5715faa6,BLOCK-5c361cba45039733,7,BLOCK-5c361cba45039733
SSCP-c819e8e4c468b5cc,MOL-26b2cf87b1b2fd22,2013_CHUGAI,AC-9915a59ccaa1a737,BLOCK-5c361cba45039733,7,BLOCK-5c361cba45039733
SSCP-c81dc59e3a153e80,MOL-b3a91e05aa469521,2020_Townsend,AC-78305ee2e743b795,BLOCK-513383ed86a73488,5,BLOCK-513383ed86a73488
SSCP-c827370286b6273e,MOL-e6a07b4fa40c73d5,2021_Kelly,AC-5e5c956882423f52,BLOCK-4494eb5738fce47c,3,BLOCK-4494eb5738fce47c
SSCP-c82a0eccd13aebfe,MOL-1a70c15280944273,2020_Townsend,AC-78305ee2e743b795,BLOCK-513383ed86a73488,5,BLOCK-513383ed86a73488
SSCP-c833da77e6feb570,MOL-4639970b96f867f8,2021_Kelly,AC-ac7e5d0036401990,BLOCK-4494eb5738fce47c,3,BLOCK-4494eb5738fce47c
SSCP-c8385efd2823f1a7,MOL-02f8ecf9053ecace,2020_Townsend,AC-78305ee2e743b795,BLOCK-513383ed86a73488,5,BLOCK-513383ed86a73488
SSCP-c83a6d5cdc20a289,MOL-66fb828eeb7cc6f0,2020_Townsend,AC-78305ee2e743b795,BLOCK-513383ed86a73488,5,BLOCK-513383ed86a73488
SSCP-c8453a870aea25a7,MOL-b7134d7a5863aafb,2020_Townsend,AC-78305ee2e743b795,BLOCK-513383ed86a73488,5,BLOCK-513383ed86a73488
SSCP-c8456910c410e4e3,MOL-3387935bdfc09ff3,2016_Furukawa,AC-78305ee2e743b795,BLOCK-513383ed86a73488,5,BLOCK-513383ed86a73488
SSCP-c8493802b8d32c0d,MOL-753af402bec3db74,2016_Furukawa,AC-78305ee2e743b795,BLOCK-513383ed86a73488,5,BLOCK-513383ed86a73488
SSCP-c86096f88a1e58d5,MOL-8657f486604e220c,2020_Townsend,AC-78305ee2e743b795,BLOCK-513383ed86a73488,5,BLOCK-513383ed86a73488
SSCP-c866c34afe041c82,MOL-6f8b8c9a0a8a2682,2021_Kelly,AC-ac7e5d0036401990,BLOCK-4494eb5738fce47c,3,BLOCK-4494eb5738fce47c
SSCP-c8744148639aa1f8,MOL-a13a77823bb6c83a,2021_Kelly,AC-6d3257a2b83e15dc,BLOCK-4494eb5738fce47c,3,BLOCK-4494eb5738fce47c
SSCP-c87f2d65c29d6282,MOL-c5f0a0e59e2b9bf7,2020_Townsend,AC-78305ee2e743b795,BLOCK-513383ed86a73488,5,BLOCK-513383ed86a73488
SSCP-c885d83d5293fdb2,MOL-1c4aae197ff65269,2021_Kelly,AC-5e5c956882423f52,BLOCK-4494eb5738fce47c,3,BLOCK-4494eb5738fce47c
SSCP-c8c72b336d6fde2e,MOL-5940061b5d3139d5,2021_Kelly,AC-5e5c956882423f52,BLOCK-4494eb5738fce47c,3,BLOCK-4494eb5738fce47c
SSCP-c8c834f7865a40ce,MOL-5bf61f584fdc1df1,2013_CHUGAI,AC-cf95401a5715faa6,BLOCK-5c361cba45039733,7,BLOCK-5c361cba45039733
SSCP-c8dad88bb1a00d9b,MOL-223a526c53d04fd4,2022_Bhardwaj,AC-833004ab97083378,BLOCK-513383ed86a73488,5,BLOCK-513383ed86a73488
SSCP-c8f7b752c18330b1,MOL-79019164e0a0cddb,2021_Kelly,AC-5e5c956882423f52,BLOCK-4494eb5738fce47c,3,BLOCK-4494eb5738fce47c
SSCP-c90a8d6cf074b089,MOL-e327b8cca15aeae0,2021_Kelly,AC-5e5c956882423f52,BLOCK-4494eb5738fce47c,3,BLOCK-4494eb5738fce47c
SSCP-c927da440ac86c02,MOL-70a2b990fa708011,2013_CHUGAI,AC-cf95401a5715faa6,BLOCK-5c361cba45039733,7,BLOCK-5c361cba45039733
SSCP-c929547136c56bbf,MOL-adc8e7c43098f144,2020_Townsend,AC-78305ee2e743b795,BLOCK-513383ed86a73488,5,BLOCK-513383ed86a73488
SSCP-c93db90ae0bd1469,MOL-8710fbbb37764779,2016_Furukawa,AC-78305ee2e743b795,BLOCK-513383ed86a73488,5,BLOCK-513383ed86a73488
SSCP-c95e38ec55fae670,MOL-e13a4e4472c1e74d,2020_Townsend,AC-78305ee2e743b795,BLOCK-513383ed86a73488,5,BLOCK-513383ed86a73488
SSCP-c96c5b1ed069e660,MOL-f9ec210a3876bcea,2020_Townsend,AC-78305ee2e743b795,BLOCK-513383ed86a73488,5,BLOCK-513383ed86a73488
SSCP-c976f2aa7f01f567,MOL-38b93cb680442c83,2020_Townsend,AC-78305ee2e743b795,BLOCK-513383ed86a73488,5,BLOCK-513383ed86a73488
SSCP-c981292ffb772d88,MOL-177d51f8521a878f,2013_CHUGAI,AC-cf95401a5715faa6,BLOCK-5c361cba45039733,7,BLOCK-5c361cba45039733
SSCP-c98179d368252c3f,MOL-9332e1b28f958ba8,2020_Townsend,AC-78305ee2e743b795,BLOCK-513383ed86a73488,5,BLOCK-513383ed86a73488
SSCP-c98affdd6977e92e,MOL-5f3305d17013a2b0,2016_Furukawa,AC-78305ee2e743b795,BLOCK-513383ed86a73488,5,BLOCK-513383ed86a73488
SSCP-c99219f2c4f25741,MOL-725f7ca22dce932d,2021_Kelly,AC-5e5c956882423f52,BLOCK-4494eb5738fce47c,3,BLOCK-4494eb5738fce47c
SSCP-c997416a75f8e691,MOL-ea8d03b84c0b93b0,2016_Furukawa,AC-78305ee2e743b795,BLOCK-513383ed86a73488,5,BLOCK-513383ed86a73488
SSCP-c99ae0f25cff5a2e,MOL-5132e02cc52e856c,2013_CHUGAI,AC-9915a59ccaa1a737,BLOCK-5c361cba45039733,7,BLOCK-5c361cba45039733
SSCP-c9a31745a241cb10,MOL-a9786161213e2a2c,2021_Kelly,AC-5e5c956882423f52,BLOCK-4494eb5738fce47c,3,BLOCK-4494eb5738fce47c
SSCP-c9a630005c138467,MOL-8f558c7c94eb8c89,2021_Kelly,AC-ac7e5d0036401990,BLOCK-4494eb5738fce47c,3,BLOCK-4494eb5738fce47c
SSCP-c9a70510e1ae92c6,MOL-f91a8a9be312a744,2020_Townsend,AC-78305ee2e743b795,BLOCK-513383ed86a73488,5,BLOCK-513383ed86a73488
SSCP-c9acecc0b88a57d7,MOL-6b208b52f468ce5f,2021_Kelly,AC-5e5c956882423f52,BLOCK-4494eb5738fce47c,3,BLOCK-4494eb5738fce47c
SSCP-c9ae4b6610decce6,MOL-ef8e92e94e2f23d5,2020_Townsend,AC-78305ee2e743b795,BLOCK-513383ed86a73488,5,BLOCK-513383ed86a73488
SSCP-c9bb6bb26cfbbd20,MOL-0a245077d3ad887f,2020_Townsend,AC-78305ee2e743b795,BLOCK-513383ed86a73488,5,BLOCK-513383ed86a73488
SSCP-c9bd7331d25871d5,MOL-266d0512b85efbb5,2021_Kelly,AC-5e5c956882423f52,BLOCK-4494eb5738fce47c,3,BLOCK-4494eb5738fce47c
SSCP-c9bf058677ed3ab5,MOL-de2fe06201747b02,2020_Townsend,AC-78305ee2e743b795,BLOCK-513383ed86a73488,5,BLOCK-513383ed86a73488
SSCP-c9c112c9c2c9715b,MOL-29e307367be68bd4,2020_Townsend,AC-78305ee2e743b795,BLOCK-513383ed86a73488,5,BLOCK-513383ed86a73488
SSCP-c9c4bb283e8e1591,MOL-ad568b28399dabc2,2013_CHUGAI,AC-eb7a07502141cab6,BLOCK-5c361cba45039733,7,BLOCK-5c361cba45039733
SSCP-c9cac46a08690b33,MOL-a2f9c701dc177ab6,2013_CHUGAI,AC-cf95401a5715faa6,BLOCK-5c361cba45039733,7,BLOCK-5c361cba45039733
SSCP-c9df3bd3379ab458,MOL-fe7961eb0d5e3d85,2020_Townsend,AC-78305ee2e743b795,BLOCK-513383ed86a73488,5,BLOCK-513383ed86a73488
SSCP-c9efc4688cca6f53,MOL-f6a9ecd060de7933,2020_Townsend,AC-78305ee2e743b795,BLOCK-513383ed86a73488,5,BLOCK-513383ed86a73488
SSCP-c9fee08cd7b323e6,MOL-e258ee4b94693f4f,2021_Comeau,AC-b74b4d5565722d16,BLOCK-bb4bcb852b735057,12,BLOCK-bb4bcb852b735057
SSCP-ca05c340128cf3e4,MOL-fadeadbcaea1e1b4,2021_Kelly,AC-5e5c956882423f52,BLOCK-4494eb5738fce47c,3,BLOCK-4494eb5738fce47c
SSCP-ca0865374a8da247,MOL-861dc10ad50e26fb,2020_Townsend,AC-78305ee2e743b795,BLOCK-513383ed86a73488,5,BLOCK-513383ed86a73488
SSCP-ca088f01690094b5,MOL-eeb8e3b33692a6da,2020_Townsend,AC-78305ee2e743b795,BLOCK-513383ed86a73488,5,BLOCK-513383ed86a73488
SSCP-ca0bc737f01dedec,MOL-f05003d10e9630e0,2020_Townsend,AC-78305ee2e743b795,BLOCK-513383ed86a73488,5,BLOCK-513383ed86a73488
SSCP-ca14c10fda74a36c,MOL-9de2bf85fad15ff0,2021_Kelly,AC-5e5c956882423f52,BLOCK-4494eb5738fce47c,3,BLOCK-4494eb5738fce47c
SSCP-ca167fa74b0cdedd,MOL-8e6a84f4db739cf5,2021_Kelly,AC-5e5c956882423f52,BLOCK-4494eb5738fce47c,3,BLOCK-4494eb5738fce47c
SSCP-ca1aa14a9f8dbabb,MOL-b3d99773322cbc8a,2013_CHUGAI,AC-cf95401a5715faa6,BLOCK-5c361cba45039733,7,BLOCK-5c361cba45039733
SSCP-ca27b3c57990a800,MOL-637f9742c2ab2d08,2013_CHUGAI,AC-9915a59ccaa1a737,BLOCK-5c361cba45039733,7,BLOCK-5c361cba45039733
SSCP-ca2e4c393970627d,MOL-a4b5b55f5f15d394,2018_Naylor,AC-4cbd321fd3e6c472,BLOCK-513383ed86a73488,5,BLOCK-513383ed86a73488
SSCP-ca3044e9745737e6,MOL-927bc3b21223b1c8,2022_Saunders,AC-e84a9a0bd49f43b6,BLOCK-513383ed86a73488,5,BLOCK-513383ed86a73488
SSCP-ca3a5a5338527341,MOL-6cbeb092f9d4db90,2021_Kelly,AC-5e5c956882423f52,BLOCK-4494eb5738fce47c,3,BLOCK-4494eb5738fce47c
SSCP-ca4086211d6dd7c5,MOL-5206c0e6ff25afa5,2020_Townsend,AC-78305ee2e743b795,BLOCK-513383ed86a73488,5,BLOCK-513383ed86a73488
SSCP-ca49dfe142b6802b,MOL-3fbff047e96c67b9,2020_Townsend,AC-78305ee2e743b795,BLOCK-513383ed86a73488,5,BLOCK-513383ed86a73488
SSCP-ca4dfad63659a55f,MOL-f8013814d614b500,2021_Kelly,AC-5e5c956882423f52,BLOCK-4494eb5738fce47c,3,BLOCK-4494eb5738fce47c
SSCP-ca548ce48fb7eed1,MOL-f24ba2da482fef66,2021_Kelly,AC-ac7e5d0036401990,BLOCK-4494eb5738fce47c,3,BLOCK-4494eb5738fce47c
SSCP-ca5783d96bdbac01,MOL-37f83810984e63a0,2020_Townsend,AC-78305ee2e743b795,BLOCK-513383ed86a73488,5,BLOCK-513383ed86a73488
SSCP-ca5ad25415dba058,MOL-b7e3430be83f76c4,2020_Townsend,AC-78305ee2e743b795,BLOCK-513383ed86a73488,5,BLOCK-513383ed86a73488
SSCP-ca5c6cf4838e8084,MOL-9a98c6c492d4af57,2020_Townsend,AC-78305ee2e743b795,BLOCK-513383ed86a73488,5,BLOCK-513383ed86a73488
SSCP-ca6cabdfdfe59520,MOL-22fb8299bf873e70,2013_CHUGAI,AC-cf95401a5715faa6,BLOCK-5c361cba45039733,7,BLOCK-5c361cba45039733
SSCP-ca6ec54ddc4ea63a,MOL-6c8147e74fb12f0c,2021_Golosov,AC-86cc498249bfbe27,BLOCK-394ff80f01cbc968,2,BLOCK-394ff80f01cbc968
SSCP-ca763f04f3923a72,MOL-5361d6953f348671,2020_Le Roux,AC-b74b4d5565722d16,BLOCK-bb4bcb852b735057,12,BLOCK-bb4bcb852b735057
SSCP-ca775983cd24fa48,MOL-e0bd7ff30617ab68,2020_Townsend,AC-78305ee2e743b795,BLOCK-513383ed86a73488,5,BLOCK-513383ed86a73488
SSCP-ca7cff1676934061,MOL-21f632ae3acbe383,2013_CHUGAI,AC-9915a59ccaa1a737,BLOCK-5c361cba45039733,7,BLOCK-5c361cba45039733
SSCP-ca8822d25fc544f5,MOL-607e92e5baa6120a,2020_Townsend,AC-78305ee2e743b795,BLOCK-513383ed86a73488,5,BLOCK-513383ed86a73488
SSCP-ca94af7e57b0936f,MOL-99e388a81e003549,2020_Townsend,AC-78305ee2e743b795,BLOCK-513383ed86a73488,5,BLOCK-513383ed86a73488
SSCP-ca950d29c47c8513,MOL-600155379abc068c,2020_Townsend,AC-78305ee2e743b795,BLOCK-513383ed86a73488,5,BLOCK-513383ed86a73488
SSCP-ca9a27cf1c70f583,MOL-3ef1ef0dadecc5cc,2015_Ahlbach,AC-361bbb197add489f,BLOCK-513383ed86a73488,5,BLOCK-513383ed86a73488
SSCP-caa0a08020cb47f1,MOL-5f703f01ded079d0,2020_Townsend,AC-78305ee2e743b795,BLOCK-513383ed86a73488,5,BLOCK-513383ed86a73488
SSCP-caa1546ee7b29549,MOL-c6fc52c28741e939,2020_Townsend,AC-78305ee2e743b795,BLOCK-513383ed86a73488,5,BLOCK-513383ed86a73488
SSCP-caa475a232e7d753,MOL-08719dc877a20e3f,2015_Marelli,AC-d4db7476d0e19add,BLOCK-513383ed86a73488,5,BLOCK-513383ed86a73488
SSCP-caa5891945495e9e,MOL-5e842047cc0948cd,2021_Kelly,AC-ac7e5d0036401990,BLOCK-4494eb5738fce47c,3,BLOCK-4494eb5738fce47c
SSCP-caa95ad80e832ca3,MOL-4c06401882ca827c,2020_Townsend,AC-78305ee2e743b795,BLOCK-513383ed86a73488,5,BLOCK-513383ed86a73488
SSCP-cab7d1f9e731fd7d,MOL-c517cfbd540dd339,2021_Kelly,AC-5e5c956882423f52,BLOCK-4494eb5738fce47c,3,BLOCK-4494eb5738fce47c
SSCP-caca384d427ed80b,MOL-1e22da0825701142,2021_Kelly,AC-5e5c956882423f52,BLOCK-4494eb5738fce47c,3,BLOCK-4494eb5738fce47c
SSCP-cad6e2b4eace0fa7,MOL-6fef20d3265d8265,2016_Furukawa,AC-78305ee2e743b795,BLOCK-513383ed86a73488,5,BLOCK-513383ed86a73488
SSCP-caeede47f7872727,MOL-dff1ae78bc803fd0,2020_Townsend,AC-78305ee2e743b795,BLOCK-513383ed86a73488,5,BLOCK-513383ed86a73488
SSCP-cb00cb7fd2bb7c1e,MOL-9df91816da366748,2016_Furukawa,AC-78305ee2e743b795,BLOCK-513383ed86a73488,5,BLOCK-513383ed86a73488
SSCP-cb052b6c2cf53783,MOL-dabaf083e7e95074,2020_Townsend,AC-78305ee2e743b795,BLOCK-513383ed86a73488,5,BLOCK-513383ed86a73488
SSCP-cb066c6b737e8a1c,MOL-ec3892d38ccfcb21,2016_Furukawa,AC-78305ee2e743b795,BLOCK-513383ed86a73488,5,BLOCK-513383ed86a73488
SSCP-cb1a38868fc0df0a,MOL-ff9e1e1a92488d1b,2013_CHUGAI,AC-9915a59ccaa1a737,BLOCK-5c361cba45039733,7,BLOCK-5c361cba45039733
SSCP-cb4fabae73c3c4c8,MOL-cae81a24f55d4c89,2020_Townsend,AC-78305ee2e743b795,BLOCK-513383ed86a73488,5,BLOCK-513383ed86a73488
SSCP-cb515b9c623ed1cc,MOL-53918d29dcd173d6,2013_CHUGAI,AC-cf95401a5715faa6,BLOCK-5c361cba45039733,7,BLOCK-5c361cba45039733
SSCP-cb60406ca5f737c6,MOL-fd7e92b2ac456e2f,2020_Townsend,AC-78305ee2e743b795,BLOCK-513383ed86a73488,5,BLOCK-513383ed86a73488
SSCP-cb66038499634c3e,MOL-b2af4905aaa89fb8,2020_Townsend,AC-78305ee2e743b795,BLOCK-513383ed86a73488,5,BLOCK-513383ed86a73488
SSCP-cb78b3baa4e95618,MOL-a889edc27a9d544c,2016_Furukawa,AC-78305ee2e743b795,BLOCK-513383ed86a73488,5,BLOCK-513383ed86a73488
SSCP-cba1c3d3447695da,MOL-c743d69fd29a1c19,2021_Kelly,AC-5e5c956882423f52,BLOCK-4494eb5738fce47c,3,BLOCK-4494eb5738fce47c
SSCP-cba66654f43dbb2b,MOL-076f08b2c426df6c,2013_CHUGAI,AC-a74784752088f363,BLOCK-5c361cba45039733,7,BLOCK-5c361cba45039733
SSCP-cbab3d93c2908b23,MOL-7bb9a6337b08ce50,2020_Townsend,AC-78305ee2e743b795,BLOCK-513383ed86a73488,5,BLOCK-513383ed86a73488
SSCP-cbb06331ff4de4bd,MOL-a245c4d4a2155669,2020_Townsend,AC-78305ee2e743b795,BLOCK-513383ed86a73488,5,BLOCK-513383ed86a73488
SSCP-cbc75b0909390d7b,MOL-2464317367340abf,2021_Kelly,AC-5e5c956882423f52,BLOCK-4494eb5738fce47c,3,BLOCK-4494eb5738fce47c
SSCP-cbc961c9bbdfa62b,MOL-8f376916194710a8,2021_Kelly,AC-ac7e5d0036401990,BLOCK-4494eb5738fce47c,3,BLOCK-4494eb5738fce47c
SSCP-cbd0e608f795938d,MOL-f9d8e79264cdacf5,2021_Kelly,AC-5e5c956882423f52,BLOCK-4494eb5738fce47c,3,BLOCK-4494eb5738fce47c
SSCP-cbe0f7c29ae2c93f,MOL-f508c327bbb18891,2020_Townsend,AC-78305ee2e743b795,BLOCK-513383ed86a73488,5,BLOCK-513383ed86a73488
SSCP-cbeabcb222986ab4,MOL-76b4b6708a7a09bf,2022_Tamura,AC-d7117a19813028ec,BLOCK-bb889e938c0a001a,13,BLOCK-bb889e938c0a001a
SSCP-cbebd6c7e60f4dac,MOL-d644bdd044ebbb71,2021_Kelly,AC-5e5c956882423f52,BLOCK-4494eb5738fce47c,3,BLOCK-4494eb5738fce47c
SSCP-cc06eabfc6ddeb05,MOL-4eb841e08d2990c5,2013_CHUGAI,AC-9915a59ccaa1a737,BLOCK-5c361cba45039733,7,BLOCK-5c361cba45039733
SSCP-cc074b86d5749ae6,MOL-af90c8719e0986a1,2013_CHUGAI,AC-cf95401a5715faa6,BLOCK-5c361cba45039733,7,BLOCK-5c361cba45039733
SSCP-cc0ba88945572ed3,MOL-4a275d8bd4a6ce26,2024_Faris,AC-e82e3e242d3d320c,BLOCK-c5e520eb3b94ff25,15,BLOCK-c5e520eb3b94ff25
SSCP-cc179fb311a7d60e,MOL-e9043a7628f49fe2,2020_Townsend,AC-78305ee2e743b795,BLOCK-513383ed86a73488,5,BLOCK-513383ed86a73488
SSCP-cc26ef48f34a0fed,MOL-fc0fae21494ad2d8,2016_Furukawa,AC-78305ee2e743b795,BLOCK-513383ed86a73488,5,BLOCK-513383ed86a73488
SSCP-cc28b3d62a5d2486,MOL-b88cf464d7fccdb1,2020_Townsend,AC-78305ee2e743b795,BLOCK-513383ed86a73488,5,BLOCK-513383ed86a73488
SSCP-cc346e808de86953,MOL-f573056018eaa388,2016_Furukawa,AC-78305ee2e743b795,BLOCK-513383ed86a73488,5,BLOCK-513383ed86a73488
SSCP-cc3c7afd0d6342f3,MOL-39ee39b4ebf1e382,2015_Wang,AC-78305ee2e743b795,BLOCK-513383ed86a73488,5,BLOCK-513383ed86a73488
SSCP-cc5daf307b112d37,MOL-e355378f98e238c0,2018_Naylor,AC-78305ee2e743b795,BLOCK-513383ed86a73488,5,BLOCK-513383ed86a73488
SSCP-cc62d840f715f0f7,MOL-7bf82f09823da4ea,2020_Townsend,AC-78305ee2e743b795,BLOCK-513383ed86a73488,5,BLOCK-513383ed86a73488
SSCP-cc70a9396858b94e,MOL-7427477461be36d5,2020_Townsend,AC-78305ee2e743b795,BLOCK-513383ed86a73488,5,BLOCK-513383ed86a73488
SSCP-cc73b9c507e1916e,MOL-3d85c417f4f11844,2020_Townsend,AC-78305ee2e743b795,BLOCK-513383ed86a73488,5,BLOCK-513383ed86a73488
SSCP-cc744f9860a502cd,MOL-c161f8447da9dd69,2020_Townsend,AC-78305ee2e743b795,BLOCK-513383ed86a73488,5,BLOCK-513383ed86a73488
SSCP-cc75e0d3c8bc9f42,MOL-2120cafd2880f7a9,2016_Furukawa,AC-78305ee2e743b795,BLOCK-513383ed86a73488,5,BLOCK-513383ed86a73488
SSCP-cc872a8c247082b4,MOL-b9e39dd97b5bed47,2020_Townsend,AC-78305ee2e743b795,BLOCK-513383ed86a73488,5,BLOCK-513383ed86a73488
SSCP-cc8a319d6c2e2266,MOL-a46df03ebb10df52,2022_Bhardwaj,AC-969caf20c127a641,BLOCK-513383ed86a73488,5,BLOCK-513383ed86a73488
SSCP-cc8a5a6f1d18335b,MOL-f85e0518980b5785,2021_Kelly,AC-5e5c956882423f52,BLOCK-4494eb5738fce47c,3,BLOCK-4494eb5738fce47c
SSCP-cc91bad8966e5d8b,MOL-ae494a37042b94cf,2021_Kelly,AC-5e5c956882423f52,BLOCK-4494eb5738fce47c,3,BLOCK-4494eb5738fce47c
SSCP-cc93e8db88f4c534,MOL-952b9f86f3ac04b4,2021_Kelly,AC-5e5c956882423f52,BLOCK-4494eb5738fce47c,3,BLOCK-4494eb5738fce47c
SSCP-cc948c4c0dbd466e,MOL-65f4fc6a828c6749,2020_Townsend,AC-78305ee2e743b795,BLOCK-513383ed86a73488,5,BLOCK-513383ed86a73488
SSCP-cc99e73783a32f64,MOL-86ef3294e23ba705,2021_Kelly,AC-5e5c956882423f52,BLOCK-4494eb5738fce47c,3,BLOCK-4494eb5738fce47c
SSCP-cc9af3590503955e,MOL-d50b42a733d8c86c,2013_CHUGAI,AC-cf95401a5715faa6,BLOCK-5c361cba45039733,7,BLOCK-5c361cba45039733
SSCP-cc9e759220dae3ca,MOL-eb964c2db91c3db0,2015_Ahlbach,AC-14f40752c4a79783,BLOCK-513383ed86a73488,5,BLOCK-513383ed86a73488
SSCP-cca2f6a662b80b66,MOL-d4a56231e8853f3a,2016_Furukawa,AC-78305ee2e743b795,BLOCK-513383ed86a73488,5,BLOCK-513383ed86a73488
SSCP-ccb04c3c1f40e261,MOL-7bbc6f99d217ebb9,2024_Faris,AC-e82e3e242d3d320c,BLOCK-c5e520eb3b94ff25,15,BLOCK-c5e520eb3b94ff25
SSCP-ccb074e8350e8caf,MOL-0524db50010a7f82,2021_Kelly,AC-5e5c956882423f52,BLOCK-4494eb5738fce47c,3,BLOCK-4494eb5738fce47c
SSCP-ccb6439839db03c6,MOL-8f54aa1d678bccb3,2021_Kelly,AC-5e5c956882423f52,BLOCK-4494eb5738fce47c,3,BLOCK-4494eb5738fce47c
SSCP-cce159f101583e33,MOL-b39ba33ea022bf9e,2016_Furukawa,AC-78305ee2e743b795,BLOCK-513383ed86a73488,5,BLOCK-513383ed86a73488
SSCP-ccedc972691080dc,MOL-1dbbf5a604fa2082,2013_CHUGAI,AC-9915a59ccaa1a737,BLOCK-5c361cba45039733,7,BLOCK-5c361cba45039733
SSCP-ccf697100488e72b,MOL-4c5b90a94ebb0298,2013_CHUGAI,AC-9915a59ccaa1a737,BLOCK-5c361cba45039733,7,BLOCK-5c361cba45039733
SSCP-ccf9052c0f321ca3,MOL-811fdb6d03d6dc1d,2021_Kelly,AC-5e5c956882423f52,BLOCK-4494eb5738fce47c,3,BLOCK-4494eb5738fce47c
SSCP-cd00de4508c006f9,MOL-eba96e060e96d2ed,2021_Kelly,AC-5e5c956882423f52,BLOCK-4494eb5738fce47c,3,BLOCK-4494eb5738fce47c
SSCP-cd060524ba67d533,MOL-3f89fe3d2be1d175,2013_CHUGAI,AC-a924cfb437cd426c,BLOCK-5c361cba45039733,7,BLOCK-5c361cba45039733
SSCP-cd0a8d36fd1c1934,MOL-6d7bc8424973a3b3,2021_Kelly,AC-5e5c956882423f52,BLOCK-4494eb5738fce47c,3,BLOCK-4494eb5738fce47c
SSCP-cd0e5ba5a4026ba8,MOL-35561e8081433098,2020_Townsend,AC-78305ee2e743b795,BLOCK-513383ed86a73488,5,BLOCK-513383ed86a73488
SSCP-cd15c643d90bd611,MOL-4975d8aedcedab5e,2024_Faris,AC-e82e3e242d3d320c,BLOCK-c5e520eb3b94ff25,15,BLOCK-c5e520eb3b94ff25
SSCP-cd1636f7aa50557c,MOL-a001a891db0c57de,2021_Kelly,AC-ac7e5d0036401990,BLOCK-4494eb5738fce47c,3,BLOCK-4494eb5738fce47c
SSCP-cd21bbb2772b1237,MOL-aece7c9bbb863102,2020_Townsend,AC-78305ee2e743b795,BLOCK-513383ed86a73488,5,BLOCK-513383ed86a73488
SSCP-cd22928454ee1f75,MOL-3b6ab9553c167400,2021_Kelly,AC-5e5c956882423f52,BLOCK-4494eb5738fce47c,3,BLOCK-4494eb5738fce47c
SSCP-cd29aff043d24686,MOL-144657874dd181b0,2020_Townsend,AC-78305ee2e743b795,BLOCK-513383ed86a73488,5,BLOCK-513383ed86a73488
SSCP-cd2ccde2be18692c,MOL-ef2731f28faf39cc,2013_CHUGAI,AC-cf95401a5715faa6,BLOCK-5c361cba45039733,7,BLOCK-5c361cba45039733
SSCP-cd3178c2245ad24c,MOL-c1be9acfe3fa49f7,2016_Furukawa,AC-78305ee2e743b795,BLOCK-513383ed86a73488,5,BLOCK-513383ed86a73488
SSCP-cd37e0e738e47018,MOL-99250630ccbb5450,2024_Faris,AC-e82e3e242d3d320c,BLOCK-c5e520eb3b94ff25,15,BLOCK-c5e520eb3b94ff25
SSCP-cd3a0370daa2b653,MOL-1c15b4a5189409c7,2016_Furukawa,AC-78305ee2e743b795,BLOCK-513383ed86a73488,5,BLOCK-513383ed86a73488
SSCP-cd48c9652f92f373,MOL-89110c6ac20b48cb,2020_Townsend,AC-78305ee2e743b795,BLOCK-513383ed86a73488,5,BLOCK-513383ed86a73488
SSCP-cd4a7c9d2e9d3fad,MOL-838a1e4d86966f36,2020_Townsend,AC-78305ee2e743b795,BLOCK-513383ed86a73488,5,BLOCK-513383ed86a73488
SSCP-cd537cf3e34944bb,MOL-f5989cb6fc79799a,2020_Le Roux,AC-b74b4d5565722d16,BLOCK-bb4bcb852b735057,12,BLOCK-bb4bcb852b735057
SSCP-cd55246a348dd677,MOL-4a2b0ca2e704bade,2020_Townsend,AC-78305ee2e743b795,BLOCK-513383ed86a73488,5,BLOCK-513383ed86a73488
SSCP-cd5563f6e9e67a96,MOL-f7cc517c088e6905,2013_CHUGAI,AC-cf95401a5715faa6,BLOCK-5c361cba45039733,7,BLOCK-5c361cba45039733
SSCP-cd8c43039380b6a9,MOL-32b8ece5683a4fcb,2020_Townsend,AC-78305ee2e743b795,BLOCK-513383ed86a73488,5,BLOCK-513383ed86a73488
SSCP-cd8f01e624e3d060,MOL-7529f88115a770b2,2024_Faris,AC-e82e3e242d3d320c,BLOCK-c5e520eb3b94ff25,15,BLOCK-c5e520eb3b94ff25
SSCP-cd98a6746373f57e,MOL-b9f4df5a799607bc,2021_Comeau,AC-b74b4d5565722d16,BLOCK-bb4bcb852b735057,12,BLOCK-bb4bcb852b735057
SSCP-cd9a83476a58887f,MOL-19818f90b6091b87,2022_Lee,AC-4cbd321fd3e6c472,BLOCK-513383ed86a73488,5,BLOCK-513383ed86a73488
SSCP-cdb1298976b3a521,MOL-7c1a1a37726fa440,2013_CHUGAI,AC-cf95401a5715faa6,BLOCK-5c361cba45039733,7,BLOCK-5c361cba45039733
SSCP-cdb8b1fe628ccd39,MOL-0926b9cef072f60f,2020_Townsend,AC-78305ee2e743b795,BLOCK-513383ed86a73488,5,BLOCK-513383ed86a73488
SSCP-cdc9b2a28de4b7b5,MOL-d9d13541c400cb7e,2021_Kelly,AC-5e5c956882423f52,BLOCK-4494eb5738fce47c,3,BLOCK-4494eb5738fce47c
SSCP-ce068aba3f50fa74,MOL-ce40cc926e6fd5e2,2020_Townsend,AC-78305ee2e743b795,BLOCK-513383ed86a73488,5,BLOCK-513383ed86a73488
SSCP-ce0fe6d75684b152,MOL-49c749bf24303a5d,2021_Kelly,AC-5e5c956882423f52,BLOCK-4494eb5738fce47c,3,BLOCK-4494eb5738fce47c
SSCP-ce2351d975a0ab8b,MOL-e366196aaa8330a6,2020_Townsend,AC-78305ee2e743b795,BLOCK-513383ed86a73488,5,BLOCK-513383ed86a73488
SSCP-ce2ced7f013b8614,MOL-6e785a31c7dea653,2013_CHUGAI,AC-9915a59ccaa1a737,BLOCK-5c361cba45039733,7,BLOCK-5c361cba45039733
SSCP-ce362597c8e773f2,MOL-6f9e8b3366bd6179,2020_Townsend,AC-78305ee2e743b795,BLOCK-513383ed86a73488,5,BLOCK-513383ed86a73488
SSCP-ce38d76d95a6d6a4,MOL-eef4d0cad069c647,2020_Townsend,AC-78305ee2e743b795,BLOCK-513383ed86a73488,5,BLOCK-513383ed86a73488
SSCP-ce394e3ac46a744c,MOL-61bb9c9123edbac1,2020_Townsend,AC-78305ee2e743b795,BLOCK-513383ed86a73488,5,BLOCK-513383ed86a73488
SSCP-ce4058358944ba9f,MOL-929c082b7bfa65bd,2021_Kelly,AC-5e5c956882423f52,BLOCK-4494eb5738fce47c,3,BLOCK-4494eb5738fce47c
SSCP-ce4204320efeb1f4,MOL-39a17bd4774c23b6,2016_Furukawa,AC-78305ee2e743b795,BLOCK-513383ed86a73488,5,BLOCK-513383ed86a73488
SSCP-ce490a9f48f7da67,MOL-97ac079b65b26565,2013_CHUGAI,AC-cf95401a5715faa6,BLOCK-5c361cba45039733,7,BLOCK-5c361cba45039733
SSCP-ce506cc3838561bf,MOL-c4516d072215aba9,2020_Townsend,AC-78305ee2e743b795,BLOCK-513383ed86a73488,5,BLOCK-513383ed86a73488
SSCP-ce52f0b17ec0d329,MOL-c1af646f7ef6a1c7,2020_Townsend,AC-78305ee2e743b795,BLOCK-513383ed86a73488,5,BLOCK-513383ed86a73488
SSCP-ce530de17f0d0501,MOL-d94734b7a6c48735,2020_Townsend,AC-78305ee2e743b795,BLOCK-513383ed86a73488,5,BLOCK-513383ed86a73488
SSCP-ce68cfcc91912931,MOL-870a81672b82765c,2021_Kelly,AC-5e5c956882423f52,BLOCK-4494eb5738fce47c,3,BLOCK-4494eb5738fce47c
SSCP-ce79c001ebd07c04,MOL-9bec6b490127b87f,2020_Townsend,AC-78305ee2e743b795,BLOCK-513383ed86a73488,5,BLOCK-513383ed86a73488
SSCP-ce81caae7fdecd66,MOL-ba1d38d699d9dc54,2020_Townsend,AC-78305ee2e743b795,BLOCK-513383ed86a73488,5,BLOCK-513383ed86a73488
SSCP-ce82a654d4c68493,MOL-3fcb4d4e43ac0f4a,2020_Townsend,AC-78305ee2e743b795,BLOCK-513383ed86a73488,5,BLOCK-513383ed86a73488
SSCP-ce97591f15d08dd4,MOL-8f29e6b1bb599d21,2021_Kelly,AC-5e5c956882423f52,BLOCK-4494eb5738fce47c,3,BLOCK-4494eb5738fce47c
SSCP-ce98b8f20bd74114,MOL-36f4b3580bc491ea,2020_Townsend,AC-78305ee2e743b795,BLOCK-513383ed86a73488,5,BLOCK-513383ed86a73488
SSCP-ceb48834e9fc07e0,MOL-f3e737927d1f83e2,2021_Kelly,AC-5e5c956882423f52,BLOCK-4494eb5738fce47c,3,BLOCK-4494eb5738fce47c
SSCP-ceb6c634c1ba25bb,MOL-838d1c2c3324ca4c,2020_Townsend,AC-78305ee2e743b795,BLOCK-513383ed86a73488,5,BLOCK-513383ed86a73488
SSCP-ceca45fad97cd58f,MOL-7f205a6f42910638,2020_Townsend,AC-78305ee2e743b795,BLOCK-513383ed86a73488,5,BLOCK-513383ed86a73488
SSCP-cedf42ab5f24d229,MOL-a3b11aa95401d07c,2020_Townsend,AC-78305ee2e743b795,BLOCK-513383ed86a73488,5,BLOCK-513383ed86a73488
SSCP-ceec933ac1cf23cd,MOL-d31684d486fc2d9f,2013_CHUGAI,AC-cf95401a5715faa6,BLOCK-5c361cba45039733,7,BLOCK-5c361cba45039733
SSCP-cef0e56573fcee9b,MOL-d3bcd296b39f20bd,2020_Townsend,AC-78305ee2e743b795,BLOCK-513383ed86a73488,5,BLOCK-513383ed86a73488
SSCP-cef3b598a2b29235,MOL-9148339a78f32b6e,2013_CHUGAI,AC-9915a59ccaa1a737,BLOCK-5c361cba45039733,7,BLOCK-5c361cba45039733
SSCP-cf07c2cd6b72202e,MOL-aa0fbcca7251a0fb,2021_Kelly,AC-5e5c956882423f52,BLOCK-4494eb5738fce47c,3,BLOCK-4494eb5738fce47c
SSCP-cf13a347357fa078,MOL-6533d4b35f884d10,2020_Townsend,AC-78305ee2e743b795,BLOCK-513383ed86a73488,5,BLOCK-513383ed86a73488
SSCP-cf1a81a86c908278,MOL-4a36c2bbf84555c6,2013_CHUGAI,AC-94f495b3f84f0d59,BLOCK-5c361cba45039733,7,BLOCK-5c361cba45039733
SSCP-cf1ae9aaf69e2117,MOL-2efe6bb0186ec64f,2016_Furukawa,AC-78305ee2e743b795,BLOCK-513383ed86a73488,5,BLOCK-513383ed86a73488
SSCP-cf1c92a8d1b52f27,MOL-906083fb156c1015,2020_Townsend,AC-78305ee2e743b795,BLOCK-513383ed86a73488,5,BLOCK-513383ed86a73488
SSCP-cf22f24cb1f7b215,MOL-adffdf51200c7bbb,2021_Kelly,AC-5e5c956882423f52,BLOCK-4494eb5738fce47c,3,BLOCK-4494eb5738fce47c
SSCP-cf2936badf55c0f7,MOL-77fa350f44ab5a9e,2021_Kelly,AC-5e5c956882423f52,BLOCK-4494eb5738fce47c,3,BLOCK-4494eb5738fce47c
SSCP-cf4296bd71137fed,MOL-5b96cc17c898cf1f,2024_Faris,AC-e82e3e242d3d320c,BLOCK-c5e520eb3b94ff25,15,BLOCK-c5e520eb3b94ff25
SSCP-cf5e24a9fcb294a9,MOL-f5f8eed3fc239b82,2021_Kelly,AC-5e5c956882423f52,BLOCK-4494eb5738fce47c,3,BLOCK-4494eb5738fce47c
SSCP-cf6ec856d94c8217,MOL-c037e1666f36d90b,2020_Townsend,AC-78305ee2e743b795,BLOCK-513383ed86a73488,5,BLOCK-513383ed86a73488
SSCP-cf8ffe91fb45a811,MOL-8192a93141b0153b,2020_Townsend,AC-78305ee2e743b795,BLOCK-513383ed86a73488,5,BLOCK-513383ed86a73488
SSCP-cf9055686eee8e52,MOL-75f2f99a191e2ae1,2020_Townsend,AC-78305ee2e743b795,BLOCK-513383ed86a73488,5,BLOCK-513383ed86a73488
SSCP-cf944b738e0c7d8d,MOL-e9d2537d43139683,2020_Townsend,AC-78305ee2e743b795,BLOCK-513383ed86a73488,5,BLOCK-513383ed86a73488
SSCP-cfa3df1fb4afc816,MOL-ff761810d98ad9f6,2021_Kelly,AC-5e5c956882423f52,BLOCK-4494eb5738fce47c,3,BLOCK-4494eb5738fce47c
SSCP-cfa66e8f9be1aa95,MOL-9f471aaa467b3666,2020_Townsend,AC-78305ee2e743b795,BLOCK-513383ed86a73488,5,BLOCK-513383ed86a73488
SSCP-cfb0d60633dc103d,MOL-066597a0c6426cc0,2020_Townsend,AC-78305ee2e743b795,BLOCK-513383ed86a73488,5,BLOCK-513383ed86a73488
SSCP-cfb4bed7be33b126,MOL-5fe527fd9494db89,2013_CHUGAI,AC-cf95401a5715faa6,BLOCK-5c361cba45039733,7,BLOCK-5c361cba45039733
SSCP-cfb9930b69b9647e,MOL-ba7eae385778f058,2013_CHUGAI,AC-cf95401a5715faa6,BLOCK-5c361cba45039733,7,BLOCK-5c361cba45039733
SSCP-cfc1f28452f9fefa,MOL-048807a38ee8b59b,2020_Townsend,AC-78305ee2e743b795,BLOCK-513383ed86a73488,5,BLOCK-513383ed86a73488
SSCP-cfe3ac012655376c,MOL-07125c29f53128f9,2020_Townsend,AC-78305ee2e743b795,BLOCK-513383ed86a73488,5,BLOCK-513383ed86a73488
SSCP-cfef832e5cf8da3b,MOL-2df62e2de5a8fafa,2020_Townsend,AC-78305ee2e743b795,BLOCK-513383ed86a73488,5,BLOCK-513383ed86a73488
SSCP-cff2f9df5cf593e9,MOL-77911e2d71a69d8d,2021_Kelly,AC-ac7e5d0036401990,BLOCK-4494eb5738fce47c,3,BLOCK-4494eb5738fce47c
SSCP-cffb899966613277,MOL-e1099aacdbf0ba8d,2020_Townsend,AC-78305ee2e743b795,BLOCK-513383ed86a73488,5,BLOCK-513383ed86a73488
SSCP-d003e0223d1c57f5,MOL-550d93a2215c0e5c,2013_CHUGAI,AC-3f44f01ab6e75661,BLOCK-5c361cba45039733,7,BLOCK-5c361cba45039733
SSCP-d00d649680b93c1b,MOL-a5a0a36d8c7329ba,2020_Townsend,AC-78305ee2e743b795,BLOCK-513383ed86a73488,5,BLOCK-513383ed86a73488
SSCP-d014840ae2eb6a13,MOL-e9e25fb9965609d1,2020_Townsend,AC-78305ee2e743b795,BLOCK-513383ed86a73488,5,BLOCK-513383ed86a73488
SSCP-d017958b72c63afb,MOL-596222cac7c614f4,2020_Townsend,AC-78305ee2e743b795,BLOCK-513383ed86a73488,5,BLOCK-513383ed86a73488
SSCP-d02a20b38f7f6957,MOL-766c19830da0361e,2020_Townsend,AC-78305ee2e743b795,BLOCK-513383ed86a73488,5,BLOCK-513383ed86a73488
SSCP-d030c40860d78cf1,MOL-b075715ba0620b50,2021_Kelly,AC-6d3257a2b83e15dc,BLOCK-4494eb5738fce47c,3,BLOCK-4494eb5738fce47c
SSCP-d03d5c5b83575e7f,MOL-a0650b6f1a5e8071,2020_Townsend,AC-78305ee2e743b795,BLOCK-513383ed86a73488,5,BLOCK-513383ed86a73488
SSCP-d041425524c700f6,MOL-0fcb41bfcb028652,2016_Furukawa,AC-78305ee2e743b795,BLOCK-513383ed86a73488,5,BLOCK-513383ed86a73488
SSCP-d045e67df8251311,MOL-eebac617e891a7bd,2016_Furukawa,AC-78305ee2e743b795,BLOCK-513383ed86a73488,5,BLOCK-513383ed86a73488
SSCP-d05ff13723ba08cd,MOL-7a43d89fcc1e5763,2020_Townsend,AC-78305ee2e743b795,BLOCK-513383ed86a73488,5,BLOCK-513383ed86a73488
SSCP-d075d65f7247cda4,MOL-4386d2fd936c5e3b,2020_Townsend,AC-78305ee2e743b795,BLOCK-513383ed86a73488,5,BLOCK-513383ed86a73488
SSCP-d07991a5d5cdfc0e,MOL-1e6a9484e40a16b7,2020_Townsend,AC-78305ee2e743b795,BLOCK-513383ed86a73488,5,BLOCK-513383ed86a73488
SSCP-d0807a39bb21e9b6,MOL-2400dfebec115d21,2020_Townsend,AC-78305ee2e743b795,BLOCK-513383ed86a73488,5,BLOCK-513383ed86a73488
SSCP-d0839d47c2f6acd9,MOL-c69acc80eeec02bb,2020_Townsend,AC-78305ee2e743b795,BLOCK-513383ed86a73488,5,BLOCK-513383ed86a73488
SSCP-d088b2920d13d46d,MOL-108885091a4d8054,2013_CHUGAI,AC-cf95401a5715faa6,BLOCK-5c361cba45039733,7,BLOCK-5c361cba45039733
SSCP-d0925735b1b7d93d,MOL-2af47bc4e91658da,2013_CHUGAI,AC-9915a59ccaa1a737,BLOCK-5c361cba45039733,7,BLOCK-5c361cba45039733
SSCP-d09af572775dced1,MOL-c0724f853711c4d5,2020_Townsend,AC-78305ee2e743b795,BLOCK-513383ed86a73488,5,BLOCK-513383ed86a73488
SSCP-d0ae616a7a00aa19,MOL-6f295ab5f772e8a6,2020_Townsend,AC-78305ee2e743b795,BLOCK-513383ed86a73488,5,BLOCK-513383ed86a73488
SSCP-d0b45d08c883b3c0,MOL-74bdc500b945af9a,2021_Kelly,AC-5e5c956882423f52,BLOCK-4494eb5738fce47c,3,BLOCK-4494eb5738fce47c
SSCP-d0ba4f13b7bf4619,MOL-388e25a0a24ce20e,2006_Rezai_1,AC-78305ee2e743b795,BLOCK-513383ed86a73488,5,BLOCK-513383ed86a73488
SSCP-d0bc18f936d3cda5,MOL-ae8b5822433f31aa,2020_Townsend,AC-78305ee2e743b795,BLOCK-513383ed86a73488,5,BLOCK-513383ed86a73488
SSCP-d0c0c845e285ff6e,MOL-b01bc074b0b8bddb,2015_Wang,AC-0fdfe45bfa2d5783,BLOCK-513383ed86a73488,5,BLOCK-513383ed86a73488
SSCP-d0cbec70fa4de23c,MOL-6ac5ff3e38565284,2020_Townsend,AC-78305ee2e743b795,BLOCK-513383ed86a73488,5,BLOCK-513383ed86a73488
SSCP-d0d70e962ede2339,MOL-13c7671b634edb3f,2020_Townsend,AC-78305ee2e743b795,BLOCK-513383ed86a73488,5,BLOCK-513383ed86a73488
SSCP-d0d7d01c360eed32,MOL-538fec92a0b768b5,2013_CHUGAI,AC-cf95401a5715faa6,BLOCK-5c361cba45039733,7,BLOCK-5c361cba45039733
SSCP-d0f13288c42d4d12,MOL-85007cd63dca01d5,2020_Townsend,AC-78305ee2e743b795,BLOCK-513383ed86a73488,5,BLOCK-513383ed86a73488
SSCP-d0f751b894eaa131,MOL-2047d59390db7eed,2021_Kelly,AC-5e5c956882423f52,BLOCK-4494eb5738fce47c,3,BLOCK-4494eb5738fce47c
SSCP-d0feb6dff4b27fe7,MOL-31583638e2265400,2021_Kelly,AC-5e5c956882423f52,BLOCK-4494eb5738fce47c,3,BLOCK-4494eb5738fce47c
SSCP-d0fed1cb33eb1222,MOL-5b6d82226146be43,2021_Kelly,AC-5e5c956882423f52,BLOCK-4494eb5738fce47c,3,BLOCK-4494eb5738fce47c
SSCP-d10d01bc01f23168,MOL-f638b067dddd4034,2013_CHUGAI,AC-cf95401a5715faa6,BLOCK-5c361cba45039733,7,BLOCK-5c361cba45039733
SSCP-d113477891a24a83,MOL-fe99015bb6033c8f,2024_Faris,AC-e82e3e242d3d320c,BLOCK-c5e520eb3b94ff25,15,BLOCK-c5e520eb3b94ff25
SSCP-d11c5102ddfa31cc,MOL-094189fa47fb857f,2020_Townsend,AC-78305ee2e743b795,BLOCK-513383ed86a73488,5,BLOCK-513383ed86a73488
SSCP-d11d61889e0c9741,MOL-0b3df164cf26314b,2020_Barlow,AC-741ab05286c210ec,BLOCK-8dbd1f0100199b32,10,BLOCK-8dbd1f0100199b32
SSCP-d1467ae0af7ff6ba,MOL-6bbf67c4799cd937,2020_Townsend,AC-78305ee2e743b795,BLOCK-513383ed86a73488,5,BLOCK-513383ed86a73488
SSCP-d14a7568bf97093e,MOL-fbc50c664089dcab,2020_Townsend,AC-78305ee2e743b795,BLOCK-513383ed86a73488,5,BLOCK-513383ed86a73488
SSCP-d14ec9243f20f34d,MOL-1156b5d73e35b6f1,2020_Townsend,AC-78305ee2e743b795,BLOCK-513383ed86a73488,5,BLOCK-513383ed86a73488
SSCP-d1543db864b56947,MOL-cba57c35a8f25253,2022_Taechalertpaisarn,AC-78305ee2e743b795,BLOCK-513383ed86a73488,5,BLOCK-513383ed86a73488
SSCP-d15626d27a5ec3a7,MOL-caf2891ca17f2086,2020_Townsend,AC-78305ee2e743b795,BLOCK-513383ed86a73488,5,BLOCK-513383ed86a73488
SSCP-d158ad9681813dc9,MOL-2516154097f2bfce,2020_Townsend,AC-78305ee2e743b795,BLOCK-513383ed86a73488,5,BLOCK-513383ed86a73488
SSCP-d15ac5913f934e23,MOL-17f3f87590a7a431,2021_Kelly,AC-5e5c956882423f52,BLOCK-4494eb5738fce47c,3,BLOCK-4494eb5738fce47c
SSCP-d15aeb6c74bcc898,MOL-06060faa48839dd9,2021_Kelly,AC-5e5c956882423f52,BLOCK-4494eb5738fce47c,3,BLOCK-4494eb5738fce47c
SSCP-d15e656f6b850480,MOL-2729bfd5305b49df,2021_Kelly,AC-5e5c956882423f52,BLOCK-4494eb5738fce47c,3,BLOCK-4494eb5738fce47c
SSCP-d15f730f106c127e,MOL-6913d3c90a544111,2021_Kelly,AC-5e5c956882423f52,BLOCK-4494eb5738fce47c,3,BLOCK-4494eb5738fce47c
SSCP-d1860e0b89595f79,MOL-588e410f270fc7c4,2021_Kelly,AC-ac7e5d0036401990,BLOCK-4494eb5738fce47c,3,BLOCK-4494eb5738fce47c
SSCP-d19b7dee5c902eaf,MOL-d541f8277aac75ae,2013_CHUGAI,AC-cf95401a5715faa6,BLOCK-5c361cba45039733,7,BLOCK-5c361cba45039733
SSCP-d19b9141f05c10e2,MOL-a2ed1b463309c9eb,2020_Townsend,AC-78305ee2e743b795,BLOCK-513383ed86a73488,5,BLOCK-513383ed86a73488
SSCP-d1a4b15d6a9aa6f0,MOL-85b915148a1b939a,2020_Townsend,AC-78305ee2e743b795,BLOCK-513383ed86a73488,5,BLOCK-513383ed86a73488
SSCP-d1a4b2e1eb19a96d,MOL-015240ba410450ad,2020_Townsend,AC-78305ee2e743b795,BLOCK-513383ed86a73488,5,BLOCK-513383ed86a73488
SSCP-d1dc1f8f5ae52817,MOL-431db2ccf4674692,2013_CHUGAI,AC-52d04d0c27dd28d7,BLOCK-5c361cba45039733,7,BLOCK-5c361cba45039733
SSCP-d1dfd2ec06045df6,MOL-368d1ab770495f9c,2020_Townsend,AC-78305ee2e743b795,BLOCK-513383ed86a73488,5,BLOCK-513383ed86a73488
SSCP-d1f6a23256b161d1,MOL-e47ac4c3039adecd,2024_Faris,AC-e82e3e242d3d320c,BLOCK-c5e520eb3b94ff25,15,BLOCK-c5e520eb3b94ff25
SSCP-d2023095a2b934fd,MOL-62c22dc67c56ba6c,2013_CHUGAI,AC-f967756965d0d865,BLOCK-5c361cba45039733,7,BLOCK-5c361cba45039733
SSCP-d206997ca04705e2,MOL-4a3c17d390f7bd28,2013_CHUGAI,AC-8ff02fa9f937cb75,BLOCK-5c361cba45039733,7,BLOCK-5c361cba45039733
SSCP-d211540c5f8fcd45,MOL-2b96a4a2c21d355f,2015_Marelli,AC-d6f9b585b75c76a3,BLOCK-513383ed86a73488,5,BLOCK-513383ed86a73488
SSCP-d21a87d7fd087395,MOL-878b95489f9a61d4,2020_Townsend,AC-78305ee2e743b795,BLOCK-513383ed86a73488,5,BLOCK-513383ed86a73488
SSCP-d223076a555cb56d,MOL-77d84aa0b81889e2,2016_Furukawa,AC-78305ee2e743b795,BLOCK-513383ed86a73488,5,BLOCK-513383ed86a73488
SSCP-d232e3605c828156,MOL-e0d7eb5091ac04e8,2024_Faris,AC-e82e3e242d3d320c,BLOCK-c5e520eb3b94ff25,15,BLOCK-c5e520eb3b94ff25
SSCP-d272ec737b946b6b,MOL-a884f96711d9f1a7,2013_CHUGAI,AC-eb7a07502141cab6,BLOCK-5c361cba45039733,7,BLOCK-5c361cba45039733
SSCP-d274bb16a7e85226,MOL-c05b3c0eb9002bfc,2016_Furukawa,AC-78305ee2e743b795,BLOCK-513383ed86a73488,5,BLOCK-513383ed86a73488
SSCP-d2831028c4db5975,MOL-242747bf404fea5d,2021_Kelly,AC-5e5c956882423f52,BLOCK-4494eb5738fce47c,3,BLOCK-4494eb5738fce47c
SSCP-d28a655f922fad50,MOL-a2e4a72abb688767,2020_Townsend,AC-78305ee2e743b795,BLOCK-513383ed86a73488,5,BLOCK-513383ed86a73488
SSCP-d2987fbd7a9f67f8,MOL-c923b23207e223f7,2021_Kelly,AC-5e5c956882423f52,BLOCK-4494eb5738fce47c,3,BLOCK-4494eb5738fce47c
SSCP-d29a57755537188f,MOL-6a92586815109590,2021_Kelly,AC-5e5c956882423f52,BLOCK-4494eb5738fce47c,3,BLOCK-4494eb5738fce47c
SSCP-d2a958dbaafcdc73,MOL-21f413f0da1f0d16,2020_Townsend,AC-78305ee2e743b795,BLOCK-513383ed86a73488,5,BLOCK-513383ed86a73488
SSCP-d2b1745a556fca24,MOL-81b10ca4aa1b441c,2021_Golosov,AC-86cc498249bfbe27,BLOCK-394ff80f01cbc968,2,BLOCK-394ff80f01cbc968
SSCP-d2c7d1ecc825f8fb,MOL-81bbacb7a87a9244,2021_Kelly,AC-5e5c956882423f52,BLOCK-4494eb5738fce47c,3,BLOCK-4494eb5738fce47c
SSCP-d2d0e74e6da6e390,MOL-d61e07c8c4db2f87,2016_Furukawa,AC-78305ee2e743b795,BLOCK-513383ed86a73488,5,BLOCK-513383ed86a73488
SSCP-d2d375b7f7cfad8b,MOL-00d187464af34da0,2020_Townsend,AC-78305ee2e743b795,BLOCK-513383ed86a73488,5,BLOCK-513383ed86a73488
SSCP-d2df7795f7788650,MOL-cd92964cc6aa2eae,2013_CHUGAI,AC-555968db9c5ca11a,BLOCK-5c361cba45039733,7,BLOCK-5c361cba45039733
SSCP-d2ec6a688ed3b2b0,MOL-5c2625300702dce3,2015_Wang,AC-78305ee2e743b795,BLOCK-513383ed86a73488,5,BLOCK-513383ed86a73488
SSCP-d2f85e75bf19e84d,MOL-a0a77f3a0d783071,2016_Furukawa,AC-78305ee2e743b795,BLOCK-513383ed86a73488,5,BLOCK-513383ed86a73488
SSCP-d303299a954aad5e,MOL-04625af54ab06349,2020_Townsend,AC-78305ee2e743b795,BLOCK-513383ed86a73488,5,BLOCK-513383ed86a73488
SSCP-d308d1d5a3fe3c50,MOL-c9bffeb2225fa4dc,2020_Townsend,AC-78305ee2e743b795,BLOCK-513383ed86a73488,5,BLOCK-513383ed86a73488
SSCP-d30bf98a74b2727e,MOL-6e93cf64d0566a42,2020_Townsend,AC-78305ee2e743b795,BLOCK-513383ed86a73488,5,BLOCK-513383ed86a73488
SSCP-d30cd321e99aa246,MOL-21e881eda9b2ca6e,2024_Faris,AC-e82e3e242d3d320c,BLOCK-c5e520eb3b94ff25,15,BLOCK-c5e520eb3b94ff25
SSCP-d312bac240ee4ffb,MOL-1a5f97fd847c8cad,2020_Townsend,AC-78305ee2e743b795,BLOCK-513383ed86a73488,5,BLOCK-513383ed86a73488
SSCP-d317a604b008a3b5,MOL-35b0ef74b8c58381,2016_Furukawa,AC-78305ee2e743b795,BLOCK-513383ed86a73488,5,BLOCK-513383ed86a73488
SSCP-d3389bf387eba04c,MOL-5802f07b9f738550,2013_CHUGAI,AC-e67ec5bc1103e5b3,BLOCK-5c361cba45039733,7,BLOCK-5c361cba45039733
SSCP-d33a7d8946b1b14f,MOL-275fb9282b9105d0,2020_Townsend,AC-78305ee2e743b795,BLOCK-513383ed86a73488,5,BLOCK-513383ed86a73488
SSCP-d33aca27900dfaed,MOL-d961bc07c26c2d9a,2021_Kelly,AC-5e5c956882423f52,BLOCK-4494eb5738fce47c,3,BLOCK-4494eb5738fce47c
SSCP-d33f4ad74344b300,MOL-90a9c7d816073421,2020_Townsend,AC-78305ee2e743b795,BLOCK-513383ed86a73488,5,BLOCK-513383ed86a73488
SSCP-d3429216657289db,MOL-99a1fd54ea4121c6,2020_Townsend,AC-78305ee2e743b795,BLOCK-513383ed86a73488,5,BLOCK-513383ed86a73488
SSCP-d3530c33ff3b6fa9,MOL-6ab7dbed3b46e662,2021_Kelly,AC-5e5c956882423f52,BLOCK-4494eb5738fce47c,3,BLOCK-4494eb5738fce47c
SSCP-d35542170d9d289f,MOL-72efaeaaf5d30e89,2015_Wang,AC-bf1ce6f0f0f64140,BLOCK-513383ed86a73488,5,BLOCK-513383ed86a73488
SSCP-d35b6e6d8085936c,MOL-c38f3aeacf03b6ce,2013_CHUGAI,AC-cf95401a5715faa6,BLOCK-5c361cba45039733,7,BLOCK-5c361cba45039733
SSCP-d36090022d2323c3,MOL-7ff6948a583e836f,2016_Furukawa,AC-78305ee2e743b795,BLOCK-513383ed86a73488,5,BLOCK-513383ed86a73488
SSCP-d3674f680a36aa0b,MOL-6fa973f61c323d30,2020_Townsend,AC-78305ee2e743b795,BLOCK-513383ed86a73488,5,BLOCK-513383ed86a73488
SSCP-d376a57fb848ec41,MOL-d8bc33f6848f804a,2013_CHUGAI,AC-cf95401a5715faa6,BLOCK-5c361cba45039733,7,BLOCK-5c361cba45039733
SSCP-d38d630e7812440f,MOL-6a7e05b8a5b6e53d,2021_Kelly,AC-5e5c956882423f52,BLOCK-4494eb5738fce47c,3,BLOCK-4494eb5738fce47c
SSCP-d398c507eba21454,MOL-35f0b6d5df338d6c,2021_Kelly,AC-5e5c956882423f52,BLOCK-4494eb5738fce47c,3,BLOCK-4494eb5738fce47c
SSCP-d39bc6aff636f388,MOL-24efde13fbc1322e,2021_Kelly,AC-5e5c956882423f52,BLOCK-4494eb5738fce47c,3,BLOCK-4494eb5738fce47c
SSCP-d39c06cc1f14ebd6,MOL-284bb7e37ae2f671,2013_CHUGAI,AC-f967756965d0d865,BLOCK-5c361cba45039733,7,BLOCK-5c361cba45039733
SSCP-d3a3ec186fb6bcae,MOL-117003a76a8f2af9,2016_Furukawa,AC-78305ee2e743b795,BLOCK-513383ed86a73488,5,BLOCK-513383ed86a73488
SSCP-d3a6cb24e81544c2,MOL-e48fb7ff4bf62908,2020_Townsend,AC-78305ee2e743b795,BLOCK-513383ed86a73488,5,BLOCK-513383ed86a73488
SSCP-d3b05ca836f6f351,MOL-1a74e702ebf5204a,2016_Furukawa,AC-78305ee2e743b795,BLOCK-513383ed86a73488,5,BLOCK-513383ed86a73488
SSCP-d3b8d4288789d26b,MOL-e6fbcf474887f510,2020_Townsend,AC-78305ee2e743b795,BLOCK-513383ed86a73488,5,BLOCK-513383ed86a73488
SSCP-d3c19aa0ebcbb384,MOL-c6fd29b57dcabcc6,2020_Townsend,AC-78305ee2e743b795,BLOCK-513383ed86a73488,5,BLOCK-513383ed86a73488
SSCP-d3c7b923b4180b37,MOL-023c7bc054e3b562,2024_Koch,AC-e82e3e242d3d320c,BLOCK-c5e520eb3b94ff25,15,BLOCK-c5e520eb3b94ff25
SSCP-d3d6cf3d6fbea1e1,MOL-9efeb82165b00246,2016_Furukawa,AC-78305ee2e743b795,BLOCK-513383ed86a73488,5,BLOCK-513383ed86a73488
SSCP-d3df278ede702e7c,MOL-dfc7f12a88fb4278,2013_CHUGAI,AC-9915a59ccaa1a737,BLOCK-5c361cba45039733,7,BLOCK-5c361cba45039733
SSCP-d3df3c5b6c8f31ac,MOL-31fc31ba49d8c234,2021_Kelly,AC-ac7e5d0036401990,BLOCK-4494eb5738fce47c,3,BLOCK-4494eb5738fce47c
SSCP-d3e37566945a3686,MOL-b8c93a8a7d24faf4,2015_Wang,AC-78305ee2e743b795,BLOCK-513383ed86a73488,5,BLOCK-513383ed86a73488
SSCP-d3eb82401acd84e6,MOL-35a3955e6711e3eb,2020_Townsend,AC-78305ee2e743b795,BLOCK-513383ed86a73488,5,BLOCK-513383ed86a73488
SSCP-d3eee17ea3db8825,MOL-d460f882bf749a7e,2020_Townsend,AC-78305ee2e743b795,BLOCK-513383ed86a73488,5,BLOCK-513383ed86a73488
SSCP-d3fd8faea75b7ca3,MOL-e4c737245a28ce84,2020_Townsend,AC-78305ee2e743b795,BLOCK-513383ed86a73488,5,BLOCK-513383ed86a73488
SSCP-d400eb57cd6f450a,MOL-9a23bbc030299393,2020_Townsend,AC-78305ee2e743b795,BLOCK-513383ed86a73488,5,BLOCK-513383ed86a73488
SSCP-d416715d03ec5213,MOL-f601192154f307cd,2020_Townsend,AC-78305ee2e743b795,BLOCK-513383ed86a73488,5,BLOCK-513383ed86a73488
SSCP-d41897890afc3c87,MOL-a0ac40ff5c4dc485,2019_Ono,AC-78305ee2e743b795,BLOCK-513383ed86a73488,5,BLOCK-513383ed86a73488
SSCP-d456eef0e76cc380,MOL-ba93365f445750aa,2020_Townsend,AC-78305ee2e743b795,BLOCK-513383ed86a73488,5,BLOCK-513383ed86a73488
SSCP-d46297e1a4cc052f,MOL-7c98c89d029e0567,2016_Furukawa,AC-78305ee2e743b795,BLOCK-513383ed86a73488,5,BLOCK-513383ed86a73488
SSCP-d46935afbc6dbb6a,MOL-cda7445568c27fe0,2021_Kelly,AC-5e5c956882423f52,BLOCK-4494eb5738fce47c,3,BLOCK-4494eb5738fce47c
SSCP-d46c23fd2cee76a3,MOL-9364c5e7a4a26e57,2016_Furukawa,AC-78305ee2e743b795,BLOCK-513383ed86a73488,5,BLOCK-513383ed86a73488
SSCP-d473d368fda835a1,MOL-83c7bee847ff1c95,2020_Townsend,AC-78305ee2e743b795,BLOCK-513383ed86a73488,5,BLOCK-513383ed86a73488
SSCP-d47832ff3f00542c,MOL-5165b828a525698d,2016_Furukawa,AC-78305ee2e743b795,BLOCK-513383ed86a73488,5,BLOCK-513383ed86a73488
SSCP-d4a4ce3cedfb51f3,MOL-92e3ef515c1075fc,2016_Furukawa,AC-78305ee2e743b795,BLOCK-513383ed86a73488,5,BLOCK-513383ed86a73488
SSCP-d4ad0f7aaf64eaa5,MOL-ab0ce8e362852cd8,2024_Faris,AC-e82e3e242d3d320c,BLOCK-c5e520eb3b94ff25,15,BLOCK-c5e520eb3b94ff25
SSCP-d4ad67aa75b4f322,MOL-d8e27bdc9811f1fb,2020_Townsend,AC-78305ee2e743b795,BLOCK-513383ed86a73488,5,BLOCK-513383ed86a73488
SSCP-d4b201601d1b4a8b,MOL-264842983560d2c7,2021_Kelly,AC-5e5c956882423f52,BLOCK-4494eb5738fce47c,3,BLOCK-4494eb5738fce47c
SSCP-d4b8c2a9947d8d54,MOL-3108e69e6367aa93,2016_Furukawa,AC-78305ee2e743b795,BLOCK-513383ed86a73488,5,BLOCK-513383ed86a73488
SSCP-d4b90fddc3bb1259,MOL-9dce7ee2411ba32c,2016_Furukawa,AC-78305ee2e743b795,BLOCK-513383ed86a73488,5,BLOCK-513383ed86a73488
SSCP-d4cd2af7f26fa2f9,MOL-752c27c56c63367e,2020_Townsend,AC-78305ee2e743b795,BLOCK-513383ed86a73488,5,BLOCK-513383ed86a73488
SSCP-d4d0de5750618f86,MOL-0088d1f2571cd0de,2013_CHUGAI,AC-6f97a26c99597901,BLOCK-5c361cba45039733,7,BLOCK-5c361cba45039733
SSCP-d4d1adcb63ea92bf,MOL-194e6d69e87be9a0,2021_Kelly,AC-5e5c956882423f52,BLOCK-4494eb5738fce47c,3,BLOCK-4494eb5738fce47c
SSCP-d4d544510d837c1f,MOL-2f1904f489163e3b,2021_Comeau,AC-b74b4d5565722d16,BLOCK-bb4bcb852b735057,12,BLOCK-bb4bcb852b735057
SSCP-d4dd818ec77663d1,MOL-b936fd6d2dd2a90c,2020_Townsend,AC-78305ee2e743b795,BLOCK-513383ed86a73488,5,BLOCK-513383ed86a73488
SSCP-d4e5d82c87b34206,MOL-c33e201c68860da1,2022_Bhardwaj,AC-edd4ab54e20cf0e3,BLOCK-513383ed86a73488,5,BLOCK-513383ed86a73488
SSCP-d4ec024506154fc1,MOL-0aac3648d4f3102d,2016_Furukawa,AC-78305ee2e743b795,BLOCK-513383ed86a73488,5,BLOCK-513383ed86a73488
SSCP-d4f8184284a454d6,MOL-6df35109fa61dbf1,2021_Kelly,AC-5e5c956882423f52,BLOCK-4494eb5738fce47c,3,BLOCK-4494eb5738fce47c
SSCP-d503a61a4962f905,MOL-473b71c06395f43a,2021_Kelly,AC-ac7e5d0036401990,BLOCK-4494eb5738fce47c,3,BLOCK-4494eb5738fce47c
SSCP-d50602d73b6f22cd,MOL-3e4e61914a0d3f75,2024_Faris,AC-e82e3e242d3d320c,BLOCK-c5e520eb3b94ff25,15,BLOCK-c5e520eb3b94ff25
SSCP-d51486d7bfc20c86,MOL-7f96ac3a1b2b7b0b,2015_Marelli,AC-584638180348323f,BLOCK-513383ed86a73488,5,BLOCK-513383ed86a73488
SSCP-d5173d6d4aa6cfc7,MOL-4062f11d60d8c168,2022_Bhardwaj,AC-9ff10b9c798d23a6,BLOCK-513383ed86a73488,5,BLOCK-513383ed86a73488
SSCP-d52112565b08c921,MOL-f56a41e87a6bc4af,2020_Townsend,AC-78305ee2e743b795,BLOCK-513383ed86a73488,5,BLOCK-513383ed86a73488
SSCP-d5215469d28273ab,MOL-6fc745c5b55bd043,2013_CHUGAI,AC-cf95401a5715faa6,BLOCK-5c361cba45039733,7,BLOCK-5c361cba45039733
SSCP-d528019a87bb67c3,MOL-bf1afd5e4cf7fad5,2020_Townsend,AC-78305ee2e743b795,BLOCK-513383ed86a73488,5,BLOCK-513383ed86a73488
SSCP-d5283ccddf8316f7,MOL-5f6659146c71b768,2020_Townsend,AC-78305ee2e743b795,BLOCK-513383ed86a73488,5,BLOCK-513383ed86a73488
SSCP-d52b59d3266bcf20,MOL-f492aba3fa2dd3a8,2020_Townsend,AC-78305ee2e743b795,BLOCK-513383ed86a73488,5,BLOCK-513383ed86a73488
SSCP-d5345030553dfa5e,MOL-8429a662e20ec035,2021_Kelly,AC-5e5c956882423f52,BLOCK-4494eb5738fce47c,3,BLOCK-4494eb5738fce47c
SSCP-d536aa41b9c9785b,MOL-9258dbea9039deb7,2020_Townsend,AC-78305ee2e743b795,BLOCK-513383ed86a73488,5,BLOCK-513383ed86a73488
SSCP-d53fee607b92468d,MOL-bbea235869b6b62c,2020_Townsend,AC-78305ee2e743b795,BLOCK-513383ed86a73488,5,BLOCK-513383ed86a73488
SSCP-d5419e61565db464,MOL-5a8e88d780ddcaba,2021_Kelly,AC-5e5c956882423f52,BLOCK-4494eb5738fce47c,3,BLOCK-4494eb5738fce47c
SSCP-d544cf34020a33f6,MOL-ee893842bb5aee8c,2013_CHUGAI,AC-cf95401a5715faa6,BLOCK-5c361cba45039733,7,BLOCK-5c361cba45039733
SSCP-d547f2376f4b0894,MOL-a7473d9940a4347e,2021_Kelly,AC-5e5c956882423f52,BLOCK-4494eb5738fce47c,3,BLOCK-4494eb5738fce47c
SSCP-d5544a5b140af3f2,MOL-5c3110279daa53e1,2016_Furukawa,AC-78305ee2e743b795,BLOCK-513383ed86a73488,5,BLOCK-513383ed86a73488
SSCP-d554a2a00059f55e,MOL-052449a9845a01e2,2021_Comeau,AC-b74b4d5565722d16,BLOCK-bb4bcb852b735057,12,BLOCK-bb4bcb852b735057
SSCP-d56e18a843f60344,MOL-ccc561c08fcdaf49,2024_Faris,AC-e82e3e242d3d320c,BLOCK-c5e520eb3b94ff25,15,BLOCK-c5e520eb3b94ff25
SSCP-d5747b3b3f59f148,MOL-d0331ffb17bea3c5,2020_Townsend,AC-78305ee2e743b795,BLOCK-513383ed86a73488,5,BLOCK-513383ed86a73488
SSCP-d57a2e9d5ae51526,MOL-79311ca2bb950709,2020_Townsend,AC-78305ee2e743b795,BLOCK-513383ed86a73488,5,BLOCK-513383ed86a73488
SSCP-d57ff1c642d4d0e6,MOL-a648e920873ffe9b,2020_Townsend,AC-78305ee2e743b795,BLOCK-513383ed86a73488,5,BLOCK-513383ed86a73488
SSCP-d5815c8216a2ca81,MOL-6a3368b63005de53,2020_Townsend,AC-78305ee2e743b795,BLOCK-513383ed86a73488,5,BLOCK-513383ed86a73488
SSCP-d59a25cccfc2445e,MOL-3cb6b01c5c26d4b7,2020_Townsend,AC-78305ee2e743b795,BLOCK-513383ed86a73488,5,BLOCK-513383ed86a73488
SSCP-d59d1dded80b90e4,MOL-c05740f741fe29ee,2021_Kelly,AC-5e5c956882423f52,BLOCK-4494eb5738fce47c,3,BLOCK-4494eb5738fce47c
SSCP-d59d53987b840290,MOL-6906fab1c4d99082,2021_Kelly,AC-5e5c956882423f52,BLOCK-4494eb5738fce47c,3,BLOCK-4494eb5738fce47c
SSCP-d5a34693c661ddb2,MOL-b9732320ed6c8e5b,2016_Furukawa,AC-78305ee2e743b795,BLOCK-513383ed86a73488,5,BLOCK-513383ed86a73488
SSCP-d5aa610785f9c823,MOL-a3874dcfa2b0ed7b,2024_Ly,AC-b74b4d5565722d16,BLOCK-bb4bcb852b735057,12,BLOCK-bb4bcb852b735057
SSCP-d5aafb48fe2b9c64,MOL-be8e65f3b121ebdc,2013_CHUGAI,AC-46a7f0b10bd84074,BLOCK-5c361cba45039733,7,BLOCK-5c361cba45039733
SSCP-d5d3814c70bf8316,MOL-d7052170bb19e79f,2013_CHUGAI,AC-cf95401a5715faa6,BLOCK-5c361cba45039733,7,BLOCK-5c361cba45039733
SSCP-d5d475fda03dc575,MOL-02d70fe4cf8576b8,2021_Kelly,AC-5e5c956882423f52,BLOCK-4494eb5738fce47c,3,BLOCK-4494eb5738fce47c
SSCP-d5db8015510911d4,MOL-7909dd9dc05aed1e,2020_Townsend,AC-78305ee2e743b795,BLOCK-513383ed86a73488,5,BLOCK-513383ed86a73488
SSCP-d5dda128d91bcbc0,MOL-72da78cb3e9a8fb2,2021_Kelly,AC-5e5c956882423f52,BLOCK-4494eb5738fce47c,3,BLOCK-4494eb5738fce47c
SSCP-d5df2e59061fec2d,MOL-e8bdf4761ef25ad6,2016_Furukawa,AC-78305ee2e743b795,BLOCK-513383ed86a73488,5,BLOCK-513383ed86a73488
SSCP-d5dfa5fdc833cf0d,MOL-322f71de05b22316,2015_Bockus_2,AC-75c6ac7476f86a1a,BLOCK-ad504a636f9fcddf,11,BLOCK-ad504a636f9fcddf
SSCP-d601f27c1e43a5a9,MOL-98078eb9652224c8,2013_CHUGAI,AC-9915a59ccaa1a737,BLOCK-5c361cba45039733,7,BLOCK-5c361cba45039733
SSCP-d60a63f35f8d812b,MOL-5e6c57bfb1f7dc28,2024_Bergeron,AC-56c4e91809b5e2c6,BLOCK-5930edb067c8c52f,6,BLOCK-5930edb067c8c52f
SSCP-d6129fff676f87b3,MOL-21cfeb6417129d2a,2024_Faris,AC-e82e3e242d3d320c,BLOCK-c5e520eb3b94ff25,15,BLOCK-c5e520eb3b94ff25
SSCP-d61d7ac145eb59a1,MOL-87b2185e5a1603a5,2024_Faris,AC-e82e3e242d3d320c,BLOCK-c5e520eb3b94ff25,15,BLOCK-c5e520eb3b94ff25
SSCP-d64dcff058f5c124,MOL-7f4eac6393e4b3a7,2020_Furukawa,AC-114e657b947b31ec,BLOCK-5f91132e1b252609,9,BLOCK-5f91132e1b252609
SSCP-d674fcc6c5dfb284,MOL-8de183992617bf5c,2013_CHUGAI,AC-cf95401a5715faa6,BLOCK-5c361cba45039733,7,BLOCK-5c361cba45039733
SSCP-d67ca092a418c798,MOL-0622d6d4352bce1b,2020_Townsend,AC-78305ee2e743b795,BLOCK-513383ed86a73488,5,BLOCK-513383ed86a73488
SSCP-d67ff1dd78e3beb6,MOL-9cf9b49b4987a1d0,2020_Townsend,AC-78305ee2e743b795,BLOCK-513383ed86a73488,5,BLOCK-513383ed86a73488
SSCP-d687e0d3f8bcc5a5,MOL-47c23e979e6255ea,2024_Koch,AC-e82e3e242d3d320c,BLOCK-c5e520eb3b94ff25,15,BLOCK-c5e520eb3b94ff25
SSCP-d68c96e242e55771,MOL-8f7b2585a72fff08,2018_Buckton,AC-1681e763c7493b77,BLOCK-c1585d53eda9a867,14,BLOCK-c1585d53eda9a867
SSCP-d69563c6e282ea8c,MOL-a0b10a300f689493,2020_Townsend,AC-78305ee2e743b795,BLOCK-513383ed86a73488,5,BLOCK-513383ed86a73488
SSCP-d6a2a0bdaf935fd4,MOL-96354e422ca60cfe,2020_Townsend,AC-78305ee2e743b795,BLOCK-513383ed86a73488,5,BLOCK-513383ed86a73488
SSCP-d6b77dd701da8a41,MOL-8849df521d725c6f,2020_Furukawa,AC-114e657b947b31ec,BLOCK-5f91132e1b252609,9,BLOCK-5f91132e1b252609
SSCP-d6f52bce0719b7ec,MOL-7e9b4e5972c3eefc,2020_Townsend,AC-78305ee2e743b795,BLOCK-513383ed86a73488,5,BLOCK-513383ed86a73488
SSCP-d72a7a1b8214d794,MOL-413185b51b059818,2020_Townsend,AC-78305ee2e743b795,BLOCK-513383ed86a73488,5,BLOCK-513383ed86a73488
SSCP-d72f9caed86bfa4b,MOL-44d434cbb2d75394,2021_Golosov,AC-86cc498249bfbe27,BLOCK-394ff80f01cbc968,2,BLOCK-394ff80f01cbc968
SSCP-d736fc6c7a097ddf,MOL-a6c4ddc74e305ba0,2021_Kelly,AC-5e5c956882423f52,BLOCK-4494eb5738fce47c,3,BLOCK-4494eb5738fce47c
SSCP-d74d427123223709,MOL-f049157c57fbedb5,2020_Townsend,AC-78305ee2e743b795,BLOCK-513383ed86a73488,5,BLOCK-513383ed86a73488
SSCP-d750d642dc5dad90,MOL-7128630afef7cb3f,2021_Kelly,AC-5e5c956882423f52,BLOCK-4494eb5738fce47c,3,BLOCK-4494eb5738fce47c
SSCP-d7592b14b1f51f9b,MOL-446a812a2ec6b586,2013_CHUGAI,AC-cf95401a5715faa6,BLOCK-5c361cba45039733,7,BLOCK-5c361cba45039733
SSCP-d761719c298af998,MOL-bd2a7be41e637bdd,2016_Furukawa,AC-78305ee2e743b795,BLOCK-513383ed86a73488,5,BLOCK-513383ed86a73488
SSCP-d7622b3cf0d6c6dd,MOL-ad27679d7fe2f16e,2020_Townsend,AC-78305ee2e743b795,BLOCK-513383ed86a73488,5,BLOCK-513383ed86a73488
SSCP-d769f9ce1a281aac,MOL-3b096d70103564f7,2013_CHUGAI,AC-d3a6f8006bc12bed,BLOCK-5c361cba45039733,7,BLOCK-5c361cba45039733
SSCP-d7770381a1e47826,MOL-1e2b2b0b7cb80131,2020_Townsend,AC-78305ee2e743b795,BLOCK-513383ed86a73488,5,BLOCK-513383ed86a73488
SSCP-d77b17cd93809f24,MOL-b7356185f533f4bc,2021_Kelly,AC-5e5c956882423f52,BLOCK-4494eb5738fce47c,3,BLOCK-4494eb5738fce47c
SSCP-d77e5404724fc13d,MOL-1b17eb270e01af6b,2021_Kelly,AC-5e5c956882423f52,BLOCK-4494eb5738fce47c,3,BLOCK-4494eb5738fce47c
SSCP-d787d7e185c04d36,MOL-5ed9ae89a9c4d469,2015_Wang,AC-dad6fe91d27ae303,BLOCK-513383ed86a73488,5,BLOCK-513383ed86a73488
SSCP-d79039f534e73abb,MOL-c66896e6f9ee4402,2015_Wang,AC-78305ee2e743b795,BLOCK-513383ed86a73488,5,BLOCK-513383ed86a73488
SSCP-d791464a346bd00f,MOL-e55dd1eaffb3ce7a,2016_Furukawa,AC-78305ee2e743b795,BLOCK-513383ed86a73488,5,BLOCK-513383ed86a73488
SSCP-d792e3a65797ecad,MOL-2d473e58653b92ed,2016_Furukawa,AC-78305ee2e743b795,BLOCK-513383ed86a73488,5,BLOCK-513383ed86a73488
SSCP-d79574bb1f875ee5,MOL-0a8b72f364e58974,2020_Townsend,AC-78305ee2e743b795,BLOCK-513383ed86a73488,5,BLOCK-513383ed86a73488
SSCP-d795a15dcf5371dc,MOL-8c385d9d35c23017,2021_Kelly,AC-5e5c956882423f52,BLOCK-4494eb5738fce47c,3,BLOCK-4494eb5738fce47c
SSCP-d799a1300cda1d47,MOL-83100cffbe8015f4,2021_Kelly,AC-5e5c956882423f52,BLOCK-4494eb5738fce47c,3,BLOCK-4494eb5738fce47c
SSCP-d79af7d97353dbe1,MOL-43cf4dc19887f836,2013_CHUGAI,AC-77fb0f10ded9ea1e,BLOCK-5c361cba45039733,7,BLOCK-5c361cba45039733
SSCP-d79ba25a7c076b7c,MOL-9bc79d9a7f054718,2020_Townsend,AC-78305ee2e743b795,BLOCK-513383ed86a73488,5,BLOCK-513383ed86a73488
SSCP-d79e2ea776dc5517,MOL-36e7a535a33a9f80,2016_Hickey,AC-caa6a2b0faf1de20,BLOCK-513383ed86a73488,5,BLOCK-513383ed86a73488
SSCP-d7a0a12e5f6358e0,MOL-876c668439e65f11,2020_Townsend,AC-78305ee2e743b795,BLOCK-513383ed86a73488,5,BLOCK-513383ed86a73488
SSCP-d7a413afbbc78d0f,MOL-1219650e93cff7f0,2021_Kelly,AC-5e5c956882423f52,BLOCK-4494eb5738fce47c,3,BLOCK-4494eb5738fce47c
SSCP-d7a6e14ebfce2d50,MOL-9869dd514e03768b,2013_CHUGAI,AC-76364811742e6efe,BLOCK-5c361cba45039733,7,BLOCK-5c361cba45039733
SSCP-d7b6d867bb67ecdb,MOL-779944d5c5af4fe8,2016_Furukawa,AC-78305ee2e743b795,BLOCK-513383ed86a73488,5,BLOCK-513383ed86a73488
SSCP-d7b7618f18de3f0f,MOL-0a8f05878d8e6c91,2013_CHUGAI,AC-9915a59ccaa1a737,BLOCK-5c361cba45039733,7,BLOCK-5c361cba45039733
SSCP-d7bfd391fa29098d,MOL-bb302463b4475f7d,2021_Kelly,AC-5e5c956882423f52,BLOCK-4494eb5738fce47c,3,BLOCK-4494eb5738fce47c
SSCP-d7c21300de02b6e7,MOL-4e578d4436862b95,2013_CHUGAI,AC-cf95401a5715faa6,BLOCK-5c361cba45039733,7,BLOCK-5c361cba45039733
SSCP-d7d7cb6d8ec28b6c,MOL-8ff812b2f6f49b6e,2013_CHUGAI,AC-9915a59ccaa1a737,BLOCK-5c361cba45039733,7,BLOCK-5c361cba45039733
SSCP-d7ef109384ec90f8,MOL-e4ac40f3c6df5615,2018_Naylor,AC-78305ee2e743b795,BLOCK-513383ed86a73488,5,BLOCK-513383ed86a73488
SSCP-d7f34ae4efa7ee52,MOL-37867c0eb28431cb,2021_Kelly,AC-5e5c956882423f52,BLOCK-4494eb5738fce47c,3,BLOCK-4494eb5738fce47c
SSCP-d7f3c8628314f1d4,MOL-0cb03ce6f1265ff3,2021_Kelly,AC-5e5c956882423f52,BLOCK-4494eb5738fce47c,3,BLOCK-4494eb5738fce47c
SSCP-d7f6085ff954d4d1,MOL-79a0cecffa2b2641,2021_Kelly,AC-5e5c956882423f52,BLOCK-4494eb5738fce47c,3,BLOCK-4494eb5738fce47c
SSCP-d80676ef20804d26,MOL-40247cf727a1a4c4,2020_Townsend,AC-78305ee2e743b795,BLOCK-513383ed86a73488,5,BLOCK-513383ed86a73488
SSCP-d80b5131544810e2,MOL-9c7d8b9756d86146,2020_Townsend,AC-78305ee2e743b795,BLOCK-513383ed86a73488,5,BLOCK-513383ed86a73488
SSCP-d8140aa6a6133f64,MOL-8806c2a3c1d90732,2013_CHUGAI,AC-9915a59ccaa1a737,BLOCK-5c361cba45039733,7,BLOCK-5c361cba45039733
SSCP-d82937b81cdc91d1,MOL-0fd660aebdfd429f,2020_Townsend,AC-78305ee2e743b795,BLOCK-513383ed86a73488,5,BLOCK-513383ed86a73488
SSCP-d82cf005da22724f,MOL-bc5681a85de23af6,2013_CHUGAI,AC-9915a59ccaa1a737,BLOCK-5c361cba45039733,7,BLOCK-5c361cba45039733
SSCP-d82e0126b5dff6ea,MOL-95d2e3071e614456,2020_Townsend,AC-78305ee2e743b795,BLOCK-513383ed86a73488,5,BLOCK-513383ed86a73488
SSCP-d83e47bbfa318539,MOL-7b50af8bdac2feeb,2013_CHUGAI,AC-cf95401a5715faa6,BLOCK-5c361cba45039733,7,BLOCK-5c361cba45039733
SSCP-d846c2ef7113a8c9,MOL-4a4a0c4cd21376bb,2018_Kaneda,AC-d7defee51a6f0372,BLOCK-fc0b343dfac9ab9d,18,BLOCK-fc0b343dfac9ab9d
SSCP-d8495ba1d3f09b73,MOL-2092c1cb92b6eb6a,2021_Kelly,AC-5e5c956882423f52,BLOCK-4494eb5738fce47c,3,BLOCK-4494eb5738fce47c
SSCP-d84c46219bb4ed79,MOL-ef4968dc4f0f6d9f,2013_CHUGAI,AC-cf95401a5715faa6,BLOCK-5c361cba45039733,7,BLOCK-5c361cba45039733
SSCP-d8536dd8c15cf72a,MOL-fb9e572b86bd3b16,2020_Townsend,AC-78305ee2e743b795,BLOCK-513383ed86a73488,5,BLOCK-513383ed86a73488
SSCP-d8571dfdae15dccd,MOL-bd284f93f06a0e79,2015_Bockus_2,AC-75c6ac7476f86a1a,BLOCK-ad504a636f9fcddf,11,BLOCK-ad504a636f9fcddf
SSCP-d8583fa3beebf69f,MOL-0bc9eb6e1cce1cac,2020_Townsend,AC-78305ee2e743b795,BLOCK-513383ed86a73488,5,BLOCK-513383ed86a73488
SSCP-d86229d7a0461632,MOL-6e4a4e110861fd59,2020_Townsend,AC-78305ee2e743b795,BLOCK-513383ed86a73488,5,BLOCK-513383ed86a73488
SSCP-d862b1526cd32467,MOL-cea2270b3b66b4d5,2020_Townsend,AC-78305ee2e743b795,BLOCK-513383ed86a73488,5,BLOCK-513383ed86a73488
SSCP-d87cfae958a39961,MOL-6cbb32f5dd4157ec,2024_Faris,AC-e82e3e242d3d320c,BLOCK-c5e520eb3b94ff25,15,BLOCK-c5e520eb3b94ff25
SSCP-d8806c714de06185,MOL-7bb90d3173d69384,2020_Townsend,AC-78305ee2e743b795,BLOCK-513383ed86a73488,5,BLOCK-513383ed86a73488
SSCP-d888cddb31a561dd,MOL-c09c7df5ff524643,2021_Kelly,AC-ac7e5d0036401990,BLOCK-4494eb5738fce47c,3,BLOCK-4494eb5738fce47c
SSCP-d892eae135ccbf6c,MOL-e44524e4816059d9,2013_CHUGAI,AC-cf95401a5715faa6,BLOCK-5c361cba45039733,7,BLOCK-5c361cba45039733
SSCP-d895a6c1fa4a426d,MOL-1bc850e02d59d0be,2024_Faris,AC-e82e3e242d3d320c,BLOCK-c5e520eb3b94ff25,15,BLOCK-c5e520eb3b94ff25
SSCP-d89c76dc99e83a3f,MOL-3d93aa2a3827622c,2016_Furukawa,AC-78305ee2e743b795,BLOCK-513383ed86a73488,5,BLOCK-513383ed86a73488
SSCP-d89e35d44d8ffcc6,MOL-b7c8d0daf1826f05,2020_Townsend,AC-78305ee2e743b795,BLOCK-513383ed86a73488,5,BLOCK-513383ed86a73488
SSCP-d8b4ba1e558eaac8,MOL-cf8ca228dc59e3c7,2016_Furukawa,AC-78305ee2e743b795,BLOCK-513383ed86a73488,5,BLOCK-513383ed86a73488
SSCP-d8baa48c4312bbfb,MOL-600d4c3e1774064e,2016_Furukawa,AC-78305ee2e743b795,BLOCK-513383ed86a73488,5,BLOCK-513383ed86a73488
SSCP-d8ce0780119746c4,MOL-acc9cc0d7a8362d3,2020_Townsend,AC-78305ee2e743b795,BLOCK-513383ed86a73488,5,BLOCK-513383ed86a73488
SSCP-d8e073f9035d604d,MOL-40b5bbc97b3d839d,2013_CHUGAI,AC-9915a59ccaa1a737,BLOCK-5c361cba45039733,7,BLOCK-5c361cba45039733
SSCP-d8ec9431d4191470,MOL-ecb237d844bf8bcb,2020_Furukawa,AC-114e657b947b31ec,BLOCK-5f91132e1b252609,9,BLOCK-5f91132e1b252609
SSCP-d8f88e7944a3d7d0,MOL-f1a91016f31a2ea0,2022_Bhardwaj,AC-111a5828e83bda7f,BLOCK-513383ed86a73488,5,BLOCK-513383ed86a73488
SSCP-d8fb437d78b4509a,MOL-59263140a318c91d,2020_Furukawa,AC-114e657b947b31ec,BLOCK-5f91132e1b252609,9,BLOCK-5f91132e1b252609
SSCP-d9051db0548548b4,MOL-811709dd06d00efc,2020_Townsend,AC-78305ee2e743b795,BLOCK-513383ed86a73488,5,BLOCK-513383ed86a73488
SSCP-d9136674d340a785,MOL-2e397072b6286147,2022_Bhardwaj,AC-5c8d86728fe5c02a,BLOCK-513383ed86a73488,5,BLOCK-513383ed86a73488
SSCP-d916e6b253761cc9,MOL-a1936eb2eedb7f72,2021_Kelly,AC-ac7e5d0036401990,BLOCK-4494eb5738fce47c,3,BLOCK-4494eb5738fce47c
SSCP-d92361deded9a5e7,MOL-885a042cfde2d01d,2020_Townsend,AC-78305ee2e743b795,BLOCK-513383ed86a73488,5,BLOCK-513383ed86a73488
SSCP-d9250cd195b04166,MOL-1456b08ca0e4a214,2020_Townsend,AC-78305ee2e743b795,BLOCK-513383ed86a73488,5,BLOCK-513383ed86a73488
SSCP-d9267b87d85ff09a,MOL-e1adace01d8e85e2,2020_Townsend,AC-78305ee2e743b795,BLOCK-513383ed86a73488,5,BLOCK-513383ed86a73488
SSCP-d92dd04739b1a871,MOL-099085fa027f40c4,2020_Townsend,AC-78305ee2e743b795,BLOCK-513383ed86a73488,5,BLOCK-513383ed86a73488
SSCP-d9344f539477717c,MOL-d70b2c97b3268b0c,2013_CHUGAI,AC-cf95401a5715faa6,BLOCK-5c361cba45039733,7,BLOCK-5c361cba45039733
SSCP-d93a08b2629cb1fb,MOL-dd76a8b7627151d4,2016_Furukawa,AC-78305ee2e743b795,BLOCK-513383ed86a73488,5,BLOCK-513383ed86a73488
SSCP-d93ede118168571d,MOL-564bcb1f1d1003c8,2021_Kelly,AC-5e5c956882423f52,BLOCK-4494eb5738fce47c,3,BLOCK-4494eb5738fce47c
SSCP-d943123af1e58228,MOL-3218004179beed08,2020_Townsend,AC-78305ee2e743b795,BLOCK-513383ed86a73488,5,BLOCK-513383ed86a73488
SSCP-d948e5ef16b3a1cb,MOL-4884358dee8b3feb,2021_Kelly,AC-5e5c956882423f52,BLOCK-4494eb5738fce47c,3,BLOCK-4494eb5738fce47c
SSCP-d94c5a0d3a1fac1e,MOL-eaae33d723b74f4a,2020_Townsend,AC-78305ee2e743b795,BLOCK-513383ed86a73488,5,BLOCK-513383ed86a73488
SSCP-d953117a71926e44,MOL-c14af2b4713a1313,2020_Barlow,AC-741ab05286c210ec,BLOCK-8dbd1f0100199b32,10,BLOCK-8dbd1f0100199b32
SSCP-d954879b82faa1d3,MOL-9fe2f9bb67619f7f,2015_Bockus_1,AC-914f0f8286bc74ae,BLOCK-513383ed86a73488,5,BLOCK-513383ed86a73488
SSCP-d958edbf67173394,MOL-10ed6d9a6517e09c,2024_Faris,AC-e82e3e242d3d320c,BLOCK-c5e520eb3b94ff25,15,BLOCK-c5e520eb3b94ff25
SSCP-d95cd4bf21096b13,MOL-0f8399381c8d7773,2024_Faris,AC-e82e3e242d3d320c,BLOCK-c5e520eb3b94ff25,15,BLOCK-c5e520eb3b94ff25
SSCP-d9670335a6d8e48b,MOL-2f2df548fbc9bd21,2020_Townsend,AC-78305ee2e743b795,BLOCK-513383ed86a73488,5,BLOCK-513383ed86a73488
SSCP-d977594e7de4db4f,MOL-4199aac578a1589d,2020_Townsend,AC-78305ee2e743b795,BLOCK-513383ed86a73488,5,BLOCK-513383ed86a73488
SSCP-d979eacd2f1d3376,MOL-8a3d001318a92a10,2016_Furukawa,AC-78305ee2e743b795,BLOCK-513383ed86a73488,5,BLOCK-513383ed86a73488
SSCP-d97c17ab986d2aac,MOL-a87d9aa6494fa669,2016_Furukawa,AC-78305ee2e743b795,BLOCK-513383ed86a73488,5,BLOCK-513383ed86a73488
SSCP-d97d163137035811,MOL-b8367469c0a92725,2016_Furukawa,AC-78305ee2e743b795,BLOCK-513383ed86a73488,5,BLOCK-513383ed86a73488
SSCP-d97e31cbfcb3ac9e,MOL-6b9a38862112b2d1,2024_Faris,AC-e82e3e242d3d320c,BLOCK-c5e520eb3b94ff25,15,BLOCK-c5e520eb3b94ff25
SSCP-d9855b6bc4d50593,MOL-4c62b6c917be25cd,2013_CHUGAI,AC-cf95401a5715faa6,BLOCK-5c361cba45039733,7,BLOCK-5c361cba45039733
SSCP-d9872a8bbb414e21,MOL-1defd47ab245ad60,2020_Townsend,AC-78305ee2e743b795,BLOCK-513383ed86a73488,5,BLOCK-513383ed86a73488
SSCP-d98d8a06723ce687,MOL-12dca7cd45bdeaff,2020_Townsend,AC-78305ee2e743b795,BLOCK-513383ed86a73488,5,BLOCK-513383ed86a73488
SSCP-d993dcbc6d2fcb4b,MOL-d2ef9bece1926160,2021_Kelly,AC-6d3257a2b83e15dc,BLOCK-4494eb5738fce47c,3,BLOCK-4494eb5738fce47c
SSCP-d9a243f225fcbc09,MOL-d5e2d00d9dcd0214,2021_Kelly,AC-5e5c956882423f52,BLOCK-4494eb5738fce47c,3,BLOCK-4494eb5738fce47c
SSCP-d9b41e52474e6df3,MOL-504521c0884e2c3d,2020_Townsend,AC-78305ee2e743b795,BLOCK-513383ed86a73488,5,BLOCK-513383ed86a73488
SSCP-d9b4b99bb294beba,MOL-a0ea24245897b674,2021_Kelly,AC-5e5c956882423f52,BLOCK-4494eb5738fce47c,3,BLOCK-4494eb5738fce47c
SSCP-d9b4f2713419f088,MOL-24806bd0a85eb98d,2020_Townsend,AC-78305ee2e743b795,BLOCK-513383ed86a73488,5,BLOCK-513383ed86a73488
SSCP-d9b7669f7f4a7b88,MOL-1bf6bc16eef5aa93,2021_Kelly,AC-5e5c956882423f52,BLOCK-4494eb5738fce47c,3,BLOCK-4494eb5738fce47c
SSCP-d9b7f08b53ca4f67,MOL-45f905f093321ab5,2021_Kelly,AC-5e5c956882423f52,BLOCK-4494eb5738fce47c,3,BLOCK-4494eb5738fce47c
SSCP-d9bfe7d5f2cedcc5,MOL-88fc69560237e9e0,2020_Townsend,AC-78305ee2e743b795,BLOCK-513383ed86a73488,5,BLOCK-513383ed86a73488
SSCP-d9c55aa337330b7f,MOL-f2caa4df17f267fa,2020_Townsend,AC-78305ee2e743b795,BLOCK-513383ed86a73488,5,BLOCK-513383ed86a73488
SSCP-d9d2cb2d480fa47b,MOL-7218389043800634,2020_Townsend,AC-78305ee2e743b795,BLOCK-513383ed86a73488,5,BLOCK-513383ed86a73488
SSCP-d9ebcf6ac9c1499f,MOL-bbf25c9191589b37,2021_Kelly,AC-5e5c956882423f52,BLOCK-4494eb5738fce47c,3,BLOCK-4494eb5738fce47c
SSCP-d9eedefe5e98a993,MOL-abb46dfa1d923763,2016_Furukawa,AC-78305ee2e743b795,BLOCK-513383ed86a73488,5,BLOCK-513383ed86a73488
SSCP-d9f2c1f001d7f508,MOL-3750b2917e9f03f1,2020_Townsend,AC-78305ee2e743b795,BLOCK-513383ed86a73488,5,BLOCK-513383ed86a73488
SSCP-d9f6dbb9f2607bfb,MOL-ec91b405afcd4757,2020_Townsend,AC-78305ee2e743b795,BLOCK-513383ed86a73488,5,BLOCK-513383ed86a73488
SSCP-d9fc8f01479f244c,MOL-598ba3e7c2a31529,2018_Naylor,AC-78305ee2e743b795,BLOCK-513383ed86a73488,5,BLOCK-513383ed86a73488
SSCP-da0729bf0dbdf0c2,MOL-af604507819ccb49,2020_Townsend,AC-78305ee2e743b795,BLOCK-513383ed86a73488,5,BLOCK-513383ed86a73488
SSCP-da137a8b0ef1843c,MOL-d058722226e6674c,2020_Le Roux,AC-b74b4d5565722d16,BLOCK-bb4bcb852b735057,12,BLOCK-bb4bcb852b735057
SSCP-da15213e75608f53,MOL-8f6998d76c45bf37,2021_Kelly,AC-5e5c956882423f52,BLOCK-4494eb5738fce47c,3,BLOCK-4494eb5738fce47c
SSCP-da22cad96c7c0f20,MOL-837404f15eeef347,2021_Kelly,AC-5e5c956882423f52,BLOCK-4494eb5738fce47c,3,BLOCK-4494eb5738fce47c
SSCP-da3fe8d6efe6d077,MOL-29ec8723e95f1f9c,2020_Townsend,AC-78305ee2e743b795,BLOCK-513383ed86a73488,5,BLOCK-513383ed86a73488
SSCP-da42af8ae9367688,MOL-b8bf2c83a1ea8696,2024_Faris,AC-e82e3e242d3d320c,BLOCK-c5e520eb3b94ff25,15,BLOCK-c5e520eb3b94ff25
SSCP-da54775fd262a1b2,MOL-29afbdf0744bd9e9,2020_Townsend,AC-78305ee2e743b795,BLOCK-513383ed86a73488,5,BLOCK-513383ed86a73488
SSCP-da5b4234e6c98d51,MOL-0861c3c91cd0e25c,2021_Kelly,AC-5e5c956882423f52,BLOCK-4494eb5738fce47c,3,BLOCK-4494eb5738fce47c
SSCP-da6a57ad201ebf2f,MOL-ee8280ab8bb9033f,2020_Townsend,AC-78305ee2e743b795,BLOCK-513383ed86a73488,5,BLOCK-513383ed86a73488
SSCP-da6b18d11f6b0fc4,MOL-1b5857531740f81c,2020_Townsend,AC-78305ee2e743b795,BLOCK-513383ed86a73488,5,BLOCK-513383ed86a73488
SSCP-da75eafa63b7f95c,MOL-21f782530aa7f1ed,2020_Townsend,AC-78305ee2e743b795,BLOCK-513383ed86a73488,5,BLOCK-513383ed86a73488
SSCP-da857c1f99610617,MOL-3e9ed2ff977ddf72,2021_Comeau,AC-b74b4d5565722d16,BLOCK-bb4bcb852b735057,12,BLOCK-bb4bcb852b735057
SSCP-da92544fc89e48cf,MOL-a35e26ccc046f7fa,2020_Townsend,AC-78305ee2e743b795,BLOCK-513383ed86a73488,5,BLOCK-513383ed86a73488
SSCP-da9d9000221bb503,MOL-49b1e7e16f52e29d,2013_CHUGAI,AC-cf95401a5715faa6,BLOCK-5c361cba45039733,7,BLOCK-5c361cba45039733
SSCP-daa278806acf4a8a,MOL-b7bf75d01d9425fe,2021_Kelly,AC-5e5c956882423f52,BLOCK-4494eb5738fce47c,3,BLOCK-4494eb5738fce47c
SSCP-daacd39df3f4ed35,MOL-60b78be4cc98e522,2020_Townsend,AC-78305ee2e743b795,BLOCK-513383ed86a73488,5,BLOCK-513383ed86a73488
SSCP-daadd723beef45bd,MOL-437a5af34b6364b8,2021_Kelly,AC-ac7e5d0036401990,BLOCK-4494eb5738fce47c,3,BLOCK-4494eb5738fce47c
SSCP-daaed742697fd2c2,MOL-fcbf9825bcd7c479,2021_Kelly,AC-5e5c956882423f52,BLOCK-4494eb5738fce47c,3,BLOCK-4494eb5738fce47c
SSCP-dabcddd29962ce60,MOL-1f9ac9a7b5b695cc,2020_Townsend,AC-78305ee2e743b795,BLOCK-513383ed86a73488,5,BLOCK-513383ed86a73488
SSCP-dabd77691e2b6843,MOL-83d4459955767b49,2020_Townsend,AC-78305ee2e743b795,BLOCK-513383ed86a73488,5,BLOCK-513383ed86a73488
SSCP-dabdb80a9e49d9a3,MOL-971f6aa832d4352f,2020_Townsend,AC-78305ee2e743b795,BLOCK-513383ed86a73488,5,BLOCK-513383ed86a73488
SSCP-dac957df5a0e012a,MOL-9053917e9b6dbfe3,2013_CHUGAI,AC-cf95401a5715faa6,BLOCK-5c361cba45039733,7,BLOCK-5c361cba45039733
SSCP-dacbdf5af305ab65,MOL-c1360487e6304307,2020_Townsend,AC-78305ee2e743b795,BLOCK-513383ed86a73488,5,BLOCK-513383ed86a73488
SSCP-dada03d4832466b0,MOL-fee96209cc9743d4,2016_Furukawa,AC-78305ee2e743b795,BLOCK-513383ed86a73488,5,BLOCK-513383ed86a73488
SSCP-dae45b75d60931ec,MOL-4df55db9fa9ea059,2020_Townsend,AC-78305ee2e743b795,BLOCK-513383ed86a73488,5,BLOCK-513383ed86a73488
SSCP-daecf015d86714dd,MOL-f43a8d4beebe18e7,2021_Kelly,AC-ac7e5d0036401990,BLOCK-4494eb5738fce47c,3,BLOCK-4494eb5738fce47c
SSCP-daf65a3743debcc6,MOL-296ca3c818318268,2021_Kelly,AC-5e5c956882423f52,BLOCK-4494eb5738fce47c,3,BLOCK-4494eb5738fce47c
SSCP-dafc1db328e85b9a,MOL-5e91e8f9e9e64094,2021_Kelly,AC-5e5c956882423f52,BLOCK-4494eb5738fce47c,3,BLOCK-4494eb5738fce47c
SSCP-dafdd950f2e6767f,MOL-e525d140ac9284b6,2013_CHUGAI,AC-cf95401a5715faa6,BLOCK-5c361cba45039733,7,BLOCK-5c361cba45039733
SSCP-db0bef369ab4d68e,MOL-b03f10626df7b685,2021_Kelly,AC-5e5c956882423f52,BLOCK-4494eb5738fce47c,3,BLOCK-4494eb5738fce47c
SSCP-db1c435a154d8365,MOL-b5457e0f12d9f6f1,2021_Kelly,AC-5e5c956882423f52,BLOCK-4494eb5738fce47c,3,BLOCK-4494eb5738fce47c
SSCP-db2815e14cb1495c,MOL-e31d3f382bb01ae5,2020_Townsend,AC-78305ee2e743b795,BLOCK-513383ed86a73488,5,BLOCK-513383ed86a73488
SSCP-db29ca746a625e1e,MOL-ed778004d45a361c,2021_Kelly,AC-5e5c956882423f52,BLOCK-4494eb5738fce47c,3,BLOCK-4494eb5738fce47c
SSCP-db2ee181e2e32d21,MOL-465d7bf78932d220,2013_CHUGAI,AC-cf95401a5715faa6,BLOCK-5c361cba45039733,7,BLOCK-5c361cba45039733
SSCP-db4936d1d825ef34,MOL-7be44e393903bed0,2016_Furukawa,AC-78305ee2e743b795,BLOCK-513383ed86a73488,5,BLOCK-513383ed86a73488
SSCP-db4e2b9235013cb0,MOL-c0c49ffa802311a8,2022_Bhardwaj,AC-e0d18e924c470839,BLOCK-513383ed86a73488,5,BLOCK-513383ed86a73488
SSCP-db56b0c479acfacb,MOL-8523c9686f2c3d50,2021_Kelly,AC-ac7e5d0036401990,BLOCK-4494eb5738fce47c,3,BLOCK-4494eb5738fce47c
SSCP-db5cf29716cfba76,MOL-5f28768d9271948a,2020_Townsend,AC-78305ee2e743b795,BLOCK-513383ed86a73488,5,BLOCK-513383ed86a73488
SSCP-db73c9edb05c2a31,MOL-cdf96189af1e7818,2013_CHUGAI,AC-9915a59ccaa1a737,BLOCK-5c361cba45039733,7,BLOCK-5c361cba45039733
SSCP-db75023fc3cf54c5,MOL-ddeaa17bb392af31,2016_Furukawa,AC-78305ee2e743b795,BLOCK-513383ed86a73488,5,BLOCK-513383ed86a73488
SSCP-db770b7a9fe970db,MOL-60c77912749017c7,2021_Wang,AC-fbc7f1ef462beb7f,BLOCK-d0fe24e9c28856d1,16,BLOCK-d0fe24e9c28856d1
SSCP-db7d6e72c7168ce3,MOL-d59b1244110a36be,2020_Townsend,AC-78305ee2e743b795,BLOCK-513383ed86a73488,5,BLOCK-513383ed86a73488
SSCP-db9b7d7440590e11,MOL-db607fd55eef4eda,2018_Naylor,AC-78305ee2e743b795,BLOCK-513383ed86a73488,5,BLOCK-513383ed86a73488
SSCP-db9d7349a30c9100,MOL-3c21843e96bacc89,2013_CHUGAI,AC-cf95401a5715faa6,BLOCK-5c361cba45039733,7,BLOCK-5c361cba45039733
SSCP-dba0563ad355226d,MOL-ec37307b491b1f58,2013_CHUGAI,AC-cf95401a5715faa6,BLOCK-5c361cba45039733,7,BLOCK-5c361cba45039733
SSCP-dba596e7656e9142,MOL-f45e93eb8e9b60e5,2013_CHUGAI,AC-cf95401a5715faa6,BLOCK-5c361cba45039733,7,BLOCK-5c361cba45039733
SSCP-dbad302442bc7e5a,MOL-c8fdccb28e7b347c,2020_Townsend,AC-78305ee2e743b795,BLOCK-513383ed86a73488,5,BLOCK-513383ed86a73488
SSCP-dbc94e96cebe074e,MOL-6241c66390764286,2020_Townsend,AC-78305ee2e743b795,BLOCK-513383ed86a73488,5,BLOCK-513383ed86a73488
SSCP-dbd9040dc50b70ea,MOL-8cce7a011f86ee02,2020_Townsend,AC-78305ee2e743b795,BLOCK-513383ed86a73488,5,BLOCK-513383ed86a73488
SSCP-dbde31c654fb874f,MOL-7917dce6ef4efb6a,2021_Kelly,AC-5e5c956882423f52,BLOCK-4494eb5738fce47c,3,BLOCK-4494eb5738fce47c
SSCP-dbe0c3c38e7cbfa1,MOL-8d100db11fe17f96,2020_Townsend,AC-78305ee2e743b795,BLOCK-513383ed86a73488,5,BLOCK-513383ed86a73488
SSCP-dbe27ad5a1b9cd18,MOL-66b885e35b60220c,2021_Kelly,AC-5e5c956882423f52,BLOCK-4494eb5738fce47c,3,BLOCK-4494eb5738fce47c
SSCP-dbf4911c3ff0ce26,MOL-c423a530434c477d,2020_Townsend,AC-78305ee2e743b795,BLOCK-513383ed86a73488,5,BLOCK-513383ed86a73488
SSCP-dbffe6a054ee9fca,MOL-6fdc7826c97e8b66,2020_Townsend,AC-78305ee2e743b795,BLOCK-513383ed86a73488,5,BLOCK-513383ed86a73488
SSCP-dc15ec5ec7e18cb2,MOL-3c3ba65a33119325,2021_Kelly,AC-5e5c956882423f52,BLOCK-4494eb5738fce47c,3,BLOCK-4494eb5738fce47c
SSCP-dc164af73761c5d2,MOL-9a0db57d7854f9b7,2020_Townsend,AC-78305ee2e743b795,BLOCK-513383ed86a73488,5,BLOCK-513383ed86a73488
SSCP-dc1b7435b14bcb0d,MOL-5d3ac1b7531b81da,2024_Faris,AC-e82e3e242d3d320c,BLOCK-c5e520eb3b94ff25,15,BLOCK-c5e520eb3b94ff25
SSCP-dc2287bbe9be2120,MOL-6acf6a898cf96407,2020_Furukawa,AC-114e657b947b31ec,BLOCK-5f91132e1b252609,9,BLOCK-5f91132e1b252609
SSCP-dc307feec62a08a5,MOL-cb30bfae812e17ce,2016_Furukawa,AC-78305ee2e743b795,BLOCK-513383ed86a73488,5,BLOCK-513383ed86a73488
SSCP-dc33bf30e0dde2a1,MOL-3880c7e704d21812,2016_Furukawa,AC-78305ee2e743b795,BLOCK-513383ed86a73488,5,BLOCK-513383ed86a73488
SSCP-dc3a172314f87daf,MOL-4b6f082314e5f0ca,2016_Furukawa,AC-78305ee2e743b795,BLOCK-513383ed86a73488,5,BLOCK-513383ed86a73488
SSCP-dc3eaef74a2b00d2,MOL-086d72c2f5ddef7e,2021_Kelly,AC-5e5c956882423f52,BLOCK-4494eb5738fce47c,3,BLOCK-4494eb5738fce47c
SSCP-dc4451decca3aefa,MOL-29f4428d7490ab95,2020_Townsend,AC-78305ee2e743b795,BLOCK-513383ed86a73488,5,BLOCK-513383ed86a73488
SSCP-dc4c1cebc4e43aea,MOL-a035500ea5677ffd,2020_Townsend,AC-78305ee2e743b795,BLOCK-513383ed86a73488,5,BLOCK-513383ed86a73488
SSCP-dc54d618c2af7e07,MOL-74409ff24898f543,2016_Furukawa,AC-78305ee2e743b795,BLOCK-513383ed86a73488,5,BLOCK-513383ed86a73488
SSCP-dc6d81c00012686b,MOL-38d8220a33d02edb,2020_Le Roux,AC-b74b4d5565722d16,BLOCK-bb4bcb852b735057,12,BLOCK-bb4bcb852b735057
SSCP-dc7eec55b61b56a6,MOL-249c6aa0b07da6a0,2020_Townsend,AC-78305ee2e743b795,BLOCK-513383ed86a73488,5,BLOCK-513383ed86a73488
SSCP-dc8f116eb38d5119,MOL-b11632a17a55acd6,2020_Townsend,AC-78305ee2e743b795,BLOCK-513383ed86a73488,5,BLOCK-513383ed86a73488
SSCP-dc9574f6b7517ae6,MOL-a60f7fe222c4ce83,2024_Faris,AC-e82e3e242d3d320c,BLOCK-c5e520eb3b94ff25,15,BLOCK-c5e520eb3b94ff25
SSCP-dc992162f58a3b1b,MOL-732e7824e227dddb,2022_Taechalertpaisarn,AC-78305ee2e743b795,BLOCK-513383ed86a73488,5,BLOCK-513383ed86a73488
SSCP-dca057ebc16a89c2,MOL-5e7cd412e546799d,2006_Rezai_2,AC-e521a6b3b6226405,BLOCK-4acd8e0f532c9eb9,4,BLOCK-4acd8e0f532c9eb9
SSCP-dca3c50e96edde02,MOL-1f979123806ee14b,2020_Townsend,AC-78305ee2e743b795,BLOCK-513383ed86a73488,5,BLOCK-513383ed86a73488
SSCP-dcb096137c7c8840,MOL-46fc3b0babe792ed,2021_Kelly,AC-5e5c956882423f52,BLOCK-4494eb5738fce47c,3,BLOCK-4494eb5738fce47c
SSCP-dcc14b98b1211c00,MOL-41db05f409b481da,2021_Kelly,AC-5e5c956882423f52,BLOCK-4494eb5738fce47c,3,BLOCK-4494eb5738fce47c
SSCP-dcdae5832e6f2fb2,MOL-9989352ed26ed94f,2016_Furukawa,AC-78305ee2e743b795,BLOCK-513383ed86a73488,5,BLOCK-513383ed86a73488
SSCP-dcdb8587837da06c,MOL-58441f768a675dc0,2020_Townsend,AC-78305ee2e743b795,BLOCK-513383ed86a73488,5,BLOCK-513383ed86a73488
SSCP-dcdcfc8788665b45,MOL-e61f14501b42a265,2020_Townsend,AC-78305ee2e743b795,BLOCK-513383ed86a73488,5,BLOCK-513383ed86a73488
SSCP-dce0a238a97a3392,MOL-8dca824ef2f09e38,2021_Kelly,AC-ac7e5d0036401990,BLOCK-4494eb5738fce47c,3,BLOCK-4494eb5738fce47c
SSCP-dce905e2da9a6a2a,MOL-2587f633fe9e6351,2021_Kelly,AC-ac7e5d0036401990,BLOCK-4494eb5738fce47c,3,BLOCK-4494eb5738fce47c
SSCP-dceadcbd3b8476d0,MOL-76a021a36d56d66a,2013_CHUGAI,AC-cf95401a5715faa6,BLOCK-5c361cba45039733,7,BLOCK-5c361cba45039733
SSCP-dcf576a7c9326616,MOL-d3f690c034815660,2020_Townsend,AC-78305ee2e743b795,BLOCK-513383ed86a73488,5,BLOCK-513383ed86a73488
SSCP-dcf84bedddf42ab2,MOL-9a2516c61ea185ac,2020_Townsend,AC-78305ee2e743b795,BLOCK-513383ed86a73488,5,BLOCK-513383ed86a73488
SSCP-dd0035f94e82de17,MOL-5012f29101583c4b,2020_Townsend,AC-78305ee2e743b795,BLOCK-513383ed86a73488,5,BLOCK-513383ed86a73488
SSCP-dd15b8c80e15c790,MOL-b6249d7dd51c463d,2021_Kelly,AC-5e5c956882423f52,BLOCK-4494eb5738fce47c,3,BLOCK-4494eb5738fce47c
SSCP-dd207fee167252fb,MOL-605a7b1cc5903863,2020_Townsend,AC-78305ee2e743b795,BLOCK-513383ed86a73488,5,BLOCK-513383ed86a73488
SSCP-dd2512660cd23c08,MOL-bcebfabd597557e0,2013_CHUGAI,AC-cf95401a5715faa6,BLOCK-5c361cba45039733,7,BLOCK-5c361cba45039733
SSCP-dd321c35b798f106,MOL-b3619555fd151fcd,2020_Townsend,AC-78305ee2e743b795,BLOCK-513383ed86a73488,5,BLOCK-513383ed86a73488
SSCP-dd3c5e4c427acd1b,MOL-db5c16700fcb9973,2020_Townsend,AC-78305ee2e743b795,BLOCK-513383ed86a73488,5,BLOCK-513383ed86a73488
SSCP-dd5e043ad8a2e961,MOL-fa6570fb30cb37cd,2020_Townsend,AC-78305ee2e743b795,BLOCK-513383ed86a73488,5,BLOCK-513383ed86a73488
SSCP-dd6385d03a45b825,MOL-e08430100de4c080,2016_Furukawa,AC-78305ee2e743b795,BLOCK-513383ed86a73488,5,BLOCK-513383ed86a73488
SSCP-dd7010c978a95012,MOL-40b7fd891e95765d,2020_Townsend,AC-78305ee2e743b795,BLOCK-513383ed86a73488,5,BLOCK-513383ed86a73488
SSCP-dd7418f61ad12861,MOL-6ca97adbf110f2e3,2016_Furukawa,AC-78305ee2e743b795,BLOCK-513383ed86a73488,5,BLOCK-513383ed86a73488
SSCP-dd795d7b2874014b,MOL-c48fc30c227af4d2,2020_Townsend,AC-78305ee2e743b795,BLOCK-513383ed86a73488,5,BLOCK-513383ed86a73488
SSCP-dd7ca205b237c93e,MOL-2ebaa5b9aa63b88c,2020_Townsend,AC-78305ee2e743b795,BLOCK-513383ed86a73488,5,BLOCK-513383ed86a73488
SSCP-dd8c18ac42fb7d5d,MOL-e5b96d86442dd4d0,2020_Furukawa,AC-114e657b947b31ec,BLOCK-5f91132e1b252609,9,BLOCK-5f91132e1b252609
SSCP-dd8ddd7321a64ad1,MOL-1fe7d4c1cc23a77a,2020_Townsend,AC-78305ee2e743b795,BLOCK-513383ed86a73488,5,BLOCK-513383ed86a73488
SSCP-dd8ec10f3cf52a47,MOL-805b1a049f7c1774,2020_Townsend,AC-78305ee2e743b795,BLOCK-513383ed86a73488,5,BLOCK-513383ed86a73488
SSCP-dd8f6af0e1a4bea7,MOL-1ea976fe90052917,2021_Kelly,AC-5e5c956882423f52,BLOCK-4494eb5738fce47c,3,BLOCK-4494eb5738fce47c
SSCP-dd9143de6f8523ac,MOL-a2b32647a424509a,2020_Townsend,AC-78305ee2e743b795,BLOCK-513383ed86a73488,5,BLOCK-513383ed86a73488
SSCP-dd920214093718d7,MOL-92da76fbef3c0b30,2024_Faris,AC-e82e3e242d3d320c,BLOCK-c5e520eb3b94ff25,15,BLOCK-c5e520eb3b94ff25
SSCP-dd93c73e88d5b5ab,MOL-d78b7658f5d3332f,2020_Townsend,AC-78305ee2e743b795,BLOCK-513383ed86a73488,5,BLOCK-513383ed86a73488
SSCP-dd9c2bfda3dd8659,MOL-a94b6184fdb2f3ba,2021_Kelly,AC-5e5c956882423f52,BLOCK-4494eb5738fce47c,3,BLOCK-4494eb5738fce47c
SSCP-dd9fd504e8d10ed1,MOL-989d7c737c314d00,2020_Townsend,AC-78305ee2e743b795,BLOCK-513383ed86a73488,5,BLOCK-513383ed86a73488
SSCP-ddae6950ee46c9c7,MOL-0a8b7f49ca5e1ca3,2022_Bhardwaj,AC-eac5eab33701d9c6,BLOCK-513383ed86a73488,5,BLOCK-513383ed86a73488
SSCP-ddb5d76b729cc5aa,MOL-38386fb76c0818a6,2013_CHUGAI,AC-cf95401a5715faa6,BLOCK-5c361cba45039733,7,BLOCK-5c361cba45039733
SSCP-ddbe180cb70a2290,MOL-ec125ae93fc70132,2021_Comeau,AC-b74b4d5565722d16,BLOCK-bb4bcb852b735057,12,BLOCK-bb4bcb852b735057
SSCP-ddd66a699f7042f5,MOL-da3734bcb6645367,2020_Townsend,AC-78305ee2e743b795,BLOCK-513383ed86a73488,5,BLOCK-513383ed86a73488
SSCP-ddd68bb1b9bbb400,MOL-8e55f970d905376a,2020_Townsend,AC-78305ee2e743b795,BLOCK-513383ed86a73488,5,BLOCK-513383ed86a73488
SSCP-dde5d9a5ccdd9275,MOL-6eb176b401964c73,2020_Townsend,AC-78305ee2e743b795,BLOCK-513383ed86a73488,5,BLOCK-513383ed86a73488
SSCP-ddee6e27d1d3c29c,MOL-2cb8651052573dae,2018_Naylor,AC-dceba6004ee9f160,BLOCK-513383ed86a73488,5,BLOCK-513383ed86a73488
SSCP-ddfa04f1449b6ccf,MOL-6c54ec29ee262cbe,2021_Kelly,AC-5e5c956882423f52,BLOCK-4494eb5738fce47c,3,BLOCK-4494eb5738fce47c
SSCP-de0681ef8b59e761,MOL-ca4e7097afb28ce3,2024_Faris,AC-e82e3e242d3d320c,BLOCK-c5e520eb3b94ff25,15,BLOCK-c5e520eb3b94ff25
SSCP-de0eebf3f53b0825,MOL-b439ab138a7075aa,2018_Naylor,AC-78305ee2e743b795,BLOCK-513383ed86a73488,5,BLOCK-513383ed86a73488
SSCP-de1f6c87af74d623,MOL-479e291fb39424d8,2020_Townsend,AC-78305ee2e743b795,BLOCK-513383ed86a73488,5,BLOCK-513383ed86a73488
SSCP-de2d7cad4735fb0e,MOL-b0e480ab651d2e3c,2021_Kelly,AC-ac7e5d0036401990,BLOCK-4494eb5738fce47c,3,BLOCK-4494eb5738fce47c
SSCP-de2e08c17abc8756,MOL-585fef6290e60679,2022_Bhardwaj,AC-6d838849b011fe67,BLOCK-513383ed86a73488,5,BLOCK-513383ed86a73488
SSCP-de31a732a73409a4,MOL-7ec46bc10ec5d4d7,2013_CHUGAI,AC-9915a59ccaa1a737,BLOCK-5c361cba45039733,7,BLOCK-5c361cba45039733
SSCP-de383dd1189c771c,MOL-37f36f495e6f8773,2020_Townsend,AC-78305ee2e743b795,BLOCK-513383ed86a73488,5,BLOCK-513383ed86a73488
SSCP-de3898c4944cb385,MOL-48fb0f40be1373b3,2020_Townsend,AC-78305ee2e743b795,BLOCK-513383ed86a73488,5,BLOCK-513383ed86a73488
SSCP-de419e2feb06931c,MOL-8f5126d392608266,2020_Townsend,AC-78305ee2e743b795,BLOCK-513383ed86a73488,5,BLOCK-513383ed86a73488
SSCP-de41e6b2614386ad,MOL-e9fdc0071eb7713e,2021_Kelly,AC-5e5c956882423f52,BLOCK-4494eb5738fce47c,3,BLOCK-4494eb5738fce47c
SSCP-de4a208153472dc8,MOL-469f108e82e2ed89,2013_CHUGAI,AC-fc76278bdc272ec6,BLOCK-5c361cba45039733,7,BLOCK-5c361cba45039733
SSCP-de4f0d72f7ff2508,MOL-abface081d0a2e81,2016_Hickey,AC-c252bb56833af5f3,BLOCK-513383ed86a73488,5,BLOCK-513383ed86a73488
SSCP-de4fc0040ca0a855,MOL-764aa6f7d194dcd2,2020_Townsend,AC-78305ee2e743b795,BLOCK-513383ed86a73488,5,BLOCK-513383ed86a73488
SSCP-de58d9fbe9d076ec,MOL-735e62ebb04b95c9,2020_Townsend,AC-78305ee2e743b795,BLOCK-513383ed86a73488,5,BLOCK-513383ed86a73488
SSCP-de5ab7194ac16cbb,MOL-7e5f6a3801b66cd2,2020_Townsend,AC-78305ee2e743b795,BLOCK-513383ed86a73488,5,BLOCK-513383ed86a73488
SSCP-de658e974fafd528,MOL-0b4875e34c47700b,2020_Townsend,AC-78305ee2e743b795,BLOCK-513383ed86a73488,5,BLOCK-513383ed86a73488
SSCP-de6a28699399b614,MOL-7641e2b97f4f0318,2021_Kelly,AC-5e5c956882423f52,BLOCK-4494eb5738fce47c,3,BLOCK-4494eb5738fce47c
SSCP-de6ac8f50184be60,MOL-ec90b00573e82045,2020_Townsend,AC-78305ee2e743b795,BLOCK-513383ed86a73488,5,BLOCK-513383ed86a73488
SSCP-de792fe317a6ab5d,MOL-cb57c00cacb88f09,2020_Townsend,AC-78305ee2e743b795,BLOCK-513383ed86a73488,5,BLOCK-513383ed86a73488
SSCP-de8631f27b8b85c6,MOL-8e4ee7df148b2b0a,2020_Townsend,AC-78305ee2e743b795,BLOCK-513383ed86a73488,5,BLOCK-513383ed86a73488
SSCP-de8aeb38de7fbe56,MOL-af4a9db9da6db8ff,2020_Townsend,AC-78305ee2e743b795,BLOCK-513383ed86a73488,5,BLOCK-513383ed86a73488
SSCP-de98a10099d87488,MOL-6266f3d9e44c8423,2020_Townsend,AC-78305ee2e743b795,BLOCK-513383ed86a73488,5,BLOCK-513383ed86a73488
SSCP-debd807e797fb696,MOL-5215bbd189637c77,2021_Kelly,AC-ac7e5d0036401990,BLOCK-4494eb5738fce47c,3,BLOCK-4494eb5738fce47c
SSCP-dec9896ef1a9d434,MOL-2ed374a6a44735f0,2020_Townsend,AC-78305ee2e743b795,BLOCK-513383ed86a73488,5,BLOCK-513383ed86a73488
SSCP-deccef4f6e01c5db,MOL-c69c4b4d9c633db4,2020_Townsend,AC-78305ee2e743b795,BLOCK-513383ed86a73488,5,BLOCK-513383ed86a73488
SSCP-ded086162e58d146,MOL-dc27f8e3280f1b7e,2020_Townsend,AC-78305ee2e743b795,BLOCK-513383ed86a73488,5,BLOCK-513383ed86a73488
SSCP-ded3f01ecffd53d1,MOL-ac7b9d07da1db39c,2020_Townsend,AC-78305ee2e743b795,BLOCK-513383ed86a73488,5,BLOCK-513383ed86a73488
SSCP-deff5c323f028ad9,MOL-ae1512370d03be8d,2020_Townsend,AC-78305ee2e743b795,BLOCK-513383ed86a73488,5,BLOCK-513383ed86a73488
SSCP-df031cec4c8ea02d,MOL-7d99fe3fe7f1de76,2024_Faris,AC-e82e3e242d3d320c,BLOCK-c5e520eb3b94ff25,15,BLOCK-c5e520eb3b94ff25
SSCP-df0ac5d63c9ecfd7,MOL-ce182470a743d215,2015_Wang,AC-78305ee2e743b795,BLOCK-513383ed86a73488,5,BLOCK-513383ed86a73488
SSCP-df0f7069fcda8166,MOL-74a1459632f8f3c2,2021_Kelly,AC-ac7e5d0036401990,BLOCK-4494eb5738fce47c,3,BLOCK-4494eb5738fce47c
SSCP-df130d19edf4a12a,MOL-1b41eb45290f3183,2021_Kelly,AC-5e5c956882423f52,BLOCK-4494eb5738fce47c,3,BLOCK-4494eb5738fce47c
SSCP-df1551d92452d376,MOL-41f5ae616070fd72,2022_Bhardwaj,AC-7765e9e93401e23d,BLOCK-513383ed86a73488,5,BLOCK-513383ed86a73488
SSCP-df1f6f1bad927f6a,MOL-e0a17ccb7c9f88e6,2021_Kelly,AC-5e5c956882423f52,BLOCK-4494eb5738fce47c,3,BLOCK-4494eb5738fce47c
SSCP-df2d2d330c059884,MOL-55c05358c2f90a2e,2013_CHUGAI,AC-cf95401a5715faa6,BLOCK-5c361cba45039733,7,BLOCK-5c361cba45039733
SSCP-df3520251dcfcd0f,MOL-9fb7a8725e55414f,2020_Townsend,AC-78305ee2e743b795,BLOCK-513383ed86a73488,5,BLOCK-513383ed86a73488
SSCP-df3a2e9f1bcdd426,MOL-b3b87d4ed8014c9c,2020_Townsend,AC-78305ee2e743b795,BLOCK-513383ed86a73488,5,BLOCK-513383ed86a73488
SSCP-df3d2851bf05a706,MOL-8e645dae905125a1,2020_Townsend,AC-78305ee2e743b795,BLOCK-513383ed86a73488,5,BLOCK-513383ed86a73488
SSCP-df42b46d8cacff77,MOL-2a0be44d20c44b4b,2016_Furukawa,AC-78305ee2e743b795,BLOCK-513383ed86a73488,5,BLOCK-513383ed86a73488
SSCP-df442c0b3c3d9e77,MOL-3a7ed900f1dcd9b6,2020_Townsend,AC-78305ee2e743b795,BLOCK-513383ed86a73488,5,BLOCK-513383ed86a73488
SSCP-df49d83e0e0e7a69,MOL-c8d746beb7c4a2f3,2018_Naylor,AC-78305ee2e743b795,BLOCK-513383ed86a73488,5,BLOCK-513383ed86a73488
SSCP-df51e7d2b9f060c7,MOL-6f09a3bf03692c16,2021_Kelly,AC-5e5c956882423f52,BLOCK-4494eb5738fce47c,3,BLOCK-4494eb5738fce47c
SSCP-df68ea599fb936bd,MOL-865881d5347bde80,2016_Hickey,AC-c252bb56833af5f3,BLOCK-513383ed86a73488,5,BLOCK-513383ed86a73488
SSCP-df72aa1293946345,MOL-4a52a1cee6404b94,2020_Townsend,AC-78305ee2e743b795,BLOCK-513383ed86a73488,5,BLOCK-513383ed86a73488
SSCP-df7f01cb45e4597e,MOL-1ee08c75cb57138d,2020_Townsend,AC-78305ee2e743b795,BLOCK-513383ed86a73488,5,BLOCK-513383ed86a73488
SSCP-df81fd6ba9a84885,MOL-4e9f80d671fb3936,2021_Kelly,AC-ac7e5d0036401990,BLOCK-4494eb5738fce47c,3,BLOCK-4494eb5738fce47c
SSCP-df945fa5079ffa1f,MOL-6647341b639bf322,2021_Kelly,AC-5e5c956882423f52,BLOCK-4494eb5738fce47c,3,BLOCK-4494eb5738fce47c
SSCP-df965a628c960699,MOL-c259a4fabaa06af8,2013_CHUGAI,AC-9915a59ccaa1a737,BLOCK-5c361cba45039733,7,BLOCK-5c361cba45039733
SSCP-df97298d510771f9,MOL-4b6e5bea25194952,2021_Kelly,AC-ac7e5d0036401990,BLOCK-4494eb5738fce47c,3,BLOCK-4494eb5738fce47c
SSCP-df9cd44eb978d25d,MOL-6f63840129f3160b,2020_Townsend,AC-78305ee2e743b795,BLOCK-513383ed86a73488,5,BLOCK-513383ed86a73488
SSCP-dfa08fa7f69880d3,MOL-d919fde6d42c567b,2020_Townsend,AC-78305ee2e743b795,BLOCK-513383ed86a73488,5,BLOCK-513383ed86a73488
SSCP-dfb740e78e817221,MOL-96875ddf13a08daf,2020_Townsend,AC-78305ee2e743b795,BLOCK-513383ed86a73488,5,BLOCK-513383ed86a73488
SSCP-dfc3b6974f8c41ca,MOL-d3df64b3da15b61e,2015_Bockus_1,AC-78305ee2e743b795,BLOCK-513383ed86a73488,5,BLOCK-513383ed86a73488
SSCP-dfc520db39fa9cd5,MOL-964a58ea022478d6,2020_Townsend,AC-78305ee2e743b795,BLOCK-513383ed86a73488,5,BLOCK-513383ed86a73488
SSCP-dfdc688f7aca9e79,MOL-ed8de8d6acdd6aa0,2020_Townsend,AC-78305ee2e743b795,BLOCK-513383ed86a73488,5,BLOCK-513383ed86a73488
SSCP-dfdc9002404f68c1,MOL-736fab4a3cf13804,2021_Kelly,AC-ac7e5d0036401990,BLOCK-4494eb5738fce47c,3,BLOCK-4494eb5738fce47c
SSCP-dfddb0bed62f6c98,MOL-7bc1dc562c099125,2021_Kelly,AC-5e5c956882423f52,BLOCK-4494eb5738fce47c,3,BLOCK-4494eb5738fce47c
SSCP-dfe565870a857192,MOL-86902b66658d9f1c,2013_CHUGAI,AC-cf95401a5715faa6,BLOCK-5c361cba45039733,7,BLOCK-5c361cba45039733
SSCP-dff35e0820941fe0,MOL-f1af8d3f3a556215,2021_Kelly,AC-5e5c956882423f52,BLOCK-4494eb5738fce47c,3,BLOCK-4494eb5738fce47c
SSCP-dffaa5501840e570,MOL-6d5391bef4fbf24b,2020_Townsend,AC-78305ee2e743b795,BLOCK-513383ed86a73488,5,BLOCK-513383ed86a73488
SSCP-e00da93fbb394177,MOL-a36061742b2cad31,2016_Frost,AC-78305ee2e743b795,BLOCK-513383ed86a73488,5,BLOCK-513383ed86a73488
SSCP-e0146caefaa58336,MOL-e2d3f413ce7b4c6d,2021_Kelly,AC-5e5c956882423f52,BLOCK-4494eb5738fce47c,3,BLOCK-4494eb5738fce47c
SSCP-e02f04d850a1f525,MOL-b93e106ccd91dcdc,2020_Townsend,AC-78305ee2e743b795,BLOCK-513383ed86a73488,5,BLOCK-513383ed86a73488
SSCP-e02f5b40582d518f,MOL-0a67b9cdcc1bf6fd,2021_Kelly,AC-5e5c956882423f52,BLOCK-4494eb5738fce47c,3,BLOCK-4494eb5738fce47c
SSCP-e035d43e32a59bb3,MOL-e9fad7ce2e85b25c,2021_Kelly,AC-5e5c956882423f52,BLOCK-4494eb5738fce47c,3,BLOCK-4494eb5738fce47c
SSCP-e03872d0c826f5f8,MOL-51107b9d5bd77198,2020_Townsend,AC-78305ee2e743b795,BLOCK-513383ed86a73488,5,BLOCK-513383ed86a73488
SSCP-e03bb6caca463d34,MOL-cdc55f4dd4314294,2020_Townsend,AC-78305ee2e743b795,BLOCK-513383ed86a73488,5,BLOCK-513383ed86a73488
SSCP-e03ccafb022beba0,MOL-e80ba157252652eb,2013_CHUGAI,AC-cf95401a5715faa6,BLOCK-5c361cba45039733,7,BLOCK-5c361cba45039733
SSCP-e03ecdcba3ca10cc,MOL-947d49c36e805cae,2021_Kelly,AC-5e5c956882423f52,BLOCK-4494eb5738fce47c,3,BLOCK-4494eb5738fce47c
SSCP-e0484f9c4141174e,MOL-b2bb4065a5e02ccb,2013_CHUGAI,AC-9915a59ccaa1a737,BLOCK-5c361cba45039733,7,BLOCK-5c361cba45039733
SSCP-e04b7e5cc4473a03,MOL-249eb149aa8f544e,2013_CHUGAI,AC-cf95401a5715faa6,BLOCK-5c361cba45039733,7,BLOCK-5c361cba45039733
SSCP-e04ff6cf9bf0883f,MOL-a702aabf9ee4fc2d,2023_Ghosh,AC-78305ee2e743b795,BLOCK-513383ed86a73488,5,BLOCK-513383ed86a73488
SSCP-e0677ab16778bb74,MOL-e1cf99e8e8d4f42c,2020_Townsend,AC-78305ee2e743b795,BLOCK-513383ed86a73488,5,BLOCK-513383ed86a73488
SSCP-e06e4a17daec1de8,MOL-f647bbe97c610eed,2020_Townsend,AC-78305ee2e743b795,BLOCK-513383ed86a73488,5,BLOCK-513383ed86a73488
SSCP-e07c35039fb62cf1,MOL-7967a37b7be3164f,2020_Townsend,AC-78305ee2e743b795,BLOCK-513383ed86a73488,5,BLOCK-513383ed86a73488
SSCP-e07d150e73aae5c8,MOL-4d860777bdc8bd03,2021_Kelly,AC-5e5c956882423f52,BLOCK-4494eb5738fce47c,3,BLOCK-4494eb5738fce47c
SSCP-e07ddad74fe9f1f6,MOL-302d9b3b208195ed,2021_Kelly,AC-5e5c956882423f52,BLOCK-4494eb5738fce47c,3,BLOCK-4494eb5738fce47c
SSCP-e086e445ca95e941,MOL-63618633981206be,2013_CHUGAI,AC-cf95401a5715faa6,BLOCK-5c361cba45039733,7,BLOCK-5c361cba45039733
SSCP-e0967d3ecc24d649,MOL-d4b7d3512214ace5,2020_Townsend,AC-78305ee2e743b795,BLOCK-513383ed86a73488,5,BLOCK-513383ed86a73488
SSCP-e09eddfde876c6f9,MOL-6ee54dfce9b635ee,2016_Hickey,AC-c252bb56833af5f3,BLOCK-513383ed86a73488,5,BLOCK-513383ed86a73488
SSCP-e0a37bf253eeb79b,MOL-bce2576d20007579,2020_Townsend,AC-78305ee2e743b795,BLOCK-513383ed86a73488,5,BLOCK-513383ed86a73488
SSCP-e0aa02c7aefbb7b3,MOL-881ea6db2d85206f,2020_Townsend,AC-78305ee2e743b795,BLOCK-513383ed86a73488,5,BLOCK-513383ed86a73488
SSCP-e0c0c9a7c316729a,MOL-cc60526b940b10ed,2022_Bhardwaj,AC-21460f855e7a7c8f,BLOCK-513383ed86a73488,5,BLOCK-513383ed86a73488
SSCP-e0e263319e9d2704,MOL-bfa303b8eec30dc5,2020_Townsend,AC-78305ee2e743b795,BLOCK-513383ed86a73488,5,BLOCK-513383ed86a73488
SSCP-e0e389f64cac0805,MOL-075ab4af4be34ffa,2020_Townsend,AC-78305ee2e743b795,BLOCK-513383ed86a73488,5,BLOCK-513383ed86a73488
SSCP-e0f2a32db50b4df3,MOL-d68b66d14d5624f2,2021_Kelly,AC-5e5c956882423f52,BLOCK-4494eb5738fce47c,3,BLOCK-4494eb5738fce47c
SSCP-e10ba052e2d30eec,MOL-000e7e023d75d55b,2013_CHUGAI,AC-cf95401a5715faa6,BLOCK-5c361cba45039733,7,BLOCK-5c361cba45039733
SSCP-e11115b3f619e041,MOL-a3f45e901fc1734c,2020_Townsend,AC-78305ee2e743b795,BLOCK-513383ed86a73488,5,BLOCK-513383ed86a73488
SSCP-e1159c4101121e52,MOL-1f05486cca503ec2,2020_Townsend,AC-78305ee2e743b795,BLOCK-513383ed86a73488,5,BLOCK-513383ed86a73488
SSCP-e11af26770d076d2,MOL-94eb3888465ded65,2020_Townsend,AC-78305ee2e743b795,BLOCK-513383ed86a73488,5,BLOCK-513383ed86a73488
SSCP-e124f8fde1311ed4,MOL-06e0d49eaae7ff44,2021_Kelly,AC-5e5c956882423f52,BLOCK-4494eb5738fce47c,3,BLOCK-4494eb5738fce47c
SSCP-e129f7f2909c27b2,MOL-438b0944792e67b4,2020_Townsend,AC-78305ee2e743b795,BLOCK-513383ed86a73488,5,BLOCK-513383ed86a73488
SSCP-e132c4d5eb7ba3f6,MOL-e7f02c5ba84a0bc2,2021_Kelly,AC-ac7e5d0036401990,BLOCK-4494eb5738fce47c,3,BLOCK-4494eb5738fce47c
SSCP-e136466af34ba463,MOL-01a1fe2a971c9bcb,2013_CHUGAI,AC-cf95401a5715faa6,BLOCK-5c361cba45039733,7,BLOCK-5c361cba45039733
SSCP-e13c544f1cf60f52,MOL-82c5252d32adfff7,2013_CHUGAI,AC-35f338969be86c68,BLOCK-5c361cba45039733,7,BLOCK-5c361cba45039733
SSCP-e1487edd866f9eb0,MOL-c61f888cfc248f4b,2020_Townsend,AC-78305ee2e743b795,BLOCK-513383ed86a73488,5,BLOCK-513383ed86a73488
SSCP-e14b3c40eff57836,MOL-89a7a65e71d39d02,2020_Townsend,AC-78305ee2e743b795,BLOCK-513383ed86a73488,5,BLOCK-513383ed86a73488
SSCP-e15bf7fa957ab58d,MOL-154562a96c0e24eb,2021_Kelly,AC-5e5c956882423f52,BLOCK-4494eb5738fce47c,3,BLOCK-4494eb5738fce47c
SSCP-e16f4425bb3c2a7c,MOL-e5a8f8eeeece8e6d,2021_Kelly,AC-5e5c956882423f52,BLOCK-4494eb5738fce47c,3,BLOCK-4494eb5738fce47c
SSCP-e170e794621041bc,MOL-5435283ec7cc711c,2020_Townsend,AC-78305ee2e743b795,BLOCK-513383ed86a73488,5,BLOCK-513383ed86a73488
SSCP-e186e7fd4933f09d,MOL-3f76ba0692de4ef0,2021_Kelly,AC-5e5c956882423f52,BLOCK-4494eb5738fce47c,3,BLOCK-4494eb5738fce47c
SSCP-e187c1aac4df28d3,MOL-f5f1269e3dd3bcc1,2015_Wang,AC-5907d8275e13f8c6,BLOCK-513383ed86a73488,5,BLOCK-513383ed86a73488
SSCP-e19135b3a64b621a,MOL-8e465f91d277095e,2013_CHUGAI,AC-9915a59ccaa1a737,BLOCK-5c361cba45039733,7,BLOCK-5c361cba45039733
SSCP-e1a8b59c1dc73743,MOL-7a750bddc2e17e0f,2020_Townsend,AC-78305ee2e743b795,BLOCK-513383ed86a73488,5,BLOCK-513383ed86a73488
SSCP-e1b87751bf5d3e36,MOL-32457f153703ed45,2020_Townsend,AC-78305ee2e743b795,BLOCK-513383ed86a73488,5,BLOCK-513383ed86a73488
SSCP-e1bb9b8b1c3a7aef,MOL-af184cc8bad9fd6a,2020_Townsend,AC-78305ee2e743b795,BLOCK-513383ed86a73488,5,BLOCK-513383ed86a73488
SSCP-e1be8eecd0758c3d,MOL-0da3c3a51e28ce6a,2016_Furukawa,AC-78305ee2e743b795,BLOCK-513383ed86a73488,5,BLOCK-513383ed86a73488
SSCP-e1cb524b14e7a78a,MOL-fa2aec5fb4e2b92e,2020_Townsend,AC-78305ee2e743b795,BLOCK-513383ed86a73488,5,BLOCK-513383ed86a73488
SSCP-e1ed562e096af8c3,MOL-dc7adea7deebbdc0,2020_Townsend,AC-78305ee2e743b795,BLOCK-513383ed86a73488,5,BLOCK-513383ed86a73488
SSCP-e1fabd09d652585c,MOL-cb7a211b21f5a253,2021_Kelly,AC-5e5c956882423f52,BLOCK-4494eb5738fce47c,3,BLOCK-4494eb5738fce47c
SSCP-e1fc03497c2542e5,MOL-f03c6dae141c62ea,2021_Kelly,AC-5e5c956882423f52,BLOCK-4494eb5738fce47c,3,BLOCK-4494eb5738fce47c
SSCP-e2008725d81c5d43,MOL-1be734a62d089951,2020_Townsend,AC-78305ee2e743b795,BLOCK-513383ed86a73488,5,BLOCK-513383ed86a73488
SSCP-e2024ebfc52d8425,MOL-bb18db8275184909,2021_Kelly,AC-5e5c956882423f52,BLOCK-4494eb5738fce47c,3,BLOCK-4494eb5738fce47c
SSCP-e2134427ef4bffc6,MOL-0de85a6b63fb5431,2020_Townsend,AC-78305ee2e743b795,BLOCK-513383ed86a73488,5,BLOCK-513383ed86a73488
SSCP-e21432e77f3a4b75,MOL-0497f2c3a775a308,2020_Townsend,AC-78305ee2e743b795,BLOCK-513383ed86a73488,5,BLOCK-513383ed86a73488
SSCP-e215d0adde2598e7,MOL-850f56be5bc92661,2016_Furukawa,AC-78305ee2e743b795,BLOCK-513383ed86a73488,5,BLOCK-513383ed86a73488
SSCP-e21a1f181dab36a0,MOL-763a9e19962c80f3,2020_Townsend,AC-78305ee2e743b795,BLOCK-513383ed86a73488,5,BLOCK-513383ed86a73488
SSCP-e21c030e22407e2a,MOL-5dc5bfc90023bf2d,2013_CHUGAI,AC-9915a59ccaa1a737,BLOCK-5c361cba45039733,7,BLOCK-5c361cba45039733
SSCP-e22967bdd223497b,MOL-6f294523c476e2c2,2016_Furukawa,AC-78305ee2e743b795,BLOCK-513383ed86a73488,5,BLOCK-513383ed86a73488
SSCP-e22a6dc95d34d382,MOL-ee182ba6f918669f,2016_Furukawa,AC-78305ee2e743b795,BLOCK-513383ed86a73488,5,BLOCK-513383ed86a73488
SSCP-e236f3c28dca25dc,MOL-f61e434cbed26654,2020_Townsend,AC-78305ee2e743b795,BLOCK-513383ed86a73488,5,BLOCK-513383ed86a73488
SSCP-e2445277d9858d88,MOL-fe439207ee877b92,2020_Townsend,AC-78305ee2e743b795,BLOCK-513383ed86a73488,5,BLOCK-513383ed86a73488
SSCP-e2499070f69f348f,MOL-535dca065fc0828c,2020_Townsend,AC-78305ee2e743b795,BLOCK-513383ed86a73488,5,BLOCK-513383ed86a73488
SSCP-e24cc5ecf3bf8bf6,MOL-9d7bc4943573bac7,2016_Furukawa,AC-78305ee2e743b795,BLOCK-513383ed86a73488,5,BLOCK-513383ed86a73488
SSCP-e24e29d320d8d95c,MOL-f85c067a3c5e40fa,2021_Kelly,AC-5e5c956882423f52,BLOCK-4494eb5738fce47c,3,BLOCK-4494eb5738fce47c
SSCP-e24f6d59993030f1,MOL-7cbfc6e7c10699e2,2013_CHUGAI,AC-9915a59ccaa1a737,BLOCK-5c361cba45039733,7,BLOCK-5c361cba45039733
SSCP-e251525814586983,MOL-faa333f8293135a7,2021_Kelly,AC-5e5c956882423f52,BLOCK-4494eb5738fce47c,3,BLOCK-4494eb5738fce47c
SSCP-e25be8c8dab5d73d,MOL-e86c3bee47fbfbbe,2021_Kelly,AC-5e5c956882423f52,BLOCK-4494eb5738fce47c,3,BLOCK-4494eb5738fce47c
SSCP-e28c37f9a979debd,MOL-39b8cdcb621fff7a,2021_Wang,AC-fbc7f1ef462beb7f,BLOCK-d0fe24e9c28856d1,16,BLOCK-d0fe24e9c28856d1
SSCP-e2937a83259c6253,MOL-249793e0b8eb537a,2020_Townsend,AC-78305ee2e743b795,BLOCK-513383ed86a73488,5,BLOCK-513383ed86a73488
SSCP-e29600f5b7271563,MOL-bb734b4bb93d968b,2016_Furukawa,AC-78305ee2e743b795,BLOCK-513383ed86a73488,5,BLOCK-513383ed86a73488
SSCP-e296673710b67f24,MOL-4e4cf151d2640e59,2020_Townsend,AC-78305ee2e743b795,BLOCK-513383ed86a73488,5,BLOCK-513383ed86a73488
SSCP-e296b72d472376ba,MOL-b7848bf705f16163,2020_Townsend,AC-78305ee2e743b795,BLOCK-513383ed86a73488,5,BLOCK-513383ed86a73488
SSCP-e2a0e05cfba31b73,MOL-c794d51e5fb500bd,2016_Furukawa,AC-78305ee2e743b795,BLOCK-513383ed86a73488,5,BLOCK-513383ed86a73488
SSCP-e2caa7bbd2caaab2,MOL-e2c39d382c6968b7,2020_Townsend,AC-78305ee2e743b795,BLOCK-513383ed86a73488,5,BLOCK-513383ed86a73488
SSCP-e2d0f6da06b7f4d7,MOL-56567b0c7a96e989,2013_CHUGAI,AC-be5d64c53a5c8949,BLOCK-5c361cba45039733,7,BLOCK-5c361cba45039733
SSCP-e2d60caa9fc73475,MOL-d8e9ef99e87b6d25,2020_Townsend,AC-78305ee2e743b795,BLOCK-513383ed86a73488,5,BLOCK-513383ed86a73488
SSCP-e2db3f909b22ef17,MOL-8369645fd9693c9a,2020_Townsend,AC-78305ee2e743b795,BLOCK-513383ed86a73488,5,BLOCK-513383ed86a73488
SSCP-e2ed8565043546b8,MOL-18e58f3992b1cfea,2022_Tamura,AC-d7117a19813028ec,BLOCK-bb889e938c0a001a,13,BLOCK-bb889e938c0a001a
SSCP-e2f13cf8549a72cc,MOL-717ccfcbba62a40e,2020_Townsend,AC-78305ee2e743b795,BLOCK-513383ed86a73488,5,BLOCK-513383ed86a73488
SSCP-e2f48312dfad9b80,MOL-2e33a04f429a3bd0,2013_CHUGAI,AC-9915a59ccaa1a737,BLOCK-5c361cba45039733,7,BLOCK-5c361cba45039733
SSCP-e2f8628fcea5bcbf,MOL-198446efb2bd21ac,2021_Kelly,AC-ac7e5d0036401990,BLOCK-4494eb5738fce47c,3,BLOCK-4494eb5738fce47c
SSCP-e30c4b4f65e81372,MOL-e1981ae39f682046,2016_Furukawa,AC-78305ee2e743b795,BLOCK-513383ed86a73488,5,BLOCK-513383ed86a73488
SSCP-e32722fb2b2a6519,MOL-e4a94c89bc6759fc,2021_Kelly,AC-ac7e5d0036401990,BLOCK-4494eb5738fce47c,3,BLOCK-4494eb5738fce47c
SSCP-e32a8f2d98baa8ff,MOL-16697c8c326057ad,2021_Kelly,AC-5e5c956882423f52,BLOCK-4494eb5738fce47c,3,BLOCK-4494eb5738fce47c
SSCP-e32dbc3c78a995ec,MOL-24018d50d04150d9,2020_Townsend,AC-78305ee2e743b795,BLOCK-513383ed86a73488,5,BLOCK-513383ed86a73488
SSCP-e344f6b203558a9f,MOL-94fcf5f033844867,2020_Townsend,AC-78305ee2e743b795,BLOCK-513383ed86a73488,5,BLOCK-513383ed86a73488
SSCP-e350ae252fa847f1,MOL-cd58cbab61efd868,2016_Furukawa,AC-78305ee2e743b795,BLOCK-513383ed86a73488,5,BLOCK-513383ed86a73488
SSCP-e35d014015bc53f9,MOL-a41d05a874788569,2021_Kelly,AC-5e5c956882423f52,BLOCK-4494eb5738fce47c,3,BLOCK-4494eb5738fce47c
SSCP-e3998734694134b4,MOL-6402388698d8740b,2020_Townsend,AC-78305ee2e743b795,BLOCK-513383ed86a73488,5,BLOCK-513383ed86a73488
SSCP-e39caa6b45c3b00a,MOL-7b614d0ff3136b20,2020_Townsend,AC-78305ee2e743b795,BLOCK-513383ed86a73488,5,BLOCK-513383ed86a73488
SSCP-e39fea5beea69b6a,MOL-593c70e2fb3d8c79,2020_Townsend,AC-78305ee2e743b795,BLOCK-513383ed86a73488,5,BLOCK-513383ed86a73488
SSCP-e3c1d29e89d30d31,MOL-34b1950bfdf0ec3f,2020_Furukawa,AC-114e657b947b31ec,BLOCK-5f91132e1b252609,9,BLOCK-5f91132e1b252609
SSCP-e3c996740b2a85a2,MOL-1169dc1381f8ab4e,2021_Kelly,AC-5e5c956882423f52,BLOCK-4494eb5738fce47c,3,BLOCK-4494eb5738fce47c
SSCP-e3ca7f8113328c27,MOL-94baf32ac2369d04,2020_Townsend,AC-78305ee2e743b795,BLOCK-513383ed86a73488,5,BLOCK-513383ed86a73488
SSCP-e3f147c5074dc539,MOL-32e908de36fb88d5,2016_Furukawa,AC-78305ee2e743b795,BLOCK-513383ed86a73488,5,BLOCK-513383ed86a73488
SSCP-e405fcaaf843c1b3,MOL-c4db6192eed1f422,2016_Furukawa,AC-78305ee2e743b795,BLOCK-513383ed86a73488,5,BLOCK-513383ed86a73488
SSCP-e4093e8474fc2349,MOL-7511fa9d2fe22751,2020_Townsend,AC-78305ee2e743b795,BLOCK-513383ed86a73488,5,BLOCK-513383ed86a73488
SSCP-e412f6fabc28c303,MOL-5d903b7f8f393d41,2021_Kelly,AC-5e5c956882423f52,BLOCK-4494eb5738fce47c,3,BLOCK-4494eb5738fce47c
SSCP-e41bccd224b2a6c1,MOL-3deccaf24d427043,2021_Kelly,AC-5e5c956882423f52,BLOCK-4494eb5738fce47c,3,BLOCK-4494eb5738fce47c
SSCP-e422a3db093ea5b8,MOL-acd0aa058490af53,2020_Townsend,AC-78305ee2e743b795,BLOCK-513383ed86a73488,5,BLOCK-513383ed86a73488
SSCP-e424cf7448640560,MOL-72820a0a209b6ed9,2016_Furukawa,AC-78305ee2e743b795,BLOCK-513383ed86a73488,5,BLOCK-513383ed86a73488
SSCP-e4361de50f21be38,MOL-b470d4f189e76638,2020_Townsend,AC-78305ee2e743b795,BLOCK-513383ed86a73488,5,BLOCK-513383ed86a73488
SSCP-e43feb644256715b,MOL-77c2d33a919e105e,2013_CHUGAI,AC-9915a59ccaa1a737,BLOCK-5c361cba45039733,7,BLOCK-5c361cba45039733
SSCP-e452960d2a893958,MOL-f0ead68fe374a129,2021_Kelly,AC-5e5c956882423f52,BLOCK-4494eb5738fce47c,3,BLOCK-4494eb5738fce47c
SSCP-e457e78d33d9746a,MOL-75c52e75ca17f178,2021_Kelly,AC-5e5c956882423f52,BLOCK-4494eb5738fce47c,3,BLOCK-4494eb5738fce47c
SSCP-e45a0ea8fbd62524,MOL-1315d92030b3cda8,2020_Townsend,AC-78305ee2e743b795,BLOCK-513383ed86a73488,5,BLOCK-513383ed86a73488
SSCP-e4618bb9df0d1fdb,MOL-1f70208e2dbb03c3,2020_Townsend,AC-78305ee2e743b795,BLOCK-513383ed86a73488,5,BLOCK-513383ed86a73488
SSCP-e467d99939f87704,MOL-72d3c22ffc2de8ec,2020_Townsend,AC-78305ee2e743b795,BLOCK-513383ed86a73488,5,BLOCK-513383ed86a73488
SSCP-e46b9b9163463e20,MOL-105f8387e68cf96b,2020_Townsend,AC-78305ee2e743b795,BLOCK-513383ed86a73488,5,BLOCK-513383ed86a73488
SSCP-e46bc7bcfe09023a,MOL-b48c025e437026bf,2016_Furukawa,AC-78305ee2e743b795,BLOCK-513383ed86a73488,5,BLOCK-513383ed86a73488
SSCP-e473d5adda38f4ce,MOL-dde6b18a16bf24fc,2013_CHUGAI,AC-76364811742e6efe,BLOCK-5c361cba45039733,7,BLOCK-5c361cba45039733
SSCP-e477dc2ef52341f7,MOL-4c9a2a8331411c24,2020_Townsend,AC-78305ee2e743b795,BLOCK-513383ed86a73488,5,BLOCK-513383ed86a73488
SSCP-e47825ba109c728d,MOL-a75e1d93a3927959,2020_Townsend,AC-78305ee2e743b795,BLOCK-513383ed86a73488,5,BLOCK-513383ed86a73488
SSCP-e482fe9e900a92b5,MOL-22334d0611b90a68,2018_Naylor,AC-78305ee2e743b795,BLOCK-513383ed86a73488,5,BLOCK-513383ed86a73488
SSCP-e48a003ada407faf,MOL-5f02b4e55c20506e,2020_Townsend,AC-78305ee2e743b795,BLOCK-513383ed86a73488,5,BLOCK-513383ed86a73488
SSCP-e48d32133bf84b06,MOL-46de2b2723d4caf0,2013_CHUGAI,AC-9915a59ccaa1a737,BLOCK-5c361cba45039733,7,BLOCK-5c361cba45039733
SSCP-e48e6cfe13a7db84,MOL-990e5671fe5d8940,2020_Townsend,AC-78305ee2e743b795,BLOCK-513383ed86a73488,5,BLOCK-513383ed86a73488
SSCP-e4964f2abbeba8e7,MOL-4f3bb1bad2bb646a,2020_Townsend,AC-78305ee2e743b795,BLOCK-513383ed86a73488,5,BLOCK-513383ed86a73488
SSCP-e49cc47f1f48f514,MOL-338e81a280f280ed,2022_Lee,AC-4cbd321fd3e6c472,BLOCK-513383ed86a73488,5,BLOCK-513383ed86a73488
SSCP-e4a10296b94dc1be,MOL-8c643296a5e3825e,2020_Townsend,AC-78305ee2e743b795,BLOCK-513383ed86a73488,5,BLOCK-513383ed86a73488
SSCP-e4a1f58d345e747e,MOL-cfda8ad84e18cd54,2016_Furukawa,AC-78305ee2e743b795,BLOCK-513383ed86a73488,5,BLOCK-513383ed86a73488
SSCP-e4a3416b506ea548,MOL-c9b659c86166d768,2020_Townsend,AC-78305ee2e743b795,BLOCK-513383ed86a73488,5,BLOCK-513383ed86a73488
SSCP-e4c2651669c4ad54,MOL-9f3b33772cb3f5f1,2021_Kelly,AC-5e5c956882423f52,BLOCK-4494eb5738fce47c,3,BLOCK-4494eb5738fce47c
SSCP-e4c43945a6eff4a2,MOL-f2b2ba4d6d54f1e8,2016_Furukawa,AC-78305ee2e743b795,BLOCK-513383ed86a73488,5,BLOCK-513383ed86a73488
SSCP-e4caa2dc857da258,MOL-ff1a339868f61201,2020_Le Roux,AC-b74b4d5565722d16,BLOCK-bb4bcb852b735057,12,BLOCK-bb4bcb852b735057
SSCP-e4e4f1885483a48f,MOL-dfe0c783dbff6c0e,2024_Koch,AC-e82e3e242d3d320c,BLOCK-c5e520eb3b94ff25,15,BLOCK-c5e520eb3b94ff25
SSCP-e4ed03d16211a155,MOL-e107f9cceb026708,2021_Kelly,AC-5e5c956882423f52,BLOCK-4494eb5738fce47c,3,BLOCK-4494eb5738fce47c
SSCP-e4f68807b89cd613,MOL-df447d8c9614bbc7,2020_Townsend,AC-78305ee2e743b795,BLOCK-513383ed86a73488,5,BLOCK-513383ed86a73488
SSCP-e4f82ae4226e3c8b,MOL-44727615603405b8,2021_Kelly,AC-6d3257a2b83e15dc,BLOCK-4494eb5738fce47c,3,BLOCK-4494eb5738fce47c
SSCP-e504e3cb19ceb117,MOL-70a58d0942fa77a0,2020_Townsend,AC-78305ee2e743b795,BLOCK-513383ed86a73488,5,BLOCK-513383ed86a73488
SSCP-e506010c6b99ceb4,MOL-28ac84aefbdf2172,2020_Townsend,AC-78305ee2e743b795,BLOCK-513383ed86a73488,5,BLOCK-513383ed86a73488
SSCP-e52286206a9f4161,MOL-3a45940ef19e39ca,2013_CHUGAI,AC-aa518c54c0ac7c77,BLOCK-5c361cba45039733,7,BLOCK-5c361cba45039733
SSCP-e52791b70a24d7d1,MOL-a6cfeb81a59c33bd,2021_Kelly,AC-5e5c956882423f52,BLOCK-4494eb5738fce47c,3,BLOCK-4494eb5738fce47c
SSCP-e52d8cf1d0001707,MOL-83571776e83758d8,2020_Townsend,AC-78305ee2e743b795,BLOCK-513383ed86a73488,5,BLOCK-513383ed86a73488
SSCP-e5321e429070d5e8,MOL-b523e32f6c611448,2021_Kelly,AC-5e5c956882423f52,BLOCK-4494eb5738fce47c,3,BLOCK-4494eb5738fce47c
SSCP-e53713ccae62b771,MOL-1fde06e472ebc59f,2015_Bockus_2,AC-75c6ac7476f86a1a,BLOCK-ad504a636f9fcddf,11,BLOCK-ad504a636f9fcddf
SSCP-e545be7814381b23,MOL-285c3dcfb2a50bb3,2020_Townsend,AC-78305ee2e743b795,BLOCK-513383ed86a73488,5,BLOCK-513383ed86a73488
SSCP-e545ef34d517667b,MOL-97508b5644649adf,2020_Townsend,AC-78305ee2e743b795,BLOCK-513383ed86a73488,5,BLOCK-513383ed86a73488
SSCP-e54e1d6f460d5e4e,MOL-730e1af7be3c3b5a,2021_Kelly,AC-5e5c956882423f52,BLOCK-4494eb5738fce47c,3,BLOCK-4494eb5738fce47c
SSCP-e569515bf3921810,MOL-6ed2efa145c691b7,2020_Townsend,AC-78305ee2e743b795,BLOCK-513383ed86a73488,5,BLOCK-513383ed86a73488
SSCP-e56c47cbe8968ac4,MOL-3934e1299d6c0812,2021_Kelly,AC-ac7e5d0036401990,BLOCK-4494eb5738fce47c,3,BLOCK-4494eb5738fce47c
SSCP-e56e40ed94cc1ae6,MOL-f9bec19c032852b3,2021_Kelly,AC-5e5c956882423f52,BLOCK-4494eb5738fce47c,3,BLOCK-4494eb5738fce47c
SSCP-e575ab7c2ea19174,MOL-fb695afeae9160ca,2020_Townsend,AC-78305ee2e743b795,BLOCK-513383ed86a73488,5,BLOCK-513383ed86a73488
SSCP-e5818aa16129e1cb,MOL-6bd80e8a558f363d,2020_Townsend,AC-78305ee2e743b795,BLOCK-513383ed86a73488,5,BLOCK-513383ed86a73488
SSCP-e581e6d7a7ab90f0,MOL-340c58c1e00a76e2,2020_Townsend,AC-78305ee2e743b795,BLOCK-513383ed86a73488,5,BLOCK-513383ed86a73488
SSCP-e58766ae3c82df6b,MOL-653cf478af3bdca4,2013_CHUGAI,AC-9915a59ccaa1a737,BLOCK-5c361cba45039733,7,BLOCK-5c361cba45039733
SSCP-e5894b9d74dc9d4f,MOL-6a1fc428823e833b,2020_Townsend,AC-78305ee2e743b795,BLOCK-513383ed86a73488,5,BLOCK-513383ed86a73488
SSCP-e5988028ac89aea8,MOL-8116d128b86a906d,2020_Townsend,AC-78305ee2e743b795,BLOCK-513383ed86a73488,5,BLOCK-513383ed86a73488
SSCP-e59fa4e520c9bf57,MOL-ed6bf0e656467340,2013_CHUGAI,AC-c2be96eb06e93e95,BLOCK-5c361cba45039733,7,BLOCK-5c361cba45039733
SSCP-e5a10db5959d43e1,MOL-f902663891034859,2022_Bhardwaj,AC-f5ef97305e7741cc,BLOCK-513383ed86a73488,5,BLOCK-513383ed86a73488
SSCP-e5a8a4f9303b7b2f,MOL-4c27ffb22a19c6e7,2020_Townsend,AC-78305ee2e743b795,BLOCK-513383ed86a73488,5,BLOCK-513383ed86a73488
SSCP-e5a9619f28b78d3e,MOL-16089b98182a8ad3,2020_Townsend,AC-78305ee2e743b795,BLOCK-513383ed86a73488,5,BLOCK-513383ed86a73488
SSCP-e5b072e862a41f9a,MOL-c792613251d77826,2022_Bhardwaj,AC-9a9820325c218514,BLOCK-513383ed86a73488,5,BLOCK-513383ed86a73488
SSCP-e5b676072c428b5a,MOL-7dd5b66174da51c5,2021_Kelly,AC-5e5c956882423f52,BLOCK-4494eb5738fce47c,3,BLOCK-4494eb5738fce47c
SSCP-e5b7dfb79dbd797c,MOL-26a2a3f556208cb5,2016_Furukawa,AC-78305ee2e743b795,BLOCK-513383ed86a73488,5,BLOCK-513383ed86a73488
SSCP-e5b87caafe558c71,MOL-3fd1f0644ee0dcd4,2020_Townsend,AC-78305ee2e743b795,BLOCK-513383ed86a73488,5,BLOCK-513383ed86a73488
SSCP-e5bc90e83e0472bb,MOL-064b8238543316c6,2021_Kelly,AC-5e5c956882423f52,BLOCK-4494eb5738fce47c,3,BLOCK-4494eb5738fce47c
SSCP-e5d2b5231e3ac8ec,MOL-8ab0a02a5798f81e,2020_Townsend,AC-78305ee2e743b795,BLOCK-513383ed86a73488,5,BLOCK-513383ed86a73488
SSCP-e5d500fb13e7b26e,MOL-242ff233a5987967,2021_Kelly,AC-5e5c956882423f52,BLOCK-4494eb5738fce47c,3,BLOCK-4494eb5738fce47c
SSCP-e5e124634917ddb0,MOL-3ba8179090beebf7,2022_Bhardwaj,AC-712816352f34a5bb,BLOCK-513383ed86a73488,5,BLOCK-513383ed86a73488
SSCP-e5eaed4f27e74837,MOL-b470fd72ba2b47c3,2020_Townsend,AC-78305ee2e743b795,BLOCK-513383ed86a73488,5,BLOCK-513383ed86a73488
SSCP-e5f770a8b313cc42,MOL-9230527066dfc483,2013_CHUGAI,AC-9915a59ccaa1a737,BLOCK-5c361cba45039733,7,BLOCK-5c361cba45039733
SSCP-e5fa9d6831093293,MOL-fdf45792344e8763,2020_Townsend,AC-78305ee2e743b795,BLOCK-513383ed86a73488,5,BLOCK-513383ed86a73488
SSCP-e5fd0392c26dec78,MOL-cd9816f9d6c90453,2020_Townsend,AC-78305ee2e743b795,BLOCK-513383ed86a73488,5,BLOCK-513383ed86a73488
SSCP-e617d3a6dcb79826,MOL-e8e3f137ee47a2a2,2022_Bhardwaj,AC-f6c9b72e220cbcb9,BLOCK-513383ed86a73488,5,BLOCK-513383ed86a73488
SSCP-e61c644d5fdeef20,MOL-4cc035155cd87329,2016_Furukawa,AC-78305ee2e743b795,BLOCK-513383ed86a73488,5,BLOCK-513383ed86a73488
SSCP-e621baddf9d0aa1e,MOL-c16d6d99df39f1c0,2022_Bhardwaj,AC-ed8389154484c174,BLOCK-513383ed86a73488,5,BLOCK-513383ed86a73488
SSCP-e6241479dd909b9c,MOL-49378e456924f5d4,2021_Kelly,AC-5e5c956882423f52,BLOCK-4494eb5738fce47c,3,BLOCK-4494eb5738fce47c
SSCP-e627611c9b6aeba4,MOL-d1e6f069e4aa6ef8,2020_Townsend,AC-78305ee2e743b795,BLOCK-513383ed86a73488,5,BLOCK-513383ed86a73488
SSCP-e6285f8f968adbe9,MOL-1aa614636b64e01c,2022_Taechalertpaisarn,AC-78305ee2e743b795,BLOCK-513383ed86a73488,5,BLOCK-513383ed86a73488
SSCP-e63196979eec2fff,MOL-f2930097ead390bb,2016_Furukawa,AC-78305ee2e743b795,BLOCK-513383ed86a73488,5,BLOCK-513383ed86a73488
SSCP-e638c1c2970dcef7,MOL-ef430ba4f1c6ffd0,2016_Furukawa,AC-78305ee2e743b795,BLOCK-513383ed86a73488,5,BLOCK-513383ed86a73488
SSCP-e64ccbc1b3b56af9,MOL-ecd961095a786dfe,2015_Ahlbach,AC-e20aa860c6749884,BLOCK-513383ed86a73488,5,BLOCK-513383ed86a73488
SSCP-e662eda3fbd348ce,MOL-6644dc03b80fc511,2021_Kelly,AC-ac7e5d0036401990,BLOCK-4494eb5738fce47c,3,BLOCK-4494eb5738fce47c
SSCP-e6809fbc821ef4ef,MOL-34b18df2dabbfc12,2020_Townsend,AC-78305ee2e743b795,BLOCK-513383ed86a73488,5,BLOCK-513383ed86a73488
SSCP-e681d6ef1bd6d8e3,MOL-5db6b57947619f90,2021_Kelly,AC-5e5c956882423f52,BLOCK-4494eb5738fce47c,3,BLOCK-4494eb5738fce47c
SSCP-e683b2781eede751,MOL-ca6d0628bf9e2a0e,2021_Kelly,AC-5e5c956882423f52,BLOCK-4494eb5738fce47c,3,BLOCK-4494eb5738fce47c
SSCP-e683f34b9ffed263,MOL-4b26f07bd4f677a8,2020_Townsend,AC-78305ee2e743b795,BLOCK-513383ed86a73488,5,BLOCK-513383ed86a73488
SSCP-e688007c2a83755c,MOL-a79c371cfa3f295a,2021_Kelly,AC-ac7e5d0036401990,BLOCK-4494eb5738fce47c,3,BLOCK-4494eb5738fce47c
SSCP-e6944f61f3e7b5c0,MOL-0bcb2a92ee1b7ff5,2020_Townsend,AC-78305ee2e743b795,BLOCK-513383ed86a73488,5,BLOCK-513383ed86a73488
SSCP-e696ded8783b845e,MOL-92891f516499a5c1,2020_Townsend,AC-78305ee2e743b795,BLOCK-513383ed86a73488,5,BLOCK-513383ed86a73488
SSCP-e69711580a8fe444,MOL-0b99a4144eb6deeb,2020_Townsend,AC-78305ee2e743b795,BLOCK-513383ed86a73488,5,BLOCK-513383ed86a73488
SSCP-e698ca2fb968fde3,MOL-adc8d1b97da81e6a,2020_Townsend,AC-78305ee2e743b795,BLOCK-513383ed86a73488,5,BLOCK-513383ed86a73488
SSCP-e6a0edc46c41f3a3,MOL-758483a37c6c9255,2021_Kelly,AC-5e5c956882423f52,BLOCK-4494eb5738fce47c,3,BLOCK-4494eb5738fce47c
SSCP-e6a1d6070f5ce8ba,MOL-c778f2428bdae28c,2020_Townsend,AC-78305ee2e743b795,BLOCK-513383ed86a73488,5,BLOCK-513383ed86a73488
SSCP-e6ac41f460e5ddb1,MOL-29acf065dc8e3057,2020_Townsend,AC-78305ee2e743b795,BLOCK-513383ed86a73488,5,BLOCK-513383ed86a73488
SSCP-e6bc5481e8725031,MOL-e28ca7f02a016564,2020_Townsend,AC-78305ee2e743b795,BLOCK-513383ed86a73488,5,BLOCK-513383ed86a73488
SSCP-e6bda30cd6f99c91,MOL-2d2f24d65082f8df,2020_Townsend,AC-78305ee2e743b795,BLOCK-513383ed86a73488,5,BLOCK-513383ed86a73488
SSCP-e6c5219964bb92e3,MOL-7249d5676a7c2faa,2016_Furukawa,AC-78305ee2e743b795,BLOCK-513383ed86a73488,5,BLOCK-513383ed86a73488
SSCP-e6c73c08c8665484,MOL-0816a4d5f5da4c6f,2020_Townsend,AC-78305ee2e743b795,BLOCK-513383ed86a73488,5,BLOCK-513383ed86a73488
SSCP-e6d996b9d1b84629,MOL-2cc9a08ae324033e,2021_Kelly,AC-6d3257a2b83e15dc,BLOCK-4494eb5738fce47c,3,BLOCK-4494eb5738fce47c
SSCP-e6e2137a2013f3ef,MOL-12ed25942f012533,2020_Townsend,AC-78305ee2e743b795,BLOCK-513383ed86a73488,5,BLOCK-513383ed86a73488
SSCP-e6ed29fd6d432c68,MOL-8d3f0a08fa5aa802,2021_Kelly,AC-5e5c956882423f52,BLOCK-4494eb5738fce47c,3,BLOCK-4494eb5738fce47c
SSCP-e6f22fc052b1df49,MOL-81a6e910a131cd4c,2021_Kelly,AC-5e5c956882423f52,BLOCK-4494eb5738fce47c,3,BLOCK-4494eb5738fce47c
SSCP-e6f7b21dd01e88aa,MOL-15cc36686f2b7e7c,2020_Townsend,AC-78305ee2e743b795,BLOCK-513383ed86a73488,5,BLOCK-513383ed86a73488
SSCP-e6fac03f0dfbcf9e,MOL-5eeee2de27e6c3fe,2021_Kelly,AC-ac7e5d0036401990,BLOCK-4494eb5738fce47c,3,BLOCK-4494eb5738fce47c
SSCP-e6fb51efd20ff1b3,MOL-13d76432b23099d7,2022_Taechalertpaisarn,AC-78305ee2e743b795,BLOCK-513383ed86a73488,5,BLOCK-513383ed86a73488
SSCP-e6fe24ef89574383,MOL-74f70134b257e1b1,2020_Barlow,AC-741ab05286c210ec,BLOCK-8dbd1f0100199b32,10,BLOCK-8dbd1f0100199b32
SSCP-e6fe750ef5c3b612,MOL-55ff44dec2742183,2021_Kelly,AC-ac7e5d0036401990,BLOCK-4494eb5738fce47c,3,BLOCK-4494eb5738fce47c
SSCP-e718a27d244f6f24,MOL-be14eb21ab61aff0,2013_CHUGAI,AC-cf95401a5715faa6,BLOCK-5c361cba45039733,7,BLOCK-5c361cba45039733
SSCP-e73170eaa0dd46a7,MOL-2cada1f4fa0df311,2021_Kelly,AC-5e5c956882423f52,BLOCK-4494eb5738fce47c,3,BLOCK-4494eb5738fce47c
SSCP-e73a1cf6299b348e,MOL-c0ee79fe11e870ec,2024_Faris,AC-e82e3e242d3d320c,BLOCK-c5e520eb3b94ff25,15,BLOCK-c5e520eb3b94ff25
SSCP-e74a39f6a8a2acfa,MOL-dd933b673943d89a,2020_Townsend,AC-78305ee2e743b795,BLOCK-513383ed86a73488,5,BLOCK-513383ed86a73488
SSCP-e7523986bcd9cb09,MOL-56cce30148b54c9f,2006_Rezai_1,AC-78305ee2e743b795,BLOCK-513383ed86a73488,5,BLOCK-513383ed86a73488
SSCP-e756b20919011c6e,MOL-52083d01481d5e88,2020_Townsend,AC-78305ee2e743b795,BLOCK-513383ed86a73488,5,BLOCK-513383ed86a73488
SSCP-e75905dd58f5a53b,MOL-be56a1c571ecfb0c,2020_Townsend,AC-78305ee2e743b795,BLOCK-513383ed86a73488,5,BLOCK-513383ed86a73488
SSCP-e76231b2c1b14d71,MOL-2a0862f27f7bdd9a,2020_Townsend,AC-78305ee2e743b795,BLOCK-513383ed86a73488,5,BLOCK-513383ed86a73488
SSCP-e7683d776eb8360b,MOL-57e272c96c70c1c6,2016_Furukawa,AC-78305ee2e743b795,BLOCK-513383ed86a73488,5,BLOCK-513383ed86a73488
SSCP-e7738f8f99a574f2,MOL-e4ef41bf3a4590d2,2013_CHUGAI,AC-555968db9c5ca11a,BLOCK-5c361cba45039733,7,BLOCK-5c361cba45039733
SSCP-e77833419c237620,MOL-abc7aec805f5240c,2022_Bhardwaj,AC-7fc5bd51675e704d,BLOCK-513383ed86a73488,5,BLOCK-513383ed86a73488
SSCP-e78a4804dcada6e7,MOL-fa1b5b21690d1948,2020_Townsend,AC-78305ee2e743b795,BLOCK-513383ed86a73488,5,BLOCK-513383ed86a73488
SSCP-e78b34ec0ca43218,MOL-f413ee06e339306f,2020_Hosono,AC-78305ee2e743b795,BLOCK-513383ed86a73488,5,BLOCK-513383ed86a73488
SSCP-e79154d7f3cb8b38,MOL-28de98663f102d6c,2021_Kelly,AC-6d3257a2b83e15dc,BLOCK-4494eb5738fce47c,3,BLOCK-4494eb5738fce47c
SSCP-e793dcea6160706a,MOL-5c9df21763dd23de,2015_Bockus_2,AC-75c6ac7476f86a1a,BLOCK-ad504a636f9fcddf,11,BLOCK-ad504a636f9fcddf
SSCP-e79add3267405924,MOL-dcd99d8c44ad4128,2020_Townsend,AC-78305ee2e743b795,BLOCK-513383ed86a73488,5,BLOCK-513383ed86a73488
SSCP-e7ab48491acf8c36,MOL-35643ba3f692b38e,2020_Townsend,AC-78305ee2e743b795,BLOCK-513383ed86a73488,5,BLOCK-513383ed86a73488
SSCP-e7b108173bdbaed9,MOL-b387c91ffab21279,2020_Townsend,AC-78305ee2e743b795,BLOCK-513383ed86a73488,5,BLOCK-513383ed86a73488
SSCP-e7b3c3f30b5ef459,MOL-be763f7d5204ad7f,2021_Kelly,AC-5e5c956882423f52,BLOCK-4494eb5738fce47c,3,BLOCK-4494eb5738fce47c
SSCP-e7bba3546fe6f226,MOL-86ecea83a3f9eba2,2015_Bockus_2,AC-75c6ac7476f86a1a,BLOCK-ad504a636f9fcddf,11,BLOCK-ad504a636f9fcddf
SSCP-e7c453a09120b26a,MOL-a023e147380864f1,2020_Townsend,AC-78305ee2e743b795,BLOCK-513383ed86a73488,5,BLOCK-513383ed86a73488
SSCP-e7c803e0eb0e352e,MOL-e82d0fa8728f34a1,2013_CHUGAI,AC-cf95401a5715faa6,BLOCK-5c361cba45039733,7,BLOCK-5c361cba45039733
SSCP-e7d0e95b30a4b892,MOL-8ed08783a809766a,2020_Townsend,AC-78305ee2e743b795,BLOCK-513383ed86a73488,5,BLOCK-513383ed86a73488
SSCP-e7dee069a7367179,MOL-e3bd057b87c8c33f,2013_CHUGAI,AC-cf95401a5715faa6,BLOCK-5c361cba45039733,7,BLOCK-5c361cba45039733
SSCP-e7e09882611e95e3,MOL-8c46a32b43a8bf85,2021_Comeau,AC-b74b4d5565722d16,BLOCK-bb4bcb852b735057,12,BLOCK-bb4bcb852b735057
SSCP-e8018902f3846ad4,MOL-6f741629d5654f4c,2022_Bhardwaj,AC-54be6c3a9a9a8ce2,BLOCK-513383ed86a73488,5,BLOCK-513383ed86a73488
SSCP-e806d5c75900f10c,MOL-2219cf3312ca03ab,2021_Kelly,AC-5e5c956882423f52,BLOCK-4494eb5738fce47c,3,BLOCK-4494eb5738fce47c
SSCP-e80750a519a3afc1,MOL-2398ad4686dab0fa,2021_Kelly,AC-ac7e5d0036401990,BLOCK-4494eb5738fce47c,3,BLOCK-4494eb5738fce47c
SSCP-e80e82ec664e097d,MOL-a4df5262645d9e50,2020_Townsend,AC-78305ee2e743b795,BLOCK-513383ed86a73488,5,BLOCK-513383ed86a73488
SSCP-e80f8091d0e0a2d0,MOL-28315e294423a6ec,2022_Tamura,AC-d7117a19813028ec,BLOCK-bb889e938c0a001a,13,BLOCK-bb889e938c0a001a
SSCP-e80f85d58510000e,MOL-bec684f26918ee79,2020_Townsend,AC-78305ee2e743b795,BLOCK-513383ed86a73488,5,BLOCK-513383ed86a73488
SSCP-e812293fd317a86d,MOL-f6fb5abac5bb47a1,2020_Townsend,AC-78305ee2e743b795,BLOCK-513383ed86a73488,5,BLOCK-513383ed86a73488
SSCP-e830a02156c889f1,MOL-c6348aa24a9e3db9,2021_Kelly,AC-5e5c956882423f52,BLOCK-4494eb5738fce47c,3,BLOCK-4494eb5738fce47c
SSCP-e83d897fe8c7ac93,MOL-7964f60b9e125cfe,2020_Townsend,AC-78305ee2e743b795,BLOCK-513383ed86a73488,5,BLOCK-513383ed86a73488
SSCP-e860ee4df46cc6d1,MOL-077b68a273df1b0e,2020_Hosono,AC-78305ee2e743b795,BLOCK-513383ed86a73488,5,BLOCK-513383ed86a73488
SSCP-e8630bb1d6a4b3ba,MOL-c9f9046375bcc9d2,2020_Townsend,AC-78305ee2e743b795,BLOCK-513383ed86a73488,5,BLOCK-513383ed86a73488
SSCP-e866a325c66c7a60,MOL-d64566145fd61088,2020_Townsend,AC-78305ee2e743b795,BLOCK-513383ed86a73488,5,BLOCK-513383ed86a73488
SSCP-e86a6f4924b6f61b,MOL-b78ee1969ae0744e,2015_Ahlbach,AC-4cbd321fd3e6c472,BLOCK-513383ed86a73488,5,BLOCK-513383ed86a73488
SSCP-e870e4df1d114e71,MOL-f6dfed1a925617af,2016_Hickey,AC-78305ee2e743b795,BLOCK-513383ed86a73488,5,BLOCK-513383ed86a73488
SSCP-e877ee0529545ea0,MOL-416adca7e9f4417b,2020_Townsend,AC-78305ee2e743b795,BLOCK-513383ed86a73488,5,BLOCK-513383ed86a73488
SSCP-e884c36e818aedbb,MOL-e0fbad9f2c24c40d,2022_Taechalertpaisarn,AC-78305ee2e743b795,BLOCK-513383ed86a73488,5,BLOCK-513383ed86a73488
SSCP-e8941f5b32c28be2,MOL-a6ee73ae5ffc136e,2013_CHUGAI,AC-cf95401a5715faa6,BLOCK-5c361cba45039733,7,BLOCK-5c361cba45039733
SSCP-e89c5e2f1257bc40,MOL-465070dd213d3f60,2016_Furukawa,AC-78305ee2e743b795,BLOCK-513383ed86a73488,5,BLOCK-513383ed86a73488
SSCP-e89dd4b4b5c39dd3,MOL-8d46b0b8237a5219,2021_Kelly,AC-5e5c956882423f52,BLOCK-4494eb5738fce47c,3,BLOCK-4494eb5738fce47c
SSCP-e89f3236b42e04e4,MOL-661ea17a3803df8d,2020_Townsend,AC-78305ee2e743b795,BLOCK-513383ed86a73488,5,BLOCK-513383ed86a73488
SSCP-e8b414276bbc06c0,MOL-7ea1c28ceaef0227,2020_Townsend,AC-78305ee2e743b795,BLOCK-513383ed86a73488,5,BLOCK-513383ed86a73488
SSCP-e8d2c1b43279976a,MOL-8e855dd898b4a13f,2016_Furukawa,AC-78305ee2e743b795,BLOCK-513383ed86a73488,5,BLOCK-513383ed86a73488
SSCP-e8dcd976db0dec79,MOL-2591f693562a0a3e,2020_Townsend,AC-78305ee2e743b795,BLOCK-513383ed86a73488,5,BLOCK-513383ed86a73488
SSCP-e8e2c9631d4792c9,MOL-d9cd991a63c3eca3,2020_Townsend,AC-78305ee2e743b795,BLOCK-513383ed86a73488,5,BLOCK-513383ed86a73488
SSCP-e8e9fbbcd77c26bc,MOL-caed486c586cef9e,2016_Furukawa,AC-78305ee2e743b795,BLOCK-513383ed86a73488,5,BLOCK-513383ed86a73488
SSCP-e8fe64eebf4823c4,MOL-4ebd5ea387227af2,2021_Kelly,AC-ac7e5d0036401990,BLOCK-4494eb5738fce47c,3,BLOCK-4494eb5738fce47c
SSCP-e900fc2d14184cbd,MOL-3249e1613e356d30,2020_Townsend,AC-78305ee2e743b795,BLOCK-513383ed86a73488,5,BLOCK-513383ed86a73488
SSCP-e9027f55a4378c69,MOL-7b136375bd131d7c,2020_Townsend,AC-78305ee2e743b795,BLOCK-513383ed86a73488,5,BLOCK-513383ed86a73488
SSCP-e90d9b70d53501de,MOL-b8da760c96e37a85,2020_Townsend,AC-78305ee2e743b795,BLOCK-513383ed86a73488,5,BLOCK-513383ed86a73488
SSCP-e91fa02a382fb4a0,MOL-04ae948288f7b4f9,2020_Townsend,AC-78305ee2e743b795,BLOCK-513383ed86a73488,5,BLOCK-513383ed86a73488
SSCP-e929b12fed4495ce,MOL-21f4b4c2aa6a9ca4,2020_Townsend,AC-78305ee2e743b795,BLOCK-513383ed86a73488,5,BLOCK-513383ed86a73488
SSCP-e92b0dc487c3507c,MOL-8086739536c09cce,2021_Kelly,AC-5e5c956882423f52,BLOCK-4494eb5738fce47c,3,BLOCK-4494eb5738fce47c
SSCP-e930e5fa6928d20e,MOL-6a1f12d1e0fa0f63,2020_Townsend,AC-78305ee2e743b795,BLOCK-513383ed86a73488,5,BLOCK-513383ed86a73488
SSCP-e93bff1fd5a5ba0e,MOL-c40a594ec9ebe7f2,2020_Townsend,AC-78305ee2e743b795,BLOCK-513383ed86a73488,5,BLOCK-513383ed86a73488
SSCP-e9470f0123698bcb,MOL-4f89cba771088e8d,2021_Kelly,AC-5e5c956882423f52,BLOCK-4494eb5738fce47c,3,BLOCK-4494eb5738fce47c
SSCP-e96d3b33b601f3bc,MOL-4ace182d804a8daa,2013_CHUGAI,AC-cf95401a5715faa6,BLOCK-5c361cba45039733,7,BLOCK-5c361cba45039733
SSCP-e96fc34668b8bee5,MOL-8d412dc472d6d485,2021_Kelly,AC-5e5c956882423f52,BLOCK-4494eb5738fce47c,3,BLOCK-4494eb5738fce47c
SSCP-e98074058c739b3a,MOL-1bc0f2a0c7ea73a2,2020_Townsend,AC-78305ee2e743b795,BLOCK-513383ed86a73488,5,BLOCK-513383ed86a73488
SSCP-e984a528faea7172,MOL-b234c57df09ea399,2016_Furukawa,AC-78305ee2e743b795,BLOCK-513383ed86a73488,5,BLOCK-513383ed86a73488
SSCP-e98f9717872c31c8,MOL-8196c5895bcc73cf,2020_Townsend,AC-78305ee2e743b795,BLOCK-513383ed86a73488,5,BLOCK-513383ed86a73488
SSCP-e9aee796de3f16b8,MOL-dc03a3259c1de73e,2020_Townsend,AC-78305ee2e743b795,BLOCK-513383ed86a73488,5,BLOCK-513383ed86a73488
SSCP-e9b2af3d0546cb3c,MOL-15828341e785f778,2020_Townsend,AC-78305ee2e743b795,BLOCK-513383ed86a73488,5,BLOCK-513383ed86a73488
SSCP-e9ba6a3dd207a3c4,MOL-d90555417d9b4226,2020_Townsend,AC-78305ee2e743b795,BLOCK-513383ed86a73488,5,BLOCK-513383ed86a73488
SSCP-e9c25757ed11ed2c,MOL-4307d2003e45bcd0,2020_Townsend,AC-78305ee2e743b795,BLOCK-513383ed86a73488,5,BLOCK-513383ed86a73488
SSCP-e9cc72c9367474eb,MOL-d89dd848beac5eba,2020_Townsend,AC-78305ee2e743b795,BLOCK-513383ed86a73488,5,BLOCK-513383ed86a73488
SSCP-e9e080659413a6a2,MOL-8ad83f96c6033cb4,2021_Kelly,AC-5e5c956882423f52,BLOCK-4494eb5738fce47c,3,BLOCK-4494eb5738fce47c
SSCP-e9e2ab2378ac7b00,MOL-db009c584bcb4b1b,2016_Furukawa,AC-78305ee2e743b795,BLOCK-513383ed86a73488,5,BLOCK-513383ed86a73488
SSCP-e9f238ab29e7a218,MOL-d3cb5ec6d39b29fc,2024_Faris,AC-e82e3e242d3d320c,BLOCK-c5e520eb3b94ff25,15,BLOCK-c5e520eb3b94ff25
SSCP-e9f67b522b3977d4,MOL-e9bae17f02cffc7e,2024_Faris,AC-e82e3e242d3d320c,BLOCK-c5e520eb3b94ff25,15,BLOCK-c5e520eb3b94ff25
SSCP-e9fff900594e15b4,MOL-96433479a811fd6f,2020_Townsend,AC-78305ee2e743b795,BLOCK-513383ed86a73488,5,BLOCK-513383ed86a73488
SSCP-ea019b51b874bec7,MOL-baecf76ead6ceb3d,2013_CHUGAI,AC-9915a59ccaa1a737,BLOCK-5c361cba45039733,7,BLOCK-5c361cba45039733
SSCP-ea1653bad3e9b117,MOL-09b1e5dab2024ad8,2022_Bhardwaj,AC-4a1ebd4253b02fa7,BLOCK-513383ed86a73488,5,BLOCK-513383ed86a73488
SSCP-ea360add17f58efb,MOL-0e731c8421281c33,2016_Furukawa,AC-78305ee2e743b795,BLOCK-513383ed86a73488,5,BLOCK-513383ed86a73488
SSCP-ea57694e6ab91aca,MOL-44520e9298b91a33,2020_Townsend,AC-78305ee2e743b795,BLOCK-513383ed86a73488,5,BLOCK-513383ed86a73488
SSCP-ea5b8685ab043d95,MOL-a92511e560528c87,2020_Townsend,AC-78305ee2e743b795,BLOCK-513383ed86a73488,5,BLOCK-513383ed86a73488
SSCP-ea78c17d6510739a,MOL-e431ddaf13b518c5,2015_Wang,AC-78305ee2e743b795,BLOCK-513383ed86a73488,5,BLOCK-513383ed86a73488
SSCP-ea7a8a225a52deb7,MOL-40a7122b58c43343,2016_Furukawa,AC-78305ee2e743b795,BLOCK-513383ed86a73488,5,BLOCK-513383ed86a73488
SSCP-ea7bae9c2ff21e96,MOL-10088c186e9429ca,2020_Townsend,AC-78305ee2e743b795,BLOCK-513383ed86a73488,5,BLOCK-513383ed86a73488
SSCP-ea7ca91deac6154f,MOL-52453528bf06e792,2020_Townsend,AC-78305ee2e743b795,BLOCK-513383ed86a73488,5,BLOCK-513383ed86a73488
SSCP-ea7dc2e7c8255df2,MOL-2fb139c9e818e915,2020_Townsend,AC-78305ee2e743b795,BLOCK-513383ed86a73488,5,BLOCK-513383ed86a73488
SSCP-ea8e2edef8c18103,MOL-a07b168b5cb8808a,2020_Townsend,AC-78305ee2e743b795,BLOCK-513383ed86a73488,5,BLOCK-513383ed86a73488
SSCP-eaa15c7c973e0997,MOL-238c690e773f2554,2021_Kelly,AC-5e5c956882423f52,BLOCK-4494eb5738fce47c,3,BLOCK-4494eb5738fce47c
SSCP-eabc3724052f7939,MOL-7bcc3c3b2a6e3cc5,2016_Frost,AC-78305ee2e743b795,BLOCK-513383ed86a73488,5,BLOCK-513383ed86a73488
SSCP-eacab584b9e832dc,MOL-1589a3e6d5390483,2021_Kelly,AC-ac7e5d0036401990,BLOCK-4494eb5738fce47c,3,BLOCK-4494eb5738fce47c
SSCP-eae77cfbcfb28ea8,MOL-c155199296f2ac78,2021_Kelly,AC-5e5c956882423f52,BLOCK-4494eb5738fce47c,3,BLOCK-4494eb5738fce47c
SSCP-eaed04f8ecf9beea,MOL-f89b30953ed5704b,2020_Townsend,AC-78305ee2e743b795,BLOCK-513383ed86a73488,5,BLOCK-513383ed86a73488
SSCP-eaf156cb0e8f4deb,MOL-4a216ecd5690e5c5,2021_Kelly,AC-5e5c956882423f52,BLOCK-4494eb5738fce47c,3,BLOCK-4494eb5738fce47c
SSCP-eaf5010044f6ca22,MOL-f649b45653cdadb3,2018_Lee,AC-50660f8319dc1976,BLOCK-c1585d53eda9a867,14,BLOCK-c1585d53eda9a867
SSCP-eb08e4406f9d5b50,MOL-9d709f4349d6a663,2020_Townsend,AC-78305ee2e743b795,BLOCK-513383ed86a73488,5,BLOCK-513383ed86a73488
SSCP-eb0a83e384fcf105,MOL-8e1334f53e045aec,2013_CHUGAI,AC-cf95401a5715faa6,BLOCK-5c361cba45039733,7,BLOCK-5c361cba45039733
SSCP-eb119e108f133cc4,MOL-f0df41a43f2fd9dc,2020_Townsend,AC-78305ee2e743b795,BLOCK-513383ed86a73488,5,BLOCK-513383ed86a73488
SSCP-eb19c538414934ae,MOL-34791628e165c35a,2020_Townsend,AC-78305ee2e743b795,BLOCK-513383ed86a73488,5,BLOCK-513383ed86a73488
SSCP-eb36db5593da53a3,MOL-67ede4a4daa1b784,2020_Townsend,AC-78305ee2e743b795,BLOCK-513383ed86a73488,5,BLOCK-513383ed86a73488
SSCP-eb3ae41327f1b66b,MOL-7942050a45cf8e0e,2020_Townsend,AC-78305ee2e743b795,BLOCK-513383ed86a73488,5,BLOCK-513383ed86a73488
SSCP-eb4193b805bf0115,MOL-85703a186d1ed9d6,2013_CHUGAI,AC-cf95401a5715faa6,BLOCK-5c361cba45039733,7,BLOCK-5c361cba45039733
SSCP-eb419c599868652b,MOL-14cdee08b99da2b1,2021_Kelly,AC-ac7e5d0036401990,BLOCK-4494eb5738fce47c,3,BLOCK-4494eb5738fce47c
SSCP-eb4944e712c63db9,MOL-1ae9d628403c24bc,2021_Kelly,AC-5e5c956882423f52,BLOCK-4494eb5738fce47c,3,BLOCK-4494eb5738fce47c
SSCP-eb54b7c076eda1a4,MOL-f5f84f71468142d2,2021_Kelly,AC-5e5c956882423f52,BLOCK-4494eb5738fce47c,3,BLOCK-4494eb5738fce47c
SSCP-eb5f842cf2ca0221,MOL-c267a74afc2a6bdf,2013_CHUGAI,AC-b49e0ec52361ad34,BLOCK-5c361cba45039733,7,BLOCK-5c361cba45039733
SSCP-eb626cf06971736b,MOL-bbfff1d7ae103bed,2015_Bockus_1,AC-4e36071fc5d96b70,BLOCK-513383ed86a73488,5,BLOCK-513383ed86a73488
SSCP-eb630c775d37005c,MOL-6f38b85fd88c0ed1,2016_Frost,AC-78305ee2e743b795,BLOCK-513383ed86a73488,5,BLOCK-513383ed86a73488
SSCP-eb698bcde1010bb9,MOL-b5bcf26fe6fe9060,2024_Faris,AC-e82e3e242d3d320c,BLOCK-c5e520eb3b94ff25,15,BLOCK-c5e520eb3b94ff25
SSCP-eb846f0850fabf2d,MOL-604ae2b63149048d,2020_Townsend,AC-78305ee2e743b795,BLOCK-513383ed86a73488,5,BLOCK-513383ed86a73488
SSCP-eb903bdd5727f7fe,MOL-3b697b6c57d7c177,2013_CHUGAI,AC-9915a59ccaa1a737,BLOCK-5c361cba45039733,7,BLOCK-5c361cba45039733
SSCP-eb90c68bfd3df461,MOL-f0bd814952e6905d,2021_Wang,AC-fbc7f1ef462beb7f,BLOCK-d0fe24e9c28856d1,16,BLOCK-d0fe24e9c28856d1
SSCP-eb936a29d4a4ee6d,MOL-b116b7085ce1b4ff,2022_Bhardwaj,AC-cce9e46e4b620bd5,BLOCK-513383ed86a73488,5,BLOCK-513383ed86a73488
SSCP-eb98fa6c4bd5a28b,MOL-976af2052ffb1661,2021_Kelly,AC-5e5c956882423f52,BLOCK-4494eb5738fce47c,3,BLOCK-4494eb5738fce47c
SSCP-eb9e678e97f2eab1,MOL-7aed70670e2504b1,2024_Faris,AC-e82e3e242d3d320c,BLOCK-c5e520eb3b94ff25,15,BLOCK-c5e520eb3b94ff25
SSCP-eba3aa358d1b1410,MOL-fcf8776d54c66008,2021_Kelly,AC-5e5c956882423f52,BLOCK-4494eb5738fce47c,3,BLOCK-4494eb5738fce47c
SSCP-eba43814e3bff7de,MOL-c861604d3fd89e3f,2021_Kelly,AC-5e5c956882423f52,BLOCK-4494eb5738fce47c,3,BLOCK-4494eb5738fce47c
SSCP-ebc5908ea3695d5d,MOL-fd92870ab434c143,2020_Townsend,AC-78305ee2e743b795,BLOCK-513383ed86a73488,5,BLOCK-513383ed86a73488
SSCP-ebcadb08fe0a9ef6,MOL-9ecd98e3a2789913,2020_Townsend,AC-78305ee2e743b795,BLOCK-513383ed86a73488,5,BLOCK-513383ed86a73488
SSCP-ebd899bc4ba7955d,MOL-f11735de7d94b822,2020_Townsend,AC-78305ee2e743b795,BLOCK-513383ed86a73488,5,BLOCK-513383ed86a73488
SSCP-ebda490c4256b52b,MOL-99748c8dcbc836c9,2020_Townsend,AC-78305ee2e743b795,BLOCK-513383ed86a73488,5,BLOCK-513383ed86a73488
SSCP-ebe19935051a16ba,MOL-d0e7ffc6a93562a2,2020_Townsend,AC-78305ee2e743b795,BLOCK-513383ed86a73488,5,BLOCK-513383ed86a73488
SSCP-ebf03fd19f830329,MOL-76b74d66213d6293,2021_Kelly,AC-5e5c956882423f52,BLOCK-4494eb5738fce47c,3,BLOCK-4494eb5738fce47c
SSCP-ebf475485488e8f1,MOL-ad845b59209cfeee,2020_Townsend,AC-78305ee2e743b795,BLOCK-513383ed86a73488,5,BLOCK-513383ed86a73488
SSCP-ebf5199ba84c6c62,MOL-30c056c0165623bc,2013_CHUGAI,AC-e67ec5bc1103e5b3,BLOCK-5c361cba45039733,7,BLOCK-5c361cba45039733
SSCP-ebf8aa409abae191,MOL-68d4f986f1b1d0c7,2016_Furukawa,AC-78305ee2e743b795,BLOCK-513383ed86a73488,5,BLOCK-513383ed86a73488
SSCP-ebfa37b8f171cafb,MOL-cdaa59881186fda4,2021_Kelly,AC-5e5c956882423f52,BLOCK-4494eb5738fce47c,3,BLOCK-4494eb5738fce47c
SSCP-ec043ea122525b98,MOL-4612aa06f1874cae,2013_CHUGAI,AC-cf95401a5715faa6,BLOCK-5c361cba45039733,7,BLOCK-5c361cba45039733
SSCP-ec0a91c108f61e0e,MOL-a30f56de692ba845,2021_Kelly,AC-5e5c956882423f52,BLOCK-4494eb5738fce47c,3,BLOCK-4494eb5738fce47c
SSCP-ec0b38db01a1a55e,MOL-a5e1e697dd249525,2021_Kelly,AC-5e5c956882423f52,BLOCK-4494eb5738fce47c,3,BLOCK-4494eb5738fce47c
SSCP-ec2302b5f59fae7a,MOL-acdc106a26420717,2021_Kelly,AC-5e5c956882423f52,BLOCK-4494eb5738fce47c,3,BLOCK-4494eb5738fce47c
SSCP-ec23c0d73f235249,MOL-e475c7891c655c80,2020_Townsend,AC-78305ee2e743b795,BLOCK-513383ed86a73488,5,BLOCK-513383ed86a73488
SSCP-ec2c5dde275d8769,MOL-172b9f7f9838411e,2020_Townsend,AC-78305ee2e743b795,BLOCK-513383ed86a73488,5,BLOCK-513383ed86a73488
SSCP-ec2ce680d264a9a2,MOL-273e767d46110935,2020_Townsend,AC-78305ee2e743b795,BLOCK-513383ed86a73488,5,BLOCK-513383ed86a73488
SSCP-ec315fe126a3c4d0,MOL-cb05dbf7e0636724,2020_Townsend,AC-78305ee2e743b795,BLOCK-513383ed86a73488,5,BLOCK-513383ed86a73488
SSCP-ec31679a58f660a1,MOL-7647c3a00377e325,2020_Townsend,AC-78305ee2e743b795,BLOCK-513383ed86a73488,5,BLOCK-513383ed86a73488
SSCP-ec339333cd5dab63,MOL-81b7269e3161cce6,2021_Kelly,AC-5e5c956882423f52,BLOCK-4494eb5738fce47c,3,BLOCK-4494eb5738fce47c
SSCP-ec33e47a57d06abc,MOL-c28a033fd3d57fad,2021_Kelly,AC-5e5c956882423f52,BLOCK-4494eb5738fce47c,3,BLOCK-4494eb5738fce47c
SSCP-ec3eb796deb8e336,MOL-63014dc5ba778110,2020_Townsend,AC-78305ee2e743b795,BLOCK-513383ed86a73488,5,BLOCK-513383ed86a73488
SSCP-ec6dae0e80b8a33b,MOL-887fd29c9f9cce07,2021_Kelly,AC-5e5c956882423f52,BLOCK-4494eb5738fce47c,3,BLOCK-4494eb5738fce47c
SSCP-ec749d6a9185d80e,MOL-00b92030a81b6563,2013_CHUGAI,AC-cf95401a5715faa6,BLOCK-5c361cba45039733,7,BLOCK-5c361cba45039733
SSCP-ec74cbe09a81fd95,MOL-cffe9ab1abfee51b,2024_Faris,AC-e82e3e242d3d320c,BLOCK-c5e520eb3b94ff25,15,BLOCK-c5e520eb3b94ff25
SSCP-ec7939fc05595bf8,MOL-c5e99c043c2a3c64,2024_Faris,AC-e82e3e242d3d320c,BLOCK-c5e520eb3b94ff25,15,BLOCK-c5e520eb3b94ff25
SSCP-ec7aa1c21c8f5736,MOL-7385941b6a538afa,2020_Townsend,AC-78305ee2e743b795,BLOCK-513383ed86a73488,5,BLOCK-513383ed86a73488
SSCP-eca00254bc293d06,MOL-ba823370c4b414a9,2020_Townsend,AC-78305ee2e743b795,BLOCK-513383ed86a73488,5,BLOCK-513383ed86a73488
SSCP-ecb5a069605a1719,MOL-5bd9e6f2d9b062be,2020_Townsend,AC-78305ee2e743b795,BLOCK-513383ed86a73488,5,BLOCK-513383ed86a73488
SSCP-ecbbf09bf668a987,MOL-09df1a615491c68a,2020_Townsend,AC-78305ee2e743b795,BLOCK-513383ed86a73488,5,BLOCK-513383ed86a73488
SSCP-ecbdd7b907cfe339,MOL-5a2b9cf5e1d8cec1,2016_Furukawa,AC-78305ee2e743b795,BLOCK-513383ed86a73488,5,BLOCK-513383ed86a73488
SSCP-ecea21c29ebc39cd,MOL-9b481dc831e9298d,2021_Kelly,AC-6d3257a2b83e15dc,BLOCK-4494eb5738fce47c,3,BLOCK-4494eb5738fce47c
SSCP-ecf19c15cb41a6d6,MOL-61c5c8e3b9545d9a,2024_Faris,AC-e82e3e242d3d320c,BLOCK-c5e520eb3b94ff25,15,BLOCK-c5e520eb3b94ff25
SSCP-ecfab2bfdf166fed,MOL-617882786c96fa1c,2020_Townsend,AC-78305ee2e743b795,BLOCK-513383ed86a73488,5,BLOCK-513383ed86a73488
SSCP-ecfcaceb944571a7,MOL-14ffc41b2811d536,2020_Townsend,AC-78305ee2e743b795,BLOCK-513383ed86a73488,5,BLOCK-513383ed86a73488
SSCP-ed06d1bb1ded4c0d,MOL-72c5d80a456d66c0,2013_CHUGAI,AC-9915a59ccaa1a737,BLOCK-5c361cba45039733,7,BLOCK-5c361cba45039733
SSCP-ed0d954a7302d522,MOL-e36cef5eaaee022e,2013_CHUGAI,AC-cf95401a5715faa6,BLOCK-5c361cba45039733,7,BLOCK-5c361cba45039733
SSCP-ed0fbd279dd57882,MOL-4c06685ab603a431,2013_CHUGAI,AC-cf95401a5715faa6,BLOCK-5c361cba45039733,7,BLOCK-5c361cba45039733
SSCP-ed1fd5e7755f06bd,MOL-c13817563fe200ac,2020_Townsend,AC-78305ee2e743b795,BLOCK-513383ed86a73488,5,BLOCK-513383ed86a73488
SSCP-ed290f8853b672cf,MOL-e4f202e71dada24b,2021_Kelly,AC-5e5c956882423f52,BLOCK-4494eb5738fce47c,3,BLOCK-4494eb5738fce47c
SSCP-ed40deee60a7f9ea,MOL-10eb2a1b8ba4147b,2020_Townsend,AC-78305ee2e743b795,BLOCK-513383ed86a73488,5,BLOCK-513383ed86a73488
SSCP-ed47cedb59358bbb,MOL-17e3de71b18ded31,2013_CHUGAI,AC-cf95401a5715faa6,BLOCK-5c361cba45039733,7,BLOCK-5c361cba45039733
SSCP-ed4e6a51bc5cd957,MOL-59a5333ddc9e5ced,2020_Townsend,AC-78305ee2e743b795,BLOCK-513383ed86a73488,5,BLOCK-513383ed86a73488
SSCP-ed61f51e98755ae7,MOL-457203f362e780bb,2013_CHUGAI,AC-cf95401a5715faa6,BLOCK-5c361cba45039733,7,BLOCK-5c361cba45039733
SSCP-ed72b0067d270e57,MOL-d4805a2597fd5532,2013_CHUGAI,AC-9915a59ccaa1a737,BLOCK-5c361cba45039733,7,BLOCK-5c361cba45039733
SSCP-ed8166faf05b7c59,MOL-4b97014e0e5bffd3,2021_Kelly,AC-5e5c956882423f52,BLOCK-4494eb5738fce47c,3,BLOCK-4494eb5738fce47c
SSCP-ed89a7a979b52d39,MOL-f6ea54b56ee79ee9,2021_Wang,AC-fbc7f1ef462beb7f,BLOCK-d0fe24e9c28856d1,16,BLOCK-d0fe24e9c28856d1
SSCP-ed921128bd97a919,MOL-f6dc22b10a56e592,2022_Bhardwaj,AC-bbf0703a8fd91dff,BLOCK-513383ed86a73488,5,BLOCK-513383ed86a73488
SSCP-ed92419cf27b71c9,MOL-ce15aeceda55290f,2016_Furukawa,AC-78305ee2e743b795,BLOCK-513383ed86a73488,5,BLOCK-513383ed86a73488
SSCP-edab51c1f1609956,MOL-287c7b669b96fcbd,2016_Furukawa,AC-78305ee2e743b795,BLOCK-513383ed86a73488,5,BLOCK-513383ed86a73488
SSCP-edaef592bf2400f3,MOL-7015c293f5bfdb68,2021_Comeau,AC-b74b4d5565722d16,BLOCK-bb4bcb852b735057,12,BLOCK-bb4bcb852b735057
SSCP-edbfa56ba4233653,MOL-6dc7ac30aa0e4d9b,2020_Townsend,AC-78305ee2e743b795,BLOCK-513383ed86a73488,5,BLOCK-513383ed86a73488
SSCP-edc9521094e74de7,MOL-c76143dba0e0793a,2013_CHUGAI,AC-9086a9a191e81a29,BLOCK-5c361cba45039733,7,BLOCK-5c361cba45039733
SSCP-edcc07023d03bc6c,MOL-49cf81f560cfb710,2013_CHUGAI,AC-cf95401a5715faa6,BLOCK-5c361cba45039733,7,BLOCK-5c361cba45039733
SSCP-edcf9a57a5b830c5,MOL-c2d9d79076368b9b,2015_Wang,AC-644074c9f7447af5,BLOCK-513383ed86a73488,5,BLOCK-513383ed86a73488
SSCP-edd1d9b82d7bed21,MOL-82579d99ff2b5c51,2021_Kelly,AC-ac7e5d0036401990,BLOCK-4494eb5738fce47c,3,BLOCK-4494eb5738fce47c
SSCP-edddc4b3939ed2e5,MOL-9114341677ef493f,2020_Townsend,AC-78305ee2e743b795,BLOCK-513383ed86a73488,5,BLOCK-513383ed86a73488
SSCP-ede26c7e8acdbb6f,MOL-efa157d7c4d8ae0d,2021_Kelly,AC-5e5c956882423f52,BLOCK-4494eb5738fce47c,3,BLOCK-4494eb5738fce47c
SSCP-ede3b0583f681f6d,MOL-7aa69b30f592515d,2020_Townsend,AC-78305ee2e743b795,BLOCK-513383ed86a73488,5,BLOCK-513383ed86a73488
SSCP-ede68de203aac616,MOL-81d0a37b84b66e44,2021_Kelly,AC-5e5c956882423f52,BLOCK-4494eb5738fce47c,3,BLOCK-4494eb5738fce47c
SSCP-edf69e8a3b14ca02,MOL-462083fd0ca110a5,2021_Kelly,AC-5e5c956882423f52,BLOCK-4494eb5738fce47c,3,BLOCK-4494eb5738fce47c
SSCP-edf7fb5ff2427730,MOL-1feab25fb60a4ffe,2021_Kelly,AC-5e5c956882423f52,BLOCK-4494eb5738fce47c,3,BLOCK-4494eb5738fce47c
SSCP-ee02249232c502e7,MOL-1e4e3580af74bc72,2016_Furukawa,AC-78305ee2e743b795,BLOCK-513383ed86a73488,5,BLOCK-513383ed86a73488
SSCP-ee10bc6742c2a099,MOL-f59ef367c3eaacf3,2020_Townsend,AC-78305ee2e743b795,BLOCK-513383ed86a73488,5,BLOCK-513383ed86a73488
SSCP-ee1a3abbe7b586b1,MOL-7139fdc371bd56f3,2024_Faris,AC-e82e3e242d3d320c,BLOCK-c5e520eb3b94ff25,15,BLOCK-c5e520eb3b94ff25
SSCP-ee22816d2df991bd,MOL-87a91397ea5e874f,2020_Townsend,AC-78305ee2e743b795,BLOCK-513383ed86a73488,5,BLOCK-513383ed86a73488
SSCP-ee27aff333d55734,MOL-0b901b5c757148ea,2020_Townsend,AC-78305ee2e743b795,BLOCK-513383ed86a73488,5,BLOCK-513383ed86a73488
SSCP-ee2faaec72aed960,MOL-02fac3b64016b497,2020_Townsend,AC-78305ee2e743b795,BLOCK-513383ed86a73488,5,BLOCK-513383ed86a73488
SSCP-ee3502256d7e2248,MOL-8a4809ca73cf3c52,2021_Lee,AC-4cbd321fd3e6c472,BLOCK-513383ed86a73488,5,BLOCK-513383ed86a73488
SSCP-ee38feb24a5cf2b2,MOL-64f17f02a9bf3c63,2021_Kelly,AC-5e5c956882423f52,BLOCK-4494eb5738fce47c,3,BLOCK-4494eb5738fce47c
SSCP-ee40a439f2249cea,MOL-d8b2f1d6f3588c0c,2020_Townsend,AC-78305ee2e743b795,BLOCK-513383ed86a73488,5,BLOCK-513383ed86a73488
SSCP-ee44ccac2d7fe452,MOL-304833fc9bf6a213,2020_Townsend,AC-78305ee2e743b795,BLOCK-513383ed86a73488,5,BLOCK-513383ed86a73488
SSCP-ee4da9e98f0d02ca,MOL-66df4da8e38b8f6b,2021_Kelly,AC-5e5c956882423f52,BLOCK-4494eb5738fce47c,3,BLOCK-4494eb5738fce47c
SSCP-ee530dc3a846e3e7,MOL-fc9ae9962b01f551,2013_CHUGAI,AC-cf95401a5715faa6,BLOCK-5c361cba45039733,7,BLOCK-5c361cba45039733
SSCP-ee5df92dd011784a,MOL-8f1119e3174fb702,2020_Le Roux,AC-b74b4d5565722d16,BLOCK-bb4bcb852b735057,12,BLOCK-bb4bcb852b735057
SSCP-ee5eccb8a2254c88,MOL-1468754edd1e45f7,2013_CHUGAI,AC-f446c22ae6c782b2,BLOCK-5c361cba45039733,7,BLOCK-5c361cba45039733
SSCP-ee6724d1742bf678,MOL-da39957ed5eb53d8,2020_Townsend,AC-78305ee2e743b795,BLOCK-513383ed86a73488,5,BLOCK-513383ed86a73488
SSCP-ee71b8bf53f24334,MOL-e8ce38c511ed3097,2021_Kelly,AC-6d3257a2b83e15dc,BLOCK-4494eb5738fce47c,3,BLOCK-4494eb5738fce47c
SSCP-ee7213a7b7bbfd54,MOL-55f7210110d4031f,2013_CHUGAI,AC-9915a59ccaa1a737,BLOCK-5c361cba45039733,7,BLOCK-5c361cba45039733
SSCP-ee7718b6920ded5a,MOL-e39deb5e368aa4e0,2015_Ahlbach,AC-e92a06fc810c7a3d,BLOCK-513383ed86a73488,5,BLOCK-513383ed86a73488
SSCP-ee78423801019d69,MOL-caaf6e3f04da4d79,2024_Ly,AC-b74b4d5565722d16,BLOCK-bb4bcb852b735057,12,BLOCK-bb4bcb852b735057
SSCP-ee7ae221e9a624c9,MOL-8153d3ce9c098227,2021_Kelly,AC-5e5c956882423f52,BLOCK-4494eb5738fce47c,3,BLOCK-4494eb5738fce47c
SSCP-ee7b129a22158274,MOL-faf6f97323833aa0,2016_Furukawa,AC-78305ee2e743b795,BLOCK-513383ed86a73488,5,BLOCK-513383ed86a73488
SSCP-ee92b0487691bb80,MOL-0463c00a6d927c15,2020_Townsend,AC-78305ee2e743b795,BLOCK-513383ed86a73488,5,BLOCK-513383ed86a73488
SSCP-ee9c3b3ffbfc80d6,MOL-7c5a65dd562a8cb2,2022_Taechalertpaisarn,AC-78305ee2e743b795,BLOCK-513383ed86a73488,5,BLOCK-513383ed86a73488
SSCP-eea7f8fc19f009e8,MOL-7bdeb7af135b94ad,2021_Kelly,AC-5e5c956882423f52,BLOCK-4494eb5738fce47c,3,BLOCK-4494eb5738fce47c
SSCP-eed654e9eac25bc0,MOL-a84fe5884e792434,2015_Ahlbach,AC-d7e3dc9dd9e0c1d8,BLOCK-513383ed86a73488,5,BLOCK-513383ed86a73488
SSCP-eeded4b7fe3cf18d,MOL-8c0baec8dfdce632,2021_Kelly,AC-5e5c956882423f52,BLOCK-4494eb5738fce47c,3,BLOCK-4494eb5738fce47c
SSCP-eedfdbaf90d702d9,MOL-a8da03cd4a214202,2021_Kelly,AC-5e5c956882423f52,BLOCK-4494eb5738fce47c,3,BLOCK-4494eb5738fce47c
SSCP-eee434b47bcbf0d6,MOL-d572645bbe22696f,2021_Kelly,AC-5e5c956882423f52,BLOCK-4494eb5738fce47c,3,BLOCK-4494eb5738fce47c
SSCP-eee50953b01072ee,MOL-72f4e0b092e9d4ed,2020_Townsend,AC-78305ee2e743b795,BLOCK-513383ed86a73488,5,BLOCK-513383ed86a73488
SSCP-eeefa5a30290bd33,MOL-325ac9901085267e,2020_Townsend,AC-78305ee2e743b795,BLOCK-513383ed86a73488,5,BLOCK-513383ed86a73488
SSCP-ef04e5aee75a63f2,MOL-6bc11dba28feb496,2020_Townsend,AC-78305ee2e743b795,BLOCK-513383ed86a73488,5,BLOCK-513383ed86a73488
SSCP-ef0baf881043bedf,MOL-eb59354a02819b4d,2022_Bhardwaj,AC-78305ee2e743b795,BLOCK-513383ed86a73488,5,BLOCK-513383ed86a73488
SSCP-ef1b9b17860fcbb8,MOL-59303b570ca4b887,2016_Furukawa,AC-78305ee2e743b795,BLOCK-513383ed86a73488,5,BLOCK-513383ed86a73488
SSCP-ef244e6e5308c655,MOL-d9f71cca74c48692,2020_Townsend,AC-78305ee2e743b795,BLOCK-513383ed86a73488,5,BLOCK-513383ed86a73488
SSCP-ef29cc3fb21bbc64,MOL-4c10510248573510,2021_Kelly,AC-5e5c956882423f52,BLOCK-4494eb5738fce47c,3,BLOCK-4494eb5738fce47c
SSCP-ef2ac76769956303,MOL-e11903d5d05a33ba,2020_Townsend,AC-78305ee2e743b795,BLOCK-513383ed86a73488,5,BLOCK-513383ed86a73488
SSCP-ef30692d22da2413,MOL-3f01bbbecf55dce4,2016_Furukawa,AC-78305ee2e743b795,BLOCK-513383ed86a73488,5,BLOCK-513383ed86a73488
SSCP-ef3f13ab015d6dd7,MOL-ad9ded16028f301b,2013_CHUGAI,AC-cf95401a5715faa6,BLOCK-5c361cba45039733,7,BLOCK-5c361cba45039733
SSCP-ef42516076c53c61,MOL-503d5dd6866c3d86,2020_Townsend,AC-78305ee2e743b795,BLOCK-513383ed86a73488,5,BLOCK-513383ed86a73488
SSCP-ef42ff10ae6b841b,MOL-43a061bec3c3b5ae,2020_Townsend,AC-78305ee2e743b795,BLOCK-513383ed86a73488,5,BLOCK-513383ed86a73488
SSCP-ef4401133d09ec63,MOL-9875a27bfabab66a,2016_Furukawa,AC-78305ee2e743b795,BLOCK-513383ed86a73488,5,BLOCK-513383ed86a73488
SSCP-ef47fe1bdb4750ad,MOL-780d3a9633c7b015,2020_Townsend,AC-78305ee2e743b795,BLOCK-513383ed86a73488,5,BLOCK-513383ed86a73488
SSCP-ef4915bc6369fba0,MOL-5931fe1277edc347,2021_Kelly,AC-5e5c956882423f52,BLOCK-4494eb5738fce47c,3,BLOCK-4494eb5738fce47c
SSCP-ef65f48c947413ff,MOL-9a7767bf5e71911e,2020_Townsend,AC-78305ee2e743b795,BLOCK-513383ed86a73488,5,BLOCK-513383ed86a73488
SSCP-ef6913e40cc67789,MOL-d58dfebc44e3a5ea,2020_Townsend,AC-78305ee2e743b795,BLOCK-513383ed86a73488,5,BLOCK-513383ed86a73488
SSCP-ef71940a9396458b,MOL-75dbf75e05a364f8,2021_Kelly,AC-5e5c956882423f52,BLOCK-4494eb5738fce47c,3,BLOCK-4494eb5738fce47c
SSCP-ef954e1a1432de42,MOL-20d854f5014ba872,2020_Townsend,AC-78305ee2e743b795,BLOCK-513383ed86a73488,5,BLOCK-513383ed86a73488
SSCP-ef9adcda3e8315cf,MOL-2c1d6ad1c5651bd1,2021_Kelly,AC-5e5c956882423f52,BLOCK-4494eb5738fce47c,3,BLOCK-4494eb5738fce47c
SSCP-efa3e0abc3df3ba6,MOL-616fd21bcd07a613,2020_Townsend,AC-78305ee2e743b795,BLOCK-513383ed86a73488,5,BLOCK-513383ed86a73488
SSCP-efae4a906421b98c,MOL-145bf375c8affa48,2020_Townsend,AC-78305ee2e743b795,BLOCK-513383ed86a73488,5,BLOCK-513383ed86a73488
SSCP-efbc9110e8d1de20,MOL-253322996401ad1b,2021_Kelly,AC-5e5c956882423f52,BLOCK-4494eb5738fce47c,3,BLOCK-4494eb5738fce47c
SSCP-efbd5c7dd01233d9,MOL-390dc73e376e3fda,2024_Koch,AC-e82e3e242d3d320c,BLOCK-c5e520eb3b94ff25,15,BLOCK-c5e520eb3b94ff25
SSCP-efbdeb059aeb1837,MOL-caaada0e0436ee36,2013_CHUGAI,AC-cf95401a5715faa6,BLOCK-5c361cba45039733,7,BLOCK-5c361cba45039733
SSCP-efc237d911a98f73,MOL-90e6b34c8ae74d74,2020_Townsend,AC-78305ee2e743b795,BLOCK-513383ed86a73488,5,BLOCK-513383ed86a73488
SSCP-efe843ac802c4935,MOL-800bc636614c0134,2021_Kelly,AC-5e5c956882423f52,BLOCK-4494eb5738fce47c,3,BLOCK-4494eb5738fce47c
SSCP-efe89e77980f37bc,MOL-63684a8c0fb15410,2020_Townsend,AC-78305ee2e743b795,BLOCK-513383ed86a73488,5,BLOCK-513383ed86a73488
SSCP-efebde7ad6603833,MOL-e02984cb905bdff9,2020_Townsend,AC-78305ee2e743b795,BLOCK-513383ed86a73488,5,BLOCK-513383ed86a73488
SSCP-eff64c393aa447be,MOL-5e767186cd9aeca0,2018_Naylor,AC-78305ee2e743b795,BLOCK-513383ed86a73488,5,BLOCK-513383ed86a73488
SSCP-eff736f07ba4ba22,MOL-cacd0ac4c29dd985,2024_Bergeron,AC-56c4e91809b5e2c6,BLOCK-5930edb067c8c52f,6,BLOCK-5930edb067c8c52f
SSCP-effdd44cd31cbdf7,MOL-b8eac3a06ed29ed0,2023_Ghosh,AC-2e794211b979bb3e,BLOCK-513383ed86a73488,5,BLOCK-513383ed86a73488
SSCP-f007088356aa1daa,MOL-aea97f4d7169a779,2020_Townsend,AC-78305ee2e743b795,BLOCK-513383ed86a73488,5,BLOCK-513383ed86a73488
SSCP-f00f565318c34ae2,MOL-a7e97fe699ec075c,2021_Kelly,AC-5e5c956882423f52,BLOCK-4494eb5738fce47c,3,BLOCK-4494eb5738fce47c
SSCP-f01309f603ecaf36,MOL-7a3f536ff2b270ca,2021_Kelly,AC-5e5c956882423f52,BLOCK-4494eb5738fce47c,3,BLOCK-4494eb5738fce47c
SSCP-f018d27fe2dad16e,MOL-c0f120fc66cb3c49,2013_CHUGAI,AC-9915a59ccaa1a737,BLOCK-5c361cba45039733,7,BLOCK-5c361cba45039733
SSCP-f02f77809442b27e,MOL-de2a509a74c3f091,2015_Ahlbach,AC-d7e3dc9dd9e0c1d8,BLOCK-513383ed86a73488,5,BLOCK-513383ed86a73488
SSCP-f03065cc238f49c2,MOL-4478b8a1490b7bdd,2018_Naylor,AC-78305ee2e743b795,BLOCK-513383ed86a73488,5,BLOCK-513383ed86a73488
SSCP-f03c4d2f521d7d9b,MOL-2e582648715297a5,2013_CHUGAI,AC-9915a59ccaa1a737,BLOCK-5c361cba45039733,7,BLOCK-5c361cba45039733
SSCP-f04ccf4d279abb46,MOL-32f00362099bd753,2020_Townsend,AC-78305ee2e743b795,BLOCK-513383ed86a73488,5,BLOCK-513383ed86a73488
SSCP-f04ce1a796d7b7a0,MOL-7c22c15b800d3b6c,2020_Townsend,AC-78305ee2e743b795,BLOCK-513383ed86a73488,5,BLOCK-513383ed86a73488
SSCP-f088706290a7fcb5,MOL-d625386cdfd14768,2021_Kelly,AC-5e5c956882423f52,BLOCK-4494eb5738fce47c,3,BLOCK-4494eb5738fce47c
SSCP-f09068ec5e90f900,MOL-6be3642c3c6685f0,2013_CHUGAI,AC-cf95401a5715faa6,BLOCK-5c361cba45039733,7,BLOCK-5c361cba45039733
SSCP-f096f92e651577b1,MOL-94df1d793ddc5cd7,2020_Townsend,AC-78305ee2e743b795,BLOCK-513383ed86a73488,5,BLOCK-513383ed86a73488
SSCP-f0aff5a4f6f78665,MOL-9cec4311bce82f27,2020_Townsend,AC-78305ee2e743b795,BLOCK-513383ed86a73488,5,BLOCK-513383ed86a73488
SSCP-f0b1e8f1e839dd19,MOL-674fdea5b9b033bf,2024_Faris,AC-e82e3e242d3d320c,BLOCK-c5e520eb3b94ff25,15,BLOCK-c5e520eb3b94ff25
SSCP-f0c96e898a9749bc,MOL-d7b1232077d995c8,2016_Furukawa,AC-78305ee2e743b795,BLOCK-513383ed86a73488,5,BLOCK-513383ed86a73488
SSCP-f0d1a17a6e5c4bc2,MOL-e7fa9b11286d4592,2021_Kelly,AC-5e5c956882423f52,BLOCK-4494eb5738fce47c,3,BLOCK-4494eb5738fce47c
SSCP-f0de1b2bae6827ce,MOL-6f3e591913544cbd,2020_Townsend,AC-78305ee2e743b795,BLOCK-513383ed86a73488,5,BLOCK-513383ed86a73488
SSCP-f0e36f1804d3c3e9,MOL-83473e46f6aa327d,2021_Kelly,AC-5e5c956882423f52,BLOCK-4494eb5738fce47c,3,BLOCK-4494eb5738fce47c
SSCP-f0fb5c90d7cd6553,MOL-305d37449f4889e0,2019_Ono,AC-78305ee2e743b795,BLOCK-513383ed86a73488,5,BLOCK-513383ed86a73488
SSCP-f0fd986359df30be,MOL-0c09f74cf2dd50b0,2020_Townsend,AC-78305ee2e743b795,BLOCK-513383ed86a73488,5,BLOCK-513383ed86a73488
SSCP-f0ffcbeb558e1bbf,MOL-8bd4667d5dc8146c,2021_Kelly,AC-5e5c956882423f52,BLOCK-4494eb5738fce47c,3,BLOCK-4494eb5738fce47c
SSCP-f1069a195aa447bb,MOL-747b5cb6398caf77,2020_Townsend,AC-78305ee2e743b795,BLOCK-513383ed86a73488,5,BLOCK-513383ed86a73488
SSCP-f112729d800bc39f,MOL-7a900770f40ce1bf,2020_Townsend,AC-78305ee2e743b795,BLOCK-513383ed86a73488,5,BLOCK-513383ed86a73488
SSCP-f11bb3d27fa642d2,MOL-1c67cd3014c428f3,2013_CHUGAI,AC-9915a59ccaa1a737,BLOCK-5c361cba45039733,7,BLOCK-5c361cba45039733
SSCP-f12f722f06eecf87,MOL-67bebb5534382b1b,2020_Townsend,AC-78305ee2e743b795,BLOCK-513383ed86a73488,5,BLOCK-513383ed86a73488
SSCP-f1328d37a748e807,MOL-be71f3fac7f0fd66,2020_Townsend,AC-78305ee2e743b795,BLOCK-513383ed86a73488,5,BLOCK-513383ed86a73488
SSCP-f14044cc306b1e7f,MOL-b0b528e36d0a68fa,2016_Furukawa,AC-78305ee2e743b795,BLOCK-513383ed86a73488,5,BLOCK-513383ed86a73488
SSCP-f14064207d4cc877,MOL-e5e657f0d71bb88d,2020_Townsend,AC-78305ee2e743b795,BLOCK-513383ed86a73488,5,BLOCK-513383ed86a73488
SSCP-f14c960498261543,MOL-16ebe39715f3ffc9,2013_CHUGAI,AC-cf95401a5715faa6,BLOCK-5c361cba45039733,7,BLOCK-5c361cba45039733
SSCP-f15816e46f02bba6,MOL-a7953de84d1bd473,2020_Townsend,AC-78305ee2e743b795,BLOCK-513383ed86a73488,5,BLOCK-513383ed86a73488
SSCP-f15bc11ca2b7250c,MOL-0b6d2a30e3fb1282,2013_CHUGAI,AC-46a7f0b10bd84074,BLOCK-5c361cba45039733,7,BLOCK-5c361cba45039733
SSCP-f161a98821d13129,MOL-192f10fe1475f234,2017_Pye,AC-9fabc791bd5e32a1,BLOCK-2c0090ee1dd5b17e,1,BLOCK-2c0090ee1dd5b17e
SSCP-f1726bc55b240f86,MOL-8b419a35bab8810e,2020_Townsend,AC-78305ee2e743b795,BLOCK-513383ed86a73488,5,BLOCK-513383ed86a73488
SSCP-f17f6f3c589b2e03,MOL-2c5c0a87de74211e,2020_Townsend,AC-78305ee2e743b795,BLOCK-513383ed86a73488,5,BLOCK-513383ed86a73488
SSCP-f18d1465b941d1a7,MOL-6af17d710ae72cda,2021_Kelly,AC-5e5c956882423f52,BLOCK-4494eb5738fce47c,3,BLOCK-4494eb5738fce47c
SSCP-f1937067e3b0d51d,MOL-fef2bca73dbd7b8d,2020_Townsend,AC-78305ee2e743b795,BLOCK-513383ed86a73488,5,BLOCK-513383ed86a73488
SSCP-f19aee5670456402,MOL-e1c136968690ba63,2022_Saunders,AC-27e7a4a63346c902,BLOCK-513383ed86a73488,5,BLOCK-513383ed86a73488
SSCP-f1a2ac2c6b96b407,MOL-59c0710941536943,2021_Kelly,AC-6d3257a2b83e15dc,BLOCK-4494eb5738fce47c,3,BLOCK-4494eb5738fce47c
SSCP-f1a8f167df683d5d,MOL-5f1e21fef36a30c4,2021_Kelly,AC-5e5c956882423f52,BLOCK-4494eb5738fce47c,3,BLOCK-4494eb5738fce47c
SSCP-f1b7621009b55865,MOL-77c9fa3befb569e3,2020_Townsend,AC-78305ee2e743b795,BLOCK-513383ed86a73488,5,BLOCK-513383ed86a73488
SSCP-f1c7df06ea22058e,MOL-4662fd791a4ad479,2020_Townsend,AC-78305ee2e743b795,BLOCK-513383ed86a73488,5,BLOCK-513383ed86a73488
SSCP-f1d49beeb0166014,MOL-c904645be895c79d,2020_Townsend,AC-78305ee2e743b795,BLOCK-513383ed86a73488,5,BLOCK-513383ed86a73488
SSCP-f1d4daaea9240ec7,MOL-602c9292f94c505f,2020_Townsend,AC-78305ee2e743b795,BLOCK-513383ed86a73488,5,BLOCK-513383ed86a73488
SSCP-f1dc094b08774bc3,MOL-140904ac0cc8a33b,2021_Kelly,AC-5e5c956882423f52,BLOCK-4494eb5738fce47c,3,BLOCK-4494eb5738fce47c
SSCP-f1e490fbb84a7e20,MOL-505a1d490e4ee46b,2020_Townsend,AC-78305ee2e743b795,BLOCK-513383ed86a73488,5,BLOCK-513383ed86a73488
SSCP-f1e71466675f13ce,MOL-e600ae66f1c09b30,2020_Townsend,AC-78305ee2e743b795,BLOCK-513383ed86a73488,5,BLOCK-513383ed86a73488
SSCP-f1e7a5a84e933c68,MOL-9e1895069a753c67,2013_CHUGAI,AC-cf95401a5715faa6,BLOCK-5c361cba45039733,7,BLOCK-5c361cba45039733
SSCP-f1ee22dfd35fb46d,MOL-6b47f0352dabc517,2020_Townsend,AC-78305ee2e743b795,BLOCK-513383ed86a73488,5,BLOCK-513383ed86a73488
SSCP-f1f94a3858eae6e3,MOL-1e950b55715eb7ac,2024_Faris,AC-e82e3e242d3d320c,BLOCK-c5e520eb3b94ff25,15,BLOCK-c5e520eb3b94ff25
SSCP-f2153aa30e330e0d,MOL-5fcf57e94aed1812,2021_Kelly,AC-5e5c956882423f52,BLOCK-4494eb5738fce47c,3,BLOCK-4494eb5738fce47c
SSCP-f228c1f261c7e525,MOL-eee6ae85c246a325,2021_Kelly,AC-5e5c956882423f52,BLOCK-4494eb5738fce47c,3,BLOCK-4494eb5738fce47c
SSCP-f23059690c7c8181,MOL-79af587f33393e5d,2020_Townsend,AC-78305ee2e743b795,BLOCK-513383ed86a73488,5,BLOCK-513383ed86a73488
SSCP-f2317c89c567ffdb,MOL-0e703e4d23033a10,2020_Townsend,AC-78305ee2e743b795,BLOCK-513383ed86a73488,5,BLOCK-513383ed86a73488
SSCP-f2342a6ea2a52b20,MOL-38fb7dddcb66f7da,2013_CHUGAI,AC-cf95401a5715faa6,BLOCK-5c361cba45039733,7,BLOCK-5c361cba45039733
SSCP-f234f03c0eb6bfee,MOL-6c0ca734688312ef,2016_Furukawa,AC-78305ee2e743b795,BLOCK-513383ed86a73488,5,BLOCK-513383ed86a73488
SSCP-f2368591d515daa5,MOL-cce7dc4ad482775c,2021_Kelly,AC-5e5c956882423f52,BLOCK-4494eb5738fce47c,3,BLOCK-4494eb5738fce47c
SSCP-f242d66572a8275f,MOL-615ff96f74a61ba5,2021_Kelly,AC-5e5c956882423f52,BLOCK-4494eb5738fce47c,3,BLOCK-4494eb5738fce47c
SSCP-f245a612bbe97107,MOL-454c3289b706260b,2021_Kelly,AC-5e5c956882423f52,BLOCK-4494eb5738fce47c,3,BLOCK-4494eb5738fce47c
SSCP-f2473b8c4aac366a,MOL-4e5039a4cccba4cc,2020_Townsend,AC-78305ee2e743b795,BLOCK-513383ed86a73488,5,BLOCK-513383ed86a73488
SSCP-f24beae95f236cdb,MOL-63fb104983b084b8,2024_Faris,AC-e82e3e242d3d320c,BLOCK-c5e520eb3b94ff25,15,BLOCK-c5e520eb3b94ff25
SSCP-f24d24b001f2e0d8,MOL-4537202bf1771f7e,2020_Townsend,AC-78305ee2e743b795,BLOCK-513383ed86a73488,5,BLOCK-513383ed86a73488
SSCP-f24edd42d740139f,MOL-9847ba4b7ad934b6,2016_Furukawa,AC-78305ee2e743b795,BLOCK-513383ed86a73488,5,BLOCK-513383ed86a73488
SSCP-f2504062b2f60c11,MOL-9e856793c29c390d,2020_Townsend,AC-78305ee2e743b795,BLOCK-513383ed86a73488,5,BLOCK-513383ed86a73488
SSCP-f25d191f1840cba6,MOL-442bc368976d04b6,2020_Townsend,AC-78305ee2e743b795,BLOCK-513383ed86a73488,5,BLOCK-513383ed86a73488
SSCP-f25d4890000ef52e,MOL-ae76f8a2782a77c1,2013_CHUGAI,AC-cf95401a5715faa6,BLOCK-5c361cba45039733,7,BLOCK-5c361cba45039733
SSCP-f26b9dca83e905bf,MOL-405c49fc988e5d80,2021_Kelly,AC-5e5c956882423f52,BLOCK-4494eb5738fce47c,3,BLOCK-4494eb5738fce47c
SSCP-f27bab9250684e63,MOL-d04aeee8eee6cca1,2016_Furukawa,AC-78305ee2e743b795,BLOCK-513383ed86a73488,5,BLOCK-513383ed86a73488
SSCP-f289f6740a730b45,MOL-04f8ffbd896a5fdd,2020_Townsend,AC-78305ee2e743b795,BLOCK-513383ed86a73488,5,BLOCK-513383ed86a73488
SSCP-f28a82f57ae0159a,MOL-b4499a4674db5a55,2016_Furukawa,AC-78305ee2e743b795,BLOCK-513383ed86a73488,5,BLOCK-513383ed86a73488
SSCP-f293c5ecdca3a313,MOL-4f2945f1cbe80f0d,2021_Kelly,AC-5e5c956882423f52,BLOCK-4494eb5738fce47c,3,BLOCK-4494eb5738fce47c
SSCP-f299344c33bb2192,MOL-dfd13f1582ad2f5b,2020_Townsend,AC-78305ee2e743b795,BLOCK-513383ed86a73488,5,BLOCK-513383ed86a73488
SSCP-f29d548719598dfc,MOL-567cf81d9d9aea5f,2016_Furukawa,AC-78305ee2e743b795,BLOCK-513383ed86a73488,5,BLOCK-513383ed86a73488
SSCP-f2a0f80cdffaecdc,MOL-117fb123aa25daa3,2020_Townsend,AC-78305ee2e743b795,BLOCK-513383ed86a73488,5,BLOCK-513383ed86a73488
SSCP-f2a67d7a09c08d6c,MOL-a98810905c7e7bec,2020_Townsend,AC-78305ee2e743b795,BLOCK-513383ed86a73488,5,BLOCK-513383ed86a73488
SSCP-f2be2e10921a9bdb,MOL-5978cf50a7de1255,2021_Kelly,AC-ac7e5d0036401990,BLOCK-4494eb5738fce47c,3,BLOCK-4494eb5738fce47c
SSCP-f2ca9591a15a9afb,MOL-dbd8a2089defcb4f,2020_Townsend,AC-78305ee2e743b795,BLOCK-513383ed86a73488,5,BLOCK-513383ed86a73488
SSCP-f2ce440ac8a0e182,MOL-6bbb4e9f6ff8a82f,2020_Townsend,AC-78305ee2e743b795,BLOCK-513383ed86a73488,5,BLOCK-513383ed86a73488
SSCP-f2e0d67d5f88a7f0,MOL-99610cf730644751,2020_Townsend,AC-78305ee2e743b795,BLOCK-513383ed86a73488,5,BLOCK-513383ed86a73488
SSCP-f2e8501889cbd419,MOL-18277af80283645b,2020_Townsend,AC-78305ee2e743b795,BLOCK-513383ed86a73488,5,BLOCK-513383ed86a73488
SSCP-f2f04451daccbd4d,MOL-953a965b1fdee2c6,2021_Kelly,AC-5e5c956882423f52,BLOCK-4494eb5738fce47c,3,BLOCK-4494eb5738fce47c
SSCP-f3025d9d9d13762a,MOL-6562a7fc92217e97,2021_Kelly,AC-6d3257a2b83e15dc,BLOCK-4494eb5738fce47c,3,BLOCK-4494eb5738fce47c
SSCP-f306616585fe1371,MOL-2199c56b99ae4082,2021_Kelly,AC-5e5c956882423f52,BLOCK-4494eb5738fce47c,3,BLOCK-4494eb5738fce47c
SSCP-f30cec7c69785f41,MOL-562693777d521fde,2016_Furukawa,AC-78305ee2e743b795,BLOCK-513383ed86a73488,5,BLOCK-513383ed86a73488
SSCP-f31d82ebcc21ef34,MOL-d0500c3f930f47e0,2021_Kelly,AC-ac7e5d0036401990,BLOCK-4494eb5738fce47c,3,BLOCK-4494eb5738fce47c
SSCP-f31e9b483a3393de,MOL-17dba8bf06a62a1f,2016_Furukawa,AC-78305ee2e743b795,BLOCK-513383ed86a73488,5,BLOCK-513383ed86a73488
SSCP-f3204d149be7e008,MOL-c7674b7ea920872c,2013_CHUGAI,AC-cf95401a5715faa6,BLOCK-5c361cba45039733,7,BLOCK-5c361cba45039733
SSCP-f326c2d8f6b4998f,MOL-9ec596feb681f696,2020_Le Roux,AC-b74b4d5565722d16,BLOCK-bb4bcb852b735057,12,BLOCK-bb4bcb852b735057
SSCP-f331e2fae45e30cb,MOL-9a5808d6029b96c5,2020_Townsend,AC-78305ee2e743b795,BLOCK-513383ed86a73488,5,BLOCK-513383ed86a73488
SSCP-f3339c9ff14b36f3,MOL-e8354bbc98ec27ee,2020_Townsend,AC-78305ee2e743b795,BLOCK-513383ed86a73488,5,BLOCK-513383ed86a73488
SSCP-f34feb52c26c9c61,MOL-f56fe7f338036145,2024_Faris,AC-e82e3e242d3d320c,BLOCK-c5e520eb3b94ff25,15,BLOCK-c5e520eb3b94ff25
SSCP-f35a751a414f5cf2,MOL-f9cd4ca8fa7d2428,2020_Townsend,AC-78305ee2e743b795,BLOCK-513383ed86a73488,5,BLOCK-513383ed86a73488
SSCP-f3609eb2698f0c4a,MOL-ae97e65d8aba8d82,2021_Kelly,AC-5e5c956882423f52,BLOCK-4494eb5738fce47c,3,BLOCK-4494eb5738fce47c
SSCP-f36550c07c61a85d,MOL-97fbc1441afccafd,2013_CHUGAI,AC-cf95401a5715faa6,BLOCK-5c361cba45039733,7,BLOCK-5c361cba45039733
SSCP-f3927c1f2e51540b,MOL-d7ee55938d9e9d4a,2020_Townsend,AC-78305ee2e743b795,BLOCK-513383ed86a73488,5,BLOCK-513383ed86a73488
SSCP-f39b104c37e7a54d,MOL-c01ab06035988008,2020_Townsend,AC-78305ee2e743b795,BLOCK-513383ed86a73488,5,BLOCK-513383ed86a73488
SSCP-f39bd7351bb0d21e,MOL-74275bea5fdbfcbd,2013_CHUGAI,AC-cf95401a5715faa6,BLOCK-5c361cba45039733,7,BLOCK-5c361cba45039733
SSCP-f39bdb1106188a4d,MOL-704761dbc542ad79,2020_Townsend,AC-78305ee2e743b795,BLOCK-513383ed86a73488,5,BLOCK-513383ed86a73488
SSCP-f3a50cbf78cb3e61,MOL-8f52a808945449e5,2016_Furukawa,AC-78305ee2e743b795,BLOCK-513383ed86a73488,5,BLOCK-513383ed86a73488
SSCP-f3a88b4b0caa9cac,MOL-1ba7dd3fa8d151c9,2020_Townsend,AC-78305ee2e743b795,BLOCK-513383ed86a73488,5,BLOCK-513383ed86a73488
SSCP-f3bdc042d847075e,MOL-c481ad999799ad0d,2016_Furukawa,AC-78305ee2e743b795,BLOCK-513383ed86a73488,5,BLOCK-513383ed86a73488
SSCP-f3c02a516ded93c3,MOL-b99a8c8b63e5b1bf,2021_Kelly,AC-5e5c956882423f52,BLOCK-4494eb5738fce47c,3,BLOCK-4494eb5738fce47c
SSCP-f3c2b8ac264e5316,MOL-ca54baeb3f470fd8,2020_Townsend,AC-78305ee2e743b795,BLOCK-513383ed86a73488,5,BLOCK-513383ed86a73488
SSCP-f3c7a592f5c3e013,MOL-f9c635f371e3ce70,2013_CHUGAI,AC-cf95401a5715faa6,BLOCK-5c361cba45039733,7,BLOCK-5c361cba45039733
SSCP-f3cae26c9cba6375,MOL-59dadba8cfc90cf2,2016_Hickey,AC-caa6a2b0faf1de20,BLOCK-513383ed86a73488,5,BLOCK-513383ed86a73488
SSCP-f3ce1940be5e15ae,MOL-d466289b3a54583b,2021_Kelly,AC-5e5c956882423f52,BLOCK-4494eb5738fce47c,3,BLOCK-4494eb5738fce47c
SSCP-f3cfb0a0c9588f86,MOL-5ed6167a501881bc,2021_Kelly,AC-5e5c956882423f52,BLOCK-4494eb5738fce47c,3,BLOCK-4494eb5738fce47c
SSCP-f3d16645f8b7a600,MOL-21fb2a3264407413,2018_Naylor,AC-78305ee2e743b795,BLOCK-513383ed86a73488,5,BLOCK-513383ed86a73488
SSCP-f3dccb37ad832c40,MOL-a13f5d85d85d2039,2021_Kelly,AC-5e5c956882423f52,BLOCK-4494eb5738fce47c,3,BLOCK-4494eb5738fce47c
SSCP-f3de08cbe2958ab3,MOL-5f1df20dca41aa09,2020_Barlow,AC-741ab05286c210ec,BLOCK-8dbd1f0100199b32,10,BLOCK-8dbd1f0100199b32
SSCP-f40786de1433804e,MOL-ece17e40e42bc328,2016_Furukawa,AC-78305ee2e743b795,BLOCK-513383ed86a73488,5,BLOCK-513383ed86a73488
SSCP-f412378034d56af3,MOL-15ced82a9184e57a,2021_Kelly,AC-5e5c956882423f52,BLOCK-4494eb5738fce47c,3,BLOCK-4494eb5738fce47c
SSCP-f41cf3336b7a7b6b,MOL-97155dbb5841d8a4,2024_Faris,AC-e82e3e242d3d320c,BLOCK-c5e520eb3b94ff25,15,BLOCK-c5e520eb3b94ff25
SSCP-f42b399bf94b0ab8,MOL-84649f8242a5e5c5,2021_Kelly,AC-5e5c956882423f52,BLOCK-4494eb5738fce47c,3,BLOCK-4494eb5738fce47c
SSCP-f42c0a91e7090951,MOL-b58e7175f1bffc06,2013_CHUGAI,AC-cf95401a5715faa6,BLOCK-5c361cba45039733,7,BLOCK-5c361cba45039733
SSCP-f42f69530413355b,MOL-753f3e145effdc45,2021_Kelly,AC-5e5c956882423f52,BLOCK-4494eb5738fce47c,3,BLOCK-4494eb5738fce47c
SSCP-f434008326bab244,MOL-e076a2b099df1fd7,2020_Townsend,AC-78305ee2e743b795,BLOCK-513383ed86a73488,5,BLOCK-513383ed86a73488
SSCP-f43b047b7dce366d,MOL-810913aaa7cb73be,2020_Townsend,AC-78305ee2e743b795,BLOCK-513383ed86a73488,5,BLOCK-513383ed86a73488
SSCP-f43e624c4f0c15fe,MOL-3e5e5d3c5f1a86db,2021_Kelly,AC-6d3257a2b83e15dc,BLOCK-4494eb5738fce47c,3,BLOCK-4494eb5738fce47c
SSCP-f4410a680c70a94e,MOL-2f0e228ca29b37e5,2016_Furukawa,AC-78305ee2e743b795,BLOCK-513383ed86a73488,5,BLOCK-513383ed86a73488
SSCP-f44ee519864631c6,MOL-36f35ae5c44ebaaa,2018_Naylor,AC-78305ee2e743b795,BLOCK-513383ed86a73488,5,BLOCK-513383ed86a73488
SSCP-f45915c488cfeb05,MOL-f7a884afa703a1bb,2020_Townsend,AC-78305ee2e743b795,BLOCK-513383ed86a73488,5,BLOCK-513383ed86a73488
SSCP-f466a85a13ea6db0,MOL-2dff51ebd2bdca35,2020_Townsend,AC-78305ee2e743b795,BLOCK-513383ed86a73488,5,BLOCK-513383ed86a73488
SSCP-f46acc2a1774c096,MOL-9e6ce40bbdac7b43,2016_Furukawa,AC-78305ee2e743b795,BLOCK-513383ed86a73488,5,BLOCK-513383ed86a73488
SSCP-f478b5e613fe8f27,MOL-98bb6cc104e644c5,2020_Townsend,AC-78305ee2e743b795,BLOCK-513383ed86a73488,5,BLOCK-513383ed86a73488
SSCP-f48e7e7bbb41cd39,MOL-4fbd7fa0954b9583,2020_Townsend,AC-78305ee2e743b795,BLOCK-513383ed86a73488,5,BLOCK-513383ed86a73488
SSCP-f4b27d3f7b845d4a,MOL-ca7012bcef04b69b,2020_Townsend,AC-78305ee2e743b795,BLOCK-513383ed86a73488,5,BLOCK-513383ed86a73488
SSCP-f4c61e8e0989b49b,MOL-e6d0721e05ed3346,2020_Le Roux,AC-b74b4d5565722d16,BLOCK-bb4bcb852b735057,12,BLOCK-bb4bcb852b735057
SSCP-f4d4f2367123f623,MOL-1e6c2bd6e81c11cd,2021_Kelly,AC-5e5c956882423f52,BLOCK-4494eb5738fce47c,3,BLOCK-4494eb5738fce47c
SSCP-f4dc9c6418eb0c21,MOL-702c1da76bf6b7b2,2022_Bhardwaj,AC-ed8389154484c174,BLOCK-513383ed86a73488,5,BLOCK-513383ed86a73488
SSCP-f4e05a320c4609de,MOL-235db809beeb39c6,2020_Townsend,AC-78305ee2e743b795,BLOCK-513383ed86a73488,5,BLOCK-513383ed86a73488
SSCP-f4e41959aa8ef116,MOL-e9e94e5c9e9c71ef,2021_Kelly,AC-5e5c956882423f52,BLOCK-4494eb5738fce47c,3,BLOCK-4494eb5738fce47c
SSCP-f4e55b501e8624c7,MOL-d3acd625cfe8e639,2020_Townsend,AC-78305ee2e743b795,BLOCK-513383ed86a73488,5,BLOCK-513383ed86a73488
SSCP-f4ec3a1a5865da6b,MOL-7b7741ea0109611c,2020_Townsend,AC-78305ee2e743b795,BLOCK-513383ed86a73488,5,BLOCK-513383ed86a73488
SSCP-f4f3b7b8bf07ac0b,MOL-77845b9f57afbfc7,2020_Townsend,AC-78305ee2e743b795,BLOCK-513383ed86a73488,5,BLOCK-513383ed86a73488
SSCP-f4f90486180f9bc0,MOL-24eaf8266357b703,2020_Townsend,AC-78305ee2e743b795,BLOCK-513383ed86a73488,5,BLOCK-513383ed86a73488
SSCP-f5016c98f3a2bc4b,MOL-54cbcc8870208f15,2020_Townsend,AC-78305ee2e743b795,BLOCK-513383ed86a73488,5,BLOCK-513383ed86a73488
SSCP-f50db51aff30fc74,MOL-9a0fecc50bf9ec90,2016_Furukawa,AC-78305ee2e743b795,BLOCK-513383ed86a73488,5,BLOCK-513383ed86a73488
SSCP-f51180013ff803c1,MOL-92e45513307bf745,2017_Pye,AC-9fabc791bd5e32a1,BLOCK-2c0090ee1dd5b17e,1,BLOCK-2c0090ee1dd5b17e
SSCP-f53b034798fb7231,MOL-c1f251c34c0d48e2,2013_CHUGAI,AC-8d92f1d67fcbf1be,BLOCK-5c361cba45039733,7,BLOCK-5c361cba45039733
SSCP-f542f6392cb5cdb4,MOL-b6ca077dd0e4b0c4,2020_Townsend,AC-78305ee2e743b795,BLOCK-513383ed86a73488,5,BLOCK-513383ed86a73488
SSCP-f549da74be9ffadc,MOL-9c8d65ebb8ffaa63,2020_Townsend,AC-78305ee2e743b795,BLOCK-513383ed86a73488,5,BLOCK-513383ed86a73488
SSCP-f54cfa0b577ad551,MOL-81ecd09c663ea78d,2021_Kelly,AC-5e5c956882423f52,BLOCK-4494eb5738fce47c,3,BLOCK-4494eb5738fce47c
SSCP-f55cde32a831e71f,MOL-e73708f48570aa1b,2013_CHUGAI,AC-9915a59ccaa1a737,BLOCK-5c361cba45039733,7,BLOCK-5c361cba45039733
SSCP-f56dcfd762086ed7,MOL-6cd9ce56e1aa9f52,2024_Faris,AC-e82e3e242d3d320c,BLOCK-c5e520eb3b94ff25,15,BLOCK-c5e520eb3b94ff25
SSCP-f5742c0998c92e5a,MOL-2c330b1ffdc3d2ea,2015_Wang,AC-78305ee2e743b795,BLOCK-513383ed86a73488,5,BLOCK-513383ed86a73488
SSCP-f57bbb66513f54f7,MOL-72d7470ffbb206c8,2020_Townsend,AC-78305ee2e743b795,BLOCK-513383ed86a73488,5,BLOCK-513383ed86a73488
SSCP-f57d23f5ed83f191,MOL-ee0f832e8dce2343,2020_Townsend,AC-78305ee2e743b795,BLOCK-513383ed86a73488,5,BLOCK-513383ed86a73488
SSCP-f58b2a957ce8fade,MOL-b9038f731d96a121,2020_Townsend,AC-78305ee2e743b795,BLOCK-513383ed86a73488,5,BLOCK-513383ed86a73488
SSCP-f58f78bd36a39e56,MOL-76d46a4e36fa6f13,2020_Townsend,AC-78305ee2e743b795,BLOCK-513383ed86a73488,5,BLOCK-513383ed86a73488
SSCP-f5906099120c9b91,MOL-ae381e919c47b92b,2021_Kelly,AC-ac7e5d0036401990,BLOCK-4494eb5738fce47c,3,BLOCK-4494eb5738fce47c
SSCP-f595ea4364101471,MOL-81aea8667cab9f2d,2016_Furukawa,AC-78305ee2e743b795,BLOCK-513383ed86a73488,5,BLOCK-513383ed86a73488
SSCP-f5a1b9df313996df,MOL-34794328d0c687bc,2021_Kelly,AC-5e5c956882423f52,BLOCK-4494eb5738fce47c,3,BLOCK-4494eb5738fce47c
SSCP-f5a5283884e6285a,MOL-1fc5d8118bc68b70,2020_Townsend,AC-78305ee2e743b795,BLOCK-513383ed86a73488,5,BLOCK-513383ed86a73488
SSCP-f5a800a250bd18e3,MOL-1a98d851c4c8cc89,2020_Townsend,AC-78305ee2e743b795,BLOCK-513383ed86a73488,5,BLOCK-513383ed86a73488
SSCP-f5b0c2cca92fd4d8,MOL-91b9a3c08b38d7b3,2021_Kelly,AC-5e5c956882423f52,BLOCK-4494eb5738fce47c,3,BLOCK-4494eb5738fce47c
SSCP-f5bb9d8fe21dd31f,MOL-55b86e2bdee9fc47,2020_Furukawa,AC-114e657b947b31ec,BLOCK-5f91132e1b252609,9,BLOCK-5f91132e1b252609
SSCP-f5bc444b75a8cc46,MOL-e525f60574ed6c24,2013_CHUGAI,AC-ec082e14f4bad2b8,BLOCK-5c361cba45039733,7,BLOCK-5c361cba45039733
SSCP-f5c63f70455cc0af,MOL-202f5ab4cddd4ee0,2018_Naylor,AC-78305ee2e743b795,BLOCK-513383ed86a73488,5,BLOCK-513383ed86a73488
SSCP-f5c6f48780993d2d,MOL-2f00fda851da549e,2020_Townsend,AC-78305ee2e743b795,BLOCK-513383ed86a73488,5,BLOCK-513383ed86a73488
SSCP-f5dbea11c032ddda,MOL-5c8b8cc566c23719,2022_Bhardwaj,AC-ef8559e0ba9a676a,BLOCK-513383ed86a73488,5,BLOCK-513383ed86a73488
SSCP-f5e68c6be0c9f5e4,MOL-5744b8f7a89bfac6,2020_Townsend,AC-78305ee2e743b795,BLOCK-513383ed86a73488,5,BLOCK-513383ed86a73488
SSCP-f5f128cd5e23306a,MOL-41e479998f50e872,2021_Kelly,AC-5e5c956882423f52,BLOCK-4494eb5738fce47c,3,BLOCK-4494eb5738fce47c
SSCP-f5f5cd2187d635b3,MOL-4c66c30109e4cfbb,2021_Kelly,AC-6d3257a2b83e15dc,BLOCK-4494eb5738fce47c,3,BLOCK-4494eb5738fce47c
SSCP-f5fd1fc6011008f9,MOL-6491667d9b8aa2d3,2016_Furukawa,AC-78305ee2e743b795,BLOCK-513383ed86a73488,5,BLOCK-513383ed86a73488
SSCP-f61eec984e6ba422,MOL-d54b4880e6fbabd7,2016_Furukawa,AC-78305ee2e743b795,BLOCK-513383ed86a73488,5,BLOCK-513383ed86a73488
SSCP-f6202746c4eafa3d,MOL-dad7b3c3cc018f71,2013_CHUGAI,AC-cf95401a5715faa6,BLOCK-5c361cba45039733,7,BLOCK-5c361cba45039733
SSCP-f6212986907a0949,MOL-90fa537a085b81e1,2022_Taechalertpaisarn,AC-78305ee2e743b795,BLOCK-513383ed86a73488,5,BLOCK-513383ed86a73488
SSCP-f628d87369d13116,MOL-1e77e4272564a9cc,2020_Townsend,AC-78305ee2e743b795,BLOCK-513383ed86a73488,5,BLOCK-513383ed86a73488
SSCP-f66b0eaf80f4c847,MOL-02905e61bd7610d7,2021_Kelly,AC-5e5c956882423f52,BLOCK-4494eb5738fce47c,3,BLOCK-4494eb5738fce47c
SSCP-f6727f2ac32bc85f,MOL-214b2ec39444da77,2019_Ono,AC-78305ee2e743b795,BLOCK-513383ed86a73488,5,BLOCK-513383ed86a73488
SSCP-f67f5a3029c8bb10,MOL-5d40a3a79eb90dca,2016_Furukawa,AC-78305ee2e743b795,BLOCK-513383ed86a73488,5,BLOCK-513383ed86a73488
SSCP-f680b30e83c951be,MOL-3ae801b073420d83,2020_Townsend,AC-78305ee2e743b795,BLOCK-513383ed86a73488,5,BLOCK-513383ed86a73488
SSCP-f682bb5c9871d953,MOL-dd41b306563ffa19,2020_Townsend,AC-78305ee2e743b795,BLOCK-513383ed86a73488,5,BLOCK-513383ed86a73488
SSCP-f685e7b98ebe8f62,MOL-ac3e9b5d97809d12,2020_Townsend,AC-78305ee2e743b795,BLOCK-513383ed86a73488,5,BLOCK-513383ed86a73488
SSCP-f6877187efd0505b,MOL-04bafb44fd479ce4,2024_Faris,AC-e82e3e242d3d320c,BLOCK-c5e520eb3b94ff25,15,BLOCK-c5e520eb3b94ff25
SSCP-f69e7540c4a98c90,MOL-fbcca91a6bb0480f,2013_CHUGAI,AC-77fb0f10ded9ea1e,BLOCK-5c361cba45039733,7,BLOCK-5c361cba45039733
SSCP-f6abce2332bde77b,MOL-80563b2785d819c1,2020_Townsend,AC-78305ee2e743b795,BLOCK-513383ed86a73488,5,BLOCK-513383ed86a73488
SSCP-f6ac2060e75ab757,MOL-21ca1a2746450bc8,2013_CHUGAI,AC-cf95401a5715faa6,BLOCK-5c361cba45039733,7,BLOCK-5c361cba45039733
SSCP-f6ae95b2e3de1a51,MOL-453da20302138493,2021_Kelly,AC-5e5c956882423f52,BLOCK-4494eb5738fce47c,3,BLOCK-4494eb5738fce47c
SSCP-f6afcd2029c026b1,MOL-ee93810a706f839c,2021_Kelly,AC-5e5c956882423f52,BLOCK-4494eb5738fce47c,3,BLOCK-4494eb5738fce47c
SSCP-f6b415c24159df36,MOL-c67ca5b69f921fd1,2020_Townsend,AC-78305ee2e743b795,BLOCK-513383ed86a73488,5,BLOCK-513383ed86a73488
SSCP-f6b90ef5c321e4a2,MOL-ee083c40c0868ec5,2021_Kelly,AC-5e5c956882423f52,BLOCK-4494eb5738fce47c,3,BLOCK-4494eb5738fce47c
SSCP-f6c149144ca3a461,MOL-b60dbb2b73abfd3a,2021_Kelly,AC-5e5c956882423f52,BLOCK-4494eb5738fce47c,3,BLOCK-4494eb5738fce47c
SSCP-f6c48fad5745a164,MOL-489babfcba8be244,2016_Furukawa,AC-78305ee2e743b795,BLOCK-513383ed86a73488,5,BLOCK-513383ed86a73488
SSCP-f6cd47f7a0419b6a,MOL-76bd51407eeafe1b,2016_Furukawa,AC-78305ee2e743b795,BLOCK-513383ed86a73488,5,BLOCK-513383ed86a73488
SSCP-f6ceb0f9da6734d9,MOL-047a07113a74403c,2021_Kelly,AC-5e5c956882423f52,BLOCK-4494eb5738fce47c,3,BLOCK-4494eb5738fce47c
SSCP-f6d05c72b60e4935,MOL-42f40d5f92f1d32f,2013_CHUGAI,AC-cf95401a5715faa6,BLOCK-5c361cba45039733,7,BLOCK-5c361cba45039733
SSCP-f6d40b8927ef7cdc,MOL-b921f3d2522fe196,2021_Kelly,AC-5e5c956882423f52,BLOCK-4494eb5738fce47c,3,BLOCK-4494eb5738fce47c
SSCP-f6e2726e438f3622,MOL-c5a97e0bb0051000,2013_CHUGAI,AC-cf95401a5715faa6,BLOCK-5c361cba45039733,7,BLOCK-5c361cba45039733
SSCP-f6e70dc540ae59d5,MOL-e964072c71cf1a6c,2013_CHUGAI,AC-f967756965d0d865,BLOCK-5c361cba45039733,7,BLOCK-5c361cba45039733
SSCP-f6ec869134fd724e,MOL-4dee84f4c00cae89,2020_Townsend,AC-78305ee2e743b795,BLOCK-513383ed86a73488,5,BLOCK-513383ed86a73488
SSCP-f70362bb82fbba80,MOL-3ef0d7d0434c3c3e,2020_Townsend,AC-78305ee2e743b795,BLOCK-513383ed86a73488,5,BLOCK-513383ed86a73488
SSCP-f707e61e5783d0de,MOL-6880368b9ec2159b,2020_Townsend,AC-78305ee2e743b795,BLOCK-513383ed86a73488,5,BLOCK-513383ed86a73488
SSCP-f70d1f267360b54c,MOL-53206d45ab840ba4,2020_Townsend,AC-78305ee2e743b795,BLOCK-513383ed86a73488,5,BLOCK-513383ed86a73488
SSCP-f70dd8b4eea2557e,MOL-0aa6bf5a3dfc9ff2,2020_Townsend,AC-78305ee2e743b795,BLOCK-513383ed86a73488,5,BLOCK-513383ed86a73488
SSCP-f71840f1a7198f80,MOL-d37923688a5950f7,2021_Kelly,AC-5e5c956882423f52,BLOCK-4494eb5738fce47c,3,BLOCK-4494eb5738fce47c
SSCP-f71a7885830ca44d,MOL-901b318a22678f97,2020_Townsend,AC-78305ee2e743b795,BLOCK-513383ed86a73488,5,BLOCK-513383ed86a73488
SSCP-f74fa5ceb9c06187,MOL-d8387a1e907fc9db,2013_CHUGAI,AC-fe6d79d4ed8bf27d,BLOCK-5c361cba45039733,7,BLOCK-5c361cba45039733
SSCP-f756603d1849722a,MOL-43b8f14665a7fb5c,2021_Kelly,AC-5e5c956882423f52,BLOCK-4494eb5738fce47c,3,BLOCK-4494eb5738fce47c
SSCP-f75ad1d4b43e4a0a,MOL-b701c8031e0739e2,2024_Faris,AC-e82e3e242d3d320c,BLOCK-c5e520eb3b94ff25,15,BLOCK-c5e520eb3b94ff25
SSCP-f75e6fed9ebc0c95,MOL-fced3b33bd83032e,2024_Faris,AC-e82e3e242d3d320c,BLOCK-c5e520eb3b94ff25,15,BLOCK-c5e520eb3b94ff25
SSCP-f75fb803d4559a10,MOL-63eb95b04ca3fa80,2024_Faris,AC-e82e3e242d3d320c,BLOCK-c5e520eb3b94ff25,15,BLOCK-c5e520eb3b94ff25
SSCP-f7607212f2a9c5de,MOL-73a84e6cdd205bc5,2015_Bockus_1,AC-914f0f8286bc74ae,BLOCK-513383ed86a73488,5,BLOCK-513383ed86a73488
SSCP-f766c4284883322e,MOL-6c3faca1a09429ea,2021_Kelly,AC-5e5c956882423f52,BLOCK-4494eb5738fce47c,3,BLOCK-4494eb5738fce47c
SSCP-f7722d3f0ca11434,MOL-5baf62d5c2c789f1,2022_Lee,AC-4cbd321fd3e6c472,BLOCK-513383ed86a73488,5,BLOCK-513383ed86a73488
SSCP-f77c3a4d4ba687a9,MOL-8084b7b2c0720e3a,2020_Townsend,AC-78305ee2e743b795,BLOCK-513383ed86a73488,5,BLOCK-513383ed86a73488
SSCP-f77d86cb9d54ea6f,MOL-60089c72964bcd9c,2020_Townsend,AC-78305ee2e743b795,BLOCK-513383ed86a73488,5,BLOCK-513383ed86a73488
SSCP-f7857ab095734da4,MOL-d494386554fc883f,2013_CHUGAI,AC-cf95401a5715faa6,BLOCK-5c361cba45039733,7,BLOCK-5c361cba45039733
SSCP-f79053ecbd26f6b6,MOL-ff28ca68bdd564a9,2022_Taechalertpaisarn,AC-78305ee2e743b795,BLOCK-513383ed86a73488,5,BLOCK-513383ed86a73488
SSCP-f7ac1b5da5b1a000,MOL-be5f1516926609c1,2021_Kelly,AC-5e5c956882423f52,BLOCK-4494eb5738fce47c,3,BLOCK-4494eb5738fce47c
SSCP-f7bc5a72a72c94b9,MOL-223b7d2bec189c4d,2020_Townsend,AC-78305ee2e743b795,BLOCK-513383ed86a73488,5,BLOCK-513383ed86a73488
SSCP-f7bfada75fb20f85,MOL-d06af9f4369a9f4e,2020_Townsend,AC-78305ee2e743b795,BLOCK-513383ed86a73488,5,BLOCK-513383ed86a73488
SSCP-f7c30d3cf7ae1e73,MOL-f8478520f3ff8731,2020_Townsend,AC-78305ee2e743b795,BLOCK-513383ed86a73488,5,BLOCK-513383ed86a73488
SSCP-f7cf77450202526b,MOL-66aa193ca09b1082,2020_Townsend,AC-78305ee2e743b795,BLOCK-513383ed86a73488,5,BLOCK-513383ed86a73488
SSCP-f7d047cf5f26df4c,MOL-4f8f477c2d018d82,2020_Townsend,AC-78305ee2e743b795,BLOCK-513383ed86a73488,5,BLOCK-513383ed86a73488
SSCP-f7d8aa1f9fa534db,MOL-96639e65dbc78c39,2021_Kelly,AC-5e5c956882423f52,BLOCK-4494eb5738fce47c,3,BLOCK-4494eb5738fce47c
SSCP-f7f08fbadc07e0c9,MOL-72c8cb5c65663c84,2021_Kelly,AC-5e5c956882423f52,BLOCK-4494eb5738fce47c,3,BLOCK-4494eb5738fce47c
SSCP-f7f426af6eea6fb7,MOL-bbce1440d33a0158,2022_Bhardwaj,AC-3cc96d7b177cd10b,BLOCK-513383ed86a73488,5,BLOCK-513383ed86a73488
SSCP-f7fe57d191dd271c,MOL-ec3d4fa5005db0af,2022_Saunders,AC-c240d210a731764a,BLOCK-513383ed86a73488,5,BLOCK-513383ed86a73488
SSCP-f800556279427169,MOL-070be90b2facfcc0,2016_Furukawa,AC-78305ee2e743b795,BLOCK-513383ed86a73488,5,BLOCK-513383ed86a73488
SSCP-f802ac3cf07918e6,MOL-54b3f421a011db3d,2021_Kelly,AC-ac7e5d0036401990,BLOCK-4494eb5738fce47c,3,BLOCK-4494eb5738fce47c
SSCP-f806980795d98004,MOL-41d4d95c7103c25b,2020_Townsend,AC-78305ee2e743b795,BLOCK-513383ed86a73488,5,BLOCK-513383ed86a73488
SSCP-f814b2307650eb05,MOL-b0078469a75c304d,2021_Kelly,AC-5e5c956882423f52,BLOCK-4494eb5738fce47c,3,BLOCK-4494eb5738fce47c
SSCP-f814d5332ecdbffe,MOL-225cd289a8f05fad,2021_Kelly,AC-ac7e5d0036401990,BLOCK-4494eb5738fce47c,3,BLOCK-4494eb5738fce47c
SSCP-f837657097b3840e,MOL-b66228ecf335d43e,2021_Kelly,AC-5e5c956882423f52,BLOCK-4494eb5738fce47c,3,BLOCK-4494eb5738fce47c
SSCP-f83c854f1663efd3,MOL-abff83f17fd1e8d7,2021_Kelly,AC-5e5c956882423f52,BLOCK-4494eb5738fce47c,3,BLOCK-4494eb5738fce47c
SSCP-f844ae05e69b0d85,MOL-6cdb99fdcf6a2f5b,2020_Townsend,AC-78305ee2e743b795,BLOCK-513383ed86a73488,5,BLOCK-513383ed86a73488
SSCP-f8510a7b38eaee15,MOL-b8881c4875b476a1,2020_Townsend,AC-78305ee2e743b795,BLOCK-513383ed86a73488,5,BLOCK-513383ed86a73488
SSCP-f85f125bb46df07a,MOL-eced1c10fc6f436a,2020_Townsend,AC-78305ee2e743b795,BLOCK-513383ed86a73488,5,BLOCK-513383ed86a73488
SSCP-f86162afb5b862c9,MOL-ec96a710f22d59cd,2020_Townsend,AC-78305ee2e743b795,BLOCK-513383ed86a73488,5,BLOCK-513383ed86a73488
SSCP-f863e5f80f3b1c80,MOL-3827655447d697ab,2020_Townsend,AC-78305ee2e743b795,BLOCK-513383ed86a73488,5,BLOCK-513383ed86a73488
SSCP-f88556e5d56cbda8,MOL-3a2ff2cb42e4ea83,2020_Townsend,AC-78305ee2e743b795,BLOCK-513383ed86a73488,5,BLOCK-513383ed86a73488
SSCP-f889037b9eb5868d,MOL-61aab8fb898d6c3f,2016_Furukawa,AC-78305ee2e743b795,BLOCK-513383ed86a73488,5,BLOCK-513383ed86a73488
SSCP-f8902246fb89d425,MOL-dcad13fff393f437,2013_CHUGAI,AC-94f495b3f84f0d59,BLOCK-5c361cba45039733,7,BLOCK-5c361cba45039733
SSCP-f893b931e61f2b52,MOL-e143341010c98445,2020_Townsend,AC-78305ee2e743b795,BLOCK-513383ed86a73488,5,BLOCK-513383ed86a73488
SSCP-f8a63fecd8343901,MOL-928e345926788299,2024_Otani,AC-8b95a9ecf656816f,BLOCK-e729b0aa52978c75,17,BLOCK-e729b0aa52978c75
SSCP-f8a90cb3d2b34635,MOL-d3f0c65c1f29e867,2020_Townsend,AC-78305ee2e743b795,BLOCK-513383ed86a73488,5,BLOCK-513383ed86a73488
SSCP-f8a90f916c97bdc2,MOL-83e4aab45e16514f,2020_Townsend,AC-78305ee2e743b795,BLOCK-513383ed86a73488,5,BLOCK-513383ed86a73488
SSCP-f8aaba7072e0e8ba,MOL-3ad1ee50d9a6ed10,2021_Kelly,AC-5e5c956882423f52,BLOCK-4494eb5738fce47c,3,BLOCK-4494eb5738fce47c
SSCP-f8aced3489a6acd0,MOL-facb7827e999429f,2016_Furukawa,AC-78305ee2e743b795,BLOCK-513383ed86a73488,5,BLOCK-513383ed86a73488
SSCP-f8b2e9e035c1cacf,MOL-8965f400dfa393df,2020_Townsend,AC-78305ee2e743b795,BLOCK-513383ed86a73488,5,BLOCK-513383ed86a73488
SSCP-f8b7e23d034bfeb7,MOL-efc2e9f26fe41834,2020_Townsend,AC-78305ee2e743b795,BLOCK-513383ed86a73488,5,BLOCK-513383ed86a73488
SSCP-f8be70a9c2681225,MOL-eaa610ace9f7d371,2020_Townsend,AC-78305ee2e743b795,BLOCK-513383ed86a73488,5,BLOCK-513383ed86a73488
SSCP-f8bf1806b331b55a,MOL-78df74cb2de539b1,2021_Kelly,AC-5e5c956882423f52,BLOCK-4494eb5738fce47c,3,BLOCK-4494eb5738fce47c
SSCP-f8ca01f94c887ab2,MOL-1af3a73cf5c17876,2016_Furukawa,AC-78305ee2e743b795,BLOCK-513383ed86a73488,5,BLOCK-513383ed86a73488
SSCP-f8cc98dbcd227ad7,MOL-2d757e3fbafa0f18,2020_Townsend,AC-78305ee2e743b795,BLOCK-513383ed86a73488,5,BLOCK-513383ed86a73488
SSCP-f8cdab8ae7f6fd5a,MOL-a6904584b3ae02f8,2021_Kelly,AC-5e5c956882423f52,BLOCK-4494eb5738fce47c,3,BLOCK-4494eb5738fce47c
SSCP-f8d30f6db46779ed,MOL-5e686cbfa1a0ca79,2013_CHUGAI,AC-cf95401a5715faa6,BLOCK-5c361cba45039733,7,BLOCK-5c361cba45039733
SSCP-f8e0b827f57e785e,MOL-7cdc6014afb10b96,2022_Taechalertpaisarn,AC-78305ee2e743b795,BLOCK-513383ed86a73488,5,BLOCK-513383ed86a73488
SSCP-f8ef5cf7c1f5f69c,MOL-8f47eadba6468177,2021_Kelly,AC-5e5c956882423f52,BLOCK-4494eb5738fce47c,3,BLOCK-4494eb5738fce47c
SSCP-f8f46b93cc79e377,MOL-05bcf1d529eaf088,2016_Furukawa,AC-78305ee2e743b795,BLOCK-513383ed86a73488,5,BLOCK-513383ed86a73488
SSCP-f8f6c26e5dbac862,MOL-e9a27fe828559542,2020_Townsend,AC-78305ee2e743b795,BLOCK-513383ed86a73488,5,BLOCK-513383ed86a73488
SSCP-f8f7a15bed98190c,MOL-dd0c00262a8320d8,2016_Furukawa,AC-78305ee2e743b795,BLOCK-513383ed86a73488,5,BLOCK-513383ed86a73488
SSCP-f904c2c3960f8edd,MOL-d3df64b3da15b61e,2018_Naylor,AC-78305ee2e743b795,BLOCK-513383ed86a73488,5,BLOCK-513383ed86a73488
SSCP-f9142513b432edd8,MOL-03952c8cc35a15c9,2022_Bhardwaj,AC-e994d085981f3834,BLOCK-513383ed86a73488,5,BLOCK-513383ed86a73488
SSCP-f91a59ac221df27d,MOL-6a412a29f9b83d42,2020_Townsend,AC-78305ee2e743b795,BLOCK-513383ed86a73488,5,BLOCK-513383ed86a73488
SSCP-f932ad8a30f81ae4,MOL-a105b71a4fd1ff58,2024_Faris,AC-e82e3e242d3d320c,BLOCK-c5e520eb3b94ff25,15,BLOCK-c5e520eb3b94ff25
SSCP-f946858fbab35586,MOL-f54d04aaca250cc6,2016_Furukawa,AC-78305ee2e743b795,BLOCK-513383ed86a73488,5,BLOCK-513383ed86a73488
SSCP-f98160672246470f,MOL-3e6987a3658c2fec,2021_Kelly,AC-6d3257a2b83e15dc,BLOCK-4494eb5738fce47c,3,BLOCK-4494eb5738fce47c
SSCP-f98216f7aa82dd51,MOL-cec623a72e10c132,2013_CHUGAI,AC-cf95401a5715faa6,BLOCK-5c361cba45039733,7,BLOCK-5c361cba45039733
SSCP-f98e17fb66d425eb,MOL-c43762cc1fee478f,2021_Kelly,AC-5e5c956882423f52,BLOCK-4494eb5738fce47c,3,BLOCK-4494eb5738fce47c
SSCP-f9a7b2c4165fce8a,MOL-8f1c35de97bb5612,2020_Townsend,AC-78305ee2e743b795,BLOCK-513383ed86a73488,5,BLOCK-513383ed86a73488
SSCP-f9abd17f5762030f,MOL-8de2e8ce3b51cb8b,2016_Furukawa,AC-78305ee2e743b795,BLOCK-513383ed86a73488,5,BLOCK-513383ed86a73488
SSCP-f9ae266c789328d0,MOL-761c6b33968a0064,2016_Furukawa,AC-78305ee2e743b795,BLOCK-513383ed86a73488,5,BLOCK-513383ed86a73488
SSCP-f9ae7fd0d9f43377,MOL-4d201d4cc48d60a2,2020_Townsend,AC-78305ee2e743b795,BLOCK-513383ed86a73488,5,BLOCK-513383ed86a73488
SSCP-f9b65e96cad4af95,MOL-f24028bfdb47d45e,2021_Kelly,AC-5e5c956882423f52,BLOCK-4494eb5738fce47c,3,BLOCK-4494eb5738fce47c
SSCP-f9c250c19050a96c,MOL-2992e740483516df,2021_Kelly,AC-5e5c956882423f52,BLOCK-4494eb5738fce47c,3,BLOCK-4494eb5738fce47c
SSCP-f9dafb4fb29927db,MOL-f26aeb8ca7fb1e56,2021_Kelly,AC-5e5c956882423f52,BLOCK-4494eb5738fce47c,3,BLOCK-4494eb5738fce47c
SSCP-f9e00dfadc36b6de,MOL-0da37ef0974302d9,2020_Townsend,AC-78305ee2e743b795,BLOCK-513383ed86a73488,5,BLOCK-513383ed86a73488
SSCP-f9e07c75530abbe5,MOL-71fd513a25553b6e,2021_Kelly,AC-5e5c956882423f52,BLOCK-4494eb5738fce47c,3,BLOCK-4494eb5738fce47c
SSCP-f9e8852da9ee2a86,MOL-3ced90f79ca9d34f,2020_Townsend,AC-78305ee2e743b795,BLOCK-513383ed86a73488,5,BLOCK-513383ed86a73488
SSCP-f9f45571673a55a4,MOL-22e3d2fbd80cd507,2015_Wang,AC-645ed6606afaf483,BLOCK-513383ed86a73488,5,BLOCK-513383ed86a73488
SSCP-f9f544e8b5d12c11,MOL-b683372d6950f7fb,2016_Furukawa,AC-78305ee2e743b795,BLOCK-513383ed86a73488,5,BLOCK-513383ed86a73488
SSCP-f9f5d578ede9fc20,MOL-20377614c00dd16b,2020_Townsend,AC-78305ee2e743b795,BLOCK-513383ed86a73488,5,BLOCK-513383ed86a73488
SSCP-fa329f5a2f3defd6,MOL-372ca522ac3f79b7,2020_Townsend,AC-78305ee2e743b795,BLOCK-513383ed86a73488,5,BLOCK-513383ed86a73488
SSCP-fa3cfb4a607dbeb6,MOL-77a39586bf080a40,2013_CHUGAI,AC-77fb0f10ded9ea1e,BLOCK-5c361cba45039733,7,BLOCK-5c361cba45039733
SSCP-fa66a1a8852d09ab,MOL-b6f9b37e8b79d27b,2016_Furukawa,AC-78305ee2e743b795,BLOCK-513383ed86a73488,5,BLOCK-513383ed86a73488
SSCP-fa6c3581351506e9,MOL-0309f3b073d6372f,2024_Faris,AC-e82e3e242d3d320c,BLOCK-c5e520eb3b94ff25,15,BLOCK-c5e520eb3b94ff25
SSCP-fa6c69844c1130b7,MOL-e2c3a715067ea61d,2021_Kelly,AC-5e5c956882423f52,BLOCK-4494eb5738fce47c,3,BLOCK-4494eb5738fce47c
SSCP-fa72722b2a78ebd5,MOL-41aa20f9eeb07a7a,2020_Townsend,AC-78305ee2e743b795,BLOCK-513383ed86a73488,5,BLOCK-513383ed86a73488
SSCP-fa74ad071f3327a1,MOL-d026dfc2bd00225d,2020_Townsend,AC-78305ee2e743b795,BLOCK-513383ed86a73488,5,BLOCK-513383ed86a73488
SSCP-fa8232c8268a814e,MOL-b713653badb9de09,2016_Furukawa,AC-78305ee2e743b795,BLOCK-513383ed86a73488,5,BLOCK-513383ed86a73488
SSCP-fa845e834b49e8c5,MOL-e338205727d56dce,2020_Townsend,AC-78305ee2e743b795,BLOCK-513383ed86a73488,5,BLOCK-513383ed86a73488
SSCP-fa849b09a53f8b80,MOL-9125b4d8e25a8c14,2013_CHUGAI,AC-cf95401a5715faa6,BLOCK-5c361cba45039733,7,BLOCK-5c361cba45039733
SSCP-faa5ef120003cc81,MOL-46dfaee54dbae000,2020_Townsend,AC-78305ee2e743b795,BLOCK-513383ed86a73488,5,BLOCK-513383ed86a73488
SSCP-faaa69d04822f8e4,MOL-37ab531fe7b0f8d2,2013_CHUGAI,AC-75e1ac2561af4157,BLOCK-5c361cba45039733,7,BLOCK-5c361cba45039733
SSCP-fab3c8bd6ffe5f94,MOL-6cb808664126e61b,2013_CHUGAI,AC-4d015c6eb86ce58d,BLOCK-5c361cba45039733,7,BLOCK-5c361cba45039733
SSCP-fac36820e275caa3,MOL-811b05d6d210c1cf,2020_Townsend,AC-78305ee2e743b795,BLOCK-513383ed86a73488,5,BLOCK-513383ed86a73488
SSCP-fac8545ca1eb4872,MOL-2fa59e09eb34806c,2020_Townsend,AC-78305ee2e743b795,BLOCK-513383ed86a73488,5,BLOCK-513383ed86a73488
SSCP-fad3881eaab4c93c,MOL-df7e524413db2a8c,2013_CHUGAI,AC-cf95401a5715faa6,BLOCK-5c361cba45039733,7,BLOCK-5c361cba45039733
SSCP-fad41f1e8146df89,MOL-99a3a77764b816a9,2020_Townsend,AC-78305ee2e743b795,BLOCK-513383ed86a73488,5,BLOCK-513383ed86a73488
SSCP-fad79dca1289005d,MOL-04dbc9bdca41b73a,2020_Townsend,AC-78305ee2e743b795,BLOCK-513383ed86a73488,5,BLOCK-513383ed86a73488
SSCP-fada4dac57e96d06,MOL-c55d8d4a7efa1e1a,2015_Ahlbach,AC-d7e3dc9dd9e0c1d8,BLOCK-513383ed86a73488,5,BLOCK-513383ed86a73488
SSCP-fade678ffd02f411,MOL-e7069993f8039c5f,2020_Townsend,AC-78305ee2e743b795,BLOCK-513383ed86a73488,5,BLOCK-513383ed86a73488
SSCP-fae283ba7d9742f7,MOL-ffc02a55713b19bd,2020_Townsend,AC-78305ee2e743b795,BLOCK-513383ed86a73488,5,BLOCK-513383ed86a73488
SSCP-fae4a76b00305ea7,MOL-920617a128ad7f11,2016_Furukawa,AC-78305ee2e743b795,BLOCK-513383ed86a73488,5,BLOCK-513383ed86a73488
SSCP-faf17df2598778ba,MOL-5fb31d7f99482a06,2021_Kelly,AC-ac7e5d0036401990,BLOCK-4494eb5738fce47c,3,BLOCK-4494eb5738fce47c
SSCP-fb0211f8e3e0cf00,MOL-3425ec57ffa05d6d,2018_Naylor,AC-78305ee2e743b795,BLOCK-513383ed86a73488,5,BLOCK-513383ed86a73488
SSCP-fb0a454e8426be17,MOL-66dc02edb96d3cf5,2020_Townsend,AC-78305ee2e743b795,BLOCK-513383ed86a73488,5,BLOCK-513383ed86a73488
SSCP-fb0eb3be569d3c77,MOL-61b3bc3e0fcde083,2013_CHUGAI,AC-cf95401a5715faa6,BLOCK-5c361cba45039733,7,BLOCK-5c361cba45039733
SSCP-fb171ca593250802,MOL-d569008a844d8ad9,2013_CHUGAI,AC-cf95401a5715faa6,BLOCK-5c361cba45039733,7,BLOCK-5c361cba45039733
SSCP-fb271b8d2e1a1bb4,MOL-d630eda519fe7658,2020_Townsend,AC-78305ee2e743b795,BLOCK-513383ed86a73488,5,BLOCK-513383ed86a73488
SSCP-fb2bd47a85459407,MOL-8c3c1f8bf2fce2b7,2020_Townsend,AC-78305ee2e743b795,BLOCK-513383ed86a73488,5,BLOCK-513383ed86a73488
SSCP-fb463b9bbbb57316,MOL-3dea2df155efda55,2020_Townsend,AC-78305ee2e743b795,BLOCK-513383ed86a73488,5,BLOCK-513383ed86a73488
SSCP-fb4c6ef3dc36820b,MOL-04ae3b2314459b26,2020_Townsend,AC-78305ee2e743b795,BLOCK-513383ed86a73488,5,BLOCK-513383ed86a73488
SSCP-fb6163d809fe2c85,MOL-c4d62ebf236043cb,2020_Townsend,AC-78305ee2e743b795,BLOCK-513383ed86a73488,5,BLOCK-513383ed86a73488
SSCP-fb755da3380e9a20,MOL-d3caf6b0467acc90,2020_Townsend,AC-78305ee2e743b795,BLOCK-513383ed86a73488,5,BLOCK-513383ed86a73488
SSCP-fb793944815d702a,MOL-3c28fbaf21ac3ee8,2021_Kelly,AC-5e5c956882423f52,BLOCK-4494eb5738fce47c,3,BLOCK-4494eb5738fce47c
SSCP-fb79bb29d3f1d0c9,MOL-03a3500291c01d2e,2023_Ghosh,AC-eef1d0c78351235e,BLOCK-513383ed86a73488,5,BLOCK-513383ed86a73488
SSCP-fb7f50a7912b5a57,MOL-e2b45905f264e163,2024_Faris,AC-e82e3e242d3d320c,BLOCK-c5e520eb3b94ff25,15,BLOCK-c5e520eb3b94ff25
SSCP-fb803af6c7960b05,MOL-7b695cc50119c422,2013_CHUGAI,AC-a821049b298f13c1,BLOCK-5c361cba45039733,7,BLOCK-5c361cba45039733
SSCP-fb81fe31ce28d59e,MOL-c56d5c41d88f82f6,2020_Townsend,AC-78305ee2e743b795,BLOCK-513383ed86a73488,5,BLOCK-513383ed86a73488
SSCP-fba7e71846c5e780,MOL-ff2f2c2b3ac321aa,2020_Townsend,AC-78305ee2e743b795,BLOCK-513383ed86a73488,5,BLOCK-513383ed86a73488
SSCP-fbb53ce1ffa7ed0b,MOL-23b77123e448f475,2015_Wang,AC-78305ee2e743b795,BLOCK-513383ed86a73488,5,BLOCK-513383ed86a73488
SSCP-fbc33f99ca3e57ad,MOL-aca08f108152b81d,2016_Furukawa,AC-78305ee2e743b795,BLOCK-513383ed86a73488,5,BLOCK-513383ed86a73488
SSCP-fbce4b7641e4a300,MOL-58db8dd1afc76093,2020_Townsend,AC-78305ee2e743b795,BLOCK-513383ed86a73488,5,BLOCK-513383ed86a73488
SSCP-fbd0131fbc5b4564,MOL-2698a0c5fb70c7f6,2020_Townsend,AC-78305ee2e743b795,BLOCK-513383ed86a73488,5,BLOCK-513383ed86a73488
SSCP-fbda882f4b21b1f2,MOL-e01204d41c4255e7,2013_CHUGAI,AC-cf95401a5715faa6,BLOCK-5c361cba45039733,7,BLOCK-5c361cba45039733
SSCP-fbe1b67edac6886b,MOL-3d0387d9e45e00e6,2020_Townsend,AC-78305ee2e743b795,BLOCK-513383ed86a73488,5,BLOCK-513383ed86a73488
SSCP-fbf64a7d55d1375d,MOL-edeba7764d969c98,2021_Kelly,AC-5e5c956882423f52,BLOCK-4494eb5738fce47c,3,BLOCK-4494eb5738fce47c
SSCP-fbf921e344618544,MOL-e17bbae683460608,2021_Kelly,AC-5e5c956882423f52,BLOCK-4494eb5738fce47c,3,BLOCK-4494eb5738fce47c
SSCP-fc059eb7b1196d71,MOL-e3fd7e6309a43977,2021_Comeau,AC-b74b4d5565722d16,BLOCK-bb4bcb852b735057,12,BLOCK-bb4bcb852b735057
SSCP-fc077209f3715b69,MOL-d865f00330ff96e2,2013_CHUGAI,AC-9915a59ccaa1a737,BLOCK-5c361cba45039733,7,BLOCK-5c361cba45039733
SSCP-fc198505fd66d13f,MOL-7488710774793129,2021_Kelly,AC-5e5c956882423f52,BLOCK-4494eb5738fce47c,3,BLOCK-4494eb5738fce47c
SSCP-fc24f121d0986d80,MOL-0c386326a43474ca,2020_Townsend,AC-78305ee2e743b795,BLOCK-513383ed86a73488,5,BLOCK-513383ed86a73488
SSCP-fc287c7c75c5bb69,MOL-ffe4a686998cfd1f,2021_Kelly,AC-6d3257a2b83e15dc,BLOCK-4494eb5738fce47c,3,BLOCK-4494eb5738fce47c
SSCP-fc2fd179ff6dc3df,MOL-d656587cbd88cb80,2020_Townsend,AC-78305ee2e743b795,BLOCK-513383ed86a73488,5,BLOCK-513383ed86a73488
SSCP-fc301e86864e15a6,MOL-6f2c1e196231e6c8,2020_Townsend,AC-78305ee2e743b795,BLOCK-513383ed86a73488,5,BLOCK-513383ed86a73488
SSCP-fc35604d5ccf95fa,MOL-f57a95407f4c30e9,2016_Furukawa,AC-78305ee2e743b795,BLOCK-513383ed86a73488,5,BLOCK-513383ed86a73488
SSCP-fc3d5da41b318ec8,MOL-c366b89a2d91070e,2020_Townsend,AC-78305ee2e743b795,BLOCK-513383ed86a73488,5,BLOCK-513383ed86a73488
SSCP-fc4ee3dbbc470cf0,MOL-91abd1a9dbf1aaf3,2020_Townsend,AC-78305ee2e743b795,BLOCK-513383ed86a73488,5,BLOCK-513383ed86a73488
SSCP-fc528dbe189261ab,MOL-c1dbbe3919d0791d,2018_Naylor,AC-4cbd321fd3e6c472,BLOCK-513383ed86a73488,5,BLOCK-513383ed86a73488
SSCP-fc54ee4c18bec4c5,MOL-a7df95203d754a69,2020_Townsend,AC-78305ee2e743b795,BLOCK-513383ed86a73488,5,BLOCK-513383ed86a73488
SSCP-fc557c1f34cb84b6,MOL-15dd4c9a76af9e47,2020_Townsend,AC-78305ee2e743b795,BLOCK-513383ed86a73488,5,BLOCK-513383ed86a73488
SSCP-fc5ff837806c1a91,MOL-a922fd859cad2cd0,2022_Taechalertpaisarn,AC-78305ee2e743b795,BLOCK-513383ed86a73488,5,BLOCK-513383ed86a73488
SSCP-fc7493a9f8f0522f,MOL-bcfc0309a17ef682,2021_Kelly,AC-5e5c956882423f52,BLOCK-4494eb5738fce47c,3,BLOCK-4494eb5738fce47c
SSCP-fc7e3e69e1a358ee,MOL-972c29249a4a0b5c,2020_Townsend,AC-78305ee2e743b795,BLOCK-513383ed86a73488,5,BLOCK-513383ed86a73488
SSCP-fc830b9b6334646e,MOL-907c7b01ea46fc99,2020_Townsend,AC-78305ee2e743b795,BLOCK-513383ed86a73488,5,BLOCK-513383ed86a73488
SSCP-fc8a5a0fbd7da3ca,MOL-a59e8463927e4333,2020_Townsend,AC-78305ee2e743b795,BLOCK-513383ed86a73488,5,BLOCK-513383ed86a73488
SSCP-fc915f7e3c311c5b,MOL-7148bead8a337fba,2016_Furukawa,AC-78305ee2e743b795,BLOCK-513383ed86a73488,5,BLOCK-513383ed86a73488
SSCP-fc9fc7bb15f2592d,MOL-80470312b5035329,2021_Kelly,AC-5e5c956882423f52,BLOCK-4494eb5738fce47c,3,BLOCK-4494eb5738fce47c
SSCP-fcb0dc2f3390c729,MOL-82319d044a24d578,2020_Townsend,AC-78305ee2e743b795,BLOCK-513383ed86a73488,5,BLOCK-513383ed86a73488
SSCP-fcb4a57adc6d406d,MOL-07cf1d1b22322b22,2020_Townsend,AC-78305ee2e743b795,BLOCK-513383ed86a73488,5,BLOCK-513383ed86a73488
SSCP-fcb98941771c5ba2,MOL-8aa61843b7d825d4,2016_Furukawa,AC-78305ee2e743b795,BLOCK-513383ed86a73488,5,BLOCK-513383ed86a73488
SSCP-fcb9fb3ed5accc4c,MOL-db0887e8cd159e30,2020_Townsend,AC-78305ee2e743b795,BLOCK-513383ed86a73488,5,BLOCK-513383ed86a73488
SSCP-fcd6baf39d5c7e25,MOL-3e208a20e1106b2d,2013_CHUGAI,AC-9915a59ccaa1a737,BLOCK-5c361cba45039733,7,BLOCK-5c361cba45039733
SSCP-fcdb420eed802954,MOL-2da5bbd91ea70e74,2020_Townsend,AC-78305ee2e743b795,BLOCK-513383ed86a73488,5,BLOCK-513383ed86a73488
SSCP-fcddf59388bcd8ae,MOL-6c7e114535bdb036,2020_Townsend,AC-78305ee2e743b795,BLOCK-513383ed86a73488,5,BLOCK-513383ed86a73488
SSCP-fce8516877472c4d,MOL-7b8646c7dd6dd5c6,2013_CHUGAI,AC-cf95401a5715faa6,BLOCK-5c361cba45039733,7,BLOCK-5c361cba45039733
SSCP-fd094b195496a769,MOL-f3199b8c0a284b0e,2020_Townsend,AC-78305ee2e743b795,BLOCK-513383ed86a73488,5,BLOCK-513383ed86a73488
SSCP-fd2611d4e490dd8f,MOL-5c12b95af5822a20,2020_Townsend,AC-78305ee2e743b795,BLOCK-513383ed86a73488,5,BLOCK-513383ed86a73488
SSCP-fd277068a871af38,MOL-0c38f983dfc6502c,2018_Naylor,AC-78305ee2e743b795,BLOCK-513383ed86a73488,5,BLOCK-513383ed86a73488
SSCP-fd28296dbccda583,MOL-6562f5a54b08cd25,2020_Townsend,AC-78305ee2e743b795,BLOCK-513383ed86a73488,5,BLOCK-513383ed86a73488
SSCP-fd28aa09abf26634,MOL-fbc8b39dd1426ad6,2020_Townsend,AC-78305ee2e743b795,BLOCK-513383ed86a73488,5,BLOCK-513383ed86a73488
SSCP-fd2ddf8cda6072e0,MOL-aed6b0c38b74a4dc,2013_CHUGAI,AC-b852582bc76058ec,BLOCK-5c361cba45039733,7,BLOCK-5c361cba45039733
SSCP-fd2de4063849d793,MOL-b3db0d06997bc909,2020_Townsend,AC-78305ee2e743b795,BLOCK-513383ed86a73488,5,BLOCK-513383ed86a73488
SSCP-fd2df0e7cce210ab,MOL-ff578c4019c19039,2020_Townsend,AC-78305ee2e743b795,BLOCK-513383ed86a73488,5,BLOCK-513383ed86a73488
SSCP-fd3823694f5576c2,MOL-707cc89f23948b61,2013_CHUGAI,AC-cf95401a5715faa6,BLOCK-5c361cba45039733,7,BLOCK-5c361cba45039733
SSCP-fd65b027c763f7af,MOL-362c4e8e2528ff20,2020_Townsend,AC-78305ee2e743b795,BLOCK-513383ed86a73488,5,BLOCK-513383ed86a73488
SSCP-fd65cf03ab9263e8,MOL-4a4c33c287b2d03b,2020_Townsend,AC-78305ee2e743b795,BLOCK-513383ed86a73488,5,BLOCK-513383ed86a73488
SSCP-fd669bb5af423d43,MOL-2b27e55735260b55,2020_Townsend,AC-78305ee2e743b795,BLOCK-513383ed86a73488,5,BLOCK-513383ed86a73488
SSCP-fd6bf40188c0e284,MOL-0ba79579d8d1c3a9,2013_CHUGAI,AC-9915a59ccaa1a737,BLOCK-5c361cba45039733,7,BLOCK-5c361cba45039733
SSCP-fd70e3c664a640e5,MOL-f7ef18a6cdfec125,2021_Kelly,AC-5e5c956882423f52,BLOCK-4494eb5738fce47c,3,BLOCK-4494eb5738fce47c
SSCP-fd78fc0f147dae3c,MOL-9e2a0d9dc6cbb858,2020_Townsend,AC-78305ee2e743b795,BLOCK-513383ed86a73488,5,BLOCK-513383ed86a73488
SSCP-fd82cacd37a9de6a,MOL-e30577138220dc9b,2021_Kelly,AC-6d3257a2b83e15dc,BLOCK-4494eb5738fce47c,3,BLOCK-4494eb5738fce47c
SSCP-fd89d813c8fbdab8,MOL-2cbada05d398947c,2020_Le Roux,AC-b74b4d5565722d16,BLOCK-bb4bcb852b735057,12,BLOCK-bb4bcb852b735057
SSCP-fd8bcdc36c2fbc17,MOL-63967d73e8777839,2015_Bockus_1,AC-914f0f8286bc74ae,BLOCK-513383ed86a73488,5,BLOCK-513383ed86a73488
SSCP-fd9bbe1ce9cc234a,MOL-79340276ec211c01,2020_Townsend,AC-78305ee2e743b795,BLOCK-513383ed86a73488,5,BLOCK-513383ed86a73488
SSCP-fda1f1553ac61e27,MOL-0dcc603040638b58,2015_Ahlbach,AC-4cbd321fd3e6c472,BLOCK-513383ed86a73488,5,BLOCK-513383ed86a73488
SSCP-fda21c75b8d5da75,MOL-2dde748c5d801d78,2013_CHUGAI,AC-46a7f0b10bd84074,BLOCK-5c361cba45039733,7,BLOCK-5c361cba45039733
SSCP-fdac4a49ab7a847e,MOL-1f8b32feffd80515,2020_Townsend,AC-78305ee2e743b795,BLOCK-513383ed86a73488,5,BLOCK-513383ed86a73488
SSCP-fdb548b77c3fe545,MOL-364478cd8690b946,2021_Kelly,AC-ac7e5d0036401990,BLOCK-4494eb5738fce47c,3,BLOCK-4494eb5738fce47c
SSCP-fdbc5b35abf11222,MOL-a59cac3acdccccf2,2020_Townsend,AC-78305ee2e743b795,BLOCK-513383ed86a73488,5,BLOCK-513383ed86a73488
SSCP-fde4475d0dcd8904,MOL-fb4e2e98036fb8a7,2013_CHUGAI,AC-9915a59ccaa1a737,BLOCK-5c361cba45039733,7,BLOCK-5c361cba45039733
SSCP-fde473751b24a721,MOL-e60cea6511159278,2016_Hickey,AC-f58c62cec9f1c846,BLOCK-513383ed86a73488,5,BLOCK-513383ed86a73488
SSCP-fde513494e838b88,MOL-1559e53ac982232d,2021_Golosov,AC-86cc498249bfbe27,BLOCK-394ff80f01cbc968,2,BLOCK-394ff80f01cbc968
SSCP-fdfd70a526826ff4,MOL-e166c395b4e42b70,2020_Townsend,AC-78305ee2e743b795,BLOCK-513383ed86a73488,5,BLOCK-513383ed86a73488
SSCP-fdfdc3652da41037,MOL-0b6fbb895a523868,2020_Townsend,AC-78305ee2e743b795,BLOCK-513383ed86a73488,5,BLOCK-513383ed86a73488
SSCP-fe153cca556625b4,MOL-ddfc4d20e1101da3,2021_Kelly,AC-5e5c956882423f52,BLOCK-4494eb5738fce47c,3,BLOCK-4494eb5738fce47c
SSCP-fe165989b7e5bd50,MOL-182243a0722ab964,2022_Bhardwaj,AC-5a14367343c2c30d,BLOCK-513383ed86a73488,5,BLOCK-513383ed86a73488
SSCP-fe17afa7d59b1be6,MOL-278a1253a685907e,2018_Naylor,AC-78305ee2e743b795,BLOCK-513383ed86a73488,5,BLOCK-513383ed86a73488
SSCP-fe1c6a7c6763027e,MOL-2179efce33889a87,2022_Bhardwaj,AC-ef4bd58debf99d6e,BLOCK-513383ed86a73488,5,BLOCK-513383ed86a73488
SSCP-fe219f4f5ef58739,MOL-24003fb4a18d0396,2013_CHUGAI,AC-1a20e874e69656d4,BLOCK-5c361cba45039733,7,BLOCK-5c361cba45039733
SSCP-fe30ffc70b246992,MOL-88c8a54a94df05ce,2021_Kelly,AC-ac7e5d0036401990,BLOCK-4494eb5738fce47c,3,BLOCK-4494eb5738fce47c
SSCP-fe38d65e74ff2745,MOL-5f351bfe3200c9ab,2020_Townsend,AC-78305ee2e743b795,BLOCK-513383ed86a73488,5,BLOCK-513383ed86a73488
SSCP-fe3e6dab254bf12c,MOL-8a28553546d542f1,2013_CHUGAI,AC-cf95401a5715faa6,BLOCK-5c361cba45039733,7,BLOCK-5c361cba45039733
SSCP-fe462b38de440813,MOL-39085958255ab948,2024_Faris,AC-e82e3e242d3d320c,BLOCK-c5e520eb3b94ff25,15,BLOCK-c5e520eb3b94ff25
SSCP-fe46feda574e356d,MOL-53c50964a401ac67,2020_Le Roux,AC-b74b4d5565722d16,BLOCK-bb4bcb852b735057,12,BLOCK-bb4bcb852b735057
SSCP-fe4c7d9bef799e4b,MOL-209b02e3427ab419,2020_Townsend,AC-78305ee2e743b795,BLOCK-513383ed86a73488,5,BLOCK-513383ed86a73488
SSCP-fe4d1748189c33bf,MOL-957de571ad813574,2016_Furukawa,AC-78305ee2e743b795,BLOCK-513383ed86a73488,5,BLOCK-513383ed86a73488
SSCP-fe4fb8799b363386,MOL-e6654d40417bcc53,2023_Ghosh,AC-78305ee2e743b795,BLOCK-513383ed86a73488,5,BLOCK-513383ed86a73488
SSCP-fe5287c4dc2641df,MOL-d54e201fe2e2092d,2016_Furukawa,AC-78305ee2e743b795,BLOCK-513383ed86a73488,5,BLOCK-513383ed86a73488
SSCP-fe69100e8d30b566,MOL-fc8b0ccc727267cb,2020_Townsend,AC-78305ee2e743b795,BLOCK-513383ed86a73488,5,BLOCK-513383ed86a73488
SSCP-fe81f74919047aeb,MOL-74e3d9ad7d0c73e8,2024_Faris,AC-e82e3e242d3d320c,BLOCK-c5e520eb3b94ff25,15,BLOCK-c5e520eb3b94ff25
SSCP-fe85085797507971,MOL-bf9fdebcd3618122,2021_Kelly,AC-5e5c956882423f52,BLOCK-4494eb5738fce47c,3,BLOCK-4494eb5738fce47c
SSCP-fe8943c3d13216f0,MOL-42ffe49276908a52,2016_Furukawa,AC-78305ee2e743b795,BLOCK-513383ed86a73488,5,BLOCK-513383ed86a73488
SSCP-fe965b41c849afd7,MOL-8a9aab440fedbfe3,2020_Townsend,AC-78305ee2e743b795,BLOCK-513383ed86a73488,5,BLOCK-513383ed86a73488
SSCP-fea4314407d8010a,MOL-e5e7ea4974432b02,2020_Townsend,AC-78305ee2e743b795,BLOCK-513383ed86a73488,5,BLOCK-513383ed86a73488
SSCP-fea8c502c9ab80fe,MOL-775e3cbb4dab1fd0,2016_Furukawa,AC-78305ee2e743b795,BLOCK-513383ed86a73488,5,BLOCK-513383ed86a73488
SSCP-feabe02892b26097,MOL-a5b13bbd470f58ce,2020_Townsend,AC-78305ee2e743b795,BLOCK-513383ed86a73488,5,BLOCK-513383ed86a73488
SSCP-feabece44284913f,MOL-da6d56cec7c1ae5e,2013_CHUGAI,AC-76364811742e6efe,BLOCK-5c361cba45039733,7,BLOCK-5c361cba45039733
SSCP-febd8a5c2314fbda,MOL-418ab5d3f59e882c,2020_Townsend,AC-78305ee2e743b795,BLOCK-513383ed86a73488,5,BLOCK-513383ed86a73488
SSCP-fec0f87197389d25,MOL-39f48b1f7014edaf,2016_Furukawa,AC-78305ee2e743b795,BLOCK-513383ed86a73488,5,BLOCK-513383ed86a73488
SSCP-fec7654453ea0187,MOL-c175c0c711c05363,2020_Townsend,AC-78305ee2e743b795,BLOCK-513383ed86a73488,5,BLOCK-513383ed86a73488
SSCP-fecfdadb6ab02ce9,MOL-1dc9d7ccff492291,2020_Townsend,AC-78305ee2e743b795,BLOCK-513383ed86a73488,5,BLOCK-513383ed86a73488
SSCP-fed3feff7861a6f1,MOL-b563bc10f606847e,2020_Townsend,AC-78305ee2e743b795,BLOCK-513383ed86a73488,5,BLOCK-513383ed86a73488
SSCP-fee1696267566ad1,MOL-5e3bbe91ae22d905,2024_Otani,AC-11a24b60c76c2ff1,BLOCK-e729b0aa52978c75,17,BLOCK-e729b0aa52978c75
SSCP-feedc6a6c65b638a,MOL-d08dbe38b1779ccb,2016_Furukawa,AC-78305ee2e743b795,BLOCK-513383ed86a73488,5,BLOCK-513383ed86a73488
SSCP-fef24bced5f0543e,MOL-3552661a3d8f4185,2020_Townsend,AC-78305ee2e743b795,BLOCK-513383ed86a73488,5,BLOCK-513383ed86a73488
SSCP-fefbd02b3c0f26ae,MOL-eced3fe17e602b81,2021_Kelly,AC-5e5c956882423f52,BLOCK-4494eb5738fce47c,3,BLOCK-4494eb5738fce47c
SSCP-ff00cc6d61245732,MOL-7fc5d1ae85dec90c,2021_Comeau,AC-b74b4d5565722d16,BLOCK-bb4bcb852b735057,12,BLOCK-bb4bcb852b735057
SSCP-ff08ea901e525be5,MOL-5cfade8fdb66ba29,2020_Townsend,AC-78305ee2e743b795,BLOCK-513383ed86a73488,5,BLOCK-513383ed86a73488
SSCP-ff0f33874a501ddf,MOL-f18ba9bf46d99d1f,2024_Faris,AC-e82e3e242d3d320c,BLOCK-c5e520eb3b94ff25,15,BLOCK-c5e520eb3b94ff25
SSCP-ff0fe6c2eebd07c3,MOL-85226a63abf9807e,2020_Townsend,AC-78305ee2e743b795,BLOCK-513383ed86a73488,5,BLOCK-513383ed86a73488
SSCP-ff1dc86539d7f45c,MOL-45dabc043794f58d,2016_Furukawa,AC-78305ee2e743b795,BLOCK-513383ed86a73488,5,BLOCK-513383ed86a73488
SSCP-ff1e9831385cbc05,MOL-d1b0557c812a0c00,2021_Kelly,AC-5e5c956882423f52,BLOCK-4494eb5738fce47c,3,BLOCK-4494eb5738fce47c
SSCP-ff2d0c4fab0edd1f,MOL-4977b28e98db7039,2013_CHUGAI,AC-cf95401a5715faa6,BLOCK-5c361cba45039733,7,BLOCK-5c361cba45039733
SSCP-ff31bd50635b969e,MOL-01a77b36ea6b8059,2020_Townsend,AC-78305ee2e743b795,BLOCK-513383ed86a73488,5,BLOCK-513383ed86a73488
SSCP-ff39cb603c13c632,MOL-d19b44c4091a90be,2020_Townsend,AC-78305ee2e743b795,BLOCK-513383ed86a73488,5,BLOCK-513383ed86a73488
SSCP-ff40911a1ef8134c,MOL-348eaf5e360fd653,2024_Faris,AC-e82e3e242d3d320c,BLOCK-c5e520eb3b94ff25,15,BLOCK-c5e520eb3b94ff25
SSCP-ff45d99a4d248c36,MOL-9f84a01a6769b950,2021_Kelly,AC-5e5c956882423f52,BLOCK-4494eb5738fce47c,3,BLOCK-4494eb5738fce47c
SSCP-ff4a1a307b4a9af9,MOL-7a04e3921d370080,2022_Saunders,AC-e84a9a0bd49f43b6,BLOCK-513383ed86a73488,5,BLOCK-513383ed86a73488
SSCP-ff4c44f55c26c6cf,MOL-d19af5e3efe327ae,2021_Kelly,AC-5e5c956882423f52,BLOCK-4494eb5738fce47c,3,BLOCK-4494eb5738fce47c
SSCP-ff4c8e1aab7ccc0f,MOL-45277e32f797bf04,2021_Kelly,AC-5e5c956882423f52,BLOCK-4494eb5738fce47c,3,BLOCK-4494eb5738fce47c
SSCP-ff5596d7fa17eaa3,MOL-5c058457f4202cf8,2020_Townsend,AC-78305ee2e743b795,BLOCK-513383ed86a73488,5,BLOCK-513383ed86a73488
SSCP-ff61a1e6d8ea28d8,MOL-c7e357383786d4b8,2020_Townsend,AC-78305ee2e743b795,BLOCK-513383ed86a73488,5,BLOCK-513383ed86a73488
SSCP-ff71132e9fb095aa,MOL-65eabc2d3a3db733,2020_Townsend,AC-78305ee2e743b795,BLOCK-513383ed86a73488,5,BLOCK-513383ed86a73488
SSCP-ff793736f6ea2fa4,MOL-920141d0ebb7f83e,2020_Townsend,AC-78305ee2e743b795,BLOCK-513383ed86a73488,5,BLOCK-513383ed86a73488
SSCP-ff795e19a42521b0,MOL-9645470d07e659c2,2020_Townsend,AC-78305ee2e743b795,BLOCK-513383ed86a73488,5,BLOCK-513383ed86a73488
SSCP-ff8976d045ec48d6,MOL-a620cc45fe33c96a,2022_Taechalertpaisarn,AC-78305ee2e743b795,BLOCK-513383ed86a73488,5,BLOCK-513383ed86a73488
SSCP-ff8ff1b200a80376,MOL-a47a0a54ef96b5ad,2016_Furukawa,AC-78305ee2e743b795,BLOCK-513383ed86a73488,5,BLOCK-513383ed86a73488
SSCP-ffa54bca764709d6,MOL-c003c7c54390fca7,2020_Townsend,AC-78305ee2e743b795,BLOCK-513383ed86a73488,5,BLOCK-513383ed86a73488
SSCP-ffa673c5bf7931ea,MOL-13fb5804b65d8942,2020_Townsend,AC-78305ee2e743b795,BLOCK-513383ed86a73488,5,BLOCK-513383ed86a73488
SSCP-ffc41a85a763415d,MOL-733d118b692de66f,2020_Townsend,AC-78305ee2e743b795,BLOCK-513383ed86a73488,5,BLOCK-513383ed86a73488
SSCP-ffc8405c422768ae,MOL-9fd0a646c2cb4bc1,2024_Koch,AC-e82e3e242d3d320c,BLOCK-c5e520eb3b94ff25,15,BLOCK-c5e520eb3b94ff25
SSCP-ffd8d4764ec8a527,MOL-1e01e0736716ca3d,2013_CHUGAI,AC-f482e847f8e88cb5,BLOCK-5c361cba45039733,7,BLOCK-5c361cba45039733
SSCP-ffdcccb2614725bf,MOL-cfbf9d3293dc08a1,2020_Townsend,AC-78305ee2e743b795,BLOCK-513383ed86a73488,5,BLOCK-513383ed86a73488
SSCP-fff38c7dceeef9b4,MOL-582be99c677dd5e4,2020_Townsend,AC-78305ee2e743b795,BLOCK-513383ed86a73488,5,BLOCK-513383ed86a73488
SSCP-fff8960c5a94e377,MOL-6dfc90c3af278a2d,2020_Townsend,AC-78305ee2e743b795,BLOCK-513383ed86a73488,5,BLOCK-513383ed86a73488
SSCP-fffaa7a600811aeb,MOL-e2087bd817eb5ae1,2021_Kelly,AC-5e5c956882423f52,BLOCK-4494eb5738fce47c,3,BLOCK-4494eb5738fce47c
SSCP-fffb1bccdb873763,MOL-f613bed7a91e1100,2021_Kelly,AC-5e5c956882423f52,BLOCK-4494eb5738fce47c,3,BLOCK-4494eb5738fce47c
SSCP-fffcb5ce849410de,MOL-5ad448a7891802b3,2020_Townsend,AC-78305ee2e743b795,BLOCK-513383ed86a73488,5,BLOCK-513383ed86a73488
