raw_id,raw_group_id,source,year,version,is_censored,curation_status,exclusion_or_link_reason,curated_id
PAMPA:1,GRP-2e6f1259e92caef4,2006_Rezai_1,2006,1.0,False,included,compatible_uncensored_replicate,SSCP-2e6f1259e92caef4
PAMPA:2,GRP-27a5638eb595edb1,2006_Rezai_1,2006,1.0,False,included,compatible_uncensored_replicate,SSCP-27a5638eb595edb1
PAMPA:3,GRP-d0ba4f13b7bf4619,2006_Rezai_1,2006,1.0,False,included,compatible_uncensored_replicate,SSCP-d0ba4f13b7bf4619
PAMPA:4,GRP-ad22216bd6cba9a5,2006_Rezai_1,2006,1.0,False,included,compatible_uncensored_replicate,SSCP-ad22216bd6cba9a5
PAMPA:5,GRP-7dac788d556cd0c0,2006_Rezai_1,2006,1.0,False,included,compatible_uncensored_replicate,SSCP-7dac788d556cd0c0
PAMPA:6,GRP-7c373bcef22888eb,2006_Rezai_1,2006,1.0,False,included,compatible_uncensored_replicate,SSCP-7c373bcef22888eb
PAMPA:7,GRP-c27048dc365e976b,2006_Rezai_1,2006,1.0,False,included,compatible_uncensored_replicate,SSCP-c27048dc365e976b
PAMPA:8,GRP-e7523986bcd9cb09,2006_Rezai_1,2006,1.0,False,included,compatible_uncensored_replicate,SSCP-e7523986bcd9cb09
PAMPA:9,GRP-4cb8c9bfdccb4359,2006_Rezai_1,2006,1.0,True,excluded,irrecoverably_censored_or_missing_label,
PAMPA:10,GRP-447b35ffdde35d90,2006_Rezai_1,2006,1.0,True,excluded,irrecoverably_censored_or_missing_label,
PAMPA:11,GRP-ab5c78e91c8de8fe,2006_Rezai_2,2006,1.0,False,included,compatible_uncensored_replicate,SSCP-ab5c78e91c8de8fe
PAMPA:12,GRP-dca057ebc16a89c2,2006_Rezai_2,2006,1.0,False,included,compatible_uncensored_replicate,SSCP-dca057ebc16a89c2
PAMPA:13,GRP-6f1b9793bd32f2fa,2006_Rezai_2,2006,1.0,False,included,compatible_uncensored_replicate,SSCP-6f1b9793bd32f2fa
PAMPA:14,GRP-b4907e4c2a8b46c3,2006_Rezai_2,2006,1.0,False,included,compatible_uncensored_replicate,SSCP-b4907e4c2a8b46c3
PAMPA:15,GRP-2a2edf2876b5cef1,2006_Rezai_2,2006,1.0,False,included,compatible_uncensored_replicate,SSCP-2a2edf2876b5cef1
PAMPA:16,GRP-8e33023e4b7213ec,2006_Rezai_2,2006,1.0,False,included,compatible_uncensored_replicate,SSCP-8e33023e4b7213ec
PAMPA:17,GRP-9c3b59749b75d1cc,2006_Rezai_2,2006,1.0,False,included,compatible_uncensored_replicate,SSCP-9c3b59749b75d1cc
PAMPA:18,GRP-472c3c0bea47f703,2006_Rezai_2,2006,1.0,False,included,compatible_uncensored_replicate,SSCP-472c3c0bea47f703
PAMPA:19,GRP-2d3d09d36d7716e6,2006_Rezai_2,2006,1.0,False,included,compatible_uncensored_replicate,SSCP-2d3d09d36d7716e6
PAMPA:20,GRP-7b0820a8f4c384a9,2006_Rezai_2,2006,1.0,False,included,compatible_uncensored_replicate,SSCP-7b0820a8f4c384a9
PAMPA:21,GRP-935c3a30cb943a7e,2006_Rezai_2,2006,1.0,False,included,compatible_uncensored_replicate,SSCP-935c3a30cb943a7e
PAMPA:48,GRP-57a5f2072811bf6f,2013_CHUGAI,2013,1.0,False,included,compatible_uncensored_replicate,SSCP-57a5f2072811bf6f
PAMPA:49,GRP-b352931bc178dd14,2013_CHUGAI,2013,1.0,False,included,compatible_uncensored_replicate,SSCP-b352931bc178dd14
PAMPA:50,GRP-5ff27ad46baf27ca,2013_CHUGAI,2013,1.0,False,included,compatible_uncensored_replicate,SSCP-5ff27ad46baf27ca
PAMPA:51,GRP-c41e6531ee088f4c,2013_CHUGAI,2013,1.0,False,included,compatible_uncensored_replicate,SSCP-c41e6531ee088f4c
PAMPA:52,GRP-30a3f8e976a8963b,2013_CHUGAI,2013,1.0,False,included,compatible_uncensored_replicate,SSCP-30a3f8e976a8963b
PAMPA:53,GRP-d206997ca04705e2,2013_CHUGAI,2013,1.0,False,included,compatible_uncensored_replicate,SSCP-d206997ca04705e2
PAMPA:54,GRP-8e606ced5cbaa26b,2013_CHUGAI,2013,1.0,False,included,compatible_uncensored_replicate,SSCP-8e606ced5cbaa26b
PAMPA:55,GRP-ed47cedb59358bbb,2013_CHUGAI,2013,1.0,False,included,compatible_uncensored_replicate,SSCP-ed47cedb59358bbb
PAMPA:56,GRP-28d18de427e5f4a9,2013_CHUGAI,2013,1.0,False,included,compatible_uncensored_replicate,SSCP-28d18de427e5f4a9
PAMPA:57,GRP-4f1202d106592234,2013_CHUGAI,2013,1.0,False,included,compatible_uncensored_replicate,SSCP-4f1202d106592234
PAMPA:58,GRP-cc074b86d5749ae6,2013_CHUGAI,2013,1.0,False,included,compatible_uncensored_replicate,SSCP-cc074b86d5749ae6
PAMPA:59,GRP-31d624f6c741cebf,2013_CHUGAI,2013,1.0,False,included,compatible_uncensored_replicate,SSCP-31d624f6c741cebf
PAMPA:60,GRP-d35b6e6d8085936c,2013_CHUGAI,2013,1.0,False,included,compatible_uncensored_replicate,SSCP-d35b6e6d8085936c
PAMPA:61,GRP-6e09883a64596ae4,2013_CHUGAI,2013,1.0,False,included,compatible_uncensored_replicate,SSCP-6e09883a64596ae4
PAMPA:62,GRP-ebf5199ba84c6c62,2013_CHUGAI,2013,1.0,False,included,compatible_uncensored_replicate,SSCP-ebf5199ba84c6c62
PAMPA:63,GRP-4a0e27b74c2ab263,2013_CHUGAI,2013,1.0,False,included,compatible_uncensored_replicate,SSCP-4a0e27b74c2ab263
PAMPA:64,GRP-d3389bf387eba04c,2013_CHUGAI,2013,1.0,False,included,compatible_uncensored_replicate,SSCP-d3389bf387eba04c
PAMPA:65,GRP-0e74bc5ad044471a,2013_CHUGAI,2013,1.0,False,included,compatible_uncensored_replicate,SSCP-0e74bc5ad044471a
PAMPA:66,GRP-80cd1e35d35d629e,2013_CHUGAI,2013,1.0,False,included,compatible_uncensored_replicate,SSCP-80cd1e35d35d629e
PAMPA:67,GRP-6976aa466682efee,2013_CHUGAI,2013,1.0,False,included,compatible_uncensored_replicate,SSCP-6976aa466682efee
PAMPA:68,GRP-b477929fcd0a70eb,2013_CHUGAI,2013,1.0,False,included,compatible_uncensored_replicate,SSCP-b477929fcd0a70eb
PAMPA:69,GRP-d83e47bbfa318539,2013_CHUGAI,2013,1.0,False,included,compatible_uncensored_replicate,SSCP-d83e47bbfa318539
PAMPA:70,GRP-28c8731be918f22c,2013_CHUGAI,2013,1.0,False,included,compatible_uncensored_replicate,SSCP-28c8731be918f22c
PAMPA:71,GRP-c7472d319239e8bb,2013_CHUGAI,2013,1.0,False,included,compatible_uncensored_replicate,SSCP-c7472d319239e8bb
PAMPA:72,GRP-8bdcbe39db73716d,2013_CHUGAI,2013,1.0,False,included,compatible_uncensored_replicate,SSCP-8bdcbe39db73716d
PAMPA:73,GRP-04df124f18acc598,2013_CHUGAI,2013,1.0,False,included,compatible_uncensored_replicate,SSCP-04df124f18acc598
PAMPA:74,GRP-18137560148a183a,2013_CHUGAI,2013,1.0,False,included,compatible_uncensored_replicate,SSCP-18137560148a183a
PAMPA:75,GRP-e086e445ca95e941,2013_CHUGAI,2013,1.0,False,included,compatible_uncensored_replicate,SSCP-e086e445ca95e941
PAMPA:76,GRP-a0a8f4db0758348b,2013_CHUGAI,2013,1.0,False,included,compatible_uncensored_replicate,SSCP-a0a8f4db0758348b
PAMPA:77,GRP-77097c43b979ed02,2013_CHUGAI,2013,1.0,False,included,compatible_uncensored_replicate,SSCP-77097c43b979ed02
PAMPA:78,GRP-d7c21300de02b6e7,2013_CHUGAI,2013,1.0,False,included,compatible_uncensored_replicate,SSCP-d7c21300de02b6e7
PAMPA:79,GRP-a05f3e57f00392c8,2013_CHUGAI,2013,1.0,False,included,compatible_uncensored_replicate,SSCP-a05f3e57f00392c8
PAMPA:80,GRP-d2023095a2b934fd,2013_CHUGAI,2013,1.0,False,included,compatible_uncensored_replicate,SSCP-d2023095a2b934fd
PAMPA:81,GRP-e136466af34ba463,2013_CHUGAI,2013,1.0,False,included,compatible_uncensored_replicate,SSCP-e136466af34ba463
PAMPA:82,GRP-e718a27d244f6f24,2013_CHUGAI,2013,1.0,False,included,compatible_uncensored_replicate,SSCP-e718a27d244f6f24
PAMPA:83,GRP-b1588620b08692d5,2013_CHUGAI,2013,1.0,False,included,compatible_uncensored_replicate,SSCP-b1588620b08692d5
PAMPA:84,GRP-3480d91822876b55,2013_CHUGAI,2013,1.0,False,included,compatible_uncensored_replicate,SSCP-3480d91822876b55
PAMPA:85,GRP-36c8488b11924198,2013_CHUGAI,2013,1.0,False,included,compatible_uncensored_replicate,SSCP-36c8488b11924198
PAMPA:86,GRP-9e614539ccc4b9bd,2013_CHUGAI,2013,1.0,False,included,compatible_uncensored_replicate,SSCP-9e614539ccc4b9bd
PAMPA:87,GRP-070bde1f77ba4969,2013_CHUGAI,2013,1.0,False,included,compatible_uncensored_replicate,SSCP-070bde1f77ba4969
PAMPA:88,GRP-173daa47f98f8f0f,2013_CHUGAI,2013,1.0,False,included,compatible_uncensored_replicate,SSCP-173daa47f98f8f0f
PAMPA:89,GRP-5ec3758471262685,2013_CHUGAI,2013,1.0,False,included,compatible_uncensored_replicate,SSCP-5ec3758471262685
PAMPA:90,GRP-562dd351c70e5c7b,2013_CHUGAI,2013,1.0,False,included,compatible_uncensored_replicate,SSCP-562dd351c70e5c7b
PAMPA:91,GRP-e04b7e5cc4473a03,2013_CHUGAI,2013,1.0,False,included,compatible_uncensored_replicate,SSCP-e04b7e5cc4473a03
PAMPA:92,GRP-a3f719f29b139627,2013_CHUGAI,2013,1.0,False,included,compatible_uncensored_replicate,SSCP-a3f719f29b139627
PAMPA:93,GRP-f6d05c72b60e4935,2013_CHUGAI,2013,1.0,False,included,compatible_uncensored_replicate,SSCP-f6d05c72b60e4935
PAMPA:94,GRP-b7a805ba4295fa0d,2013_CHUGAI,2013,1.0,False,included,compatible_uncensored_replicate,SSCP-b7a805ba4295fa0d
PAMPA:95,GRP-456f46851ade81b8,2013_CHUGAI,2013,1.0,False,included,compatible_uncensored_replicate,SSCP-456f46851ade81b8
PAMPA:96,GRP-03e86d23a8ddb28f,2013_CHUGAI,2013,1.0,False,included,compatible_uncensored_replicate,SSCP-03e86d23a8ddb28f
PAMPA:97,GRP-e03ccafb022beba0,2013_CHUGAI,2013,1.0,False,included,compatible_uncensored_replicate,SSCP-e03ccafb022beba0
PAMPA:98,GRP-e8941f5b32c28be2,2013_CHUGAI,2013,1.0,False,included,compatible_uncensored_replicate,SSCP-e8941f5b32c28be2
PAMPA:99,GRP-f6ac2060e75ab757,2013_CHUGAI,2013,1.0,False,included,compatible_uncensored_replicate,SSCP-f6ac2060e75ab757
PAMPA:100,GRP-332379c9d0cffb10,2013_CHUGAI,2013,1.0,False,included,compatible_uncensored_replicate,SSCP-332379c9d0cffb10
PAMPA:101,GRP-0b4f5b98e5659c9b,2013_CHUGAI,2013,1.0,False,included,compatible_uncensored_replicate,SSCP-0b4f5b98e5659c9b
PAMPA:102,GRP-665aee58f9744b1b,2013_CHUGAI,2013,1.0,False,included,compatible_uncensored_replicate,SSCP-665aee58f9744b1b
PAMPA:103,GRP-4ae43dad9087f8d7,2013_CHUGAI,2013,1.0,False,included,compatible_uncensored_replicate,SSCP-4ae43dad9087f8d7
PAMPA:104,GRP-9367b9a23503d097,2013_CHUGAI,2013,1.0,False,included,compatible_uncensored_replicate,SSCP-9367b9a23503d097
PAMPA:105,GRP-f39bd7351bb0d21e,2013_CHUGAI,2013,1.0,False,included,compatible_uncensored_replicate,SSCP-f39bd7351bb0d21e
PAMPA:106,GRP-add53f35765a483a,2013_CHUGAI,2013,1.0,False,included,compatible_uncensored_replicate,SSCP-add53f35765a483a
PAMPA:107,GRP-9c7ec57b38f11af0,2013_CHUGAI,2013,1.0,False,included,compatible_uncensored_replicate,SSCP-9c7ec57b38f11af0
PAMPA:108,GRP-bf14bb214a8f4268,2013_CHUGAI,2013,1.0,False,included,compatible_uncensored_replicate,SSCP-bf14bb214a8f4268
PAMPA:109,GRP-b8f69140b2ab94a7,2013_CHUGAI,2013,1.0,False,included,compatible_uncensored_replicate,SSCP-b8f69140b2ab94a7
PAMPA:110,GRP-f3c7a592f5c3e013,2013_CHUGAI,2013,1.0,False,included,compatible_uncensored_replicate,SSCP-f3c7a592f5c3e013
PAMPA:111,GRP-9f4bdfb03bf6267e,2013_CHUGAI,2013,1.0,False,included,compatible_uncensored_replicate,SSCP-9f4bdfb03bf6267e
PAMPA:112,GRP-854726eeae4cb668,2013_CHUGAI,2013,1.0,False,included,compatible_uncensored_replicate,SSCP-854726eeae4cb668
PAMPA:113,GRP-b1185a16406f3eab,2013_CHUGAI,2013,1.0,False,included,compatible_uncensored_replicate,SSCP-b1185a16406f3eab
PAMPA:114,GRP-da9d9000221bb503,2013_CHUGAI,2013,1.0,False,included,compatible_uncensored_replicate,SSCP-da9d9000221bb503
PAMPA:115,GRP-95f366fc8ff9e9cc,2013_CHUGAI,2013,1.0,False,included,compatible_uncensored_replicate,SSCP-95f366fc8ff9e9cc
PAMPA:116,GRP-7cae71e06ea65222,2013_CHUGAI,2013,1.0,False,included,compatible_uncensored_replicate,SSCP-7cae71e06ea65222
PAMPA:117,GRP-7cd114ac83e69b8f,2013_CHUGAI,2013,1.0,False,included,compatible_uncensored_replicate,SSCP-7cd114ac83e69b8f
PAMPA:118,GRP-a11d46ff8c2f711d,2013_CHUGAI,2013,1.0,False,included,compatible_uncensored_replicate,SSCP-a11d46ff8c2f711d
PAMPA:119,GRP-c29f2aef899980ea,2013_CHUGAI,2013,1.0,False,included,compatible_uncensored_replicate,SSCP-c29f2aef899980ea
PAMPA:120,GRP-1ff0ee765a7e1c44,2013_CHUGAI,2013,1.0,False,included,compatible_uncensored_replicate,SSCP-1ff0ee765a7e1c44
PAMPA:121,GRP-2464c9973771dae2,2013_CHUGAI,2013,1.0,False,included,compatible_uncensored_replicate,SSCP-2464c9973771dae2
PAMPA:122,GRP-31572266b29efd4d,2013_CHUGAI,2013,1.0,False,included,compatible_uncensored_replicate,SSCP-31572266b29efd4d
PAMPA:123,GRP-89eaf7836078b298,2013_CHUGAI,2013,1.0,False,included,compatible_uncensored_replicate,SSCP-89eaf7836078b298
PAMPA:124,GRP-963552f736678a5d,2013_CHUGAI,2013,1.0,False,included,compatible_uncensored_replicate,SSCP-963552f736678a5d
PAMPA:125,GRP-b2c1904cfbea58b9,2013_CHUGAI,2013,1.0,False,included,compatible_uncensored_replicate,SSCP-b2c1904cfbea58b9
PAMPA:126,GRP-b51ee168d01985aa,2013_CHUGAI,2013,1.0,False,included,compatible_uncensored_replicate,SSCP-b51ee168d01985aa
PAMPA:127,GRP-c1724167c55e48b6,2013_CHUGAI,2013,1.0,False,included,compatible_uncensored_replicate,SSCP-c1724167c55e48b6
PAMPA:128,GRP-ed61f51e98755ae7,2013_CHUGAI,2013,1.0,False,included,compatible_uncensored_replicate,SSCP-ed61f51e98755ae7
PAMPA:129,GRP-677dd7def4cf43d2,2013_CHUGAI,2013,1.0,False,included,compatible_uncensored_replicate,SSCP-677dd7def4cf43d2
PAMPA:130,GRP-f98216f7aa82dd51,2013_CHUGAI,2013,1.0,False,included,compatible_uncensored_replicate,SSCP-f98216f7aa82dd51
PAMPA:131,GRP-cd5563f6e9e67a96,2013_CHUGAI,2013,1.0,False,included,compatible_uncensored_replicate,SSCP-cd5563f6e9e67a96
PAMPA:132,GRP-ec043ea122525b98,2013_CHUGAI,2013,1.0,False,included,compatible_uncensored_replicate,SSCP-ec043ea122525b98
PAMPA:133,GRP-3184c870eeae19f9,2013_CHUGAI,2013,1.0,False,included,compatible_uncensored_replicate,SSCP-3184c870eeae19f9
PAMPA:134,GRP-1fdf099952945830,2013_CHUGAI,2013,1.0,False,included,compatible_uncensored_replicate,SSCP-1fdf099952945830
PAMPA:135,GRP-3ad527b2d9253252,2013_CHUGAI,2013,1.0,False,included,compatible_uncensored_replicate,SSCP-3ad527b2d9253252
PAMPA:136,GRP-309f03172f99f1ca,2013_CHUGAI,2013,1.0,False,included,compatible_uncensored_replicate,SSCP-309f03172f99f1ca
PAMPA:137,GRP-7bb2d0926e1be4a6,2013_CHUGAI,2013,1.0,False,included,compatible_uncensored_replicate,SSCP-7bb2d0926e1be4a6
PAMPA:138,GRP-81eb85ff08f13097,2013_CHUGAI,2013,1.0,False,included,compatible_uncensored_replicate,SSCP-81eb85ff08f13097
PAMPA:139,GRP-6ce29fc22f15b62e,2013_CHUGAI,2013,1.0,False,included,compatible_uncensored_replicate,SSCP-6ce29fc22f15b62e
PAMPA:140,GRP-43f049d9f0db625a,2013_CHUGAI,2013,1.0,False,included,compatible_uncensored_replicate,SSCP-43f049d9f0db625a
PAMPA:141,GRP-0c4118fba5d8fab2,2013_CHUGAI,2013,1.0,False,included,compatible_uncensored_replicate,SSCP-0c4118fba5d8fab2
PAMPA:142,GRP-459d3b305e9ca40d,2013_CHUGAI,2013,1.0,False,included,compatible_uncensored_replicate,SSCP-459d3b305e9ca40d
PAMPA:143,GRP-125d47f00770a849,2013_CHUGAI,2013,1.0,False,included,compatible_uncensored_replicate,SSCP-125d47f00770a849
PAMPA:144,GRP-cfb9930b69b9647e,2013_CHUGAI,2013,1.0,False,included,compatible_uncensored_replicate,SSCP-cfb9930b69b9647e
PAMPA:145,GRP-3e7aa53bdb2cd879,2013_CHUGAI,2013,1.0,False,included,compatible_uncensored_replicate,SSCP-3e7aa53bdb2cd879
PAMPA:146,GRP-ee5eccb8a2254c88,2013_CHUGAI,2013,1.0,False,included,compatible_uncensored_replicate,SSCP-ee5eccb8a2254c88
PAMPA:147,GRP-498f043bf1355400,2013_CHUGAI,2013,1.0,False,included,compatible_uncensored_replicate,SSCP-498f043bf1355400
PAMPA:148,GRP-054535579ece2b52,2013_CHUGAI,2013,1.0,False,included,compatible_uncensored_replicate,SSCP-054535579ece2b52
PAMPA:149,GRP-9a9d535146bac5ae,2013_CHUGAI,2013,1.0,False,included,compatible_uncensored_replicate,SSCP-9a9d535146bac5ae
PAMPA:150,GRP-3a08e589cb1212af,2013_CHUGAI,2013,1.0,False,included,compatible_uncensored_replicate,SSCP-3a08e589cb1212af
PAMPA:151,GRP-9b6dc076574429da,2013_CHUGAI,2013,1.0,False,included,compatible_uncensored_replicate,SSCP-9b6dc076574429da
PAMPA:152,GRP-0b321e33cf6661d9,2013_CHUGAI,2013,1.0,False,included,compatible_uncensored_replicate,SSCP-0b321e33cf6661d9
PAMPA:153,GRP-7ec615dccacb84b9,2013_CHUGAI,2013,1.0,False,included,compatible_uncensored_replicate,SSCP-7ec615dccacb84b9
PAMPA:154,GRP-5cb5991c549ede79,2013_CHUGAI,2013,1.0,False,included,compatible_uncensored_replicate,SSCP-5cb5991c549ede79
PAMPA:155,GRP-2f9331b5d737a8a1,2013_CHUGAI,2013,1.0,False,included,compatible_uncensored_replicate,SSCP-2f9331b5d737a8a1
PAMPA:156,GRP-5d763337fb01aeff,2013_CHUGAI,2013,1.0,False,included,compatible_uncensored_replicate,SSCP-5d763337fb01aeff
PAMPA:157,GRP-4f8c23d7104ef9ba,2013_CHUGAI,2013,1.0,False,included,compatible_uncensored_replicate,SSCP-4f8c23d7104ef9ba
PAMPA:158,GRP-9ec53303d92ade3e,2013_CHUGAI,2013,1.0,False,included,compatible_uncensored_replicate,SSCP-9ec53303d92ade3e
PAMPA:159,GRP-93f238cd33485e2c,2013_CHUGAI,2013,1.0,False,included,compatible_uncensored_replicate,SSCP-93f238cd33485e2c
PAMPA:160,GRP-f25d4890000ef52e,2013_CHUGAI,2013,1.0,False,included,compatible_uncensored_replicate,SSCP-f25d4890000ef52e
PAMPA:161,GRP-8cbc90eee8f9c342,2013_CHUGAI,2013,1.0,False,included,compatible_uncensored_replicate,SSCP-8cbc90eee8f9c342
PAMPA:162,GRP-a3d6439b441fc497,2013_CHUGAI,2013,1.0,False,included,compatible_uncensored_replicate,SSCP-a3d6439b441fc497
PAMPA:163,GRP-c8109bb5e0881af6,2013_CHUGAI,2013,1.0,False,included,compatible_uncensored_replicate,SSCP-c8109bb5e0881af6
PAMPA:164,GRP-3b5d560ee2e0ff27,2013_CHUGAI,2013,1.0,False,included,compatible_uncensored_replicate,SSCP-3b5d560ee2e0ff27
PAMPA:165,GRP-c8c834f7865a40ce,2013_CHUGAI,2013,1.0,False,included,compatible_uncensored_replicate,SSCP-c8c834f7865a40ce
PAMPA:166,GRP-8780058f971e260a,2013_CHUGAI,2013,1.0,False,included,compatible_uncensored_replicate,SSCP-8780058f971e260a
PAMPA:167,GRP-7f86768957cc6e72,2013_CHUGAI,2013,1.0,False,included,compatible_uncensored_replicate,SSCP-7f86768957cc6e72
PAMPA:168,GRP-0fa05d4c44a34de6,2013_CHUGAI,2013,1.0,False,included,compatible_uncensored_replicate,SSCP-0fa05d4c44a34de6
PAMPA:169,GRP-ed0fbd279dd57882,2013_CHUGAI,2013,1.0,False,included,compatible_uncensored_replicate,SSCP-ed0fbd279dd57882
PAMPA:170,GRP-672ded41b1cd2d0a,2013_CHUGAI,2013,1.0,False,included,compatible_uncensored_replicate,SSCP-672ded41b1cd2d0a
PAMPA:171,GRP-0744e3be64c7baa9,2013_CHUGAI,2013,1.0,False,included,compatible_uncensored_replicate,SSCP-0744e3be64c7baa9
PAMPA:172,GRP-9d1357722509250a,2013_CHUGAI,2013,1.0,False,included,compatible_uncensored_replicate,SSCP-9d1357722509250a
PAMPA:173,GRP-bd9b479b09896c97,2013_CHUGAI,2013,1.0,False,included,compatible_uncensored_replicate,SSCP-bd9b479b09896c97
PAMPA:174,GRP-afea5969367a4dc9,2013_CHUGAI,2013,1.0,False,included,compatible_uncensored_replicate,SSCP-afea5969367a4dc9
PAMPA:175,GRP-21b17b90fa492742,2013_CHUGAI,2013,1.0,False,included,compatible_uncensored_replicate,SSCP-21b17b90fa492742
PAMPA:176,GRP-4d2081071953accb,2013_CHUGAI,2013,1.0,False,included,compatible_uncensored_replicate,SSCP-4d2081071953accb
PAMPA:177,GRP-730786f0e9f090b2,2013_CHUGAI,2013,1.0,False,included,compatible_uncensored_replicate,SSCP-730786f0e9f090b2
PAMPA:178,GRP-b677d801a4204af2,2013_CHUGAI,2013,1.0,False,included,compatible_uncensored_replicate,SSCP-b677d801a4204af2
PAMPA:179,GRP-07cbd47087850a06,2013_CHUGAI,2013,1.0,False,included,compatible_uncensored_replicate,SSCP-07cbd47087850a06
PAMPA:180,GRP-5d4c9c0c457a493c,2013_CHUGAI,2013,1.0,False,included,compatible_uncensored_replicate,SSCP-5d4c9c0c457a493c
PAMPA:181,GRP-7735c225ac9b20f3,2013_CHUGAI,2013,1.0,False,included,compatible_uncensored_replicate,SSCP-7735c225ac9b20f3
PAMPA:182,GRP-881a633a11061b14,2013_CHUGAI,2013,1.0,False,included,compatible_uncensored_replicate,SSCP-881a633a11061b14
PAMPA:183,GRP-97219cd72c704f9b,2013_CHUGAI,2013,1.0,False,included,compatible_uncensored_replicate,SSCP-97219cd72c704f9b
PAMPA:184,GRP-6aa5cfdd8c475422,2013_CHUGAI,2013,1.0,False,included,compatible_uncensored_replicate,SSCP-6aa5cfdd8c475422
PAMPA:185,GRP-7fac4d68b7228b90,2013_CHUGAI,2013,1.0,False,included,compatible_uncensored_replicate,SSCP-7fac4d68b7228b90
PAMPA:186,GRP-c344c2479dc9d296,2013_CHUGAI,2013,1.0,False,included,compatible_uncensored_replicate,SSCP-c344c2479dc9d296
PAMPA:187,GRP-047db441c22939a3,2013_CHUGAI,2013,1.0,False,included,compatible_uncensored_replicate,SSCP-047db441c22939a3
PAMPA:188,GRP-d601f27c1e43a5a9,2013_CHUGAI,2013,1.0,False,included,compatible_uncensored_replicate,SSCP-d601f27c1e43a5a9
PAMPA:189,GRP-9b89f3788fea1ea6,2013_CHUGAI,2013,1.0,False,included,compatible_uncensored_replicate,SSCP-9b89f3788fea1ea6
PAMPA:190,GRP-4d55fd0609146b62,2013_CHUGAI,2013,1.0,False,included,compatible_uncensored_replicate,SSCP-4d55fd0609146b62
PAMPA:191,GRP-103eaae443c13af2,2013_CHUGAI,2013,1.0,False,included,compatible_uncensored_replicate,SSCP-103eaae443c13af2
PAMPA:192,GRP-e2f48312dfad9b80,2013_CHUGAI,2013,1.0,False,included,compatible_uncensored_replicate,SSCP-e2f48312dfad9b80
PAMPA:193,GRP-c9c4bb283e8e1591,2013_CHUGAI,2013,1.0,False,included,compatible_uncensored_replicate,SSCP-c9c4bb283e8e1591
PAMPA:194,GRP-52a8e54fe6382d8e,2013_CHUGAI,2013,1.0,False,included,compatible_uncensored_replicate,SSCP-52a8e54fe6382d8e
PAMPA:195,GRP-53b9d0d1e1429325,2013_CHUGAI,2013,1.0,False,included,compatible_uncensored_replicate,SSCP-53b9d0d1e1429325
PAMPA:196,GRP-4a557efd8da8a111,2013_CHUGAI,2013,1.0,False,included,compatible_uncensored_replicate,SSCP-4a557efd8da8a111
PAMPA:197,GRP-abb35a9a7a266f44,2013_CHUGAI,2013,1.0,False,included,compatible_uncensored_replicate,SSCP-abb35a9a7a266f44
PAMPA:198,GRP-d0925735b1b7d93d,2013_CHUGAI,2013,1.0,False,included,compatible_uncensored_replicate,SSCP-d0925735b1b7d93d
PAMPA:199,GRP-f018d27fe2dad16e,2013_CHUGAI,2013,1.0,False,included,compatible_uncensored_replicate,SSCP-f018d27fe2dad16e
PAMPA:200,GRP-6ad4a1b01543dd97,2013_CHUGAI,2013,1.0,False,included,compatible_uncensored_replicate,SSCP-6ad4a1b01543dd97
PAMPA:201,GRP-d8140aa6a6133f64,2013_CHUGAI,2013,1.0,False,included,compatible_uncensored_replicate,SSCP-d8140aa6a6133f64
PAMPA:202,GRP-4963e927648e6fd3,2013_CHUGAI,2013,1.0,False,included,compatible_uncensored_replicate,SSCP-4963e927648e6fd3
PAMPA:203,GRP-8d92fe5961a4a83b,2013_CHUGAI,2013,1.0,False,included,compatible_uncensored_replicate,SSCP-8d92fe5961a4a83b
PAMPA:204,GRP-92b167a2eb442d92,2013_CHUGAI,2013,1.0,False,included,compatible_uncensored_replicate,SSCP-92b167a2eb442d92
PAMPA:205,GRP-6f065c1c4a081e63,2013_CHUGAI,2013,1.0,False,included,compatible_uncensored_replicate,SSCP-6f065c1c4a081e63
PAMPA:206,GRP-7180b6559623d2ef,2013_CHUGAI,2013,1.0,False,included,compatible_uncensored_replicate,SSCP-7180b6559623d2ef
PAMPA:207,GRP-e43feb644256715b,2013_CHUGAI,2013,1.0,False,included,compatible_uncensored_replicate,SSCP-e43feb644256715b
PAMPA:208,GRP-bc7953ee531e93e4,2013_CHUGAI,2013,1.0,False,included,compatible_uncensored_replicate,SSCP-bc7953ee531e93e4
PAMPA:209,GRP-a8f40688d5c4437d,2013_CHUGAI,2013,1.0,False,included,compatible_uncensored_replicate,SSCP-a8f40688d5c4437d
PAMPA:210,GRP-21dc3e5ad8835d86,2013_CHUGAI,2013,1.0,False,included,compatible_uncensored_replicate,SSCP-21dc3e5ad8835d86
PAMPA:211,GRP-7f68b804697fa83b,2013_CHUGAI,2013,1.0,False,included,compatible_uncensored_replicate,SSCP-7f68b804697fa83b
PAMPA:212,GRP-ee7213a7b7bbfd54,2013_CHUGAI,2013,1.0,False,included,compatible_uncensored_replicate,SSCP-ee7213a7b7bbfd54
PAMPA:213,GRP-2bb427b1e2d272e9,2013_CHUGAI,2013,1.0,False,included,compatible_uncensored_replicate,SSCP-2bb427b1e2d272e9
PAMPA:214,GRP-5eef44956a3cbe0c,2013_CHUGAI,2013,1.0,False,included,compatible_uncensored_replicate,SSCP-5eef44956a3cbe0c
PAMPA:215,GRP-cb1a38868fc0df0a,2013_CHUGAI,2013,1.0,False,included,compatible_uncensored_replicate,SSCP-cb1a38868fc0df0a
PAMPA:216,GRP-7ed483146201d4cd,2013_CHUGAI,2013,1.0,False,included,compatible_uncensored_replicate,SSCP-7ed483146201d4cd
PAMPA:217,GRP-0c6fb5555c96f60d,2013_CHUGAI,2013,1.0,False,included,compatible_uncensored_replicate,SSCP-0c6fb5555c96f60d
PAMPA:218,GRP-e19135b3a64b621a,2013_CHUGAI,2013,1.0,False,included,compatible_uncensored_replicate,SSCP-e19135b3a64b621a
PAMPA:219,GRP-081aac9bce99132b,2013_CHUGAI,2013,1.0,False,included,compatible_uncensored_replicate,SSCP-081aac9bce99132b
PAMPA:220,GRP-3febbfbc6bb0aa73,2013_CHUGAI,2013,1.0,False,included,compatible_uncensored_replicate,SSCP-3febbfbc6bb0aa73
PAMPA:221,GRP-4531c17cac49a4f5,2013_CHUGAI,2013,1.0,False,included,compatible_uncensored_replicate,SSCP-4531c17cac49a4f5
PAMPA:222,GRP-6aea4a651825c2da,2013_CHUGAI,2013,1.0,False,included,compatible_uncensored_replicate,SSCP-6aea4a651825c2da
PAMPA:223,GRP-9dfa492779b0e65e,2013_CHUGAI,2013,1.0,False,included,compatible_uncensored_replicate,SSCP-9dfa492779b0e65e
PAMPA:224,GRP-fde4475d0dcd8904,2013_CHUGAI,2013,1.0,False,included,compatible_uncensored_replicate,SSCP-fde4475d0dcd8904
PAMPA:225,GRP-c1a454e508e5d0f3,2013_CHUGAI,2013,1.0,False,included,compatible_uncensored_replicate,SSCP-c1a454e508e5d0f3
PAMPA:226,GRP-8f5e309802dd3d1a,2013_CHUGAI,2013,1.0,False,included,compatible_uncensored_replicate,SSCP-8f5e309802dd3d1a
PAMPA:227,GRP-1b8205e4f2197536,2013_CHUGAI,2013,1.0,False,included,compatible_uncensored_replicate,SSCP-1b8205e4f2197536
PAMPA:228,GRP-809d25edbfcf1ccf,2013_CHUGAI,2013,1.0,False,included,compatible_uncensored_replicate,SSCP-809d25edbfcf1ccf
PAMPA:229,GRP-25b1d36c781164c7,2013_CHUGAI,2013,1.0,False,included,compatible_uncensored_replicate,SSCP-25b1d36c781164c7
PAMPA:230,GRP-ba30448f5bfe679f,2013_CHUGAI,2013,1.0,False,included,compatible_uncensored_replicate,SSCP-ba30448f5bfe679f
PAMPA:231,GRP-65b1c6680a5999dd,2013_CHUGAI,2013,1.0,False,included,compatible_uncensored_replicate,SSCP-65b1c6680a5999dd
PAMPA:232,GRP-b460edef6b41bb55,2013_CHUGAI,2013,1.0,False,included,compatible_uncensored_replicate,SSCP-b460edef6b41bb55
PAMPA:233,GRP-66c208e5267d0861,2013_CHUGAI,2013,1.0,False,included,compatible_uncensored_replicate,SSCP-66c208e5267d0861
PAMPA:234,GRP-68bbe39880856c7e,2013_CHUGAI,2013,1.0,False,included,compatible_uncensored_replicate,SSCP-68bbe39880856c7e
PAMPA:235,GRP-89e06f11c06cc15b,2013_CHUGAI,2013,1.0,False,included,compatible_uncensored_replicate,SSCP-89e06f11c06cc15b
PAMPA:236,GRP-98b2e1af4947c3e8,2013_CHUGAI,2013,1.0,False,included,compatible_uncensored_replicate,SSCP-98b2e1af4947c3e8
PAMPA:237,GRP-437268e8d1e3511c,2013_CHUGAI,2013,1.0,False,included,compatible_uncensored_replicate,SSCP-437268e8d1e3511c
PAMPA:238,GRP-8ed3a4571b8d0579,2013_CHUGAI,2013,1.0,False,included,compatible_uncensored_replicate,SSCP-8ed3a4571b8d0579
PAMPA:239,GRP-ff2d0c4fab0edd1f,2013_CHUGAI,2013,1.0,False,included,compatible_uncensored_replicate,SSCP-ff2d0c4fab0edd1f
PAMPA:240,GRP-f09068ec5e90f900,2013_CHUGAI,2013,1.0,False,included,compatible_uncensored_replicate,SSCP-f09068ec5e90f900
PAMPA:241,GRP-8db6e684d1ad617d,2013_CHUGAI,2013,1.0,False,included,compatible_uncensored_replicate,SSCP-8db6e684d1ad617d
PAMPA:242,GRP-89822cf5b2282bdb,2013_CHUGAI,2013,1.0,False,included,compatible_uncensored_replicate,SSCP-89822cf5b2282bdb
PAMPA:243,GRP-c12787448dcc2a24,2013_CHUGAI,2013,1.0,False,included,compatible_uncensored_replicate,SSCP-c12787448dcc2a24
PAMPA:244,GRP-6bf3c859aa1de00f,2013_CHUGAI,2013,1.0,False,included,compatible_uncensored_replicate,SSCP-6bf3c859aa1de00f
PAMPA:245,GRP-351631b9d04079bd,2013_CHUGAI,2013,1.0,False,included,compatible_uncensored_replicate,SSCP-351631b9d04079bd
PAMPA:246,GRP-dfe565870a857192,2013_CHUGAI,2013,1.0,False,included,compatible_uncensored_replicate,SSCP-dfe565870a857192
PAMPA:247,GRP-300f479b71de78f2,2013_CHUGAI,2013,1.0,False,included,compatible_uncensored_replicate,SSCP-300f479b71de78f2
PAMPA:248,GRP-c4bc8538bd68ee6e,2013_CHUGAI,2013,1.0,False,included,compatible_uncensored_replicate,SSCP-c4bc8538bd68ee6e
PAMPA:249,GRP-8d63bbce652c8c96,2013_CHUGAI,2013,1.0,False,included,compatible_uncensored_replicate,SSCP-8d63bbce652c8c96
PAMPA:250,GRP-d9344f539477717c,2013_CHUGAI,2013,1.0,False,included,compatible_uncensored_replicate,SSCP-d9344f539477717c
PAMPA:251,GRP-b0016ff201482e93,2013_CHUGAI,2013,1.0,False,included,compatible_uncensored_replicate,SSCP-b0016ff201482e93
PAMPA:252,GRP-c4fc80f6ce5c4ad6,2013_CHUGAI,2013,1.0,False,included,compatible_uncensored_replicate,SSCP-c4fc80f6ce5c4ad6
PAMPA:253,GRP-91f3f99696730eb4,2013_CHUGAI,2013,1.0,False,included,compatible_uncensored_replicate,SSCP-91f3f99696730eb4
PAMPA:254,GRP-5d110ddf62d74b22,2013_CHUGAI,2013,1.0,False,included,compatible_uncensored_replicate,SSCP-5d110ddf62d74b22
PAMPA:255,GRP-c596a3ae5125759c,2013_CHUGAI,2013,1.0,False,included,compatible_uncensored_replicate,SSCP-c596a3ae5125759c
PAMPA:256,GRP-a4c6e646d8cd613b,2013_CHUGAI,2013,1.0,False,included,compatible_uncensored_replicate,SSCP-a4c6e646d8cd613b
PAMPA:257,GRP-9988bc1cecd16104,2013_CHUGAI,2013,1.0,False,included,compatible_uncensored_replicate,SSCP-9988bc1cecd16104
PAMPA:258,GRP-77d7eeb2731f0000,2013_CHUGAI,2013,1.0,False,included,compatible_uncensored_replicate,SSCP-77d7eeb2731f0000
PAMPA:259,GRP-b2152c604dd12623,2013_CHUGAI,2013,1.0,False,included,compatible_uncensored_replicate,SSCP-b2152c604dd12623
PAMPA:260,GRP-fb0eb3be569d3c77,2013_CHUGAI,2013,1.0,False,included,compatible_uncensored_replicate,SSCP-fb0eb3be569d3c77
PAMPA:261,GRP-fb171ca593250802,2013_CHUGAI,2013,1.0,False,included,compatible_uncensored_replicate,SSCP-fb171ca593250802
PAMPA:262,GRP-06ac538da779ead4,2013_CHUGAI,2013,1.0,False,included,compatible_uncensored_replicate,SSCP-06ac538da779ead4
PAMPA:263,GRP-d088b2920d13d46d,2013_CHUGAI,2013,1.0,False,included,compatible_uncensored_replicate,SSCP-d088b2920d13d46d
PAMPA:264,GRP-2b6d752654eabe7e,2013_CHUGAI,2013,1.0,False,included,compatible_uncensored_replicate,SSCP-2b6d752654eabe7e
PAMPA:265,GRP-d10d01bc01f23168,2013_CHUGAI,2013,1.0,False,included,compatible_uncensored_replicate,SSCP-d10d01bc01f23168
PAMPA:266,GRP-f3204d149be7e008,2013_CHUGAI,2013,1.0,False,included,compatible_uncensored_replicate,SSCP-f3204d149be7e008
PAMPA:267,GRP-3ea1c8bf2356183c,2013_CHUGAI,2013,1.0,False,included,compatible_uncensored_replicate,SSCP-3ea1c8bf2356183c
PAMPA:268,GRP-69d508385a1820a4,2013_CHUGAI,2013,1.0,False,included,compatible_uncensored_replicate,SSCP-69d508385a1820a4
PAMPA:269,GRP-ec749d6a9185d80e,2013_CHUGAI,2013,1.0,False,included,compatible_uncensored_replicate,SSCP-ec749d6a9185d80e
PAMPA:270,GRP-18c875d74c3a370f,2013_CHUGAI,2013,1.0,False,included,compatible_uncensored_replicate,SSCP-18c875d74c3a370f
PAMPA:271,GRP-b6b28c7b090f29e3,2013_CHUGAI,2013,1.0,False,included,compatible_uncensored_replicate,SSCP-b6b28c7b090f29e3
PAMPA:272,GRP-973c5b5af0f5c32c,2013_CHUGAI,2013,1.0,False,included,compatible_uncensored_replicate,SSCP-973c5b5af0f5c32c
PAMPA:273,GRP-e96d3b33b601f3bc,2013_CHUGAI,2013,1.0,False,included,compatible_uncensored_replicate,SSCP-e96d3b33b601f3bc
PAMPA:274,GRP-45f3614ecbcad5aa,2013_CHUGAI,2013,1.0,False,included,compatible_uncensored_replicate,SSCP-45f3614ecbcad5aa
PAMPA:275,GRP-35baac097d995dec,2013_CHUGAI,2013,1.0,False,included,compatible_uncensored_replicate,SSCP-35baac097d995dec
PAMPA:276,GRP-fce8516877472c4d,2013_CHUGAI,2013,1.0,False,included,compatible_uncensored_replicate,SSCP-fce8516877472c4d
PAMPA:277,GRP-5fcb807ff6b26a83,2013_CHUGAI,2013,1.0,False,included,compatible_uncensored_replicate,SSCP-5fcb807ff6b26a83
PAMPA:278,GRP-474ec6e17ae786ce,2013_CHUGAI,2013,1.0,False,included,compatible_uncensored_replicate,SSCP-474ec6e17ae786ce
PAMPA:279,GRP-0e6784eef6f1a8b3,2013_CHUGAI,2013,1.0,False,included,compatible_uncensored_replicate,SSCP-0e6784eef6f1a8b3
PAMPA:280,GRP-c1770abf1fbc2258,2013_CHUGAI,2013,1.0,False,included,compatible_uncensored_replicate,SSCP-c1770abf1fbc2258
PAMPA:281,GRP-55326284cd3da4c1,2013_CHUGAI,2013,1.0,False,included,compatible_uncensored_replicate,SSCP-55326284cd3da4c1
PAMPA:282,GRP-00a6952fc5cbe87f,2013_CHUGAI,2013,1.0,False,included,compatible_uncensored_replicate,SSCP-00a6952fc5cbe87f
PAMPA:283,GRP-2cdaef2639125111,2013_CHUGAI,2013,1.0,False,included,compatible_uncensored_replicate,SSCP-2cdaef2639125111
PAMPA:284,GRP-45d2de95d2347545,2013_CHUGAI,2013,1.0,False,included,compatible_uncensored_replicate,SSCP-45d2de95d2347545
PAMPA:285,GRP-039176f90f110e7c,2013_CHUGAI,2013,1.0,False,included,compatible_uncensored_replicate,SSCP-039176f90f110e7c
PAMPA:286,GRP-db9d7349a30c9100,2013_CHUGAI,2013,1.0,False,included,compatible_uncensored_replicate,SSCP-db9d7349a30c9100
PAMPA:287,GRP-e10ba052e2d30eec,2013_CHUGAI,2013,1.0,False,included,compatible_uncensored_replicate,SSCP-e10ba052e2d30eec
PAMPA:288,GRP-064343f11d014fe2,2013_CHUGAI,2013,1.0,False,included,compatible_uncensored_replicate,SSCP-064343f11d014fe2
PAMPA:289,GRP-67adc4f81f723277,2013_CHUGAI,2013,1.0,False,included,compatible_uncensored_replicate,SSCP-67adc4f81f723277
PAMPA:290,GRP-26a55f56c9be2390,2013_CHUGAI,2013,1.0,False,included,compatible_uncensored_replicate,SSCP-26a55f56c9be2390
PAMPA:291,GRP-543069be1cafd0e9,2013_CHUGAI,2013,1.0,False,included,compatible_uncensored_replicate,SSCP-543069be1cafd0e9
PAMPA:292,GRP-5f6bfa91989b148d,2013_CHUGAI,2013,1.0,False,included,compatible_uncensored_replicate,SSCP-5f6bfa91989b148d
PAMPA:293,GRP-ada9ebaf1ea0d892,2013_CHUGAI,2013,1.0,False,included,compatible_uncensored_replicate,SSCP-ada9ebaf1ea0d892
PAMPA:294,GRP-d272ec737b946b6b,2013_CHUGAI,2013,1.0,False,included,compatible_uncensored_replicate,SSCP-d272ec737b946b6b
PAMPA:295,GRP-98c46fc285c6c703,2013_CHUGAI,2013,1.0,False,included,compatible_uncensored_replicate,SSCP-98c46fc285c6c703
PAMPA:296,GRP-cef3b598a2b29235,2013_CHUGAI,2013,1.0,False,included,compatible_uncensored_replicate,SSCP-cef3b598a2b29235
PAMPA:297,GRP-0fd03ed3d87e1de1,2013_CHUGAI,2013,1.0,False,included,compatible_uncensored_replicate,SSCP-0fd03ed3d87e1de1
PAMPA:298,GRP-54b4f32fb4363334,2013_CHUGAI,2013,1.0,False,included,compatible_uncensored_replicate,SSCP-54b4f32fb4363334
PAMPA:299,GRP-df965a628c960699,2013_CHUGAI,2013,1.0,False,included,compatible_uncensored_replicate,SSCP-df965a628c960699
PAMPA:300,GRP-95fb8903c174f6d4,2013_CHUGAI,2013,1.0,False,included,compatible_uncensored_replicate,SSCP-95fb8903c174f6d4
PAMPA:301,GRP-67c7d1212db02a80,2013_CHUGAI,2013,1.0,False,included,compatible_uncensored_replicate,SSCP-67c7d1212db02a80
PAMPA:302,GRP-696febb25971b9fa,2013_CHUGAI,2013,1.0,False,included,compatible_uncensored_replicate,SSCP-696febb25971b9fa
PAMPA:303,GRP-ff7addedf49a230f,2013_CHUGAI,2013,1.0,True,excluded,irrecoverably_censored_or_missing_label,
PAMPA:304,GRP-ad2712d8829c4941,2013_CHUGAI,2013,1.0,False,included,compatible_uncensored_replicate,SSCP-ad2712d8829c4941
PAMPA:305,GRP-f03c4d2f521d7d9b,2013_CHUGAI,2013,1.0,False,included,compatible_uncensored_replicate,SSCP-f03c4d2f521d7d9b
PAMPA:306,GRP-84ac41b7fdcd54c3,2013_CHUGAI,2013,1.0,True,excluded,irrecoverably_censored_or_missing_label,
PAMPA:307,GRP-89a43cefbbb15f95,2013_CHUGAI,2013,1.0,False,included,compatible_uncensored_replicate,SSCP-89a43cefbbb15f95
PAMPA:308,GRP-be100b62d2556b2d,2013_CHUGAI,2013,1.0,False,included,compatible_uncensored_replicate,SSCP-be100b62d2556b2d
PAMPA:309,GRP-abdb9c6f9b0600bb,2013_CHUGAI,2013,1.0,False,included,compatible_uncensored_replicate,SSCP-abdb9c6f9b0600bb
PAMPA:310,GRP-4ca0c2846a89ef12,2013_CHUGAI,2013,1.0,False,included,compatible_uncensored_replicate,SSCP-4ca0c2846a89ef12
PAMPA:311,GRP-aa30fa7aa8bc16c8,2013_CHUGAI,2013,1.0,False,included,compatible_uncensored_replicate,SSCP-aa30fa7aa8bc16c8
PAMPA:312,GRP-1313f291e1f4dba9,2013_CHUGAI,2013,1.0,False,included,compatible_uncensored_replicate,SSCP-1313f291e1f4dba9
PAMPA:313,GRP-534b0e2075ea9b4a,2013_CHUGAI,2013,1.0,False,included,compatible_uncensored_replicate,SSCP-534b0e2075ea9b4a
PAMPA:314,GRP-2135840ba8c26ce9,2013_CHUGAI,2013,1.0,False,included,compatible_uncensored_replicate,SSCP-2135840ba8c26ce9
PAMPA:315,GRP-1350f1660729dda3,2013_CHUGAI,2013,1.0,False,included,compatible_uncensored_replicate,SSCP-1350f1660729dda3
PAMPA:316,GRP-10e89b435a78b69c,2013_CHUGAI,2013,1.0,False,included,compatible_uncensored_replicate,SSCP-10e89b435a78b69c
PAMPA:317,GRP-78b7db3d8737335f,2013_CHUGAI,2013,1.0,False,included,compatible_uncensored_replicate,SSCP-78b7db3d8737335f
PAMPA:318,GRP-4ae1f1641acc221d,2013_CHUGAI,2013,1.0,False,included,compatible_uncensored_replicate,SSCP-4ae1f1641acc221d
PAMPA:319,GRP-3609fd9df6a9afe1,2013_CHUGAI,2013,1.0,False,included,compatible_uncensored_replicate,SSCP-3609fd9df6a9afe1
PAMPA:320,GRP-79cd22bcd9afe615,2013_CHUGAI,2013,1.0,False,included,compatible_uncensored_replicate,SSCP-79cd22bcd9afe615
PAMPA:321,GRP-56e08fc740376f68,2013_CHUGAI,2013,1.0,False,included,compatible_uncensored_replicate,SSCP-56e08fc740376f68
PAMPA:322,GRP-5592278e9f2ef340,2013_CHUGAI,2013,1.0,False,included,compatible_uncensored_replicate,SSCP-5592278e9f2ef340
PAMPA:323,GRP-08243742fe4ca631,2013_CHUGAI,2013,1.0,False,included,compatible_uncensored_replicate,SSCP-08243742fe4ca631
PAMPA:324,GRP-ccedc972691080dc,2013_CHUGAI,2013,1.0,False,included,compatible_uncensored_replicate,SSCP-ccedc972691080dc
PAMPA:325,GRP-03992c933aa0f990,2013_CHUGAI,2013,1.0,False,included,compatible_uncensored_replicate,SSCP-03992c933aa0f990
PAMPA:326,GRP-8bf27c7f47054158,2013_CHUGAI,2013,1.0,False,included,compatible_uncensored_replicate,SSCP-8bf27c7f47054158
PAMPA:327,GRP-3fca4fb853127765,2013_CHUGAI,2013,1.0,False,included,compatible_uncensored_replicate,SSCP-3fca4fb853127765
PAMPA:328,GRP-7ec501ae1982bb45,2013_CHUGAI,2013,1.0,False,included,compatible_uncensored_replicate,SSCP-7ec501ae1982bb45
PAMPA:329,GRP-163f250377e282b2,2013_CHUGAI,2013,1.0,False,included,compatible_uncensored_replicate,SSCP-163f250377e282b2
PAMPA:330,GRP-b48d14f7be6a0e44,2013_CHUGAI,2013,1.0,False,included,compatible_uncensored_replicate,SSCP-b48d14f7be6a0e44
PAMPA:331,GRP-0dc3734e1fdc293e,2013_CHUGAI,2013,1.0,False,included,compatible_uncensored_replicate,SSCP-0dc3734e1fdc293e
PAMPA:332,GRP-ac6d89cc9db882f3,2013_CHUGAI,2013,1.0,False,included,compatible_uncensored_replicate,SSCP-ac6d89cc9db882f3
PAMPA:333,GRP-a437364139bdec91,2013_CHUGAI,2013,1.0,False,included,compatible_uncensored_replicate,SSCP-a437364139bdec91
PAMPA:334,GRP-6385149e1b9b081b,2013_CHUGAI,2013,1.0,False,included,compatible_uncensored_replicate,SSCP-6385149e1b9b081b
PAMPA:335,GRP-094b34d954723e56,2013_CHUGAI,2013,1.0,False,included,compatible_uncensored_replicate,SSCP-094b34d954723e56
PAMPA:336,GRP-3aaa719dbbffa30f,2013_CHUGAI,2013,1.0,False,included,compatible_uncensored_replicate,SSCP-3aaa719dbbffa30f
PAMPA:337,GRP-c981292ffb772d88,2013_CHUGAI,2013,1.0,False,included,compatible_uncensored_replicate,SSCP-c981292ffb772d88
PAMPA:338,GRP-4f6bf77c46c230c1,2013_CHUGAI,2013,1.0,False,included,compatible_uncensored_replicate,SSCP-4f6bf77c46c230c1
PAMPA:339,GRP-5e6de1859194cdcd,2013_CHUGAI,2013,1.0,False,included,compatible_uncensored_replicate,SSCP-5e6de1859194cdcd
PAMPA:340,GRP-08a3f926221057dd,2013_CHUGAI,2013,1.0,False,included,compatible_uncensored_replicate,SSCP-08a3f926221057dd
PAMPA:341,GRP-1ed7beb41f1c6340,2013_CHUGAI,2013,1.0,False,included,compatible_uncensored_replicate,SSCP-1ed7beb41f1c6340
PAMPA:342,GRP-4aa385b3816ede41,2013_CHUGAI,2013,1.0,False,included,compatible_uncensored_replicate,SSCP-4aa385b3816ede41
PAMPA:343,GRP-0be9d245918953d3,2013_CHUGAI,2013,1.0,False,included,compatible_uncensored_replicate,SSCP-0be9d245918953d3
PAMPA:344,GRP-a82061073f2930d0,2013_CHUGAI,2013,1.0,False,included,compatible_uncensored_replicate,SSCP-a82061073f2930d0
PAMPA:345,GRP-7e02b7b8a149b7ac,2013_CHUGAI,2013,1.0,False,included,compatible_uncensored_replicate,SSCP-7e02b7b8a149b7ac
PAMPA:346,GRP-b7d193e53943328f,2013_CHUGAI,2013,1.0,False,included,compatible_uncensored_replicate,SSCP-b7d193e53943328f
PAMPA:347,GRP-17f0e5d65d0ef12f,2013_CHUGAI,2013,1.0,False,included,compatible_uncensored_replicate,SSCP-17f0e5d65d0ef12f
PAMPA:348,GRP-9b5312bbd47cfd4e,2013_CHUGAI,2013,1.0,False,included,compatible_uncensored_replicate,SSCP-9b5312bbd47cfd4e
PAMPA:349,GRP-3bbde4e097d41786,2013_CHUGAI,2013,1.0,False,included,compatible_uncensored_replicate,SSCP-3bbde4e097d41786
PAMPA:350,GRP-c0edc1ba654e08f8,2013_CHUGAI,2013,1.0,False,included,compatible_uncensored_replicate,SSCP-c0edc1ba654e08f8
PAMPA:351,GRP-4da7a29b9727d7c2,2013_CHUGAI,2013,1.0,False,included,compatible_uncensored_replicate,SSCP-4da7a29b9727d7c2
PAMPA:352,GRP-c7b08cf617ce06c3,2013_CHUGAI,2013,1.0,False,included,compatible_uncensored_replicate,SSCP-c7b08cf617ce06c3
PAMPA:353,GRP-c09d0bb7038d2da0,2013_CHUGAI,2013,1.0,False,included,compatible_uncensored_replicate,SSCP-c09d0bb7038d2da0
PAMPA:354,GRP-8cf8aa6144282738,2013_CHUGAI,2013,1.0,False,included,compatible_uncensored_replicate,SSCP-8cf8aa6144282738
PAMPA:355,GRP-1a474088c32c7d4f,2013_CHUGAI,2013,1.0,False,included,compatible_uncensored_replicate,SSCP-1a474088c32c7d4f
PAMPA:356,GRP-eb903bdd5727f7fe,2013_CHUGAI,2013,1.0,False,included,compatible_uncensored_replicate,SSCP-eb903bdd5727f7fe
PAMPA:357,GRP-5250669abd001a45,2013_CHUGAI,2013,1.0,False,included,compatible_uncensored_replicate,SSCP-5250669abd001a45
PAMPA:358,GRP-c765262ae328c4a7,2013_CHUGAI,2013,1.0,False,included,compatible_uncensored_replicate,SSCP-c765262ae328c4a7
PAMPA:359,GRP-fd6bf40188c0e284,2013_CHUGAI,2013,1.0,False,included,compatible_uncensored_replicate,SSCP-fd6bf40188c0e284
PAMPA:360,GRP-06875e0a7bc3b675,2013_CHUGAI,2013,1.0,False,included,compatible_uncensored_replicate,SSCP-06875e0a7bc3b675
PAMPA:361,GRP-a4119704a77e847a,2013_CHUGAI,2013,1.0,False,included,compatible_uncensored_replicate,SSCP-a4119704a77e847a
PAMPA:362,GRP-7d9310aedd1ab1ed,2013_CHUGAI,2013,1.0,False,included,compatible_uncensored_replicate,SSCP-7d9310aedd1ab1ed
PAMPA:363,GRP-092e1bdc8eac16c7,2013_CHUGAI,2013,1.0,False,included,compatible_uncensored_replicate,SSCP-092e1bdc8eac16c7
PAMPA:364,GRP-0193a902ed308a47,2013_CHUGAI,2013,1.0,False,included,compatible_uncensored_replicate,SSCP-0193a902ed308a47
PAMPA:365,GRP-67dbe0e8d0c0ca21,2013_CHUGAI,2013,1.0,False,included,compatible_uncensored_replicate,SSCP-67dbe0e8d0c0ca21
PAMPA:366,GRP-7be0a5917af69476,2013_CHUGAI,2013,1.0,False,included,compatible_uncensored_replicate,SSCP-7be0a5917af69476
PAMPA:367,GRP-82175eb2a2db6119,2013_CHUGAI,2013,1.0,False,included,compatible_uncensored_replicate,SSCP-82175eb2a2db6119
PAMPA:368,GRP-65d1e9990d2c9994,2013_CHUGAI,2013,1.0,False,included,compatible_uncensored_replicate,SSCP-65d1e9990d2c9994
PAMPA:369,GRP-72efd2205a24a304,2013_CHUGAI,2013,1.0,False,included,compatible_uncensored_replicate,SSCP-72efd2205a24a304
PAMPA:370,GRP-a413a8e8194e8460,2013_CHUGAI,2013,1.0,False,included,compatible_uncensored_replicate,SSCP-a413a8e8194e8460
PAMPA:371,GRP-bff542b18b62157c,2013_CHUGAI,2013,1.0,False,included,compatible_uncensored_replicate,SSCP-bff542b18b62157c
PAMPA:372,GRP-2ad67f55026ad39a,2013_CHUGAI,2013,1.0,False,included,compatible_uncensored_replicate,SSCP-2ad67f55026ad39a
PAMPA:373,GRP-3f8b7bc0c1c15eec,2013_CHUGAI,2013,1.0,False,included,compatible_uncensored_replicate,SSCP-3f8b7bc0c1c15eec
PAMPA:374,GRP-6adec8dc34b51da5,2013_CHUGAI,2013,1.0,False,included,compatible_uncensored_replicate,SSCP-6adec8dc34b51da5
PAMPA:375,GRP-6cfc0d3edbe3392d,2013_CHUGAI,2013,1.0,False,included,compatible_uncensored_replicate,SSCP-6cfc0d3edbe3392d
PAMPA:376,GRP-e0484f9c4141174e,2013_CHUGAI,2013,1.0,False,included,compatible_uncensored_replicate,SSCP-e0484f9c4141174e
PAMPA:377,GRP-a338ef4fb3c3fc7a,2013_CHUGAI,2013,1.0,False,included,compatible_uncensored_replicate,SSCP-a338ef4fb3c3fc7a
PAMPA:378,GRP-ed06d1bb1ded4c0d,2013_CHUGAI,2013,1.0,False,included,compatible_uncensored_replicate,SSCP-ed06d1bb1ded4c0d
PAMPA:379,GRP-c50006633f8fe748,2013_CHUGAI,2013,1.0,False,included,compatible_uncensored_replicate,SSCP-c50006633f8fe748
PAMPA:380,GRP-a2eacddad57865de,2013_CHUGAI,2013,1.0,False,included,compatible_uncensored_replicate,SSCP-a2eacddad57865de
PAMPA:381,GRP-c511c082f29a904d,2013_CHUGAI,2013,1.0,False,included,compatible_uncensored_replicate,SSCP-c511c082f29a904d
PAMPA:382,GRP-f55cde32a831e71f,2013_CHUGAI,2013,1.0,False,included,compatible_uncensored_replicate,SSCP-f55cde32a831e71f
PAMPA:383,GRP-435340d4340d28f6,2013_CHUGAI,2013,1.0,False,included,compatible_uncensored_replicate,SSCP-435340d4340d28f6
PAMPA:384,GRP-b1ac1c6a44366c12,2013_CHUGAI,2013,1.0,False,included,compatible_uncensored_replicate,SSCP-b1ac1c6a44366c12
PAMPA:385,GRP-6211af663f17a94c,2013_CHUGAI,2013,1.0,False,included,compatible_uncensored_replicate,SSCP-6211af663f17a94c
PAMPA:386,GRP-b5f34893f3889a4e,2013_CHUGAI,2013,1.0,False,included,compatible_uncensored_replicate,SSCP-b5f34893f3889a4e
PAMPA:387,GRP-366e1415b6d38902,2013_CHUGAI,2013,1.0,False,included,compatible_uncensored_replicate,SSCP-366e1415b6d38902
PAMPA:388,GRP-811e6064066ccf4b,2013_CHUGAI,2013,1.0,False,included,compatible_uncensored_replicate,SSCP-811e6064066ccf4b
PAMPA:389,GRP-a45829f890dbc80d,2013_CHUGAI,2013,1.0,False,included,compatible_uncensored_replicate,SSCP-a45829f890dbc80d
PAMPA:390,GRP-49ee8f86f611a55b,2013_CHUGAI,2013,1.0,False,included,compatible_uncensored_replicate,SSCP-49ee8f86f611a55b
PAMPA:391,GRP-c2afba1bee56a209,2013_CHUGAI,2013,1.0,False,included,compatible_uncensored_replicate,SSCP-c2afba1bee56a209
PAMPA:392,GRP-f11bb3d27fa642d2,2013_CHUGAI,2013,1.0,False,included,compatible_uncensored_replicate,SSCP-f11bb3d27fa642d2
PAMPA:393,GRP-09b7204bca41ad28,2013_CHUGAI,2013,1.0,False,included,compatible_uncensored_replicate,SSCP-09b7204bca41ad28
PAMPA:394,GRP-6656f86ac88736d3,2013_CHUGAI,2013,1.0,False,included,compatible_uncensored_replicate,SSCP-6656f86ac88736d3
PAMPA:395,GRP-d8e073f9035d604d,2013_CHUGAI,2013,1.0,False,included,compatible_uncensored_replicate,SSCP-d8e073f9035d604d
PAMPA:396,GRP-03cd99860e542373,2013_CHUGAI,2013,1.0,False,included,compatible_uncensored_replicate,SSCP-03cd99860e542373
PAMPA:397,GRP-84838f44676821d0,2013_CHUGAI,2013,1.0,False,included,compatible_uncensored_replicate,SSCP-84838f44676821d0
PAMPA:398,GRP-ab2b752b81277f3d,2013_CHUGAI,2013,1.0,False,included,compatible_uncensored_replicate,SSCP-ab2b752b81277f3d
PAMPA:399,GRP-e21c030e22407e2a,2013_CHUGAI,2013,1.0,False,included,compatible_uncensored_replicate,SSCP-e21c030e22407e2a
PAMPA:400,GRP-e24f6d59993030f1,2013_CHUGAI,2013,1.0,False,included,compatible_uncensored_replicate,SSCP-e24f6d59993030f1
PAMPA:401,GRP-ed72b0067d270e57,2013_CHUGAI,2013,1.0,False,included,compatible_uncensored_replicate,SSCP-ed72b0067d270e57
PAMPA:402,GRP-6ab5c732cf67c007,2013_CHUGAI,2013,1.0,False,included,compatible_uncensored_replicate,SSCP-6ab5c732cf67c007
PAMPA:403,GRP-3060ed9223ffe504,2013_CHUGAI,2013,1.0,False,included,compatible_uncensored_replicate,SSCP-3060ed9223ffe504
PAMPA:404,GRP-72e713d2d6c369ef,2013_CHUGAI,2013,1.0,False,included,compatible_uncensored_replicate,SSCP-72e713d2d6c369ef
PAMPA:405,GRP-d3df278ede702e7c,2013_CHUGAI,2013,1.0,False,included,compatible_uncensored_replicate,SSCP-d3df278ede702e7c
PAMPA:406,GRP-985b6cc5677edf12,2013_CHUGAI,2013,1.0,False,included,compatible_uncensored_replicate,SSCP-985b6cc5677edf12
PAMPA:407,GRP-4823727736167da9,2013_CHUGAI,2013,1.0,False,included,compatible_uncensored_replicate,SSCP-4823727736167da9
PAMPA:408,GRP-e58766ae3c82df6b,2013_CHUGAI,2013,1.0,False,included,compatible_uncensored_replicate,SSCP-e58766ae3c82df6b
PAMPA:409,GRP-9739ee79e1ec975d,2013_CHUGAI,2013,1.0,False,included,compatible_uncensored_replicate,SSCP-9739ee79e1ec975d
PAMPA:410,GRP-56dce2a86bc42d77,2013_CHUGAI,2013,1.0,False,included,compatible_uncensored_replicate,SSCP-56dce2a86bc42d77
PAMPA:411,GRP-1a4160f104c3221a,2013_CHUGAI,2013,1.0,False,included,compatible_uncensored_replicate,SSCP-1a4160f104c3221a
PAMPA:412,GRP-708aa68b53441465,2013_CHUGAI,2013,1.0,False,included,compatible_uncensored_replicate,SSCP-708aa68b53441465
PAMPA:413,GRP-01b0cd02748765e6,2013_CHUGAI,2013,1.0,False,included,compatible_uncensored_replicate,SSCP-01b0cd02748765e6
PAMPA:414,GRP-db73c9edb05c2a31,2013_CHUGAI,2013,1.0,False,included,compatible_uncensored_replicate,SSCP-db73c9edb05c2a31
PAMPA:415,GRP-7e5e7bdb069d9045,2013_CHUGAI,2013,1.0,False,included,compatible_uncensored_replicate,SSCP-7e5e7bdb069d9045
PAMPA:416,GRP-43ab9b9619560bd6,2013_CHUGAI,2013,1.0,False,included,compatible_uncensored_replicate,SSCP-43ab9b9619560bd6
PAMPA:417,GRP-8595f97dd7b52161,2013_CHUGAI,2013,1.0,False,included,compatible_uncensored_replicate,SSCP-8595f97dd7b52161
PAMPA:418,GRP-e48d32133bf84b06,2013_CHUGAI,2013,1.0,False,included,compatible_uncensored_replicate,SSCP-e48d32133bf84b06
PAMPA:419,GRP-6b43c609cb081b31,2013_CHUGAI,2013,1.0,False,included,compatible_uncensored_replicate,SSCP-6b43c609cb081b31
PAMPA:420,GRP-208613386d693081,2013_CHUGAI,2013,1.0,False,included,compatible_uncensored_replicate,SSCP-208613386d693081
PAMPA:421,GRP-b24509bc8656f3c9,2013_CHUGAI,2013,1.0,False,included,compatible_uncensored_replicate,SSCP-b24509bc8656f3c9
PAMPA:422,GRP-3da26e0e1b31ddbb,2013_CHUGAI,2013,1.0,False,included,compatible_uncensored_replicate,SSCP-3da26e0e1b31ddbb
PAMPA:423,GRP-df2d2d330c059884,2013_CHUGAI,2013,1.0,False,included,compatible_uncensored_replicate,SSCP-df2d2d330c059884
PAMPA:424,GRP-1e23478fbd03dc4b,2013_CHUGAI,2013,1.0,False,included,compatible_uncensored_replicate,SSCP-1e23478fbd03dc4b
PAMPA:425,GRP-07064da4d0184704,2013_CHUGAI,2013,1.0,False,included,compatible_uncensored_replicate,SSCP-07064da4d0184704
PAMPA:426,GRP-621726ccd22bf158,2013_CHUGAI,2013,1.0,False,included,compatible_uncensored_replicate,SSCP-621726ccd22bf158
PAMPA:427,GRP-883d9258eb092c7a,2013_CHUGAI,2013,1.0,False,included,compatible_uncensored_replicate,SSCP-883d9258eb092c7a
PAMPA:428,GRP-d376a57fb848ec41,2013_CHUGAI,2013,1.0,False,included,compatible_uncensored_replicate,SSCP-d376a57fb848ec41
PAMPA:429,GRP-9cbb7d44c6af67d3,2013_CHUGAI,2013,1.0,False,included,compatible_uncensored_replicate,SSCP-9cbb7d44c6af67d3
PAMPA:430,GRP-ba46a686dd963543,2013_CHUGAI,2013,1.0,False,included,compatible_uncensored_replicate,SSCP-ba46a686dd963543
PAMPA:431,GRP-1e9d5fe376e616b0,2013_CHUGAI,2013,1.0,False,included,compatible_uncensored_replicate,SSCP-1e9d5fe376e616b0
PAMPA:432,GRP-3903d039b98a156a,2013_CHUGAI,2013,1.0,False,included,compatible_uncensored_replicate,SSCP-3903d039b98a156a
PAMPA:433,GRP-8845b05dac7535b2,2013_CHUGAI,2013,1.0,False,included,compatible_uncensored_replicate,SSCP-8845b05dac7535b2
PAMPA:434,GRP-dac957df5a0e012a,2013_CHUGAI,2013,1.0,False,included,compatible_uncensored_replicate,SSCP-dac957df5a0e012a
PAMPA:435,GRP-175ed88749e988cb,2013_CHUGAI,2013,1.0,False,included,compatible_uncensored_replicate,SSCP-175ed88749e988cb
PAMPA:436,GRP-921f07c2439c92bf,2013_CHUGAI,2013,1.0,False,included,compatible_uncensored_replicate,SSCP-921f07c2439c92bf
PAMPA:437,GRP-1f68061f4eb2c811,2013_CHUGAI,2013,1.0,False,included,compatible_uncensored_replicate,SSCP-1f68061f4eb2c811
PAMPA:438,GRP-2a7808d8f7b00f64,2013_CHUGAI,2013,1.0,False,included,compatible_uncensored_replicate,SSCP-2a7808d8f7b00f64
PAMPA:439,GRP-6ee8d8575443b80f,2013_CHUGAI,2013,1.0,False,included,compatible_uncensored_replicate,SSCP-6ee8d8575443b80f
PAMPA:440,GRP-cdb1298976b3a521,2013_CHUGAI,2013,1.0,False,included,compatible_uncensored_replicate,SSCP-cdb1298976b3a521
PAMPA:441,GRP-1601e9664d9a97d5,2013_CHUGAI,2013,1.0,False,included,compatible_uncensored_replicate,SSCP-1601e9664d9a97d5
PAMPA:442,GRP-61820f92c5133ca0,2013_CHUGAI,2013,1.0,False,included,compatible_uncensored_replicate,SSCP-61820f92c5133ca0
PAMPA:443,GRP-0ad9ecae2c4c47da,2013_CHUGAI,2013,1.0,False,included,compatible_uncensored_replicate,SSCP-0ad9ecae2c4c47da
PAMPA:444,GRP-7e5394c30d0f5f92,2013_CHUGAI,2013,1.0,False,included,compatible_uncensored_replicate,SSCP-7e5394c30d0f5f92
PAMPA:445,GRP-990c7e6d17e6865a,2013_CHUGAI,2013,1.0,False,included,compatible_uncensored_replicate,SSCP-990c7e6d17e6865a
PAMPA:446,GRP-b156d17294c79006,2013_CHUGAI,2013,1.0,False,included,compatible_uncensored_replicate,SSCP-b156d17294c79006
PAMPA:447,GRP-5ccf9b4c45d518ef,2013_CHUGAI,2013,1.0,False,included,compatible_uncensored_replicate,SSCP-5ccf9b4c45d518ef
PAMPA:448,GRP-0b44cedb59e1839d,2013_CHUGAI,2013,1.0,False,included,compatible_uncensored_replicate,SSCP-0b44cedb59e1839d
PAMPA:449,GRP-68eae66155250596,2013_CHUGAI,2013,1.0,False,included,compatible_uncensored_replicate,SSCP-68eae66155250596
PAMPA:450,GRP-abd12d837f53d4bc,2013_CHUGAI,2013,1.0,False,included,compatible_uncensored_replicate,SSCP-abd12d837f53d4bc
PAMPA:451,GRP-747f9efea998c639,2013_CHUGAI,2013,1.0,False,included,compatible_uncensored_replicate,SSCP-747f9efea998c639
PAMPA:452,GRP-27d33ef32bbcc06e,2013_CHUGAI,2013,1.0,False,included,compatible_uncensored_replicate,SSCP-27d33ef32bbcc06e
PAMPA:453,GRP-dba596e7656e9142,2013_CHUGAI,2013,1.0,False,included,compatible_uncensored_replicate,SSCP-dba596e7656e9142
PAMPA:454,GRP-17673630d858d412,2013_CHUGAI,2013,1.0,False,included,compatible_uncensored_replicate,SSCP-17673630d858d412
PAMPA:455,GRP-a182629bc989311e,2013_CHUGAI,2013,1.0,False,included,compatible_uncensored_replicate,SSCP-a182629bc989311e
PAMPA:456,GRP-c6b06ded6879f585,2013_CHUGAI,2013,1.0,False,included,compatible_uncensored_replicate,SSCP-c6b06ded6879f585
PAMPA:457,GRP-7655e11cb4b75c8d,2013_CHUGAI,2013,1.0,False,included,compatible_uncensored_replicate,SSCP-7655e11cb4b75c8d
PAMPA:458,GRP-235e5760c48f565f,2013_CHUGAI,2013,1.0,False,included,compatible_uncensored_replicate,SSCP-235e5760c48f565f
PAMPA:459,GRP-ccf697100488e72b,2013_CHUGAI,2013,1.0,False,included,compatible_uncensored_replicate,SSCP-ccf697100488e72b
PAMPA:460,GRP-941871a4268d5ef8,2013_CHUGAI,2013,1.0,False,included,compatible_uncensored_replicate,SSCP-941871a4268d5ef8
PAMPA:461,GRP-b795c05eaae7eccc,2013_CHUGAI,2013,1.0,False,included,compatible_uncensored_replicate,SSCP-b795c05eaae7eccc
PAMPA:462,GRP-5a178d6b2b43c8e6,2013_CHUGAI,2013,1.0,False,included,compatible_uncensored_replicate,SSCP-5a178d6b2b43c8e6
PAMPA:463,GRP-63545826f07a253c,2013_CHUGAI,2013,1.0,False,included,compatible_uncensored_replicate,SSCP-63545826f07a253c
PAMPA:464,GRP-9ac14b97da2a3553,2013_CHUGAI,2013,1.0,False,included,compatible_uncensored_replicate,SSCP-9ac14b97da2a3553
PAMPA:465,GRP-0c43b121b237c18c,2013_CHUGAI,2013,1.0,False,included,compatible_uncensored_replicate,SSCP-0c43b121b237c18c
PAMPA:466,GRP-5f4b46409cd5c000,2013_CHUGAI,2013,1.0,False,included,compatible_uncensored_replicate,SSCP-5f4b46409cd5c000
PAMPA:467,GRP-c99ae0f25cff5a2e,2013_CHUGAI,2013,1.0,False,included,compatible_uncensored_replicate,SSCP-c99ae0f25cff5a2e
PAMPA:468,GRP-ce2ced7f013b8614,2013_CHUGAI,2013,1.0,False,included,compatible_uncensored_replicate,SSCP-ce2ced7f013b8614
PAMPA:469,GRP-fc077209f3715b69,2013_CHUGAI,2013,1.0,False,included,compatible_uncensored_replicate,SSCP-fc077209f3715b69
PAMPA:470,GRP-af43097c8e70eec8,2013_CHUGAI,2013,1.0,False,included,compatible_uncensored_replicate,SSCP-af43097c8e70eec8
PAMPA:471,GRP-23bec4376182764a,2013_CHUGAI,2013,1.0,False,included,compatible_uncensored_replicate,SSCP-23bec4376182764a
PAMPA:472,GRP-3496f42819c3f193,2013_CHUGAI,2013,1.0,False,included,compatible_uncensored_replicate,SSCP-3496f42819c3f193
PAMPA:473,GRP-33853c203497b963,2013_CHUGAI,2013,1.0,False,included,compatible_uncensored_replicate,SSCP-33853c203497b963
PAMPA:474,GRP-cc06eabfc6ddeb05,2013_CHUGAI,2013,1.0,False,included,compatible_uncensored_replicate,SSCP-cc06eabfc6ddeb05
PAMPA:475,GRP-ca27b3c57990a800,2013_CHUGAI,2013,1.0,False,included,compatible_uncensored_replicate,SSCP-ca27b3c57990a800
PAMPA:476,GRP-467e352e048b305f,2013_CHUGAI,2013,1.0,False,included,compatible_uncensored_replicate,SSCP-467e352e048b305f
PAMPA:477,GRP-32d63313092b1c7d,2013_CHUGAI,2013,1.0,False,included,compatible_uncensored_replicate,SSCP-32d63313092b1c7d
PAMPA:478,GRP-2a4fb33123a322fd,2013_CHUGAI,2013,1.0,False,included,compatible_uncensored_replicate,SSCP-2a4fb33123a322fd
PAMPA:479,GRP-c6c153fe7a82d51c,2013_CHUGAI,2013,1.0,False,included,compatible_uncensored_replicate,SSCP-c6c153fe7a82d51c
PAMPA:480,GRP-7c5908b9d2eb2dbd,2013_CHUGAI,2013,1.0,False,included,compatible_uncensored_replicate,SSCP-7c5908b9d2eb2dbd
PAMPA:481,GRP-cc9af3590503955e,2013_CHUGAI,2013,1.0,False,included,compatible_uncensored_replicate,SSCP-cc9af3590503955e
PAMPA:482,GRP-42602f512134d7b9,2013_CHUGAI,2013,1.0,False,included,compatible_uncensored_replicate,SSCP-42602f512134d7b9
PAMPA:483,GRP-dafdd950f2e6767f,2013_CHUGAI,2013,1.0,False,included,compatible_uncensored_replicate,SSCP-dafdd950f2e6767f
PAMPA:484,GRP-f36550c07c61a85d,2013_CHUGAI,2013,1.0,False,included,compatible_uncensored_replicate,SSCP-f36550c07c61a85d
PAMPA:485,GRP-2f9e6af82fc854ba,2013_CHUGAI,2013,1.0,False,included,compatible_uncensored_replicate,SSCP-2f9e6af82fc854ba
PAMPA:486,GRP-713ec2efbdf65e30,2013_CHUGAI,2013,1.0,False,included,compatible_uncensored_replicate,SSCP-713ec2efbdf65e30
PAMPA:487,GRP-28f8756c3a309d2d,2013_CHUGAI,2013,1.0,False,included,compatible_uncensored_replicate,SSCP-28f8756c3a309d2d
PAMPA:488,GRP-d5215469d28273ab,2013_CHUGAI,2013,1.0,False,included,compatible_uncensored_replicate,SSCP-d5215469d28273ab
PAMPA:489,GRP-500b3130c32c2229,2013_CHUGAI,2013,1.0,False,included,compatible_uncensored_replicate,SSCP-500b3130c32c2229
PAMPA:490,GRP-79d7c8115ec1c4cd,2013_CHUGAI,2013,1.0,False,included,compatible_uncensored_replicate,SSCP-79d7c8115ec1c4cd
PAMPA:491,GRP-1e3c47af013876be,2013_CHUGAI,2013,1.0,False,included,compatible_uncensored_replicate,SSCP-1e3c47af013876be
PAMPA:492,GRP-643561d7f8993049,2013_CHUGAI,2013,1.0,False,included,compatible_uncensored_replicate,SSCP-643561d7f8993049
PAMPA:493,GRP-97dae1bb862344e2,2013_CHUGAI,2013,1.0,False,included,compatible_uncensored_replicate,SSCP-97dae1bb862344e2
PAMPA:494,GRP-b9cf3dfbe475f902,2013_CHUGAI,2013,1.0,False,included,compatible_uncensored_replicate,SSCP-b9cf3dfbe475f902
PAMPA:495,GRP-5bae9914bb10c456,2013_CHUGAI,2013,1.0,False,included,compatible_uncensored_replicate,SSCP-5bae9914bb10c456
PAMPA:496,GRP-c9cac46a08690b33,2013_CHUGAI,2013,1.0,False,included,compatible_uncensored_replicate,SSCP-c9cac46a08690b33
PAMPA:497,GRP-657bc02f309da03d,2013_CHUGAI,2013,1.0,False,included,compatible_uncensored_replicate,SSCP-657bc02f309da03d
PAMPA:498,GRP-25e1c81c437d252f,2013_CHUGAI,2013,1.0,False,included,compatible_uncensored_replicate,SSCP-25e1c81c437d252f
PAMPA:499,GRP-3ae106fe31b3d46e,2013_CHUGAI,2013,1.0,False,included,compatible_uncensored_replicate,SSCP-3ae106fe31b3d46e
PAMPA:500,GRP-edcc07023d03bc6c,2013_CHUGAI,2013,1.0,False,included,compatible_uncensored_replicate,SSCP-edcc07023d03bc6c
PAMPA:501,GRP-6b652385b9867dfc,2013_CHUGAI,2013,1.0,False,included,compatible_uncensored_replicate,SSCP-6b652385b9867dfc
PAMPA:502,GRP-182aa0c3e9484626,2013_CHUGAI,2013,1.0,False,included,compatible_uncensored_replicate,SSCP-182aa0c3e9484626
PAMPA:503,GRP-15dd5013c84bff88,2013_CHUGAI,2013,1.0,False,included,compatible_uncensored_replicate,SSCP-15dd5013c84bff88
PAMPA:504,GRP-939ec57168cefa47,2013_CHUGAI,2013,1.0,False,included,compatible_uncensored_replicate,SSCP-939ec57168cefa47
PAMPA:505,GRP-c2b6aa0708738d4a,2013_CHUGAI,2013,1.0,False,included,compatible_uncensored_replicate,SSCP-c2b6aa0708738d4a
PAMPA:506,GRP-76e8ad68c90502a6,2013_CHUGAI,2013,1.0,False,included,compatible_uncensored_replicate,SSCP-76e8ad68c90502a6
PAMPA:507,GRP-256817b64ff6d4d1,2013_CHUGAI,2013,1.0,False,included,compatible_uncensored_replicate,SSCP-256817b64ff6d4d1
PAMPA:508,GRP-1738d4044220e97f,2013_CHUGAI,2013,1.0,False,included,compatible_uncensored_replicate,SSCP-1738d4044220e97f
PAMPA:509,GRP-c819e8e4c468b5cc,2013_CHUGAI,2013,1.0,False,included,compatible_uncensored_replicate,SSCP-c819e8e4c468b5cc
PAMPA:510,GRP-de31a732a73409a4,2013_CHUGAI,2013,1.0,False,included,compatible_uncensored_replicate,SSCP-de31a732a73409a4
PAMPA:511,GRP-10dce81dfa2008d1,2013_CHUGAI,2013,1.0,False,included,compatible_uncensored_replicate,SSCP-10dce81dfa2008d1
PAMPA:512,GRP-a99184bee5cb3aab,2013_CHUGAI,2013,1.0,False,included,compatible_uncensored_replicate,SSCP-a99184bee5cb3aab
PAMPA:513,GRP-ca7cff1676934061,2013_CHUGAI,2013,1.0,False,included,compatible_uncensored_replicate,SSCP-ca7cff1676934061
PAMPA:514,GRP-d7d7cb6d8ec28b6c,2013_CHUGAI,2013,1.0,False,included,compatible_uncensored_replicate,SSCP-d7d7cb6d8ec28b6c
PAMPA:515,GRP-8af0ce4b95aa1a8f,2013_CHUGAI,2013,1.0,False,included,compatible_uncensored_replicate,SSCP-8af0ce4b95aa1a8f
PAMPA:516,GRP-d82cf005da22724f,2013_CHUGAI,2013,1.0,False,included,compatible_uncensored_replicate,SSCP-d82cf005da22724f
PAMPA:517,GRP-c72b488ee873d7cc,2013_CHUGAI,2013,1.0,False,included,compatible_uncensored_replicate,SSCP-c72b488ee873d7cc
PAMPA:518,GRP-d7b7618f18de3f0f,2013_CHUGAI,2013,1.0,False,included,compatible_uncensored_replicate,SSCP-d7b7618f18de3f0f
PAMPA:519,GRP-79db350229b3c2ec,2013_CHUGAI,2013,1.0,False,included,compatible_uncensored_replicate,SSCP-79db350229b3c2ec
PAMPA:520,GRP-65883bf3a6f95637,2013_CHUGAI,2013,1.0,False,included,compatible_uncensored_replicate,SSCP-65883bf3a6f95637
PAMPA:521,GRP-6302ecb9eddb7dfa,2013_CHUGAI,2013,1.0,False,included,compatible_uncensored_replicate,SSCP-6302ecb9eddb7dfa
PAMPA:522,GRP-c65980effe09814a,2013_CHUGAI,2013,1.0,False,included,compatible_uncensored_replicate,SSCP-c65980effe09814a
PAMPA:523,GRP-dba0563ad355226d,2013_CHUGAI,2013,1.0,False,included,compatible_uncensored_replicate,SSCP-dba0563ad355226d
PAMPA:524,GRP-b32d2f8dc6f79d49,2013_CHUGAI,2013,1.0,False,included,compatible_uncensored_replicate,SSCP-b32d2f8dc6f79d49
PAMPA:525,GRP-8f83ca55c0250c75,2013_CHUGAI,2013,1.0,False,included,compatible_uncensored_replicate,SSCP-8f83ca55c0250c75
PAMPA:526,GRP-a99c5d793b755d0f,2013_CHUGAI,2013,1.0,True,excluded,irrecoverably_censored_or_missing_label,
PAMPA:527,GRP-faaa69d04822f8e4,2013_CHUGAI,2013,1.0,False,included,compatible_uncensored_replicate,SSCP-faaa69d04822f8e4
PAMPA:528,GRP-3a093dc24f46978c,2013_CHUGAI,2013,1.0,False,included,compatible_uncensored_replicate,SSCP-3a093dc24f46978c
PAMPA:529,GRP-ae8355234abdcb1a,2013_CHUGAI,2013,1.0,False,included,compatible_uncensored_replicate,SSCP-ae8355234abdcb1a
PAMPA:530,GRP-d84c46219bb4ed79,2013_CHUGAI,2013,1.0,False,included,compatible_uncensored_replicate,SSCP-d84c46219bb4ed79
PAMPA:531,GRP-b271805de50f0586,2013_CHUGAI,2013,1.0,False,included,compatible_uncensored_replicate,SSCP-b271805de50f0586
PAMPA:532,GRP-8d201aa4cd5ecb0f,2013_CHUGAI,2013,1.0,False,included,compatible_uncensored_replicate,SSCP-8d201aa4cd5ecb0f
PAMPA:533,GRP-0f409c23a8ea94c3,2013_CHUGAI,2013,1.0,False,included,compatible_uncensored_replicate,SSCP-0f409c23a8ea94c3
PAMPA:534,GRP-4f03793e13ac87b4,2013_CHUGAI,2013,1.0,False,included,compatible_uncensored_replicate,SSCP-4f03793e13ac87b4
PAMPA:535,GRP-e7dee069a7367179,2013_CHUGAI,2013,1.0,False,included,compatible_uncensored_replicate,SSCP-e7dee069a7367179
PAMPA:536,GRP-d5d3814c70bf8316,2013_CHUGAI,2013,1.0,False,included,compatible_uncensored_replicate,SSCP-d5d3814c70bf8316
PAMPA:537,GRP-fa849b09a53f8b80,2013_CHUGAI,2013,1.0,False,included,compatible_uncensored_replicate,SSCP-fa849b09a53f8b80
PAMPA:538,GRP-4c12c684c6ccd357,2013_CHUGAI,2013,1.0,False,included,compatible_uncensored_replicate,SSCP-4c12c684c6ccd357
PAMPA:539,GRP-a33281cf3ab9c57c,2013_CHUGAI,2013,1.0,False,included,compatible_uncensored_replicate,SSCP-a33281cf3ab9c57c
PAMPA:540,GRP-c58763206e12e6dc,2013_CHUGAI,2013,1.0,False,included,compatible_uncensored_replicate,SSCP-c58763206e12e6dc
PAMPA:541,GRP-0945ed5622f16164,2013_CHUGAI,2013,1.0,False,included,compatible_uncensored_replicate,SSCP-0945ed5622f16164
PAMPA:542,GRP-5b6355ac829aa731,2013_CHUGAI,2013,1.0,False,included,compatible_uncensored_replicate,SSCP-5b6355ac829aa731
PAMPA:543,GRP-600e1364263c71f0,2013_CHUGAI,2013,1.0,False,included,compatible_uncensored_replicate,SSCP-600e1364263c71f0
PAMPA:544,GRP-db2ee181e2e32d21,2013_CHUGAI,2013,1.0,False,included,compatible_uncensored_replicate,SSCP-db2ee181e2e32d21
PAMPA:545,GRP-3fa77592229bde74,2013_CHUGAI,2013,1.0,False,included,compatible_uncensored_replicate,SSCP-3fa77592229bde74
PAMPA:546,GRP-efbdeb059aeb1837,2013_CHUGAI,2013,1.0,False,included,compatible_uncensored_replicate,SSCP-efbdeb059aeb1837
PAMPA:547,GRP-dceadcbd3b8476d0,2013_CHUGAI,2013,1.0,False,included,compatible_uncensored_replicate,SSCP-dceadcbd3b8476d0
PAMPA:548,GRP-1d12f8f94daa8c34,2013_CHUGAI,2013,1.0,False,included,compatible_uncensored_replicate,SSCP-1d12f8f94daa8c34
PAMPA:549,GRP-ddb5d76b729cc5aa,2013_CHUGAI,2013,1.0,False,included,compatible_uncensored_replicate,SSCP-ddb5d76b729cc5aa
PAMPA:550,GRP-ba7402409fd65a04,2013_CHUGAI,2013,1.0,False,included,compatible_uncensored_replicate,SSCP-ba7402409fd65a04
PAMPA:551,GRP-c0a4676607d5bd27,2013_CHUGAI,2013,1.0,False,included,compatible_uncensored_replicate,SSCP-c0a4676607d5bd27
PAMPA:552,GRP-b0d8fe57c5c071bb,2013_CHUGAI,2013,1.0,False,included,compatible_uncensored_replicate,SSCP-b0d8fe57c5c071bb
PAMPA:553,GRP-a54a9badfe2305a7,2013_CHUGAI,2013,1.0,False,included,compatible_uncensored_replicate,SSCP-a54a9badfe2305a7
PAMPA:554,GRP-47b90f8589223383,2013_CHUGAI,2013,1.0,False,included,compatible_uncensored_replicate,SSCP-47b90f8589223383
PAMPA:555,GRP-ba37d504cdaf0eeb,2013_CHUGAI,2013,1.0,False,included,compatible_uncensored_replicate,SSCP-ba37d504cdaf0eeb
PAMPA:556,GRP-9876428e856afdfa,2013_CHUGAI,2013,1.0,False,included,compatible_uncensored_replicate,SSCP-9876428e856afdfa
PAMPA:557,GRP-6a35a94f9542c136,2013_CHUGAI,2013,1.0,False,included,compatible_uncensored_replicate,SSCP-6a35a94f9542c136
PAMPA:558,GRP-fd3823694f5576c2,2013_CHUGAI,2013,1.0,False,included,compatible_uncensored_replicate,SSCP-fd3823694f5576c2
PAMPA:559,GRP-b05b6189011fee03,2013_CHUGAI,2013,1.0,False,included,compatible_uncensored_replicate,SSCP-b05b6189011fee03
PAMPA:560,GRP-0e5a1cfc3aec4b0d,2013_CHUGAI,2013,1.0,False,included,compatible_uncensored_replicate,SSCP-0e5a1cfc3aec4b0d
PAMPA:561,GRP-476098766a47ca60,2013_CHUGAI,2013,1.0,False,included,compatible_uncensored_replicate,SSCP-476098766a47ca60
PAMPA:562,GRP-75edeff968837ac9,2013_CHUGAI,2013,1.0,False,included,compatible_uncensored_replicate,SSCP-75edeff968837ac9
PAMPA:563,GRP-6d9623b29e0362a1,2013_CHUGAI,2013,1.0,False,included,compatible_uncensored_replicate,SSCP-6d9623b29e0362a1
PAMPA:564,GRP-3ad2d4b1f7c16094,2013_CHUGAI,2013,1.0,False,included,compatible_uncensored_replicate,SSCP-3ad2d4b1f7c16094
PAMPA:565,GRP-fb803af6c7960b05,2013_CHUGAI,2013,1.0,False,included,compatible_uncensored_replicate,SSCP-fb803af6c7960b05
PAMPA:566,GRP-8f0a9adcc1206a71,2013_CHUGAI,2013,1.0,False,included,compatible_uncensored_replicate,SSCP-8f0a9adcc1206a71
PAMPA:567,GRP-b5d51c15120ae857,2013_CHUGAI,2013,1.0,True,excluded,irrecoverably_censored_or_missing_label,
PAMPA:568,GRP-54a935e12152aef6,2013_CHUGAI,2013,1.0,True,excluded,irrecoverably_censored_or_missing_label,
PAMPA:569,GRP-0f8920c3c9061d7b,2013_CHUGAI,2013,1.0,False,included,compatible_uncensored_replicate,SSCP-0f8920c3c9061d7b
PAMPA:570,GRP-e5f770a8b313cc42,2013_CHUGAI,2013,1.0,False,included,compatible_uncensored_replicate,SSCP-e5f770a8b313cc42
PAMPA:571,GRP-e59fa4e520c9bf57,2013_CHUGAI,2013,1.0,False,included,compatible_uncensored_replicate,SSCP-e59fa4e520c9bf57
PAMPA:572,GRP-49fb2d2785328899,2013_CHUGAI,2013,1.0,False,included,compatible_uncensored_replicate,SSCP-49fb2d2785328899
PAMPA:573,GRP-569dd35d8528e95c,2013_CHUGAI,2013,1.0,False,included,compatible_uncensored_replicate,SSCP-569dd35d8528e95c
PAMPA:574,GRP-7c91fab0c6da178c,2013_CHUGAI,2013,1.0,False,included,compatible_uncensored_replicate,SSCP-7c91fab0c6da178c
PAMPA:575,GRP-341228b4d5eee3b0,2013_CHUGAI,2013,1.0,False,included,compatible_uncensored_replicate,SSCP-341228b4d5eee3b0
PAMPA:576,GRP-62170065ded4bfc9,2013_CHUGAI,2013,1.0,False,included,compatible_uncensored_replicate,SSCP-62170065ded4bfc9
PAMPA:577,GRP-168793525f21cd8d,2013_CHUGAI,2013,1.0,False,included,compatible_uncensored_replicate,SSCP-168793525f21cd8d
PAMPA:578,GRP-3e99639f52edc458,2013_CHUGAI,2013,1.0,False,included,compatible_uncensored_replicate,SSCP-3e99639f52edc458
PAMPA:579,GRP-a89fd73fc8889210,2013_CHUGAI,2013,1.0,False,included,compatible_uncensored_replicate,SSCP-a89fd73fc8889210
PAMPA:580,GRP-46da2cb3259e9ebb,2013_CHUGAI,2013,1.0,False,included,compatible_uncensored_replicate,SSCP-46da2cb3259e9ebb
PAMPA:581,GRP-158a371554e71f14,2013_CHUGAI,2013,1.0,False,included,compatible_uncensored_replicate,SSCP-158a371554e71f14
PAMPA:582,GRP-a774fc2decdd04d5,2013_CHUGAI,2013,1.0,False,included,compatible_uncensored_replicate,SSCP-a774fc2decdd04d5
PAMPA:583,GRP-6baf61573aae6b8c,2013_CHUGAI,2013,1.0,False,included,compatible_uncensored_replicate,SSCP-6baf61573aae6b8c
PAMPA:584,GRP-1ffdb4ec5f881777,2013_CHUGAI,2013,1.0,False,included,compatible_uncensored_replicate,SSCP-1ffdb4ec5f881777
PAMPA:585,GRP-a9f4753de74b6bcc,2013_CHUGAI,2013,1.0,False,included,compatible_uncensored_replicate,SSCP-a9f4753de74b6bcc
PAMPA:586,GRP-606cff152a09decb,2013_CHUGAI,2013,1.0,False,included,compatible_uncensored_replicate,SSCP-606cff152a09decb
PAMPA:587,GRP-79a9620666c06c9e,2013_CHUGAI,2013,1.0,False,included,compatible_uncensored_replicate,SSCP-79a9620666c06c9e
PAMPA:588,GRP-20722e7ab3b7042c,2013_CHUGAI,2013,1.0,False,included,compatible_uncensored_replicate,SSCP-20722e7ab3b7042c
PAMPA:589,GRP-d4d0de5750618f86,2013_CHUGAI,2013,1.0,False,included,compatible_uncensored_replicate,SSCP-d4d0de5750618f86
PAMPA:590,GRP-1c45b63d5bfd645a,2013_CHUGAI,2013,1.0,False,included,compatible_uncensored_replicate,SSCP-1c45b63d5bfd645a
PAMPA:591,GRP-1d53956f7450f058,2013_CHUGAI,2013,1.0,False,included,compatible_uncensored_replicate,SSCP-1d53956f7450f058
PAMPA:592,GRP-747b9d0f24c80ec7,2013_CHUGAI,2013,1.0,False,included,compatible_uncensored_replicate,SSCP-747b9d0f24c80ec7
PAMPA:593,GRP-9a3013be8a3978c1,2013_CHUGAI,2013,1.0,True,excluded,irrecoverably_censored_or_missing_label,
PAMPA:594,GRP-fab3c8bd6ffe5f94,2013_CHUGAI,2013,1.0,False,included,compatible_uncensored_replicate,SSCP-fab3c8bd6ffe5f94
PAMPA:595,GRP-4a4eeb70e881dd5c,2013_CHUGAI,2013,1.0,True,excluded,irrecoverably_censored_or_missing_label,
PAMPA:596,GRP-0fa9b27355d7306b,2013_CHUGAI,2013,1.0,False,included,compatible_uncensored_replicate,SSCP-0fa9b27355d7306b
PAMPA:597,GRP-2a842ba084518b45,2013_CHUGAI,2013,1.0,False,included,compatible_uncensored_replicate,SSCP-2a842ba084518b45
PAMPA:598,GRP-786f855766faf931,2013_CHUGAI,2013,1.0,False,included,compatible_uncensored_replicate,SSCP-786f855766faf931
PAMPA:599,GRP-36e11d73934dde30,2013_CHUGAI,2013,1.0,False,included,compatible_uncensored_replicate,SSCP-36e11d73934dde30
PAMPA:600,GRP-abf1c19d05cab9bc,2013_CHUGAI,2013,1.0,False,included,compatible_uncensored_replicate,SSCP-abf1c19d05cab9bc
PAMPA:601,GRP-b00452db15a78bf9,2013_CHUGAI,2013,1.0,False,included,compatible_uncensored_replicate,SSCP-b00452db15a78bf9
PAMPA:602,GRP-054a4492ae4fde6c,2013_CHUGAI,2013,1.0,False,included,compatible_uncensored_replicate,SSCP-054a4492ae4fde6c
PAMPA:603,GRP-6ccd36b606e18710,2013_CHUGAI,2013,1.0,False,included,compatible_uncensored_replicate,SSCP-6ccd36b606e18710
PAMPA:604,GRP-153bef7cfab95f35,2013_CHUGAI,2013,1.0,False,included,compatible_uncensored_replicate,SSCP-153bef7cfab95f35
PAMPA:605,GRP-25269bdafcbda917,2013_CHUGAI,2013,1.0,False,included,compatible_uncensored_replicate,SSCP-25269bdafcbda917
PAMPA:606,GRP-ea019b51b874bec7,2013_CHUGAI,2013,1.0,False,included,compatible_uncensored_replicate,SSCP-ea019b51b874bec7
PAMPA:607,GRP-247fe1dfe4792cc0,2013_CHUGAI,2013,1.0,False,included,compatible_uncensored_replicate,SSCP-247fe1dfe4792cc0
PAMPA:608,GRP-7dd1104229e60137,2013_CHUGAI,2013,1.0,False,included,compatible_uncensored_replicate,SSCP-7dd1104229e60137
PAMPA:609,GRP-eb5f842cf2ca0221,2013_CHUGAI,2013,1.0,False,included,compatible_uncensored_replicate,SSCP-eb5f842cf2ca0221
PAMPA:610,GRP-d5aafb48fe2b9c64,2013_CHUGAI,2013,1.0,False,included,compatible_uncensored_replicate,SSCP-d5aafb48fe2b9c64
PAMPA:611,GRP-a3f1ae8f42efd4da,2013_CHUGAI,2013,1.0,False,included,compatible_uncensored_replicate,SSCP-a3f1ae8f42efd4da
PAMPA:612,GRP-422bb7b082ccf0ee,2013_CHUGAI,2013,1.0,False,included,compatible_uncensored_replicate,SSCP-422bb7b082ccf0ee
PAMPA:613,GRP-f5bc444b75a8cc46,2013_CHUGAI,2013,1.0,False,included,compatible_uncensored_replicate,SSCP-f5bc444b75a8cc46
PAMPA:614,GRP-b2e708e074c271c4,2013_CHUGAI,2013,1.0,False,included,compatible_uncensored_replicate,SSCP-b2e708e074c271c4
PAMPA:615,GRP-c7d4e679eb680563,2013_CHUGAI,2013,1.0,False,included,compatible_uncensored_replicate,SSCP-c7d4e679eb680563
PAMPA:616,GRP-48ef18bcad775f4c,2013_CHUGAI,2013,1.0,False,included,compatible_uncensored_replicate,SSCP-48ef18bcad775f4c
PAMPA:617,GRP-374e0e6cbb5e0820,2013_CHUGAI,2013,1.0,False,included,compatible_uncensored_replicate,SSCP-374e0e6cbb5e0820
PAMPA:618,GRP-09ac8d9cd72f6424,2013_CHUGAI,2013,1.0,False,included,compatible_uncensored_replicate,SSCP-09ac8d9cd72f6424
PAMPA:619,GRP-fda21c75b8d5da75,2013_CHUGAI,2013,1.0,False,included,compatible_uncensored_replicate,SSCP-fda21c75b8d5da75
PAMPA:620,GRP-f15bc11ca2b7250c,2013_CHUGAI,2013,1.0,False,included,compatible_uncensored_replicate,SSCP-f15bc11ca2b7250c
PAMPA:621,GRP-4212360ec445a251,2013_CHUGAI,2013,1.0,False,included,compatible_uncensored_replicate,SSCP-4212360ec445a251
PAMPA:622,GRP-4a1b8f5db1536e94,2013_CHUGAI,2013,1.0,False,included,compatible_uncensored_replicate,SSCP-4a1b8f5db1536e94
PAMPA:623,GRP-edc9521094e74de7,2013_CHUGAI,2013,1.0,False,included,compatible_uncensored_replicate,SSCP-edc9521094e74de7
PAMPA:624,GRP-bc44b60e0d383224,2013_CHUGAI,2013,1.0,False,included,compatible_uncensored_replicate,SSCP-bc44b60e0d383224
PAMPA:625,GRP-28fa68cc5eb8f331,2013_CHUGAI,2013,1.0,False,included,compatible_uncensored_replicate,SSCP-28fa68cc5eb8f331
PAMPA:626,GRP-e13c544f1cf60f52,2013_CHUGAI,2013,1.0,False,included,compatible_uncensored_replicate,SSCP-e13c544f1cf60f52
PAMPA:627,GRP-fcd6baf39d5c7e25,2013_CHUGAI,2013,1.0,False,included,compatible_uncensored_replicate,SSCP-fcd6baf39d5c7e25
PAMPA:628,GRP-6ed770672eee839e,2013_CHUGAI,2013,1.0,False,included,compatible_uncensored_replicate,SSCP-6ed770672eee839e
PAMPA:629,GRP-8437489a2dc93b9a,2013_CHUGAI,2013,1.0,False,included,compatible_uncensored_replicate,SSCP-8437489a2dc93b9a
PAMPA:630,GRP-81117a0818e69a95,2013_CHUGAI,2013,1.0,False,included,compatible_uncensored_replicate,SSCP-81117a0818e69a95
PAMPA:631,GRP-539a698fe38ea588,2013_CHUGAI,2013,1.0,False,included,compatible_uncensored_replicate,SSCP-539a698fe38ea588
PAMPA:632,GRP-a1ba4247b8008370,2013_CHUGAI,2013,1.0,False,included,compatible_uncensored_replicate,SSCP-a1ba4247b8008370
PAMPA:633,GRP-853ab9245cffc1c6,2013_CHUGAI,2013,1.0,False,included,compatible_uncensored_replicate,SSCP-853ab9245cffc1c6
PAMPA:634,GRP-04608a3be4e7965e,2013_CHUGAI,2013,1.0,False,included,compatible_uncensored_replicate,SSCP-04608a3be4e7965e
PAMPA:635,GRP-4a06803f5a4653e8,2013_CHUGAI,2013,1.0,False,included,compatible_uncensored_replicate,SSCP-4a06803f5a4653e8
PAMPA:636,GRP-a9f24d919cbb07d7,2013_CHUGAI,2013,1.0,False,included,compatible_uncensored_replicate,SSCP-a9f24d919cbb07d7
PAMPA:637,GRP-a34bcd41280abf58,2013_CHUGAI,2013,1.0,False,included,compatible_uncensored_replicate,SSCP-a34bcd41280abf58
PAMPA:638,GRP-10252edc6e30a5b4,2013_CHUGAI,2013,1.0,False,included,compatible_uncensored_replicate,SSCP-10252edc6e30a5b4
PAMPA:639,GRP-12c4af19e6b3d3fd,2013_CHUGAI,2013,1.0,False,included,compatible_uncensored_replicate,SSCP-12c4af19e6b3d3fd
PAMPA:640,GRP-de4a208153472dc8,2013_CHUGAI,2013,1.0,False,included,compatible_uncensored_replicate,SSCP-de4a208153472dc8
PAMPA:641,GRP-1b3e005175d57ec1,2013_CHUGAI,2013,1.0,False,included,compatible_uncensored_replicate,SSCP-1b3e005175d57ec1
PAMPA:642,GRP-650f14e70d88d5b0,2013_CHUGAI,2013,1.0,False,included,compatible_uncensored_replicate,SSCP-650f14e70d88d5b0
PAMPA:643,GRP-bc937b25b8a350e5,2013_CHUGAI,2013,1.0,False,included,compatible_uncensored_replicate,SSCP-bc937b25b8a350e5
PAMPA:644,GRP-3bb56fe49492bffb,2013_CHUGAI,2013,1.0,False,included,compatible_uncensored_replicate,SSCP-3bb56fe49492bffb
PAMPA:645,GRP-8105fbe079e3e0a0,2013_CHUGAI,2013,1.0,False,included,compatible_uncensored_replicate,SSCP-8105fbe079e3e0a0
PAMPA:646,GRP-0d20de49fd557b9d,2013_CHUGAI,2013,1.0,False,included,compatible_uncensored_replicate,SSCP-0d20de49fd557b9d
PAMPA:647,GRP-d892eae135ccbf6c,2013_CHUGAI,2013,1.0,False,included,compatible_uncensored_replicate,SSCP-d892eae135ccbf6c
PAMPA:648,GRP-09611728f950164f,2013_CHUGAI,2013,1.0,False,included,compatible_uncensored_replicate,SSCP-09611728f950164f
PAMPA:649,GRP-4b6309f8e502804d,2013_CHUGAI,2013,1.0,False,included,compatible_uncensored_replicate,SSCP-4b6309f8e502804d
PAMPA:650,GRP-e7c803e0eb0e352e,2013_CHUGAI,2013,1.0,False,included,compatible_uncensored_replicate,SSCP-e7c803e0eb0e352e
PAMPA:651,GRP-4eb659ed4b556327,2013_CHUGAI,2013,1.0,False,included,compatible_uncensored_replicate,SSCP-4eb659ed4b556327
PAMPA:652,GRP-c927da440ac86c02,2013_CHUGAI,2013,1.0,False,included,compatible_uncensored_replicate,SSCP-c927da440ac86c02
PAMPA:653,GRP-5b1baebcd4f5d92f,2013_CHUGAI,2013,1.0,False,included,compatible_uncensored_replicate,SSCP-5b1baebcd4f5d92f
PAMPA:654,GRP-b9f7a550239dd19c,2013_CHUGAI,2013,1.0,False,included,compatible_uncensored_replicate,SSCP-b9f7a550239dd19c
PAMPA:655,GRP-335fdb1cb362d49c,2013_CHUGAI,2013,1.0,False,included,compatible_uncensored_replicate,SSCP-335fdb1cb362d49c
PAMPA:656,GRP-33a7b5ed7b62348d,2013_CHUGAI,2013,1.0,False,included,compatible_uncensored_replicate,SSCP-33a7b5ed7b62348d
PAMPA:657,GRP-fad3881eaab4c93c,2013_CHUGAI,2013,1.0,False,included,compatible_uncensored_replicate,SSCP-fad3881eaab4c93c
PAMPA:658,GRP-ce490a9f48f7da67,2013_CHUGAI,2013,1.0,False,included,compatible_uncensored_replicate,SSCP-ce490a9f48f7da67
PAMPA:659,GRP-635cb1a2d31246bc,2013_CHUGAI,2013,1.0,False,included,compatible_uncensored_replicate,SSCP-635cb1a2d31246bc
PAMPA:660,GRP-4f2ac6ddc60ca091,2013_CHUGAI,2013,1.0,False,included,compatible_uncensored_replicate,SSCP-4f2ac6ddc60ca091
PAMPA:661,GRP-d19b7dee5c902eaf,2013_CHUGAI,2013,1.0,False,included,compatible_uncensored_replicate,SSCP-d19b7dee5c902eaf
PAMPA:662,GRP-bcca5a02f06de847,2013_CHUGAI,2013,1.0,False,included,compatible_uncensored_replicate,SSCP-bcca5a02f06de847
PAMPA:663,GRP-cfb4bed7be33b126,2013_CHUGAI,2013,1.0,False,included,compatible_uncensored_replicate,SSCP-cfb4bed7be33b126
PAMPA:664,GRP-0c170bf084ea891e,2013_CHUGAI,2013,1.0,False,included,compatible_uncensored_replicate,SSCP-0c170bf084ea891e
PAMPA:665,GRP-6caaa1e8c5dd70b1,2013_CHUGAI,2013,1.0,False,included,compatible_uncensored_replicate,SSCP-6caaa1e8c5dd70b1
PAMPA:666,GRP-b390f0a5c131e74e,2013_CHUGAI,2013,1.0,False,included,compatible_uncensored_replicate,SSCP-b390f0a5c131e74e
PAMPA:667,GRP-b9bc01073ebd69c3,2013_CHUGAI,2013,1.0,False,included,compatible_uncensored_replicate,SSCP-b9bc01073ebd69c3
PAMPA:668,GRP-60d36a60ad9b1b8b,2013_CHUGAI,2013,1.0,False,included,compatible_uncensored_replicate,SSCP-60d36a60ad9b1b8b
PAMPA:669,GRP-f2342a6ea2a52b20,2013_CHUGAI,2013,1.0,False,included,compatible_uncensored_replicate,SSCP-f2342a6ea2a52b20
PAMPA:670,GRP-12df49e57de546f5,2013_CHUGAI,2013,1.0,False,included,compatible_uncensored_replicate,SSCP-12df49e57de546f5
PAMPA:671,GRP-10356a28321d9048,2013_CHUGAI,2013,1.0,False,included,compatible_uncensored_replicate,SSCP-10356a28321d9048
PAMPA:672,GRP-4bc75c7b8bddc64b,2013_CHUGAI,2013,1.0,False,included,compatible_uncensored_replicate,SSCP-4bc75c7b8bddc64b
PAMPA:673,GRP-d9855b6bc4d50593,2013_CHUGAI,2013,1.0,False,included,compatible_uncensored_replicate,SSCP-d9855b6bc4d50593
PAMPA:674,GRP-f1e7a5a84e933c68,2013_CHUGAI,2013,1.0,False,included,compatible_uncensored_replicate,SSCP-f1e7a5a84e933c68
PAMPA:675,GRP-81a1a16d9684666c,2013_CHUGAI,2013,1.0,False,included,compatible_uncensored_replicate,SSCP-81a1a16d9684666c
PAMPA:676,GRP-9857fb1aa409359d,2013_CHUGAI,2013,1.0,False,included,compatible_uncensored_replicate,SSCP-9857fb1aa409359d
PAMPA:677,GRP-55a9745a34c20f4b,2013_CHUGAI,2013,1.0,False,included,compatible_uncensored_replicate,SSCP-55a9745a34c20f4b
PAMPA:678,GRP-2a074bef785ca240,2013_CHUGAI,2013,1.0,False,included,compatible_uncensored_replicate,SSCP-2a074bef785ca240
PAMPA:679,GRP-8f4fbf4f6666b680,2013_CHUGAI,2013,1.0,False,included,compatible_uncensored_replicate,SSCP-8f4fbf4f6666b680
PAMPA:680,GRP-d674fcc6c5dfb284,2013_CHUGAI,2013,1.0,False,included,compatible_uncensored_replicate,SSCP-d674fcc6c5dfb284
PAMPA:681,GRP-9c2a0ab594a6a42b,2013_CHUGAI,2013,1.0,False,included,compatible_uncensored_replicate,SSCP-9c2a0ab594a6a42b
PAMPA:682,GRP-4972df665fe27a87,2013_CHUGAI,2013,1.0,False,included,compatible_uncensored_replicate,SSCP-4972df665fe27a87
PAMPA:683,GRP-046379d562230719,2013_CHUGAI,2013,1.0,False,included,compatible_uncensored_replicate,SSCP-046379d562230719
PAMPA:684,GRP-12eff7c1978604c7,2013_CHUGAI,2013,1.0,False,included,compatible_uncensored_replicate,SSCP-12eff7c1978604c7
PAMPA:685,GRP-ca6cabdfdfe59520,2013_CHUGAI,2013,1.0,False,included,compatible_uncensored_replicate,SSCP-ca6cabdfdfe59520
PAMPA:686,GRP-6557716e76ae5365,2013_CHUGAI,2013,1.0,False,included,compatible_uncensored_replicate,SSCP-6557716e76ae5365
PAMPA:687,GRP-6deeb290b8bd022a,2013_CHUGAI,2013,1.0,False,included,compatible_uncensored_replicate,SSCP-6deeb290b8bd022a
PAMPA:688,GRP-d544cf34020a33f6,2013_CHUGAI,2013,1.0,False,included,compatible_uncensored_replicate,SSCP-d544cf34020a33f6
PAMPA:689,GRP-1ccefa90f243f555,2013_CHUGAI,2013,1.0,False,included,compatible_uncensored_replicate,SSCP-1ccefa90f243f555
PAMPA:690,GRP-4eb1c6e00a02cbf3,2013_CHUGAI,2013,1.0,False,included,compatible_uncensored_replicate,SSCP-4eb1c6e00a02cbf3
PAMPA:691,GRP-ffd8d4764ec8a527,2013_CHUGAI,2013,1.0,False,included,compatible_uncensored_replicate,SSCP-ffd8d4764ec8a527
PAMPA:692,GRP-767961a4550b72ee,2013_CHUGAI,2013,1.0,False,included,compatible_uncensored_replicate,SSCP-767961a4550b72ee
PAMPA:693,GRP-2eee045a2395647e,2013_CHUGAI,2013,1.0,False,included,compatible_uncensored_replicate,SSCP-2eee045a2395647e
PAMPA:694,GRP-261d9a5e40117a5d,2013_CHUGAI,2013,1.0,False,included,compatible_uncensored_replicate,SSCP-261d9a5e40117a5d
PAMPA:695,GRP-8811018ef2d9b6fc,2013_CHUGAI,2013,1.0,False,included,compatible_uncensored_replicate,SSCP-8811018ef2d9b6fc
PAMPA:696,GRP-bc78dace3a5c3365,2013_CHUGAI,2013,1.0,False,included,compatible_uncensored_replicate,SSCP-bc78dace3a5c3365
PAMPA:697,GRP-30de6b94bae41447,2013_CHUGAI,2013,1.0,False,included,compatible_uncensored_replicate,SSCP-30de6b94bae41447
PAMPA:698,GRP-eb4193b805bf0115,2013_CHUGAI,2013,1.0,False,included,compatible_uncensored_replicate,SSCP-eb4193b805bf0115
PAMPA:699,GRP-49516ed74be7e212,2013_CHUGAI,2013,1.0,False,included,compatible_uncensored_replicate,SSCP-49516ed74be7e212
PAMPA:700,GRP-a2ecd2395feb34f1,2013_CHUGAI,2013,1.0,False,included,compatible_uncensored_replicate,SSCP-a2ecd2395feb34f1
PAMPA:701,GRP-4c6aabb81b471fab,2013_CHUGAI,2013,1.0,False,included,compatible_uncensored_replicate,SSCP-4c6aabb81b471fab
PAMPA:702,GRP-21d7fdd24186b4ca,2013_CHUGAI,2013,1.0,False,included,compatible_uncensored_replicate,SSCP-21d7fdd24186b4ca
PAMPA:703,GRP-7ccb98720b6d1d35,2013_CHUGAI,2013,1.0,False,included,compatible_uncensored_replicate,SSCP-7ccb98720b6d1d35
PAMPA:704,GRP-8475024ce544af32,2013_CHUGAI,2013,1.0,False,included,compatible_uncensored_replicate,SSCP-8475024ce544af32
PAMPA:705,GRP-b91adee376351aeb,2013_CHUGAI,2013,1.0,False,included,compatible_uncensored_replicate,SSCP-b91adee376351aeb
PAMPA:706,GRP-14801e1272aab80b,2013_CHUGAI,2013,1.0,False,included,compatible_uncensored_replicate,SSCP-14801e1272aab80b
PAMPA:707,GRP-315d69aba674efd0,2013_CHUGAI,2013,1.0,False,included,compatible_uncensored_replicate,SSCP-315d69aba674efd0
PAMPA:708,GRP-01085871a3128d5c,2013_CHUGAI,2013,1.0,False,included,compatible_uncensored_replicate,SSCP-01085871a3128d5c
PAMPA:709,GRP-175414241dcd9475,2013_CHUGAI,2013,1.0,False,included,compatible_uncensored_replicate,SSCP-175414241dcd9475
PAMPA:710,GRP-a990cb2eebceb03a,2013_CHUGAI,2013,1.0,False,included,compatible_uncensored_replicate,SSCP-a990cb2eebceb03a
PAMPA:711,GRP-966a0502bd3b8a55,2013_CHUGAI,2013,1.0,False,included,compatible_uncensored_replicate,SSCP-966a0502bd3b8a55
PAMPA:712,GRP-1fb94957cd4ecc40,2013_CHUGAI,2013,1.0,False,included,compatible_uncensored_replicate,SSCP-1fb94957cd4ecc40
PAMPA:713,GRP-8c322fe41faf94ac,2013_CHUGAI,2013,1.0,False,included,compatible_uncensored_replicate,SSCP-8c322fe41faf94ac
PAMPA:714,GRP-4859ce21e4cc472b,2013_CHUGAI,2013,1.0,False,included,compatible_uncensored_replicate,SSCP-4859ce21e4cc472b
PAMPA:715,GRP-b50def781a3ec49b,2013_CHUGAI,2013,1.0,False,included,compatible_uncensored_replicate,SSCP-b50def781a3ec49b
PAMPA:716,GRP-ab3aecffe9c1cbaf,2013_CHUGAI,2013,1.0,False,included,compatible_uncensored_replicate,SSCP-ab3aecffe9c1cbaf
PAMPA:717,GRP-1a7be44c90785475,2013_CHUGAI,2013,1.0,False,included,compatible_uncensored_replicate,SSCP-1a7be44c90785475
PAMPA:718,GRP-0f449899ba993ece,2013_CHUGAI,2013,1.0,False,included,compatible_uncensored_replicate,SSCP-0f449899ba993ece
PAMPA:719,GRP-f6e70dc540ae59d5,2013_CHUGAI,2013,1.0,False,included,compatible_uncensored_replicate,SSCP-f6e70dc540ae59d5
PAMPA:720,GRP-620dc765f50e4953,2013_CHUGAI,2013,1.0,False,included,compatible_uncensored_replicate,SSCP-620dc765f50e4953
PAMPA:721,GRP-9da933527de5ab2c,2013_CHUGAI,2013,1.0,False,included,compatible_uncensored_replicate,SSCP-9da933527de5ab2c
PAMPA:722,GRP-52c826c56766729c,2013_CHUGAI,2013,1.0,False,included,compatible_uncensored_replicate,SSCP-52c826c56766729c
PAMPA:723,GRP-1488e04b6f25574b,2013_CHUGAI,2013,1.0,False,included,compatible_uncensored_replicate,SSCP-1488e04b6f25574b
PAMPA:724,GRP-523a4b1494c8cf95,2013_CHUGAI,2013,1.0,False,included,compatible_uncensored_replicate,SSCP-523a4b1494c8cf95
PAMPA:725,GRP-f6202746c4eafa3d,2013_CHUGAI,2013,1.0,False,included,compatible_uncensored_replicate,SSCP-f6202746c4eafa3d
PAMPA:726,GRP-7f0472bfd11bf610,2013_CHUGAI,2013,1.0,False,included,compatible_uncensored_replicate,SSCP-7f0472bfd11bf610
PAMPA:727,GRP-29a7440848239782,2013_CHUGAI,2013,1.0,False,included,compatible_uncensored_replicate,SSCP-29a7440848239782
PAMPA:728,GRP-fbda882f4b21b1f2,2013_CHUGAI,2013,1.0,False,included,compatible_uncensored_replicate,SSCP-fbda882f4b21b1f2
PAMPA:729,GRP-6f347e2161e03159,2013_CHUGAI,2013,1.0,False,included,compatible_uncensored_replicate,SSCP-6f347e2161e03159
PAMPA:730,GRP-6288324ec0ec552a,2013_CHUGAI,2013,1.0,False,included,compatible_uncensored_replicate,SSCP-6288324ec0ec552a
PAMPA:731,GRP-97b3f79396e49017,2013_CHUGAI,2013,1.0,False,included,compatible_uncensored_replicate,SSCP-97b3f79396e49017
PAMPA:732,GRP-96be2765ee0ba2ce,2013_CHUGAI,2013,1.0,False,included,compatible_uncensored_replicate,SSCP-96be2765ee0ba2ce
PAMPA:733,GRP-2775e5d5a136ce41,2013_CHUGAI,2013,1.0,False,included,compatible_uncensored_replicate,SSCP-2775e5d5a136ce41
PAMPA:734,GRP-b1fab98a268c75d2,2013_CHUGAI,2013,1.0,False,included,compatible_uncensored_replicate,SSCP-b1fab98a268c75d2
PAMPA:735,GRP-b3f0bb444bf986be,2013_CHUGAI,2013,1.0,False,included,compatible_uncensored_replicate,SSCP-b3f0bb444bf986be
PAMPA:736,GRP-f6e2726e438f3622,2013_CHUGAI,2013,1.0,False,included,compatible_uncensored_replicate,SSCP-f6e2726e438f3622
PAMPA:737,GRP-5d068cb357ddda84,2013_CHUGAI,2013,1.0,False,included,compatible_uncensored_replicate,SSCP-5d068cb357ddda84
PAMPA:738,GRP-7f259975f7536cd4,2013_CHUGAI,2013,1.0,False,included,compatible_uncensored_replicate,SSCP-7f259975f7536cd4
PAMPA:739,GRP-cba66654f43dbb2b,2013_CHUGAI,2013,1.0,False,included,compatible_uncensored_replicate,SSCP-cba66654f43dbb2b
PAMPA:740,GRP-49429fa206059e56,2013_CHUGAI,2013,1.0,False,included,compatible_uncensored_replicate,SSCP-49429fa206059e56
PAMPA:741,GRP-194f60655929b0cf,2013_CHUGAI,2013,1.0,False,included,compatible_uncensored_replicate,SSCP-194f60655929b0cf
PAMPA:742,GRP-4e61c72b3be1ad73,2013_CHUGAI,2013,1.0,False,included,compatible_uncensored_replicate,SSCP-4e61c72b3be1ad73
PAMPA:743,GRP-7c242c996d1402e3,2013_CHUGAI,2013,1.0,False,included,compatible_uncensored_replicate,SSCP-7c242c996d1402e3
PAMPA:744,GRP-bfea02f77ccc128f,2013_CHUGAI,2013,1.0,False,included,compatible_uncensored_replicate,SSCP-bfea02f77ccc128f
PAMPA:745,GRP-372f2fedcc2930ff,2013_CHUGAI,2013,1.0,False,included,compatible_uncensored_replicate,SSCP-372f2fedcc2930ff
PAMPA:746,GRP-23e2c8b51d5c54f2,2013_CHUGAI,2013,1.0,False,included,compatible_uncensored_replicate,SSCP-23e2c8b51d5c54f2
PAMPA:747,GRP-2f94435b55541db6,2013_CHUGAI,2013,1.0,False,included,compatible_uncensored_replicate,SSCP-2f94435b55541db6
PAMPA:748,GRP-39c425fa404ab2e2,2013_CHUGAI,2013,1.0,False,included,compatible_uncensored_replicate,SSCP-39c425fa404ab2e2
PAMPA:749,GRP-d1dc1f8f5ae52817,2013_CHUGAI,2013,1.0,False,included,compatible_uncensored_replicate,SSCP-d1dc1f8f5ae52817
PAMPA:750,GRP-7f5c5e0f093d9ba5,2013_CHUGAI,2013,1.0,False,included,compatible_uncensored_replicate,SSCP-7f5c5e0f093d9ba5
PAMPA:751,GRP-f74fa5ceb9c06187,2013_CHUGAI,2013,1.0,False,included,compatible_uncensored_replicate,SSCP-f74fa5ceb9c06187
PAMPA:752,GRP-542679e257223de6,2013_CHUGAI,2013,1.0,False,included,compatible_uncensored_replicate,SSCP-542679e257223de6
PAMPA:753,GRP-d7a6e14ebfce2d50,2013_CHUGAI,2013,1.0,False,included,compatible_uncensored_replicate,SSCP-d7a6e14ebfce2d50
PAMPA:754,GRP-ac0db2de1cf9666e,2013_CHUGAI,2013,1.0,False,included,compatible_uncensored_replicate,SSCP-ac0db2de1cf9666e
PAMPA:755,GRP-e473d5adda38f4ce,2013_CHUGAI,2013,1.0,False,included,compatible_uncensored_replicate,SSCP-e473d5adda38f4ce
PAMPA:756,GRP-00e6d7a813501019,2013_CHUGAI,2013,1.0,False,included,compatible_uncensored_replicate,SSCP-00e6d7a813501019
PAMPA:757,GRP-0ba7eda71d0b6576,2013_CHUGAI,2013,1.0,False,included,compatible_uncensored_replicate,SSCP-0ba7eda71d0b6576
PAMPA:758,GRP-1848deb74f91a755,2013_CHUGAI,2013,1.0,False,included,compatible_uncensored_replicate,SSCP-1848deb74f91a755
PAMPA:759,GRP-cd2ccde2be18692c,2013_CHUGAI,2013,1.0,False,included,compatible_uncensored_replicate,SSCP-cd2ccde2be18692c
PAMPA:760,GRP-0590a53afae2032c,2013_CHUGAI,2013,1.0,False,included,compatible_uncensored_replicate,SSCP-0590a53afae2032c
PAMPA:761,GRP-feabece44284913f,2013_CHUGAI,2013,1.0,False,included,compatible_uncensored_replicate,SSCP-feabece44284913f
PAMPA:762,GRP-f7857ab095734da4,2013_CHUGAI,2013,1.0,False,included,compatible_uncensored_replicate,SSCP-f7857ab095734da4
PAMPA:763,GRP-06ff045d9e1b372d,2013_CHUGAI,2013,1.0,False,included,compatible_uncensored_replicate,SSCP-06ff045d9e1b372d
PAMPA:764,GRP-6bb7ae1a5c105302,2013_CHUGAI,2013,1.0,False,included,compatible_uncensored_replicate,SSCP-6bb7ae1a5c105302
PAMPA:765,GRP-4c0e44ed1dd8c3fb,2013_CHUGAI,2013,1.0,False,included,compatible_uncensored_replicate,SSCP-4c0e44ed1dd8c3fb
PAMPA:766,GRP-8493f0a3fd713a52,2013_CHUGAI,2013,1.0,False,included,compatible_uncensored_replicate,SSCP-8493f0a3fd713a52
PAMPA:767,GRP-4ae92787b44d010e,2013_CHUGAI,2013,1.0,False,included,compatible_uncensored_replicate,SSCP-4ae92787b44d010e
PAMPA:768,GRP-464dae289258d651,2013_CHUGAI,2013,1.0,False,included,compatible_uncensored_replicate,SSCP-464dae289258d651
PAMPA:769,GRP-ceec933ac1cf23cd,2013_CHUGAI,2013,1.0,False,included,compatible_uncensored_replicate,SSCP-ceec933ac1cf23cd
PAMPA:770,GRP-2310fbd26ce358b3,2013_CHUGAI,2013,1.0,False,included,compatible_uncensored_replicate,SSCP-2310fbd26ce358b3
PAMPA:771,GRP-78cf44cd5f214a05,2013_CHUGAI,2013,1.0,False,included,compatible_uncensored_replicate,SSCP-78cf44cd5f214a05
PAMPA:772,GRP-84347aecd6b8e079,2013_CHUGAI,2013,1.0,False,included,compatible_uncensored_replicate,SSCP-84347aecd6b8e079
PAMPA:773,GRP-fd2ddf8cda6072e0,2013_CHUGAI,2013,1.0,False,included,compatible_uncensored_replicate,SSCP-fd2ddf8cda6072e0
PAMPA:774,GRP-091a508e5bd938ac,2013_CHUGAI,2013,1.0,False,included,compatible_uncensored_replicate,SSCP-091a508e5bd938ac
PAMPA:775,GRP-75f3b5ff238bd255,2013_CHUGAI,2013,1.0,False,included,compatible_uncensored_replicate,SSCP-75f3b5ff238bd255
PAMPA:776,GRP-f53b034798fb7231,2013_CHUGAI,2013,1.0,False,included,compatible_uncensored_replicate,SSCP-f53b034798fb7231
PAMPA:777,GRP-f42c0a91e7090951,2013_CHUGAI,2013,1.0,False,included,compatible_uncensored_replicate,SSCP-f42c0a91e7090951
PAMPA:778,GRP-28dc669d547bdb82,2013_CHUGAI,2013,1.0,False,included,compatible_uncensored_replicate,SSCP-28dc669d547bdb82
PAMPA:779,GRP-8ffd7658b00a3b9a,2013_CHUGAI,2013,1.0,False,included,compatible_uncensored_replicate,SSCP-8ffd7658b00a3b9a
PAMPA:780,GRP-d39c06cc1f14ebd6,2013_CHUGAI,2013,1.0,False,included,compatible_uncensored_replicate,SSCP-d39c06cc1f14ebd6
PAMPA:781,GRP-1c459321e3de32c8,2013_CHUGAI,2013,1.0,False,included,compatible_uncensored_replicate,SSCP-1c459321e3de32c8
PAMPA:782,GRP-4b48ba3f1eaf09b8,2013_CHUGAI,2013,1.0,False,included,compatible_uncensored_replicate,SSCP-4b48ba3f1eaf09b8
PAMPA:783,GRP-20fb80bb34d7b069,2013_CHUGAI,2013,1.0,False,included,compatible_uncensored_replicate,SSCP-20fb80bb34d7b069
PAMPA:784,GRP-d7592b14b1f51f9b,2013_CHUGAI,2013,1.0,False,included,compatible_uncensored_replicate,SSCP-d7592b14b1f51f9b
PAMPA:785,GRP-2009129a73d0da2c,2013_CHUGAI,2013,1.0,False,included,compatible_uncensored_replicate,SSCP-2009129a73d0da2c
PAMPA:786,GRP-2ca8c4de23324d9d,2013_CHUGAI,2013,1.0,False,included,compatible_uncensored_replicate,SSCP-2ca8c4de23324d9d
PAMPA:787,GRP-39d7ac754e0bcde1,2013_CHUGAI,2013,1.0,False,included,compatible_uncensored_replicate,SSCP-39d7ac754e0bcde1
PAMPA:788,GRP-0ae04150a6f9a6c1,2013_CHUGAI,2013,1.0,False,included,compatible_uncensored_replicate,SSCP-0ae04150a6f9a6c1
PAMPA:789,GRP-275380981594e871,2013_CHUGAI,2013,1.0,False,included,compatible_uncensored_replicate,SSCP-275380981594e871
PAMPA:790,GRP-160c99ebe3a5956b,2013_CHUGAI,2013,1.0,False,included,compatible_uncensored_replicate,SSCP-160c99ebe3a5956b
PAMPA:791,GRP-48fdf586b5b620d2,2013_CHUGAI,2013,1.0,False,included,compatible_uncensored_replicate,SSCP-48fdf586b5b620d2
PAMPA:792,GRP-9fccc550ceee9d54,2013_CHUGAI,2013,1.0,False,included,compatible_uncensored_replicate,SSCP-9fccc550ceee9d54
PAMPA:793,GRP-fe3e6dab254bf12c,2013_CHUGAI,2013,1.0,False,included,compatible_uncensored_replicate,SSCP-fe3e6dab254bf12c
PAMPA:794,GRP-e2d0f6da06b7f4d7,2013_CHUGAI,2013,1.0,False,included,compatible_uncensored_replicate,SSCP-e2d0f6da06b7f4d7
PAMPA:795,GRP-7a56cf3b993fccbb,2013_CHUGAI,2013,1.0,False,included,compatible_uncensored_replicate,SSCP-7a56cf3b993fccbb
PAMPA:796,GRP-6ffc33c63794ce67,2013_CHUGAI,2013,1.0,False,included,compatible_uncensored_replicate,SSCP-6ffc33c63794ce67
PAMPA:797,GRP-62836763b92ba7cc,2013_CHUGAI,2013,1.0,False,included,compatible_uncensored_replicate,SSCP-62836763b92ba7cc
PAMPA:798,GRP-eb0a83e384fcf105,2013_CHUGAI,2013,1.0,False,included,compatible_uncensored_replicate,SSCP-eb0a83e384fcf105
PAMPA:799,GRP-abf60b1ffc54f497,2013_CHUGAI,2013,1.0,False,included,compatible_uncensored_replicate,SSCP-abf60b1ffc54f497
PAMPA:800,GRP-0cbd5e158d14427a,2013_CHUGAI,2013,1.0,False,included,compatible_uncensored_replicate,SSCP-0cbd5e158d14427a
PAMPA:801,GRP-167eff4ef7d57416,2013_CHUGAI,2013,1.0,False,included,compatible_uncensored_replicate,SSCP-167eff4ef7d57416
PAMPA:802,GRP-dd2512660cd23c08,2013_CHUGAI,2013,1.0,False,included,compatible_uncensored_replicate,SSCP-dd2512660cd23c08
PAMPA:803,GRP-c0e260357d779dfc,2013_CHUGAI,2013,1.0,False,included,compatible_uncensored_replicate,SSCP-c0e260357d779dfc
PAMPA:804,GRP-5eba7fea8f8eca16,2013_CHUGAI,2013,1.0,False,included,compatible_uncensored_replicate,SSCP-5eba7fea8f8eca16
PAMPA:805,GRP-b2c564cc2eca1474,2013_CHUGAI,2013,1.0,False,included,compatible_uncensored_replicate,SSCP-b2c564cc2eca1474
PAMPA:806,GRP-5572d4dc92f662bc,2013_CHUGAI,2013,1.0,False,included,compatible_uncensored_replicate,SSCP-5572d4dc92f662bc
PAMPA:807,GRP-ee530dc3a846e3e7,2013_CHUGAI,2013,1.0,False,included,compatible_uncensored_replicate,SSCP-ee530dc3a846e3e7
PAMPA:808,GRP-af7a201b6e241bba,2013_CHUGAI,2013,1.0,False,included,compatible_uncensored_replicate,SSCP-af7a201b6e241bba
PAMPA:809,GRP-b6b855044eeb9973,2013_CHUGAI,2013,1.0,False,included,compatible_uncensored_replicate,SSCP-b6b855044eeb9973
PAMPA:810,GRP-ac57dcd68c170f24,2013_CHUGAI,2013,1.0,False,included,compatible_uncensored_replicate,SSCP-ac57dcd68c170f24
PAMPA:811,GRP-5fdec548dff939fc,2013_CHUGAI,2013,1.0,False,included,compatible_uncensored_replicate,SSCP-5fdec548dff939fc
PAMPA:812,GRP-f14c960498261543,2013_CHUGAI,2013,1.0,False,included,compatible_uncensored_replicate,SSCP-f14c960498261543
PAMPA:813,GRP-059f2a445638405e,2013_CHUGAI,2013,1.0,False,included,compatible_uncensored_replicate,SSCP-059f2a445638405e
PAMPA:814,GRP-4b10bd5af59929f6,2013_CHUGAI,2013,1.0,False,included,compatible_uncensored_replicate,SSCP-4b10bd5af59929f6
PAMPA:815,GRP-ca1aa14a9f8dbabb,2013_CHUGAI,2013,1.0,False,included,compatible_uncensored_replicate,SSCP-ca1aa14a9f8dbabb
PAMPA:816,GRP-6cab232ee0fe3373,2013_CHUGAI,2013,1.0,False,included,compatible_uncensored_replicate,SSCP-6cab232ee0fe3373
PAMPA:817,GRP-cb515b9c623ed1cc,2013_CHUGAI,2013,1.0,False,included,compatible_uncensored_replicate,SSCP-cb515b9c623ed1cc
PAMPA:818,GRP-ed0d954a7302d522,2013_CHUGAI,2013,1.0,False,included,compatible_uncensored_replicate,SSCP-ed0d954a7302d522
PAMPA:819,GRP-b9085854a6161efa,2013_CHUGAI,2013,1.0,False,included,compatible_uncensored_replicate,SSCP-b9085854a6161efa
PAMPA:820,GRP-2f0b477276df94ea,2013_CHUGAI,2013,1.0,False,included,compatible_uncensored_replicate,SSCP-2f0b477276df94ea
PAMPA:821,GRP-f8d30f6db46779ed,2013_CHUGAI,2013,1.0,False,included,compatible_uncensored_replicate,SSCP-f8d30f6db46779ed
PAMPA:822,GRP-7bcf9f48a516a5ca,2013_CHUGAI,2013,1.0,False,included,compatible_uncensored_replicate,SSCP-7bcf9f48a516a5ca
PAMPA:823,GRP-2c84354b30856d70,2013_CHUGAI,2013,1.0,False,included,compatible_uncensored_replicate,SSCP-2c84354b30856d70
PAMPA:824,GRP-7b053ec27808a10c,2013_CHUGAI,2013,1.0,False,included,compatible_uncensored_replicate,SSCP-7b053ec27808a10c
PAMPA:825,GRP-ac362179e2635280,2013_CHUGAI,2013,1.0,False,included,compatible_uncensored_replicate,SSCP-ac362179e2635280
PAMPA:826,GRP-13a59d3bc71307cb,2013_CHUGAI,2013,1.0,False,included,compatible_uncensored_replicate,SSCP-13a59d3bc71307cb
PAMPA:827,GRP-85fad0dfccbfbfb9,2013_CHUGAI,2013,1.0,True,excluded,irrecoverably_censored_or_missing_label,
PAMPA:828,GRP-ab363a44df27a2ec,2013_CHUGAI,2013,1.0,False,included,compatible_uncensored_replicate,SSCP-ab363a44df27a2ec
PAMPA:829,GRP-252c309e2db80377,2013_CHUGAI,2013,1.0,False,included,compatible_uncensored_replicate,SSCP-252c309e2db80377
PAMPA:830,GRP-1732036334502763,2013_CHUGAI,2013,1.0,False,included,compatible_uncensored_replicate,SSCP-1732036334502763
PAMPA:831,GRP-4915f91fed2952a4,2013_CHUGAI,2013,1.0,False,included,compatible_uncensored_replicate,SSCP-4915f91fed2952a4
PAMPA:832,GRP-4fd4c685e53f4f04,2013_CHUGAI,2013,1.0,False,included,compatible_uncensored_replicate,SSCP-4fd4c685e53f4f04
PAMPA:833,GRP-9af4d4af6db38393,2013_CHUGAI,2013,1.0,False,included,compatible_uncensored_replicate,SSCP-9af4d4af6db38393
PAMPA:834,GRP-8764d9a31aa5ff9d,2013_CHUGAI,2013,1.0,False,included,compatible_uncensored_replicate,SSCP-8764d9a31aa5ff9d
PAMPA:835,GRP-5592d5aea4eb21e4,2013_CHUGAI,2013,1.0,False,included,compatible_uncensored_replicate,SSCP-5592d5aea4eb21e4
PAMPA:836,GRP-768c3899eab5f677,2013_CHUGAI,2013,1.0,False,included,compatible_uncensored_replicate,SSCP-768c3899eab5f677
PAMPA:837,GRP-d2df7795f7788650,2013_CHUGAI,2013,1.0,False,included,compatible_uncensored_replicate,SSCP-d2df7795f7788650
PAMPA:838,GRP-4a2a140eefa80572,2013_CHUGAI,2013,1.0,True,excluded,irrecoverably_censored_or_missing_label,
PAMPA:839,GRP-ef3f13ab015d6dd7,2013_CHUGAI,2013,1.0,False,included,compatible_uncensored_replicate,SSCP-ef3f13ab015d6dd7
PAMPA:840,GRP-5756825133fef6c3,2013_CHUGAI,2013,1.0,False,included,compatible_uncensored_replicate,SSCP-5756825133fef6c3
PAMPA:841,GRP-b09253ac026555b0,2013_CHUGAI,2013,1.0,False,included,compatible_uncensored_replicate,SSCP-b09253ac026555b0
PAMPA:842,GRP-2233d7df3f6b3c6d,2013_CHUGAI,2013,1.0,False,included,compatible_uncensored_replicate,SSCP-2233d7df3f6b3c6d
PAMPA:843,GRP-e7738f8f99a574f2,2013_CHUGAI,2013,1.0,False,included,compatible_uncensored_replicate,SSCP-e7738f8f99a574f2
PAMPA:844,GRP-9a463fd615ff5b98,2013_CHUGAI,2013,1.0,False,included,compatible_uncensored_replicate,SSCP-9a463fd615ff5b98
PAMPA:845,GRP-3a65a6cb70432122,2013_CHUGAI,2013,1.0,False,included,compatible_uncensored_replicate,SSCP-3a65a6cb70432122
PAMPA:846,GRP-a79631ad9d91c54f,2013_CHUGAI,2013,1.0,False,included,compatible_uncensored_replicate,SSCP-a79631ad9d91c54f
PAMPA:847,GRP-8e48a0a6fc107f13,2013_CHUGAI,2013,1.0,False,included,compatible_uncensored_replicate,SSCP-8e48a0a6fc107f13
PAMPA:848,GRP-54b6b1a7d73ab40e,2013_CHUGAI,2013,1.0,False,included,compatible_uncensored_replicate,SSCP-54b6b1a7d73ab40e
PAMPA:849,GRP-c070c1b5b37bbfa5,2013_CHUGAI,2013,1.0,False,included,compatible_uncensored_replicate,SSCP-c070c1b5b37bbfa5
PAMPA:850,GRP-a6c8c512ed099fc3,2013_CHUGAI,2013,1.0,False,included,compatible_uncensored_replicate,SSCP-a6c8c512ed099fc3
PAMPA:851,GRP-845d187cfaf5b5f9,2013_CHUGAI,2013,1.0,False,included,compatible_uncensored_replicate,SSCP-845d187cfaf5b5f9
PAMPA:852,GRP-0407d6a8ec7f4d24,2013_CHUGAI,2013,1.0,False,included,compatible_uncensored_replicate,SSCP-0407d6a8ec7f4d24
PAMPA:853,GRP-d79af7d97353dbe1,2013_CHUGAI,2013,1.0,False,included,compatible_uncensored_replicate,SSCP-d79af7d97353dbe1
PAMPA:854,GRP-fa3cfb4a607dbeb6,2013_CHUGAI,2013,1.0,False,included,compatible_uncensored_replicate,SSCP-fa3cfb4a607dbeb6
PAMPA:855,GRP-f69e7540c4a98c90,2013_CHUGAI,2013,1.0,False,included,compatible_uncensored_replicate,SSCP-f69e7540c4a98c90
PAMPA:856,GRP-8b0ac28a9df8e684,2013_CHUGAI,2013,1.0,False,included,compatible_uncensored_replicate,SSCP-8b0ac28a9df8e684
PAMPA:857,GRP-1032695c720e3fbe,2013_CHUGAI,2013,1.0,False,included,compatible_uncensored_replicate,SSCP-1032695c720e3fbe
PAMPA:858,GRP-0001a0000d1e0d48,2013_CHUGAI,2013,1.0,False,included,compatible_uncensored_replicate,SSCP-0001a0000d1e0d48
PAMPA:859,GRP-79034c07ac3bb8e0,2013_CHUGAI,2013,1.0,False,included,compatible_uncensored_replicate,SSCP-79034c07ac3bb8e0
PAMPA:860,GRP-4cae918cf55901ca,2013_CHUGAI,2013,1.0,False,included,compatible_uncensored_replicate,SSCP-4cae918cf55901ca
PAMPA:861,GRP-85d28656d78e8ff1,2013_CHUGAI,2013,1.0,False,included,compatible_uncensored_replicate,SSCP-85d28656d78e8ff1
PAMPA:862,GRP-6bf26fdacdc151b3,2013_CHUGAI,2013,1.0,False,included,compatible_uncensored_replicate,SSCP-6bf26fdacdc151b3
PAMPA:863,GRP-6be461271134484f,2013_CHUGAI,2013,1.0,False,included,compatible_uncensored_replicate,SSCP-6be461271134484f
PAMPA:864,GRP-ac42ea9fd8240599,2013_CHUGAI,2013,1.0,False,included,compatible_uncensored_replicate,SSCP-ac42ea9fd8240599
PAMPA:865,GRP-96a69b0e531ae59b,2013_CHUGAI,2013,1.0,False,included,compatible_uncensored_replicate,SSCP-96a69b0e531ae59b
PAMPA:866,GRP-c02407ac0c2f42f8,2013_CHUGAI,2013,1.0,False,included,compatible_uncensored_replicate,SSCP-c02407ac0c2f42f8
PAMPA:867,GRP-d0d7d01c360eed32,2013_CHUGAI,2013,1.0,False,included,compatible_uncensored_replicate,SSCP-d0d7d01c360eed32
PAMPA:868,GRP-bd14fefc8e583416,2013_CHUGAI,2013,1.0,False,included,compatible_uncensored_replicate,SSCP-bd14fefc8e583416
PAMPA:869,GRP-fe219f4f5ef58739,2013_CHUGAI,2013,1.0,False,included,compatible_uncensored_replicate,SSCP-fe219f4f5ef58739
PAMPA:870,GRP-25826f40993ae5c0,2013_CHUGAI,2013,1.0,False,included,compatible_uncensored_replicate,SSCP-25826f40993ae5c0
PAMPA:871,GRP-9b28e0b54552570e,2013_CHUGAI,2013,1.0,False,included,compatible_uncensored_replicate,SSCP-9b28e0b54552570e
PAMPA:872,GRP-f8902246fb89d425,2013_CHUGAI,2013,1.0,False,included,compatible_uncensored_replicate,SSCP-f8902246fb89d425
PAMPA:873,GRP-cf1a81a86c908278,2013_CHUGAI,2013,1.0,False,included,compatible_uncensored_replicate,SSCP-cf1a81a86c908278
PAMPA:874,GRP-37b049cecc9b4de5,2013_CHUGAI,2013,1.0,False,included,compatible_uncensored_replicate,SSCP-37b049cecc9b4de5
PAMPA:875,GRP-2342b12270ecd3b0,2013_CHUGAI,2013,1.0,False,included,compatible_uncensored_replicate,SSCP-2342b12270ecd3b0
PAMPA:876,GRP-30f34df2ebccf093,2013_CHUGAI,2013,1.0,True,excluded,irrecoverably_censored_or_missing_label,
PAMPA:877,GRP-290336a138ee947b,2013_CHUGAI,2013,1.0,False,included,compatible_uncensored_replicate,SSCP-290336a138ee947b
PAMPA:878,GRP-85f592ff1ae1656f,2013_CHUGAI,2013,1.0,True,excluded,irrecoverably_censored_or_missing_label,
PAMPA:879,GRP-09634e3d094689c6,2013_CHUGAI,2013,1.0,True,excluded,irrecoverably_censored_or_missing_label,
PAMPA:880,GRP-584ce155b310d86d,2013_CHUGAI,2013,1.0,True,excluded,irrecoverably_censored_or_missing_label,
PAMPA:881,GRP-b6a9b5ae6b6ab2db,2013_CHUGAI,2013,1.0,True,excluded,irrecoverably_censored_or_missing_label,
PAMPA:882,GRP-6db1ba425edb09d7,2013_CHUGAI,2013,1.0,True,excluded,irrecoverably_censored_or_missing_label,
PAMPA:883,GRP-cd060524ba67d533,2013_CHUGAI,2013,1.0,False,included,compatible_uncensored_replicate,SSCP-cd060524ba67d533
PAMPA:884,GRP-573596ce3cb92412,2013_CHUGAI,2013,1.0,False,included,compatible_uncensored_replicate,SSCP-573596ce3cb92412
PAMPA:885,GRP-775207567d4017f5,2013_CHUGAI,2013,1.0,False,included,compatible_uncensored_replicate,SSCP-775207567d4017f5
PAMPA:886,GRP-512e6ee8f0fe46a4,2013_CHUGAI,2013,1.0,False,included,compatible_uncensored_replicate,SSCP-512e6ee8f0fe46a4
PAMPA:887,GRP-d769f9ce1a281aac,2013_CHUGAI,2013,1.0,False,included,compatible_uncensored_replicate,SSCP-d769f9ce1a281aac
PAMPA:888,GRP-975370fc399eb35e,2013_CHUGAI,2013,1.0,True,excluded,irrecoverably_censored_or_missing_label,
PAMPA:889,GRP-f1421824f33f3e9f,2013_CHUGAI,2013,1.0,True,excluded,irrecoverably_censored_or_missing_label,
PAMPA:890,GRP-543f2f597f8315ea,2013_CHUGAI,2013,1.0,True,excluded,irrecoverably_censored_or_missing_label,
PAMPA:891,GRP-ebdac19356579ca5,2013_CHUGAI,2013,1.0,True,excluded,irrecoverably_censored_or_missing_label,
PAMPA:892,GRP-fdbd9c362c551e92,2013_CHUGAI,2013,1.0,True,excluded,irrecoverably_censored_or_missing_label,
PAMPA:893,GRP-c58560028a872025,2013_CHUGAI,2013,1.0,True,excluded,irrecoverably_censored_or_missing_label,
PAMPA:894,GRP-a3dbcd30c03fab54,2013_CHUGAI,2013,1.0,False,included,compatible_uncensored_replicate,SSCP-a3dbcd30c03fab54
PAMPA:895,GRP-7eb2fd7257d07dfd,2013_CHUGAI,2013,1.0,False,included,compatible_uncensored_replicate,SSCP-7eb2fd7257d07dfd
PAMPA:896,GRP-f876f26357a518a9,2013_CHUGAI,2013,1.0,True,excluded,irrecoverably_censored_or_missing_label,
PAMPA:897,GRP-d53cee0dd5b12265,2013_CHUGAI,2013,1.0,True,excluded,irrecoverably_censored_or_missing_label,
PAMPA:898,GRP-a466f312a94f0e00,2013_CHUGAI,2013,1.0,False,included,compatible_uncensored_replicate,SSCP-a466f312a94f0e00
PAMPA:899,GRP-e52286206a9f4161,2013_CHUGAI,2013,1.0,False,included,compatible_uncensored_replicate,SSCP-e52286206a9f4161
PAMPA:900,GRP-59b1082903669fdc,2013_CHUGAI,2013,1.0,True,excluded,irrecoverably_censored_or_missing_label,
PAMPA:901,GRP-0ed4f68efc98a2d5,2013_CHUGAI,2013,1.0,False,included,compatible_uncensored_replicate,SSCP-0ed4f68efc98a2d5
PAMPA:902,GRP-88379c3817d94845,2013_CHUGAI,2013,1.0,False,included,compatible_uncensored_replicate,SSCP-88379c3817d94845
PAMPA:903,GRP-961c56edb231e88b,2013_CHUGAI,2013,1.0,True,excluded,irrecoverably_censored_or_missing_label,
PAMPA:904,GRP-ccbc0bb1972b24d6,2013_CHUGAI,2013,1.0,True,excluded,irrecoverably_censored_or_missing_label,
PAMPA:905,GRP-221770aefe5d856a,2013_CHUGAI,2013,1.0,True,excluded,irrecoverably_censored_or_missing_label,
PAMPA:906,GRP-72eba8c90f070226,2013_CHUGAI,2013,1.0,True,excluded,irrecoverably_censored_or_missing_label,
PAMPA:907,GRP-3d9773d04cb3a30a,2013_CHUGAI,2013,1.0,True,excluded,irrecoverably_censored_or_missing_label,
PAMPA:908,GRP-67601c306b0ea7fc,2013_CHUGAI,2013,1.0,True,excluded,irrecoverably_censored_or_missing_label,
PAMPA:909,GRP-1a3a2a94c2486694,2013_CHUGAI,2013,1.0,True,excluded,irrecoverably_censored_or_missing_label,
PAMPA:910,GRP-626ef1015ce22a2d,2013_CHUGAI,2013,1.0,False,included,compatible_uncensored_replicate,SSCP-626ef1015ce22a2d
PAMPA:911,GRP-7702f36ca15f2cb8,2013_CHUGAI,2013,1.0,False,included,compatible_uncensored_replicate,SSCP-7702f36ca15f2cb8
PAMPA:912,GRP-32370ec8e67610cd,2013_CHUGAI,2013,1.0,True,excluded,irrecoverably_censored_or_missing_label,
PAMPA:913,GRP-92b780c736963c75,2013_CHUGAI,2013,1.0,True,excluded,irrecoverably_censored_or_missing_label,
PAMPA:914,GRP-1ed327c037effc1f,2013_CHUGAI,2013,1.0,False,included,compatible_uncensored_replicate,SSCP-1ed327c037effc1f
PAMPA:915,GRP-02804cfe46d9a70b,2013_CHUGAI,2013,1.0,True,excluded,irrecoverably_censored_or_missing_label,
PAMPA:916,GRP-f5bb07c5443c5657,2013_CHUGAI,2013,1.0,True,excluded,irrecoverably_censored_or_missing_label,
PAMPA:917,GRP-d003e0223d1c57f5,2013_CHUGAI,2013,1.0,False,included,compatible_uncensored_replicate,SSCP-d003e0223d1c57f5
PAMPA:918,GRP-1ffbf190d67c5537,2013_CHUGAI,2013,1.0,False,included,compatible_uncensored_replicate,SSCP-1ffbf190d67c5537
PAMPA:919,GRP-2b5fda76d0929a32,2013_CHUGAI,2013,1.0,False,included,compatible_uncensored_replicate,SSCP-2b5fda76d0929a32
PAMPA:920,GRP-8e6e95bd7d030236,2013_CHUGAI,2013,1.0,False,included,compatible_uncensored_replicate,SSCP-8e6e95bd7d030236
PAMPA:921,GRP-46cdb6bfdac5ce90,2013_CHUGAI,2013,1.0,False,included,compatible_uncensored_replicate,SSCP-46cdb6bfdac5ce90
PAMPA:922,GRP-2e976a58e64b3ad8,2013_CHUGAI,2013,1.0,False,included,compatible_uncensored_replicate,SSCP-2e976a58e64b3ad8
PAMPA:923,GRP-deb288a5745faf59,2013_CHUGAI,2013,1.0,True,excluded,irrecoverably_censored_or_missing_label,
PAMPA:924,GRP-b27db484fc9788c8,2013_CHUGAI,2013,1.0,False,included,compatible_uncensored_replicate,SSCP-b27db484fc9788c8
PAMPA:925,GRP-6d7f46e43f02481c,2013_CHUGAI,2013,1.0,False,included,compatible_uncensored_replicate,SSCP-6d7f46e43f02481c
PAMPA:932,GRP-c27f91dd5394e8f4,2015_Ahlbach,2015,1.0,False,included,compatible_uncensored_replicate,SSCP-c27f91dd5394e8f4
PAMPA:933,GRP-b7d7ca4dc10f2c65,2015_Ahlbach,2015,1.0,False,included,compatible_uncensored_replicate,SSCP-b7d7ca4dc10f2c65
PAMPA:934,GRP-47e7048e09ce88c6,2015_Ahlbach,2015,1.0,False,included,compatible_uncensored_replicate,SSCP-47e7048e09ce88c6
PAMPA:935,GRP-fda1f1553ac61e27,2015_Ahlbach,2015,1.0,False,included,compatible_uncensored_replicate,SSCP-fda1f1553ac61e27
PAMPA:936,GRP-7b42eb060bf669fc,2015_Ahlbach,2015,1.0,False,included,compatible_uncensored_replicate,SSCP-7b42eb060bf669fc
PAMPA:937,GRP-e86a6f4924b6f61b,2015_Ahlbach,2015,1.0,False,included,compatible_uncensored_replicate,SSCP-e86a6f4924b6f61b
PAMPA:938,GRP-262337893631903a,2015_Ahlbach,2015,1.0,False,included,compatible_uncensored_replicate,SSCP-262337893631903a
PAMPA:939,GRP-7294b49d4fd6eb04,2015_Ahlbach,2015,1.0,False,included,compatible_uncensored_replicate,SSCP-7294b49d4fd6eb04
PAMPA:940,GRP-8ed3791f740e6783,2015_Ahlbach,2015,1.0,False,included,compatible_uncensored_replicate,SSCP-8ed3791f740e6783
PAMPA:941,GRP-2ebcd34794406155,2015_Ahlbach,2015,1.0,False,included,compatible_uncensored_replicate,SSCP-2ebcd34794406155
PAMPA:942,GRP-8adc945cf4f5ad93,2015_Ahlbach,2015,1.0,False,included,compatible_uncensored_replicate,SSCP-8adc945cf4f5ad93
PAMPA:943,GRP-51eab8131d03f4f2,2015_Ahlbach,2015,1.0,False,included,compatible_uncensored_replicate,SSCP-51eab8131d03f4f2
PAMPA:944,GRP-1434d13fe352b634,2015_Ahlbach,2015,1.0,False,included,compatible_uncensored_replicate,SSCP-1434d13fe352b634
PAMPA:945,GRP-ca9a27cf1c70f583,2015_Ahlbach,2015,1.0,False,included,compatible_uncensored_replicate,SSCP-ca9a27cf1c70f583
PAMPA:946,GRP-f02f77809442b27e,2015_Ahlbach,2015,1.0,False,included,compatible_uncensored_replicate,SSCP-f02f77809442b27e
PAMPA:947,GRP-79acb94b9611f727,2015_Ahlbach,2015,1.0,False,included,compatible_uncensored_replicate,SSCP-79acb94b9611f727
PAMPA:948,GRP-eed654e9eac25bc0,2015_Ahlbach,2015,1.0,False,included,compatible_uncensored_replicate,SSCP-eed654e9eac25bc0
PAMPA:949,GRP-18c90e5ff410ff82,2015_Ahlbach,2015,1.0,False,included,compatible_uncensored_replicate,SSCP-18c90e5ff410ff82
PAMPA:950,GRP-fada4dac57e96d06,2015_Ahlbach,2015,1.0,False,included,compatible_uncensored_replicate,SSCP-fada4dac57e96d06
PAMPA:951,GRP-cc9e759220dae3ca,2015_Ahlbach,2015,1.0,False,included,compatible_uncensored_replicate,SSCP-cc9e759220dae3ca
PAMPA:952,GRP-befd6eaffbe7f287,2015_Ahlbach,2015,1.0,False,included,compatible_uncensored_replicate,SSCP-befd6eaffbe7f287
PAMPA:953,GRP-ee7718b6920ded5a,2015_Ahlbach,2015,1.0,False,included,compatible_uncensored_replicate,SSCP-ee7718b6920ded5a
PAMPA:954,GRP-996702551e7f5515,2015_Ahlbach,2015,1.0,False,included,compatible_uncensored_replicate,SSCP-996702551e7f5515
PAMPA:955,GRP-7a6ff8721fa67979,2015_Ahlbach,2015,1.0,False,included,compatible_uncensored_replicate,SSCP-7a6ff8721fa67979
PAMPA:956,GRP-e64ccbc1b3b56af9,2015_Ahlbach,2015,1.0,False,included,compatible_uncensored_replicate,SSCP-e64ccbc1b3b56af9
PAMPA:957,GRP-7e0cf6529d4e4e47,2015_Ahlbach,2015,1.0,False,included,compatible_uncensored_replicate,SSCP-7e0cf6529d4e4e47
PAMPA:958,GRP-aed4da9d4af83b51,2015_Ahlbach,2015,1.0,True,excluded,irrecoverably_censored_or_missing_label,
PAMPA:959,GRP-4bbfdaaafb60d90c,2015_Ahlbach,2015,1.0,True,excluded,irrecoverably_censored_or_missing_label,
PAMPA:960,GRP-24dc3bc5d7cc8f56,2015_Ahlbach,2015,1.0,False,included,compatible_uncensored_replicate,SSCP-24dc3bc5d7cc8f56
PAMPA:961,GRP-6977e4665c5dc3e8,2015_Ahlbach,2015,1.0,False,included,compatible_uncensored_replicate,SSCP-6977e4665c5dc3e8
PAMPA:962,GRP-679a41a04c44933e,2015_Ahlbach,2015,1.0,False,included,compatible_uncensored_replicate,SSCP-679a41a04c44933e
PAMPA:963,GRP-7a7ca0c8a7a940ff,2015_Ahlbach,2015,1.0,False,included,compatible_uncensored_replicate,SSCP-7a7ca0c8a7a940ff
PAMPA:964,GRP-9ad525df31ef3bfc,2015_Ahlbach,2015,1.0,False,included,compatible_uncensored_replicate,SSCP-9ad525df31ef3bfc
PAMPA:965,GRP-5a741e9d942abc3f,2015_Ahlbach,2015,1.0,True,excluded,irrecoverably_censored_or_missing_label,
PAMPA:966,GRP-c5394cb0de55a642,2015_Bockus_1,2015,1.0,False,included,compatible_uncensored_replicate,SSCP-c5394cb0de55a642
PAMPA:967,GRP-28a71d5e375afd61,2015_Bockus_1,2015,1.0,False,included,compatible_uncensored_replicate,SSCP-28a71d5e375afd61
PAMPA:968,GRP-4240f375c18171a4,2015_Bockus_1,2015,1.0,False,included,compatible_uncensored_replicate,SSCP-4240f375c18171a4
PAMPA:969,GRP-d954879b82faa1d3,2015_Bockus_1,2015,1.0,False,included,compatible_uncensored_replicate,SSCP-d954879b82faa1d3
PAMPA:970,GRP-fd8bcdc36c2fbc17,2015_Bockus_1,2015,1.0,False,included,compatible_uncensored_replicate,SSCP-fd8bcdc36c2fbc17
PAMPA:971,GRP-f7607212f2a9c5de,2015_Bockus_1,2015,1.0,False,included,compatible_uncensored_replicate,SSCP-f7607212f2a9c5de
PAMPA:972,GRP-56793fc6294d0a97,2015_Bockus_1,2015,1.0,False,included,compatible_uncensored_replicate,SSCP-56793fc6294d0a97
PAMPA:973,GRP-b97c2eea1738dac0,2015_Bockus_1,2015,1.0,False,included,compatible_uncensored_replicate,SSCP-b97c2eea1738dac0
PAMPA:974,GRP-8e4f451a56081405,2015_Bockus_1,2015,1.0,False,included,compatible_uncensored_replicate,SSCP-8e4f451a56081405
PAMPA:975,GRP-51de1d38f5c24825,2015_Bockus_1,2015,1.0,False,included,compatible_uncensored_replicate,SSCP-51de1d38f5c24825
PAMPA:976,GRP-7306b043253bd0e5,2015_Bockus_1,2015,1.0,False,included,compatible_uncensored_replicate,SSCP-7306b043253bd0e5
PAMPA:977,GRP-eb626cf06971736b,2015_Bockus_1,2015,1.0,False,included,compatible_uncensored_replicate,SSCP-eb626cf06971736b
PAMPA:978,GRP-199ee0933dd6e7d5,2015_Bockus_1,2015,1.0,False,included,compatible_uncensored_replicate,SSCP-199ee0933dd6e7d5
PAMPA:979,GRP-2b4fb9c2064d7894,2015_Bockus_1,2015,1.0,False,included,compatible_uncensored_replicate,SSCP-2b4fb9c2064d7894
PAMPA:980,GRP-dfc3b6974f8c41ca,2015_Bockus_1,2015,1.0,False,included,compatible_uncensored_replicate,SSCP-dfc3b6974f8c41ca
PAMPA:982,GRP-4ffe1f6326be1ad0,2015_Bockus_2,2015,1.0,False,included,compatible_uncensored_replicate,SSCP-4ffe1f6326be1ad0
PAMPA:983,GRP-00ad7d795216f1d4,2015_Bockus_2,2015,1.0,False,included,compatible_uncensored_replicate,SSCP-00ad7d795216f1d4
PAMPA:984,GRP-b8018f5caeccd4b2,2015_Bockus_2,2015,1.0,False,included,compatible_uncensored_replicate,SSCP-b8018f5caeccd4b2
PAMPA:985,GRP-d5dfa5fdc833cf0d,2015_Bockus_2,2015,1.0,False,included,compatible_uncensored_replicate,SSCP-d5dfa5fdc833cf0d
PAMPA:986,GRP-e53713ccae62b771,2015_Bockus_2,2015,1.0,False,included,compatible_uncensored_replicate,SSCP-e53713ccae62b771
PAMPA:987,GRP-49e998bcf838cab9,2015_Bockus_2,2015,1.0,False,included,compatible_uncensored_replicate,SSCP-49e998bcf838cab9
PAMPA:988,GRP-d8571dfdae15dccd,2015_Bockus_2,2015,1.0,False,included,compatible_uncensored_replicate,SSCP-d8571dfdae15dccd
PAMPA:989,GRP-af492fd59aa231c6,2015_Bockus_2,2015,1.0,False,included,compatible_uncensored_replicate,SSCP-af492fd59aa231c6
PAMPA:990,GRP-acf00569c0eac3fa,2015_Bockus_2,2015,1.0,False,included,compatible_uncensored_replicate,SSCP-acf00569c0eac3fa
PAMPA:991,GRP-e7bba3546fe6f226,2015_Bockus_2,2015,1.0,False,included,compatible_uncensored_replicate,SSCP-e7bba3546fe6f226
PAMPA:992,GRP-0bcc77ab5f567590,2015_Bockus_2,2015,1.0,False,included,compatible_uncensored_replicate,SSCP-0bcc77ab5f567590
PAMPA:993,GRP-9f76b98ddcfcc9f0,2015_Bockus_2,2015,1.0,False,included,compatible_uncensored_replicate,SSCP-9f76b98ddcfcc9f0
PAMPA:994,GRP-5617703ed2f56bf8,2015_Bockus_2,2015,1.0,False,included,compatible_uncensored_replicate,SSCP-5617703ed2f56bf8
PAMPA:995,GRP-0bcac4da970eedf5,2015_Bockus_2,2015,1.0,False,included,compatible_uncensored_replicate,SSCP-0bcac4da970eedf5
PAMPA:996,GRP-267d74d8b4969cc7,2015_Bockus_2,2015,1.0,False,included,compatible_uncensored_replicate,SSCP-267d74d8b4969cc7
PAMPA:997,GRP-461bd6e1f61903c1,2015_Bockus_2,2015,1.0,False,included,compatible_uncensored_replicate,SSCP-461bd6e1f61903c1
PAMPA:998,GRP-e793dcea6160706a,2015_Bockus_2,2015,1.0,False,included,compatible_uncensored_replicate,SSCP-e793dcea6160706a
PAMPA:1017,GRP-d0114c1c250fb44e,2015_Lewis,2015,1.0,True,excluded,irrecoverably_censored_or_missing_label,
PAMPA:1018,GRP-53548812ed70c653,2015_Lewis,2015,1.0,False,included,compatible_uncensored_replicate,SSCP-53548812ed70c653
PAMPA:1019,GRP-978ceb458f76af1c,2015_Marelli,2015,1.0,False,included,compatible_uncensored_replicate,SSCP-978ceb458f76af1c
PAMPA:1020,GRP-2fc636f6c2fc2697,2015_Marelli,2015,1.0,False,included,compatible_uncensored_replicate,SSCP-2fc636f6c2fc2697
PAMPA:1021,GRP-d211540c5f8fcd45,2015_Marelli,2015,1.0,False,included,compatible_uncensored_replicate,SSCP-d211540c5f8fcd45
PAMPA:1022,GRP-d51486d7bfc20c86,2015_Marelli,2015,1.0,False,included,compatible_uncensored_replicate,SSCP-d51486d7bfc20c86
PAMPA:1023,GRP-a01d259b1607eed2,2015_Marelli,2015,1.0,False,included,compatible_uncensored_replicate,SSCP-a01d259b1607eed2
PAMPA:1024,GRP-066912a576819277,2015_Marelli,2015,1.0,False,included,compatible_uncensored_replicate,SSCP-066912a576819277
PAMPA:1025,GRP-38915bf86d5fd6f3,2015_Marelli,2015,1.0,True,excluded,irrecoverably_censored_or_missing_label,
PAMPA:1026,GRP-11050308c4006ce3,2015_Marelli,2015,1.0,True,excluded,irrecoverably_censored_or_missing_label,
PAMPA:1027,GRP-25b2ac527f8cb1e0,2015_Marelli,2015,1.0,False,included,compatible_uncensored_replicate,SSCP-25b2ac527f8cb1e0
PAMPA:1028,GRP-caa475a232e7d753,2015_Marelli,2015,1.0,False,included,compatible_uncensored_replicate,SSCP-caa475a232e7d753
PAMPA:1029,GRP-423ed854ba0cf6dd,2015_Nielsen,2015,1.0,True,excluded,irrecoverably_censored_or_missing_label,
PAMPA:1030,GRP-b785746f63758cc0,2015_Nielsen,2015,1.0,False,included,compatible_uncensored_replicate,SSCP-b785746f63758cc0
PAMPA:1031,GRP-32759f359a99fe16,2015_Nielsen,2015,1.0,False,included,compatible_uncensored_replicate,SSCP-32759f359a99fe16
PAMPA:1045,GRP-44d1f854ec7e0776,2015_Wang,2015,1.0,False,included,compatible_uncensored_replicate,SSCP-44d1f854ec7e0776
PAMPA:1046,GRP-d79039f534e73abb,2015_Wang,2015,1.0,False,included,compatible_uncensored_replicate,SSCP-d79039f534e73abb
PAMPA:1047,GRP-84dbd35854d03b04,2015_Wang,2015,1.0,False,included,compatible_uncensored_replicate,SSCP-84dbd35854d03b04
PAMPA:1048,GRP-7ceadcb1b064968f,2015_Wang,2015,1.0,False,included,compatible_uncensored_replicate,SSCP-7ceadcb1b064968f
PAMPA:1049,GRP-553430d82b09f7ff,2015_Wang,2015,1.0,False,included,compatible_uncensored_replicate,SSCP-553430d82b09f7ff
PAMPA:1050,GRP-668205a81fb093b8,2015_Wang,2015,1.0,False,included,compatible_uncensored_replicate,SSCP-668205a81fb093b8
PAMPA:1051,GRP-681c2afd2ce35577,2015_Wang,2015,1.0,False,included,compatible_uncensored_replicate,SSCP-681c2afd2ce35577
PAMPA:1052,GRP-df0ac5d63c9ecfd7,2015_Wang,2015,1.0,False,included,compatible_uncensored_replicate,SSCP-df0ac5d63c9ecfd7
PAMPA:1053,GRP-c25fc8df957502b1,2015_Wang,2015,1.0,False,included,compatible_uncensored_replicate,SSCP-c25fc8df957502b1
PAMPA:1054,GRP-ab2d00ac1b000dfe,2015_Wang,2015,1.0,False,included,compatible_uncensored_replicate,SSCP-ab2d00ac1b000dfe
PAMPA:1055,GRP-f5742c0998c92e5a,2015_Wang,2015,1.0,False,included,compatible_uncensored_replicate,SSCP-f5742c0998c92e5a
PAMPA:1056,GRP-bfb3d5a6933e3e69,2015_Wang,2015,1.0,False,included,compatible_uncensored_replicate,SSCP-bfb3d5a6933e3e69
PAMPA:1057,GRP-27bb49ddad16c004,2015_Wang,2015,1.0,False,included,compatible_uncensored_replicate,SSCP-27bb49ddad16c004
PAMPA:1058,GRP-a854335cf4d3b80e,2015_Wang,2015,1.0,False,included,compatible_uncensored_replicate,SSCP-a854335cf4d3b80e
PAMPA:1059,GRP-b6deb9fad959ebbd,2015_Wang,2015,1.0,False,included,compatible_uncensored_replicate,SSCP-b6deb9fad959ebbd
PAMPA:1060,GRP-a31bd1d96bb8fdeb,2015_Wang,2015,1.0,False,included,compatible_uncensored_replicate,SSCP-a31bd1d96bb8fdeb
PAMPA:1061,GRP-a9f82eede7acc4b3,2015_Wang,2015,1.0,False,included,compatible_uncensored_replicate,SSCP-a9f82eede7acc4b3
PAMPA:1062,GRP-d2ec6a688ed3b2b0,2015_Wang,2015,1.0,False,included,compatible_uncensored_replicate,SSCP-d2ec6a688ed3b2b0
PAMPA:1063,GRP-696c5ffe68b6ba14,2015_Wang,2015,1.0,False,included,compatible_uncensored_replicate,SSCP-696c5ffe68b6ba14
PAMPA:1064,GRP-ea78c17d6510739a,2015_Wang,2015,1.0,False,included,compatible_uncensored_replicate,SSCP-ea78c17d6510739a
PAMPA:1065,GRP-29ee74c1148c2db2,2015_Wang,2015,1.0,False,included,compatible_uncensored_replicate,SSCP-29ee74c1148c2db2
PAMPA:1066,GRP-fbb53ce1ffa7ed0b,2015_Wang,2015,1.0,False,included,compatible_uncensored_replicate,SSCP-fbb53ce1ffa7ed0b
PAMPA:1067,GRP-4adb81fc451ecb7f,2015_Wang,2015,1.0,False,included,compatible_uncensored_replicate,SSCP-4adb81fc451ecb7f
PAMPA:1068,GRP-cc3c7afd0d6342f3,2015_Wang,2015,1.0,False,included,compatible_uncensored_replicate,SSCP-cc3c7afd0d6342f3
PAMPA:1069,GRP-90d97309e1f9d8f1,2015_Wang,2015,1.0,False,included,compatible_uncensored_replicate,SSCP-90d97309e1f9d8f1
PAMPA:1070,GRP-ba3b4d201570a963,2015_Wang,2015,1.0,False,included,compatible_uncensored_replicate,SSCP-ba3b4d201570a963
PAMPA:1071,GRP-1c8cd3c32d783a26,2015_Wang,2015,1.0,False,included,compatible_uncensored_replicate,SSCP-1c8cd3c32d783a26
PAMPA:1072,GRP-d3e37566945a3686,2015_Wang,2015,1.0,False,included,compatible_uncensored_replicate,SSCP-d3e37566945a3686
PAMPA:1073,GRP-037eb41308e1455a,2015_Wang,2015,1.0,True,excluded,irrecoverably_censored_or_missing_label,
PAMPA:1074,GRP-415d9896dd9136ca,2015_Wang,2015,1.0,True,excluded,irrecoverably_censored_or_missing_label,
PAMPA:1075,GRP-c24851218a4bb941,2015_Wang,2015,1.0,True,excluded,irrecoverably_censored_or_missing_label,
PAMPA:1076,GRP-a34bac16b2bcec6c,2015_Wang,2015,1.0,False,included,compatible_uncensored_replicate,SSCP-a34bac16b2bcec6c
PAMPA:1077,GRP-018395cc70dcdaa1,2015_Wang,2015,1.0,False,included,compatible_uncensored_replicate,SSCP-018395cc70dcdaa1
PAMPA:1078,GRP-14b95b7791126a52,2015_Wang,2015,1.0,False,included,compatible_uncensored_replicate,SSCP-14b95b7791126a52
PAMPA:1079,GRP-8bd9571061c4cc8a,2015_Wang,2015,1.0,False,included,compatible_uncensored_replicate,SSCP-8bd9571061c4cc8a
PAMPA:1080,GRP-438f4e85d2254c9d,2015_Wang,2015,1.0,False,included,compatible_uncensored_replicate,SSCP-438f4e85d2254c9d
PAMPA:1081,GRP-cef7913f9ea07be0,2015_Wang,2015,1.0,True,excluded,irrecoverably_censored_or_missing_label,
PAMPA:1082,GRP-8bde97d1fb536da7,2015_Wang,2015,1.0,False,included,compatible_uncensored_replicate,SSCP-8bde97d1fb536da7
PAMPA:1083,GRP-ab074a1af44e7667,2015_Wang,2015,1.0,True,excluded,irrecoverably_censored_or_missing_label,
PAMPA:1084,GRP-e187c1aac4df28d3,2015_Wang,2015,1.0,False,included,compatible_uncensored_replicate,SSCP-e187c1aac4df28d3
PAMPA:1085,GRP-5e7f6ad4327cfc6f,2015_Wang,2015,1.0,False,included,compatible_uncensored_replicate,SSCP-5e7f6ad4327cfc6f
PAMPA:1086,GRP-0382ce86f28f220c,2015_Wang,2015,1.0,False,included,compatible_uncensored_replicate,SSCP-0382ce86f28f220c
PAMPA:1087,GRP-d787d7e185c04d36,2015_Wang,2015,1.0,False,included,compatible_uncensored_replicate,SSCP-d787d7e185c04d36
PAMPA:1088,GRP-2e2b1b0cc6c577e9,2015_Wang,2015,1.0,True,excluded,irrecoverably_censored_or_missing_label,
PAMPA:1089,GRP-00b0ee09aa9673b4,2015_Wang,2015,1.0,True,excluded,irrecoverably_censored_or_missing_label,
PAMPA:1090,GRP-7f9b108cb1eaca87,2015_Wang,2015,1.0,True,excluded,irrecoverably_censored_or_missing_label,
PAMPA:1091,GRP-193b9a85fa67b590,2015_Wang,2015,1.0,False,included,compatible_uncensored_replicate,SSCP-193b9a85fa67b590
PAMPA:1092,GRP-55529ab2f275b181,2015_Wang,2015,1.0,False,included,compatible_uncensored_replicate,SSCP-55529ab2f275b181
PAMPA:1093,GRP-01255c48b1540193,2015_Wang,2015,1.0,True,excluded,irrecoverably_censored_or_missing_label,
PAMPA:1094,GRP-b0f816c3b30d612d,2015_Wang,2015,1.0,True,excluded,irrecoverably_censored_or_missing_label,
PAMPA:1095,GRP-694a69f174dc0bf6,2015_Wang,2015,1.0,False,included,compatible_uncensored_replicate,SSCP-694a69f174dc0bf6
PAMPA:1096,GRP-6947da72bac2811e,2015_Wang,2015,1.0,False,included,compatible_uncensored_replicate,SSCP-6947da72bac2811e
PAMPA:1097,GRP-edcf9a57a5b830c5,2015_Wang,2015,1.0,False,included,compatible_uncensored_replicate,SSCP-edcf9a57a5b830c5
PAMPA:1098,GRP-25030a36053dfd67,2015_Wang,2015,1.0,False,included,compatible_uncensored_replicate,SSCP-25030a36053dfd67
PAMPA:1099,GRP-f9f45571673a55a4,2015_Wang,2015,1.0,False,included,compatible_uncensored_replicate,SSCP-f9f45571673a55a4
PAMPA:1100,GRP-74e2513f73f8fec9,2015_Wang,2015,1.0,False,included,compatible_uncensored_replicate,SSCP-74e2513f73f8fec9
PAMPA:1101,GRP-d35542170d9d289f,2015_Wang,2015,1.0,False,included,compatible_uncensored_replicate,SSCP-d35542170d9d289f
PAMPA:1102,GRP-0a24681204dae2bf,2015_Wang,2015,1.0,False,included,compatible_uncensored_replicate,SSCP-0a24681204dae2bf
PAMPA:1103,GRP-ed4400a24e9f9117,2015_Wang,2015,1.0,True,excluded,irrecoverably_censored_or_missing_label,
PAMPA:1104,GRP-65d5748983ad20ef,2015_Wang,2015,1.0,True,excluded,irrecoverably_censored_or_missing_label,
PAMPA:1105,GRP-d0c0c845e285ff6e,2015_Wang,2015,1.0,False,included,compatible_uncensored_replicate,SSCP-d0c0c845e285ff6e
PAMPA:1106,GRP-1a3de188be191fc1,2015_Wang,2015,1.0,False,included,compatible_uncensored_replicate,SSCP-1a3de188be191fc1
PAMPA:1122,GRP-be014ee5bbd5f737,2016_Frost,2016,1.0,False,included,compatible_uncensored_replicate,SSCP-be014ee5bbd5f737
PAMPA:1123,GRP-11b262b2cc0d97ca,2016_Frost,2016,1.0,False,included,compatible_uncensored_replicate,SSCP-11b262b2cc0d97ca
PAMPA:1124,GRP-7d200845682ab68f,2016_Frost,2016,1.0,False,included,compatible_uncensored_replicate,SSCP-7d200845682ab68f
PAMPA:1125,GRP-57dee76443273673,2016_Frost,2016,1.0,False,included,compatible_uncensored_replicate,SSCP-57dee76443273673
PAMPA:1126,GRP-9e9f2e71e9ae1db2,2016_Frost,2016,1.0,False,included,compatible_uncensored_replicate,SSCP-9e9f2e71e9ae1db2
PAMPA:1127,GRP-1ae2e10835bbca3c,2016_Frost,2016,1.0,False,included,compatible_uncensored_replicate,SSCP-1ae2e10835bbca3c
PAMPA:1128,GRP-1cf2cd43738a18cd,2016_Frost,2016,1.0,False,included,compatible_uncensored_replicate,SSCP-1cf2cd43738a18cd
PAMPA:1129,GRP-22a16202402f4c94,2016_Frost,2016,1.0,False,included,compatible_uncensored_replicate,SSCP-22a16202402f4c94
PAMPA:1130,GRP-e00da93fbb394177,2016_Frost,2016,1.0,False,included,compatible_uncensored_replicate,SSCP-e00da93fbb394177
PAMPA:1131,GRP-2fe79b53c3d337e7,2016_Frost,2016,1.0,False,included,compatible_uncensored_replicate,SSCP-2fe79b53c3d337e7
PAMPA:1132,GRP-eabc3724052f7939,2016_Frost,2016,1.0,False,included,compatible_uncensored_replicate,SSCP-eabc3724052f7939
PAMPA:1133,GRP-eb630c775d37005c,2016_Frost,2016,1.0,False,included,compatible_uncensored_replicate,SSCP-eb630c775d37005c
PAMPA:1134,GRP-975cd27e1dda9556,2016_Furukawa,2016,1.0,False,included,compatible_uncensored_replicate,SSCP-975cd27e1dda9556
PAMPA:1135,GRP-013acd97e635c46c,2016_Furukawa,2016,1.0,False,included,compatible_uncensored_replicate,SSCP-013acd97e635c46c
PAMPA:1136,GRP-b4230d594cc7fc73,2016_Furukawa,2016,1.0,False,included,compatible_uncensored_replicate,SSCP-b4230d594cc7fc73
PAMPA:1137,GRP-e8e9fbbcd77c26bc,2016_Furukawa,2016,1.0,False,included,compatible_uncensored_replicate,SSCP-e8e9fbbcd77c26bc
PAMPA:1138,GRP-392e4473f363ca34,2016_Furukawa,2016,1.0,False,included,compatible_uncensored_replicate,SSCP-392e4473f363ca34
PAMPA:1139,GRP-349336763a53cea4,2016_Furukawa,2016,1.0,False,included,compatible_uncensored_replicate,SSCP-349336763a53cea4
PAMPA:1140,GRP-a1f06dfb5435e347,2016_Furukawa,2016,1.0,False,included,compatible_uncensored_replicate,SSCP-a1f06dfb5435e347
PAMPA:1141,GRP-e22967bdd223497b,2016_Furukawa,2016,1.0,False,included,compatible_uncensored_replicate,SSCP-e22967bdd223497b
PAMPA:1142,GRP-d47832ff3f00542c,2016_Furukawa,2016,1.0,False,included,compatible_uncensored_replicate,SSCP-d47832ff3f00542c
PAMPA:1143,GRP-e30c4b4f65e81372,2016_Furukawa,2016,1.0,False,included,compatible_uncensored_replicate,SSCP-e30c4b4f65e81372
PAMPA:1144,GRP-74a85133dfcd6e7d,2016_Furukawa,2016,1.0,False,included,compatible_uncensored_replicate,SSCP-74a85133dfcd6e7d
PAMPA:1145,GRP-89b03779599d1b7f,2016_Furukawa,2016,1.0,False,included,compatible_uncensored_replicate,SSCP-89b03779599d1b7f
PAMPA:1146,GRP-2b22b0cab903cc39,2016_Furukawa,2016,1.0,False,included,compatible_uncensored_replicate,SSCP-2b22b0cab903cc39
PAMPA:1147,GRP-6735ae1d9a33797c,2016_Furukawa,2016,1.0,False,included,compatible_uncensored_replicate,SSCP-6735ae1d9a33797c
PAMPA:1148,GRP-4006a333e6c3edcd,2016_Furukawa,2016,1.0,False,included,compatible_uncensored_replicate,SSCP-4006a333e6c3edcd
PAMPA:1149,GRP-9dd91f4faa1f73e7,2016_Furukawa,2016,1.0,False,included,compatible_uncensored_replicate,SSCP-9dd91f4faa1f73e7
PAMPA:1150,GRP-f9ae266c789328d0,2016_Furukawa,2016,1.0,False,included,compatible_uncensored_replicate,SSCP-f9ae266c789328d0
PAMPA:1151,GRP-74d50fe5760a6ea3,2016_Furukawa,2016,1.0,False,included,compatible_uncensored_replicate,SSCP-74d50fe5760a6ea3
PAMPA:1152,GRP-f8f7a15bed98190c,2016_Furukawa,2016,1.0,False,included,compatible_uncensored_replicate,SSCP-f8f7a15bed98190c
PAMPA:1153,GRP-81504dda02cf9e13,2016_Furukawa,2016,1.0,False,included,compatible_uncensored_replicate,SSCP-81504dda02cf9e13
PAMPA:1154,GRP-5ea94f4b8aff35ac,2016_Furukawa,2016,1.0,False,included,compatible_uncensored_replicate,SSCP-5ea94f4b8aff35ac
PAMPA:1155,GRP-a231d4deb74ec77e,2016_Furukawa,2016,1.0,False,included,compatible_uncensored_replicate,SSCP-a231d4deb74ec77e
PAMPA:1156,GRP-5ab9539fbbd74654,2016_Furukawa,2016,1.0,False,included,compatible_uncensored_replicate,SSCP-5ab9539fbbd74654
PAMPA:1157,GRP-7588e59dab4e8aa2,2016_Furukawa,2016,1.0,False,included,compatible_uncensored_replicate,SSCP-7588e59dab4e8aa2
PAMPA:1158,GRP-e6c5219964bb92e3,2016_Furukawa,2016,1.0,False,included,compatible_uncensored_replicate,SSCP-e6c5219964bb92e3
PAMPA:1159,GRP-cc26ef48f34a0fed,2016_Furukawa,2016,1.0,False,included,compatible_uncensored_replicate,SSCP-cc26ef48f34a0fed
PAMPA:1160,GRP-e29600f5b7271563,2016_Furukawa,2016,1.0,False,included,compatible_uncensored_replicate,SSCP-e29600f5b7271563
PAMPA:1161,GRP-c6e5973932399c1a,2016_Furukawa,2016,1.0,False,included,compatible_uncensored_replicate,SSCP-c6e5973932399c1a
PAMPA:1162,GRP-8629ba7bf70103c8,2016_Furukawa,2016,1.0,False,included,compatible_uncensored_replicate,SSCP-8629ba7bf70103c8
PAMPA:1163,GRP-1b24551c2c607884,2016_Furukawa,2016,1.0,False,included,compatible_uncensored_replicate,SSCP-1b24551c2c607884
PAMPA:1164,GRP-017f3d1881b66660,2016_Furukawa,2016,1.0,False,included,compatible_uncensored_replicate,SSCP-017f3d1881b66660
PAMPA:1165,GRP-37470b6733a2bc8c,2016_Furukawa,2016,1.0,False,included,compatible_uncensored_replicate,SSCP-37470b6733a2bc8c
PAMPA:1166,GRP-46ca62b3be4e2d1c,2016_Furukawa,2016,1.0,False,included,compatible_uncensored_replicate,SSCP-46ca62b3be4e2d1c
PAMPA:1167,GRP-20bebed3bd0afe28,2016_Furukawa,2016,1.0,False,included,compatible_uncensored_replicate,SSCP-20bebed3bd0afe28
PAMPA:1168,GRP-4f944a4f50b568eb,2016_Furukawa,2016,1.0,False,included,compatible_uncensored_replicate,SSCP-4f944a4f50b568eb
PAMPA:1169,GRP-4fc9042246c66758,2016_Furukawa,2016,1.0,False,included,compatible_uncensored_replicate,SSCP-4fc9042246c66758
PAMPA:1170,GRP-e2a0e05cfba31b73,2016_Furukawa,2016,1.0,False,included,compatible_uncensored_replicate,SSCP-e2a0e05cfba31b73
PAMPA:1171,GRP-6e29b2cd622bb333,2016_Furukawa,2016,1.0,False,included,compatible_uncensored_replicate,SSCP-6e29b2cd622bb333
PAMPA:1172,GRP-445ffa43528e1c4e,2016_Furukawa,2016,1.0,False,included,compatible_uncensored_replicate,SSCP-445ffa43528e1c4e
PAMPA:1173,GRP-0fbcb907ace6b708,2016_Furukawa,2016,1.0,False,included,compatible_uncensored_replicate,SSCP-0fbcb907ace6b708
PAMPA:1174,GRP-accdb815f83c64ff,2016_Furukawa,2016,1.0,False,included,compatible_uncensored_replicate,SSCP-accdb815f83c64ff
PAMPA:1175,GRP-cc75e0d3c8bc9f42,2016_Furukawa,2016,1.0,False,included,compatible_uncensored_replicate,SSCP-cc75e0d3c8bc9f42
PAMPA:1176,GRP-84e3e858c42f2ffc,2016_Furukawa,2016,1.0,False,included,compatible_uncensored_replicate,SSCP-84e3e858c42f2ffc
PAMPA:1177,GRP-a8567bc6ca9ac23c,2016_Furukawa,2016,1.0,False,included,compatible_uncensored_replicate,SSCP-a8567bc6ca9ac23c
PAMPA:1178,GRP-bce60069e7e3d0f5,2016_Furukawa,2016,1.0,False,included,compatible_uncensored_replicate,SSCP-bce60069e7e3d0f5
PAMPA:1179,GRP-9f03c96b4cbcde7b,2016_Furukawa,2016,1.0,False,included,compatible_uncensored_replicate,SSCP-9f03c96b4cbcde7b
PAMPA:1180,GRP-78047fe23b8f921b,2016_Furukawa,2016,1.0,False,included,compatible_uncensored_replicate,SSCP-78047fe23b8f921b
PAMPA:1181,GRP-8e4aa62cbce581a5,2016_Furukawa,2016,1.0,False,included,compatible_uncensored_replicate,SSCP-8e4aa62cbce581a5
PAMPA:1182,GRP-6db24efb8ea85652,2016_Furukawa,2016,1.0,False,included,compatible_uncensored_replicate,SSCP-6db24efb8ea85652
PAMPA:1183,GRP-ee02249232c502e7,2016_Furukawa,2016,1.0,False,included,compatible_uncensored_replicate,SSCP-ee02249232c502e7
PAMPA:1184,GRP-4560c0dfd38315fd,2016_Furukawa,2016,1.0,False,included,compatible_uncensored_replicate,SSCP-4560c0dfd38315fd
PAMPA:1185,GRP-a8a49c90a408c497,2016_Furukawa,2016,1.0,False,included,compatible_uncensored_replicate,SSCP-a8a49c90a408c497
PAMPA:1186,GRP-799d9ac2b85c5822,2016_Furukawa,2016,1.0,False,included,compatible_uncensored_replicate,SSCP-799d9ac2b85c5822
PAMPA:1187,GRP-b844253674f4e29e,2016_Furukawa,2016,1.0,False,included,compatible_uncensored_replicate,SSCP-b844253674f4e29e
PAMPA:1188,GRP-2d221817366dd827,2016_Furukawa,2016,1.0,False,included,compatible_uncensored_replicate,SSCP-2d221817366dd827
PAMPA:1189,GRP-513b61cc7e2bce45,2016_Furukawa,2016,1.0,False,included,compatible_uncensored_replicate,SSCP-513b61cc7e2bce45
PAMPA:1190,GRP-79c6d4438ab23309,2016_Furukawa,2016,1.0,False,included,compatible_uncensored_replicate,SSCP-79c6d4438ab23309
PAMPA:1191,GRP-a943b15e2035d87d,2016_Furukawa,2016,1.0,False,included,compatible_uncensored_replicate,SSCP-a943b15e2035d87d
PAMPA:1192,GRP-fa8232c8268a814e,2016_Furukawa,2016,1.0,False,included,compatible_uncensored_replicate,SSCP-fa8232c8268a814e
PAMPA:1193,GRP-aedd3f10f756dd02,2016_Furukawa,2016,1.0,False,included,compatible_uncensored_replicate,SSCP-aedd3f10f756dd02
PAMPA:1194,GRP-78fee748bca35762,2016_Furukawa,2016,1.0,False,included,compatible_uncensored_replicate,SSCP-78fee748bca35762
PAMPA:1195,GRP-d317a604b008a3b5,2016_Furukawa,2016,1.0,False,included,compatible_uncensored_replicate,SSCP-d317a604b008a3b5
PAMPA:1196,GRP-8058373540028171,2016_Furukawa,2016,1.0,False,included,compatible_uncensored_replicate,SSCP-8058373540028171
PAMPA:1197,GRP-9b2c4ebf6b9e4f47,2016_Furukawa,2016,1.0,False,included,compatible_uncensored_replicate,SSCP-9b2c4ebf6b9e4f47
PAMPA:1198,GRP-a0a8a3ea3623fa21,2016_Furukawa,2016,1.0,False,included,compatible_uncensored_replicate,SSCP-a0a8a3ea3623fa21
PAMPA:1199,GRP-3d8b49aff88fdf9b,2016_Furukawa,2016,1.0,False,included,compatible_uncensored_replicate,SSCP-3d8b49aff88fdf9b
PAMPA:1200,GRP-98e79333cc34c9ad,2016_Furukawa,2016,1.0,False,included,compatible_uncensored_replicate,SSCP-98e79333cc34c9ad
PAMPA:1201,GRP-3e28875f463a4acc,2016_Furukawa,2016,1.0,False,included,compatible_uncensored_replicate,SSCP-3e28875f463a4acc
PAMPA:1202,GRP-0ade04a8e2ceeae8,2016_Furukawa,2016,1.0,False,included,compatible_uncensored_replicate,SSCP-0ade04a8e2ceeae8
PAMPA:1203,GRP-d4ec024506154fc1,2016_Furukawa,2016,1.0,False,included,compatible_uncensored_replicate,SSCP-d4ec024506154fc1
PAMPA:1204,GRP-d045e67df8251311,2016_Furukawa,2016,1.0,False,included,compatible_uncensored_replicate,SSCP-d045e67df8251311
PAMPA:1205,GRP-c5bcddb59b92b467,2016_Furukawa,2016,1.0,False,included,compatible_uncensored_replicate,SSCP-c5bcddb59b92b467
PAMPA:1206,GRP-ef1b9b17860fcbb8,2016_Furukawa,2016,1.0,False,included,compatible_uncensored_replicate,SSCP-ef1b9b17860fcbb8
PAMPA:1207,GRP-d3a3ec186fb6bcae,2016_Furukawa,2016,1.0,False,included,compatible_uncensored_replicate,SSCP-d3a3ec186fb6bcae
PAMPA:1208,GRP-e984a528faea7172,2016_Furukawa,2016,1.0,False,included,compatible_uncensored_replicate,SSCP-e984a528faea7172
PAMPA:1209,GRP-aa2f4bbbc60f992b,2016_Furukawa,2016,1.0,False,included,compatible_uncensored_replicate,SSCP-aa2f4bbbc60f992b
PAMPA:1210,GRP-f800556279427169,2016_Furukawa,2016,1.0,False,included,compatible_uncensored_replicate,SSCP-f800556279427169
PAMPA:1211,GRP-250df5b00774aea0,2016_Furukawa,2016,1.0,False,included,compatible_uncensored_replicate,SSCP-250df5b00774aea0
PAMPA:1212,GRP-d89c76dc99e83a3f,2016_Furukawa,2016,1.0,False,included,compatible_uncensored_replicate,SSCP-d89c76dc99e83a3f
PAMPA:1213,GRP-4d3db9292be6f439,2016_Furukawa,2016,1.0,False,included,compatible_uncensored_replicate,SSCP-4d3db9292be6f439
PAMPA:1214,GRP-b5ba8dcd6d67aa5d,2016_Furukawa,2016,1.0,False,included,compatible_uncensored_replicate,SSCP-b5ba8dcd6d67aa5d
PAMPA:1215,GRP-7314b88f41da371a,2016_Furukawa,2016,1.0,False,included,compatible_uncensored_replicate,SSCP-7314b88f41da371a
PAMPA:1216,GRP-e63196979eec2fff,2016_Furukawa,2016,1.0,False,included,compatible_uncensored_replicate,SSCP-e63196979eec2fff
PAMPA:1217,GRP-18c42a9db6584ab8,2016_Furukawa,2016,1.0,False,included,compatible_uncensored_replicate,SSCP-18c42a9db6584ab8
PAMPA:1218,GRP-d8b4ba1e558eaac8,2016_Furukawa,2016,1.0,False,included,compatible_uncensored_replicate,SSCP-d8b4ba1e558eaac8
PAMPA:1219,GRP-b994a18a9cc218c0,2016_Furukawa,2016,1.0,False,included,compatible_uncensored_replicate,SSCP-b994a18a9cc218c0
PAMPA:1220,GRP-a71ff8ab4dbd1515,2016_Furukawa,2016,1.0,False,included,compatible_uncensored_replicate,SSCP-a71ff8ab4dbd1515
PAMPA:1221,GRP-796e0eff7bd18357,2016_Furukawa,2016,1.0,False,included,compatible_uncensored_replicate,SSCP-796e0eff7bd18357
PAMPA:1222,GRP-0776231342bc71de,2016_Furukawa,2016,1.0,False,included,compatible_uncensored_replicate,SSCP-0776231342bc71de
PAMPA:1223,GRP-254b25ff8f63c885,2016_Furukawa,2016,1.0,False,included,compatible_uncensored_replicate,SSCP-254b25ff8f63c885
PAMPA:1224,GRP-7869d20a5ab9d8c4,2016_Furukawa,2016,1.0,False,included,compatible_uncensored_replicate,SSCP-7869d20a5ab9d8c4
PAMPA:1225,GRP-6ca7744146055000,2016_Furukawa,2016,1.0,False,included,compatible_uncensored_replicate,SSCP-6ca7744146055000
PAMPA:1226,GRP-114a48b4784f71af,2016_Furukawa,2016,1.0,False,included,compatible_uncensored_replicate,SSCP-114a48b4784f71af
PAMPA:1227,GRP-abb6c44649543be8,2016_Furukawa,2016,1.0,False,included,compatible_uncensored_replicate,SSCP-abb6c44649543be8
PAMPA:1228,GRP-f6c48fad5745a164,2016_Furukawa,2016,1.0,False,included,compatible_uncensored_replicate,SSCP-f6c48fad5745a164
PAMPA:1229,GRP-0c9a60436dfdcafd,2016_Furukawa,2016,1.0,False,included,compatible_uncensored_replicate,SSCP-0c9a60436dfdcafd
PAMPA:1230,GRP-e3f147c5074dc539,2016_Furukawa,2016,1.0,False,included,compatible_uncensored_replicate,SSCP-e3f147c5074dc539
PAMPA:1231,GRP-aec9a6f2c5aa765d,2016_Furukawa,2016,1.0,False,included,compatible_uncensored_replicate,SSCP-aec9a6f2c5aa765d
PAMPA:1232,GRP-f8ca01f94c887ab2,2016_Furukawa,2016,1.0,False,included,compatible_uncensored_replicate,SSCP-f8ca01f94c887ab2
PAMPA:1233,GRP-22f19cabf3e44425,2016_Furukawa,2016,1.0,False,included,compatible_uncensored_replicate,SSCP-22f19cabf3e44425
PAMPA:1234,GRP-f889037b9eb5868d,2016_Furukawa,2016,1.0,False,included,compatible_uncensored_replicate,SSCP-f889037b9eb5868d
PAMPA:1235,GRP-88eb75c57df7aef1,2016_Furukawa,2016,1.0,False,included,compatible_uncensored_replicate,SSCP-88eb75c57df7aef1
PAMPA:1236,GRP-f9f544e8b5d12c11,2016_Furukawa,2016,1.0,False,included,compatible_uncensored_replicate,SSCP-f9f544e8b5d12c11
PAMPA:1237,GRP-aa5c0d59d70cd809,2016_Furukawa,2016,1.0,False,included,compatible_uncensored_replicate,SSCP-aa5c0d59d70cd809
PAMPA:1238,GRP-7c22c33bce3c2707,2016_Furukawa,2016,1.0,False,included,compatible_uncensored_replicate,SSCP-7c22c33bce3c2707
PAMPA:1239,GRP-0d8917410dad98f6,2016_Furukawa,2016,1.0,False,included,compatible_uncensored_replicate,SSCP-0d8917410dad98f6
PAMPA:1240,GRP-b39f0d70b3b45931,2016_Furukawa,2016,1.0,False,included,compatible_uncensored_replicate,SSCP-b39f0d70b3b45931
PAMPA:1241,GRP-fa66a1a8852d09ab,2016_Furukawa,2016,1.0,False,included,compatible_uncensored_replicate,SSCP-fa66a1a8852d09ab
PAMPA:1242,GRP-f5fd1fc6011008f9,2016_Furukawa,2016,1.0,False,included,compatible_uncensored_replicate,SSCP-f5fd1fc6011008f9
PAMPA:1243,GRP-12d3193cf40f6844,2016_Furukawa,2016,1.0,False,included,compatible_uncensored_replicate,SSCP-12d3193cf40f6844
PAMPA:1244,GRP-7ac2033dbc21a566,2016_Furukawa,2016,1.0,False,included,compatible_uncensored_replicate,SSCP-7ac2033dbc21a566
PAMPA:1245,GRP-c76e627c71d6c1f1,2016_Furukawa,2016,1.0,False,included,compatible_uncensored_replicate,SSCP-c76e627c71d6c1f1
PAMPA:1246,GRP-c7c4e4bb42e72040,2016_Furukawa,2016,1.0,False,included,compatible_uncensored_replicate,SSCP-c7c4e4bb42e72040
PAMPA:1247,GRP-b9f0ec64714ada88,2016_Furukawa,2016,1.0,False,included,compatible_uncensored_replicate,SSCP-b9f0ec64714ada88
PAMPA:1248,GRP-5a1904ecb5927977,2016_Furukawa,2016,1.0,False,included,compatible_uncensored_replicate,SSCP-5a1904ecb5927977
PAMPA:1249,GRP-c997416a75f8e691,2016_Furukawa,2016,1.0,False,included,compatible_uncensored_replicate,SSCP-c997416a75f8e691
PAMPA:1250,GRP-bdb16c5bc4576002,2016_Furukawa,2016,1.0,False,included,compatible_uncensored_replicate,SSCP-bdb16c5bc4576002
PAMPA:1251,GRP-be860b467e9ae394,2016_Furukawa,2016,1.0,False,included,compatible_uncensored_replicate,SSCP-be860b467e9ae394
PAMPA:1252,GRP-3b5914f9431c2bdb,2016_Furukawa,2016,1.0,False,included,compatible_uncensored_replicate,SSCP-3b5914f9431c2bdb
PAMPA:1253,GRP-092a5f60e0afc540,2016_Furukawa,2016,1.0,False,included,compatible_uncensored_replicate,SSCP-092a5f60e0afc540
PAMPA:1254,GRP-5a21161256d4687f,2016_Furukawa,2016,1.0,False,included,compatible_uncensored_replicate,SSCP-5a21161256d4687f
PAMPA:1255,GRP-210ba4a8e8cb8104,2016_Furukawa,2016,1.0,False,included,compatible_uncensored_replicate,SSCP-210ba4a8e8cb8104
PAMPA:1256,GRP-e24cc5ecf3bf8bf6,2016_Furukawa,2016,1.0,False,included,compatible_uncensored_replicate,SSCP-e24cc5ecf3bf8bf6
PAMPA:1257,GRP-2ca15c66631974fd,2016_Furukawa,2016,1.0,False,included,compatible_uncensored_replicate,SSCP-2ca15c66631974fd
PAMPA:1258,GRP-35dc08f82e7b1bee,2016_Furukawa,2016,1.0,False,included,compatible_uncensored_replicate,SSCP-35dc08f82e7b1bee
PAMPA:1259,GRP-c7fc358b81cdc669,2016_Furukawa,2016,1.0,False,included,compatible_uncensored_replicate,SSCP-c7fc358b81cdc669
PAMPA:1260,GRP-ab3eae7e954888ce,2016_Furukawa,2016,1.0,False,included,compatible_uncensored_replicate,SSCP-ab3eae7e954888ce
PAMPA:1261,GRP-6fc9e672006b979c,2016_Furukawa,2016,1.0,False,included,compatible_uncensored_replicate,SSCP-6fc9e672006b979c
PAMPA:1262,GRP-3bcd645a83312e31,2016_Furukawa,2016,1.0,False,included,compatible_uncensored_replicate,SSCP-3bcd645a83312e31
PAMPA:1263,GRP-5026178c8874b7db,2016_Furukawa,2016,1.0,False,included,compatible_uncensored_replicate,SSCP-5026178c8874b7db
PAMPA:1264,GRP-4198da62d8056056,2016_Furukawa,2016,1.0,False,included,compatible_uncensored_replicate,SSCP-4198da62d8056056
PAMPA:1265,GRP-8d9f29507558369c,2016_Furukawa,2016,1.0,False,included,compatible_uncensored_replicate,SSCP-8d9f29507558369c
PAMPA:1266,GRP-63b378490b58d4c8,2016_Furukawa,2016,1.0,False,included,compatible_uncensored_replicate,SSCP-63b378490b58d4c8
PAMPA:1267,GRP-d3b05ca836f6f351,2016_Furukawa,2016,1.0,False,included,compatible_uncensored_replicate,SSCP-d3b05ca836f6f351
PAMPA:1268,GRP-bb994ce3e62966be,2016_Furukawa,2016,1.0,False,included,compatible_uncensored_replicate,SSCP-bb994ce3e62966be
PAMPA:1269,GRP-858a1505583f9749,2016_Furukawa,2016,1.0,False,included,compatible_uncensored_replicate,SSCP-858a1505583f9749
PAMPA:1270,GRP-4180bf73882e79db,2016_Furukawa,2016,1.0,False,included,compatible_uncensored_replicate,SSCP-4180bf73882e79db
PAMPA:1271,GRP-d791464a346bd00f,2016_Furukawa,2016,1.0,False,included,compatible_uncensored_replicate,SSCP-d791464a346bd00f
PAMPA:1272,GRP-5dab76094490fa5d,2016_Furukawa,2016,1.0,False,included,compatible_uncensored_replicate,SSCP-5dab76094490fa5d
PAMPA:1273,GRP-be34874500820fa4,2016_Furukawa,2016,1.0,False,included,compatible_uncensored_replicate,SSCP-be34874500820fa4
PAMPA:1274,GRP-cb78b3baa4e95618,2016_Furukawa,2016,1.0,False,included,compatible_uncensored_replicate,SSCP-cb78b3baa4e95618
PAMPA:1275,GRP-bdb43d6cb55c2269,2016_Furukawa,2016,1.0,False,included,compatible_uncensored_replicate,SSCP-bdb43d6cb55c2269
PAMPA:1276,GRP-499302c762db8f6d,2016_Furukawa,2016,1.0,False,included,compatible_uncensored_replicate,SSCP-499302c762db8f6d
PAMPA:1277,GRP-323ab0bc177d428c,2016_Furukawa,2016,1.0,False,included,compatible_uncensored_replicate,SSCP-323ab0bc177d428c
PAMPA:1278,GRP-db75023fc3cf54c5,2016_Furukawa,2016,1.0,False,included,compatible_uncensored_replicate,SSCP-db75023fc3cf54c5
PAMPA:1279,GRP-d041425524c700f6,2016_Furukawa,2016,1.0,False,included,compatible_uncensored_replicate,SSCP-d041425524c700f6
PAMPA:1280,GRP-e350ae252fa847f1,2016_Furukawa,2016,1.0,False,included,compatible_uncensored_replicate,SSCP-e350ae252fa847f1
PAMPA:1281,GRP-2082220902ee0150,2016_Furukawa,2016,1.0,False,included,compatible_uncensored_replicate,SSCP-2082220902ee0150
PAMPA:1282,GRP-f30cec7c69785f41,2016_Furukawa,2016,1.0,False,included,compatible_uncensored_replicate,SSCP-f30cec7c69785f41
PAMPA:1283,GRP-f46acc2a1774c096,2016_Furukawa,2016,1.0,False,included,compatible_uncensored_replicate,SSCP-f46acc2a1774c096
PAMPA:1284,GRP-8da8d355ad8580ad,2016_Furukawa,2016,1.0,False,included,compatible_uncensored_replicate,SSCP-8da8d355ad8580ad
PAMPA:1285,GRP-dd6385d03a45b825,2016_Furukawa,2016,1.0,False,included,compatible_uncensored_replicate,SSCP-dd6385d03a45b825
PAMPA:1286,GRP-b1c79325899ada63,2016_Furukawa,2016,1.0,False,included,compatible_uncensored_replicate,SSCP-b1c79325899ada63
PAMPA:1287,GRP-184f9b15950cb375,2016_Furukawa,2016,1.0,False,included,compatible_uncensored_replicate,SSCP-184f9b15950cb375
PAMPA:1288,GRP-7b23c78c0cbbca35,2016_Furukawa,2016,1.0,False,included,compatible_uncensored_replicate,SSCP-7b23c78c0cbbca35
PAMPA:1289,GRP-72d9d9484668afb4,2016_Furukawa,2016,1.0,False,included,compatible_uncensored_replicate,SSCP-72d9d9484668afb4
PAMPA:1290,GRP-a3de39b52aeadf8d,2016_Furukawa,2016,1.0,False,included,compatible_uncensored_replicate,SSCP-a3de39b52aeadf8d
PAMPA:1291,GRP-c93db90ae0bd1469,2016_Furukawa,2016,1.0,False,included,compatible_uncensored_replicate,SSCP-c93db90ae0bd1469
PAMPA:1292,GRP-888c2e75ee0af125,2016_Furukawa,2016,1.0,False,included,compatible_uncensored_replicate,SSCP-888c2e75ee0af125
PAMPA:1293,GRP-5becdb7caaaa6f6e,2016_Furukawa,2016,1.0,False,included,compatible_uncensored_replicate,SSCP-5becdb7caaaa6f6e
PAMPA:1294,GRP-9ea413dd015084f2,2016_Furukawa,2016,1.0,False,included,compatible_uncensored_replicate,SSCP-9ea413dd015084f2
PAMPA:1295,GRP-c5270aca300594a5,2016_Furukawa,2016,1.0,False,included,compatible_uncensored_replicate,SSCP-c5270aca300594a5
PAMPA:1296,GRP-0d625eef7c9556c4,2016_Furukawa,2016,1.0,False,included,compatible_uncensored_replicate,SSCP-0d625eef7c9556c4
PAMPA:1297,GRP-a360f416ad250281,2016_Furukawa,2016,1.0,False,included,compatible_uncensored_replicate,SSCP-a360f416ad250281
PAMPA:1298,GRP-94604ad73189c47d,2016_Furukawa,2016,1.0,False,included,compatible_uncensored_replicate,SSCP-94604ad73189c47d
PAMPA:1299,GRP-f67f5a3029c8bb10,2016_Furukawa,2016,1.0,False,included,compatible_uncensored_replicate,SSCP-f67f5a3029c8bb10
PAMPA:1300,GRP-50daba5b47fbb664,2016_Furukawa,2016,1.0,False,included,compatible_uncensored_replicate,SSCP-50daba5b47fbb664
PAMPA:1301,GRP-0a0450d94bee92f6,2016_Furukawa,2016,1.0,False,included,compatible_uncensored_replicate,SSCP-0a0450d94bee92f6
PAMPA:1302,GRP-e1be8eecd0758c3d,2016_Furukawa,2016,1.0,False,included,compatible_uncensored_replicate,SSCP-e1be8eecd0758c3d
PAMPA:1303,GRP-8dce5b95fa66f164,2016_Furukawa,2016,1.0,False,included,compatible_uncensored_replicate,SSCP-8dce5b95fa66f164
PAMPA:1304,GRP-3c3cb9e0c0dd3cfb,2016_Furukawa,2016,1.0,False,included,compatible_uncensored_replicate,SSCP-3c3cb9e0c0dd3cfb
PAMPA:1305,GRP-14c52b534fe4a358,2016_Furukawa,2016,1.0,False,included,compatible_uncensored_replicate,SSCP-14c52b534fe4a358
PAMPA:1306,GRP-522ec085f4a931c7,2016_Furukawa,2016,1.0,False,included,compatible_uncensored_replicate,SSCP-522ec085f4a931c7
PAMPA:1307,GRP-d7b6d867bb67ecdb,2016_Furukawa,2016,1.0,False,included,compatible_uncensored_replicate,SSCP-d7b6d867bb67ecdb
PAMPA:1308,GRP-040fdf2d45c068a6,2016_Furukawa,2016,1.0,False,included,compatible_uncensored_replicate,SSCP-040fdf2d45c068a6
PAMPA:1309,GRP-e7683d776eb8360b,2016_Furukawa,2016,1.0,False,included,compatible_uncensored_replicate,SSCP-e7683d776eb8360b
PAMPA:1310,GRP-9ef4b2f391ebb421,2016_Furukawa,2016,1.0,False,included,compatible_uncensored_replicate,SSCP-9ef4b2f391ebb421
PAMPA:1311,GRP-99b9bda6b21de42a,2016_Furukawa,2016,1.0,False,included,compatible_uncensored_replicate,SSCP-99b9bda6b21de42a
PAMPA:1312,GRP-cc346e808de86953,2016_Furukawa,2016,1.0,False,included,compatible_uncensored_replicate,SSCP-cc346e808de86953
PAMPA:1313,GRP-89481d209499e35d,2016_Furukawa,2016,1.0,False,included,compatible_uncensored_replicate,SSCP-89481d209499e35d
PAMPA:1314,GRP-d2d0e74e6da6e390,2016_Furukawa,2016,1.0,False,included,compatible_uncensored_replicate,SSCP-d2d0e74e6da6e390
PAMPA:1315,GRP-bdf0a0e9000b4f48,2016_Furukawa,2016,1.0,False,included,compatible_uncensored_replicate,SSCP-bdf0a0e9000b4f48
PAMPA:1316,GRP-fea8c502c9ab80fe,2016_Furukawa,2016,1.0,False,included,compatible_uncensored_replicate,SSCP-fea8c502c9ab80fe
PAMPA:1317,GRP-269934391700578c,2016_Furukawa,2016,1.0,False,included,compatible_uncensored_replicate,SSCP-269934391700578c
PAMPA:1318,GRP-f40786de1433804e,2016_Furukawa,2016,1.0,False,included,compatible_uncensored_replicate,SSCP-f40786de1433804e
PAMPA:1319,GRP-a627b9526493e06e,2016_Furukawa,2016,1.0,False,included,compatible_uncensored_replicate,SSCP-a627b9526493e06e
PAMPA:1320,GRP-863eb9ac5fbd93f2,2016_Furukawa,2016,1.0,False,included,compatible_uncensored_replicate,SSCP-863eb9ac5fbd93f2
PAMPA:1321,GRP-6d38e9ad7ecadb1f,2016_Furukawa,2016,1.0,False,included,compatible_uncensored_replicate,SSCP-6d38e9ad7ecadb1f
PAMPA:1322,GRP-baf68fce8d978dd5,2016_Furukawa,2016,1.0,False,included,compatible_uncensored_replicate,SSCP-baf68fce8d978dd5
PAMPA:1323,GRP-03f5833535b5c416,2016_Furukawa,2016,1.0,False,included,compatible_uncensored_replicate,SSCP-03f5833535b5c416
PAMPA:1324,GRP-9a2106acb082ea36,2016_Furukawa,2016,1.0,False,included,compatible_uncensored_replicate,SSCP-9a2106acb082ea36
PAMPA:1325,GRP-036e45107e9001bb,2016_Furukawa,2016,1.0,False,included,compatible_uncensored_replicate,SSCP-036e45107e9001bb
PAMPA:1326,GRP-a6729a142a3e2370,2016_Furukawa,2016,1.0,False,included,compatible_uncensored_replicate,SSCP-a6729a142a3e2370
PAMPA:1327,GRP-a08c3698e6b597af,2016_Furukawa,2016,1.0,False,included,compatible_uncensored_replicate,SSCP-a08c3698e6b597af
PAMPA:1328,GRP-10535378ab6b0cff,2016_Furukawa,2016,1.0,False,included,compatible_uncensored_replicate,SSCP-10535378ab6b0cff
PAMPA:1329,GRP-649dbbc7edc1c22a,2016_Furukawa,2016,1.0,False,included,compatible_uncensored_replicate,SSCP-649dbbc7edc1c22a
PAMPA:1330,GRP-f61eec984e6ba422,2016_Furukawa,2016,1.0,False,included,compatible_uncensored_replicate,SSCP-f61eec984e6ba422
PAMPA:1331,GRP-75f5ff4365549127,2016_Furukawa,2016,1.0,False,included,compatible_uncensored_replicate,SSCP-75f5ff4365549127
PAMPA:1332,GRP-affcfc3d6dfd13f4,2016_Furukawa,2016,1.0,False,included,compatible_uncensored_replicate,SSCP-affcfc3d6dfd13f4
PAMPA:1333,GRP-78b2fa62a4b418ab,2016_Furukawa,2016,1.0,False,included,compatible_uncensored_replicate,SSCP-78b2fa62a4b418ab
PAMPA:1334,GRP-d792e3a65797ecad,2016_Furukawa,2016,1.0,False,included,compatible_uncensored_replicate,SSCP-d792e3a65797ecad
PAMPA:1335,GRP-e46bc7bcfe09023a,2016_Furukawa,2016,1.0,False,included,compatible_uncensored_replicate,SSCP-e46bc7bcfe09023a
PAMPA:1336,GRP-69d620c8cb80f674,2016_Furukawa,2016,1.0,False,included,compatible_uncensored_replicate,SSCP-69d620c8cb80f674
PAMPA:1337,GRP-386f108ce2dd4cb8,2016_Furukawa,2016,1.0,False,included,compatible_uncensored_replicate,SSCP-386f108ce2dd4cb8
PAMPA:1338,GRP-1f0d28b79b71b70d,2016_Furukawa,2016,1.0,False,included,compatible_uncensored_replicate,SSCP-1f0d28b79b71b70d
PAMPA:1339,GRP-248d72e9e5b93719,2016_Furukawa,2016,1.0,False,included,compatible_uncensored_replicate,SSCP-248d72e9e5b93719
PAMPA:1340,GRP-8ac74a5e19075aff,2016_Furukawa,2016,1.0,False,included,compatible_uncensored_replicate,SSCP-8ac74a5e19075aff
PAMPA:1341,GRP-318340086c52f697,2016_Furukawa,2016,1.0,False,included,compatible_uncensored_replicate,SSCP-318340086c52f697
PAMPA:1342,GRP-805f2d1a89bd42a8,2016_Furukawa,2016,1.0,False,included,compatible_uncensored_replicate,SSCP-805f2d1a89bd42a8
PAMPA:1343,GRP-fe5287c4dc2641df,2016_Furukawa,2016,1.0,False,included,compatible_uncensored_replicate,SSCP-fe5287c4dc2641df
PAMPA:1344,GRP-f50db51aff30fc74,2016_Furukawa,2016,1.0,False,included,compatible_uncensored_replicate,SSCP-f50db51aff30fc74
PAMPA:1345,GRP-2bb74674dd2390dc,2016_Furukawa,2016,1.0,False,included,compatible_uncensored_replicate,SSCP-2bb74674dd2390dc
PAMPA:1346,GRP-782cd86c44b83f1a,2016_Furukawa,2016,1.0,False,included,compatible_uncensored_replicate,SSCP-782cd86c44b83f1a
PAMPA:1347,GRP-30d087696e1475e3,2016_Furukawa,2016,1.0,False,included,compatible_uncensored_replicate,SSCP-30d087696e1475e3
PAMPA:1348,GRP-db4936d1d825ef34,2016_Furukawa,2016,1.0,False,included,compatible_uncensored_replicate,SSCP-db4936d1d825ef34
PAMPA:1349,GRP-c09f476f284a8c45,2016_Furukawa,2016,1.0,False,included,compatible_uncensored_replicate,SSCP-c09f476f284a8c45
PAMPA:1350,GRP-98e9f642a59c0071,2016_Furukawa,2016,1.0,False,included,compatible_uncensored_replicate,SSCP-98e9f642a59c0071
PAMPA:1351,GRP-f3a50cbf78cb3e61,2016_Furukawa,2016,1.0,False,included,compatible_uncensored_replicate,SSCP-f3a50cbf78cb3e61
PAMPA:1352,GRP-c67d19f504068604,2016_Furukawa,2016,1.0,False,included,compatible_uncensored_replicate,SSCP-c67d19f504068604
PAMPA:1353,GRP-940156e4531284a3,2016_Furukawa,2016,1.0,False,included,compatible_uncensored_replicate,SSCP-940156e4531284a3
PAMPA:1354,GRP-0c23108d96ee7a80,2016_Furukawa,2016,1.0,False,included,compatible_uncensored_replicate,SSCP-0c23108d96ee7a80
PAMPA:1355,GRP-6ffbb3ae89401230,2016_Furukawa,2016,1.0,False,included,compatible_uncensored_replicate,SSCP-6ffbb3ae89401230
PAMPA:1356,GRP-6acc308d85a13a58,2016_Furukawa,2016,1.0,False,included,compatible_uncensored_replicate,SSCP-6acc308d85a13a58
PAMPA:1357,GRP-7250d13d86b65730,2016_Furukawa,2016,1.0,False,included,compatible_uncensored_replicate,SSCP-7250d13d86b65730
PAMPA:1358,GRP-a5261e0a58c3bc44,2016_Furukawa,2016,1.0,False,included,compatible_uncensored_replicate,SSCP-a5261e0a58c3bc44
PAMPA:1359,GRP-8fa2e24e73c97711,2016_Furukawa,2016,1.0,False,included,compatible_uncensored_replicate,SSCP-8fa2e24e73c97711
PAMPA:1360,GRP-6fddbdbe6776cf49,2016_Furukawa,2016,1.0,False,included,compatible_uncensored_replicate,SSCP-6fddbdbe6776cf49
PAMPA:1361,GRP-5b26573bede36992,2016_Furukawa,2016,1.0,False,included,compatible_uncensored_replicate,SSCP-5b26573bede36992
PAMPA:1362,GRP-55f640e37603a361,2016_Furukawa,2016,1.0,False,included,compatible_uncensored_replicate,SSCP-55f640e37603a361
PAMPA:1363,GRP-18f08e8cfb1338ac,2016_Furukawa,2016,1.0,True,excluded,irrecoverably_censored_or_missing_label,
PAMPA:1364,GRP-b3f51cf60c2c9408,2016_Furukawa,2016,1.0,False,included,compatible_uncensored_replicate,SSCP-b3f51cf60c2c9408
PAMPA:1365,GRP-07b91af8622de607,2016_Furukawa,2016,1.0,False,included,compatible_uncensored_replicate,SSCP-07b91af8622de607
PAMPA:1366,GRP-5c504530229604f5,2016_Furukawa,2016,1.0,False,included,compatible_uncensored_replicate,SSCP-5c504530229604f5
PAMPA:1367,GRP-6288f889fa465fe6,2016_Furukawa,2016,1.0,True,excluded,irrecoverably_censored_or_missing_label,
PAMPA:1368,GRP-df42b46d8cacff77,2016_Furukawa,2016,1.0,False,included,compatible_uncensored_replicate,SSCP-df42b46d8cacff77
PAMPA:1369,GRP-cca2f6a662b80b66,2016_Furukawa,2016,1.0,False,included,compatible_uncensored_replicate,SSCP-cca2f6a662b80b66
PAMPA:1370,GRP-600074b466ec6b84,2016_Furukawa,2016,1.0,True,excluded,irrecoverably_censored_or_missing_label,
PAMPA:1371,GRP-59a803a54be3362d,2016_Furukawa,2016,1.0,False,included,compatible_uncensored_replicate,SSCP-59a803a54be3362d
PAMPA:1372,GRP-b1f7c41f1d533528,2016_Furukawa,2016,1.0,False,included,compatible_uncensored_replicate,SSCP-b1f7c41f1d533528
PAMPA:1373,GRP-88fb285ff2732a96,2016_Furukawa,2016,1.0,False,included,compatible_uncensored_replicate,SSCP-88fb285ff2732a96
PAMPA:1374,GRP-c4df77c40d0bac6a,2016_Furukawa,2016,1.0,False,included,compatible_uncensored_replicate,SSCP-c4df77c40d0bac6a
PAMPA:1375,GRP-1548dab984331cfa,2016_Furukawa,2016,1.0,False,included,compatible_uncensored_replicate,SSCP-1548dab984331cfa
PAMPA:1376,GRP-bc61bb406d89d67c,2016_Furukawa,2016,1.0,False,included,compatible_uncensored_replicate,SSCP-bc61bb406d89d67c
PAMPA:1377,GRP-415179dbbb8ddc9a,2016_Furukawa,2016,1.0,False,included,compatible_uncensored_replicate,SSCP-415179dbbb8ddc9a
PAMPA:1378,GRP-37ed0dd70944751f,2016_Furukawa,2016,1.0,False,included,compatible_uncensored_replicate,SSCP-37ed0dd70944751f
PAMPA:1379,GRP-82305a7f47b8a40d,2016_Furukawa,2016,1.0,False,included,compatible_uncensored_replicate,SSCP-82305a7f47b8a40d
PAMPA:1380,GRP-dc307feec62a08a5,2016_Furukawa,2016,1.0,False,included,compatible_uncensored_replicate,SSCP-dc307feec62a08a5
PAMPA:1381,GRP-c8456910c410e4e3,2016_Furukawa,2016,1.0,False,included,compatible_uncensored_replicate,SSCP-c8456910c410e4e3
PAMPA:1382,GRP-50686ff1e1f4df13,2016_Furukawa,2016,1.0,False,included,compatible_uncensored_replicate,SSCP-50686ff1e1f4df13
PAMPA:1383,GRP-597d1a2c21051c36,2016_Furukawa,2016,1.0,False,included,compatible_uncensored_replicate,SSCP-597d1a2c21051c36
PAMPA:1384,GRP-3f9b43ace722d719,2016_Furukawa,2016,1.0,False,included,compatible_uncensored_replicate,SSCP-3f9b43ace722d719
PAMPA:1385,GRP-2fc26d8a2a0f8393,2016_Furukawa,2016,1.0,False,included,compatible_uncensored_replicate,SSCP-2fc26d8a2a0f8393
PAMPA:1386,GRP-a7b995374dae3140,2016_Furukawa,2016,1.0,False,included,compatible_uncensored_replicate,SSCP-a7b995374dae3140
PAMPA:1387,GRP-6b1d63b112e8f94a,2016_Furukawa,2016,1.0,False,included,compatible_uncensored_replicate,SSCP-6b1d63b112e8f94a
PAMPA:1388,GRP-3005a16b2fff6a15,2016_Furukawa,2016,1.0,False,included,compatible_uncensored_replicate,SSCP-3005a16b2fff6a15
PAMPA:1389,GRP-9419bc7e8790dc84,2016_Furukawa,2016,1.0,False,included,compatible_uncensored_replicate,SSCP-9419bc7e8790dc84
PAMPA:1390,GRP-b567e7ea1831ef19,2016_Furukawa,2016,1.0,False,included,compatible_uncensored_replicate,SSCP-b567e7ea1831ef19
PAMPA:1391,GRP-d979eacd2f1d3376,2016_Furukawa,2016,1.0,False,included,compatible_uncensored_replicate,SSCP-d979eacd2f1d3376
PAMPA:1392,GRP-57682230d31328b5,2016_Furukawa,2016,1.0,True,excluded,irrecoverably_censored_or_missing_label,
PAMPA:1393,GRP-ba72ae0a589d7a7c,2016_Furukawa,2016,1.0,False,included,compatible_uncensored_replicate,SSCP-ba72ae0a589d7a7c
PAMPA:1394,GRP-a480b528f8d31b5c,2016_Furukawa,2016,1.0,False,included,compatible_uncensored_replicate,SSCP-a480b528f8d31b5c
PAMPA:1395,GRP-c4a261662546c2e6,2016_Furukawa,2016,1.0,False,included,compatible_uncensored_replicate,SSCP-c4a261662546c2e6
PAMPA:1396,GRP-53b2d193082aa394,2016_Furukawa,2016,1.0,False,included,compatible_uncensored_replicate,SSCP-53b2d193082aa394
PAMPA:1397,GRP-f29d548719598dfc,2016_Furukawa,2016,1.0,False,included,compatible_uncensored_replicate,SSCP-f29d548719598dfc
PAMPA:1398,GRP-f28a82f57ae0159a,2016_Furukawa,2016,1.0,False,included,compatible_uncensored_replicate,SSCP-f28a82f57ae0159a
PAMPA:1399,GRP-22f4ab8b23baa7a6,2016_Furukawa,2016,1.0,False,included,compatible_uncensored_replicate,SSCP-22f4ab8b23baa7a6
PAMPA:1400,GRP-7bdae0e52b913db1,2016_Furukawa,2016,1.0,False,included,compatible_uncensored_replicate,SSCP-7bdae0e52b913db1
PAMPA:1401,GRP-7cd645a84cc50445,2016_Furukawa,2016,1.0,False,included,compatible_uncensored_replicate,SSCP-7cd645a84cc50445
PAMPA:1402,GRP-37a23ea3bf1a457d,2016_Furukawa,2016,1.0,False,included,compatible_uncensored_replicate,SSCP-37a23ea3bf1a457d
PAMPA:1403,GRP-594a04ad89c43dd3,2016_Furukawa,2016,1.0,False,included,compatible_uncensored_replicate,SSCP-594a04ad89c43dd3
PAMPA:1404,GRP-1be427ae7d4c43ec,2016_Furukawa,2016,1.0,False,included,compatible_uncensored_replicate,SSCP-1be427ae7d4c43ec
PAMPA:1405,GRP-87d6f03a4a2c6c0e,2016_Furukawa,2016,1.0,False,included,compatible_uncensored_replicate,SSCP-87d6f03a4a2c6c0e
PAMPA:1406,GRP-012f0dff5e676197,2016_Furukawa,2016,1.0,False,included,compatible_uncensored_replicate,SSCP-012f0dff5e676197
PAMPA:1407,GRP-8d72c6fc0407300f,2016_Furukawa,2016,1.0,False,included,compatible_uncensored_replicate,SSCP-8d72c6fc0407300f
PAMPA:1408,GRP-14883f33989405b6,2016_Furukawa,2016,1.0,False,included,compatible_uncensored_replicate,SSCP-14883f33989405b6
PAMPA:1409,GRP-13de4456618c885e,2016_Furukawa,2016,1.0,False,included,compatible_uncensored_replicate,SSCP-13de4456618c885e
PAMPA:1410,GRP-edab51c1f1609956,2016_Furukawa,2016,1.0,False,included,compatible_uncensored_replicate,SSCP-edab51c1f1609956
PAMPA:1411,GRP-9c791dcab24f35c3,2016_Furukawa,2016,1.0,False,included,compatible_uncensored_replicate,SSCP-9c791dcab24f35c3
PAMPA:1412,GRP-d4b8c2a9947d8d54,2016_Furukawa,2016,1.0,False,included,compatible_uncensored_replicate,SSCP-d4b8c2a9947d8d54
PAMPA:1413,GRP-d9eedefe5e98a993,2016_Furukawa,2016,1.0,False,included,compatible_uncensored_replicate,SSCP-d9eedefe5e98a993
PAMPA:1414,GRP-4760dda70bac9a3c,2016_Furukawa,2016,1.0,False,included,compatible_uncensored_replicate,SSCP-4760dda70bac9a3c
PAMPA:1415,GRP-f595ea4364101471,2016_Furukawa,2016,1.0,False,included,compatible_uncensored_replicate,SSCP-f595ea4364101471
PAMPA:1416,GRP-97b3ce0ff58fb0ca,2016_Furukawa,2016,1.0,False,included,compatible_uncensored_replicate,SSCP-97b3ce0ff58fb0ca
PAMPA:1417,GRP-cd3178c2245ad24c,2016_Furukawa,2016,1.0,False,included,compatible_uncensored_replicate,SSCP-cd3178c2245ad24c
PAMPA:1418,GRP-6c6984b3257c90bc,2016_Furukawa,2016,1.0,False,included,compatible_uncensored_replicate,SSCP-6c6984b3257c90bc
PAMPA:1419,GRP-b8d8263728004d84,2016_Furukawa,2016,1.0,False,included,compatible_uncensored_replicate,SSCP-b8d8263728004d84
PAMPA:1420,GRP-10257764a06f1f47,2016_Furukawa,2016,1.0,False,included,compatible_uncensored_replicate,SSCP-10257764a06f1f47
PAMPA:1421,GRP-02ca21c6ace39bb1,2016_Furukawa,2016,1.0,False,included,compatible_uncensored_replicate,SSCP-02ca21c6ace39bb1
PAMPA:1422,GRP-e5b7dfb79dbd797c,2016_Furukawa,2016,1.0,False,included,compatible_uncensored_replicate,SSCP-e5b7dfb79dbd797c
PAMPA:1423,GRP-94546c34ed096fc9,2016_Furukawa,2016,1.0,False,included,compatible_uncensored_replicate,SSCP-94546c34ed096fc9
PAMPA:1424,GRP-44e5f9dffba64c47,2016_Furukawa,2016,1.0,False,included,compatible_uncensored_replicate,SSCP-44e5f9dffba64c47
PAMPA:1425,GRP-351e03709f81e20e,2016_Furukawa,2016,1.0,False,included,compatible_uncensored_replicate,SSCP-351e03709f81e20e
PAMPA:1426,GRP-2bd001189a6fdec0,2016_Furukawa,2016,1.0,False,included,compatible_uncensored_replicate,SSCP-2bd001189a6fdec0
PAMPA:1427,GRP-a5cbd4547514228a,2016_Furukawa,2016,1.0,False,included,compatible_uncensored_replicate,SSCP-a5cbd4547514228a
PAMPA:1428,GRP-b879db1016f578f3,2016_Furukawa,2016,1.0,False,included,compatible_uncensored_replicate,SSCP-b879db1016f578f3
PAMPA:1429,GRP-19e4231d1da1f0b4,2016_Furukawa,2016,1.0,False,included,compatible_uncensored_replicate,SSCP-19e4231d1da1f0b4
PAMPA:1430,GRP-5ef9857c0fc84433,2016_Furukawa,2016,1.0,False,included,compatible_uncensored_replicate,SSCP-5ef9857c0fc84433
PAMPA:1431,GRP-9b1198312a951a9b,2016_Furukawa,2016,1.0,False,included,compatible_uncensored_replicate,SSCP-9b1198312a951a9b
PAMPA:1432,GRP-86c672ce36d8f4a0,2016_Furukawa,2016,1.0,False,included,compatible_uncensored_replicate,SSCP-86c672ce36d8f4a0
PAMPA:1433,GRP-06e5c0cc41c28ebc,2016_Furukawa,2016,1.0,False,included,compatible_uncensored_replicate,SSCP-06e5c0cc41c28ebc
PAMPA:1434,GRP-9d829eb6129c97d2,2016_Furukawa,2016,1.0,False,included,compatible_uncensored_replicate,SSCP-9d829eb6129c97d2
PAMPA:1435,GRP-b79b57ec6aaf1813,2016_Furukawa,2016,1.0,False,included,compatible_uncensored_replicate,SSCP-b79b57ec6aaf1813
PAMPA:1436,GRP-76d5008b7b965178,2016_Furukawa,2016,1.0,False,included,compatible_uncensored_replicate,SSCP-76d5008b7b965178
PAMPA:1437,GRP-69ee34f7283207db,2016_Furukawa,2016,1.0,False,included,compatible_uncensored_replicate,SSCP-69ee34f7283207db
PAMPA:1438,GRP-0c3794e432c93971,2016_Furukawa,2016,1.0,False,included,compatible_uncensored_replicate,SSCP-0c3794e432c93971
PAMPA:1439,GRP-ade85a32256a4911,2016_Furukawa,2016,1.0,False,included,compatible_uncensored_replicate,SSCP-ade85a32256a4911
PAMPA:1440,GRP-dd7418f61ad12861,2016_Furukawa,2016,1.0,False,included,compatible_uncensored_replicate,SSCP-dd7418f61ad12861
PAMPA:1441,GRP-aab90c63af37802f,2016_Furukawa,2016,1.0,False,included,compatible_uncensored_replicate,SSCP-aab90c63af37802f
PAMPA:1442,GRP-866cc5a350fc1d7f,2016_Furukawa,2016,1.0,False,included,compatible_uncensored_replicate,SSCP-866cc5a350fc1d7f
PAMPA:1443,GRP-176a6a911b2dde43,2016_Furukawa,2016,1.0,False,included,compatible_uncensored_replicate,SSCP-176a6a911b2dde43
PAMPA:1444,GRP-5c5624d9bbe0c433,2016_Furukawa,2016,1.0,False,included,compatible_uncensored_replicate,SSCP-5c5624d9bbe0c433
PAMPA:1445,GRP-dada03d4832466b0,2016_Furukawa,2016,1.0,False,included,compatible_uncensored_replicate,SSCP-dada03d4832466b0
PAMPA:1446,GRP-16682a56c0d2b428,2016_Furukawa,2016,1.0,False,included,compatible_uncensored_replicate,SSCP-16682a56c0d2b428
PAMPA:1447,GRP-feedc6a6c65b638a,2016_Furukawa,2016,1.0,False,included,compatible_uncensored_replicate,SSCP-feedc6a6c65b638a
PAMPA:1448,GRP-1e0bb9ecb14e0737,2016_Furukawa,2016,1.0,False,included,compatible_uncensored_replicate,SSCP-1e0bb9ecb14e0737
PAMPA:1449,GRP-f3bdc042d847075e,2016_Furukawa,2016,1.0,False,included,compatible_uncensored_replicate,SSCP-f3bdc042d847075e
PAMPA:1450,GRP-b649cdd9d989eb47,2016_Furukawa,2016,1.0,False,included,compatible_uncensored_replicate,SSCP-b649cdd9d989eb47
PAMPA:1451,GRP-25d27f4b4d19b5fa,2016_Furukawa,2016,1.0,False,included,compatible_uncensored_replicate,SSCP-25d27f4b4d19b5fa
PAMPA:1452,GRP-d3d6cf3d6fbea1e1,2016_Furukawa,2016,1.0,False,included,compatible_uncensored_replicate,SSCP-d3d6cf3d6fbea1e1
PAMPA:1453,GRP-233e0b89b83fd947,2016_Furukawa,2016,1.0,False,included,compatible_uncensored_replicate,SSCP-233e0b89b83fd947
PAMPA:1454,GRP-1fef9d7a242e3287,2016_Furukawa,2016,1.0,False,included,compatible_uncensored_replicate,SSCP-1fef9d7a242e3287
PAMPA:1455,GRP-9d42e9a8d14aa424,2016_Furukawa,2016,1.0,False,included,compatible_uncensored_replicate,SSCP-9d42e9a8d14aa424
PAMPA:1456,GRP-d5a34693c661ddb2,2016_Furukawa,2016,1.0,False,included,compatible_uncensored_replicate,SSCP-d5a34693c661ddb2
PAMPA:1457,GRP-2efa3dc5edc42915,2016_Furukawa,2016,1.0,False,included,compatible_uncensored_replicate,SSCP-2efa3dc5edc42915
PAMPA:1458,GRP-9a0fb7c581732db7,2016_Furukawa,2016,1.0,False,included,compatible_uncensored_replicate,SSCP-9a0fb7c581732db7
PAMPA:1459,GRP-69fa3809e4944d12,2016_Furukawa,2016,1.0,False,included,compatible_uncensored_replicate,SSCP-69fa3809e4944d12
PAMPA:1460,GRP-51b8acaad677b434,2016_Furukawa,2016,1.0,False,included,compatible_uncensored_replicate,SSCP-51b8acaad677b434
PAMPA:1461,GRP-8ac1d82ea8896fa7,2016_Furukawa,2016,1.0,False,included,compatible_uncensored_replicate,SSCP-8ac1d82ea8896fa7
PAMPA:1462,GRP-d2f85e75bf19e84d,2016_Furukawa,2016,1.0,False,included,compatible_uncensored_replicate,SSCP-d2f85e75bf19e84d
PAMPA:1463,GRP-0af1398bd142969a,2016_Furukawa,2016,1.0,False,included,compatible_uncensored_replicate,SSCP-0af1398bd142969a
PAMPA:1464,GRP-fc35604d5ccf95fa,2016_Furukawa,2016,1.0,False,included,compatible_uncensored_replicate,SSCP-fc35604d5ccf95fa
PAMPA:1465,GRP-afbb567ecc942793,2016_Furukawa,2016,1.0,False,included,compatible_uncensored_replicate,SSCP-afbb567ecc942793
PAMPA:1466,GRP-5ed15297491cbaef,2016_Furukawa,2016,1.0,False,included,compatible_uncensored_replicate,SSCP-5ed15297491cbaef
PAMPA:1467,GRP-d4a4ce3cedfb51f3,2016_Furukawa,2016,1.0,False,included,compatible_uncensored_replicate,SSCP-d4a4ce3cedfb51f3
PAMPA:1468,GRP-d93a08b2629cb1fb,2016_Furukawa,2016,1.0,False,included,compatible_uncensored_replicate,SSCP-d93a08b2629cb1fb
PAMPA:1469,GRP-6d8a1d75beb2e66e,2016_Furukawa,2016,1.0,False,included,compatible_uncensored_replicate,SSCP-6d8a1d75beb2e66e
PAMPA:1470,GRP-c7efd736903baf74,2016_Furukawa,2016,1.0,False,included,compatible_uncensored_replicate,SSCP-c7efd736903baf74
PAMPA:1471,GRP-4678426f61d7bd6b,2016_Furukawa,2016,1.0,False,included,compatible_uncensored_replicate,SSCP-4678426f61d7bd6b
PAMPA:1472,GRP-7592036347df4583,2016_Furukawa,2016,1.0,False,included,compatible_uncensored_replicate,SSCP-7592036347df4583
PAMPA:1473,GRP-541b16490db2cb7f,2016_Furukawa,2016,1.0,False,included,compatible_uncensored_replicate,SSCP-541b16490db2cb7f
PAMPA:1474,GRP-29629bc1a9afe664,2016_Furukawa,2016,1.0,False,included,compatible_uncensored_replicate,SSCP-29629bc1a9afe664
PAMPA:1475,GRP-bb54f4bfa5bf1c54,2016_Furukawa,2016,1.0,False,included,compatible_uncensored_replicate,SSCP-bb54f4bfa5bf1c54
PAMPA:1476,GRP-00a092a2f7a25ae1,2016_Furukawa,2016,1.0,False,included,compatible_uncensored_replicate,SSCP-00a092a2f7a25ae1
PAMPA:1477,GRP-6d51854b5b0efa91,2016_Furukawa,2016,1.0,False,included,compatible_uncensored_replicate,SSCP-6d51854b5b0efa91
PAMPA:1478,GRP-20ec20de3c80720b,2016_Furukawa,2016,1.0,False,included,compatible_uncensored_replicate,SSCP-20ec20de3c80720b
PAMPA:1479,GRP-b3fdbbb9917d0dc2,2016_Furukawa,2016,1.0,False,included,compatible_uncensored_replicate,SSCP-b3fdbbb9917d0dc2
PAMPA:1480,GRP-752483a7f1a2e961,2016_Furukawa,2016,1.0,False,included,compatible_uncensored_replicate,SSCP-752483a7f1a2e961
PAMPA:1481,GRP-3784b8b98a0afcb0,2016_Furukawa,2016,1.0,False,included,compatible_uncensored_replicate,SSCP-3784b8b98a0afcb0
PAMPA:1482,GRP-d5544a5b140af3f2,2016_Furukawa,2016,1.0,False,included,compatible_uncensored_replicate,SSCP-d5544a5b140af3f2
PAMPA:1483,GRP-18e0f4f5c7884b43,2016_Furukawa,2016,1.0,False,included,compatible_uncensored_replicate,SSCP-18e0f4f5c7884b43
PAMPA:1484,GRP-1e7453b1f3c0aea1,2016_Furukawa,2016,1.0,False,included,compatible_uncensored_replicate,SSCP-1e7453b1f3c0aea1
PAMPA:1485,GRP-a008cfdb16a7b167,2016_Furukawa,2016,1.0,False,included,compatible_uncensored_replicate,SSCP-a008cfdb16a7b167
PAMPA:1486,GRP-ce4204320efeb1f4,2016_Furukawa,2016,1.0,False,included,compatible_uncensored_replicate,SSCP-ce4204320efeb1f4
PAMPA:1487,GRP-cf5ad97453bc5809,2016_Furukawa,2016,1.0,True,excluded,irrecoverably_censored_or_missing_label,
PAMPA:1488,GRP-892a55d4cf6e321d,2016_Furukawa,2016,1.0,False,included,compatible_uncensored_replicate,SSCP-892a55d4cf6e321d
PAMPA:1489,GRP-ae49ecdfb175d0af,2016_Furukawa,2016,1.0,False,included,compatible_uncensored_replicate,SSCP-ae49ecdfb175d0af
PAMPA:1490,GRP-52ea508f055752ab,2016_Furukawa,2016,1.0,True,excluded,irrecoverably_censored_or_missing_label,
PAMPA:1491,GRP-696e29363483126c,2016_Furukawa,2016,1.0,False,included,compatible_uncensored_replicate,SSCP-696e29363483126c
PAMPA:1492,GRP-fae4a76b00305ea7,2016_Furukawa,2016,1.0,False,included,compatible_uncensored_replicate,SSCP-fae4a76b00305ea7
PAMPA:1493,GRP-11ccf5726e5bcc34,2016_Furukawa,2016,1.0,False,included,compatible_uncensored_replicate,SSCP-11ccf5726e5bcc34
PAMPA:1494,GRP-a866a330bd3a8727,2016_Furukawa,2016,1.0,False,included,compatible_uncensored_replicate,SSCP-a866a330bd3a8727
PAMPA:1495,GRP-dc54d618c2af7e07,2016_Furukawa,2016,1.0,False,included,compatible_uncensored_replicate,SSCP-dc54d618c2af7e07
PAMPA:1496,GRP-b401b6ffb77432d8,2016_Furukawa,2016,1.0,False,included,compatible_uncensored_replicate,SSCP-b401b6ffb77432d8
PAMPA:1497,GRP-243954445eb2ee1a,2016_Furukawa,2016,1.0,False,included,compatible_uncensored_replicate,SSCP-243954445eb2ee1a
PAMPA:1498,GRP-7f16bf47b4eac318,2016_Furukawa,2016,1.0,False,included,compatible_uncensored_replicate,SSCP-7f16bf47b4eac318
PAMPA:1499,GRP-20ca779259efa394,2016_Furukawa,2016,1.0,False,included,compatible_uncensored_replicate,SSCP-20ca779259efa394
PAMPA:1500,GRP-58006b1ce4370048,2016_Furukawa,2016,1.0,False,included,compatible_uncensored_replicate,SSCP-58006b1ce4370048
PAMPA:1501,GRP-c5141a3cc5d18c51,2016_Furukawa,2016,1.0,False,included,compatible_uncensored_replicate,SSCP-c5141a3cc5d18c51
PAMPA:1502,GRP-58e253e49db57b51,2016_Furukawa,2016,1.0,False,included,compatible_uncensored_replicate,SSCP-58e253e49db57b51
PAMPA:1503,GRP-2ff503cce8ee16f2,2016_Furukawa,2016,1.0,False,included,compatible_uncensored_replicate,SSCP-2ff503cce8ee16f2
PAMPA:1504,GRP-5318ef170d612460,2016_Furukawa,2016,1.0,False,included,compatible_uncensored_replicate,SSCP-5318ef170d612460
PAMPA:1505,GRP-036feb5468ec175d,2016_Furukawa,2016,1.0,False,included,compatible_uncensored_replicate,SSCP-036feb5468ec175d
PAMPA:1506,GRP-68e4c5bb24e53b62,2016_Furukawa,2016,1.0,False,included,compatible_uncensored_replicate,SSCP-68e4c5bb24e53b62
PAMPA:1507,GRP-087fa01f443e7b51,2016_Furukawa,2016,1.0,False,included,compatible_uncensored_replicate,SSCP-087fa01f443e7b51
PAMPA:1508,GRP-fec0f87197389d25,2016_Furukawa,2016,1.0,False,included,compatible_uncensored_replicate,SSCP-fec0f87197389d25
PAMPA:1509,GRP-5a0e4452696903fb,2016_Furukawa,2016,1.0,False,included,compatible_uncensored_replicate,SSCP-5a0e4452696903fb
PAMPA:1510,GRP-72bffac3b9a097f8,2016_Furukawa,2016,1.0,False,included,compatible_uncensored_replicate,SSCP-72bffac3b9a097f8
PAMPA:1511,GRP-54ffe8422552c6fe,2016_Furukawa,2016,1.0,False,included,compatible_uncensored_replicate,SSCP-54ffe8422552c6fe
PAMPA:1512,GRP-c035045de6fb4362,2016_Furukawa,2016,1.0,False,included,compatible_uncensored_replicate,SSCP-c035045de6fb4362
PAMPA:1513,GRP-ab95b588ef13da41,2016_Furukawa,2016,1.0,False,included,compatible_uncensored_replicate,SSCP-ab95b588ef13da41
PAMPA:1514,GRP-1cb9de1b65ac95f1,2016_Furukawa,2016,1.0,False,included,compatible_uncensored_replicate,SSCP-1cb9de1b65ac95f1
PAMPA:1515,GRP-b7272de51a70d384,2016_Furukawa,2016,1.0,False,included,compatible_uncensored_replicate,SSCP-b7272de51a70d384
PAMPA:1516,GRP-a9c495baeb0958b1,2016_Furukawa,2016,1.0,False,included,compatible_uncensored_replicate,SSCP-a9c495baeb0958b1
PAMPA:1517,GRP-c02001d068c98f42,2016_Furukawa,2016,1.0,False,included,compatible_uncensored_replicate,SSCP-c02001d068c98f42
PAMPA:1518,GRP-910e5124f37a614a,2016_Furukawa,2016,1.0,False,included,compatible_uncensored_replicate,SSCP-910e5124f37a614a
PAMPA:1519,GRP-5c0c81664d1cf8a6,2016_Furukawa,2016,1.0,False,included,compatible_uncensored_replicate,SSCP-5c0c81664d1cf8a6
PAMPA:1520,GRP-ef4401133d09ec63,2016_Furukawa,2016,1.0,False,included,compatible_uncensored_replicate,SSCP-ef4401133d09ec63
PAMPA:1521,GRP-af4029a414a9473c,2016_Furukawa,2016,1.0,True,excluded,irrecoverably_censored_or_missing_label,
PAMPA:1522,GRP-bdbca21b6d6cb2d8,2016_Furukawa,2016,1.0,False,included,compatible_uncensored_replicate,SSCP-bdbca21b6d6cb2d8
PAMPA:1523,GRP-8ae7db6e46cd1d7e,2016_Furukawa,2016,1.0,False,included,compatible_uncensored_replicate,SSCP-8ae7db6e46cd1d7e
PAMPA:1524,GRP-6101bd873b4e8b63,2016_Furukawa,2016,1.0,False,included,compatible_uncensored_replicate,SSCP-6101bd873b4e8b63
PAMPA:1525,GRP-35acb237f48ccb13,2016_Furukawa,2016,1.0,False,included,compatible_uncensored_replicate,SSCP-35acb237f48ccb13
PAMPA:1526,GRP-f31e9b483a3393de,2016_Furukawa,2016,1.0,False,included,compatible_uncensored_replicate,SSCP-f31e9b483a3393de
PAMPA:1527,GRP-c07c2b0f26489eef,2016_Furukawa,2016,1.0,False,included,compatible_uncensored_replicate,SSCP-c07c2b0f26489eef
PAMPA:1528,GRP-7d877dae360456c1,2016_Furukawa,2016,1.0,False,included,compatible_uncensored_replicate,SSCP-7d877dae360456c1
PAMPA:1529,GRP-2ed32d464d39e7f8,2016_Furukawa,2016,1.0,False,included,compatible_uncensored_replicate,SSCP-2ed32d464d39e7f8
PAMPA:1530,GRP-33010e1584633619,2016_Furukawa,2016,1.0,False,included,compatible_uncensored_replicate,SSCP-33010e1584633619
PAMPA:1531,GRP-99fa14b3d42e899f,2016_Furukawa,2016,1.0,False,included,compatible_uncensored_replicate,SSCP-99fa14b3d42e899f
PAMPA:1532,GRP-590e1cefa644411c,2016_Furukawa,2016,1.0,False,included,compatible_uncensored_replicate,SSCP-590e1cefa644411c
PAMPA:1533,GRP-5233a166a5ca060d,2016_Furukawa,2016,1.0,False,included,compatible_uncensored_replicate,SSCP-5233a166a5ca060d
PAMPA:1534,GRP-f0c96e898a9749bc,2016_Furukawa,2016,1.0,False,included,compatible_uncensored_replicate,SSCP-f0c96e898a9749bc
PAMPA:1535,GRP-73043cf538b3f73b,2016_Furukawa,2016,1.0,False,included,compatible_uncensored_replicate,SSCP-73043cf538b3f73b
PAMPA:1536,GRP-27fb46c40435deef,2016_Furukawa,2016,1.0,False,included,compatible_uncensored_replicate,SSCP-27fb46c40435deef
PAMPA:1537,GRP-9136750a3a059d81,2016_Furukawa,2016,1.0,False,included,compatible_uncensored_replicate,SSCP-9136750a3a059d81
PAMPA:1538,GRP-1cf759fcf751f6b3,2016_Furukawa,2016,1.0,False,included,compatible_uncensored_replicate,SSCP-1cf759fcf751f6b3
PAMPA:1539,GRP-c2a4867d3137da91,2016_Furukawa,2016,1.0,False,included,compatible_uncensored_replicate,SSCP-c2a4867d3137da91
PAMPA:1540,GRP-591304ef46df433a,2016_Furukawa,2016,1.0,False,included,compatible_uncensored_replicate,SSCP-591304ef46df433a
PAMPA:1541,GRP-1022edce5b0e276b,2016_Furukawa,2016,1.0,False,included,compatible_uncensored_replicate,SSCP-1022edce5b0e276b
PAMPA:1542,GRP-c154d30924bc439b,2016_Furukawa,2016,1.0,False,included,compatible_uncensored_replicate,SSCP-c154d30924bc439b
PAMPA:1543,GRP-6189d0981366e989,2016_Furukawa,2016,1.0,False,included,compatible_uncensored_replicate,SSCP-6189d0981366e989
PAMPA:1544,GRP-ea360add17f58efb,2016_Furukawa,2016,1.0,False,included,compatible_uncensored_replicate,SSCP-ea360add17f58efb
PAMPA:1545,GRP-4360ec8effdcd383,2016_Furukawa,2016,1.0,False,included,compatible_uncensored_replicate,SSCP-4360ec8effdcd383
PAMPA:1546,GRP-a1126d0f63feb6d7,2016_Furukawa,2016,1.0,False,included,compatible_uncensored_replicate,SSCP-a1126d0f63feb6d7
PAMPA:1547,GRP-c1015c767dc10104,2016_Furukawa,2016,1.0,False,included,compatible_uncensored_replicate,SSCP-c1015c767dc10104
PAMPA:1548,GRP-3d045d72f46ec2ff,2016_Furukawa,2016,1.0,False,included,compatible_uncensored_replicate,SSCP-3d045d72f46ec2ff
PAMPA:1549,GRP-08583c51d0b145e8,2016_Furukawa,2016,1.0,False,included,compatible_uncensored_replicate,SSCP-08583c51d0b145e8
PAMPA:1550,GRP-6c41b33e3ca0a570,2016_Furukawa,2016,1.0,False,included,compatible_uncensored_replicate,SSCP-6c41b33e3ca0a570
PAMPA:1551,GRP-113be00eea03bc96,2016_Furukawa,2016,1.0,False,included,compatible_uncensored_replicate,SSCP-113be00eea03bc96
PAMPA:1552,GRP-726f9b0239ba5c64,2016_Furukawa,2016,1.0,False,included,compatible_uncensored_replicate,SSCP-726f9b0239ba5c64
PAMPA:1553,GRP-a1d42a8e9e5f6eca,2016_Furukawa,2016,1.0,False,included,compatible_uncensored_replicate,SSCP-a1d42a8e9e5f6eca
PAMPA:1554,GRP-e4a1f58d345e747e,2016_Furukawa,2016,1.0,False,included,compatible_uncensored_replicate,SSCP-e4a1f58d345e747e
PAMPA:1555,GRP-7cd0661973d77339,2016_Furukawa,2016,1.0,False,included,compatible_uncensored_replicate,SSCP-7cd0661973d77339
PAMPA:1556,GRP-4f9e42dff49a4d23,2016_Furukawa,2016,1.0,False,included,compatible_uncensored_replicate,SSCP-4f9e42dff49a4d23
PAMPA:1557,GRP-775a1009c0e52d63,2016_Furukawa,2016,1.0,False,included,compatible_uncensored_replicate,SSCP-775a1009c0e52d63
PAMPA:1558,GRP-b2bd4ed53f49a00c,2016_Furukawa,2016,1.0,False,included,compatible_uncensored_replicate,SSCP-b2bd4ed53f49a00c
PAMPA:1559,GRP-aa3f42b41ca7e75f,2016_Furukawa,2016,1.0,False,included,compatible_uncensored_replicate,SSCP-aa3f42b41ca7e75f
PAMPA:1560,GRP-5f6d77021b416e63,2016_Furukawa,2016,1.0,False,included,compatible_uncensored_replicate,SSCP-5f6d77021b416e63
PAMPA:1561,GRP-8cf556e869ef53ac,2016_Furukawa,2016,1.0,False,included,compatible_uncensored_replicate,SSCP-8cf556e869ef53ac
PAMPA:1562,GRP-e22a6dc95d34d382,2016_Furukawa,2016,1.0,False,included,compatible_uncensored_replicate,SSCP-e22a6dc95d34d382
PAMPA:1563,GRP-f8aced3489a6acd0,2016_Furukawa,2016,1.0,False,included,compatible_uncensored_replicate,SSCP-f8aced3489a6acd0
PAMPA:1564,GRP-b59dc33efdda006a,2016_Furukawa,2016,1.0,False,included,compatible_uncensored_replicate,SSCP-b59dc33efdda006a
PAMPA:1565,GRP-a9156b013e29b72d,2016_Furukawa,2016,1.0,False,included,compatible_uncensored_replicate,SSCP-a9156b013e29b72d
PAMPA:1566,GRP-574da1376a003674,2016_Furukawa,2016,1.0,False,included,compatible_uncensored_replicate,SSCP-574da1376a003674
PAMPA:1567,GRP-e215d0adde2598e7,2016_Furukawa,2016,1.0,False,included,compatible_uncensored_replicate,SSCP-e215d0adde2598e7
PAMPA:1568,GRP-f8f46b93cc79e377,2016_Furukawa,2016,1.0,False,included,compatible_uncensored_replicate,SSCP-f8f46b93cc79e377
PAMPA:1569,GRP-69baa2a6511b4a37,2016_Furukawa,2016,1.0,False,included,compatible_uncensored_replicate,SSCP-69baa2a6511b4a37
PAMPA:1570,GRP-013acd97e635c46c,2016_Furukawa,2016,1.0,False,included,compatible_uncensored_replicate,SSCP-013acd97e635c46c
PAMPA:1571,GRP-e8e9fbbcd77c26bc,2016_Furukawa,2016,1.0,False,included,compatible_uncensored_replicate,SSCP-e8e9fbbcd77c26bc
PAMPA:1572,GRP-392e4473f363ca34,2016_Furukawa,2016,1.0,False,included,compatible_uncensored_replicate,SSCP-392e4473f363ca34
PAMPA:1573,GRP-210ba4a8e8cb8104,2016_Furukawa,2016,1.0,False,included,compatible_uncensored_replicate,SSCP-210ba4a8e8cb8104
PAMPA:1574,GRP-f9ae266c789328d0,2016_Furukawa,2016,1.0,False,included,compatible_uncensored_replicate,SSCP-f9ae266c789328d0
PAMPA:1575,GRP-2ca15c66631974fd,2016_Furukawa,2016,1.0,False,included,compatible_uncensored_replicate,SSCP-2ca15c66631974fd
PAMPA:1576,GRP-35dc08f82e7b1bee,2016_Furukawa,2016,1.0,False,included,compatible_uncensored_replicate,SSCP-35dc08f82e7b1bee
PAMPA:1577,GRP-7588e59dab4e8aa2,2016_Furukawa,2016,1.0,False,included,compatible_uncensored_replicate,SSCP-7588e59dab4e8aa2
PAMPA:1578,GRP-e6c5219964bb92e3,2016_Furukawa,2016,1.0,False,included,compatible_uncensored_replicate,SSCP-e6c5219964bb92e3
PAMPA:1579,GRP-f595ea4364101471,2016_Furukawa,2016,1.0,False,included,compatible_uncensored_replicate,SSCP-f595ea4364101471
PAMPA:1580,GRP-cd3178c2245ad24c,2016_Furukawa,2016,1.0,False,included,compatible_uncensored_replicate,SSCP-cd3178c2245ad24c
PAMPA:1581,GRP-6c6984b3257c90bc,2016_Furukawa,2016,1.0,False,included,compatible_uncensored_replicate,SSCP-6c6984b3257c90bc
PAMPA:1582,GRP-4180bf73882e79db,2016_Furukawa,2016,1.0,False,included,compatible_uncensored_replicate,SSCP-4180bf73882e79db
PAMPA:1583,GRP-323ab0bc177d428c,2016_Furukawa,2016,1.0,False,included,compatible_uncensored_replicate,SSCP-323ab0bc177d428c
PAMPA:1584,GRP-db75023fc3cf54c5,2016_Furukawa,2016,1.0,False,included,compatible_uncensored_replicate,SSCP-db75023fc3cf54c5
PAMPA:1585,GRP-5ef9857c0fc84433,2016_Furukawa,2016,1.0,False,included,compatible_uncensored_replicate,SSCP-5ef9857c0fc84433
PAMPA:1586,GRP-69ee34f7283207db,2016_Furukawa,2016,1.0,False,included,compatible_uncensored_replicate,SSCP-69ee34f7283207db
PAMPA:1587,GRP-0c3794e432c93971,2016_Furukawa,2016,1.0,False,included,compatible_uncensored_replicate,SSCP-0c3794e432c93971
PAMPA:1588,GRP-e424cf7448640560,2016_Furukawa,2016,1.0,False,included,compatible_uncensored_replicate,SSCP-e424cf7448640560
PAMPA:1589,GRP-bbfc16084866ff33,2016_Furukawa,2016,1.0,False,included,compatible_uncensored_replicate,SSCP-bbfc16084866ff33
PAMPA:1590,GRP-f946858fbab35586,2016_Furukawa,2016,1.0,False,included,compatible_uncensored_replicate,SSCP-f946858fbab35586
PAMPA:1591,GRP-214d229ec3d9fbe1,2016_Furukawa,2016,1.0,False,included,compatible_uncensored_replicate,SSCP-214d229ec3d9fbe1
PAMPA:1592,GRP-39abad56461551d2,2016_Furukawa,2016,1.0,False,included,compatible_uncensored_replicate,SSCP-39abad56461551d2
PAMPA:1593,GRP-e405fcaaf843c1b3,2016_Furukawa,2016,1.0,False,included,compatible_uncensored_replicate,SSCP-e405fcaaf843c1b3
PAMPA:1594,GRP-28cf39bac48366ee,2016_Furukawa,2016,1.0,False,included,compatible_uncensored_replicate,SSCP-28cf39bac48366ee
PAMPA:1595,GRP-8427d9ee81ec29e2,2016_Furukawa,2016,1.0,False,included,compatible_uncensored_replicate,SSCP-8427d9ee81ec29e2
PAMPA:1596,GRP-e9e2ab2378ac7b00,2016_Furukawa,2016,1.0,False,included,compatible_uncensored_replicate,SSCP-e9e2ab2378ac7b00
PAMPA:1597,GRP-705aa6dc25ad4ac3,2016_Furukawa,2016,1.0,False,included,compatible_uncensored_replicate,SSCP-705aa6dc25ad4ac3
PAMPA:1598,GRP-81d4de7a65cb4aa9,2016_Furukawa,2016,1.0,False,included,compatible_uncensored_replicate,SSCP-81d4de7a65cb4aa9
PAMPA:1599,GRP-e89c5e2f1257bc40,2016_Furukawa,2016,1.0,False,included,compatible_uncensored_replicate,SSCP-e89c5e2f1257bc40
PAMPA:1600,GRP-c21b86190446e4b0,2016_Furukawa,2016,1.0,False,included,compatible_uncensored_replicate,SSCP-c21b86190446e4b0
PAMPA:1601,GRP-fcb98941771c5ba2,2016_Furukawa,2016,1.0,False,included,compatible_uncensored_replicate,SSCP-fcb98941771c5ba2
PAMPA:1602,GRP-3d90edbbb1ea9612,2016_Furukawa,2016,1.0,False,included,compatible_uncensored_replicate,SSCP-3d90edbbb1ea9612
PAMPA:1603,GRP-fc915f7e3c311c5b,2016_Furukawa,2016,1.0,False,included,compatible_uncensored_replicate,SSCP-fc915f7e3c311c5b
PAMPA:1604,GRP-339693bf35df21b8,2016_Furukawa,2016,1.0,False,included,compatible_uncensored_replicate,SSCP-339693bf35df21b8
PAMPA:1605,GRP-3c7908e2671e147e,2016_Furukawa,2016,1.0,False,included,compatible_uncensored_replicate,SSCP-3c7908e2671e147e
PAMPA:1606,GRP-d4b90fddc3bb1259,2016_Furukawa,2016,1.0,False,included,compatible_uncensored_replicate,SSCP-d4b90fddc3bb1259
PAMPA:1607,GRP-f24edd42d740139f,2016_Furukawa,2016,1.0,False,included,compatible_uncensored_replicate,SSCP-f24edd42d740139f
PAMPA:1608,GRP-09a3d2a194610044,2016_Furukawa,2016,1.0,False,included,compatible_uncensored_replicate,SSCP-09a3d2a194610044
PAMPA:1609,GRP-3e6928379452ca8b,2016_Furukawa,2016,1.0,False,included,compatible_uncensored_replicate,SSCP-3e6928379452ca8b
PAMPA:1610,GRP-9dec4462d94f81b0,2016_Furukawa,2016,1.0,False,included,compatible_uncensored_replicate,SSCP-9dec4462d94f81b0
PAMPA:1611,GRP-a89a3ab2f425c3f6,2016_Furukawa,2016,1.0,False,included,compatible_uncensored_replicate,SSCP-a89a3ab2f425c3f6
PAMPA:1612,GRP-96514ea028d74d38,2016_Furukawa,2016,1.0,False,included,compatible_uncensored_replicate,SSCP-96514ea028d74d38
PAMPA:1613,GRP-7f42d06a6265efc0,2016_Furukawa,2016,1.0,False,included,compatible_uncensored_replicate,SSCP-7f42d06a6265efc0
PAMPA:1614,GRP-52fcc2fe8f2487a9,2016_Furukawa,2016,1.0,False,included,compatible_uncensored_replicate,SSCP-52fcc2fe8f2487a9
PAMPA:1615,GRP-c7be33c9fbd4bd58,2016_Furukawa,2016,1.0,False,included,compatible_uncensored_replicate,SSCP-c7be33c9fbd4bd58
PAMPA:1616,GRP-2dbd5995f7680e10,2016_Furukawa,2016,1.0,False,included,compatible_uncensored_replicate,SSCP-2dbd5995f7680e10
PAMPA:1617,GRP-0c2e7bcec9e125fe,2016_Furukawa,2016,1.0,False,included,compatible_uncensored_replicate,SSCP-0c2e7bcec9e125fe
PAMPA:1618,GRP-a554b0cd844273f8,2016_Furukawa,2016,1.0,False,included,compatible_uncensored_replicate,SSCP-a554b0cd844273f8
PAMPA:1619,GRP-5ee1aef80c59d124,2016_Furukawa,2016,1.0,False,included,compatible_uncensored_replicate,SSCP-5ee1aef80c59d124
PAMPA:1620,GRP-a64403311324522b,2016_Furukawa,2016,1.0,False,included,compatible_uncensored_replicate,SSCP-a64403311324522b
PAMPA:1621,GRP-08c2a6a0e6ca82dd,2016_Furukawa,2016,1.0,False,included,compatible_uncensored_replicate,SSCP-08c2a6a0e6ca82dd
PAMPA:1622,GRP-c8493802b8d32c0d,2016_Furukawa,2016,1.0,False,included,compatible_uncensored_replicate,SSCP-c8493802b8d32c0d
PAMPA:1623,GRP-051c59dccea1cc72,2016_Furukawa,2016,1.0,False,included,compatible_uncensored_replicate,SSCP-051c59dccea1cc72
PAMPA:1624,GRP-c80874c76d406ba5,2016_Furukawa,2016,1.0,False,included,compatible_uncensored_replicate,SSCP-c80874c76d406ba5
PAMPA:1625,GRP-d46c23fd2cee76a3,2016_Furukawa,2016,1.0,False,included,compatible_uncensored_replicate,SSCP-d46c23fd2cee76a3
PAMPA:1626,GRP-669561f86bc8c954,2016_Furukawa,2016,1.0,False,included,compatible_uncensored_replicate,SSCP-669561f86bc8c954
PAMPA:1627,GRP-2609051475891bf6,2016_Furukawa,2016,1.0,False,included,compatible_uncensored_replicate,SSCP-2609051475891bf6
PAMPA:1628,GRP-982d94feba9efbd0,2016_Furukawa,2016,1.0,False,included,compatible_uncensored_replicate,SSCP-982d94feba9efbd0
PAMPA:1629,GRP-f14044cc306b1e7f,2016_Furukawa,2016,1.0,False,included,compatible_uncensored_replicate,SSCP-f14044cc306b1e7f
PAMPA:1630,GRP-d5df2e59061fec2d,2016_Furukawa,2016,1.0,False,included,compatible_uncensored_replicate,SSCP-d5df2e59061fec2d
PAMPA:1631,GRP-3d47629c5c4ef604,2016_Furukawa,2016,1.0,False,included,compatible_uncensored_replicate,SSCP-3d47629c5c4ef604
PAMPA:1632,GRP-ff1dc86539d7f45c,2016_Furukawa,2016,1.0,False,included,compatible_uncensored_replicate,SSCP-ff1dc86539d7f45c
PAMPA:1633,GRP-e638c1c2970dcef7,2016_Furukawa,2016,1.0,False,included,compatible_uncensored_replicate,SSCP-e638c1c2970dcef7
PAMPA:1634,GRP-9aeabe019615b96e,2016_Furukawa,2016,1.0,False,included,compatible_uncensored_replicate,SSCP-9aeabe019615b96e
PAMPA:1635,GRP-a932ca95052ae2a9,2016_Furukawa,2016,1.0,False,included,compatible_uncensored_replicate,SSCP-a932ca95052ae2a9
PAMPA:1636,GRP-106d6d4ac2f8a2ce,2016_Furukawa,2016,1.0,False,included,compatible_uncensored_replicate,SSCP-106d6d4ac2f8a2ce
PAMPA:1637,GRP-81c985325bc06beb,2016_Furukawa,2016,1.0,False,included,compatible_uncensored_replicate,SSCP-81c985325bc06beb
PAMPA:1638,GRP-064e09136acb8b6d,2016_Furukawa,2016,1.0,False,included,compatible_uncensored_replicate,SSCP-064e09136acb8b6d
PAMPA:1639,GRP-ea7a8a225a52deb7,2016_Furukawa,2016,1.0,False,included,compatible_uncensored_replicate,SSCP-ea7a8a225a52deb7
PAMPA:1640,GRP-147cd6a6f73603de,2016_Furukawa,2016,1.0,False,included,compatible_uncensored_replicate,SSCP-147cd6a6f73603de
PAMPA:1641,GRP-1cb55129519d05b3,2016_Furukawa,2016,1.0,False,included,compatible_uncensored_replicate,SSCP-1cb55129519d05b3
PAMPA:1642,GRP-6e0811efcb93a7c1,2016_Furukawa,2016,1.0,False,included,compatible_uncensored_replicate,SSCP-6e0811efcb93a7c1
PAMPA:1643,GRP-78b2f5836fa77281,2016_Furukawa,2016,1.0,False,included,compatible_uncensored_replicate,SSCP-78b2f5836fa77281
PAMPA:1644,GRP-912f9cf7200f28c2,2016_Furukawa,2016,1.0,False,included,compatible_uncensored_replicate,SSCP-912f9cf7200f28c2
PAMPA:1645,GRP-2a0657c91f4f42e0,2016_Furukawa,2016,1.0,False,included,compatible_uncensored_replicate,SSCP-2a0657c91f4f42e0
PAMPA:1646,GRP-7bd5903780aef536,2016_Furukawa,2016,1.0,False,included,compatible_uncensored_replicate,SSCP-7bd5903780aef536
PAMPA:1647,GRP-787077e6f935d110,2016_Furukawa,2016,1.0,False,included,compatible_uncensored_replicate,SSCP-787077e6f935d110
PAMPA:1648,GRP-c4d38fa122ba6742,2016_Furukawa,2016,1.0,False,included,compatible_uncensored_replicate,SSCP-c4d38fa122ba6742
PAMPA:1649,GRP-67028a47e680cd2d,2016_Furukawa,2016,1.0,False,included,compatible_uncensored_replicate,SSCP-67028a47e680cd2d
PAMPA:1650,GRP-f234f03c0eb6bfee,2016_Furukawa,2016,1.0,False,included,compatible_uncensored_replicate,SSCP-f234f03c0eb6bfee
PAMPA:1651,GRP-f9abd17f5762030f,2016_Furukawa,2016,1.0,False,included,compatible_uncensored_replicate,SSCP-f9abd17f5762030f
PAMPA:1652,GRP-71cd2fa1eab1a879,2016_Furukawa,2016,1.0,False,included,compatible_uncensored_replicate,SSCP-71cd2fa1eab1a879
PAMPA:1653,GRP-cb00cb7fd2bb7c1e,2016_Furukawa,2016,1.0,False,included,compatible_uncensored_replicate,SSCP-cb00cb7fd2bb7c1e
PAMPA:1654,GRP-8a0b3f99b47b1ba0,2016_Furukawa,2016,1.0,False,included,compatible_uncensored_replicate,SSCP-8a0b3f99b47b1ba0
PAMPA:1655,GRP-2b6d2950c04a9f81,2016_Furukawa,2016,1.0,False,included,compatible_uncensored_replicate,SSCP-2b6d2950c04a9f81
PAMPA:1656,GRP-1e7dc13dc45c4771,2016_Furukawa,2016,1.0,False,included,compatible_uncensored_replicate,SSCP-1e7dc13dc45c4771
PAMPA:1657,GRP-436ebeea537969a0,2016_Furukawa,2016,1.0,False,included,compatible_uncensored_replicate,SSCP-436ebeea537969a0
PAMPA:1658,GRP-fe4d1748189c33bf,2016_Furukawa,2016,1.0,False,included,compatible_uncensored_replicate,SSCP-fe4d1748189c33bf
PAMPA:1659,GRP-75d04da78cfc146c,2016_Furukawa,2016,1.0,False,included,compatible_uncensored_replicate,SSCP-75d04da78cfc146c
PAMPA:1660,GRP-19631882ef0d6f99,2016_Furukawa,2016,1.0,False,included,compatible_uncensored_replicate,SSCP-19631882ef0d6f99
PAMPA:1661,GRP-823de5ded496d7b7,2016_Furukawa,2016,1.0,False,included,compatible_uncensored_replicate,SSCP-823de5ded496d7b7
PAMPA:1662,GRP-d8baa48c4312bbfb,2016_Furukawa,2016,1.0,False,included,compatible_uncensored_replicate,SSCP-d8baa48c4312bbfb
PAMPA:1663,GRP-c98affdd6977e92e,2016_Furukawa,2016,1.0,False,included,compatible_uncensored_replicate,SSCP-c98affdd6977e92e
PAMPA:1664,GRP-cb066c6b737e8a1c,2016_Furukawa,2016,1.0,False,included,compatible_uncensored_replicate,SSCP-cb066c6b737e8a1c
PAMPA:1665,GRP-2538f1bc8b8e7c24,2016_Furukawa,2016,1.0,False,included,compatible_uncensored_replicate,SSCP-2538f1bc8b8e7c24
PAMPA:1666,GRP-ba046d7bd2d3a506,2016_Furukawa,2016,1.0,False,included,compatible_uncensored_replicate,SSCP-ba046d7bd2d3a506
PAMPA:1667,GRP-dc3a172314f87daf,2016_Furukawa,2016,1.0,False,included,compatible_uncensored_replicate,SSCP-dc3a172314f87daf
PAMPA:1668,GRP-abc699d2a49faf63,2016_Furukawa,2016,1.0,False,included,compatible_uncensored_replicate,SSCP-abc699d2a49faf63
PAMPA:1669,GRP-cad6e2b4eace0fa7,2016_Furukawa,2016,1.0,False,included,compatible_uncensored_replicate,SSCP-cad6e2b4eace0fa7
PAMPA:1670,GRP-cf1ae9aaf69e2117,2016_Furukawa,2016,1.0,False,included,compatible_uncensored_replicate,SSCP-cf1ae9aaf69e2117
PAMPA:1671,GRP-95f2e273fedf70a1,2016_Furukawa,2016,1.0,False,included,compatible_uncensored_replicate,SSCP-95f2e273fedf70a1
PAMPA:1672,GRP-211b98fda3fafb36,2016_Furukawa,2016,1.0,False,included,compatible_uncensored_replicate,SSCP-211b98fda3fafb36
PAMPA:1673,GRP-aea81424627291a7,2016_Furukawa,2016,1.0,False,included,compatible_uncensored_replicate,SSCP-aea81424627291a7
PAMPA:1674,GRP-98e89a1fadb80106,2016_Furukawa,2016,1.0,False,included,compatible_uncensored_replicate,SSCP-98e89a1fadb80106
PAMPA:1675,GRP-4ae6eec72c9dcea4,2016_Furukawa,2016,1.0,False,included,compatible_uncensored_replicate,SSCP-4ae6eec72c9dcea4
PAMPA:1676,GRP-6cc89c77a35e7a6b,2016_Furukawa,2016,1.0,False,included,compatible_uncensored_replicate,SSCP-6cc89c77a35e7a6b
PAMPA:1677,GRP-1b3b8aee0a6c3644,2016_Furukawa,2016,1.0,False,included,compatible_uncensored_replicate,SSCP-1b3b8aee0a6c3644
PAMPA:1678,GRP-d97d163137035811,2016_Furukawa,2016,1.0,False,included,compatible_uncensored_replicate,SSCP-d97d163137035811
PAMPA:1679,GRP-8b2a85ed0ff83499,2016_Furukawa,2016,1.0,False,included,compatible_uncensored_replicate,SSCP-8b2a85ed0ff83499
PAMPA:1680,GRP-084f42149f5c585a,2016_Furukawa,2016,1.0,False,included,compatible_uncensored_replicate,SSCP-084f42149f5c585a
PAMPA:1681,GRP-aff91c6bf2d171be,2016_Furukawa,2016,1.0,False,included,compatible_uncensored_replicate,SSCP-aff91c6bf2d171be
PAMPA:1682,GRP-3704f22caef55951,2016_Furukawa,2016,1.0,False,included,compatible_uncensored_replicate,SSCP-3704f22caef55951
PAMPA:1683,GRP-79ca227863fc1e5f,2016_Furukawa,2016,1.0,False,included,compatible_uncensored_replicate,SSCP-79ca227863fc1e5f
PAMPA:1684,GRP-f27bab9250684e63,2016_Furukawa,2016,1.0,False,included,compatible_uncensored_replicate,SSCP-f27bab9250684e63
PAMPA:1685,GRP-29c679a936d88a00,2016_Furukawa,2016,1.0,False,included,compatible_uncensored_replicate,SSCP-29c679a936d88a00
PAMPA:1686,GRP-d761719c298af998,2016_Furukawa,2016,1.0,False,included,compatible_uncensored_replicate,SSCP-d761719c298af998
PAMPA:1687,GRP-fe8943c3d13216f0,2016_Furukawa,2016,1.0,False,included,compatible_uncensored_replicate,SSCP-fe8943c3d13216f0
PAMPA:1688,GRP-1db0d9ebfa3d4347,2016_Furukawa,2016,1.0,False,included,compatible_uncensored_replicate,SSCP-1db0d9ebfa3d4347
PAMPA:1689,GRP-27d502ea762ad20b,2016_Furukawa,2016,1.0,False,included,compatible_uncensored_replicate,SSCP-27d502ea762ad20b
PAMPA:1690,GRP-7ab134a30b9878c6,2016_Furukawa,2016,1.0,False,included,compatible_uncensored_replicate,SSCP-7ab134a30b9878c6
PAMPA:1691,GRP-776608c7bc8d94e4,2016_Furukawa,2016,1.0,False,included,compatible_uncensored_replicate,SSCP-776608c7bc8d94e4
PAMPA:1692,GRP-1cf069faa2c4b5ea,2016_Furukawa,2016,1.0,False,included,compatible_uncensored_replicate,SSCP-1cf069faa2c4b5ea
PAMPA:1693,GRP-d36090022d2323c3,2016_Furukawa,2016,1.0,False,included,compatible_uncensored_replicate,SSCP-d36090022d2323c3
PAMPA:1694,GRP-70c431b8b0bccf9a,2016_Furukawa,2016,1.0,False,included,compatible_uncensored_replicate,SSCP-70c431b8b0bccf9a
PAMPA:1695,GRP-5701005faec66d63,2016_Furukawa,2016,1.0,False,included,compatible_uncensored_replicate,SSCP-5701005faec66d63
PAMPA:1696,GRP-9963a08c7de707af,2016_Furukawa,2016,1.0,False,included,compatible_uncensored_replicate,SSCP-9963a08c7de707af
PAMPA:1697,GRP-22d03a76581c2e45,2016_Furukawa,2016,1.0,False,included,compatible_uncensored_replicate,SSCP-22d03a76581c2e45
PAMPA:1698,GRP-adeb09bdd31083c9,2016_Furukawa,2016,1.0,False,included,compatible_uncensored_replicate,SSCP-adeb09bdd31083c9
PAMPA:1699,GRP-8a656737fb32b887,2016_Furukawa,2016,1.0,False,included,compatible_uncensored_replicate,SSCP-8a656737fb32b887
PAMPA:1700,GRP-97490b2ea7937485,2016_Furukawa,2016,1.0,False,included,compatible_uncensored_replicate,SSCP-97490b2ea7937485
PAMPA:1701,GRP-5c5a6b0169af7a69,2016_Furukawa,2016,1.0,False,included,compatible_uncensored_replicate,SSCP-5c5a6b0169af7a69
PAMPA:1702,GRP-9c4fd0359f495b48,2016_Furukawa,2016,1.0,False,included,compatible_uncensored_replicate,SSCP-9c4fd0359f495b48
PAMPA:1703,GRP-15b294c00698bcf4,2016_Furukawa,2016,1.0,False,included,compatible_uncensored_replicate,SSCP-15b294c00698bcf4
PAMPA:1704,GRP-58f30935bcc52d52,2016_Furukawa,2016,1.0,False,included,compatible_uncensored_replicate,SSCP-58f30935bcc52d52
PAMPA:1705,GRP-b940c9081bb41d20,2016_Furukawa,2016,1.0,False,included,compatible_uncensored_replicate,SSCP-b940c9081bb41d20
PAMPA:1706,GRP-2f51ebbc020cb07f,2016_Furukawa,2016,1.0,False,included,compatible_uncensored_replicate,SSCP-2f51ebbc020cb07f
PAMPA:1707,GRP-107ee5b0338a5feb,2016_Furukawa,2016,1.0,False,included,compatible_uncensored_replicate,SSCP-107ee5b0338a5feb
PAMPA:1708,GRP-803dab4f1e602d43,2016_Furukawa,2016,1.0,False,included,compatible_uncensored_replicate,SSCP-803dab4f1e602d43
PAMPA:1709,GRP-721f25377a23065a,2016_Furukawa,2016,1.0,False,included,compatible_uncensored_replicate,SSCP-721f25377a23065a
PAMPA:1710,GRP-bfb5eede588d90d1,2016_Furukawa,2016,1.0,False,included,compatible_uncensored_replicate,SSCP-bfb5eede588d90d1
PAMPA:1711,GRP-94be9fb76e749a52,2016_Furukawa,2016,1.0,False,included,compatible_uncensored_replicate,SSCP-94be9fb76e749a52
PAMPA:1712,GRP-0390d0b416b1cfab,2016_Furukawa,2016,1.0,False,included,compatible_uncensored_replicate,SSCP-0390d0b416b1cfab
PAMPA:1713,GRP-b90ec58b724d3931,2016_Furukawa,2016,1.0,False,included,compatible_uncensored_replicate,SSCP-b90ec58b724d3931
PAMPA:1714,GRP-54fc17255363cb28,2016_Furukawa,2016,1.0,False,included,compatible_uncensored_replicate,SSCP-54fc17255363cb28
PAMPA:1715,GRP-9d7f32d9596aaf20,2016_Furukawa,2016,1.0,False,included,compatible_uncensored_replicate,SSCP-9d7f32d9596aaf20
PAMPA:1716,GRP-a3e9267a47f52e46,2016_Furukawa,2016,1.0,False,included,compatible_uncensored_replicate,SSCP-a3e9267a47f52e46
PAMPA:1717,GRP-b2c00ee2bcabb072,2016_Furukawa,2016,1.0,False,included,compatible_uncensored_replicate,SSCP-b2c00ee2bcabb072
PAMPA:1718,GRP-550a16e1db08b1e4,2016_Furukawa,2016,1.0,False,included,compatible_uncensored_replicate,SSCP-550a16e1db08b1e4
PAMPA:1719,GRP-c0feeaf913e44ad4,2016_Furukawa,2016,1.0,False,included,compatible_uncensored_replicate,SSCP-c0feeaf913e44ad4
PAMPA:1720,GRP-a14f71c3681d4e79,2016_Furukawa,2016,1.0,False,included,compatible_uncensored_replicate,SSCP-a14f71c3681d4e79
PAMPA:1721,GRP-ab87339afc7e3db2,2016_Furukawa,2016,1.0,False,included,compatible_uncensored_replicate,SSCP-ab87339afc7e3db2
PAMPA:1722,GRP-ecbdd7b907cfe339,2016_Furukawa,2016,1.0,False,included,compatible_uncensored_replicate,SSCP-ecbdd7b907cfe339
PAMPA:1723,GRP-22225b162c0e7fcf,2016_Furukawa,2016,1.0,False,included,compatible_uncensored_replicate,SSCP-22225b162c0e7fcf
PAMPA:1724,GRP-d223076a555cb56d,2016_Furukawa,2016,1.0,False,included,compatible_uncensored_replicate,SSCP-d223076a555cb56d
PAMPA:1725,GRP-a75d459f665c77b1,2016_Furukawa,2016,1.0,False,included,compatible_uncensored_replicate,SSCP-a75d459f665c77b1
PAMPA:1726,GRP-23a61c94d87f4a5a,2016_Furukawa,2016,1.0,False,included,compatible_uncensored_replicate,SSCP-23a61c94d87f4a5a
PAMPA:1727,GRP-b9ba20ec64664469,2016_Furukawa,2016,1.0,False,included,compatible_uncensored_replicate,SSCP-b9ba20ec64664469
PAMPA:1728,GRP-37af6ad4b659ab09,2016_Furukawa,2016,1.0,False,included,compatible_uncensored_replicate,SSCP-37af6ad4b659ab09
PAMPA:1729,GRP-c5f9401d9a7288ef,2016_Furukawa,2016,1.0,False,included,compatible_uncensored_replicate,SSCP-c5f9401d9a7288ef
PAMPA:1730,GRP-5d73be0d677fbb17,2016_Furukawa,2016,1.0,False,included,compatible_uncensored_replicate,SSCP-5d73be0d677fbb17
PAMPA:1731,GRP-6ec90c3a28200df1,2016_Furukawa,2016,1.0,False,included,compatible_uncensored_replicate,SSCP-6ec90c3a28200df1
PAMPA:1732,GRP-8c7979d0ec931dfa,2016_Furukawa,2016,1.0,False,included,compatible_uncensored_replicate,SSCP-8c7979d0ec931dfa
PAMPA:1733,GRP-ee7b129a22158274,2016_Furukawa,2016,1.0,False,included,compatible_uncensored_replicate,SSCP-ee7b129a22158274
PAMPA:1734,GRP-3ed5e43bc17d22c9,2016_Furukawa,2016,1.0,False,included,compatible_uncensored_replicate,SSCP-3ed5e43bc17d22c9
PAMPA:1735,GRP-2d74cec0ca735cbe,2016_Furukawa,2016,1.0,False,included,compatible_uncensored_replicate,SSCP-2d74cec0ca735cbe
PAMPA:1736,GRP-25e96080dcf37e9f,2016_Furukawa,2016,1.0,False,included,compatible_uncensored_replicate,SSCP-25e96080dcf37e9f
PAMPA:1737,GRP-ed92419cf27b71c9,2016_Furukawa,2016,1.0,False,included,compatible_uncensored_replicate,SSCP-ed92419cf27b71c9
PAMPA:1738,GRP-fbc33f99ca3e57ad,2016_Furukawa,2016,1.0,False,included,compatible_uncensored_replicate,SSCP-fbc33f99ca3e57ad
PAMPA:1739,GRP-45d66c23109777f9,2016_Furukawa,2016,1.0,False,included,compatible_uncensored_replicate,SSCP-45d66c23109777f9
PAMPA:1740,GRP-0ea2e73c0ebeb556,2016_Furukawa,2016,1.0,False,included,compatible_uncensored_replicate,SSCP-0ea2e73c0ebeb556
PAMPA:1741,GRP-1e12fdb154503f73,2016_Furukawa,2016,1.0,False,included,compatible_uncensored_replicate,SSCP-1e12fdb154503f73
PAMPA:1742,GRP-2abfb2c811b06b9e,2016_Furukawa,2016,1.0,False,included,compatible_uncensored_replicate,SSCP-2abfb2c811b06b9e
PAMPA:1743,GRP-8b817c5d1d139239,2016_Furukawa,2016,1.0,False,included,compatible_uncensored_replicate,SSCP-8b817c5d1d139239
PAMPA:1744,GRP-6b6fcebbc1bf7824,2016_Furukawa,2016,1.0,False,included,compatible_uncensored_replicate,SSCP-6b6fcebbc1bf7824
PAMPA:1745,GRP-ebf8aa409abae191,2016_Furukawa,2016,1.0,False,included,compatible_uncensored_replicate,SSCP-ebf8aa409abae191
PAMPA:1746,GRP-3a63ad5fb85c1ad7,2016_Furukawa,2016,1.0,False,included,compatible_uncensored_replicate,SSCP-3a63ad5fb85c1ad7
PAMPA:1747,GRP-45c050e7329d400e,2016_Furukawa,2016,1.0,False,included,compatible_uncensored_replicate,SSCP-45c050e7329d400e
PAMPA:1748,GRP-cd3a0370daa2b653,2016_Furukawa,2016,1.0,False,included,compatible_uncensored_replicate,SSCP-cd3a0370daa2b653
PAMPA:1749,GRP-26735b5febce44d6,2016_Furukawa,2016,1.0,False,included,compatible_uncensored_replicate,SSCP-26735b5febce44d6
PAMPA:1750,GRP-63879fc3baab7730,2016_Furukawa,2016,1.0,False,included,compatible_uncensored_replicate,SSCP-63879fc3baab7730
PAMPA:1751,GRP-71389076d7955097,2016_Furukawa,2016,1.0,False,included,compatible_uncensored_replicate,SSCP-71389076d7955097
PAMPA:1752,GRP-a19cdbfedf83df91,2016_Furukawa,2016,1.0,False,included,compatible_uncensored_replicate,SSCP-a19cdbfedf83df91
PAMPA:1753,GRP-3eb736fc5c8cd3b9,2016_Furukawa,2016,1.0,False,included,compatible_uncensored_replicate,SSCP-3eb736fc5c8cd3b9
PAMPA:1754,GRP-c17cefa554bb546e,2016_Furukawa,2016,1.0,False,included,compatible_uncensored_replicate,SSCP-c17cefa554bb546e
PAMPA:1755,GRP-41b99de12cca8584,2016_Furukawa,2016,1.0,False,included,compatible_uncensored_replicate,SSCP-41b99de12cca8584
PAMPA:1756,GRP-7a6608e0f8d0cc78,2016_Furukawa,2016,1.0,False,included,compatible_uncensored_replicate,SSCP-7a6608e0f8d0cc78
PAMPA:1757,GRP-2615d2060699bfce,2016_Furukawa,2016,1.0,False,included,compatible_uncensored_replicate,SSCP-2615d2060699bfce
PAMPA:1758,GRP-2bfdc7d2e5cd7d70,2016_Furukawa,2016,1.0,False,included,compatible_uncensored_replicate,SSCP-2bfdc7d2e5cd7d70
PAMPA:1759,GRP-dc33bf30e0dde2a1,2016_Furukawa,2016,1.0,False,included,compatible_uncensored_replicate,SSCP-dc33bf30e0dde2a1
PAMPA:1760,GRP-c7dc840fe05412f1,2016_Furukawa,2016,1.0,False,included,compatible_uncensored_replicate,SSCP-c7dc840fe05412f1
PAMPA:1761,GRP-3fa88e59825ae80e,2016_Furukawa,2016,1.0,False,included,compatible_uncensored_replicate,SSCP-3fa88e59825ae80e
PAMPA:1762,GRP-2af68cd99e476314,2016_Furukawa,2016,1.0,False,included,compatible_uncensored_replicate,SSCP-2af68cd99e476314
PAMPA:1763,GRP-d97c17ab986d2aac,2016_Furukawa,2016,1.0,False,included,compatible_uncensored_replicate,SSCP-d97c17ab986d2aac
PAMPA:1764,GRP-2b63ffcaa25b3f3c,2016_Furukawa,2016,1.0,False,included,compatible_uncensored_replicate,SSCP-2b63ffcaa25b3f3c
PAMPA:1765,GRP-dcdae5832e6f2fb2,2016_Furukawa,2016,1.0,False,included,compatible_uncensored_replicate,SSCP-dcdae5832e6f2fb2
PAMPA:1766,GRP-7b7a823d56112417,2016_Furukawa,2016,1.0,False,included,compatible_uncensored_replicate,SSCP-7b7a823d56112417
PAMPA:1767,GRP-c7100d80620e1e79,2016_Furukawa,2016,1.0,False,included,compatible_uncensored_replicate,SSCP-c7100d80620e1e79
PAMPA:1768,GRP-ac85b5bae736b580,2016_Furukawa,2016,1.0,False,included,compatible_uncensored_replicate,SSCP-ac85b5bae736b580
PAMPA:1769,GRP-e8d2c1b43279976a,2016_Furukawa,2016,1.0,False,included,compatible_uncensored_replicate,SSCP-e8d2c1b43279976a
PAMPA:1770,GRP-f4410a680c70a94e,2016_Furukawa,2016,1.0,False,included,compatible_uncensored_replicate,SSCP-f4410a680c70a94e
PAMPA:1771,GRP-e61c644d5fdeef20,2016_Furukawa,2016,1.0,False,included,compatible_uncensored_replicate,SSCP-e61c644d5fdeef20
PAMPA:1772,GRP-b99a2ac65f8cb3ed,2016_Furukawa,2016,1.0,False,included,compatible_uncensored_replicate,SSCP-b99a2ac65f8cb3ed
PAMPA:1773,GRP-72ada3cf97d49d9a,2016_Furukawa,2016,1.0,False,included,compatible_uncensored_replicate,SSCP-72ada3cf97d49d9a
PAMPA:1774,GRP-9adc496c82422ac6,2016_Furukawa,2016,1.0,False,included,compatible_uncensored_replicate,SSCP-9adc496c82422ac6
PAMPA:1775,GRP-66b3fadaeb32c894,2016_Furukawa,2016,1.0,False,included,compatible_uncensored_replicate,SSCP-66b3fadaeb32c894
PAMPA:1776,GRP-bea693ac65e749d0,2016_Furukawa,2016,1.0,False,included,compatible_uncensored_replicate,SSCP-bea693ac65e749d0
PAMPA:1777,GRP-9fd1c91770bc45db,2016_Furukawa,2016,1.0,False,included,compatible_uncensored_replicate,SSCP-9fd1c91770bc45db
PAMPA:1778,GRP-af00faf4c56a600b,2016_Furukawa,2016,1.0,False,included,compatible_uncensored_replicate,SSCP-af00faf4c56a600b
PAMPA:1779,GRP-056821a4fe54c29c,2016_Furukawa,2016,1.0,False,included,compatible_uncensored_replicate,SSCP-056821a4fe54c29c
PAMPA:1780,GRP-400247b4b92fa930,2016_Furukawa,2016,1.0,False,included,compatible_uncensored_replicate,SSCP-400247b4b92fa930
PAMPA:1781,GRP-6ae6a482115a6582,2016_Furukawa,2016,1.0,False,included,compatible_uncensored_replicate,SSCP-6ae6a482115a6582
PAMPA:1782,GRP-f6cd47f7a0419b6a,2016_Furukawa,2016,1.0,False,included,compatible_uncensored_replicate,SSCP-f6cd47f7a0419b6a
PAMPA:1783,GRP-115d840e8cb15011,2016_Furukawa,2016,1.0,False,included,compatible_uncensored_replicate,SSCP-115d840e8cb15011
PAMPA:1784,GRP-9ef605f9c9f15ab5,2016_Furukawa,2016,1.0,False,included,compatible_uncensored_replicate,SSCP-9ef605f9c9f15ab5
PAMPA:1785,GRP-2a6bc45d082bc47f,2016_Furukawa,2016,1.0,False,included,compatible_uncensored_replicate,SSCP-2a6bc45d082bc47f
PAMPA:1786,GRP-e4c43945a6eff4a2,2016_Furukawa,2016,1.0,False,included,compatible_uncensored_replicate,SSCP-e4c43945a6eff4a2
PAMPA:1787,GRP-ff8ff1b200a80376,2016_Furukawa,2016,1.0,False,included,compatible_uncensored_replicate,SSCP-ff8ff1b200a80376
PAMPA:1788,GRP-ef30692d22da2413,2016_Furukawa,2016,1.0,False,included,compatible_uncensored_replicate,SSCP-ef30692d22da2413
PAMPA:1789,GRP-7d475edfc7e3e018,2016_Furukawa,2016,1.0,False,included,compatible_uncensored_replicate,SSCP-7d475edfc7e3e018
PAMPA:1790,GRP-cce159f101583e33,2016_Furukawa,2016,1.0,False,included,compatible_uncensored_replicate,SSCP-cce159f101583e33
PAMPA:1791,GRP-c5729bf76c2ca203,2016_Furukawa,2016,1.0,False,included,compatible_uncensored_replicate,SSCP-c5729bf76c2ca203
PAMPA:1792,GRP-d46297e1a4cc052f,2016_Furukawa,2016,1.0,False,included,compatible_uncensored_replicate,SSCP-d46297e1a4cc052f
PAMPA:1793,GRP-4e3f3ebb00173be7,2016_Furukawa,2016,1.0,False,included,compatible_uncensored_replicate,SSCP-4e3f3ebb00173be7
PAMPA:1794,GRP-32b646c9134ebf31,2016_Furukawa,2016,1.0,False,included,compatible_uncensored_replicate,SSCP-32b646c9134ebf31
PAMPA:1795,GRP-1559d803865ab3cf,2016_Furukawa,2016,1.0,False,included,compatible_uncensored_replicate,SSCP-1559d803865ab3cf
PAMPA:1796,GRP-6e9d38878c90aa9d,2016_Furukawa,2016,1.0,False,included,compatible_uncensored_replicate,SSCP-6e9d38878c90aa9d
PAMPA:1797,GRP-642e6a296315fbc2,2016_Furukawa,2016,1.0,False,included,compatible_uncensored_replicate,SSCP-642e6a296315fbc2
PAMPA:1798,GRP-9bfebc7e137a0ac0,2016_Furukawa,2016,1.0,False,included,compatible_uncensored_replicate,SSCP-9bfebc7e137a0ac0
PAMPA:1799,GRP-a0ab2e90a0a48835,2016_Furukawa,2016,1.0,False,included,compatible_uncensored_replicate,SSCP-a0ab2e90a0a48835
PAMPA:1800,GRP-ad188e7db0f58850,2016_Furukawa,2016,1.0,False,included,compatible_uncensored_replicate,SSCP-ad188e7db0f58850
PAMPA:1801,GRP-60b874256691e90c,2016_Furukawa,2016,1.0,True,excluded,irrecoverably_censored_or_missing_label,
PAMPA:1802,GRP-298e93130f84cb5e,2016_Furukawa,2016,1.0,False,included,compatible_uncensored_replicate,SSCP-298e93130f84cb5e
PAMPA:1803,GRP-9826bc560a311b83,2016_Furukawa,2016,1.0,False,included,compatible_uncensored_replicate,SSCP-9826bc560a311b83
PAMPA:1804,GRP-42355c8d90c78c45,2016_Furukawa,2016,1.0,False,included,compatible_uncensored_replicate,SSCP-42355c8d90c78c45
PAMPA:1805,GRP-b3b6b5be7dcea9fe,2016_Furukawa,2016,1.0,False,included,compatible_uncensored_replicate,SSCP-b3b6b5be7dcea9fe
PAMPA:1806,GRP-1a36a5261620f36e,2016_Furukawa,2016,1.0,False,included,compatible_uncensored_replicate,SSCP-1a36a5261620f36e
PAMPA:1807,GRP-14c5b4c172902c1c,2016_Furukawa,2016,1.0,False,included,compatible_uncensored_replicate,SSCP-14c5b4c172902c1c
PAMPA:1808,GRP-c7b8b31aad10886a,2016_Furukawa,2016,1.0,False,included,compatible_uncensored_replicate,SSCP-c7b8b31aad10886a
PAMPA:1809,GRP-5161e06566d806cc,2016_Furukawa,2016,1.0,False,included,compatible_uncensored_replicate,SSCP-5161e06566d806cc
PAMPA:1810,GRP-afa6cede9beb7144,2016_Furukawa,2016,1.0,False,included,compatible_uncensored_replicate,SSCP-afa6cede9beb7144
PAMPA:1811,GRP-099ee237d0e34a84,2016_Furukawa,2016,1.0,False,included,compatible_uncensored_replicate,SSCP-099ee237d0e34a84
PAMPA:1812,GRP-c6f296aa8a390041,2016_Furukawa,2016,1.0,False,included,compatible_uncensored_replicate,SSCP-c6f296aa8a390041
PAMPA:1813,GRP-74203d4c94985aa5,2016_Furukawa,2016,1.0,False,included,compatible_uncensored_replicate,SSCP-74203d4c94985aa5
PAMPA:1814,GRP-7a63d4541d22fee7,2016_Furukawa,2016,1.0,False,included,compatible_uncensored_replicate,SSCP-7a63d4541d22fee7
PAMPA:1815,GRP-7b8cb0844432995e,2016_Furukawa,2016,1.0,False,included,compatible_uncensored_replicate,SSCP-7b8cb0844432995e
PAMPA:1816,GRP-a5960fc5b929559a,2016_Furukawa,2016,1.0,False,included,compatible_uncensored_replicate,SSCP-a5960fc5b929559a
PAMPA:1817,GRP-902c508d311d035a,2016_Furukawa,2016,1.0,False,included,compatible_uncensored_replicate,SSCP-902c508d311d035a
PAMPA:1818,GRP-d274bb16a7e85226,2016_Furukawa,2016,1.0,False,included,compatible_uncensored_replicate,SSCP-d274bb16a7e85226
PAMPA:1819,GRP-45677fe1816a7014,2016_Furukawa,2016,1.0,False,included,compatible_uncensored_replicate,SSCP-45677fe1816a7014
PAMPA:1820,GRP-0cb8edec4c13a28a,2016_Furukawa,2016,1.0,False,included,compatible_uncensored_replicate,SSCP-0cb8edec4c13a28a
PAMPA:1821,GRP-b436499db87f08e6,2016_Furukawa,2016,1.0,False,included,compatible_uncensored_replicate,SSCP-b436499db87f08e6
PAMPA:1822,GRP-b219d759089ac773,2016_Hickey,2016,1.0,False,included,compatible_uncensored_replicate,SSCP-b219d759089ac773
PAMPA:1823,GRP-531e49bd013a4185,2016_Hickey,2016,1.0,False,included,compatible_uncensored_replicate,SSCP-531e49bd013a4185
PAMPA:1824,GRP-e870e4df1d114e71,2016_Hickey,2016,1.0,False,included,compatible_uncensored_replicate,SSCP-e870e4df1d114e71
PAMPA:1825,GRP-1fedacbc09c58b93,2016_Hickey,2016,1.0,False,included,compatible_uncensored_replicate,SSCP-1fedacbc09c58b93
PAMPA:1826,GRP-fde473751b24a721,2016_Hickey,2016,1.0,False,included,compatible_uncensored_replicate,SSCP-fde473751b24a721
PAMPA:1827,GRP-2b7e145708cb4387,2016_Hickey,2016,1.0,False,included,compatible_uncensored_replicate,SSCP-2b7e145708cb4387
PAMPA:1828,GRP-df68ea599fb936bd,2016_Hickey,2016,1.0,False,included,compatible_uncensored_replicate,SSCP-df68ea599fb936bd
PAMPA:1829,GRP-13cb2ce8d7db8f76,2016_Hickey,2016,1.0,False,included,compatible_uncensored_replicate,SSCP-13cb2ce8d7db8f76
PAMPA:1830,GRP-92f04c96265d4e88,2016_Hickey,2016,1.0,False,included,compatible_uncensored_replicate,SSCP-92f04c96265d4e88
PAMPA:1831,GRP-1266bcafa1af1d82,2016_Hickey,2016,1.0,False,included,compatible_uncensored_replicate,SSCP-1266bcafa1af1d82
PAMPA:1832,GRP-438e07410ad2cdf9,2016_Hickey,2016,1.0,False,included,compatible_uncensored_replicate,SSCP-438e07410ad2cdf9
PAMPA:1833,GRP-65cc4a10e1a91bf0,2016_Hickey,2016,1.0,False,included,compatible_uncensored_replicate,SSCP-65cc4a10e1a91bf0
PAMPA:1834,GRP-de4f0d72f7ff2508,2016_Hickey,2016,1.0,False,included,compatible_uncensored_replicate,SSCP-de4f0d72f7ff2508
PAMPA:1835,GRP-e09eddfde876c6f9,2016_Hickey,2016,1.0,False,included,compatible_uncensored_replicate,SSCP-e09eddfde876c6f9
PAMPA:1836,GRP-f3cae26c9cba6375,2016_Hickey,2016,1.0,False,included,compatible_uncensored_replicate,SSCP-f3cae26c9cba6375
PAMPA:1837,GRP-d79e2ea776dc5517,2016_Hickey,2016,1.0,False,included,compatible_uncensored_replicate,SSCP-d79e2ea776dc5517
PAMPA:1838,GRP-0a9242d064d61b8e,2016_Hickey,2016,1.0,False,included,compatible_uncensored_replicate,SSCP-0a9242d064d61b8e
PAMPA:1839,GRP-85ab437bc917c15b,2016_Hickey,2016,1.0,False,included,compatible_uncensored_replicate,SSCP-85ab437bc917c15b
PAMPA:1864,GRP-6a5c55392a868087,2017_Pye,2017,1.0,True,excluded,irrecoverably_censored_or_missing_label,
PAMPA:1865,GRP-580559549124cd38,2017_Pye,2017,1.0,False,included,compatible_uncensored_replicate,SSCP-580559549124cd38
PAMPA:1866,GRP-f161a98821d13129,2017_Pye,2017,1.0,False,included,compatible_uncensored_replicate,SSCP-f161a98821d13129
PAMPA:1867,GRP-80fc18e990d36efe,2017_Pye,2017,1.0,False,included,compatible_uncensored_replicate,SSCP-80fc18e990d36efe
PAMPA:1868,GRP-96ec53652f16c072,2017_Pye,2017,1.0,False,included,compatible_uncensored_replicate,SSCP-96ec53652f16c072
PAMPA:1869,GRP-149969da5920b550,2017_Pye,2017,1.0,False,included,compatible_uncensored_replicate,SSCP-149969da5920b550
PAMPA:1870,GRP-8d9850f291a3822a,2017_Pye,2017,1.0,False,included,compatible_uncensored_replicate,SSCP-8d9850f291a3822a
PAMPA:1871,GRP-2793786d6c5d6eb1,2017_Pye,2017,1.0,False,included,compatible_uncensored_replicate,SSCP-2793786d6c5d6eb1
PAMPA:1872,GRP-386048b128283a86,2017_Pye,2017,1.0,False,included,compatible_uncensored_replicate,SSCP-386048b128283a86
PAMPA:1873,GRP-f51180013ff803c1,2017_Pye,2017,1.0,False,included,compatible_uncensored_replicate,SSCP-f51180013ff803c1
PAMPA:1874,GRP-3cabb3058d3ab869,2017_Pye,2017,1.0,False,included,compatible_uncensored_replicate,SSCP-3cabb3058d3ab869
PAMPA:1875,GRP-21b0c6d7206cc71d,2017_Pye,2017,1.0,False,included,compatible_uncensored_replicate,SSCP-21b0c6d7206cc71d
PAMPA:1876,GRP-78b85e0cbd58643e,2017_Pye,2017,1.0,False,included,compatible_uncensored_replicate,SSCP-78b85e0cbd58643e
PAMPA:1877,GRP-a87b79c11937cd9f,2017_Pye,2017,1.0,True,excluded,irrecoverably_censored_or_missing_label,
PAMPA:1878,GRP-5f3dba66293f45c2,2017_Pye,2017,1.0,False,included,compatible_uncensored_replicate,SSCP-5f3dba66293f45c2
PAMPA:1879,GRP-4f8e62895a54494b,2017_Pye,2017,1.0,False,included,compatible_uncensored_replicate,SSCP-4f8e62895a54494b
PAMPA:1880,GRP-0513c4013f6024f3,2017_Pye,2017,1.0,False,included,compatible_uncensored_replicate,SSCP-0513c4013f6024f3
PAMPA:1881,GRP-e2e94361917eca30,2017_Pye,2017,1.0,True,excluded,irrecoverably_censored_or_missing_label,
PAMPA:1882,GRP-18e48cd1e3237510,2017_Pye,2017,1.0,True,excluded,irrecoverably_censored_or_missing_label,
PAMPA:1883,GRP-3c033c1c34cec44b,2017_Pye,2017,1.0,False,included,compatible_uncensored_replicate,SSCP-3c033c1c34cec44b
PAMPA:1884,GRP-3acc51f0bf04378f,2017_Pye,2017,1.0,True,excluded,irrecoverably_censored_or_missing_label,
PAMPA:1891,GRP-7a58910c0e91a80f,2018_Buckton,2018,1.0,False,included,compatible_uncensored_replicate,SSCP-7a58910c0e91a80f
PAMPA:1895,GRP-d68c96e242e55771,2018_Buckton,2018,1.0,False,included,compatible_uncensored_replicate,SSCP-d68c96e242e55771
PAMPA:2278,GRP-1da17ee9cbf04e4f,2018_García-Pindado,2018,1.0,False,included,compatible_uncensored_replicate,SSCP-1da17ee9cbf04e4f
PAMPA:2279,GRP-8c6601d31ab7bd90,2018_García-Pindado,2018,1.0,False,included,compatible_uncensored_replicate,SSCP-8c6601d31ab7bd90
PAMPA:2280,GRP-030b06b2eab9c15e,2018_García-Pindado,2018,1.0,False,included,compatible_uncensored_replicate,SSCP-030b06b2eab9c15e
PAMPA:2281,GRP-8b6d6e938ae50308,2018_García-Pindado,2018,1.0,False,included,compatible_uncensored_replicate,SSCP-8b6d6e938ae50308
PAMPA:2282,GRP-70e9dfb9e440cac6,2018_Kaneda,2018,1.0,False,included,compatible_uncensored_replicate,SSCP-70e9dfb9e440cac6
PAMPA:2283,GRP-40457d3750812687,2018_Kaneda,2018,1.0,False,included,compatible_uncensored_replicate,SSCP-40457d3750812687
PAMPA:2284,GRP-60a85537d4556725,2018_Kaneda,2018,1.0,False,included,compatible_uncensored_replicate,SSCP-60a85537d4556725
PAMPA:2285,GRP-c7b5e637b0dec4d3,2018_Kaneda,2018,1.0,False,included,compatible_uncensored_replicate,SSCP-c7b5e637b0dec4d3
PAMPA:2286,GRP-43ef95038810e3f8,2018_Kaneda,2018,1.0,False,included,compatible_uncensored_replicate,SSCP-43ef95038810e3f8
PAMPA:2287,GRP-b7d1b717a742aa87,2018_Kaneda,2018,1.0,False,included,compatible_uncensored_replicate,SSCP-b7d1b717a742aa87
PAMPA:2288,GRP-d846c2ef7113a8c9,2018_Kaneda,2018,1.0,False,included,compatible_uncensored_replicate,SSCP-d846c2ef7113a8c9
PAMPA:2289,GRP-0f1489f360fe90ae,2018_Lee,2018,1.0,False,included,compatible_uncensored_replicate,SSCP-0f1489f360fe90ae
PAMPA:2290,GRP-eaf5010044f6ca22,2018_Lee,2018,1.0,False,included,compatible_uncensored_replicate,SSCP-eaf5010044f6ca22
PAMPA:2291,GRP-408663a1e0b96e3d,2018_Lee,2018,1.0,False,included,compatible_uncensored_replicate,SSCP-408663a1e0b96e3d
PAMPA:2292,GRP-2abed7c9dc53b17f,2018_Lee,2018,1.0,False,included,compatible_uncensored_replicate,SSCP-2abed7c9dc53b17f
PAMPA:2293,GRP-9bde22ecdd822756,2018_Lee,2018,1.0,False,included,compatible_uncensored_replicate,SSCP-9bde22ecdd822756
PAMPA:2294,GRP-49d805438c7f1c39,2018_Lee,2018,1.0,False,included,compatible_uncensored_replicate,SSCP-49d805438c7f1c39
PAMPA:2303,GRP-c635c6e91bcafe47,2018_Naylor,2018,1.0,False,included,compatible_uncensored_replicate,SSCP-c635c6e91bcafe47
PAMPA:2304,GRP-eff64c393aa447be,2018_Naylor,2018,1.0,False,included,compatible_uncensored_replicate,SSCP-eff64c393aa447be
PAMPA:2305,GRP-644c19994a43dc07,2018_Naylor,2018,1.0,False,included,compatible_uncensored_replicate,SSCP-644c19994a43dc07
PAMPA:2306,GRP-4e62bc6e78e44920,2018_Naylor,2018,1.0,False,included,compatible_uncensored_replicate,SSCP-4e62bc6e78e44920
PAMPA:2307,GRP-d7ef109384ec90f8,2018_Naylor,2018,1.0,False,included,compatible_uncensored_replicate,SSCP-d7ef109384ec90f8
PAMPA:2308,GRP-9f67017a4ac88ec0,2018_Naylor,2018,1.0,False,included,compatible_uncensored_replicate,SSCP-9f67017a4ac88ec0
PAMPA:2309,GRP-fe17afa7d59b1be6,2018_Naylor,2018,1.0,False,included,compatible_uncensored_replicate,SSCP-fe17afa7d59b1be6
PAMPA:2310,GRP-20749c680d6359b2,2018_Naylor,2018,1.0,False,included,compatible_uncensored_replicate,SSCP-20749c680d6359b2
PAMPA:2311,GRP-61af292fa95405d5,2018_Naylor,2018,1.0,False,included,compatible_uncensored_replicate,SSCP-61af292fa95405d5
PAMPA:2312,GRP-e482fe9e900a92b5,2018_Naylor,2018,1.0,False,included,compatible_uncensored_replicate,SSCP-e482fe9e900a92b5
PAMPA:2313,GRP-229036adf0e39178,2018_Naylor,2018,1.0,False,included,compatible_uncensored_replicate,SSCP-229036adf0e39178
PAMPA:2314,GRP-fb0211f8e3e0cf00,2018_Naylor,2018,1.0,False,included,compatible_uncensored_replicate,SSCP-fb0211f8e3e0cf00
PAMPA:2315,GRP-4e0d8bcf0338d211,2018_Naylor,2018,1.0,False,included,compatible_uncensored_replicate,SSCP-4e0d8bcf0338d211
PAMPA:2316,GRP-0d2f6d5b7a03a7da,2018_Naylor,2018,1.0,False,included,compatible_uncensored_replicate,SSCP-0d2f6d5b7a03a7da
PAMPA:2317,GRP-ad4c116f5dc63b11,2018_Naylor,2018,1.0,False,included,compatible_uncensored_replicate,SSCP-ad4c116f5dc63b11
PAMPA:2318,GRP-344422c139d8de6a,2018_Naylor,2018,1.0,False,included,compatible_uncensored_replicate,SSCP-344422c139d8de6a
PAMPA:2319,GRP-90c7863cc61efd22,2018_Naylor,2018,1.0,False,included,compatible_uncensored_replicate,SSCP-90c7863cc61efd22
PAMPA:2321,GRP-226ca4ddefad1e93,2018_Naylor,2018,1.0,False,included,compatible_uncensored_replicate,SSCP-226ca4ddefad1e93
PAMPA:2322,GRP-a4668f40f90200dd,2018_Naylor,2018,1.0,False,included,compatible_uncensored_replicate,SSCP-a4668f40f90200dd
PAMPA:2323,GRP-7c9fe7baca99adb3,2018_Naylor,2018,1.0,False,included,compatible_uncensored_replicate,SSCP-7c9fe7baca99adb3
PAMPA:2324,GRP-606111be03933d54,2018_Naylor,2018,1.0,False,included,compatible_uncensored_replicate,SSCP-606111be03933d54
PAMPA:2325,GRP-4f214dbe0886f857,2018_Naylor,2018,1.0,False,included,compatible_uncensored_replicate,SSCP-4f214dbe0886f857
PAMPA:2326,GRP-1d474637b607db42,2018_Naylor,2018,1.0,False,included,compatible_uncensored_replicate,SSCP-1d474637b607db42
PAMPA:2327,GRP-7c643c086a000068,2018_Naylor,2018,1.0,False,included,compatible_uncensored_replicate,SSCP-7c643c086a000068
PAMPA:2328,GRP-f904c2c3960f8edd,2018_Naylor,2018,1.0,False,included,compatible_uncensored_replicate,SSCP-f904c2c3960f8edd
PAMPA:2329,GRP-752e8969dc9b85a8,2018_Naylor,2018,1.0,False,included,compatible_uncensored_replicate,SSCP-752e8969dc9b85a8
PAMPA:2330,GRP-f3d16645f8b7a600,2018_Naylor,2018,1.0,False,included,compatible_uncensored_replicate,SSCP-f3d16645f8b7a600
PAMPA:2331,GRP-cc5daf307b112d37,2018_Naylor,2018,1.0,False,included,compatible_uncensored_replicate,SSCP-cc5daf307b112d37
PAMPA:2332,GRP-20f5532e6f19b81e,2018_Naylor,2018,1.0,False,included,compatible_uncensored_replicate,SSCP-20f5532e6f19b81e
PAMPA:2333,GRP-698f87278d00ae6d,2018_Naylor,2018,1.0,False,included,compatible_uncensored_replicate,SSCP-698f87278d00ae6d
PAMPA:2334,GRP-b2fc60edfc0e1880,2018_Naylor,2018,1.0,False,included,compatible_uncensored_replicate,SSCP-b2fc60edfc0e1880
PAMPA:2335,GRP-91dc81bbbb3208f4,2018_Naylor,2018,1.0,False,included,compatible_uncensored_replicate,SSCP-91dc81bbbb3208f4
PAMPA:2336,GRP-26b5aa987c0c0fae,2018_Naylor,2018,1.0,False,included,compatible_uncensored_replicate,SSCP-26b5aa987c0c0fae
PAMPA:2337,GRP-07f5f5439fa0236a,2018_Naylor,2018,1.0,False,included,compatible_uncensored_replicate,SSCP-07f5f5439fa0236a
PAMPA:2338,GRP-de0eebf3f53b0825,2018_Naylor,2018,1.0,False,included,compatible_uncensored_replicate,SSCP-de0eebf3f53b0825
PAMPA:2339,GRP-17a5cd48b87b6b33,2018_Naylor,2018,1.0,False,included,compatible_uncensored_replicate,SSCP-17a5cd48b87b6b33
PAMPA:2340,GRP-f5c63f70455cc0af,2018_Naylor,2018,1.0,False,included,compatible_uncensored_replicate,SSCP-f5c63f70455cc0af
PAMPA:2341,GRP-12e7fc2d85e3f212,2018_Naylor,2018,1.0,False,included,compatible_uncensored_replicate,SSCP-12e7fc2d85e3f212
PAMPA:2342,GRP-a4ac8a419fd11687,2018_Naylor,2018,1.0,False,included,compatible_uncensored_replicate,SSCP-a4ac8a419fd11687
PAMPA:2343,GRP-a3e35bc92275a5ef,2018_Naylor,2018,1.0,False,included,compatible_uncensored_replicate,SSCP-a3e35bc92275a5ef
PAMPA:2344,GRP-f44ee519864631c6,2018_Naylor,2018,1.0,False,included,compatible_uncensored_replicate,SSCP-f44ee519864631c6
PAMPA:2345,GRP-a3c1b91b8fc5c942,2018_Naylor,2018,1.0,False,included,compatible_uncensored_replicate,SSCP-a3c1b91b8fc5c942
PAMPA:2346,GRP-65f6e694d2d21d98,2018_Naylor,2018,1.0,False,included,compatible_uncensored_replicate,SSCP-65f6e694d2d21d98
PAMPA:2347,GRP-df49d83e0e0e7a69,2018_Naylor,2018,1.0,False,included,compatible_uncensored_replicate,SSCP-df49d83e0e0e7a69
PAMPA:2348,GRP-c17ab66022f0bba2,2018_Naylor,2018,1.0,False,included,compatible_uncensored_replicate,SSCP-c17ab66022f0bba2
PAMPA:2349,GRP-fd277068a871af38,2018_Naylor,2018,1.0,False,included,compatible_uncensored_replicate,SSCP-fd277068a871af38
PAMPA:2350,GRP-b094ebdfa9df2b1d,2018_Naylor,2018,1.0,False,included,compatible_uncensored_replicate,SSCP-b094ebdfa9df2b1d
PAMPA:2351,GRP-2491ef44d1a39e7e,2018_Naylor,2018,1.0,False,included,compatible_uncensored_replicate,SSCP-2491ef44d1a39e7e
PAMPA:2352,GRP-79ccaaff78e02e9b,2018_Naylor,2018,1.0,False,included,compatible_uncensored_replicate,SSCP-79ccaaff78e02e9b
PAMPA:2353,GRP-28c287628cad9c28,2018_Naylor,2018,1.0,False,included,compatible_uncensored_replicate,SSCP-28c287628cad9c28
PAMPA:2354,GRP-846da4f85c6e0c62,2018_Naylor,2018,1.0,False,included,compatible_uncensored_replicate,SSCP-846da4f85c6e0c62
PAMPA:2355,GRP-ca2e4c393970627d,2018_Naylor,2018,1.0,False,included,compatible_uncensored_replicate,SSCP-ca2e4c393970627d
PAMPA:2356,GRP-18a571c7c9b44d15,2018_Naylor,2018,1.0,False,included,compatible_uncensored_replicate,SSCP-18a571c7c9b44d15
PAMPA:2357,GRP-66420df55d2dfc3e,2018_Naylor,2018,1.0,False,included,compatible_uncensored_replicate,SSCP-66420df55d2dfc3e
PAMPA:2358,GRP-67dd5b00654a7206,2018_Naylor,2018,1.0,False,included,compatible_uncensored_replicate,SSCP-67dd5b00654a7206
PAMPA:2359,GRP-fc528dbe189261ab,2018_Naylor,2018,1.0,False,included,compatible_uncensored_replicate,SSCP-fc528dbe189261ab
PAMPA:2360,GRP-892a904c7decf61f,2018_Naylor,2018,1.0,False,included,compatible_uncensored_replicate,SSCP-892a904c7decf61f
PAMPA:2361,GRP-d9fc8f01479f244c,2018_Naylor,2018,1.0,False,included,compatible_uncensored_replicate,SSCP-d9fc8f01479f244c
PAMPA:2362,GRP-f03065cc238f49c2,2018_Naylor,2018,1.0,False,included,compatible_uncensored_replicate,SSCP-f03065cc238f49c2
PAMPA:2363,GRP-db9b7d7440590e11,2018_Naylor,2018,1.0,False,included,compatible_uncensored_replicate,SSCP-db9b7d7440590e11
PAMPA:2364,GRP-6a5b58cb5632c1b6,2018_Naylor,2018,1.0,False,included,compatible_uncensored_replicate,SSCP-6a5b58cb5632c1b6
PAMPA:2365,GRP-99d23d528e99440b,2018_Naylor,2018,1.0,False,included,compatible_uncensored_replicate,SSCP-99d23d528e99440b
PAMPA:2366,GRP-98dc379a448834ac,2018_Naylor,2018,1.0,False,included,compatible_uncensored_replicate,SSCP-98dc379a448834ac
PAMPA:2367,GRP-03d4df53c4567078,2018_Naylor,2018,1.0,False,included,compatible_uncensored_replicate,SSCP-03d4df53c4567078
PAMPA:2368,GRP-81040a11b0141b1b,2018_Naylor,2018,1.0,False,included,compatible_uncensored_replicate,SSCP-81040a11b0141b1b
PAMPA:2369,GRP-ad92a7affc2a8f26,2018_Naylor,2018,1.0,False,included,compatible_uncensored_replicate,SSCP-ad92a7affc2a8f26
PAMPA:2370,GRP-ddee6e27d1d3c29c,2018_Naylor,2018,1.0,False,included,compatible_uncensored_replicate,SSCP-ddee6e27d1d3c29c
PAMPA:2371,GRP-93539b3d71d4736a,2018_Naylor,2018,1.0,False,included,compatible_uncensored_replicate,SSCP-93539b3d71d4736a
PAMPA:2372,GRP-227746540739a0a0,2018_Naylor,2018,1.0,False,included,compatible_uncensored_replicate,SSCP-227746540739a0a0
PAMPA:2373,GRP-c55e048b7fc07dd5,2018_Naylor,2018,1.0,False,included,compatible_uncensored_replicate,SSCP-c55e048b7fc07dd5
PAMPA:2374,GRP-b4ada21738b9dbeb,2018_Naylor,2018,1.0,False,included,compatible_uncensored_replicate,SSCP-b4ada21738b9dbeb
PAMPA:2375,GRP-a504086ecb64c79e,2018_Naylor,2018,1.0,False,included,compatible_uncensored_replicate,SSCP-a504086ecb64c79e
PAMPA:2376,GRP-f5c993c6a711cd0e,2018_Ramalho,2018,1.0,True,excluded,irrecoverably_censored_or_missing_label,
PAMPA:2377,GRP-78f80a0267e8fc71,2018_Ramalho,2018,1.0,True,excluded,irrecoverably_censored_or_missing_label,
PAMPA:2378,GRP-5639c5b46e05363d,2018_Ramalho,2018,1.0,True,excluded,irrecoverably_censored_or_missing_label,
PAMPA:2379,GRP-471e37db00ce4515,2018_Ramalho,2018,1.0,True,excluded,irrecoverably_censored_or_missing_label,
PAMPA:2380,GRP-e0d61e7433b75a33,2018_Ramalho,2018,1.0,True,excluded,irrecoverably_censored_or_missing_label,
PAMPA:2381,GRP-057c692d89b6b290,2018_Ramalho,2018,1.0,True,excluded,irrecoverably_censored_or_missing_label,
PAMPA:2382,GRP-22df8773691ebdbf,2018_Ramalho,2018,1.0,True,excluded,irrecoverably_censored_or_missing_label,
PAMPA:2383,GRP-f7a7bba028bc35dd,2018_Ramalho,2018,1.0,True,excluded,irrecoverably_censored_or_missing_label,
PAMPA:2384,GRP-6c6d1c83c92dc7ca,2018_Ramalho,2018,1.0,True,excluded,irrecoverably_censored_or_missing_label,
PAMPA:2385,GRP-e604e16cb48a244f,2018_Ramalho,2018,1.0,True,excluded,irrecoverably_censored_or_missing_label,
PAMPA:2386,GRP-d41897890afc3c87,2019_Ono,2019,1.0,False,included,compatible_uncensored_replicate,SSCP-d41897890afc3c87
PAMPA:2387,GRP-8fcf066662e4581a,2019_Ono,2019,1.0,False,included,compatible_uncensored_replicate,SSCP-8fcf066662e4581a
PAMPA:2388,GRP-f0fb5c90d7cd6553,2019_Ono,2019,1.0,False,included,compatible_uncensored_replicate,SSCP-f0fb5c90d7cd6553
PAMPA:2389,GRP-c2df380c61fdcfcb,2019_Ono,2019,1.0,False,included,compatible_uncensored_replicate,SSCP-c2df380c61fdcfcb
PAMPA:2390,GRP-f6727f2ac32bc85f,2019_Ono,2019,1.0,False,included,compatible_uncensored_replicate,SSCP-f6727f2ac32bc85f
PAMPA:2391,GRP-a87f60ad287aa8d3,2019_Ono,2019,1.0,False,included,compatible_uncensored_replicate,SSCP-a87f60ad287aa8d3
PAMPA:2392,GRP-c3411baa06226edb,2019_Ono,2019,1.0,False,included,compatible_uncensored_replicate,SSCP-c3411baa06226edb
PAMPA:2393,GRP-b047065bbe1da368,2019_Ono,2019,1.0,False,included,compatible_uncensored_replicate,SSCP-b047065bbe1da368
PAMPA:2394,GRP-261094101d321fc2,2020_Barlow,2020,1.0,False,included,compatible_uncensored_replicate,SSCP-261094101d321fc2
PAMPA:2395,GRP-f3de08cbe2958ab3,2020_Barlow,2020,1.0,False,included,compatible_uncensored_replicate,SSCP-f3de08cbe2958ab3
PAMPA:2396,GRP-2dedddf31e56972e,2020_Barlow,2020,1.0,False,included,compatible_uncensored_replicate,SSCP-2dedddf31e56972e
PAMPA:2397,GRP-3810997e7cd1ea7e,2020_Barlow,2020,1.0,False,included,compatible_uncensored_replicate,SSCP-3810997e7cd1ea7e
PAMPA:2398,GRP-bddebe0f460c4afe,2020_Barlow,2020,1.0,False,included,compatible_uncensored_replicate,SSCP-bddebe0f460c4afe
PAMPA:2399,GRP-b774915133d906b0,2020_Barlow,2020,1.0,False,included,compatible_uncensored_replicate,SSCP-b774915133d906b0
PAMPA:2400,GRP-a4252a88b5284351,2020_Barlow,2020,1.0,False,included,compatible_uncensored_replicate,SSCP-a4252a88b5284351
PAMPA:2401,GRP-187aef72e51282fc,2020_Barlow,2020,1.0,False,included,compatible_uncensored_replicate,SSCP-187aef72e51282fc
PAMPA:2402,GRP-9267299435194b0f,2020_Barlow,2020,1.0,False,included,compatible_uncensored_replicate,SSCP-9267299435194b0f
PAMPA:2403,GRP-a68b702f254285fb,2020_Barlow,2020,1.0,True,excluded,irrecoverably_censored_or_missing_label,
PAMPA:2404,GRP-92df986a8e282a6b,2020_Barlow,2020,1.0,True,excluded,irrecoverably_censored_or_missing_label,
PAMPA:2405,GRP-eb37d2abc418f5a1,2020_Barlow,2020,1.0,True,excluded,irrecoverably_censored_or_missing_label,
PAMPA:2406,GRP-76d0f932f48cf250,2020_Barlow,2020,1.0,True,excluded,irrecoverably_censored_or_missing_label,
PAMPA:2407,GRP-96445f23bbadfdc8,2020_Barlow,2020,1.0,True,excluded,irrecoverably_censored_or_missing_label,
PAMPA:2408,GRP-61e275e461baf976,2020_Barlow,2020,1.0,True,excluded,irrecoverably_censored_or_missing_label,
PAMPA:2409,GRP-84fed6f805fbd1eb,2020_Barlow,2020,1.0,True,excluded,irrecoverably_censored_or_missing_label,
PAMPA:2410,GRP-3712d32afc1b2f21,2020_Barlow,2020,1.0,True,excluded,irrecoverably_censored_or_missing_label,
PAMPA:2411,GRP-a33f92e9103a455d,2020_Barlow,2020,1.0,False,included,compatible_uncensored_replicate,SSCP-a33f92e9103a455d
PAMPA:2412,GRP-d11d61889e0c9741,2020_Barlow,2020,1.0,False,included,compatible_uncensored_replicate,SSCP-d11d61889e0c9741
PAMPA:2413,GRP-e6fe24ef89574383,2020_Barlow,2020,1.0,False,included,compatible_uncensored_replicate,SSCP-e6fe24ef89574383
PAMPA:2414,GRP-94de21ccf0358005,2020_Barlow,2020,1.0,False,included,compatible_uncensored_replicate,SSCP-94de21ccf0358005
PAMPA:2415,GRP-501cbf81868154c6,2020_Barlow,2020,1.0,False,included,compatible_uncensored_replicate,SSCP-501cbf81868154c6
PAMPA:2416,GRP-84e6b8effbd7260c,2020_Barlow,2020,1.0,False,included,compatible_uncensored_replicate,SSCP-84e6b8effbd7260c
PAMPA:2417,GRP-b3486f9231e400e9,2020_Barlow,2020,1.0,False,included,compatible_uncensored_replicate,SSCP-b3486f9231e400e9
PAMPA:2418,GRP-b7a1a35c2332fe79,2020_Barlow,2020,1.0,False,included,compatible_uncensored_replicate,SSCP-b7a1a35c2332fe79
PAMPA:2419,GRP-d953117a71926e44,2020_Barlow,2020,1.0,False,included,compatible_uncensored_replicate,SSCP-d953117a71926e44
PAMPA:2420,GRP-758a2210c23a7a52,2020_Furukawa,2020,1.0,False,included,compatible_uncensored_replicate,SSCP-758a2210c23a7a52
PAMPA:2421,GRP-645f1165c64e5a6b,2020_Furukawa,2020,1.0,False,included,compatible_uncensored_replicate,SSCP-645f1165c64e5a6b
PAMPA:2422,GRP-613c9f19489ad457,2020_Furukawa,2020,1.0,False,included,compatible_uncensored_replicate,SSCP-613c9f19489ad457
PAMPA:2423,GRP-437b64f3d6427ed0,2020_Furukawa,2020,1.0,False,included,compatible_uncensored_replicate,SSCP-437b64f3d6427ed0
PAMPA:2424,GRP-c63fb866e2f113b4,2020_Furukawa,2020,1.0,False,included,compatible_uncensored_replicate,SSCP-c63fb866e2f113b4
PAMPA:2425,GRP-6c187cdb576e04a2,2020_Furukawa,2020,1.0,False,included,compatible_uncensored_replicate,SSCP-6c187cdb576e04a2
PAMPA:2426,GRP-dc2287bbe9be2120,2020_Furukawa,2020,1.0,False,included,compatible_uncensored_replicate,SSCP-dc2287bbe9be2120
PAMPA:2427,GRP-d8ec9431d4191470,2020_Furukawa,2020,1.0,False,included,compatible_uncensored_replicate,SSCP-d8ec9431d4191470
PAMPA:2428,GRP-2d55dce805613683,2020_Furukawa,2020,1.0,False,included,compatible_uncensored_replicate,SSCP-2d55dce805613683
PAMPA:2429,GRP-b50bbf58a3b96b3e,2020_Furukawa,2020,1.0,False,included,compatible_uncensored_replicate,SSCP-b50bbf58a3b96b3e
PAMPA:2430,GRP-3874367417008673,2020_Furukawa,2020,1.0,False,included,compatible_uncensored_replicate,SSCP-3874367417008673
PAMPA:2431,GRP-a18000945291350f,2020_Furukawa,2020,1.0,False,included,compatible_uncensored_replicate,SSCP-a18000945291350f
PAMPA:2432,GRP-c377083aec334ddd,2020_Furukawa,2020,1.0,False,included,compatible_uncensored_replicate,SSCP-c377083aec334ddd
PAMPA:2433,GRP-a8a8a067ba967fbd,2020_Furukawa,2020,1.0,False,included,compatible_uncensored_replicate,SSCP-a8a8a067ba967fbd
PAMPA:2434,GRP-b34bd9b4675a6db9,2020_Furukawa,2020,1.0,False,included,compatible_uncensored_replicate,SSCP-b34bd9b4675a6db9
PAMPA:2435,GRP-dd8c18ac42fb7d5d,2020_Furukawa,2020,1.0,False,included,compatible_uncensored_replicate,SSCP-dd8c18ac42fb7d5d
PAMPA:2436,GRP-430104296c1d9275,2020_Furukawa,2020,1.0,False,included,compatible_uncensored_replicate,SSCP-430104296c1d9275
PAMPA:2437,GRP-b2110ee12f1b6a95,2020_Furukawa,2020,1.0,False,included,compatible_uncensored_replicate,SSCP-b2110ee12f1b6a95
PAMPA:2438,GRP-2221d68f25e09bde,2020_Furukawa,2020,1.0,False,included,compatible_uncensored_replicate,SSCP-2221d68f25e09bde
PAMPA:2439,GRP-af062edbb2c0f170,2020_Furukawa,2020,1.0,False,included,compatible_uncensored_replicate,SSCP-af062edbb2c0f170
PAMPA:2440,GRP-e3c1d29e89d30d31,2020_Furukawa,2020,1.0,False,included,compatible_uncensored_replicate,SSCP-e3c1d29e89d30d31
PAMPA:2441,GRP-bca05f4be4b0c195,2020_Furukawa,2020,1.0,False,included,compatible_uncensored_replicate,SSCP-bca05f4be4b0c195
PAMPA:2442,GRP-74f54fc8acbbee1a,2020_Furukawa,2020,1.0,False,included,compatible_uncensored_replicate,SSCP-74f54fc8acbbee1a
PAMPA:2443,GRP-ac4b23bfbf69ce4c,2020_Furukawa,2020,1.0,False,included,compatible_uncensored_replicate,SSCP-ac4b23bfbf69ce4c
PAMPA:2444,GRP-3e414ded84606bf8,2020_Furukawa,2020,1.0,False,included,compatible_uncensored_replicate,SSCP-3e414ded84606bf8
PAMPA:2445,GRP-bf3ba2d6d0a36cbe,2020_Furukawa,2020,1.0,False,included,compatible_uncensored_replicate,SSCP-bf3ba2d6d0a36cbe
PAMPA:2446,GRP-d64dcff058f5c124,2020_Furukawa,2020,1.0,False,included,compatible_uncensored_replicate,SSCP-d64dcff058f5c124
PAMPA:2447,GRP-14417e86ba535162,2020_Furukawa,2020,1.0,False,included,compatible_uncensored_replicate,SSCP-14417e86ba535162
PAMPA:2448,GRP-a953a9cd549281ea,2020_Furukawa,2020,1.0,False,included,compatible_uncensored_replicate,SSCP-a953a9cd549281ea
PAMPA:2449,GRP-7fc3206279147160,2020_Furukawa,2020,1.0,False,included,compatible_uncensored_replicate,SSCP-7fc3206279147160
PAMPA:2450,GRP-53513486a722b242,2020_Furukawa,2020,1.0,False,included,compatible_uncensored_replicate,SSCP-53513486a722b242
PAMPA:2451,GRP-d8fb437d78b4509a,2020_Furukawa,2020,1.0,False,included,compatible_uncensored_replicate,SSCP-d8fb437d78b4509a
PAMPA:2452,GRP-b9a2306d6e54cdc4,2020_Furukawa,2020,1.0,False,included,compatible_uncensored_replicate,SSCP-b9a2306d6e54cdc4
PAMPA:2453,GRP-d6b77dd701da8a41,2020_Furukawa,2020,1.0,False,included,compatible_uncensored_replicate,SSCP-d6b77dd701da8a41
PAMPA:2454,GRP-70c8e2ed5d339db5,2020_Furukawa,2020,1.0,False,included,compatible_uncensored_replicate,SSCP-70c8e2ed5d339db5
PAMPA:2455,GRP-f5bb9d8fe21dd31f,2020_Furukawa,2020,1.0,False,included,compatible_uncensored_replicate,SSCP-f5bb9d8fe21dd31f
PAMPA:2456,GRP-8b13f8c7faa0365f,2020_Hosono,2020,1.0,False,included,compatible_uncensored_replicate,SSCP-8b13f8c7faa0365f
PAMPA:2457,GRP-2ac7e9a262da269f,2020_Hosono,2020,1.0,False,included,compatible_uncensored_replicate,SSCP-2ac7e9a262da269f
PAMPA:2458,GRP-15e177c70ca49f2d,2020_Hosono,2020,1.0,False,included,compatible_uncensored_replicate,SSCP-15e177c70ca49f2d
PAMPA:2459,GRP-3318291c625f454b,2020_Hosono,2020,1.0,False,included,compatible_uncensored_replicate,SSCP-3318291c625f454b
PAMPA:2460,GRP-e78b34ec0ca43218,2020_Hosono,2020,1.0,False,included,compatible_uncensored_replicate,SSCP-e78b34ec0ca43218
PAMPA:2461,GRP-e860ee4df46cc6d1,2020_Hosono,2020,1.0,False,included,compatible_uncensored_replicate,SSCP-e860ee4df46cc6d1
PAMPA:2462,GRP-43863d9f6cc2024b,2020_Hosono,2020,1.0,False,included,compatible_uncensored_replicate,SSCP-43863d9f6cc2024b
PAMPA:2463,GRP-a3ee0e958c2fd018,2020_Hosono,2020,1.0,False,included,compatible_uncensored_replicate,SSCP-a3ee0e958c2fd018
PAMPA:2464,GRP-604e5c3fa9bcf3bf,2020_Hosono,2020,1.0,False,included,compatible_uncensored_replicate,SSCP-604e5c3fa9bcf3bf
PAMPA:2465,GRP-3d47753f9bf632f0,2020_Hosono,2020,1.0,False,included,compatible_uncensored_replicate,SSCP-3d47753f9bf632f0
PAMPA:2466,GRP-677dc49ade059e75,2020_Hosono,2020,1.0,False,included,compatible_uncensored_replicate,SSCP-677dc49ade059e75
PAMPA:2467,GRP-36c3962d0ee28718,2020_Le Roux,2020,1.0,False,included,compatible_uncensored_replicate,SSCP-36c3962d0ee28718
PAMPA:2468,GRP-fe46feda574e356d,2020_Le Roux,2020,1.0,False,included,compatible_uncensored_replicate,SSCP-fe46feda574e356d
PAMPA:2469,GRP-4eaf05eb65c6056c,2020_Le Roux,2020,1.0,False,included,compatible_uncensored_replicate,SSCP-4eaf05eb65c6056c
PAMPA:2470,GRP-a720c2919103a3a0,2020_Le Roux,2020,1.0,False,included,compatible_uncensored_replicate,SSCP-a720c2919103a3a0
PAMPA:2471,GRP-95e3d6cf5a5bbf30,2020_Le Roux,2020,1.0,False,included,compatible_uncensored_replicate,SSCP-95e3d6cf5a5bbf30
PAMPA:2472,GRP-dc6d81c00012686b,2020_Le Roux,2020,1.0,False,included,compatible_uncensored_replicate,SSCP-dc6d81c00012686b
PAMPA:2473,GRP-cd537cf3e34944bb,2020_Le Roux,2020,1.0,False,included,compatible_uncensored_replicate,SSCP-cd537cf3e34944bb
PAMPA:2474,GRP-99ab776c5e83863e,2020_Le Roux,2020,1.0,False,included,compatible_uncensored_replicate,SSCP-99ab776c5e83863e
PAMPA:2475,GRP-45e8cfd95b0543c7,2020_Le Roux,2020,1.0,False,included,compatible_uncensored_replicate,SSCP-45e8cfd95b0543c7
PAMPA:2476,GRP-969c7169dd308cfc,2020_Le Roux,2020,1.0,False,included,compatible_uncensored_replicate,SSCP-969c7169dd308cfc
PAMPA:2477,GRP-7d4783fcd98397a9,2020_Le Roux,2020,1.0,False,included,compatible_uncensored_replicate,SSCP-7d4783fcd98397a9
PAMPA:2478,GRP-ade2a15857e28507,2020_Le Roux,2020,1.0,False,included,compatible_uncensored_replicate,SSCP-ade2a15857e28507
PAMPA:2479,GRP-ee5df92dd011784a,2020_Le Roux,2020,1.0,False,included,compatible_uncensored_replicate,SSCP-ee5df92dd011784a
PAMPA:2480,GRP-6ba06797a9646853,2020_Le Roux,2020,1.0,False,included,compatible_uncensored_replicate,SSCP-6ba06797a9646853
PAMPA:2481,GRP-73392d344c6e8ea1,2020_Le Roux,2020,1.0,False,included,compatible_uncensored_replicate,SSCP-73392d344c6e8ea1
PAMPA:2482,GRP-aca6b0e854abd828,2020_Le Roux,2020,1.0,False,included,compatible_uncensored_replicate,SSCP-aca6b0e854abd828
PAMPA:2483,GRP-42eacf363ad74bbc,2020_Le Roux,2020,1.0,False,included,compatible_uncensored_replicate,SSCP-42eacf363ad74bbc
PAMPA:2484,GRP-90851cbeb8f70cad,2020_Le Roux,2020,1.0,False,included,compatible_uncensored_replicate,SSCP-90851cbeb8f70cad
PAMPA:2485,GRP-b27817e2a076529e,2020_Le Roux,2020,1.0,False,included,compatible_uncensored_replicate,SSCP-b27817e2a076529e
PAMPA:2486,GRP-a388c6abce4edd30,2020_Le Roux,2020,1.0,False,included,compatible_uncensored_replicate,SSCP-a388c6abce4edd30
PAMPA:2487,GRP-6aff493f0ab35b85,2020_Le Roux,2020,1.0,False,included,compatible_uncensored_replicate,SSCP-6aff493f0ab35b85
PAMPA:2488,GRP-525b251d228a3fe5,2020_Le Roux,2020,1.0,False,included,compatible_uncensored_replicate,SSCP-525b251d228a3fe5
PAMPA:2489,GRP-b59e340c8a4d7e8f,2020_Le Roux,2020,1.0,False,included,compatible_uncensored_replicate,SSCP-b59e340c8a4d7e8f
PAMPA:2490,GRP-b70b7b04c7e01de1,2020_Le Roux,2020,1.0,False,included,compatible_uncensored_replicate,SSCP-b70b7b04c7e01de1
PAMPA:2491,GRP-78abcb74c229b817,2020_Le Roux,2020,1.0,False,included,compatible_uncensored_replicate,SSCP-78abcb74c229b817
PAMPA:2492,GRP-a46728be64b7e2ae,2020_Le Roux,2020,1.0,False,included,compatible_uncensored_replicate,SSCP-a46728be64b7e2ae
PAMPA:2493,GRP-1a682e135a191741,2020_Le Roux,2020,1.0,False,included,compatible_uncensored_replicate,SSCP-1a682e135a191741
PAMPA:2494,GRP-88617f6bffb074f2,2020_Le Roux,2020,1.0,False,included,compatible_uncensored_replicate,SSCP-88617f6bffb074f2
PAMPA:2495,GRP-ca763f04f3923a72,2020_Le Roux,2020,1.0,False,included,compatible_uncensored_replicate,SSCP-ca763f04f3923a72
PAMPA:2496,GRP-90f9784ed10753e6,2020_Le Roux,2020,1.0,False,included,compatible_uncensored_replicate,SSCP-90f9784ed10753e6
PAMPA:2497,GRP-1223555610254f3b,2020_Le Roux,2020,1.0,False,included,compatible_uncensored_replicate,SSCP-1223555610254f3b
PAMPA:2498,GRP-bb2c338a327c6ed6,2020_Le Roux,2020,1.0,False,included,compatible_uncensored_replicate,SSCP-bb2c338a327c6ed6
PAMPA:2499,GRP-f326c2d8f6b4998f,2020_Le Roux,2020,1.0,False,included,compatible_uncensored_replicate,SSCP-f326c2d8f6b4998f
PAMPA:2500,GRP-f4c61e8e0989b49b,2020_Le Roux,2020,1.0,False,included,compatible_uncensored_replicate,SSCP-f4c61e8e0989b49b
PAMPA:2501,GRP-71c8e8ec87bbd3a3,2020_Le Roux,2020,1.0,False,included,compatible_uncensored_replicate,SSCP-71c8e8ec87bbd3a3
PAMPA:2502,GRP-e4caa2dc857da258,2020_Le Roux,2020,1.0,False,included,compatible_uncensored_replicate,SSCP-e4caa2dc857da258
PAMPA:2503,GRP-fd89d813c8fbdab8,2020_Le Roux,2020,1.0,False,included,compatible_uncensored_replicate,SSCP-fd89d813c8fbdab8
PAMPA:2504,GRP-da137a8b0ef1843c,2020_Le Roux,2020,1.0,False,included,compatible_uncensored_replicate,SSCP-da137a8b0ef1843c
PAMPA:2505,GRP-16728e94d1143544,2020_Le Roux,2020,1.0,False,included,compatible_uncensored_replicate,SSCP-16728e94d1143544
PAMPA:2506,GRP-a7c02328ea9bbb62,2020_Le Roux,2020,1.0,True,excluded,irrecoverably_censored_or_missing_label,
PAMPA:2507,GRP-919f99b329cdf8cc,2020_Le Roux,2020,1.0,False,included,compatible_uncensored_replicate,SSCP-919f99b329cdf8cc
PAMPA:2508,GRP-8421c57c028e4717,2020_Le Roux,2020,1.0,True,excluded,irrecoverably_censored_or_missing_label,
PAMPA:2509,GRP-9ff0629df5a64807,2020_Le Roux,2020,1.0,True,excluded,irrecoverably_censored_or_missing_label,
PAMPA:2510,GRP-b5b17254374ddffe,2020_Le Roux,2020,1.0,False,included,compatible_uncensored_replicate,SSCP-b5b17254374ddffe
PAMPA:2511,GRP-a15c7a78af6c52ab,2020_Le Roux,2020,1.0,False,included,compatible_uncensored_replicate,SSCP-a15c7a78af6c52ab
PAMPA:2512,GRP-1bf19460a8e3d9bb,2020_Le Roux,2020,1.0,False,included,compatible_uncensored_replicate,SSCP-1bf19460a8e3d9bb
PAMPA:2513,GRP-abec6e4b95be2d6f,2020_Le Roux,2020,1.0,True,excluded,irrecoverably_censored_or_missing_label,
PAMPA:2514,GRP-3edbf9f96e35953b,2020_Townsend,2020,1.0,False,included,compatible_uncensored_replicate,SSCP-3edbf9f96e35953b
PAMPA:2515,GRP-3bad3dfdf87e518c,2020_Townsend,2020,1.0,False,included,compatible_uncensored_replicate,SSCP-3bad3dfdf87e518c
PAMPA:2516,GRP-c256ea9e1906f6d4,2020_Townsend,2020,1.0,False,included,compatible_uncensored_replicate,SSCP-c256ea9e1906f6d4
PAMPA:2517,GRP-d28a655f922fad50,2020_Townsend,2020,1.0,False,included,compatible_uncensored_replicate,SSCP-d28a655f922fad50
PAMPA:2518,GRP-aa406c5cfcb6513e,2020_Townsend,2020,1.0,False,included,compatible_uncensored_replicate,SSCP-aa406c5cfcb6513e
PAMPA:2519,GRP-a47f97121d419e9c,2020_Townsend,2020,1.0,False,included,compatible_uncensored_replicate,SSCP-a47f97121d419e9c
PAMPA:2520,GRP-4984114a534ce392,2020_Townsend,2020,1.0,False,included,compatible_uncensored_replicate,SSCP-4984114a534ce392
PAMPA:2521,GRP-9a104236dc769bbe,2020_Townsend,2020,1.0,False,included,compatible_uncensored_replicate,SSCP-9a104236dc769bbe
PAMPA:2522,GRP-2e60f26030cbf044,2020_Townsend,2020,1.0,False,included,compatible_uncensored_replicate,SSCP-2e60f26030cbf044
PAMPA:2523,GRP-352c1f29289b0e81,2020_Townsend,2020,1.0,False,included,compatible_uncensored_replicate,SSCP-352c1f29289b0e81
PAMPA:2524,GRP-b4f45f8b9d29483d,2020_Townsend,2020,1.0,False,included,compatible_uncensored_replicate,SSCP-b4f45f8b9d29483d
PAMPA:2525,GRP-18cff46e9f254c58,2020_Townsend,2020,1.0,False,included,compatible_uncensored_replicate,SSCP-18cff46e9f254c58
PAMPA:2526,GRP-133350ac69b6f1fd,2020_Townsend,2020,1.0,False,included,compatible_uncensored_replicate,SSCP-133350ac69b6f1fd
PAMPA:2527,GRP-4a9a7ec15a52be42,2020_Townsend,2020,1.0,False,included,compatible_uncensored_replicate,SSCP-4a9a7ec15a52be42
PAMPA:2528,GRP-f6abce2332bde77b,2020_Townsend,2020,1.0,False,included,compatible_uncensored_replicate,SSCP-f6abce2332bde77b
PAMPA:2529,GRP-d014840ae2eb6a13,2020_Townsend,2020,1.0,False,included,compatible_uncensored_replicate,SSCP-d014840ae2eb6a13
PAMPA:2530,GRP-ffa54bca764709d6,2020_Townsend,2020,1.0,False,included,compatible_uncensored_replicate,SSCP-ffa54bca764709d6
PAMPA:2531,GRP-c3219902ce17cea4,2020_Townsend,2020,1.0,False,included,compatible_uncensored_replicate,SSCP-c3219902ce17cea4
PAMPA:2532,GRP-71200506dd1e67cb,2020_Townsend,2020,1.0,False,included,compatible_uncensored_replicate,SSCP-71200506dd1e67cb
PAMPA:2533,GRP-cef0e56573fcee9b,2020_Townsend,2020,1.0,False,included,compatible_uncensored_replicate,SSCP-cef0e56573fcee9b
PAMPA:2534,GRP-35adf34f23d0e193,2020_Townsend,2020,1.0,False,included,compatible_uncensored_replicate,SSCP-35adf34f23d0e193
PAMPA:2535,GRP-91137d7d94c5abb9,2020_Townsend,2020,1.0,False,included,compatible_uncensored_replicate,SSCP-91137d7d94c5abb9
PAMPA:2536,GRP-67ba31f3365acce7,2020_Townsend,2020,1.0,False,included,compatible_uncensored_replicate,SSCP-67ba31f3365acce7
PAMPA:2537,GRP-74b13a9f23c4e673,2020_Townsend,2020,1.0,False,included,compatible_uncensored_replicate,SSCP-74b13a9f23c4e673
PAMPA:2538,GRP-db7d6e72c7168ce3,2020_Townsend,2020,1.0,False,included,compatible_uncensored_replicate,SSCP-db7d6e72c7168ce3
PAMPA:2539,GRP-73d3dea985e627f5,2020_Townsend,2020,1.0,False,included,compatible_uncensored_replicate,SSCP-73d3dea985e627f5
PAMPA:2540,GRP-31a50334db116b8c,2020_Townsend,2020,1.0,False,included,compatible_uncensored_replicate,SSCP-31a50334db116b8c
PAMPA:2541,GRP-66d2fabf5bff159b,2020_Townsend,2020,1.0,False,included,compatible_uncensored_replicate,SSCP-66d2fabf5bff159b
PAMPA:2542,GRP-144308cbfca1e3e5,2020_Townsend,2020,1.0,False,included,compatible_uncensored_replicate,SSCP-144308cbfca1e3e5
PAMPA:2543,GRP-e9b2af3d0546cb3c,2020_Townsend,2020,1.0,False,included,compatible_uncensored_replicate,SSCP-e9b2af3d0546cb3c
PAMPA:2544,GRP-3951b4e9879d0b6f,2020_Townsend,2020,1.0,False,included,compatible_uncensored_replicate,SSCP-3951b4e9879d0b6f
PAMPA:2545,GRP-0101f020a34a701a,2020_Townsend,2020,1.0,False,included,compatible_uncensored_replicate,SSCP-0101f020a34a701a
PAMPA:2546,GRP-c5e16b903439e85d,2020_Townsend,2020,1.0,False,included,compatible_uncensored_replicate,SSCP-c5e16b903439e85d
PAMPA:2547,GRP-2c89717179d040ba,2020_Townsend,2020,1.0,False,included,compatible_uncensored_replicate,SSCP-2c89717179d040ba
PAMPA:2548,GRP-1ab6ffb5785a004a,2020_Townsend,2020,1.0,False,included,compatible_uncensored_replicate,SSCP-1ab6ffb5785a004a
PAMPA:2549,GRP-2f5d678c5743a120,2020_Townsend,2020,1.0,False,included,compatible_uncensored_replicate,SSCP-2f5d678c5743a120
PAMPA:2550,GRP-a219cc98971fec70,2020_Townsend,2020,1.0,False,included,compatible_uncensored_replicate,SSCP-a219cc98971fec70
PAMPA:2551,GRP-f5e68c6be0c9f5e4,2020_Townsend,2020,1.0,False,included,compatible_uncensored_replicate,SSCP-f5e68c6be0c9f5e4
PAMPA:2552,GRP-b33bc39c49e73823,2020_Townsend,2020,1.0,False,included,compatible_uncensored_replicate,SSCP-b33bc39c49e73823
PAMPA:2553,GRP-12143f9304aeed30,2020_Townsend,2020,1.0,False,included,compatible_uncensored_replicate,SSCP-12143f9304aeed30
PAMPA:2554,GRP-1dbf281744840ce6,2020_Townsend,2020,1.0,False,included,compatible_uncensored_replicate,SSCP-1dbf281744840ce6
PAMPA:2555,GRP-591198e0b0493577,2020_Townsend,2020,1.0,False,included,compatible_uncensored_replicate,SSCP-591198e0b0493577
PAMPA:2556,GRP-489a8fe23e8ceb73,2020_Townsend,2020,1.0,False,included,compatible_uncensored_replicate,SSCP-489a8fe23e8ceb73
PAMPA:2557,GRP-6de775418a341478,2020_Townsend,2020,1.0,False,included,compatible_uncensored_replicate,SSCP-6de775418a341478
PAMPA:2558,GRP-a9249d1dca1760c8,2020_Townsend,2020,1.0,False,included,compatible_uncensored_replicate,SSCP-a9249d1dca1760c8
PAMPA:2559,GRP-7cf6b5099ef2651e,2020_Townsend,2020,1.0,False,included,compatible_uncensored_replicate,SSCP-7cf6b5099ef2651e
PAMPA:2560,GRP-1bec4fbe5f08222d,2020_Townsend,2020,1.0,False,included,compatible_uncensored_replicate,SSCP-1bec4fbe5f08222d
PAMPA:2561,GRP-fd28aa09abf26634,2020_Townsend,2020,1.0,False,included,compatible_uncensored_replicate,SSCP-fd28aa09abf26634
PAMPA:2562,GRP-55707e3e6d5ae29a,2020_Townsend,2020,1.0,False,included,compatible_uncensored_replicate,SSCP-55707e3e6d5ae29a
PAMPA:2563,GRP-176c06ed358ffc9a,2020_Townsend,2020,1.0,False,included,compatible_uncensored_replicate,SSCP-176c06ed358ffc9a
PAMPA:2564,GRP-dec9896ef1a9d434,2020_Townsend,2020,1.0,False,included,compatible_uncensored_replicate,SSCP-dec9896ef1a9d434
PAMPA:2565,GRP-febd8a5c2314fbda,2020_Townsend,2020,1.0,False,included,compatible_uncensored_replicate,SSCP-febd8a5c2314fbda
PAMPA:2566,GRP-dd795d7b2874014b,2020_Townsend,2020,1.0,False,included,compatible_uncensored_replicate,SSCP-dd795d7b2874014b
PAMPA:2567,GRP-033a1ac1fcfcb18d,2020_Townsend,2020,1.0,False,included,compatible_uncensored_replicate,SSCP-033a1ac1fcfcb18d
PAMPA:2568,GRP-29a2b41fae6d83c0,2020_Townsend,2020,1.0,False,included,compatible_uncensored_replicate,SSCP-29a2b41fae6d83c0
PAMPA:2569,GRP-58f2607d4f37cf46,2020_Townsend,2020,1.0,False,included,compatible_uncensored_replicate,SSCP-58f2607d4f37cf46
PAMPA:2570,GRP-e9c25757ed11ed2c,2020_Townsend,2020,1.0,False,included,compatible_uncensored_replicate,SSCP-e9c25757ed11ed2c
PAMPA:2571,GRP-55cfb09876ec8b97,2020_Townsend,2020,1.0,False,included,compatible_uncensored_replicate,SSCP-55cfb09876ec8b97
PAMPA:2572,GRP-dae45b75d60931ec,2020_Townsend,2020,1.0,False,included,compatible_uncensored_replicate,SSCP-dae45b75d60931ec
PAMPA:2573,GRP-fade678ffd02f411,2020_Townsend,2020,1.0,False,included,compatible_uncensored_replicate,SSCP-fade678ffd02f411
PAMPA:2574,GRP-90bbc8009789f04d,2020_Townsend,2020,1.0,False,included,compatible_uncensored_replicate,SSCP-90bbc8009789f04d
PAMPA:2575,GRP-b9c338f3f764234d,2020_Townsend,2020,1.0,False,included,compatible_uncensored_replicate,SSCP-b9c338f3f764234d
PAMPA:2576,GRP-eb846f0850fabf2d,2020_Townsend,2020,1.0,False,included,compatible_uncensored_replicate,SSCP-eb846f0850fabf2d
PAMPA:2577,GRP-ad597828c2f57920,2020_Townsend,2020,1.0,False,included,compatible_uncensored_replicate,SSCP-ad597828c2f57920
PAMPA:2578,GRP-0252fab4ed093076,2020_Townsend,2020,1.0,False,included,compatible_uncensored_replicate,SSCP-0252fab4ed093076
PAMPA:2579,GRP-08b41f9853dc92ef,2020_Townsend,2020,1.0,False,included,compatible_uncensored_replicate,SSCP-08b41f9853dc92ef
PAMPA:2580,GRP-0954ab5c180aecaa,2020_Townsend,2020,1.0,False,included,compatible_uncensored_replicate,SSCP-0954ab5c180aecaa
PAMPA:2581,GRP-e7d0e95b30a4b892,2020_Townsend,2020,1.0,False,included,compatible_uncensored_replicate,SSCP-e7d0e95b30a4b892
PAMPA:2582,GRP-f77d86cb9d54ea6f,2020_Townsend,2020,1.0,False,included,compatible_uncensored_replicate,SSCP-f77d86cb9d54ea6f
PAMPA:2583,GRP-fdac4a49ab7a847e,2020_Townsend,2020,1.0,False,included,compatible_uncensored_replicate,SSCP-fdac4a49ab7a847e
PAMPA:2584,GRP-2359b60881bfc716,2020_Townsend,2020,1.0,False,included,compatible_uncensored_replicate,SSCP-2359b60881bfc716
PAMPA:2585,GRP-6f6e3709527f5b09,2020_Townsend,2020,1.0,True,excluded,irrecoverably_censored_or_missing_label,
PAMPA:2586,GRP-323af9dead527660,2020_Townsend,2020,1.0,False,included,compatible_uncensored_replicate,SSCP-323af9dead527660
PAMPA:2587,GRP-24b23f48dfd17fcf,2020_Townsend,2020,1.0,False,included,compatible_uncensored_replicate,SSCP-24b23f48dfd17fcf
PAMPA:2588,GRP-4aaed91ca19c1d4b,2020_Townsend,2020,1.0,False,included,compatible_uncensored_replicate,SSCP-4aaed91ca19c1d4b
PAMPA:2589,GRP-8665b554888db6cf,2020_Townsend,2020,1.0,False,included,compatible_uncensored_replicate,SSCP-8665b554888db6cf
PAMPA:2590,GRP-6faebe564cf7cbb3,2020_Townsend,2020,1.0,False,included,compatible_uncensored_replicate,SSCP-6faebe564cf7cbb3
PAMPA:2591,GRP-c9ae4b6610decce6,2020_Townsend,2020,1.0,False,included,compatible_uncensored_replicate,SSCP-c9ae4b6610decce6
PAMPA:2592,GRP-21fb7432b4678a4f,2020_Townsend,2020,1.0,False,included,compatible_uncensored_replicate,SSCP-21fb7432b4678a4f
PAMPA:2593,GRP-b728bbca0c2f4cf7,2020_Townsend,2020,1.0,False,included,compatible_uncensored_replicate,SSCP-b728bbca0c2f4cf7
PAMPA:2594,GRP-8fdfb01217b5683e,2020_Townsend,2020,1.0,False,included,compatible_uncensored_replicate,SSCP-8fdfb01217b5683e
PAMPA:2595,GRP-8fd66f960bfbd5c9,2020_Townsend,2020,1.0,False,included,compatible_uncensored_replicate,SSCP-8fd66f960bfbd5c9
PAMPA:2596,GRP-ac7f1c1ddd3251ad,2020_Townsend,2020,1.0,False,included,compatible_uncensored_replicate,SSCP-ac7f1c1ddd3251ad
PAMPA:2597,GRP-7982464200b1a4fd,2020_Townsend,2020,1.0,False,included,compatible_uncensored_replicate,SSCP-7982464200b1a4fd
PAMPA:2598,GRP-bb9438cbf4de1637,2020_Townsend,2020,1.0,False,included,compatible_uncensored_replicate,SSCP-bb9438cbf4de1637
PAMPA:2599,GRP-c87f2d65c29d6282,2020_Townsend,2020,1.0,False,included,compatible_uncensored_replicate,SSCP-c87f2d65c29d6282
PAMPA:2600,GRP-cd55246a348dd677,2020_Townsend,2020,1.0,False,included,compatible_uncensored_replicate,SSCP-cd55246a348dd677
PAMPA:2601,GRP-fed3feff7861a6f1,2020_Townsend,2020,1.0,False,included,compatible_uncensored_replicate,SSCP-fed3feff7861a6f1
PAMPA:2602,GRP-766d0d6f877f0c00,2020_Townsend,2020,1.0,False,included,compatible_uncensored_replicate,SSCP-766d0d6f877f0c00
PAMPA:2603,GRP-043747e1af18b5d3,2020_Townsend,2020,1.0,False,included,compatible_uncensored_replicate,SSCP-043747e1af18b5d3
PAMPA:2604,GRP-6ccc70a4f6571beb,2020_Townsend,2020,1.0,False,included,compatible_uncensored_replicate,SSCP-6ccc70a4f6571beb
PAMPA:2605,GRP-0d6316dcbe2930b6,2020_Townsend,2020,1.0,False,included,compatible_uncensored_replicate,SSCP-0d6316dcbe2930b6
PAMPA:2606,GRP-528827cc1aa4e8ef,2020_Townsend,2020,1.0,False,included,compatible_uncensored_replicate,SSCP-528827cc1aa4e8ef
PAMPA:2607,GRP-dbf4911c3ff0ce26,2020_Townsend,2020,1.0,False,included,compatible_uncensored_replicate,SSCP-dbf4911c3ff0ce26
PAMPA:2608,GRP-6bbc7d5813ef6649,2020_Townsend,2020,1.0,False,included,compatible_uncensored_replicate,SSCP-6bbc7d5813ef6649
PAMPA:2609,GRP-fd9bbe1ce9cc234a,2020_Townsend,2020,1.0,False,included,compatible_uncensored_replicate,SSCP-fd9bbe1ce9cc234a
PAMPA:2610,GRP-0dd2afba8650ec67,2020_Townsend,2020,1.0,False,included,compatible_uncensored_replicate,SSCP-0dd2afba8650ec67
PAMPA:2611,GRP-f14064207d4cc877,2020_Townsend,2020,1.0,False,included,compatible_uncensored_replicate,SSCP-f14064207d4cc877
PAMPA:2612,GRP-e467d99939f87704,2020_Townsend,2020,1.0,False,included,compatible_uncensored_replicate,SSCP-e467d99939f87704
PAMPA:2613,GRP-9bedb75bb504dc89,2020_Townsend,2020,1.0,False,included,compatible_uncensored_replicate,SSCP-9bedb75bb504dc89
PAMPA:2614,GRP-bd976946914886a5,2020_Townsend,2020,1.0,False,included,compatible_uncensored_replicate,SSCP-bd976946914886a5
PAMPA:2615,GRP-bb1a85789267abfc,2020_Townsend,2020,1.0,False,included,compatible_uncensored_replicate,SSCP-bb1a85789267abfc
PAMPA:2616,GRP-1a82836fa6d9b122,2020_Townsend,2020,1.0,False,included,compatible_uncensored_replicate,SSCP-1a82836fa6d9b122
PAMPA:2617,GRP-bc239afd281f0864,2020_Townsend,2020,1.0,False,included,compatible_uncensored_replicate,SSCP-bc239afd281f0864
PAMPA:2618,GRP-9d6a58dfa8c619db,2020_Townsend,2020,1.0,False,included,compatible_uncensored_replicate,SSCP-9d6a58dfa8c619db
PAMPA:2619,GRP-735ea39b644ac7c1,2020_Townsend,2020,1.0,False,included,compatible_uncensored_replicate,SSCP-735ea39b644ac7c1
PAMPA:2620,GRP-d1dfd2ec06045df6,2020_Townsend,2020,1.0,False,included,compatible_uncensored_replicate,SSCP-d1dfd2ec06045df6
PAMPA:2621,GRP-1f167b840dc6f7d8,2020_Townsend,2020,1.0,False,included,compatible_uncensored_replicate,SSCP-1f167b840dc6f7d8
PAMPA:2622,GRP-540bd08b709917ab,2020_Townsend,2020,1.0,False,included,compatible_uncensored_replicate,SSCP-540bd08b709917ab
PAMPA:2623,GRP-3ec2a2923a16b2b2,2020_Townsend,2020,1.0,False,included,compatible_uncensored_replicate,SSCP-3ec2a2923a16b2b2
PAMPA:2624,GRP-bb62ef2710fa6757,2020_Townsend,2020,1.0,False,included,compatible_uncensored_replicate,SSCP-bb62ef2710fa6757
PAMPA:2625,GRP-7d899ff19b560c82,2020_Townsend,2020,1.0,False,included,compatible_uncensored_replicate,SSCP-7d899ff19b560c82
PAMPA:2626,GRP-b6c63c3b0168fa55,2020_Townsend,2020,1.0,False,included,compatible_uncensored_replicate,SSCP-b6c63c3b0168fa55
PAMPA:2627,GRP-d8ce0780119746c4,2020_Townsend,2020,1.0,False,included,compatible_uncensored_replicate,SSCP-d8ce0780119746c4
PAMPA:2628,GRP-b17483b20a1a37c6,2020_Townsend,2020,1.0,False,included,compatible_uncensored_replicate,SSCP-b17483b20a1a37c6
PAMPA:2629,GRP-e575ab7c2ea19174,2020_Townsend,2020,1.0,False,included,compatible_uncensored_replicate,SSCP-e575ab7c2ea19174
PAMPA:2630,GRP-69c506a158913490,2020_Townsend,2020,1.0,False,included,compatible_uncensored_replicate,SSCP-69c506a158913490
PAMPA:2631,GRP-2b2cbb97f23e79ab,2020_Townsend,2020,1.0,False,included,compatible_uncensored_replicate,SSCP-2b2cbb97f23e79ab
PAMPA:2632,GRP-2b36b33c67eb2f99,2020_Townsend,2020,1.0,False,included,compatible_uncensored_replicate,SSCP-2b36b33c67eb2f99
PAMPA:2633,GRP-b35134195b5cd76b,2020_Townsend,2020,1.0,False,included,compatible_uncensored_replicate,SSCP-b35134195b5cd76b
PAMPA:2634,GRP-cd21bbb2772b1237,2020_Townsend,2020,1.0,False,included,compatible_uncensored_replicate,SSCP-cd21bbb2772b1237
PAMPA:2635,GRP-f3a88b4b0caa9cac,2020_Townsend,2020,1.0,False,included,compatible_uncensored_replicate,SSCP-f3a88b4b0caa9cac
PAMPA:2636,GRP-9580281d18a5c7d9,2020_Townsend,2020,1.0,False,included,compatible_uncensored_replicate,SSCP-9580281d18a5c7d9
PAMPA:2637,GRP-05d38ecbfa8078d3,2020_Townsend,2020,1.0,False,included,compatible_uncensored_replicate,SSCP-05d38ecbfa8078d3
PAMPA:2638,GRP-aa7a17ba1e570302,2020_Townsend,2020,1.0,False,included,compatible_uncensored_replicate,SSCP-aa7a17ba1e570302
PAMPA:2639,GRP-0178084d0982157e,2020_Townsend,2020,1.0,False,included,compatible_uncensored_replicate,SSCP-0178084d0982157e
PAMPA:2640,GRP-012a04013c75aeae,2020_Townsend,2020,1.0,False,included,compatible_uncensored_replicate,SSCP-012a04013c75aeae
PAMPA:2641,GRP-6693bee5ba041145,2020_Townsend,2020,1.0,False,included,compatible_uncensored_replicate,SSCP-6693bee5ba041145
PAMPA:2642,GRP-9da897547decec54,2020_Townsend,2020,1.0,False,included,compatible_uncensored_replicate,SSCP-9da897547decec54
PAMPA:2643,GRP-4f4dbb75b8643656,2020_Townsend,2020,1.0,False,included,compatible_uncensored_replicate,SSCP-4f4dbb75b8643656
PAMPA:2644,GRP-d33a7d8946b1b14f,2020_Townsend,2020,1.0,False,included,compatible_uncensored_replicate,SSCP-d33a7d8946b1b14f
PAMPA:2645,GRP-bc620cd574066f87,2020_Townsend,2020,1.0,False,included,compatible_uncensored_replicate,SSCP-bc620cd574066f87
PAMPA:2646,GRP-aab0f8b1c2b7ec44,2020_Townsend,2020,1.0,False,included,compatible_uncensored_replicate,SSCP-aab0f8b1c2b7ec44
PAMPA:2647,GRP-07b16dec14914beb,2020_Townsend,2020,1.0,False,included,compatible_uncensored_replicate,SSCP-07b16dec14914beb
PAMPA:2648,GRP-2ae6b7eb5c7aae57,2020_Townsend,2020,1.0,False,included,compatible_uncensored_replicate,SSCP-2ae6b7eb5c7aae57
PAMPA:2649,GRP-39fd5815cf77fa0c,2020_Townsend,2020,1.0,False,included,compatible_uncensored_replicate,SSCP-39fd5815cf77fa0c
PAMPA:2650,GRP-a282b514c040917f,2020_Townsend,2020,1.0,False,included,compatible_uncensored_replicate,SSCP-a282b514c040917f
PAMPA:2651,GRP-1cc8179b3992e263,2020_Townsend,2020,1.0,False,included,compatible_uncensored_replicate,SSCP-1cc8179b3992e263
PAMPA:2652,GRP-dde5d9a5ccdd9275,2020_Townsend,2020,1.0,False,included,compatible_uncensored_replicate,SSCP-dde5d9a5ccdd9275
PAMPA:2653,GRP-b44f1935f4c5a23e,2020_Townsend,2020,1.0,False,included,compatible_uncensored_replicate,SSCP-b44f1935f4c5a23e
PAMPA:2654,GRP-158be948cfb4f2e5,2020_Townsend,2020,1.0,False,included,compatible_uncensored_replicate,SSCP-158be948cfb4f2e5
PAMPA:2655,GRP-c42ec44b724fc326,2020_Townsend,2020,1.0,False,included,compatible_uncensored_replicate,SSCP-c42ec44b724fc326
PAMPA:2656,GRP-3ad1723078d06d7c,2020_Townsend,2020,1.0,False,included,compatible_uncensored_replicate,SSCP-3ad1723078d06d7c
PAMPA:2657,GRP-f15816e46f02bba6,2020_Townsend,2020,1.0,False,included,compatible_uncensored_replicate,SSCP-f15816e46f02bba6
PAMPA:2658,GRP-dc164af73761c5d2,2020_Townsend,2020,1.0,False,included,compatible_uncensored_replicate,SSCP-dc164af73761c5d2
PAMPA:2659,GRP-7b6f75f13d3ca931,2020_Townsend,2020,1.0,False,included,compatible_uncensored_replicate,SSCP-7b6f75f13d3ca931
PAMPA:2660,GRP-730f1c61b452bd1b,2020_Townsend,2020,1.0,False,included,compatible_uncensored_replicate,SSCP-730f1c61b452bd1b
PAMPA:2661,GRP-09ee2290b0a6d32e,2020_Townsend,2020,1.0,False,included,compatible_uncensored_replicate,SSCP-09ee2290b0a6d32e
PAMPA:2662,GRP-3c84f918080be6a1,2020_Townsend,2020,1.0,False,included,compatible_uncensored_replicate,SSCP-3c84f918080be6a1
PAMPA:2663,GRP-ca49dfe142b6802b,2020_Townsend,2020,1.0,False,included,compatible_uncensored_replicate,SSCP-ca49dfe142b6802b
PAMPA:2664,GRP-28704aa95103667d,2020_Townsend,2020,1.0,False,included,compatible_uncensored_replicate,SSCP-28704aa95103667d
PAMPA:2665,GRP-bffadc1fac1563ac,2020_Townsend,2020,1.0,False,included,compatible_uncensored_replicate,SSCP-bffadc1fac1563ac
PAMPA:2666,GRP-dbd9040dc50b70ea,2020_Townsend,2020,1.0,False,included,compatible_uncensored_replicate,SSCP-dbd9040dc50b70ea
PAMPA:2667,GRP-4c41e500948065bd,2020_Townsend,2020,1.0,False,included,compatible_uncensored_replicate,SSCP-4c41e500948065bd
PAMPA:2668,GRP-24111c4ace896ac9,2020_Townsend,2020,1.0,False,included,compatible_uncensored_replicate,SSCP-24111c4ace896ac9
PAMPA:2669,GRP-0ef0720f1a8912fd,2020_Townsend,2020,1.0,False,included,compatible_uncensored_replicate,SSCP-0ef0720f1a8912fd
PAMPA:2670,GRP-3f2554a5fe967d17,2020_Townsend,2020,1.0,False,included,compatible_uncensored_replicate,SSCP-3f2554a5fe967d17
PAMPA:2671,GRP-4c2114c8424aa6f4,2020_Townsend,2020,1.0,False,included,compatible_uncensored_replicate,SSCP-4c2114c8424aa6f4
PAMPA:2672,GRP-2bfe20fe1f1f3d32,2020_Townsend,2020,1.0,False,included,compatible_uncensored_replicate,SSCP-2bfe20fe1f1f3d32
PAMPA:2673,GRP-e4a3416b506ea548,2020_Townsend,2020,1.0,False,included,compatible_uncensored_replicate,SSCP-e4a3416b506ea548
PAMPA:2674,GRP-c1a6032afcc9b74f,2020_Townsend,2020,1.0,False,included,compatible_uncensored_replicate,SSCP-c1a6032afcc9b74f
PAMPA:2675,GRP-3072bd8330e6a834,2020_Townsend,2020,1.0,False,included,compatible_uncensored_replicate,SSCP-3072bd8330e6a834
PAMPA:2676,GRP-ad708e665cf3bf52,2020_Townsend,2020,1.0,False,included,compatible_uncensored_replicate,SSCP-ad708e665cf3bf52
PAMPA:2677,GRP-29cc92dd858f214c,2020_Townsend,2020,1.0,False,included,compatible_uncensored_replicate,SSCP-29cc92dd858f214c
PAMPA:2678,GRP-7465285595fde2e3,2020_Townsend,2020,1.0,False,included,compatible_uncensored_replicate,SSCP-7465285595fde2e3
PAMPA:2679,GRP-106832b5a88255c4,2020_Townsend,2020,1.0,True,excluded,irrecoverably_censored_or_missing_label,
PAMPA:2680,GRP-d79574bb1f875ee5,2020_Townsend,2020,1.0,False,included,compatible_uncensored_replicate,SSCP-d79574bb1f875ee5
PAMPA:2681,GRP-7741f97f775f3285,2020_Townsend,2020,1.0,False,included,compatible_uncensored_replicate,SSCP-7741f97f775f3285
PAMPA:2682,GRP-136b44d2ce162c73,2020_Townsend,2020,1.0,False,included,compatible_uncensored_replicate,SSCP-136b44d2ce162c73
PAMPA:2683,GRP-e79add3267405924,2020_Townsend,2020,1.0,False,included,compatible_uncensored_replicate,SSCP-e79add3267405924
PAMPA:2684,GRP-0195d2c0149d8fbe,2020_Townsend,2020,1.0,False,included,compatible_uncensored_replicate,SSCP-0195d2c0149d8fbe
PAMPA:2685,GRP-8b2ddd8dc80fe90f,2020_Townsend,2020,1.0,False,included,compatible_uncensored_replicate,SSCP-8b2ddd8dc80fe90f
PAMPA:2686,GRP-b05ce2f334edbc0d,2020_Townsend,2020,1.0,False,included,compatible_uncensored_replicate,SSCP-b05ce2f334edbc0d
PAMPA:2687,GRP-ef47fe1bdb4750ad,2020_Townsend,2020,1.0,False,included,compatible_uncensored_replicate,SSCP-ef47fe1bdb4750ad
PAMPA:2688,GRP-b2df0b42080247ab,2020_Townsend,2020,1.0,False,included,compatible_uncensored_replicate,SSCP-b2df0b42080247ab
PAMPA:2689,GRP-e6809fbc821ef4ef,2020_Townsend,2020,1.0,False,included,compatible_uncensored_replicate,SSCP-e6809fbc821ef4ef
PAMPA:2690,GRP-b90c29784fa3975c,2020_Townsend,2020,1.0,False,included,compatible_uncensored_replicate,SSCP-b90c29784fa3975c
PAMPA:2691,GRP-d7622b3cf0d6c6dd,2020_Townsend,2020,1.0,False,included,compatible_uncensored_replicate,SSCP-d7622b3cf0d6c6dd
PAMPA:2692,GRP-3c1f22485f894830,2020_Townsend,2020,1.0,False,included,compatible_uncensored_replicate,SSCP-3c1f22485f894830
PAMPA:2693,GRP-ea8e2edef8c18103,2020_Townsend,2020,1.0,False,included,compatible_uncensored_replicate,SSCP-ea8e2edef8c18103
PAMPA:2694,GRP-b6ea7983ce512977,2020_Townsend,2020,1.0,False,included,compatible_uncensored_replicate,SSCP-b6ea7983ce512977
PAMPA:2695,GRP-46183841a4e007c7,2020_Townsend,2020,1.0,False,included,compatible_uncensored_replicate,SSCP-46183841a4e007c7
PAMPA:2696,GRP-92064160e999c2f3,2020_Townsend,2020,1.0,False,included,compatible_uncensored_replicate,SSCP-92064160e999c2f3
PAMPA:2697,GRP-c8385efd2823f1a7,2020_Townsend,2020,1.0,False,included,compatible_uncensored_replicate,SSCP-c8385efd2823f1a7
PAMPA:2698,GRP-17ef1c7c06ba3b11,2020_Townsend,2020,1.0,False,included,compatible_uncensored_replicate,SSCP-17ef1c7c06ba3b11
PAMPA:2699,GRP-f45915c488cfeb05,2020_Townsend,2020,1.0,False,included,compatible_uncensored_replicate,SSCP-f45915c488cfeb05
PAMPA:2700,GRP-8b75f4a009fcba39,2020_Townsend,2020,1.0,False,included,compatible_uncensored_replicate,SSCP-8b75f4a009fcba39
PAMPA:2701,GRP-135f52389e38188d,2020_Townsend,2020,1.0,False,included,compatible_uncensored_replicate,SSCP-135f52389e38188d
PAMPA:2702,GRP-ce98b8f20bd74114,2020_Townsend,2020,1.0,False,included,compatible_uncensored_replicate,SSCP-ce98b8f20bd74114
PAMPA:2703,GRP-94ac7a5d8d19374b,2020_Townsend,2020,1.0,False,included,compatible_uncensored_replicate,SSCP-94ac7a5d8d19374b
PAMPA:2704,GRP-728fcd4656767bb6,2020_Townsend,2020,1.0,False,included,compatible_uncensored_replicate,SSCP-728fcd4656767bb6
PAMPA:2705,GRP-5baed7a4bdaeeb06,2020_Townsend,2020,1.0,False,included,compatible_uncensored_replicate,SSCP-5baed7a4bdaeeb06
PAMPA:2706,GRP-07bf1c319510730f,2020_Townsend,2020,1.0,False,included,compatible_uncensored_replicate,SSCP-07bf1c319510730f
PAMPA:2707,GRP-3eb7f397bc8e3fea,2020_Townsend,2020,1.0,False,included,compatible_uncensored_replicate,SSCP-3eb7f397bc8e3fea
PAMPA:2708,GRP-295306e7e36726de,2020_Townsend,2020,1.0,False,included,compatible_uncensored_replicate,SSCP-295306e7e36726de
PAMPA:2709,GRP-e4093e8474fc2349,2020_Townsend,2020,1.0,False,included,compatible_uncensored_replicate,SSCP-e4093e8474fc2349
PAMPA:2710,GRP-840d39e53d38d15b,2020_Townsend,2020,1.0,False,included,compatible_uncensored_replicate,SSCP-840d39e53d38d15b
PAMPA:2711,GRP-21269da168789676,2020_Townsend,2020,1.0,False,included,compatible_uncensored_replicate,SSCP-21269da168789676
PAMPA:2712,GRP-8bf9cf4ab3eae7bb,2020_Townsend,2020,1.0,False,included,compatible_uncensored_replicate,SSCP-8bf9cf4ab3eae7bb
PAMPA:2713,GRP-fdbc5b35abf11222,2020_Townsend,2020,1.0,False,included,compatible_uncensored_replicate,SSCP-fdbc5b35abf11222
PAMPA:2714,GRP-0ba034cc597940ad,2020_Townsend,2020,1.0,False,included,compatible_uncensored_replicate,SSCP-0ba034cc597940ad
PAMPA:2715,GRP-8b6c65cf0ba59f10,2020_Townsend,2020,1.0,False,included,compatible_uncensored_replicate,SSCP-8b6c65cf0ba59f10
PAMPA:2716,GRP-4775c3ec2510d2e0,2020_Townsend,2020,1.0,False,included,compatible_uncensored_replicate,SSCP-4775c3ec2510d2e0
PAMPA:2717,GRP-c4793a974b34a389,2020_Townsend,2020,1.0,False,included,compatible_uncensored_replicate,SSCP-c4793a974b34a389
PAMPA:2718,GRP-672413687901adeb,2020_Townsend,2020,1.0,False,included,compatible_uncensored_replicate,SSCP-672413687901adeb
PAMPA:2719,GRP-695ffcba077adf70,2020_Townsend,2020,1.0,False,included,compatible_uncensored_replicate,SSCP-695ffcba077adf70
PAMPA:2720,GRP-ca5ad25415dba058,2020_Townsend,2020,1.0,False,included,compatible_uncensored_replicate,SSCP-ca5ad25415dba058
PAMPA:2721,GRP-7e650bc8c7bb08a5,2020_Townsend,2020,1.0,False,included,compatible_uncensored_replicate,SSCP-7e650bc8c7bb08a5
PAMPA:2722,GRP-c9bb6bb26cfbbd20,2020_Townsend,2020,1.0,False,included,compatible_uncensored_replicate,SSCP-c9bb6bb26cfbbd20
PAMPA:2723,GRP-fbd0131fbc5b4564,2020_Townsend,2020,1.0,False,included,compatible_uncensored_replicate,SSCP-fbd0131fbc5b4564
PAMPA:2724,GRP-dc4451decca3aefa,2020_Townsend,2020,1.0,False,included,compatible_uncensored_replicate,SSCP-dc4451decca3aefa
PAMPA:2725,GRP-d05ff13723ba08cd,2020_Townsend,2020,1.0,False,included,compatible_uncensored_replicate,SSCP-d05ff13723ba08cd
PAMPA:2726,GRP-f5a5283884e6285a,2020_Townsend,2020,1.0,False,included,compatible_uncensored_replicate,SSCP-f5a5283884e6285a
PAMPA:2727,GRP-652790d78f3ed7d4,2020_Townsend,2020,1.0,False,included,compatible_uncensored_replicate,SSCP-652790d78f3ed7d4
PAMPA:2728,GRP-20b7a41eadb60599,2020_Townsend,2020,1.0,False,included,compatible_uncensored_replicate,SSCP-20b7a41eadb60599
PAMPA:2729,GRP-c47674ddcf669259,2020_Townsend,2020,1.0,False,included,compatible_uncensored_replicate,SSCP-c47674ddcf669259
PAMPA:2730,GRP-dacbdf5af305ab65,2020_Townsend,2020,1.0,False,included,compatible_uncensored_replicate,SSCP-dacbdf5af305ab65
PAMPA:2731,GRP-542ff88f773297ac,2020_Townsend,2020,1.0,False,included,compatible_uncensored_replicate,SSCP-542ff88f773297ac
PAMPA:2732,GRP-2be316ec4cadbbd0,2020_Townsend,2020,1.0,False,included,compatible_uncensored_replicate,SSCP-2be316ec4cadbbd0
PAMPA:2733,GRP-b262ac2e1cb60a70,2020_Townsend,2020,1.0,False,included,compatible_uncensored_replicate,SSCP-b262ac2e1cb60a70
PAMPA:2734,GRP-880e8f917952bcb5,2020_Townsend,2020,1.0,False,included,compatible_uncensored_replicate,SSCP-880e8f917952bcb5
PAMPA:2735,GRP-c524d20a29722b85,2020_Townsend,2020,1.0,False,included,compatible_uncensored_replicate,SSCP-c524d20a29722b85
PAMPA:2736,GRP-3da02608c2d8c8f2,2020_Townsend,2020,1.0,False,included,compatible_uncensored_replicate,SSCP-3da02608c2d8c8f2
PAMPA:2737,GRP-62a7743bfe93dde9,2020_Townsend,2020,1.0,False,included,compatible_uncensored_replicate,SSCP-62a7743bfe93dde9
PAMPA:2738,GRP-63af43990739f5a5,2020_Townsend,2020,1.0,False,included,compatible_uncensored_replicate,SSCP-63af43990739f5a5
PAMPA:2739,GRP-1e7801faf668490c,2020_Townsend,2020,1.0,False,included,compatible_uncensored_replicate,SSCP-1e7801faf668490c
PAMPA:2740,GRP-79dfd95c1075c538,2020_Townsend,2020,1.0,False,included,compatible_uncensored_replicate,SSCP-79dfd95c1075c538
PAMPA:2741,GRP-588825e15e87ccaa,2020_Townsend,2020,1.0,False,included,compatible_uncensored_replicate,SSCP-588825e15e87ccaa
PAMPA:2742,GRP-3ed55a8496f0e0d2,2020_Townsend,2020,1.0,False,included,compatible_uncensored_replicate,SSCP-3ed55a8496f0e0d2
PAMPA:2743,GRP-33653fc617042f52,2020_Townsend,2020,1.0,False,included,compatible_uncensored_replicate,SSCP-33653fc617042f52
PAMPA:2744,GRP-88db50e1a5f54e1d,2020_Townsend,2020,1.0,False,included,compatible_uncensored_replicate,SSCP-88db50e1a5f54e1d
PAMPA:2745,GRP-fdfd70a526826ff4,2020_Townsend,2020,1.0,False,included,compatible_uncensored_replicate,SSCP-fdfd70a526826ff4
PAMPA:2746,GRP-f9ae7fd0d9f43377,2020_Townsend,2020,1.0,False,included,compatible_uncensored_replicate,SSCP-f9ae7fd0d9f43377
PAMPA:2747,GRP-e06e4a17daec1de8,2020_Townsend,2020,1.0,False,included,compatible_uncensored_replicate,SSCP-e06e4a17daec1de8
PAMPA:2748,GRP-e296673710b67f24,2020_Townsend,2020,1.0,False,included,compatible_uncensored_replicate,SSCP-e296673710b67f24
PAMPA:2749,GRP-e581e6d7a7ab90f0,2020_Townsend,2020,1.0,False,included,compatible_uncensored_replicate,SSCP-e581e6d7a7ab90f0
PAMPA:2750,GRP-f04ccf4d279abb46,2020_Townsend,2020,1.0,False,included,compatible_uncensored_replicate,SSCP-f04ccf4d279abb46
PAMPA:2751,GRP-fcb9fb3ed5accc4c,2020_Townsend,2020,1.0,False,included,compatible_uncensored_replicate,SSCP-fcb9fb3ed5accc4c
PAMPA:2752,GRP-64896f28a7c09573,2020_Townsend,2020,1.0,False,included,compatible_uncensored_replicate,SSCP-64896f28a7c09573
PAMPA:2753,GRP-d8583fa3beebf69f,2020_Townsend,2020,1.0,False,included,compatible_uncensored_replicate,SSCP-d8583fa3beebf69f
PAMPA:2754,GRP-b0f8d59e7bc3b873,2020_Townsend,2020,1.0,False,included,compatible_uncensored_replicate,SSCP-b0f8d59e7bc3b873
PAMPA:2755,GRP-695d6daed5428ad7,2020_Townsend,2020,1.0,False,included,compatible_uncensored_replicate,SSCP-695d6daed5428ad7
PAMPA:2756,GRP-f8be70a9c2681225,2020_Townsend,2020,1.0,False,included,compatible_uncensored_replicate,SSCP-f8be70a9c2681225
PAMPA:2757,GRP-a412a2d4bddc93a8,2020_Townsend,2020,1.0,False,included,compatible_uncensored_replicate,SSCP-a412a2d4bddc93a8
PAMPA:2758,GRP-b7221988079809cd,2020_Townsend,2020,1.0,False,included,compatible_uncensored_replicate,SSCP-b7221988079809cd
PAMPA:2759,GRP-3adfe346b8f11725,2020_Townsend,2020,1.0,False,included,compatible_uncensored_replicate,SSCP-3adfe346b8f11725
PAMPA:2760,GRP-503d98d51b157d24,2020_Townsend,2020,1.0,False,included,compatible_uncensored_replicate,SSCP-503d98d51b157d24
PAMPA:2761,GRP-9a0a95984ec63d4e,2020_Townsend,2020,1.0,False,included,compatible_uncensored_replicate,SSCP-9a0a95984ec63d4e
PAMPA:2762,GRP-185b09b6d572d8bc,2020_Townsend,2020,1.0,False,included,compatible_uncensored_replicate,SSCP-185b09b6d572d8bc
PAMPA:2763,GRP-a2bfa0dd3af33e43,2020_Townsend,2020,1.0,False,included,compatible_uncensored_replicate,SSCP-a2bfa0dd3af33e43
PAMPA:2764,GRP-e32dbc3c78a995ec,2020_Townsend,2020,1.0,False,included,compatible_uncensored_replicate,SSCP-e32dbc3c78a995ec
PAMPA:2765,GRP-6a8f7a5e6775ba8d,2020_Townsend,2020,1.0,False,included,compatible_uncensored_replicate,SSCP-6a8f7a5e6775ba8d
PAMPA:2766,GRP-53bffbe1a720dd64,2020_Townsend,2020,1.0,False,included,compatible_uncensored_replicate,SSCP-53bffbe1a720dd64
PAMPA:2767,GRP-d456eef0e76cc380,2020_Townsend,2020,1.0,False,included,compatible_uncensored_replicate,SSCP-d456eef0e76cc380
PAMPA:2768,GRP-dffaa5501840e570,2020_Townsend,2020,1.0,False,included,compatible_uncensored_replicate,SSCP-dffaa5501840e570
PAMPA:2769,GRP-90e8bc9880739a6e,2020_Townsend,2020,1.0,True,excluded,irrecoverably_censored_or_missing_label,
PAMPA:2770,GRP-4777e782ba28b43a,2020_Townsend,2020,1.0,False,included,compatible_uncensored_replicate,SSCP-4777e782ba28b43a
PAMPA:2771,GRP-de4fc0040ca0a855,2020_Townsend,2020,1.0,False,included,compatible_uncensored_replicate,SSCP-de4fc0040ca0a855
PAMPA:2772,GRP-0ccc19700c6b7bc6,2020_Townsend,2020,1.0,False,included,compatible_uncensored_replicate,SSCP-0ccc19700c6b7bc6
PAMPA:2773,GRP-8e3a250b1d041504,2020_Townsend,2020,1.0,False,included,compatible_uncensored_replicate,SSCP-8e3a250b1d041504
PAMPA:2774,GRP-83346a79d02396fc,2020_Townsend,2020,1.0,False,included,compatible_uncensored_replicate,SSCP-83346a79d02396fc
PAMPA:2775,GRP-1abbed88c1b1340d,2020_Townsend,2020,1.0,False,included,compatible_uncensored_replicate,SSCP-1abbed88c1b1340d
PAMPA:2776,GRP-7077bd119ece6e1a,2020_Townsend,2020,1.0,False,included,compatible_uncensored_replicate,SSCP-7077bd119ece6e1a
PAMPA:2777,GRP-b8c14ad71c976713,2020_Townsend,2020,1.0,False,included,compatible_uncensored_replicate,SSCP-b8c14ad71c976713
PAMPA:2778,GRP-e9ba6a3dd207a3c4,2020_Townsend,2020,1.0,False,included,compatible_uncensored_replicate,SSCP-e9ba6a3dd207a3c4
PAMPA:2779,GRP-cdb8b1fe628ccd39,2020_Townsend,2020,1.0,False,included,compatible_uncensored_replicate,SSCP-cdb8b1fe628ccd39
PAMPA:2780,GRP-20606c2788f08cde,2020_Townsend,2020,1.0,False,included,compatible_uncensored_replicate,SSCP-20606c2788f08cde
PAMPA:2781,GRP-76607ff138816b5b,2020_Townsend,2020,1.0,False,included,compatible_uncensored_replicate,SSCP-76607ff138816b5b
PAMPA:2782,GRP-68b3acddae3e4dd0,2020_Townsend,2020,1.0,False,included,compatible_uncensored_replicate,SSCP-68b3acddae3e4dd0
PAMPA:2783,GRP-46601e172a97268b,2020_Townsend,2020,1.0,False,included,compatible_uncensored_replicate,SSCP-46601e172a97268b
PAMPA:2784,GRP-56f1ca0e26714339,2020_Townsend,2020,1.0,False,included,compatible_uncensored_replicate,SSCP-56f1ca0e26714339
PAMPA:2785,GRP-77d55c2efeee956f,2020_Townsend,2020,1.0,False,included,compatible_uncensored_replicate,SSCP-77d55c2efeee956f
PAMPA:2786,GRP-6802f290cd2ad698,2020_Townsend,2020,1.0,False,included,compatible_uncensored_replicate,SSCP-6802f290cd2ad698
PAMPA:2787,GRP-a7eec55ed75aafff,2020_Townsend,2020,1.0,False,included,compatible_uncensored_replicate,SSCP-a7eec55ed75aafff
PAMPA:2788,GRP-f4f3b7b8bf07ac0b,2020_Townsend,2020,1.0,False,included,compatible_uncensored_replicate,SSCP-f4f3b7b8bf07ac0b
PAMPA:2789,GRP-e683f34b9ffed263,2020_Townsend,2020,1.0,False,included,compatible_uncensored_replicate,SSCP-e683f34b9ffed263
PAMPA:2790,GRP-c1bca9ecebf63dae,2020_Townsend,2020,1.0,False,included,compatible_uncensored_replicate,SSCP-c1bca9ecebf63dae
PAMPA:2791,GRP-b06667b6b7e5c313,2020_Townsend,2020,1.0,False,included,compatible_uncensored_replicate,SSCP-b06667b6b7e5c313
PAMPA:2792,GRP-5a60ad87d2c0f134,2020_Townsend,2020,1.0,False,included,compatible_uncensored_replicate,SSCP-5a60ad87d2c0f134
PAMPA:2793,GRP-73033ab9e5a73225,2020_Townsend,2020,1.0,False,included,compatible_uncensored_replicate,SSCP-73033ab9e5a73225
PAMPA:2794,GRP-50b0fb9a6e133dd5,2020_Townsend,2020,1.0,False,included,compatible_uncensored_replicate,SSCP-50b0fb9a6e133dd5
PAMPA:2795,GRP-452228a7a8d73b8d,2020_Townsend,2020,1.0,False,included,compatible_uncensored_replicate,SSCP-452228a7a8d73b8d
PAMPA:2796,GRP-e90d9b70d53501de,2020_Townsend,2020,1.0,False,included,compatible_uncensored_replicate,SSCP-e90d9b70d53501de
PAMPA:2797,GRP-d57ff1c642d4d0e6,2020_Townsend,2020,1.0,False,included,compatible_uncensored_replicate,SSCP-d57ff1c642d4d0e6
PAMPA:2798,GRP-8ca7bdb5c4580086,2020_Townsend,2020,1.0,False,included,compatible_uncensored_replicate,SSCP-8ca7bdb5c4580086
PAMPA:2799,GRP-3f45413e9679bdd6,2020_Townsend,2020,1.0,False,included,compatible_uncensored_replicate,SSCP-3f45413e9679bdd6
PAMPA:2800,GRP-2562fad61ee1aab7,2020_Townsend,2020,1.0,False,included,compatible_uncensored_replicate,SSCP-2562fad61ee1aab7
PAMPA:2801,GRP-0341c127a867cfdd,2020_Townsend,2020,1.0,False,included,compatible_uncensored_replicate,SSCP-0341c127a867cfdd
PAMPA:2802,GRP-9cdfc5488e3460a4,2020_Townsend,2020,1.0,False,included,compatible_uncensored_replicate,SSCP-9cdfc5488e3460a4
PAMPA:2803,GRP-913296ebf4fd76bd,2020_Townsend,2020,1.0,False,included,compatible_uncensored_replicate,SSCP-913296ebf4fd76bd
PAMPA:2804,GRP-28d772a64cffbba7,2020_Townsend,2020,1.0,False,included,compatible_uncensored_replicate,SSCP-28d772a64cffbba7
PAMPA:2805,GRP-48b1cc0c3644ce00,2020_Townsend,2020,1.0,False,included,compatible_uncensored_replicate,SSCP-48b1cc0c3644ce00
PAMPA:2806,GRP-97328b3c98af6e72,2020_Townsend,2020,1.0,False,included,compatible_uncensored_replicate,SSCP-97328b3c98af6e72
PAMPA:2807,GRP-2326efb1f8aac18a,2020_Townsend,2020,1.0,False,included,compatible_uncensored_replicate,SSCP-2326efb1f8aac18a
PAMPA:2808,GRP-558004fad87b20a4,2020_Townsend,2020,1.0,False,included,compatible_uncensored_replicate,SSCP-558004fad87b20a4
PAMPA:2809,GRP-e422a3db093ea5b8,2020_Townsend,2020,1.0,False,included,compatible_uncensored_replicate,SSCP-e422a3db093ea5b8
PAMPA:2810,GRP-f707e61e5783d0de,2020_Townsend,2020,1.0,False,included,compatible_uncensored_replicate,SSCP-f707e61e5783d0de
PAMPA:2811,GRP-b565e805b5983e0f,2020_Townsend,2020,1.0,False,included,compatible_uncensored_replicate,SSCP-b565e805b5983e0f
PAMPA:2812,GRP-614561ffab21e033,2020_Townsend,2020,1.0,False,included,compatible_uncensored_replicate,SSCP-614561ffab21e033
PAMPA:2813,GRP-e5a9619f28b78d3e,2020_Townsend,2020,1.0,False,included,compatible_uncensored_replicate,SSCP-e5a9619f28b78d3e
PAMPA:2814,GRP-81ad6cc5b50f6446,2020_Townsend,2020,1.0,False,included,compatible_uncensored_replicate,SSCP-81ad6cc5b50f6446
PAMPA:2815,GRP-05fe2a123398dfce,2020_Townsend,2020,1.0,False,included,compatible_uncensored_replicate,SSCP-05fe2a123398dfce
PAMPA:2816,GRP-7df284cf98ed0487,2020_Townsend,2020,1.0,False,included,compatible_uncensored_replicate,SSCP-7df284cf98ed0487
PAMPA:2817,GRP-1b28649eda206225,2020_Townsend,2020,1.0,False,included,compatible_uncensored_replicate,SSCP-1b28649eda206225
PAMPA:2818,GRP-711587c0594684f4,2020_Townsend,2020,1.0,False,included,compatible_uncensored_replicate,SSCP-711587c0594684f4
PAMPA:2819,GRP-59123c7fc16ec1ef,2020_Townsend,2020,1.0,False,included,compatible_uncensored_replicate,SSCP-59123c7fc16ec1ef
PAMPA:2820,GRP-23eec8b90f8070b8,2020_Townsend,2020,1.0,False,included,compatible_uncensored_replicate,SSCP-23eec8b90f8070b8
PAMPA:2821,GRP-1aaa3fa19fe71b5d,2020_Townsend,2020,1.0,False,included,compatible_uncensored_replicate,SSCP-1aaa3fa19fe71b5d
PAMPA:2822,GRP-148d7233cdef4cfd,2020_Townsend,2020,1.0,False,included,compatible_uncensored_replicate,SSCP-148d7233cdef4cfd
PAMPA:2823,GRP-b1613ee9d3b9cc53,2020_Townsend,2020,1.0,False,included,compatible_uncensored_replicate,SSCP-b1613ee9d3b9cc53
PAMPA:2824,GRP-dbc94e96cebe074e,2020_Townsend,2020,1.0,False,included,compatible_uncensored_replicate,SSCP-dbc94e96cebe074e
PAMPA:2825,GRP-02b42f26cfb30b85,2020_Townsend,2020,1.0,False,included,compatible_uncensored_replicate,SSCP-02b42f26cfb30b85
PAMPA:2826,GRP-9cbad76d4da2e4cd,2020_Townsend,2020,1.0,False,included,compatible_uncensored_replicate,SSCP-9cbad76d4da2e4cd
PAMPA:2827,GRP-b0a168845e75e419,2020_Townsend,2020,1.0,False,included,compatible_uncensored_replicate,SSCP-b0a168845e75e419
PAMPA:2828,GRP-2c5a546dba6cf897,2020_Townsend,2020,1.0,False,included,compatible_uncensored_replicate,SSCP-2c5a546dba6cf897
PAMPA:2829,GRP-99cf0465468da9cf,2020_Townsend,2020,1.0,False,included,compatible_uncensored_replicate,SSCP-99cf0465468da9cf
PAMPA:2830,GRP-ada87697375da58f,2020_Townsend,2020,1.0,False,included,compatible_uncensored_replicate,SSCP-ada87697375da58f
PAMPA:2831,GRP-b823ff608aa439b8,2020_Townsend,2020,1.0,False,included,compatible_uncensored_replicate,SSCP-b823ff608aa439b8
PAMPA:2832,GRP-44e9769318b1b045,2020_Townsend,2020,1.0,False,included,compatible_uncensored_replicate,SSCP-44e9769318b1b045
PAMPA:2833,GRP-0c185a5b0a74805e,2020_Townsend,2020,1.0,False,included,compatible_uncensored_replicate,SSCP-0c185a5b0a74805e
PAMPA:2834,GRP-43caa7d251b8d756,2020_Townsend,2020,1.0,False,included,compatible_uncensored_replicate,SSCP-43caa7d251b8d756
PAMPA:2835,GRP-f0aff5a4f6f78665,2020_Townsend,2020,1.0,False,included,compatible_uncensored_replicate,SSCP-f0aff5a4f6f78665
PAMPA:2836,GRP-2ed813e3526fa810,2020_Townsend,2020,1.0,False,included,compatible_uncensored_replicate,SSCP-2ed813e3526fa810
PAMPA:2837,GRP-f43b047b7dce366d,2020_Townsend,2020,1.0,False,included,compatible_uncensored_replicate,SSCP-f43b047b7dce366d
PAMPA:2838,GRP-10745dd87290c57d,2020_Townsend,2020,1.0,False,included,compatible_uncensored_replicate,SSCP-10745dd87290c57d
PAMPA:2839,GRP-18174cbd57c5097a,2020_Townsend,2020,1.0,False,included,compatible_uncensored_replicate,SSCP-18174cbd57c5097a
PAMPA:2840,GRP-768d533d2deebcf7,2020_Townsend,2020,1.0,False,included,compatible_uncensored_replicate,SSCP-768d533d2deebcf7
PAMPA:2841,GRP-f91a59ac221df27d,2020_Townsend,2020,1.0,False,included,compatible_uncensored_replicate,SSCP-f91a59ac221df27d
PAMPA:2842,GRP-843c48d59cc7ea7f,2020_Townsend,2020,1.0,False,included,compatible_uncensored_replicate,SSCP-843c48d59cc7ea7f
PAMPA:2843,GRP-7a9020e8b1a4d0e6,2020_Townsend,2020,1.0,False,included,compatible_uncensored_replicate,SSCP-7a9020e8b1a4d0e6
PAMPA:2844,GRP-129acbfb6694e72c,2020_Townsend,2020,1.0,False,included,compatible_uncensored_replicate,SSCP-129acbfb6694e72c
PAMPA:2845,GRP-2c537a4d4301c820,2020_Townsend,2020,1.0,False,included,compatible_uncensored_replicate,SSCP-2c537a4d4301c820
PAMPA:2846,GRP-260e82a24fb942cc,2020_Townsend,2020,1.0,False,included,compatible_uncensored_replicate,SSCP-260e82a24fb942cc
PAMPA:2847,GRP-3150256f605e5454,2020_Townsend,2020,1.0,False,included,compatible_uncensored_replicate,SSCP-3150256f605e5454
PAMPA:2848,GRP-5e27cba5d6984672,2020_Townsend,2020,1.0,False,included,compatible_uncensored_replicate,SSCP-5e27cba5d6984672
PAMPA:2849,GRP-6d0f9af532d4f2a5,2020_Townsend,2020,1.0,False,included,compatible_uncensored_replicate,SSCP-6d0f9af532d4f2a5
PAMPA:2850,GRP-23c20c6c18e5d3a8,2020_Townsend,2020,1.0,False,included,compatible_uncensored_replicate,SSCP-23c20c6c18e5d3a8
PAMPA:2851,GRP-930e3bdd7a724672,2020_Townsend,2020,1.0,False,included,compatible_uncensored_replicate,SSCP-930e3bdd7a724672
PAMPA:2852,GRP-3a5474b2da2c73d0,2020_Townsend,2020,1.0,False,included,compatible_uncensored_replicate,SSCP-3a5474b2da2c73d0
PAMPA:2853,GRP-09cbaef98fd10b79,2020_Townsend,2020,1.0,False,included,compatible_uncensored_replicate,SSCP-09cbaef98fd10b79
PAMPA:2854,GRP-593fe40a6a0e75c0,2020_Townsend,2020,1.0,True,excluded,irrecoverably_censored_or_missing_label,
PAMPA:2855,GRP-cc62d840f715f0f7,2020_Townsend,2020,1.0,False,included,compatible_uncensored_replicate,SSCP-cc62d840f715f0f7
PAMPA:2856,GRP-5a0a071412e4eefc,2020_Townsend,2020,1.0,False,included,compatible_uncensored_replicate,SSCP-5a0a071412e4eefc
PAMPA:2857,GRP-20e3c9cbf69e2044,2020_Townsend,2020,1.0,False,included,compatible_uncensored_replicate,SSCP-20e3c9cbf69e2044
PAMPA:2858,GRP-2011b2faeeb8d44c,2020_Townsend,2020,1.0,False,included,compatible_uncensored_replicate,SSCP-2011b2faeeb8d44c
PAMPA:2859,GRP-0892c2dafd240612,2020_Townsend,2020,1.0,False,included,compatible_uncensored_replicate,SSCP-0892c2dafd240612
PAMPA:2860,GRP-1f5a943c08aa35f2,2020_Townsend,2020,1.0,False,included,compatible_uncensored_replicate,SSCP-1f5a943c08aa35f2
PAMPA:2861,GRP-b5c10da2b2122cb0,2020_Townsend,2020,1.0,False,included,compatible_uncensored_replicate,SSCP-b5c10da2b2122cb0
PAMPA:2862,GRP-fec7654453ea0187,2020_Townsend,2020,1.0,False,included,compatible_uncensored_replicate,SSCP-fec7654453ea0187
PAMPA:2863,GRP-f682bb5c9871d953,2020_Townsend,2020,1.0,False,included,compatible_uncensored_replicate,SSCP-f682bb5c9871d953
PAMPA:2864,GRP-5740f52cc765c71a,2020_Townsend,2020,1.0,False,included,compatible_uncensored_replicate,SSCP-5740f52cc765c71a
PAMPA:2865,GRP-7f1a5fe2cfee21a6,2020_Townsend,2020,1.0,False,included,compatible_uncensored_replicate,SSCP-7f1a5fe2cfee21a6
PAMPA:2866,GRP-e46b9b9163463e20,2020_Townsend,2020,1.0,False,included,compatible_uncensored_replicate,SSCP-e46b9b9163463e20
PAMPA:2867,GRP-08c0363a92a5befd,2020_Townsend,2020,1.0,False,included,compatible_uncensored_replicate,SSCP-08c0363a92a5befd
PAMPA:2868,GRP-11e85fd72faf21cb,2020_Townsend,2020,1.0,False,included,compatible_uncensored_replicate,SSCP-11e85fd72faf21cb
PAMPA:2869,GRP-754c01374141fe11,2020_Townsend,2020,1.0,False,included,compatible_uncensored_replicate,SSCP-754c01374141fe11
PAMPA:2870,GRP-30cefd36c7be7d5b,2020_Townsend,2020,1.0,False,included,compatible_uncensored_replicate,SSCP-30cefd36c7be7d5b
PAMPA:2871,GRP-5c8c44e56e27e97f,2020_Townsend,2020,1.0,False,included,compatible_uncensored_replicate,SSCP-5c8c44e56e27e97f
PAMPA:2872,GRP-3248ede9d6acf27c,2020_Townsend,2020,1.0,False,included,compatible_uncensored_replicate,SSCP-3248ede9d6acf27c
PAMPA:2873,GRP-e5894b9d74dc9d4f,2020_Townsend,2020,1.0,False,included,compatible_uncensored_replicate,SSCP-e5894b9d74dc9d4f
PAMPA:2874,GRP-451fae8242c2de6e,2020_Townsend,2020,1.0,False,included,compatible_uncensored_replicate,SSCP-451fae8242c2de6e
PAMPA:2875,GRP-6c347c54e9c2205e,2020_Townsend,2020,1.0,False,included,compatible_uncensored_replicate,SSCP-6c347c54e9c2205e
PAMPA:2876,GRP-61e3f5095de23de1,2020_Townsend,2020,1.0,False,included,compatible_uncensored_replicate,SSCP-61e3f5095de23de1
PAMPA:2877,GRP-95a8da2ca0a06ddb,2020_Townsend,2020,1.0,False,included,compatible_uncensored_replicate,SSCP-95a8da2ca0a06ddb
PAMPA:2878,GRP-05c5d3c362a2d77a,2020_Townsend,2020,1.0,False,included,compatible_uncensored_replicate,SSCP-05c5d3c362a2d77a
PAMPA:2879,GRP-d67ca092a418c798,2020_Townsend,2020,1.0,False,included,compatible_uncensored_replicate,SSCP-d67ca092a418c798
PAMPA:2880,GRP-bfc8d7e181d8eb2d,2020_Townsend,2020,1.0,False,included,compatible_uncensored_replicate,SSCP-bfc8d7e181d8eb2d
PAMPA:2881,GRP-88335733d679f94e,2020_Townsend,2020,1.0,False,included,compatible_uncensored_replicate,SSCP-88335733d679f94e
PAMPA:2882,GRP-b6262536cf30cc2e,2020_Townsend,2020,1.0,False,included,compatible_uncensored_replicate,SSCP-b6262536cf30cc2e
PAMPA:2883,GRP-546c0756f7ddf393,2020_Townsend,2020,1.0,False,included,compatible_uncensored_replicate,SSCP-546c0756f7ddf393
PAMPA:2884,GRP-8720c61a2681220c,2020_Townsend,2020,1.0,False,included,compatible_uncensored_replicate,SSCP-8720c61a2681220c
PAMPA:2885,GRP-2524e50e48198318,2020_Townsend,2020,1.0,False,included,compatible_uncensored_replicate,SSCP-2524e50e48198318
PAMPA:2886,GRP-3f7eec5435943410,2020_Townsend,2020,1.0,False,included,compatible_uncensored_replicate,SSCP-3f7eec5435943410
PAMPA:2887,GRP-f434008326bab244,2020_Townsend,2020,1.0,False,included,compatible_uncensored_replicate,SSCP-f434008326bab244
PAMPA:2888,GRP-042ab7cc2a5829e4,2020_Townsend,2020,1.0,False,included,compatible_uncensored_replicate,SSCP-042ab7cc2a5829e4
PAMPA:2889,GRP-f8b2e9e035c1cacf,2020_Townsend,2020,1.0,False,included,compatible_uncensored_replicate,SSCP-f8b2e9e035c1cacf
PAMPA:2890,GRP-50604013c999f1e1,2020_Townsend,2020,1.0,False,included,compatible_uncensored_replicate,SSCP-50604013c999f1e1
PAMPA:2891,GRP-871fb0a38b064656,2020_Townsend,2020,1.0,False,included,compatible_uncensored_replicate,SSCP-871fb0a38b064656
PAMPA:2892,GRP-cd8c43039380b6a9,2020_Townsend,2020,1.0,False,included,compatible_uncensored_replicate,SSCP-cd8c43039380b6a9
PAMPA:2893,GRP-00095e8cb86235e5,2020_Townsend,2020,1.0,False,included,compatible_uncensored_replicate,SSCP-00095e8cb86235e5
PAMPA:2894,GRP-a35882838c899f73,2020_Townsend,2020,1.0,False,included,compatible_uncensored_replicate,SSCP-a35882838c899f73
PAMPA:2895,GRP-5ae3403d2ac9497f,2020_Townsend,2020,1.0,False,included,compatible_uncensored_replicate,SSCP-5ae3403d2ac9497f
PAMPA:2896,GRP-91e58abc9dbe0bdf,2020_Townsend,2020,1.0,False,included,compatible_uncensored_replicate,SSCP-91e58abc9dbe0bdf
PAMPA:2897,GRP-30d48edb99d47fe9,2020_Townsend,2020,1.0,True,excluded,irrecoverably_censored_or_missing_label,
PAMPA:2898,GRP-8a4d0b9a36d09cbf,2020_Townsend,2020,1.0,False,included,compatible_uncensored_replicate,SSCP-8a4d0b9a36d09cbf
PAMPA:2899,GRP-1856e278a6066d04,2020_Townsend,2020,1.0,False,included,compatible_uncensored_replicate,SSCP-1856e278a6066d04
PAMPA:2900,GRP-2a5443421584becd,2020_Townsend,2020,1.0,False,included,compatible_uncensored_replicate,SSCP-2a5443421584becd
PAMPA:2901,GRP-9ad2d65f300d119c,2020_Townsend,2020,1.0,False,included,compatible_uncensored_replicate,SSCP-9ad2d65f300d119c
PAMPA:2902,GRP-30d4a7bc1468ec81,2020_Townsend,2020,1.0,False,included,compatible_uncensored_replicate,SSCP-30d4a7bc1468ec81
PAMPA:2903,GRP-2daa9b61451b7ee5,2020_Townsend,2020,1.0,False,included,compatible_uncensored_replicate,SSCP-2daa9b61451b7ee5
PAMPA:2904,GRP-1c2367aee7c47068,2020_Townsend,2020,1.0,False,included,compatible_uncensored_replicate,SSCP-1c2367aee7c47068
PAMPA:2905,GRP-6dc89606e15a5cb7,2020_Townsend,2020,1.0,False,included,compatible_uncensored_replicate,SSCP-6dc89606e15a5cb7
PAMPA:2906,GRP-2e753f217fd02a84,2020_Townsend,2020,1.0,False,included,compatible_uncensored_replicate,SSCP-2e753f217fd02a84
PAMPA:2907,GRP-ed1fd5e7755f06bd,2020_Townsend,2020,1.0,False,included,compatible_uncensored_replicate,SSCP-ed1fd5e7755f06bd
PAMPA:2908,GRP-190ed9b09dc8a9ae,2020_Townsend,2020,1.0,False,included,compatible_uncensored_replicate,SSCP-190ed9b09dc8a9ae
PAMPA:2909,GRP-0e767c311bf19a07,2020_Townsend,2020,1.0,False,included,compatible_uncensored_replicate,SSCP-0e767c311bf19a07
PAMPA:2910,GRP-1ece110834f76bc8,2020_Townsend,2020,1.0,False,included,compatible_uncensored_replicate,SSCP-1ece110834f76bc8
PAMPA:2911,GRP-9c7f8fdf79d3b495,2020_Townsend,2020,1.0,False,included,compatible_uncensored_replicate,SSCP-9c7f8fdf79d3b495
PAMPA:2912,GRP-683314c6aebb6c66,2020_Townsend,2020,1.0,True,excluded,irrecoverably_censored_or_missing_label,
PAMPA:2913,GRP-f70362bb82fbba80,2020_Townsend,2020,1.0,False,included,compatible_uncensored_replicate,SSCP-f70362bb82fbba80
PAMPA:2914,GRP-5163b2eedce1b660,2020_Townsend,2020,1.0,False,included,compatible_uncensored_replicate,SSCP-5163b2eedce1b660
PAMPA:2915,GRP-9c524ed20bec2884,2020_Townsend,2020,1.0,False,included,compatible_uncensored_replicate,SSCP-9c524ed20bec2884
PAMPA:2916,GRP-14b7a6415f9e5eed,2020_Townsend,2020,1.0,False,included,compatible_uncensored_replicate,SSCP-14b7a6415f9e5eed
PAMPA:2917,GRP-98c30e0124ded4ff,2020_Townsend,2020,1.0,False,included,compatible_uncensored_replicate,SSCP-98c30e0124ded4ff
PAMPA:2918,GRP-1eb826f5ffcccc5f,2020_Townsend,2020,1.0,False,included,compatible_uncensored_replicate,SSCP-1eb826f5ffcccc5f
PAMPA:2919,GRP-42f42ff2dc62a79a,2020_Townsend,2020,1.0,False,included,compatible_uncensored_replicate,SSCP-42f42ff2dc62a79a
PAMPA:2920,GRP-9ab4c67139390a1e,2020_Townsend,2020,1.0,False,included,compatible_uncensored_replicate,SSCP-9ab4c67139390a1e
PAMPA:2921,GRP-881a6a0c47a69cb6,2020_Townsend,2020,1.0,False,included,compatible_uncensored_replicate,SSCP-881a6a0c47a69cb6
PAMPA:2922,GRP-e52d8cf1d0001707,2020_Townsend,2020,1.0,False,included,compatible_uncensored_replicate,SSCP-e52d8cf1d0001707
PAMPA:2923,GRP-791a1cc56432f3f3,2020_Townsend,2020,1.0,False,included,compatible_uncensored_replicate,SSCP-791a1cc56432f3f3
PAMPA:2924,GRP-0c21cf875f84fff8,2020_Townsend,2020,1.0,False,included,compatible_uncensored_replicate,SSCP-0c21cf875f84fff8
PAMPA:2925,GRP-7620225662dad21e,2020_Townsend,2020,1.0,False,included,compatible_uncensored_replicate,SSCP-7620225662dad21e
PAMPA:2926,GRP-66f6944ee01429d4,2020_Townsend,2020,1.0,False,included,compatible_uncensored_replicate,SSCP-66f6944ee01429d4
PAMPA:2927,GRP-18e96732e64f1e5d,2020_Townsend,2020,1.0,False,included,compatible_uncensored_replicate,SSCP-18e96732e64f1e5d
PAMPA:2928,GRP-ca94af7e57b0936f,2020_Townsend,2020,1.0,False,included,compatible_uncensored_replicate,SSCP-ca94af7e57b0936f
PAMPA:2929,GRP-309dcbde4e007ace,2020_Townsend,2020,1.0,False,included,compatible_uncensored_replicate,SSCP-309dcbde4e007ace
PAMPA:2930,GRP-db2815e14cb1495c,2020_Townsend,2020,1.0,False,included,compatible_uncensored_replicate,SSCP-db2815e14cb1495c
PAMPA:2931,GRP-07b18188c849128a,2020_Townsend,2020,1.0,False,included,compatible_uncensored_replicate,SSCP-07b18188c849128a
PAMPA:2932,GRP-214f363ac58b00e0,2020_Townsend,2020,1.0,False,included,compatible_uncensored_replicate,SSCP-214f363ac58b00e0
PAMPA:2933,GRP-76459afbe4253931,2020_Townsend,2020,1.0,False,included,compatible_uncensored_replicate,SSCP-76459afbe4253931
PAMPA:2934,GRP-f628d87369d13116,2020_Townsend,2020,1.0,False,included,compatible_uncensored_replicate,SSCP-f628d87369d13116
PAMPA:2935,GRP-e812293fd317a86d,2020_Townsend,2020,1.0,False,included,compatible_uncensored_replicate,SSCP-e812293fd317a86d
PAMPA:2936,GRP-14f8390943c5300b,2020_Townsend,2020,1.0,False,included,compatible_uncensored_replicate,SSCP-14f8390943c5300b
PAMPA:2937,GRP-8c4fbf47275b83db,2020_Townsend,2020,1.0,False,included,compatible_uncensored_replicate,SSCP-8c4fbf47275b83db
PAMPA:2938,GRP-d9f6dbb9f2607bfb,2020_Townsend,2020,1.0,False,included,compatible_uncensored_replicate,SSCP-d9f6dbb9f2607bfb
PAMPA:2939,GRP-343dbb167eb379c4,2020_Townsend,2020,1.0,False,included,compatible_uncensored_replicate,SSCP-343dbb167eb379c4
PAMPA:2940,GRP-a32b99cb9f4ffc56,2020_Townsend,2020,1.0,False,included,compatible_uncensored_replicate,SSCP-a32b99cb9f4ffc56
PAMPA:2941,GRP-f542f6392cb5cdb4,2020_Townsend,2020,1.0,False,included,compatible_uncensored_replicate,SSCP-f542f6392cb5cdb4
PAMPA:2942,GRP-352fcc4a7d2d3506,2020_Townsend,2020,1.0,False,included,compatible_uncensored_replicate,SSCP-352fcc4a7d2d3506
PAMPA:2943,GRP-be61179547fffaff,2020_Townsend,2020,1.0,False,included,compatible_uncensored_replicate,SSCP-be61179547fffaff
PAMPA:2944,GRP-038f5d4979b7b308,2020_Townsend,2020,1.0,False,included,compatible_uncensored_replicate,SSCP-038f5d4979b7b308
PAMPA:2945,GRP-ded3f01ecffd53d1,2020_Townsend,2020,1.0,False,included,compatible_uncensored_replicate,SSCP-ded3f01ecffd53d1
PAMPA:2946,GRP-22e4a817ace7fa81,2020_Townsend,2020,1.0,False,included,compatible_uncensored_replicate,SSCP-22e4a817ace7fa81
PAMPA:2947,GRP-0e2f86d6e58157ce,2020_Townsend,2020,1.0,False,included,compatible_uncensored_replicate,SSCP-0e2f86d6e58157ce
PAMPA:2948,GRP-dcdb8587837da06c,2020_Townsend,2020,1.0,False,included,compatible_uncensored_replicate,SSCP-dcdb8587837da06c
PAMPA:2949,GRP-daacd39df3f4ed35,2020_Townsend,2020,1.0,False,included,compatible_uncensored_replicate,SSCP-daacd39df3f4ed35
PAMPA:2950,GRP-aac7e674793c717b,2020_Townsend,2020,1.0,False,included,compatible_uncensored_replicate,SSCP-aac7e674793c717b
PAMPA:2951,GRP-54d15ee02068b0fb,2020_Townsend,2020,1.0,False,included,compatible_uncensored_replicate,SSCP-54d15ee02068b0fb
PAMPA:2952,GRP-187c7b1e2a7331ea,2020_Townsend,2020,1.0,False,included,compatible_uncensored_replicate,SSCP-187c7b1e2a7331ea
PAMPA:2953,GRP-720d3738f0f507d9,2020_Townsend,2020,1.0,False,included,compatible_uncensored_replicate,SSCP-720d3738f0f507d9
PAMPA:2954,GRP-3b556f0314eb812c,2020_Townsend,2020,1.0,False,included,compatible_uncensored_replicate,SSCP-3b556f0314eb812c
PAMPA:2955,GRP-5d33dd8944028e59,2020_Townsend,2020,1.0,False,included,compatible_uncensored_replicate,SSCP-5d33dd8944028e59
PAMPA:2956,GRP-7b88b8a0d179b517,2020_Townsend,2020,1.0,False,included,compatible_uncensored_replicate,SSCP-7b88b8a0d179b517
PAMPA:2957,GRP-7bdb694bd46842ed,2020_Townsend,2020,1.0,False,included,compatible_uncensored_replicate,SSCP-7bdb694bd46842ed
PAMPA:2958,GRP-630556a197b54d30,2020_Townsend,2020,1.0,False,included,compatible_uncensored_replicate,SSCP-630556a197b54d30
PAMPA:2959,GRP-0dc2252c7f21db75,2020_Townsend,2020,1.0,False,included,compatible_uncensored_replicate,SSCP-0dc2252c7f21db75
PAMPA:2960,GRP-59b306186cc8dc00,2020_Townsend,2020,1.0,False,included,compatible_uncensored_replicate,SSCP-59b306186cc8dc00
PAMPA:2961,GRP-1d7811c289d891a9,2020_Townsend,2020,1.0,False,included,compatible_uncensored_replicate,SSCP-1d7811c289d891a9
PAMPA:2962,GRP-c101b7a4bec8d0b2,2020_Townsend,2020,1.0,False,included,compatible_uncensored_replicate,SSCP-c101b7a4bec8d0b2
PAMPA:2963,GRP-f17f6f3c589b2e03,2020_Townsend,2020,1.0,False,included,compatible_uncensored_replicate,SSCP-f17f6f3c589b2e03
PAMPA:2964,GRP-2541391f22e0cd51,2020_Townsend,2020,1.0,False,included,compatible_uncensored_replicate,SSCP-2541391f22e0cd51
PAMPA:2965,GRP-71ef8f726da40cec,2020_Townsend,2020,1.0,False,included,compatible_uncensored_replicate,SSCP-71ef8f726da40cec
PAMPA:2966,GRP-b4ca02fcf8182f26,2020_Townsend,2020,1.0,False,included,compatible_uncensored_replicate,SSCP-b4ca02fcf8182f26
PAMPA:2967,GRP-4cdbbb85f00dc345,2020_Townsend,2020,1.0,False,included,compatible_uncensored_replicate,SSCP-4cdbbb85f00dc345
PAMPA:2968,GRP-14b1c0fd8b369f20,2020_Townsend,2020,1.0,False,included,compatible_uncensored_replicate,SSCP-14b1c0fd8b369f20
PAMPA:2969,GRP-112bd768ca7e0e95,2020_Townsend,2020,1.0,False,included,compatible_uncensored_replicate,SSCP-112bd768ca7e0e95
PAMPA:2970,GRP-e8dcd976db0dec79,2020_Townsend,2020,1.0,False,included,compatible_uncensored_replicate,SSCP-e8dcd976db0dec79
PAMPA:2971,GRP-8d6211175c5ec7c9,2020_Townsend,2020,1.0,False,included,compatible_uncensored_replicate,SSCP-8d6211175c5ec7c9
PAMPA:2972,GRP-0a3bc1d9870db6af,2020_Townsend,2020,1.0,False,included,compatible_uncensored_replicate,SSCP-0a3bc1d9870db6af
PAMPA:2973,GRP-df442c0b3c3d9e77,2020_Townsend,2020,1.0,False,included,compatible_uncensored_replicate,SSCP-df442c0b3c3d9e77
PAMPA:2974,GRP-06593781dba86cb7,2020_Townsend,2020,1.0,False,included,compatible_uncensored_replicate,SSCP-06593781dba86cb7
PAMPA:2975,GRP-d14ec9243f20f34d,2020_Townsend,2020,1.0,False,included,compatible_uncensored_replicate,SSCP-d14ec9243f20f34d
PAMPA:2976,GRP-87fdf918849736d8,2020_Townsend,2020,1.0,False,included,compatible_uncensored_replicate,SSCP-87fdf918849736d8
PAMPA:2977,GRP-3f77f2db433c523e,2020_Townsend,2020,1.0,False,included,compatible_uncensored_replicate,SSCP-3f77f2db433c523e
PAMPA:2978,GRP-d15626d27a5ec3a7,2020_Townsend,2020,1.0,False,included,compatible_uncensored_replicate,SSCP-d15626d27a5ec3a7
PAMPA:2979,GRP-88ad3553a08cc184,2020_Townsend,2020,1.0,False,included,compatible_uncensored_replicate,SSCP-88ad3553a08cc184
PAMPA:2980,GRP-be4830b2dff7701b,2020_Townsend,2020,1.0,False,included,compatible_uncensored_replicate,SSCP-be4830b2dff7701b
PAMPA:2981,GRP-c9a70510e1ae92c6,2020_Townsend,2020,1.0,False,included,compatible_uncensored_replicate,SSCP-c9a70510e1ae92c6
PAMPA:2982,GRP-e2937a83259c6253,2020_Townsend,2020,1.0,False,included,compatible_uncensored_replicate,SSCP-e2937a83259c6253
PAMPA:2983,GRP-ee27aff333d55734,2020_Townsend,2020,1.0,False,included,compatible_uncensored_replicate,SSCP-ee27aff333d55734
PAMPA:2984,GRP-6d850e13db22121d,2020_Townsend,2020,1.0,False,included,compatible_uncensored_replicate,SSCP-6d850e13db22121d
PAMPA:2985,GRP-18684504b973c62c,2020_Townsend,2020,1.0,False,included,compatible_uncensored_replicate,SSCP-18684504b973c62c
PAMPA:2986,GRP-7ce87f27e591d883,2020_Townsend,2020,1.0,False,included,compatible_uncensored_replicate,SSCP-7ce87f27e591d883
PAMPA:2987,GRP-792b80c92bc31150,2020_Townsend,2020,1.0,False,included,compatible_uncensored_replicate,SSCP-792b80c92bc31150
PAMPA:2988,GRP-a3dcd1a97d54eb24,2020_Townsend,2020,1.0,False,included,compatible_uncensored_replicate,SSCP-a3dcd1a97d54eb24
PAMPA:2989,GRP-43faf9da4a22c3a2,2020_Townsend,2020,1.0,False,included,compatible_uncensored_replicate,SSCP-43faf9da4a22c3a2
PAMPA:2990,GRP-64e864f72dcacc77,2020_Townsend,2020,1.0,False,included,compatible_uncensored_replicate,SSCP-64e864f72dcacc77
PAMPA:2991,GRP-2aa3f6146aade2ec,2020_Townsend,2020,1.0,False,included,compatible_uncensored_replicate,SSCP-2aa3f6146aade2ec
PAMPA:2992,GRP-7839eaf6ea6b3b16,2020_Townsend,2020,1.0,False,included,compatible_uncensored_replicate,SSCP-7839eaf6ea6b3b16
PAMPA:2993,GRP-5843b05db01f5c40,2020_Townsend,2020,1.0,False,included,compatible_uncensored_replicate,SSCP-5843b05db01f5c40
PAMPA:2994,GRP-d312bac240ee4ffb,2020_Townsend,2020,1.0,False,included,compatible_uncensored_replicate,SSCP-d312bac240ee4ffb
PAMPA:2995,GRP-0f93670f5dc3d3fa,2020_Townsend,2020,1.0,False,included,compatible_uncensored_replicate,SSCP-0f93670f5dc3d3fa
PAMPA:2996,GRP-16136cc93c92a8da,2020_Townsend,2020,1.0,False,included,compatible_uncensored_replicate,SSCP-16136cc93c92a8da
PAMPA:2997,GRP-261db7d6a8c0bc54,2020_Townsend,2020,1.0,False,included,compatible_uncensored_replicate,SSCP-261db7d6a8c0bc54
PAMPA:2998,GRP-a16c3667168bc2ac,2020_Townsend,2020,1.0,False,included,compatible_uncensored_replicate,SSCP-a16c3667168bc2ac
PAMPA:2999,GRP-5b6d8656ffbe597d,2020_Townsend,2020,1.0,False,included,compatible_uncensored_replicate,SSCP-5b6d8656ffbe597d
PAMPA:3000,GRP-2e63bb5c172a8ce7,2020_Townsend,2020,1.0,False,included,compatible_uncensored_replicate,SSCP-2e63bb5c172a8ce7
PAMPA:3001,GRP-dfdc688f7aca9e79,2020_Townsend,2020,1.0,False,included,compatible_uncensored_replicate,SSCP-dfdc688f7aca9e79
PAMPA:3002,GRP-e929b12fed4495ce,2020_Townsend,2020,1.0,False,included,compatible_uncensored_replicate,SSCP-e929b12fed4495ce
PAMPA:3003,GRP-c10b2a26216aaa80,2020_Townsend,2020,1.0,False,included,compatible_uncensored_replicate,SSCP-c10b2a26216aaa80
PAMPA:3004,GRP-17453591bbe1f2df,2020_Townsend,2020,1.0,False,included,compatible_uncensored_replicate,SSCP-17453591bbe1f2df
PAMPA:3005,GRP-43cd09d029c282d3,2020_Townsend,2020,1.0,False,included,compatible_uncensored_replicate,SSCP-43cd09d029c282d3
PAMPA:3006,GRP-e98074058c739b3a,2020_Townsend,2020,1.0,False,included,compatible_uncensored_replicate,SSCP-e98074058c739b3a
PAMPA:3007,GRP-e45a0ea8fbd62524,2020_Townsend,2020,1.0,False,included,compatible_uncensored_replicate,SSCP-e45a0ea8fbd62524
PAMPA:3008,GRP-04ecbe67e4e29207,2020_Townsend,2020,1.0,False,included,compatible_uncensored_replicate,SSCP-04ecbe67e4e29207
PAMPA:3009,GRP-7fd507d8ece71bb1,2020_Townsend,2020,1.0,False,included,compatible_uncensored_replicate,SSCP-7fd507d8ece71bb1
PAMPA:3010,GRP-14b6dc57fc094477,2020_Townsend,2020,1.0,False,included,compatible_uncensored_replicate,SSCP-14b6dc57fc094477
PAMPA:3011,GRP-5be15cd72d93122b,2020_Townsend,2020,1.0,False,included,compatible_uncensored_replicate,SSCP-5be15cd72d93122b
PAMPA:3012,GRP-e504e3cb19ceb117,2020_Townsend,2020,1.0,False,included,compatible_uncensored_replicate,SSCP-e504e3cb19ceb117
PAMPA:3013,GRP-3defbd0f55ac8a16,2020_Townsend,2020,1.0,False,included,compatible_uncensored_replicate,SSCP-3defbd0f55ac8a16
PAMPA:3014,GRP-bce3d5bfa9f1ec02,2020_Townsend,2020,1.0,False,included,compatible_uncensored_replicate,SSCP-bce3d5bfa9f1ec02
PAMPA:3015,GRP-a5e0ee0b3bee4606,2020_Townsend,2020,1.0,False,included,compatible_uncensored_replicate,SSCP-a5e0ee0b3bee4606
PAMPA:3016,GRP-4bf7514686600aea,2020_Townsend,2020,1.0,False,included,compatible_uncensored_replicate,SSCP-4bf7514686600aea
PAMPA:3017,GRP-6adecf10d4a7c33b,2020_Townsend,2020,1.0,False,included,compatible_uncensored_replicate,SSCP-6adecf10d4a7c33b
PAMPA:3018,GRP-369a256163ac5314,2020_Townsend,2020,1.0,False,included,compatible_uncensored_replicate,SSCP-369a256163ac5314
PAMPA:3019,GRP-8179514c32d06cb5,2020_Townsend,2020,1.0,False,included,compatible_uncensored_replicate,SSCP-8179514c32d06cb5
PAMPA:3020,GRP-af65f049d202a689,2020_Townsend,2020,1.0,False,included,compatible_uncensored_replicate,SSCP-af65f049d202a689
PAMPA:3021,GRP-230c9f7ea887a703,2020_Townsend,2020,1.0,False,included,compatible_uncensored_replicate,SSCP-230c9f7ea887a703
PAMPA:3022,GRP-7f3c712ccac9c81f,2020_Townsend,2020,1.0,False,included,compatible_uncensored_replicate,SSCP-7f3c712ccac9c81f
PAMPA:3023,GRP-eeefa5a30290bd33,2020_Townsend,2020,1.0,False,included,compatible_uncensored_replicate,SSCP-eeefa5a30290bd33
PAMPA:3024,GRP-97d47dcb7d121d42,2020_Townsend,2020,1.0,False,included,compatible_uncensored_replicate,SSCP-97d47dcb7d121d42
PAMPA:3025,GRP-855eeda5216e0f61,2020_Townsend,2020,1.0,False,included,compatible_uncensored_replicate,SSCP-855eeda5216e0f61
PAMPA:3026,GRP-f7cf77450202526b,2020_Townsend,2020,1.0,False,included,compatible_uncensored_replicate,SSCP-f7cf77450202526b
PAMPA:3027,GRP-e53eada8f778833d,2020_Townsend,2020,1.0,True,excluded,irrecoverably_censored_or_missing_label,
PAMPA:3028,GRP-5fcbd5dee7b3c07e,2020_Townsend,2020,1.0,True,excluded,irrecoverably_censored_or_missing_label,
PAMPA:3029,GRP-492120fc074424be,2020_Townsend,2020,1.0,False,included,compatible_uncensored_replicate,SSCP-492120fc074424be
PAMPA:3030,GRP-3f147a3ac0a24674,2020_Townsend,2020,1.0,False,included,compatible_uncensored_replicate,SSCP-3f147a3ac0a24674
PAMPA:3031,GRP-cd0e5ba5a4026ba8,2020_Townsend,2020,1.0,False,included,compatible_uncensored_replicate,SSCP-cd0e5ba5a4026ba8
PAMPA:3032,GRP-8fbb91103e5d1595,2020_Townsend,2020,1.0,False,included,compatible_uncensored_replicate,SSCP-8fbb91103e5d1595
PAMPA:3033,GRP-b70cb8a261656842,2020_Townsend,2020,1.0,False,included,compatible_uncensored_replicate,SSCP-b70cb8a261656842
PAMPA:3034,GRP-c2cfc36292e73409,2020_Townsend,2020,1.0,False,included,compatible_uncensored_replicate,SSCP-c2cfc36292e73409
PAMPA:3035,GRP-a27be84912dcdd16,2020_Townsend,2020,1.0,True,excluded,irrecoverably_censored_or_missing_label,
PAMPA:3036,GRP-e525eb545d072ff8,2020_Townsend,2020,1.0,True,excluded,irrecoverably_censored_or_missing_label,
PAMPA:3037,GRP-019f2cf3661c7a80,2020_Townsend,2020,1.0,False,included,compatible_uncensored_replicate,SSCP-019f2cf3661c7a80
PAMPA:3038,GRP-971abd1071a17a9a,2020_Townsend,2020,1.0,False,included,compatible_uncensored_replicate,SSCP-971abd1071a17a9a
PAMPA:3039,GRP-9ee04c2f99adf2f0,2020_Townsend,2020,1.0,False,included,compatible_uncensored_replicate,SSCP-9ee04c2f99adf2f0
PAMPA:3040,GRP-f7bfada75fb20f85,2020_Townsend,2020,1.0,False,included,compatible_uncensored_replicate,SSCP-f7bfada75fb20f85
PAMPA:3041,GRP-6a9facd2a03a0b4c,2020_Townsend,2020,1.0,False,included,compatible_uncensored_replicate,SSCP-6a9facd2a03a0b4c
PAMPA:3042,GRP-e900fc2d14184cbd,2020_Townsend,2020,1.0,False,included,compatible_uncensored_replicate,SSCP-e900fc2d14184cbd
PAMPA:3043,GRP-611e12a89f27977c,2020_Townsend,2020,1.0,False,included,compatible_uncensored_replicate,SSCP-611e12a89f27977c
PAMPA:3044,GRP-de6ac8f50184be60,2020_Townsend,2020,1.0,False,included,compatible_uncensored_replicate,SSCP-de6ac8f50184be60
PAMPA:3045,GRP-569789a7b642526a,2020_Townsend,2020,1.0,False,included,compatible_uncensored_replicate,SSCP-569789a7b642526a
PAMPA:3046,GRP-55e6ee4a59413da1,2020_Townsend,2020,1.0,False,included,compatible_uncensored_replicate,SSCP-55e6ee4a59413da1
PAMPA:3047,GRP-8266b1acf3779811,2020_Townsend,2020,1.0,False,included,compatible_uncensored_replicate,SSCP-8266b1acf3779811
PAMPA:3048,GRP-ca5c6cf4838e8084,2020_Townsend,2020,1.0,False,included,compatible_uncensored_replicate,SSCP-ca5c6cf4838e8084
PAMPA:3049,GRP-6e3da6836ac1dd88,2020_Townsend,2020,1.0,False,included,compatible_uncensored_replicate,SSCP-6e3da6836ac1dd88
PAMPA:3050,GRP-45e1b3a072ac701f,2020_Townsend,2020,1.0,False,included,compatible_uncensored_replicate,SSCP-45e1b3a072ac701f
PAMPA:3051,GRP-f2a0f80cdffaecdc,2020_Townsend,2020,1.0,False,included,compatible_uncensored_replicate,SSCP-f2a0f80cdffaecdc
PAMPA:3052,GRP-6427fe08d91ed7e2,2020_Townsend,2020,1.0,False,included,compatible_uncensored_replicate,SSCP-6427fe08d91ed7e2
PAMPA:3053,GRP-e39caa6b45c3b00a,2020_Townsend,2020,1.0,False,included,compatible_uncensored_replicate,SSCP-e39caa6b45c3b00a
PAMPA:3054,GRP-bd1e6853abf721d0,2020_Townsend,2020,1.0,True,excluded,irrecoverably_censored_or_missing_label,
PAMPA:3055,GRP-5c4feaa1a51ec358,2020_Townsend,2020,1.0,False,included,compatible_uncensored_replicate,SSCP-5c4feaa1a51ec358
PAMPA:3056,GRP-0a3b8b3700b2a40f,2020_Townsend,2020,1.0,False,included,compatible_uncensored_replicate,SSCP-0a3b8b3700b2a40f
PAMPA:3057,GRP-84c617c7d8161814,2020_Townsend,2020,1.0,False,included,compatible_uncensored_replicate,SSCP-84c617c7d8161814
PAMPA:3058,GRP-92c4b9c89778fe53,2020_Townsend,2020,1.0,False,included,compatible_uncensored_replicate,SSCP-92c4b9c89778fe53
PAMPA:3059,GRP-d9250cd195b04166,2020_Townsend,2020,1.0,False,included,compatible_uncensored_replicate,SSCP-d9250cd195b04166
PAMPA:3060,GRP-3141257912531634,2020_Townsend,2020,1.0,False,included,compatible_uncensored_replicate,SSCP-3141257912531634
PAMPA:3061,GRP-dcf576a7c9326616,2020_Townsend,2020,1.0,False,included,compatible_uncensored_replicate,SSCP-dcf576a7c9326616
PAMPA:3062,GRP-edddc4b3939ed2e5,2020_Townsend,2020,1.0,False,included,compatible_uncensored_replicate,SSCP-edddc4b3939ed2e5
PAMPA:3063,GRP-268ef7f5fe3ec22f,2020_Townsend,2020,1.0,False,included,compatible_uncensored_replicate,SSCP-268ef7f5fe3ec22f
PAMPA:3064,GRP-9900dddbfb3dbb18,2020_Townsend,2020,1.0,False,included,compatible_uncensored_replicate,SSCP-9900dddbfb3dbb18
PAMPA:3065,GRP-4cd939a924b592f5,2020_Townsend,2020,1.0,False,included,compatible_uncensored_replicate,SSCP-4cd939a924b592f5
PAMPA:3066,GRP-fc54ee4c18bec4c5,2020_Townsend,2020,1.0,False,included,compatible_uncensored_replicate,SSCP-fc54ee4c18bec4c5
PAMPA:3067,GRP-12e8c25d254bcd99,2020_Townsend,2020,1.0,False,included,compatible_uncensored_replicate,SSCP-12e8c25d254bcd99
PAMPA:3068,GRP-27ceba546c5076b1,2020_Townsend,2020,1.0,False,included,compatible_uncensored_replicate,SSCP-27ceba546c5076b1
PAMPA:3069,GRP-8b9f1fd277b6e621,2020_Townsend,2020,1.0,False,included,compatible_uncensored_replicate,SSCP-8b9f1fd277b6e621
PAMPA:3070,GRP-b06f7e8a7200665c,2020_Townsend,2020,1.0,False,included,compatible_uncensored_replicate,SSCP-b06f7e8a7200665c
PAMPA:3071,GRP-2da68e059ab48d12,2020_Townsend,2020,1.0,False,included,compatible_uncensored_replicate,SSCP-2da68e059ab48d12
PAMPA:3072,GRP-7d44e3322b34bfb7,2020_Townsend,2020,1.0,False,included,compatible_uncensored_replicate,SSCP-7d44e3322b34bfb7
PAMPA:3073,GRP-bffd48c933950f27,2020_Townsend,2020,1.0,False,included,compatible_uncensored_replicate,SSCP-bffd48c933950f27
PAMPA:3074,GRP-53765197110d7c42,2020_Townsend,2020,1.0,False,included,compatible_uncensored_replicate,SSCP-53765197110d7c42
PAMPA:3075,GRP-56d3d91fe99be02c,2020_Townsend,2020,1.0,False,included,compatible_uncensored_replicate,SSCP-56d3d91fe99be02c
PAMPA:3076,GRP-8cf5282a85d92f72,2020_Townsend,2020,1.0,False,included,compatible_uncensored_replicate,SSCP-8cf5282a85d92f72
PAMPA:3077,GRP-8993f90d5635b47b,2020_Townsend,2020,1.0,False,included,compatible_uncensored_replicate,SSCP-8993f90d5635b47b
PAMPA:3078,GRP-b5d4143c1e2708b0,2020_Townsend,2020,1.0,False,included,compatible_uncensored_replicate,SSCP-b5d4143c1e2708b0
PAMPA:3079,GRP-87d7e30aaf4d96f2,2020_Townsend,2020,1.0,False,included,compatible_uncensored_replicate,SSCP-87d7e30aaf4d96f2
PAMPA:3080,GRP-4816f9705106251c,2020_Townsend,2020,1.0,False,included,compatible_uncensored_replicate,SSCP-4816f9705106251c
PAMPA:3081,GRP-8f3ce1b3814ad26f,2020_Townsend,2020,1.0,False,included,compatible_uncensored_replicate,SSCP-8f3ce1b3814ad26f
PAMPA:3082,GRP-3e1bfc2aea1418c4,2020_Townsend,2020,1.0,False,included,compatible_uncensored_replicate,SSCP-3e1bfc2aea1418c4
PAMPA:3083,GRP-ce068aba3f50fa74,2020_Townsend,2020,1.0,False,included,compatible_uncensored_replicate,SSCP-ce068aba3f50fa74
PAMPA:3084,GRP-4fb0f43c8a15f60e,2020_Townsend,2020,1.0,False,included,compatible_uncensored_replicate,SSCP-4fb0f43c8a15f60e
PAMPA:3085,GRP-8eab2c147bfc6f9e,2020_Townsend,2020,1.0,False,included,compatible_uncensored_replicate,SSCP-8eab2c147bfc6f9e
PAMPA:3086,GRP-12955a76eef9b9d4,2020_Townsend,2020,1.0,False,included,compatible_uncensored_replicate,SSCP-12955a76eef9b9d4
PAMPA:3087,GRP-f1e490fbb84a7e20,2020_Townsend,2020,1.0,False,included,compatible_uncensored_replicate,SSCP-f1e490fbb84a7e20
PAMPA:3088,GRP-7015440c071baf91,2020_Townsend,2020,1.0,False,included,compatible_uncensored_replicate,SSCP-7015440c071baf91
PAMPA:3089,GRP-f16f69e8a45b0100,2020_Townsend,2020,1.0,True,excluded,irrecoverably_censored_or_missing_label,
PAMPA:3090,GRP-10a74b4b70cd6f68,2020_Townsend,2020,1.0,False,included,compatible_uncensored_replicate,SSCP-10a74b4b70cd6f68
PAMPA:3091,GRP-64aac172e6cd4dfb,2020_Townsend,2020,1.0,False,included,compatible_uncensored_replicate,SSCP-64aac172e6cd4dfb
PAMPA:3092,GRP-a6f93f70fb3ecd19,2020_Townsend,2020,1.0,False,included,compatible_uncensored_replicate,SSCP-a6f93f70fb3ecd19
PAMPA:3093,GRP-9851280b7c576d5f,2020_Townsend,2020,1.0,False,included,compatible_uncensored_replicate,SSCP-9851280b7c576d5f
PAMPA:3094,GRP-98d673f64ae6a072,2020_Townsend,2020,1.0,True,excluded,irrecoverably_censored_or_missing_label,
PAMPA:3095,GRP-d3429216657289db,2020_Townsend,2020,1.0,False,included,compatible_uncensored_replicate,SSCP-d3429216657289db
PAMPA:3096,GRP-0dd195aaf68222f6,2020_Townsend,2020,1.0,False,included,compatible_uncensored_replicate,SSCP-0dd195aaf68222f6
PAMPA:3097,GRP-20efda7dfda91a39,2020_Townsend,2020,1.0,False,included,compatible_uncensored_replicate,SSCP-20efda7dfda91a39
PAMPA:3098,GRP-17b5ba70019944ac,2020_Townsend,2020,1.0,False,included,compatible_uncensored_replicate,SSCP-17b5ba70019944ac
PAMPA:3099,GRP-c8453a870aea25a7,2020_Townsend,2020,1.0,False,included,compatible_uncensored_replicate,SSCP-c8453a870aea25a7
PAMPA:3100,GRP-0f657fdb83f94d10,2020_Townsend,2020,1.0,False,included,compatible_uncensored_replicate,SSCP-0f657fdb83f94d10
PAMPA:3101,GRP-1f5642001a7eb837,2020_Townsend,2020,1.0,True,excluded,irrecoverably_censored_or_missing_label,
PAMPA:3102,GRP-dd5e043ad8a2e961,2020_Townsend,2020,1.0,False,included,compatible_uncensored_replicate,SSCP-dd5e043ad8a2e961
PAMPA:3103,GRP-36768a907949f813,2020_Townsend,2020,1.0,False,included,compatible_uncensored_replicate,SSCP-36768a907949f813
PAMPA:3104,GRP-561cd171f1c77438,2020_Townsend,2020,1.0,False,included,compatible_uncensored_replicate,SSCP-561cd171f1c77438
PAMPA:3105,GRP-5c3cc21efcb14a6e,2020_Townsend,2020,1.0,False,included,compatible_uncensored_replicate,SSCP-5c3cc21efcb14a6e
PAMPA:3106,GRP-592d27cf727a666a,2020_Townsend,2020,1.0,False,included,compatible_uncensored_replicate,SSCP-592d27cf727a666a
PAMPA:3107,GRP-4cfb0575170696cc,2020_Townsend,2020,1.0,False,included,compatible_uncensored_replicate,SSCP-4cfb0575170696cc
PAMPA:3108,GRP-e7c453a09120b26a,2020_Townsend,2020,1.0,False,included,compatible_uncensored_replicate,SSCP-e7c453a09120b26a
PAMPA:3109,GRP-c8111bbac870ce28,2020_Townsend,2020,1.0,True,excluded,irrecoverably_censored_or_missing_label,
PAMPA:3110,GRP-2c2f69a2920e9848,2020_Townsend,2020,1.0,False,included,compatible_uncensored_replicate,SSCP-2c2f69a2920e9848
PAMPA:3111,GRP-758f8f669f8bb241,2020_Townsend,2020,1.0,False,included,compatible_uncensored_replicate,SSCP-758f8f669f8bb241
PAMPA:3112,GRP-b0971221d42cc499,2020_Townsend,2020,1.0,False,included,compatible_uncensored_replicate,SSCP-b0971221d42cc499
PAMPA:3113,GRP-5abbda2936b9315e,2020_Townsend,2020,1.0,False,included,compatible_uncensored_replicate,SSCP-5abbda2936b9315e
PAMPA:3114,GRP-e78a4804dcada6e7,2020_Townsend,2020,1.0,False,included,compatible_uncensored_replicate,SSCP-e78a4804dcada6e7
PAMPA:3115,GRP-1c0a00fd5e1b3555,2020_Townsend,2020,1.0,True,excluded,irrecoverably_censored_or_missing_label,
PAMPA:3116,GRP-3705c319711049a6,2020_Townsend,2020,1.0,False,included,compatible_uncensored_replicate,SSCP-3705c319711049a6
PAMPA:3117,GRP-5184ddeaa9d2f207,2020_Townsend,2020,1.0,False,included,compatible_uncensored_replicate,SSCP-5184ddeaa9d2f207
PAMPA:3118,GRP-f23059690c7c8181,2020_Townsend,2020,1.0,False,included,compatible_uncensored_replicate,SSCP-f23059690c7c8181
PAMPA:3119,GRP-dbffe6a054ee9fca,2020_Townsend,2020,1.0,False,included,compatible_uncensored_replicate,SSCP-dbffe6a054ee9fca
PAMPA:3120,GRP-ff37dea12f2edf4e,2020_Townsend,2020,1.0,True,excluded,irrecoverably_censored_or_missing_label,
PAMPA:3121,GRP-f4f90486180f9bc0,2020_Townsend,2020,1.0,False,included,compatible_uncensored_replicate,SSCP-f4f90486180f9bc0
PAMPA:3122,GRP-d74d427123223709,2020_Townsend,2020,1.0,False,included,compatible_uncensored_replicate,SSCP-d74d427123223709
PAMPA:3123,GRP-0b88eab868b3ec52,2020_Townsend,2020,1.0,False,included,compatible_uncensored_replicate,SSCP-0b88eab868b3ec52
PAMPA:3124,GRP-caeede47f7872727,2020_Townsend,2020,1.0,False,included,compatible_uncensored_replicate,SSCP-caeede47f7872727
PAMPA:3125,GRP-953fa45644d8a881,2020_Townsend,2020,1.0,False,included,compatible_uncensored_replicate,SSCP-953fa45644d8a881
PAMPA:3126,GRP-abdeabad43be59a9,2020_Townsend,2020,1.0,False,included,compatible_uncensored_replicate,SSCP-abdeabad43be59a9
PAMPA:3127,GRP-c4ace949e30baa7f,2020_Townsend,2020,1.0,False,included,compatible_uncensored_replicate,SSCP-c4ace949e30baa7f
PAMPA:3128,GRP-38704c1d9d7c63fb,2020_Townsend,2020,1.0,True,excluded,irrecoverably_censored_or_missing_label,
PAMPA:3129,GRP-851979d3ccbaccb8,2020_Townsend,2020,1.0,False,included,compatible_uncensored_replicate,SSCP-851979d3ccbaccb8
PAMPA:3130,GRP-799e5f03c7aa222c,2020_Townsend,2020,1.0,True,excluded,irrecoverably_censored_or_missing_label,
PAMPA:3131,GRP-45c9082d29e68210,2020_Townsend,2020,1.0,False,included,compatible_uncensored_replicate,SSCP-45c9082d29e68210
PAMPA:3132,GRP-b3ca318a43020f55,2020_Townsend,2020,1.0,False,included,compatible_uncensored_replicate,SSCP-b3ca318a43020f55
PAMPA:3133,GRP-ab0692f3c6c00759,2020_Townsend,2020,1.0,False,included,compatible_uncensored_replicate,SSCP-ab0692f3c6c00759
PAMPA:3134,GRP-6fd345919159adf4,2020_Townsend,2020,1.0,False,included,compatible_uncensored_replicate,SSCP-6fd345919159adf4
PAMPA:3135,GRP-b7352cc49da80d1b,2020_Townsend,2020,1.0,False,included,compatible_uncensored_replicate,SSCP-b7352cc49da80d1b
PAMPA:3136,GRP-8c0e5b66ebf016f2,2020_Townsend,2020,1.0,False,included,compatible_uncensored_replicate,SSCP-8c0e5b66ebf016f2
PAMPA:3137,GRP-1d2ba9514f4af750,2020_Townsend,2020,1.0,False,included,compatible_uncensored_replicate,SSCP-1d2ba9514f4af750
PAMPA:3138,GRP-4e77eb8984061552,2020_Townsend,2020,1.0,False,included,compatible_uncensored_replicate,SSCP-4e77eb8984061552
PAMPA:3139,GRP-c56612f1b3d64d2b,2020_Townsend,2020,1.0,False,included,compatible_uncensored_replicate,SSCP-c56612f1b3d64d2b
PAMPA:3140,GRP-0d57d6d70edbd537,2020_Townsend,2020,1.0,False,included,compatible_uncensored_replicate,SSCP-0d57d6d70edbd537
PAMPA:3141,GRP-d82e0126b5dff6ea,2020_Townsend,2020,1.0,False,included,compatible_uncensored_replicate,SSCP-d82e0126b5dff6ea
PAMPA:3142,GRP-007348f537c8cd4c,2020_Townsend,2020,1.0,False,included,compatible_uncensored_replicate,SSCP-007348f537c8cd4c
PAMPA:3143,GRP-ff5596d7fa17eaa3,2020_Townsend,2020,1.0,False,included,compatible_uncensored_replicate,SSCP-ff5596d7fa17eaa3
PAMPA:3144,GRP-760a34cce75aea2e,2020_Townsend,2020,1.0,False,included,compatible_uncensored_replicate,SSCP-760a34cce75aea2e
PAMPA:3145,GRP-d6f52bce0719b7ec,2020_Townsend,2020,1.0,False,included,compatible_uncensored_replicate,SSCP-d6f52bce0719b7ec
PAMPA:3146,GRP-313cc04ac514c57b,2020_Townsend,2020,1.0,False,included,compatible_uncensored_replicate,SSCP-313cc04ac514c57b
PAMPA:3147,GRP-cf944b738e0c7d8d,2020_Townsend,2020,1.0,False,included,compatible_uncensored_replicate,SSCP-cf944b738e0c7d8d
PAMPA:3148,GRP-1faac3410b06a2d1,2020_Townsend,2020,1.0,False,included,compatible_uncensored_replicate,SSCP-1faac3410b06a2d1
PAMPA:3149,GRP-e0aa02c7aefbb7b3,2020_Townsend,2020,1.0,False,included,compatible_uncensored_replicate,SSCP-e0aa02c7aefbb7b3
PAMPA:3150,GRP-f4e05a320c4609de,2020_Townsend,2020,1.0,False,included,compatible_uncensored_replicate,SSCP-f4e05a320c4609de
PAMPA:3151,GRP-00a276a15a1dc320,2020_Townsend,2020,1.0,False,included,compatible_uncensored_replicate,SSCP-00a276a15a1dc320
PAMPA:3152,GRP-9a59e58d18a23cf5,2020_Townsend,2020,1.0,False,included,compatible_uncensored_replicate,SSCP-9a59e58d18a23cf5
PAMPA:3153,GRP-670e24c746d5f682,2020_Townsend,2020,1.0,False,included,compatible_uncensored_replicate,SSCP-670e24c746d5f682
PAMPA:3154,GRP-0676fe3192a9d005,2020_Townsend,2020,1.0,False,included,compatible_uncensored_replicate,SSCP-0676fe3192a9d005
PAMPA:3155,GRP-82da7b0f1c35e07c,2020_Townsend,2020,1.0,False,included,compatible_uncensored_replicate,SSCP-82da7b0f1c35e07c
PAMPA:3156,GRP-9072cbbbb9271e07,2020_Townsend,2020,1.0,False,included,compatible_uncensored_replicate,SSCP-9072cbbbb9271e07
PAMPA:3157,GRP-cbb06331ff4de4bd,2020_Townsend,2020,1.0,False,included,compatible_uncensored_replicate,SSCP-cbb06331ff4de4bd
PAMPA:3158,GRP-e6ac41f460e5ddb1,2020_Townsend,2020,1.0,False,included,compatible_uncensored_replicate,SSCP-e6ac41f460e5ddb1
PAMPA:3159,GRP-7f8b66e69e45fa6d,2020_Townsend,2020,1.0,False,included,compatible_uncensored_replicate,SSCP-7f8b66e69e45fa6d
PAMPA:3160,GRP-aa6516838aad47dc,2020_Townsend,2020,1.0,False,included,compatible_uncensored_replicate,SSCP-aa6516838aad47dc
PAMPA:3161,GRP-77221e1bfe6cb226,2020_Townsend,2020,1.0,True,excluded,irrecoverably_censored_or_missing_label,
PAMPA:3162,GRP-8006c5f5d64c5c6f,2020_Townsend,2020,1.0,False,included,compatible_uncensored_replicate,SSCP-8006c5f5d64c5c6f
PAMPA:3163,GRP-ab6d3b1a0bd0cf5b,2020_Townsend,2020,1.0,False,included,compatible_uncensored_replicate,SSCP-ab6d3b1a0bd0cf5b
PAMPA:3164,GRP-11fcb65679237b63,2020_Townsend,2020,1.0,False,included,compatible_uncensored_replicate,SSCP-11fcb65679237b63
PAMPA:3165,GRP-17dec04a752b8388,2020_Townsend,2020,1.0,False,included,compatible_uncensored_replicate,SSCP-17dec04a752b8388
PAMPA:3166,GRP-f4e55b501e8624c7,2020_Townsend,2020,1.0,False,included,compatible_uncensored_replicate,SSCP-f4e55b501e8624c7
PAMPA:3167,GRP-e0e263319e9d2704,2020_Townsend,2020,1.0,False,included,compatible_uncensored_replicate,SSCP-e0e263319e9d2704
PAMPA:3168,GRP-65d8857f64e211be,2020_Townsend,2020,1.0,False,included,compatible_uncensored_replicate,SSCP-65d8857f64e211be
PAMPA:3169,GRP-6135ee294223c574,2020_Townsend,2020,1.0,False,included,compatible_uncensored_replicate,SSCP-6135ee294223c574
PAMPA:3170,GRP-22298ec3451d9ca9,2020_Townsend,2020,1.0,False,included,compatible_uncensored_replicate,SSCP-22298ec3451d9ca9
PAMPA:3171,GRP-c7f4c9d4982e71df,2020_Townsend,2020,1.0,False,included,compatible_uncensored_replicate,SSCP-c7f4c9d4982e71df
PAMPA:3172,GRP-90a14e0a5b21e8e4,2020_Townsend,2020,1.0,False,included,compatible_uncensored_replicate,SSCP-90a14e0a5b21e8e4
PAMPA:3173,GRP-b5b4bdafd2a0fcf0,2020_Townsend,2020,1.0,False,included,compatible_uncensored_replicate,SSCP-b5b4bdafd2a0fcf0
PAMPA:3174,GRP-01f3c1fb2225263f,2020_Townsend,2020,1.0,False,included,compatible_uncensored_replicate,SSCP-01f3c1fb2225263f
PAMPA:3175,GRP-0a9f445266757c4f,2020_Townsend,2020,1.0,False,included,compatible_uncensored_replicate,SSCP-0a9f445266757c4f
PAMPA:3176,GRP-63211abcf55abab8,2020_Townsend,2020,1.0,False,included,compatible_uncensored_replicate,SSCP-63211abcf55abab8
PAMPA:3177,GRP-8a56e5aa78908124,2020_Townsend,2020,1.0,False,included,compatible_uncensored_replicate,SSCP-8a56e5aa78908124
PAMPA:3178,GRP-99e60c3cabef6a39,2020_Townsend,2020,1.0,False,included,compatible_uncensored_replicate,SSCP-99e60c3cabef6a39
PAMPA:3179,GRP-2eed17d982412023,2020_Townsend,2020,1.0,False,included,compatible_uncensored_replicate,SSCP-2eed17d982412023
PAMPA:3180,GRP-5e0347e0880e8806,2020_Townsend,2020,1.0,False,included,compatible_uncensored_replicate,SSCP-5e0347e0880e8806
PAMPA:3181,GRP-6175a1c1a70b5c1b,2020_Townsend,2020,1.0,False,included,compatible_uncensored_replicate,SSCP-6175a1c1a70b5c1b
PAMPA:3182,GRP-dca3c50e96edde02,2020_Townsend,2020,1.0,False,included,compatible_uncensored_replicate,SSCP-dca3c50e96edde02
PAMPA:3183,GRP-8cce7363666b0e62,2020_Townsend,2020,1.0,True,excluded,irrecoverably_censored_or_missing_label,
PAMPA:3184,GRP-d528019a87bb67c3,2020_Townsend,2020,1.0,False,included,compatible_uncensored_replicate,SSCP-d528019a87bb67c3
PAMPA:3185,GRP-79d379aec6b18e8c,2020_Townsend,2020,1.0,False,included,compatible_uncensored_replicate,SSCP-79d379aec6b18e8c
PAMPA:3186,GRP-8698f4adecc0f229,2020_Townsend,2020,1.0,False,included,compatible_uncensored_replicate,SSCP-8698f4adecc0f229
PAMPA:3187,GRP-50da7f187080f427,2020_Townsend,2020,1.0,False,included,compatible_uncensored_replicate,SSCP-50da7f187080f427
PAMPA:3188,GRP-b07ae3539ce12d9a,2020_Townsend,2020,1.0,False,included,compatible_uncensored_replicate,SSCP-b07ae3539ce12d9a
PAMPA:3189,GRP-37b1718bb8f750f6,2020_Townsend,2020,1.0,False,included,compatible_uncensored_replicate,SSCP-37b1718bb8f750f6
PAMPA:3190,GRP-46ae8e32c2c02c00,2020_Townsend,2020,1.0,False,included,compatible_uncensored_replicate,SSCP-46ae8e32c2c02c00
PAMPA:3191,GRP-cde65e5bb969a611,2020_Townsend,2020,1.0,True,excluded,irrecoverably_censored_or_missing_label,
PAMPA:3192,GRP-ff793736f6ea2fa4,2020_Townsend,2020,1.0,False,included,compatible_uncensored_replicate,SSCP-ff793736f6ea2fa4
PAMPA:3193,GRP-60a43d1c7e3bfe7d,2020_Townsend,2020,1.0,False,included,compatible_uncensored_replicate,SSCP-60a43d1c7e3bfe7d
PAMPA:3194,GRP-e48a003ada407faf,2020_Townsend,2020,1.0,False,included,compatible_uncensored_replicate,SSCP-e48a003ada407faf
PAMPA:3195,GRP-e11115b3f619e041,2020_Townsend,2020,1.0,False,included,compatible_uncensored_replicate,SSCP-e11115b3f619e041
PAMPA:3196,GRP-9cbea5ab2a1419f9,2020_Townsend,2020,1.0,False,included,compatible_uncensored_replicate,SSCP-9cbea5ab2a1419f9
PAMPA:3197,GRP-0ca12d4566f5347e,2020_Townsend,2020,1.0,False,included,compatible_uncensored_replicate,SSCP-0ca12d4566f5347e
PAMPA:3198,GRP-ce530de17f0d0501,2020_Townsend,2020,1.0,False,included,compatible_uncensored_replicate,SSCP-ce530de17f0d0501
PAMPA:3199,GRP-726de7fc9d6eb279,2020_Townsend,2020,1.0,False,included,compatible_uncensored_replicate,SSCP-726de7fc9d6eb279
PAMPA:3200,GRP-119b9574e3bd25d1,2020_Townsend,2020,1.0,False,included,compatible_uncensored_replicate,SSCP-119b9574e3bd25d1
PAMPA:3201,GRP-aeb2946cff52ee23,2020_Townsend,2020,1.0,False,included,compatible_uncensored_replicate,SSCP-aeb2946cff52ee23
PAMPA:3202,GRP-4e35a4d81eb62613,2020_Townsend,2020,1.0,False,included,compatible_uncensored_replicate,SSCP-4e35a4d81eb62613
PAMPA:3203,GRP-957dcdb2e6673628,2020_Townsend,2020,1.0,False,included,compatible_uncensored_replicate,SSCP-957dcdb2e6673628
PAMPA:3204,GRP-73da21688f4544c4,2020_Townsend,2020,1.0,False,included,compatible_uncensored_replicate,SSCP-73da21688f4544c4
PAMPA:3205,GRP-6e2177a8b39450d4,2020_Townsend,2020,1.0,False,included,compatible_uncensored_replicate,SSCP-6e2177a8b39450d4
PAMPA:3206,GRP-f007088356aa1daa,2020_Townsend,2020,1.0,False,included,compatible_uncensored_replicate,SSCP-f007088356aa1daa
PAMPA:3207,GRP-776605edca654a5d,2020_Townsend,2020,1.0,False,included,compatible_uncensored_replicate,SSCP-776605edca654a5d
PAMPA:3208,GRP-1d78b52b3d417a36,2020_Townsend,2020,1.0,False,included,compatible_uncensored_replicate,SSCP-1d78b52b3d417a36
PAMPA:3209,GRP-114c139695ddceb3,2020_Townsend,2020,1.0,False,included,compatible_uncensored_replicate,SSCP-114c139695ddceb3
PAMPA:3210,GRP-d3c19aa0ebcbb384,2020_Townsend,2020,1.0,False,included,compatible_uncensored_replicate,SSCP-d3c19aa0ebcbb384
PAMPA:3211,GRP-3227601bcd2d5bdf,2020_Townsend,2020,1.0,False,included,compatible_uncensored_replicate,SSCP-3227601bcd2d5bdf
PAMPA:3212,GRP-7faede657e065d24,2020_Townsend,2020,1.0,False,included,compatible_uncensored_replicate,SSCP-7faede657e065d24
PAMPA:3213,GRP-6a4f39c867e9e066,2020_Townsend,2020,1.0,False,included,compatible_uncensored_replicate,SSCP-6a4f39c867e9e066
PAMPA:3214,GRP-4e3879070bc51c94,2020_Townsend,2020,1.0,False,included,compatible_uncensored_replicate,SSCP-4e3879070bc51c94
PAMPA:3215,GRP-3590a9695aaf425a,2020_Townsend,2020,1.0,False,included,compatible_uncensored_replicate,SSCP-3590a9695aaf425a
PAMPA:3216,GRP-17e799f47b69445f,2020_Townsend,2020,1.0,False,included,compatible_uncensored_replicate,SSCP-17e799f47b69445f
PAMPA:3217,GRP-462a6994fc614a30,2020_Townsend,2020,1.0,False,included,compatible_uncensored_replicate,SSCP-462a6994fc614a30
PAMPA:3218,GRP-8cf140a2e287f328,2020_Townsend,2020,1.0,True,excluded,irrecoverably_censored_or_missing_label,
PAMPA:3219,GRP-0e45fe7b2e0ad61a,2020_Townsend,2020,1.0,False,included,compatible_uncensored_replicate,SSCP-0e45fe7b2e0ad61a
PAMPA:3220,GRP-dfa08fa7f69880d3,2020_Townsend,2020,1.0,False,included,compatible_uncensored_replicate,SSCP-dfa08fa7f69880d3
PAMPA:3221,GRP-ef04e5aee75a63f2,2020_Townsend,2020,1.0,False,included,compatible_uncensored_replicate,SSCP-ef04e5aee75a63f2
PAMPA:3222,GRP-d52112565b08c921,2020_Townsend,2020,1.0,False,included,compatible_uncensored_replicate,SSCP-d52112565b08c921
PAMPA:3223,GRP-f25d191f1840cba6,2020_Townsend,2020,1.0,False,included,compatible_uncensored_replicate,SSCP-f25d191f1840cba6
PAMPA:3224,GRP-4655a3a7f1b44582,2020_Townsend,2020,1.0,False,included,compatible_uncensored_replicate,SSCP-4655a3a7f1b44582
PAMPA:3225,GRP-95989866ece3bc72,2020_Townsend,2020,1.0,False,included,compatible_uncensored_replicate,SSCP-95989866ece3bc72
PAMPA:3226,GRP-6320810e6ff83dd6,2020_Townsend,2020,1.0,False,included,compatible_uncensored_replicate,SSCP-6320810e6ff83dd6
PAMPA:3227,GRP-3c8bd77abc193be7,2020_Townsend,2020,1.0,False,included,compatible_uncensored_replicate,SSCP-3c8bd77abc193be7
PAMPA:3228,GRP-4caaf492134f90ea,2020_Townsend,2020,1.0,False,included,compatible_uncensored_replicate,SSCP-4caaf492134f90ea
PAMPA:3229,GRP-157c52c725a593f2,2020_Townsend,2020,1.0,False,included,compatible_uncensored_replicate,SSCP-157c52c725a593f2
PAMPA:3230,GRP-a59ba08eb62949b5,2020_Townsend,2020,1.0,False,included,compatible_uncensored_replicate,SSCP-a59ba08eb62949b5
PAMPA:3231,GRP-2a66c8b8c5c5b64e,2020_Townsend,2020,1.0,False,included,compatible_uncensored_replicate,SSCP-2a66c8b8c5c5b64e
PAMPA:3232,GRP-5afd90c8c5057500,2020_Townsend,2020,1.0,False,included,compatible_uncensored_replicate,SSCP-5afd90c8c5057500
PAMPA:3233,GRP-7041a3e7d0f4a2e8,2020_Townsend,2020,1.0,False,included,compatible_uncensored_replicate,SSCP-7041a3e7d0f4a2e8
PAMPA:3234,GRP-0a641c0e8045190b,2020_Townsend,2020,1.0,False,included,compatible_uncensored_replicate,SSCP-0a641c0e8045190b
PAMPA:3235,GRP-8f6232435eabf10a,2020_Townsend,2020,1.0,False,included,compatible_uncensored_replicate,SSCP-8f6232435eabf10a
PAMPA:3236,GRP-5b5386ffe2acd4c8,2020_Townsend,2020,1.0,False,included,compatible_uncensored_replicate,SSCP-5b5386ffe2acd4c8
PAMPA:3237,GRP-655840011e6f5be7,2020_Townsend,2020,1.0,False,included,compatible_uncensored_replicate,SSCP-655840011e6f5be7
PAMPA:3238,GRP-d98d8a06723ce687,2020_Townsend,2020,1.0,False,included,compatible_uncensored_replicate,SSCP-d98d8a06723ce687
PAMPA:3239,GRP-68ebca60c771370c,2020_Townsend,2020,1.0,False,included,compatible_uncensored_replicate,SSCP-68ebca60c771370c
PAMPA:3240,GRP-c7710cef704784a6,2020_Townsend,2020,1.0,False,included,compatible_uncensored_replicate,SSCP-c7710cef704784a6
PAMPA:3241,GRP-e696ded8783b845e,2020_Townsend,2020,1.0,False,included,compatible_uncensored_replicate,SSCP-e696ded8783b845e
PAMPA:3242,GRP-c5a3fcd0b3b7ce16,2020_Townsend,2020,1.0,False,included,compatible_uncensored_replicate,SSCP-c5a3fcd0b3b7ce16
PAMPA:3243,GRP-c64220314c48b880,2020_Townsend,2020,1.0,False,included,compatible_uncensored_replicate,SSCP-c64220314c48b880
PAMPA:3244,GRP-0eeb161b93702a6b,2020_Townsend,2020,1.0,False,included,compatible_uncensored_replicate,SSCP-0eeb161b93702a6b
PAMPA:3245,GRP-ae1e0110b1a6ac16,2020_Townsend,2020,1.0,False,included,compatible_uncensored_replicate,SSCP-ae1e0110b1a6ac16
PAMPA:3246,GRP-64aad4c0177d79c1,2020_Townsend,2020,1.0,False,included,compatible_uncensored_replicate,SSCP-64aad4c0177d79c1
PAMPA:3247,GRP-512d972499a3b754,2020_Townsend,2020,1.0,False,included,compatible_uncensored_replicate,SSCP-512d972499a3b754
PAMPA:3248,GRP-a32e7bc14392869c,2020_Townsend,2020,1.0,False,included,compatible_uncensored_replicate,SSCP-a32e7bc14392869c
PAMPA:3249,GRP-24a47f2283b0599e,2020_Townsend,2020,1.0,False,included,compatible_uncensored_replicate,SSCP-24a47f2283b0599e
PAMPA:3250,GRP-00661d874a768b31,2020_Townsend,2020,1.0,False,included,compatible_uncensored_replicate,SSCP-00661d874a768b31
PAMPA:3251,GRP-91493ae1326dd96c,2020_Townsend,2020,1.0,False,included,compatible_uncensored_replicate,SSCP-91493ae1326dd96c
PAMPA:3252,GRP-8a9fddef52ac2915,2020_Townsend,2020,1.0,True,excluded,irrecoverably_censored_or_missing_label,
PAMPA:3253,GRP-b52f7abd550c60d4,2020_Townsend,2020,1.0,True,excluded,irrecoverably_censored_or_missing_label,
PAMPA:3254,GRP-8223d8f5c427b54e,2020_Townsend,2020,1.0,True,excluded,irrecoverably_censored_or_missing_label,
PAMPA:3255,GRP-f549da74be9ffadc,2020_Townsend,2020,1.0,False,included,compatible_uncensored_replicate,SSCP-f549da74be9ffadc
PAMPA:3256,GRP-6504c9de9fe84e5e,2020_Townsend,2020,1.0,False,included,compatible_uncensored_replicate,SSCP-6504c9de9fe84e5e
PAMPA:3257,GRP-667f3ccbfb92d232,2020_Townsend,2020,1.0,False,included,compatible_uncensored_replicate,SSCP-667f3ccbfb92d232
PAMPA:3258,GRP-a594ccb0dfd4d1fa,2020_Townsend,2020,1.0,False,included,compatible_uncensored_replicate,SSCP-a594ccb0dfd4d1fa
PAMPA:3259,GRP-5640d0230c06861c,2020_Townsend,2020,1.0,True,excluded,irrecoverably_censored_or_missing_label,
PAMPA:3260,GRP-7eb0575dc199708f,2020_Townsend,2020,1.0,False,included,compatible_uncensored_replicate,SSCP-7eb0575dc199708f
PAMPA:3261,GRP-15c3c5c36da37c7e,2020_Townsend,2020,1.0,False,included,compatible_uncensored_replicate,SSCP-15c3c5c36da37c7e
PAMPA:3262,GRP-78171775993f046d,2020_Townsend,2020,1.0,False,included,compatible_uncensored_replicate,SSCP-78171775993f046d
PAMPA:3263,GRP-0c7deba2c1bc39cf,2020_Townsend,2020,1.0,False,included,compatible_uncensored_replicate,SSCP-0c7deba2c1bc39cf
PAMPA:3264,GRP-73844130f24ea55d,2020_Townsend,2020,1.0,False,included,compatible_uncensored_replicate,SSCP-73844130f24ea55d
PAMPA:3265,GRP-bbfe8dbc86f5d517,2020_Townsend,2020,1.0,False,included,compatible_uncensored_replicate,SSCP-bbfe8dbc86f5d517
PAMPA:3266,GRP-3bec145bda753ee2,2020_Townsend,2020,1.0,True,excluded,irrecoverably_censored_or_missing_label,
PAMPA:3267,GRP-cb017461c0b54401,2020_Townsend,2020,1.0,True,excluded,irrecoverably_censored_or_missing_label,
PAMPA:3268,GRP-dd9143de6f8523ac,2020_Townsend,2020,1.0,False,included,compatible_uncensored_replicate,SSCP-dd9143de6f8523ac
PAMPA:3269,GRP-0f05e8e34827c829,2020_Townsend,2020,1.0,False,included,compatible_uncensored_replicate,SSCP-0f05e8e34827c829
PAMPA:3270,GRP-a4f6e9ae676270b0,2020_Townsend,2020,1.0,True,excluded,irrecoverably_censored_or_missing_label,
PAMPA:3271,GRP-4883df9b49561b8d,2020_Townsend,2020,1.0,False,included,compatible_uncensored_replicate,SSCP-4883df9b49561b8d
PAMPA:3272,GRP-40dd90efbe947c1a,2020_Townsend,2020,1.0,True,excluded,irrecoverably_censored_or_missing_label,
PAMPA:3273,GRP-dc80507a07ad1760,2020_Townsend,2020,1.0,True,excluded,irrecoverably_censored_or_missing_label,
PAMPA:3274,GRP-68ab37aa0b03a1a3,2020_Townsend,2020,1.0,False,included,compatible_uncensored_replicate,SSCP-68ab37aa0b03a1a3
PAMPA:3275,GRP-e0a37bf253eeb79b,2020_Townsend,2020,1.0,False,included,compatible_uncensored_replicate,SSCP-e0a37bf253eeb79b
PAMPA:3276,GRP-2d9e7fc936e02bb1,2020_Townsend,2020,1.0,False,included,compatible_uncensored_replicate,SSCP-2d9e7fc936e02bb1
PAMPA:3277,GRP-ce394e3ac46a744c,2020_Townsend,2020,1.0,False,included,compatible_uncensored_replicate,SSCP-ce394e3ac46a744c
PAMPA:3278,GRP-e61d56fef6de4824,2020_Townsend,2020,1.0,True,excluded,irrecoverably_censored_or_missing_label,
PAMPA:3279,GRP-eb08e4406f9d5b50,2020_Townsend,2020,1.0,False,included,compatible_uncensored_replicate,SSCP-eb08e4406f9d5b50
PAMPA:3280,GRP-e5818aa16129e1cb,2020_Townsend,2020,1.0,False,included,compatible_uncensored_replicate,SSCP-e5818aa16129e1cb
PAMPA:3281,GRP-78adcda6aa082304,2020_Townsend,2020,1.0,True,excluded,irrecoverably_censored_or_missing_label,
PAMPA:3282,GRP-6c444030c69f7540,2020_Townsend,2020,1.0,True,excluded,irrecoverably_censored_or_missing_label,
PAMPA:3283,GRP-b3bb634c604b2c6a,2020_Townsend,2020,1.0,False,included,compatible_uncensored_replicate,SSCP-b3bb634c604b2c6a
PAMPA:3284,GRP-613085e7c5da7b40,2020_Townsend,2020,1.0,False,included,compatible_uncensored_replicate,SSCP-613085e7c5da7b40
PAMPA:3285,GRP-397f7d16001fc15c,2020_Townsend,2020,1.0,False,included,compatible_uncensored_replicate,SSCP-397f7d16001fc15c
PAMPA:3286,GRP-95532d31755bd34f,2020_Townsend,2020,1.0,False,included,compatible_uncensored_replicate,SSCP-95532d31755bd34f
PAMPA:3287,GRP-f844ae05e69b0d85,2020_Townsend,2020,1.0,False,included,compatible_uncensored_replicate,SSCP-f844ae05e69b0d85
PAMPA:3288,GRP-0534c6517f0756c9,2020_Townsend,2020,1.0,False,included,compatible_uncensored_replicate,SSCP-0534c6517f0756c9
PAMPA:3289,GRP-26d7dadbe57eb220,2020_Townsend,2020,1.0,False,included,compatible_uncensored_replicate,SSCP-26d7dadbe57eb220
PAMPA:3290,GRP-47d8f77e58653273,2020_Townsend,2020,1.0,False,included,compatible_uncensored_replicate,SSCP-47d8f77e58653273
PAMPA:3291,GRP-c9df3bd3379ab458,2020_Townsend,2020,1.0,False,included,compatible_uncensored_replicate,SSCP-c9df3bd3379ab458
PAMPA:3292,GRP-4fb3e0a63c4deaa1,2020_Townsend,2020,1.0,False,included,compatible_uncensored_replicate,SSCP-4fb3e0a63c4deaa1
PAMPA:3293,GRP-e21a1f181dab36a0,2020_Townsend,2020,1.0,False,included,compatible_uncensored_replicate,SSCP-e21a1f181dab36a0
PAMPA:3294,GRP-c1a4ade0697819c9,2020_Townsend,2020,1.0,False,included,compatible_uncensored_replicate,SSCP-c1a4ade0697819c9
PAMPA:3295,GRP-084ce66bd627a4b3,2020_Townsend,2020,1.0,False,included,compatible_uncensored_replicate,SSCP-084ce66bd627a4b3
PAMPA:3296,GRP-f39b104c37e7a54d,2020_Townsend,2020,1.0,False,included,compatible_uncensored_replicate,SSCP-f39b104c37e7a54d
PAMPA:3297,GRP-80180565689ced62,2020_Townsend,2020,1.0,False,included,compatible_uncensored_replicate,SSCP-80180565689ced62
PAMPA:3298,GRP-df7f01cb45e4597e,2020_Townsend,2020,1.0,False,included,compatible_uncensored_replicate,SSCP-df7f01cb45e4597e
PAMPA:3299,GRP-ed91482165cb2afd,2020_Townsend,2020,1.0,True,excluded,irrecoverably_censored_or_missing_label,
PAMPA:3300,GRP-894c5eaba060f2ec,2020_Townsend,2020,1.0,False,included,compatible_uncensored_replicate,SSCP-894c5eaba060f2ec
PAMPA:3301,GRP-f1b7621009b55865,2020_Townsend,2020,1.0,False,included,compatible_uncensored_replicate,SSCP-f1b7621009b55865
PAMPA:3302,GRP-77c78bc7522d1997,2020_Townsend,2020,1.0,False,included,compatible_uncensored_replicate,SSCP-77c78bc7522d1997
PAMPA:3303,GRP-543e04626ba18aad,2020_Townsend,2020,1.0,False,included,compatible_uncensored_replicate,SSCP-543e04626ba18aad
PAMPA:3304,GRP-aaf3ca3d61366011,2020_Townsend,2020,1.0,False,included,compatible_uncensored_replicate,SSCP-aaf3ca3d61366011
PAMPA:3305,GRP-8a9d45c05ae5ab38,2020_Townsend,2020,1.0,False,included,compatible_uncensored_replicate,SSCP-8a9d45c05ae5ab38
PAMPA:3306,GRP-de419e2feb06931c,2020_Townsend,2020,1.0,False,included,compatible_uncensored_replicate,SSCP-de419e2feb06931c
PAMPA:3307,GRP-97518326310250b2,2020_Townsend,2020,1.0,False,included,compatible_uncensored_replicate,SSCP-97518326310250b2
PAMPA:3308,GRP-ac8fbf1f78c15ef3,2020_Townsend,2020,1.0,False,included,compatible_uncensored_replicate,SSCP-ac8fbf1f78c15ef3
PAMPA:3309,GRP-4523a2ab5c2acf64,2020_Townsend,2020,1.0,False,included,compatible_uncensored_replicate,SSCP-4523a2ab5c2acf64
PAMPA:3310,GRP-c63d75af977858ab,2020_Townsend,2020,1.0,False,included,compatible_uncensored_replicate,SSCP-c63d75af977858ab
PAMPA:3311,GRP-9faa9cbfc4dbe9ae,2020_Townsend,2020,1.0,False,included,compatible_uncensored_replicate,SSCP-9faa9cbfc4dbe9ae
PAMPA:3312,GRP-2e797ecb5921a196,2020_Townsend,2020,1.0,False,included,compatible_uncensored_replicate,SSCP-2e797ecb5921a196
PAMPA:3313,GRP-5dd2b6657bd6ceb4,2020_Townsend,2020,1.0,False,included,compatible_uncensored_replicate,SSCP-5dd2b6657bd6ceb4
PAMPA:3314,GRP-b2442bccad908c47,2020_Townsend,2020,1.0,False,included,compatible_uncensored_replicate,SSCP-b2442bccad908c47
PAMPA:3315,GRP-b3fcdb3f59ab6dd7,2020_Townsend,2020,1.0,False,included,compatible_uncensored_replicate,SSCP-b3fcdb3f59ab6dd7
PAMPA:3316,GRP-ebda490c4256b52b,2020_Townsend,2020,1.0,False,included,compatible_uncensored_replicate,SSCP-ebda490c4256b52b
PAMPA:3317,GRP-5a47a71edb04b537,2020_Townsend,2020,1.0,False,included,compatible_uncensored_replicate,SSCP-5a47a71edb04b537
PAMPA:3318,GRP-0ad1ff3c223acf98,2020_Townsend,2020,1.0,False,included,compatible_uncensored_replicate,SSCP-0ad1ff3c223acf98
PAMPA:3319,GRP-3eff22c9008f0553,2020_Townsend,2020,1.0,True,excluded,irrecoverably_censored_or_missing_label,
PAMPA:3320,GRP-20ae16c167ebbf87,2020_Townsend,2020,1.0,False,included,compatible_uncensored_replicate,SSCP-20ae16c167ebbf87
PAMPA:3321,GRP-be72bc7b68d57b60,2020_Townsend,2020,1.0,False,included,compatible_uncensored_replicate,SSCP-be72bc7b68d57b60
PAMPA:3322,GRP-662f4acf535c1883,2020_Townsend,2020,1.0,False,included,compatible_uncensored_replicate,SSCP-662f4acf535c1883
PAMPA:3323,GRP-02f3426d08f964fb,2020_Townsend,2020,1.0,True,excluded,irrecoverably_censored_or_missing_label,
PAMPA:3324,GRP-694073c6acf1158b,2020_Townsend,2020,1.0,False,included,compatible_uncensored_replicate,SSCP-694073c6acf1158b
PAMPA:3325,GRP-ce81caae7fdecd66,2020_Townsend,2020,1.0,False,included,compatible_uncensored_replicate,SSCP-ce81caae7fdecd66
PAMPA:3326,GRP-caa1546ee7b29549,2020_Townsend,2020,1.0,False,included,compatible_uncensored_replicate,SSCP-caa1546ee7b29549
PAMPA:3327,GRP-606d950eac139e99,2020_Townsend,2020,1.0,False,included,compatible_uncensored_replicate,SSCP-606d950eac139e99
PAMPA:3328,GRP-85e8de5baad62979,2020_Townsend,2020,1.0,False,included,compatible_uncensored_replicate,SSCP-85e8de5baad62979
PAMPA:3329,GRP-ec315fe126a3c4d0,2020_Townsend,2020,1.0,False,included,compatible_uncensored_replicate,SSCP-ec315fe126a3c4d0
PAMPA:3330,GRP-e877ee0529545ea0,2020_Townsend,2020,1.0,False,included,compatible_uncensored_replicate,SSCP-e877ee0529545ea0
PAMPA:3331,GRP-ae5dc8868a864194,2020_Townsend,2020,1.0,False,included,compatible_uncensored_replicate,SSCP-ae5dc8868a864194
PAMPA:3332,GRP-ee2faaec72aed960,2020_Townsend,2020,1.0,False,included,compatible_uncensored_replicate,SSCP-ee2faaec72aed960
PAMPA:3333,GRP-c6ff60970d6cc053,2020_Townsend,2020,1.0,False,included,compatible_uncensored_replicate,SSCP-c6ff60970d6cc053
PAMPA:3334,GRP-acf172e380d1bc11,2020_Townsend,2020,1.0,False,included,compatible_uncensored_replicate,SSCP-acf172e380d1bc11
PAMPA:3335,GRP-9cb04b62b7b27c4c,2020_Townsend,2020,1.0,False,included,compatible_uncensored_replicate,SSCP-9cb04b62b7b27c4c
PAMPA:3336,GRP-3774c5052a317109,2020_Townsend,2020,1.0,False,included,compatible_uncensored_replicate,SSCP-3774c5052a317109
PAMPA:3337,GRP-f8a90f916c97bdc2,2020_Townsend,2020,1.0,False,included,compatible_uncensored_replicate,SSCP-f8a90f916c97bdc2
PAMPA:3338,GRP-ddd66a699f7042f5,2020_Townsend,2020,1.0,False,included,compatible_uncensored_replicate,SSCP-ddd66a699f7042f5
PAMPA:3339,GRP-ec23c0d73f235249,2020_Townsend,2020,1.0,False,included,compatible_uncensored_replicate,SSCP-ec23c0d73f235249
PAMPA:3340,GRP-7e945160cbde7280,2020_Townsend,2020,1.0,False,included,compatible_uncensored_replicate,SSCP-7e945160cbde7280
PAMPA:3341,GRP-cffb899966613277,2020_Townsend,2020,1.0,False,included,compatible_uncensored_replicate,SSCP-cffb899966613277
PAMPA:3342,GRP-a1d9abb5ea21041a,2020_Townsend,2020,1.0,False,included,compatible_uncensored_replicate,SSCP-a1d9abb5ea21041a
PAMPA:3343,GRP-fc830b9b6334646e,2020_Townsend,2020,1.0,False,included,compatible_uncensored_replicate,SSCP-fc830b9b6334646e
PAMPA:3344,GRP-1827de14c8d4b523,2020_Townsend,2020,1.0,False,included,compatible_uncensored_replicate,SSCP-1827de14c8d4b523
PAMPA:3345,GRP-b7988c2fa9cf987f,2020_Townsend,2020,1.0,False,included,compatible_uncensored_replicate,SSCP-b7988c2fa9cf987f
PAMPA:3346,GRP-9db713cf4e8657df,2020_Townsend,2020,1.0,False,included,compatible_uncensored_replicate,SSCP-9db713cf4e8657df
PAMPA:3347,GRP-2338b0105513c083,2020_Townsend,2020,1.0,False,included,compatible_uncensored_replicate,SSCP-2338b0105513c083
PAMPA:3348,GRP-aa6c33fd4d3bfa9d,2020_Townsend,2020,1.0,False,included,compatible_uncensored_replicate,SSCP-aa6c33fd4d3bfa9d
PAMPA:3349,GRP-de5ab7194ac16cbb,2020_Townsend,2020,1.0,False,included,compatible_uncensored_replicate,SSCP-de5ab7194ac16cbb
PAMPA:3350,GRP-bae348c7a45eafd4,2020_Townsend,2020,1.0,False,included,compatible_uncensored_replicate,SSCP-bae348c7a45eafd4
PAMPA:3351,GRP-530c4bafbdaf78df,2020_Townsend,2020,1.0,False,included,compatible_uncensored_replicate,SSCP-530c4bafbdaf78df
PAMPA:3352,GRP-c4231af3360ae94d,2020_Townsend,2020,1.0,False,included,compatible_uncensored_replicate,SSCP-c4231af3360ae94d
PAMPA:3353,GRP-1656e8697d948be1,2020_Townsend,2020,1.0,False,included,compatible_uncensored_replicate,SSCP-1656e8697d948be1
PAMPA:3354,GRP-d4cd2af7f26fa2f9,2020_Townsend,2020,1.0,False,included,compatible_uncensored_replicate,SSCP-d4cd2af7f26fa2f9
PAMPA:3355,GRP-a8872aaac1e540fc,2020_Townsend,2020,1.0,False,included,compatible_uncensored_replicate,SSCP-a8872aaac1e540fc
PAMPA:3356,GRP-497f6cc2c4d711a4,2020_Townsend,2020,1.0,False,included,compatible_uncensored_replicate,SSCP-497f6cc2c4d711a4
PAMPA:3357,GRP-4feeac3b931c561f,2020_Townsend,2020,1.0,False,included,compatible_uncensored_replicate,SSCP-4feeac3b931c561f
PAMPA:3358,GRP-730897d916bd0812,2020_Townsend,2020,1.0,False,included,compatible_uncensored_replicate,SSCP-730897d916bd0812
PAMPA:3359,GRP-ce52f0b17ec0d329,2020_Townsend,2020,1.0,False,included,compatible_uncensored_replicate,SSCP-ce52f0b17ec0d329
PAMPA:3360,GRP-dfb740e78e817221,2020_Townsend,2020,1.0,False,included,compatible_uncensored_replicate,SSCP-dfb740e78e817221
PAMPA:3361,GRP-57acada3924a2347,2020_Townsend,2020,1.0,False,included,compatible_uncensored_replicate,SSCP-57acada3924a2347
PAMPA:3362,GRP-ec1d757c4ace6365,2020_Townsend,2020,1.0,True,excluded,irrecoverably_censored_or_missing_label,
PAMPA:3363,GRP-c9bf058677ed3ab5,2020_Townsend,2020,1.0,False,included,compatible_uncensored_replicate,SSCP-c9bf058677ed3ab5
PAMPA:3364,GRP-e9cc72c9367474eb,2020_Townsend,2020,1.0,False,included,compatible_uncensored_replicate,SSCP-e9cc72c9367474eb
PAMPA:3365,GRP-c1d6a40e47980238,2020_Townsend,2020,1.0,False,included,compatible_uncensored_replicate,SSCP-c1d6a40e47980238
PAMPA:3366,GRP-a86e7d317a9da892,2020_Townsend,2020,1.0,False,included,compatible_uncensored_replicate,SSCP-a86e7d317a9da892
PAMPA:3367,GRP-7702dcced3fa5498,2020_Townsend,2020,1.0,False,included,compatible_uncensored_replicate,SSCP-7702dcced3fa5498
PAMPA:3368,GRP-c3ad69ca6a887b09,2020_Townsend,2020,1.0,False,included,compatible_uncensored_replicate,SSCP-c3ad69ca6a887b09
PAMPA:3369,GRP-93d31c22e02dcae6,2020_Townsend,2020,1.0,False,included,compatible_uncensored_replicate,SSCP-93d31c22e02dcae6
PAMPA:3370,GRP-1e90c1de07a989dd,2020_Townsend,2020,1.0,False,included,compatible_uncensored_replicate,SSCP-1e90c1de07a989dd
PAMPA:3371,GRP-a72c2d30ced6be31,2020_Townsend,2020,1.0,False,included,compatible_uncensored_replicate,SSCP-a72c2d30ced6be31
PAMPA:3372,GRP-5c96652426825453,2020_Townsend,2020,1.0,False,included,compatible_uncensored_replicate,SSCP-5c96652426825453
PAMPA:3373,GRP-c5046be40e2dadf1,2020_Townsend,2020,1.0,False,included,compatible_uncensored_replicate,SSCP-c5046be40e2dadf1
PAMPA:3374,GRP-928e8518da39aaf3,2020_Townsend,2020,1.0,False,included,compatible_uncensored_replicate,SSCP-928e8518da39aaf3
PAMPA:3375,GRP-028da6aedb47474e,2020_Townsend,2020,1.0,False,included,compatible_uncensored_replicate,SSCP-028da6aedb47474e
PAMPA:3376,GRP-7558a8b9600b1f81,2020_Townsend,2020,1.0,False,included,compatible_uncensored_replicate,SSCP-7558a8b9600b1f81
PAMPA:3377,GRP-3a93150ab522be30,2020_Townsend,2020,1.0,False,included,compatible_uncensored_replicate,SSCP-3a93150ab522be30
PAMPA:3378,GRP-f1d4daaea9240ec7,2020_Townsend,2020,1.0,False,included,compatible_uncensored_replicate,SSCP-f1d4daaea9240ec7
PAMPA:3379,GRP-f85f125bb46df07a,2020_Townsend,2020,1.0,False,included,compatible_uncensored_replicate,SSCP-f85f125bb46df07a
PAMPA:3380,GRP-cc744f9860a502cd,2020_Townsend,2020,1.0,False,included,compatible_uncensored_replicate,SSCP-cc744f9860a502cd
PAMPA:3381,GRP-990e98f0089e9c51,2020_Townsend,2020,1.0,False,included,compatible_uncensored_replicate,SSCP-990e98f0089e9c51
PAMPA:3382,GRP-18d997639226886d,2020_Townsend,2020,1.0,False,included,compatible_uncensored_replicate,SSCP-18d997639226886d
PAMPA:3383,GRP-e2134427ef4bffc6,2020_Townsend,2020,1.0,False,included,compatible_uncensored_replicate,SSCP-e2134427ef4bffc6
PAMPA:3384,GRP-893008c117ffee22,2020_Townsend,2020,1.0,False,included,compatible_uncensored_replicate,SSCP-893008c117ffee22
PAMPA:3385,GRP-dabcddd29962ce60,2020_Townsend,2020,1.0,False,included,compatible_uncensored_replicate,SSCP-dabcddd29962ce60
PAMPA:3386,GRP-f7c30d3cf7ae1e73,2020_Townsend,2020,1.0,False,included,compatible_uncensored_replicate,SSCP-f7c30d3cf7ae1e73
PAMPA:3387,GRP-cd29aff043d24686,2020_Townsend,2020,1.0,False,included,compatible_uncensored_replicate,SSCP-cd29aff043d24686
PAMPA:3388,GRP-f48e7e7bbb41cd39,2020_Townsend,2020,1.0,False,included,compatible_uncensored_replicate,SSCP-f48e7e7bbb41cd39
PAMPA:3389,GRP-425391e25f3e8cb2,2020_Townsend,2020,1.0,False,included,compatible_uncensored_replicate,SSCP-425391e25f3e8cb2
PAMPA:3390,GRP-160bd684a60797e8,2020_Townsend,2020,1.0,False,included,compatible_uncensored_replicate,SSCP-160bd684a60797e8
PAMPA:3391,GRP-6d37710ba9123abc,2020_Townsend,2020,1.0,False,included,compatible_uncensored_replicate,SSCP-6d37710ba9123abc
PAMPA:3392,GRP-5170b25b9ca400eb,2020_Townsend,2020,1.0,False,included,compatible_uncensored_replicate,SSCP-5170b25b9ca400eb
PAMPA:3393,GRP-d52b59d3266bcf20,2020_Townsend,2020,1.0,False,included,compatible_uncensored_replicate,SSCP-d52b59d3266bcf20
PAMPA:3394,GRP-e2f13cf8549a72cc,2020_Townsend,2020,1.0,False,included,compatible_uncensored_replicate,SSCP-e2f13cf8549a72cc
PAMPA:3395,GRP-bfc4d99977a46d1d,2020_Townsend,2020,1.0,False,included,compatible_uncensored_replicate,SSCP-bfc4d99977a46d1d
PAMPA:3396,GRP-d59a25cccfc2445e,2020_Townsend,2020,1.0,False,included,compatible_uncensored_replicate,SSCP-d59a25cccfc2445e
PAMPA:3397,GRP-1f90771a34bd47bb,2020_Townsend,2020,1.0,False,included,compatible_uncensored_replicate,SSCP-1f90771a34bd47bb
PAMPA:3398,GRP-49330681998d297d,2020_Townsend,2020,1.0,False,included,compatible_uncensored_replicate,SSCP-49330681998d297d
PAMPA:3399,GRP-2d742561cd05685d,2020_Townsend,2020,1.0,False,included,compatible_uncensored_replicate,SSCP-2d742561cd05685d
PAMPA:3400,GRP-c1b431fff7fd98b6,2020_Townsend,2020,1.0,False,included,compatible_uncensored_replicate,SSCP-c1b431fff7fd98b6
PAMPA:3401,GRP-0b2bd45f7ec78b87,2020_Townsend,2020,1.0,False,included,compatible_uncensored_replicate,SSCP-0b2bd45f7ec78b87
PAMPA:3402,GRP-8d2f2a16ff73fc00,2020_Townsend,2020,1.0,False,included,compatible_uncensored_replicate,SSCP-8d2f2a16ff73fc00
PAMPA:3403,GRP-7b06a76e4809a13c,2020_Townsend,2020,1.0,False,included,compatible_uncensored_replicate,SSCP-7b06a76e4809a13c
PAMPA:3404,GRP-8c8fe662c046c212,2020_Townsend,2020,1.0,False,included,compatible_uncensored_replicate,SSCP-8c8fe662c046c212
PAMPA:3405,GRP-cc28b3d62a5d2486,2020_Townsend,2020,1.0,False,included,compatible_uncensored_replicate,SSCP-cc28b3d62a5d2486
PAMPA:3406,GRP-230e8decd1a50b7a,2020_Townsend,2020,1.0,False,included,compatible_uncensored_replicate,SSCP-230e8decd1a50b7a
PAMPA:3407,GRP-6afb2f9a477c7f53,2020_Townsend,2020,1.0,False,included,compatible_uncensored_replicate,SSCP-6afb2f9a477c7f53
PAMPA:3408,GRP-175eb0ee3efb46aa,2020_Townsend,2020,1.0,False,included,compatible_uncensored_replicate,SSCP-175eb0ee3efb46aa
PAMPA:3409,GRP-ef2ac76769956303,2020_Townsend,2020,1.0,False,included,compatible_uncensored_replicate,SSCP-ef2ac76769956303
PAMPA:3410,GRP-3b601706fe596645,2020_Townsend,2020,1.0,False,included,compatible_uncensored_replicate,SSCP-3b601706fe596645
PAMPA:3411,GRP-3421bc36ef6579d1,2020_Townsend,2020,1.0,False,included,compatible_uncensored_replicate,SSCP-3421bc36ef6579d1
PAMPA:3412,GRP-ecb5a069605a1719,2020_Townsend,2020,1.0,False,included,compatible_uncensored_replicate,SSCP-ecb5a069605a1719
PAMPA:3413,GRP-b31a41ae3473d8df,2020_Townsend,2020,1.0,True,excluded,irrecoverably_censored_or_missing_label,
PAMPA:3414,GRP-cc872a8c247082b4,2020_Townsend,2020,1.0,False,included,compatible_uncensored_replicate,SSCP-cc872a8c247082b4
PAMPA:3415,GRP-e8b414276bbc06c0,2020_Townsend,2020,1.0,False,included,compatible_uncensored_replicate,SSCP-e8b414276bbc06c0
PAMPA:3416,GRP-318fdd7163c8d266,2020_Townsend,2020,1.0,False,included,compatible_uncensored_replicate,SSCP-318fdd7163c8d266
PAMPA:3417,GRP-8fcb0c787d83667a,2020_Townsend,2020,1.0,False,included,compatible_uncensored_replicate,SSCP-8fcb0c787d83667a
PAMPA:3418,GRP-dd9c7ea30d23c4a6,2020_Townsend,2020,1.0,True,excluded,irrecoverably_censored_or_missing_label,
PAMPA:3419,GRP-a7c6be478ab64f60,2020_Townsend,2020,1.0,False,included,compatible_uncensored_replicate,SSCP-a7c6be478ab64f60
PAMPA:3420,GRP-33fff1a96f0034a2,2020_Townsend,2020,1.0,False,included,compatible_uncensored_replicate,SSCP-33fff1a96f0034a2
PAMPA:3421,GRP-723d852dd6756fb5,2020_Townsend,2020,1.0,False,included,compatible_uncensored_replicate,SSCP-723d852dd6756fb5
PAMPA:3422,GRP-98265ce429df5de0,2020_Townsend,2020,1.0,False,included,compatible_uncensored_replicate,SSCP-98265ce429df5de0
PAMPA:3423,GRP-898d8c169d9cb96b,2020_Townsend,2020,1.0,False,included,compatible_uncensored_replicate,SSCP-898d8c169d9cb96b
PAMPA:3424,GRP-ae08f0546c6b5f5f,2020_Townsend,2020,1.0,False,included,compatible_uncensored_replicate,SSCP-ae08f0546c6b5f5f
PAMPA:3425,GRP-d9051db0548548b4,2020_Townsend,2020,1.0,False,included,compatible_uncensored_replicate,SSCP-d9051db0548548b4
PAMPA:3426,GRP-9ecca02e1afd6153,2020_Townsend,2020,1.0,False,included,compatible_uncensored_replicate,SSCP-9ecca02e1afd6153
PAMPA:3427,GRP-21138e53decb5773,2020_Townsend,2020,1.0,False,included,compatible_uncensored_replicate,SSCP-21138e53decb5773
PAMPA:3428,GRP-a11205a29db036f1,2020_Townsend,2020,1.0,False,included,compatible_uncensored_replicate,SSCP-a11205a29db036f1
PAMPA:3429,GRP-5663bde93ff612f6,2020_Townsend,2020,1.0,False,included,compatible_uncensored_replicate,SSCP-5663bde93ff612f6
PAMPA:3430,GRP-4ddc72d6c07b0403,2020_Townsend,2020,1.0,False,included,compatible_uncensored_replicate,SSCP-4ddc72d6c07b0403
PAMPA:3431,GRP-253baa2fcc363fb5,2020_Townsend,2020,1.0,False,included,compatible_uncensored_replicate,SSCP-253baa2fcc363fb5
PAMPA:3432,GRP-4a7151c3a1bf682f,2020_Townsend,2020,1.0,False,included,compatible_uncensored_replicate,SSCP-4a7151c3a1bf682f
PAMPA:3433,GRP-cd48c9652f92f373,2020_Townsend,2020,1.0,False,included,compatible_uncensored_replicate,SSCP-cd48c9652f92f373
PAMPA:3434,GRP-052e7e14abe650a0,2020_Townsend,2020,1.0,False,included,compatible_uncensored_replicate,SSCP-052e7e14abe650a0
PAMPA:3435,GRP-6d3a839072f16fe4,2020_Townsend,2020,1.0,False,included,compatible_uncensored_replicate,SSCP-6d3a839072f16fe4
PAMPA:3436,GRP-3dab7aa643556d5f,2020_Townsend,2020,1.0,False,included,compatible_uncensored_replicate,SSCP-3dab7aa643556d5f
PAMPA:3437,GRP-da0729bf0dbdf0c2,2020_Townsend,2020,1.0,False,included,compatible_uncensored_replicate,SSCP-da0729bf0dbdf0c2
PAMPA:3438,GRP-ed4e6a51bc5cd957,2020_Townsend,2020,1.0,False,included,compatible_uncensored_replicate,SSCP-ed4e6a51bc5cd957
PAMPA:3439,GRP-adb7bdea130e7c7d,2020_Townsend,2020,1.0,False,included,compatible_uncensored_replicate,SSCP-adb7bdea130e7c7d
PAMPA:3440,GRP-0adf8eb00307f551,2020_Townsend,2020,1.0,False,included,compatible_uncensored_replicate,SSCP-0adf8eb00307f551
PAMPA:3441,GRP-7c96b403b61cbd51,2020_Townsend,2020,1.0,False,included,compatible_uncensored_replicate,SSCP-7c96b403b61cbd51
PAMPA:3442,GRP-f3927c1f2e51540b,2020_Townsend,2020,1.0,False,included,compatible_uncensored_replicate,SSCP-f3927c1f2e51540b
PAMPA:3443,GRP-043bcc07b2ab4d6c,2020_Townsend,2020,1.0,False,included,compatible_uncensored_replicate,SSCP-043bcc07b2ab4d6c
PAMPA:3444,GRP-826e575d8e93a63a,2020_Townsend,2020,1.0,False,included,compatible_uncensored_replicate,SSCP-826e575d8e93a63a
PAMPA:3445,GRP-e506010c6b99ceb4,2020_Townsend,2020,1.0,False,included,compatible_uncensored_replicate,SSCP-e506010c6b99ceb4
PAMPA:3446,GRP-5e58caf5f8e1c0c1,2020_Townsend,2020,1.0,False,included,compatible_uncensored_replicate,SSCP-5e58caf5f8e1c0c1
PAMPA:3447,GRP-9a06ad25e873c93f,2020_Townsend,2020,1.0,False,included,compatible_uncensored_replicate,SSCP-9a06ad25e873c93f
PAMPA:3448,GRP-41e54df9cc6fec70,2020_Townsend,2020,1.0,False,included,compatible_uncensored_replicate,SSCP-41e54df9cc6fec70
PAMPA:3449,GRP-ec3eb796deb8e336,2020_Townsend,2020,1.0,False,included,compatible_uncensored_replicate,SSCP-ec3eb796deb8e336
PAMPA:3450,GRP-b97dfab794bc4707,2020_Townsend,2020,1.0,True,excluded,irrecoverably_censored_or_missing_label,
PAMPA:3451,GRP-9cc65caed4c90b55,2020_Townsend,2020,1.0,False,included,compatible_uncensored_replicate,SSCP-9cc65caed4c90b55
PAMPA:3452,GRP-eb36db5593da53a3,2020_Townsend,2020,1.0,False,included,compatible_uncensored_replicate,SSCP-eb36db5593da53a3
PAMPA:3453,GRP-96e0a831c235fbc9,2020_Townsend,2020,1.0,False,included,compatible_uncensored_replicate,SSCP-96e0a831c235fbc9
PAMPA:3454,GRP-2de124cff77d34c7,2020_Townsend,2020,1.0,False,included,compatible_uncensored_replicate,SSCP-2de124cff77d34c7
PAMPA:3455,GRP-6373c40f63e37e5d,2020_Townsend,2020,1.0,False,included,compatible_uncensored_replicate,SSCP-6373c40f63e37e5d
PAMPA:3456,GRP-0541ffbeb32b84aa,2020_Townsend,2020,1.0,False,included,compatible_uncensored_replicate,SSCP-0541ffbeb32b84aa
PAMPA:3457,GRP-3e16aafec3e2068d,2020_Townsend,2020,1.0,False,included,compatible_uncensored_replicate,SSCP-3e16aafec3e2068d
PAMPA:3458,GRP-844e5a1520afcf1a,2020_Townsend,2020,1.0,False,included,compatible_uncensored_replicate,SSCP-844e5a1520afcf1a
PAMPA:3459,GRP-aa9f33632dfd987a,2020_Townsend,2020,1.0,False,included,compatible_uncensored_replicate,SSCP-aa9f33632dfd987a
PAMPA:3460,GRP-8cf346c312708524,2020_Townsend,2020,1.0,False,included,compatible_uncensored_replicate,SSCP-8cf346c312708524
PAMPA:3461,GRP-986b9218c3a9d07b,2020_Townsend,2020,1.0,False,included,compatible_uncensored_replicate,SSCP-986b9218c3a9d07b
PAMPA:3462,GRP-b6b98d75e95daefd,2020_Townsend,2020,1.0,False,included,compatible_uncensored_replicate,SSCP-b6b98d75e95daefd
PAMPA:3463,GRP-9ed5910664666989,2020_Townsend,2020,1.0,False,included,compatible_uncensored_replicate,SSCP-9ed5910664666989
PAMPA:3464,GRP-53ba5b9df4859d49,2020_Townsend,2020,1.0,False,included,compatible_uncensored_replicate,SSCP-53ba5b9df4859d49
PAMPA:3465,GRP-91bad881350dd8c0,2020_Townsend,2020,1.0,True,excluded,irrecoverably_censored_or_missing_label,
PAMPA:3466,GRP-6aac45c15f829525,2020_Townsend,2020,1.0,False,included,compatible_uncensored_replicate,SSCP-6aac45c15f829525
PAMPA:3467,GRP-a2e4cad8c41693e5,2020_Townsend,2020,1.0,False,included,compatible_uncensored_replicate,SSCP-a2e4cad8c41693e5
PAMPA:3468,GRP-8007d447f59dd36f,2020_Townsend,2020,1.0,False,included,compatible_uncensored_replicate,SSCP-8007d447f59dd36f
PAMPA:3469,GRP-7a466691779f07d2,2020_Townsend,2020,1.0,False,included,compatible_uncensored_replicate,SSCP-7a466691779f07d2
PAMPA:3470,GRP-dd8ec10f3cf52a47,2020_Townsend,2020,1.0,False,included,compatible_uncensored_replicate,SSCP-dd8ec10f3cf52a47
PAMPA:3471,GRP-58adeb3cb5243e37,2020_Townsend,2020,1.0,False,included,compatible_uncensored_replicate,SSCP-58adeb3cb5243e37
PAMPA:3472,GRP-7305288d0f73af0f,2020_Townsend,2020,1.0,True,excluded,irrecoverably_censored_or_missing_label,
PAMPA:3473,GRP-3356d2d6629f9231,2020_Townsend,2020,1.0,False,included,compatible_uncensored_replicate,SSCP-3356d2d6629f9231
PAMPA:3474,GRP-c7c8b8592619cb16,2020_Townsend,2020,1.0,False,included,compatible_uncensored_replicate,SSCP-c7c8b8592619cb16
PAMPA:3475,GRP-673f6532d9f6b25f,2020_Townsend,2020,1.0,False,included,compatible_uncensored_replicate,SSCP-673f6532d9f6b25f
PAMPA:3476,GRP-1b5fc10c5d33261d,2020_Townsend,2020,1.0,False,included,compatible_uncensored_replicate,SSCP-1b5fc10c5d33261d
PAMPA:3477,GRP-0107e9a8e73deef1,2020_Townsend,2020,1.0,False,included,compatible_uncensored_replicate,SSCP-0107e9a8e73deef1
PAMPA:3478,GRP-453eea92b352a3f1,2020_Townsend,2020,1.0,False,included,compatible_uncensored_replicate,SSCP-453eea92b352a3f1
PAMPA:3479,GRP-f331e2fae45e30cb,2020_Townsend,2020,1.0,False,included,compatible_uncensored_replicate,SSCP-f331e2fae45e30cb
PAMPA:3480,GRP-cf3cdd0f0680c306,2020_Townsend,2020,1.0,True,excluded,irrecoverably_censored_or_missing_label,
PAMPA:3481,GRP-c51a62982bae7b81,2020_Townsend,2020,1.0,False,included,compatible_uncensored_replicate,SSCP-c51a62982bae7b81
PAMPA:3482,GRP-b925268542ae565c,2020_Townsend,2020,1.0,False,included,compatible_uncensored_replicate,SSCP-b925268542ae565c
PAMPA:3483,GRP-c264ea38aa398186,2020_Townsend,2020,1.0,False,included,compatible_uncensored_replicate,SSCP-c264ea38aa398186
PAMPA:3484,GRP-fd2de4063849d793,2020_Townsend,2020,1.0,False,included,compatible_uncensored_replicate,SSCP-fd2de4063849d793
PAMPA:3485,GRP-d09af572775dced1,2020_Townsend,2020,1.0,False,included,compatible_uncensored_replicate,SSCP-d09af572775dced1
PAMPA:3486,GRP-d346663e41e5ee96,2020_Townsend,2020,1.0,True,excluded,irrecoverably_censored_or_missing_label,
PAMPA:3487,GRP-2482f5dbaf6f4d09,2020_Townsend,2020,1.0,False,included,compatible_uncensored_replicate,SSCP-2482f5dbaf6f4d09
PAMPA:3488,GRP-0030cbdba246c74b,2020_Townsend,2020,1.0,False,included,compatible_uncensored_replicate,SSCP-0030cbdba246c74b
PAMPA:3489,GRP-12b04fd90bc96ed6,2020_Townsend,2020,1.0,False,included,compatible_uncensored_replicate,SSCP-12b04fd90bc96ed6
PAMPA:3490,GRP-d017958b72c63afb,2020_Townsend,2020,1.0,False,included,compatible_uncensored_replicate,SSCP-d017958b72c63afb
PAMPA:3491,GRP-ca088f01690094b5,2020_Townsend,2020,1.0,False,included,compatible_uncensored_replicate,SSCP-ca088f01690094b5
PAMPA:3492,GRP-2fa6a6c911f02949,2020_Townsend,2020,1.0,False,included,compatible_uncensored_replicate,SSCP-2fa6a6c911f02949
PAMPA:3493,GRP-35303fd1ccea70c9,2020_Townsend,2020,1.0,False,included,compatible_uncensored_replicate,SSCP-35303fd1ccea70c9
PAMPA:3494,GRP-b52810ab1a869d9d,2020_Townsend,2020,1.0,False,included,compatible_uncensored_replicate,SSCP-b52810ab1a869d9d
PAMPA:3495,GRP-774a3d5bf4ff1ea4,2020_Townsend,2020,1.0,False,included,compatible_uncensored_replicate,SSCP-774a3d5bf4ff1ea4
PAMPA:3496,GRP-aecce1c9311e6838,2020_Townsend,2020,1.0,False,included,compatible_uncensored_replicate,SSCP-aecce1c9311e6838
PAMPA:3497,GRP-4c50716c85ffb8fe,2020_Townsend,2020,1.0,False,included,compatible_uncensored_replicate,SSCP-4c50716c85ffb8fe
PAMPA:3498,GRP-eb19c538414934ae,2020_Townsend,2020,1.0,False,included,compatible_uncensored_replicate,SSCP-eb19c538414934ae
PAMPA:3499,GRP-fcddf59388bcd8ae,2020_Townsend,2020,1.0,False,included,compatible_uncensored_replicate,SSCP-fcddf59388bcd8ae
PAMPA:3500,GRP-305e14e7fb23bc7a,2020_Townsend,2020,1.0,False,included,compatible_uncensored_replicate,SSCP-305e14e7fb23bc7a
PAMPA:3501,GRP-3d41c31391d3a1e8,2020_Townsend,2020,1.0,False,included,compatible_uncensored_replicate,SSCP-3d41c31391d3a1e8
PAMPA:3502,GRP-881084b3802ff6b1,2020_Townsend,2020,1.0,False,included,compatible_uncensored_replicate,SSCP-881084b3802ff6b1
PAMPA:3503,GRP-dd3c5e4c427acd1b,2020_Townsend,2020,1.0,False,included,compatible_uncensored_replicate,SSCP-dd3c5e4c427acd1b
PAMPA:3504,GRP-e6c73c08c8665484,2020_Townsend,2020,1.0,False,included,compatible_uncensored_replicate,SSCP-e6c73c08c8665484
PAMPA:3505,GRP-7498b93ac8c910b1,2020_Townsend,2020,1.0,False,included,compatible_uncensored_replicate,SSCP-7498b93ac8c910b1
PAMPA:3506,GRP-c0666977caaeab9f,2020_Townsend,2020,1.0,False,included,compatible_uncensored_replicate,SSCP-c0666977caaeab9f
PAMPA:3507,GRP-554c3082bfde7d60,2020_Townsend,2020,1.0,False,included,compatible_uncensored_replicate,SSCP-554c3082bfde7d60
PAMPA:3508,GRP-55208d47b401b042,2020_Townsend,2020,1.0,False,included,compatible_uncensored_replicate,SSCP-55208d47b401b042
PAMPA:3509,GRP-056d5bb8e664988b,2020_Townsend,2020,1.0,False,included,compatible_uncensored_replicate,SSCP-056d5bb8e664988b
PAMPA:3510,GRP-5daab4af5fa7bf4b,2020_Townsend,2020,1.0,False,included,compatible_uncensored_replicate,SSCP-5daab4af5fa7bf4b
PAMPA:3511,GRP-54da73c4a8b8ff35,2020_Townsend,2020,1.0,False,included,compatible_uncensored_replicate,SSCP-54da73c4a8b8ff35
PAMPA:3512,GRP-bb5dc317c0a26048,2020_Townsend,2020,1.0,False,included,compatible_uncensored_replicate,SSCP-bb5dc317c0a26048
PAMPA:3513,GRP-f35a751a414f5cf2,2020_Townsend,2020,1.0,False,included,compatible_uncensored_replicate,SSCP-f35a751a414f5cf2
PAMPA:3514,GRP-088b4136463e54e3,2020_Townsend,2020,1.0,False,included,compatible_uncensored_replicate,SSCP-088b4136463e54e3
PAMPA:3515,GRP-06bed51ecb30370b,2020_Townsend,2020,1.0,False,included,compatible_uncensored_replicate,SSCP-06bed51ecb30370b
PAMPA:3516,GRP-e5a8a4f9303b7b2f,2020_Townsend,2020,1.0,False,included,compatible_uncensored_replicate,SSCP-e5a8a4f9303b7b2f
PAMPA:3517,GRP-562096e736165653,2020_Townsend,2020,1.0,False,included,compatible_uncensored_replicate,SSCP-562096e736165653
PAMPA:3518,GRP-89d4bc25da90db31,2020_Townsend,2020,1.0,False,included,compatible_uncensored_replicate,SSCP-89d4bc25da90db31
PAMPA:3519,GRP-9955317ffed41430,2020_Townsend,2020,1.0,False,included,compatible_uncensored_replicate,SSCP-9955317ffed41430
PAMPA:3520,GRP-cf1c92a8d1b52f27,2020_Townsend,2020,1.0,False,included,compatible_uncensored_replicate,SSCP-cf1c92a8d1b52f27
PAMPA:3521,GRP-12f124966007b8a0,2020_Townsend,2020,1.0,False,included,compatible_uncensored_replicate,SSCP-12f124966007b8a0
PAMPA:3522,GRP-ab22c4e3a4d9fb41,2020_Townsend,2020,1.0,False,included,compatible_uncensored_replicate,SSCP-ab22c4e3a4d9fb41
PAMPA:3523,GRP-b0fafded5f38b566,2020_Townsend,2020,1.0,False,included,compatible_uncensored_replicate,SSCP-b0fafded5f38b566
PAMPA:3524,GRP-854c92ca754bf485,2020_Townsend,2020,1.0,False,included,compatible_uncensored_replicate,SSCP-854c92ca754bf485
PAMPA:3525,GRP-b942e18529c4a661,2020_Townsend,2020,1.0,False,included,compatible_uncensored_replicate,SSCP-b942e18529c4a661
PAMPA:3526,GRP-27efbdc96065eba6,2020_Townsend,2020,1.0,False,included,compatible_uncensored_replicate,SSCP-27efbdc96065eba6
PAMPA:3527,GRP-57a5e40985689da7,2020_Townsend,2020,1.0,False,included,compatible_uncensored_replicate,SSCP-57a5e40985689da7
PAMPA:3528,GRP-862c3d04abec1547,2020_Townsend,2020,1.0,False,included,compatible_uncensored_replicate,SSCP-862c3d04abec1547
PAMPA:3529,GRP-5192efc2ef43656c,2020_Townsend,2020,1.0,False,included,compatible_uncensored_replicate,SSCP-5192efc2ef43656c
PAMPA:3530,GRP-6499df16230646af,2020_Townsend,2020,1.0,False,included,compatible_uncensored_replicate,SSCP-6499df16230646af
PAMPA:3531,GRP-80c50b0f9520eff7,2020_Townsend,2020,1.0,False,included,compatible_uncensored_replicate,SSCP-80c50b0f9520eff7
PAMPA:3532,GRP-b7fbee5495118bd2,2020_Townsend,2020,1.0,False,included,compatible_uncensored_replicate,SSCP-b7fbee5495118bd2
PAMPA:3533,GRP-b3dc42c673ac4072,2020_Townsend,2020,1.0,True,excluded,irrecoverably_censored_or_missing_label,
PAMPA:3534,GRP-3ad3cd5b9a36410c,2020_Townsend,2020,1.0,False,included,compatible_uncensored_replicate,SSCP-3ad3cd5b9a36410c
PAMPA:3535,GRP-ebc5908ea3695d5d,2020_Townsend,2020,1.0,False,included,compatible_uncensored_replicate,SSCP-ebc5908ea3695d5d
PAMPA:3536,GRP-4b12f74c7c41ede5,2020_Townsend,2020,1.0,False,included,compatible_uncensored_replicate,SSCP-4b12f74c7c41ede5
PAMPA:3537,GRP-79ff368783c89ed4,2020_Townsend,2020,1.0,False,included,compatible_uncensored_replicate,SSCP-79ff368783c89ed4
PAMPA:3538,GRP-8124d82428dcdd35,2020_Townsend,2020,1.0,False,included,compatible_uncensored_replicate,SSCP-8124d82428dcdd35
PAMPA:3539,GRP-4596463d9d153b17,2020_Townsend,2020,1.0,False,included,compatible_uncensored_replicate,SSCP-4596463d9d153b17
PAMPA:3540,GRP-115f6fddc1815ebd,2020_Townsend,2020,1.0,False,included,compatible_uncensored_replicate,SSCP-115f6fddc1815ebd
PAMPA:3541,GRP-0665c31e34355fdb,2020_Townsend,2020,1.0,False,included,compatible_uncensored_replicate,SSCP-0665c31e34355fdb
PAMPA:3542,GRP-be5abcbea58ec0f1,2020_Townsend,2020,1.0,False,included,compatible_uncensored_replicate,SSCP-be5abcbea58ec0f1
PAMPA:3543,GRP-a9be2897b20cba60,2020_Townsend,2020,1.0,False,included,compatible_uncensored_replicate,SSCP-a9be2897b20cba60
PAMPA:3544,GRP-3ed09cbd0c03d88b,2020_Townsend,2020,1.0,False,included,compatible_uncensored_replicate,SSCP-3ed09cbd0c03d88b
PAMPA:3545,GRP-289829f4101cd620,2020_Townsend,2020,1.0,False,included,compatible_uncensored_replicate,SSCP-289829f4101cd620
PAMPA:3546,GRP-b609c9d86e0177c5,2020_Townsend,2020,1.0,False,included,compatible_uncensored_replicate,SSCP-b609c9d86e0177c5
PAMPA:3547,GRP-ca96aa0bfb2acdec,2020_Townsend,2020,1.0,True,excluded,irrecoverably_censored_or_missing_label,
PAMPA:3548,GRP-b8a95a4d787fd7d3,2020_Townsend,2020,1.0,False,included,compatible_uncensored_replicate,SSCP-b8a95a4d787fd7d3
PAMPA:3549,GRP-89f1de97df908a84,2020_Townsend,2020,1.0,False,included,compatible_uncensored_replicate,SSCP-89f1de97df908a84
PAMPA:3550,GRP-7c4066d51ba18958,2020_Townsend,2020,1.0,False,included,compatible_uncensored_replicate,SSCP-7c4066d51ba18958
PAMPA:3551,GRP-ee6724d1742bf678,2020_Townsend,2020,1.0,False,included,compatible_uncensored_replicate,SSCP-ee6724d1742bf678
PAMPA:3552,GRP-e5988028ac89aea8,2020_Townsend,2020,1.0,False,included,compatible_uncensored_replicate,SSCP-e5988028ac89aea8
PAMPA:3553,GRP-4c3055539be088e3,2020_Townsend,2020,1.0,False,included,compatible_uncensored_replicate,SSCP-4c3055539be088e3
PAMPA:3554,GRP-638b4ea5a57d7bac,2020_Townsend,2020,1.0,False,included,compatible_uncensored_replicate,SSCP-638b4ea5a57d7bac
PAMPA:3555,GRP-984e94c04c7f504b,2020_Townsend,2020,1.0,False,included,compatible_uncensored_replicate,SSCP-984e94c04c7f504b
PAMPA:3556,GRP-5c78eafe904ebb82,2020_Townsend,2020,1.0,False,included,compatible_uncensored_replicate,SSCP-5c78eafe904ebb82
PAMPA:3557,GRP-74d67319d9bed9dc,2020_Townsend,2020,1.0,False,included,compatible_uncensored_replicate,SSCP-74d67319d9bed9dc
PAMPA:3558,GRP-d8536dd8c15cf72a,2020_Townsend,2020,1.0,False,included,compatible_uncensored_replicate,SSCP-d8536dd8c15cf72a
PAMPA:3559,GRP-706bb026cabcd437,2020_Townsend,2020,1.0,False,included,compatible_uncensored_replicate,SSCP-706bb026cabcd437
PAMPA:3560,GRP-eca00254bc293d06,2020_Townsend,2020,1.0,False,included,compatible_uncensored_replicate,SSCP-eca00254bc293d06
PAMPA:3561,GRP-e03872d0c826f5f8,2020_Townsend,2020,1.0,False,included,compatible_uncensored_replicate,SSCP-e03872d0c826f5f8
PAMPA:3562,GRP-d67ff1dd78e3beb6,2020_Townsend,2020,1.0,False,included,compatible_uncensored_replicate,SSCP-d67ff1dd78e3beb6
PAMPA:3563,GRP-2c553bd28a0468b8,2020_Townsend,2020,1.0,False,included,compatible_uncensored_replicate,SSCP-2c553bd28a0468b8
PAMPA:3564,GRP-b704ab9f6c7b1334,2020_Townsend,2020,1.0,False,included,compatible_uncensored_replicate,SSCP-b704ab9f6c7b1334
PAMPA:3565,GRP-de8631f27b8b85c6,2020_Townsend,2020,1.0,False,included,compatible_uncensored_replicate,SSCP-de8631f27b8b85c6
PAMPA:3566,GRP-ca5783d96bdbac01,2020_Townsend,2020,1.0,False,included,compatible_uncensored_replicate,SSCP-ca5783d96bdbac01
PAMPA:3567,GRP-c51c04d6f72f10a9,2020_Townsend,2020,1.0,False,included,compatible_uncensored_replicate,SSCP-c51c04d6f72f10a9
PAMPA:3568,GRP-5865ded4b3063db4,2020_Townsend,2020,1.0,False,included,compatible_uncensored_replicate,SSCP-5865ded4b3063db4
PAMPA:3569,GRP-cb052b6c2cf53783,2020_Townsend,2020,1.0,False,included,compatible_uncensored_replicate,SSCP-cb052b6c2cf53783
PAMPA:3570,GRP-3553ae7481a13a85,2020_Townsend,2020,1.0,False,included,compatible_uncensored_replicate,SSCP-3553ae7481a13a85
PAMPA:3571,GRP-e1159c4101121e52,2020_Townsend,2020,1.0,False,included,compatible_uncensored_replicate,SSCP-e1159c4101121e52
PAMPA:3572,GRP-90d63facdb1967d3,2020_Townsend,2020,1.0,False,included,compatible_uncensored_replicate,SSCP-90d63facdb1967d3
PAMPA:3573,GRP-8544c54df87c319a,2020_Townsend,2020,1.0,False,included,compatible_uncensored_replicate,SSCP-8544c54df87c319a
PAMPA:3574,GRP-287d0d8551dbe52f,2020_Townsend,2020,1.0,True,excluded,irrecoverably_censored_or_missing_label,
PAMPA:3575,GRP-dfb32a0546b6553c,2020_Townsend,2020,1.0,True,excluded,irrecoverably_censored_or_missing_label,
PAMPA:3576,GRP-0d5647406ef0b2c4,2020_Townsend,2020,1.0,False,included,compatible_uncensored_replicate,SSCP-0d5647406ef0b2c4
PAMPA:3577,GRP-009428fe60df9a44,2020_Townsend,2020,1.0,False,included,compatible_uncensored_replicate,SSCP-009428fe60df9a44
PAMPA:3578,GRP-2087272ecde4aac8,2020_Townsend,2020,1.0,False,included,compatible_uncensored_replicate,SSCP-2087272ecde4aac8
PAMPA:3579,GRP-e2008725d81c5d43,2020_Townsend,2020,1.0,False,included,compatible_uncensored_replicate,SSCP-e2008725d81c5d43
PAMPA:3580,GRP-d6a2a0bdaf935fd4,2020_Townsend,2020,1.0,False,included,compatible_uncensored_replicate,SSCP-d6a2a0bdaf935fd4
PAMPA:3581,GRP-cfb0d60633dc103d,2020_Townsend,2020,1.0,False,included,compatible_uncensored_replicate,SSCP-cfb0d60633dc103d
PAMPA:3582,GRP-e4361de50f21be38,2020_Townsend,2020,1.0,False,included,compatible_uncensored_replicate,SSCP-e4361de50f21be38
PAMPA:3583,GRP-f9d1ce2c7f665a2e,2020_Townsend,2020,1.0,True,excluded,irrecoverably_censored_or_missing_label,
PAMPA:3584,GRP-2b2f9faba731e65a,2020_Townsend,2020,1.0,False,included,compatible_uncensored_replicate,SSCP-2b2f9faba731e65a
PAMPA:3585,GRP-602d68b6ed725055,2020_Townsend,2020,1.0,False,included,compatible_uncensored_replicate,SSCP-602d68b6ed725055
PAMPA:3586,GRP-87baeb6baa1b9077,2020_Townsend,2020,1.0,False,included,compatible_uncensored_replicate,SSCP-87baeb6baa1b9077
PAMPA:3587,GRP-e7b108173bdbaed9,2020_Townsend,2020,1.0,False,included,compatible_uncensored_replicate,SSCP-e7b108173bdbaed9
PAMPA:3588,GRP-9f16dcda9e1775d3,2020_Townsend,2020,1.0,False,included,compatible_uncensored_replicate,SSCP-9f16dcda9e1775d3
PAMPA:3589,GRP-4729bb6ffd558bb8,2020_Townsend,2020,1.0,False,included,compatible_uncensored_replicate,SSCP-4729bb6ffd558bb8
PAMPA:3590,GRP-fb755da3380e9a20,2020_Townsend,2020,1.0,False,included,compatible_uncensored_replicate,SSCP-fb755da3380e9a20
PAMPA:3591,GRP-a49571890ed1d02f,2020_Townsend,2020,1.0,False,included,compatible_uncensored_replicate,SSCP-a49571890ed1d02f
PAMPA:3592,GRP-fb463b9bbbb57316,2020_Townsend,2020,1.0,False,included,compatible_uncensored_replicate,SSCP-fb463b9bbbb57316
PAMPA:3593,GRP-7b21d37a57c5d50b,2020_Townsend,2020,1.0,False,included,compatible_uncensored_replicate,SSCP-7b21d37a57c5d50b
PAMPA:3594,GRP-bb46cd632f0c1101,2020_Townsend,2020,1.0,False,included,compatible_uncensored_replicate,SSCP-bb46cd632f0c1101
PAMPA:3595,GRP-53e9ba0dcc44c7ab,2020_Townsend,2020,1.0,False,included,compatible_uncensored_replicate,SSCP-53e9ba0dcc44c7ab
PAMPA:3596,GRP-e1b87751bf5d3e36,2020_Townsend,2020,1.0,False,included,compatible_uncensored_replicate,SSCP-e1b87751bf5d3e36
PAMPA:3597,GRP-82699cef622fd377,2020_Townsend,2020,1.0,False,included,compatible_uncensored_replicate,SSCP-82699cef622fd377
PAMPA:3598,GRP-311cf6d1a79262a8,2020_Townsend,2020,1.0,False,included,compatible_uncensored_replicate,SSCP-311cf6d1a79262a8
PAMPA:3599,GRP-6630a5c4e4c1f29f,2020_Townsend,2020,1.0,False,included,compatible_uncensored_replicate,SSCP-6630a5c4e4c1f29f
PAMPA:3600,GRP-a7e1ddb174b0567b,2020_Townsend,2020,1.0,False,included,compatible_uncensored_replicate,SSCP-a7e1ddb174b0567b
PAMPA:3601,GRP-818c60b27f214b7f,2020_Townsend,2020,1.0,False,included,compatible_uncensored_replicate,SSCP-818c60b27f214b7f
PAMPA:3602,GRP-a464a11ba542f9e7,2020_Townsend,2020,1.0,False,included,compatible_uncensored_replicate,SSCP-a464a11ba542f9e7
PAMPA:3603,GRP-0bfdc19bf11b41ad,2020_Townsend,2020,1.0,False,included,compatible_uncensored_replicate,SSCP-0bfdc19bf11b41ad
PAMPA:3604,GRP-df3d2851bf05a706,2020_Townsend,2020,1.0,False,included,compatible_uncensored_replicate,SSCP-df3d2851bf05a706
PAMPA:3605,GRP-3cdbace5bb63df6d,2020_Townsend,2020,1.0,False,included,compatible_uncensored_replicate,SSCP-3cdbace5bb63df6d
PAMPA:3606,GRP-086eb5d31c3e559b,2020_Townsend,2020,1.0,False,included,compatible_uncensored_replicate,SSCP-086eb5d31c3e559b
PAMPA:3607,GRP-9d4fa508dc463d6f,2020_Townsend,2020,1.0,False,included,compatible_uncensored_replicate,SSCP-9d4fa508dc463d6f
PAMPA:3608,GRP-bbc26b13ba06b88b,2020_Townsend,2020,1.0,True,excluded,irrecoverably_censored_or_missing_label,
PAMPA:3609,GRP-6922e565472de0ef,2020_Townsend,2020,1.0,False,included,compatible_uncensored_replicate,SSCP-6922e565472de0ef
PAMPA:3610,GRP-d53fee607b92468d,2020_Townsend,2020,1.0,False,included,compatible_uncensored_replicate,SSCP-d53fee607b92468d
PAMPA:3611,GRP-2b3a9612df80fbdc,2020_Townsend,2020,1.0,False,included,compatible_uncensored_replicate,SSCP-2b3a9612df80fbdc
PAMPA:3612,GRP-a2fa3a73b972207b,2020_Townsend,2020,1.0,False,included,compatible_uncensored_replicate,SSCP-a2fa3a73b972207b
PAMPA:3613,GRP-0644c597e1bc977c,2020_Townsend,2020,1.0,False,included,compatible_uncensored_replicate,SSCP-0644c597e1bc977c
PAMPA:3614,GRP-7830ca674c63928c,2020_Townsend,2020,1.0,False,included,compatible_uncensored_replicate,SSCP-7830ca674c63928c
PAMPA:3615,GRP-c9c112c9c2c9715b,2020_Townsend,2020,1.0,False,included,compatible_uncensored_replicate,SSCP-c9c112c9c2c9715b
PAMPA:3616,GRP-f2ce440ac8a0e182,2020_Townsend,2020,1.0,False,included,compatible_uncensored_replicate,SSCP-f2ce440ac8a0e182
PAMPA:3617,GRP-cd4a7c9d2e9d3fad,2020_Townsend,2020,1.0,False,included,compatible_uncensored_replicate,SSCP-cd4a7c9d2e9d3fad
PAMPA:3618,GRP-944d2efa30740317,2020_Townsend,2020,1.0,True,excluded,irrecoverably_censored_or_missing_label,
PAMPA:3619,GRP-5b6a0425383a86c0,2020_Townsend,2020,1.0,False,included,compatible_uncensored_replicate,SSCP-5b6a0425383a86c0
PAMPA:3620,GRP-f289f6740a730b45,2020_Townsend,2020,1.0,False,included,compatible_uncensored_replicate,SSCP-f289f6740a730b45
PAMPA:3621,GRP-a36db26899889060,2020_Townsend,2020,1.0,False,included,compatible_uncensored_replicate,SSCP-a36db26899889060
PAMPA:3622,GRP-2fbac43748bf9954,2020_Townsend,2020,1.0,False,included,compatible_uncensored_replicate,SSCP-2fbac43748bf9954
PAMPA:3623,GRP-36c4cdbfb52f9571,2020_Townsend,2020,1.0,False,included,compatible_uncensored_replicate,SSCP-36c4cdbfb52f9571
PAMPA:3624,GRP-464bfdcd2ddfa3af,2020_Townsend,2020,1.0,False,included,compatible_uncensored_replicate,SSCP-464bfdcd2ddfa3af
PAMPA:3625,GRP-44d671083e8c8c92,2020_Townsend,2020,1.0,False,included,compatible_uncensored_replicate,SSCP-44d671083e8c8c92
PAMPA:3626,GRP-d49dcde04ebc93ab,2020_Townsend,2020,1.0,True,excluded,irrecoverably_censored_or_missing_label,
PAMPA:3627,GRP-777122ad3522ebc3,2020_Townsend,2020,1.0,False,included,compatible_uncensored_replicate,SSCP-777122ad3522ebc3
PAMPA:3628,GRP-da92544fc89e48cf,2020_Townsend,2020,1.0,False,included,compatible_uncensored_replicate,SSCP-da92544fc89e48cf
PAMPA:3629,GRP-47b34a64056ae6f1,2020_Townsend,2020,1.0,False,included,compatible_uncensored_replicate,SSCP-47b34a64056ae6f1
PAMPA:3630,GRP-441a038183d1c362,2020_Townsend,2020,1.0,False,included,compatible_uncensored_replicate,SSCP-441a038183d1c362
PAMPA:3631,GRP-13ccd2eb34d16ff8,2020_Townsend,2020,1.0,False,included,compatible_uncensored_replicate,SSCP-13ccd2eb34d16ff8
PAMPA:3632,GRP-77cf8fba08575b66,2020_Townsend,2020,1.0,False,included,compatible_uncensored_replicate,SSCP-77cf8fba08575b66
PAMPA:3633,GRP-30356c34d2508277,2020_Townsend,2020,1.0,False,included,compatible_uncensored_replicate,SSCP-30356c34d2508277
PAMPA:3634,GRP-dcdcfc8788665b45,2020_Townsend,2020,1.0,False,included,compatible_uncensored_replicate,SSCP-dcdcfc8788665b45
PAMPA:3635,GRP-b9120ab67e0d1667,2020_Townsend,2020,1.0,False,included,compatible_uncensored_replicate,SSCP-b9120ab67e0d1667
PAMPA:3636,GRP-aa84c5b35824cdb4,2020_Townsend,2020,1.0,False,included,compatible_uncensored_replicate,SSCP-aa84c5b35824cdb4
PAMPA:3637,GRP-2608f736bc5126bd,2020_Townsend,2020,1.0,False,included,compatible_uncensored_replicate,SSCP-2608f736bc5126bd
PAMPA:3638,GRP-f680b30e83c951be,2020_Townsend,2020,1.0,False,included,compatible_uncensored_replicate,SSCP-f680b30e83c951be
PAMPA:3639,GRP-5a818ef0fa159a3c,2020_Townsend,2020,1.0,False,included,compatible_uncensored_replicate,SSCP-5a818ef0fa159a3c
PAMPA:3640,GRP-0981e7f250a419b7,2020_Townsend,2020,1.0,False,included,compatible_uncensored_replicate,SSCP-0981e7f250a419b7
PAMPA:3641,GRP-95a6704c319f0ec9,2020_Townsend,2020,1.0,False,included,compatible_uncensored_replicate,SSCP-95a6704c319f0ec9
PAMPA:3642,GRP-feabe02892b26097,2020_Townsend,2020,1.0,False,included,compatible_uncensored_replicate,SSCP-feabe02892b26097
PAMPA:3643,GRP-b68f7ab4465a68cb,2020_Townsend,2020,1.0,False,included,compatible_uncensored_replicate,SSCP-b68f7ab4465a68cb
PAMPA:3644,GRP-67b7cd5729622398,2020_Townsend,2020,1.0,False,included,compatible_uncensored_replicate,SSCP-67b7cd5729622398
PAMPA:3645,GRP-cbe0f7c29ae2c93f,2020_Townsend,2020,1.0,False,included,compatible_uncensored_replicate,SSCP-cbe0f7c29ae2c93f
PAMPA:3646,GRP-ba6489c24e0b5845,2020_Townsend,2020,1.0,False,included,compatible_uncensored_replicate,SSCP-ba6489c24e0b5845
PAMPA:3647,GRP-d9c55aa337330b7f,2020_Townsend,2020,1.0,False,included,compatible_uncensored_replicate,SSCP-d9c55aa337330b7f
PAMPA:3648,GRP-e2c0a6f38a759a02,2020_Townsend,2020,1.0,True,excluded,irrecoverably_censored_or_missing_label,
PAMPA:3649,GRP-df72aa1293946345,2020_Townsend,2020,1.0,False,included,compatible_uncensored_replicate,SSCP-df72aa1293946345
PAMPA:3650,GRP-57c71003c28b2b1e,2020_Townsend,2020,1.0,True,excluded,irrecoverably_censored_or_missing_label,
PAMPA:3651,GRP-087c744b7b1ff895,2020_Townsend,2020,1.0,False,included,compatible_uncensored_replicate,SSCP-087c744b7b1ff895
PAMPA:3652,GRP-96d1a680dac2f100,2020_Townsend,2020,1.0,False,included,compatible_uncensored_replicate,SSCP-96d1a680dac2f100
PAMPA:3653,GRP-dbef1c9097e5bb2a,2020_Townsend,2020,1.0,True,excluded,irrecoverably_censored_or_missing_label,
PAMPA:3654,GRP-5f11da8213b6563e,2020_Townsend,2020,1.0,True,excluded,irrecoverably_censored_or_missing_label,
PAMPA:3655,GRP-316a6c04f005ecfc,2020_Townsend,2020,1.0,True,excluded,irrecoverably_censored_or_missing_label,
PAMPA:3656,GRP-318059fbd435ab87,2020_Townsend,2020,1.0,True,excluded,irrecoverably_censored_or_missing_label,
PAMPA:3657,GRP-c2decd2b560b3b3a,2020_Townsend,2020,1.0,True,excluded,irrecoverably_censored_or_missing_label,
PAMPA:3658,GRP-410d13fe33ddc307,2020_Townsend,2020,1.0,False,included,compatible_uncensored_replicate,SSCP-410d13fe33ddc307
PAMPA:3659,GRP-1eab58550a33b216,2020_Townsend,2020,1.0,False,included,compatible_uncensored_replicate,SSCP-1eab58550a33b216
PAMPA:3660,GRP-153a6326ebfe9531,2020_Townsend,2020,1.0,False,included,compatible_uncensored_replicate,SSCP-153a6326ebfe9531
PAMPA:3661,GRP-6bd825b2ab614b28,2020_Townsend,2020,1.0,False,included,compatible_uncensored_replicate,SSCP-6bd825b2ab614b28
PAMPA:3662,GRP-21cd951809751f89,2020_Townsend,2020,1.0,False,included,compatible_uncensored_replicate,SSCP-21cd951809751f89
PAMPA:3663,GRP-c53e4d57a1dbb56c,2020_Townsend,2020,1.0,False,included,compatible_uncensored_replicate,SSCP-c53e4d57a1dbb56c
PAMPA:3664,GRP-29130527bb629d83,2020_Townsend,2020,1.0,False,included,compatible_uncensored_replicate,SSCP-29130527bb629d83
PAMPA:3665,GRP-963eba05fc0c4758,2020_Townsend,2020,1.0,False,included,compatible_uncensored_replicate,SSCP-963eba05fc0c4758
PAMPA:3666,GRP-c00edf7af6c6af53,2020_Townsend,2020,1.0,False,included,compatible_uncensored_replicate,SSCP-c00edf7af6c6af53
PAMPA:3667,GRP-e344f6b203558a9f,2020_Townsend,2020,1.0,False,included,compatible_uncensored_replicate,SSCP-e344f6b203558a9f
PAMPA:3668,GRP-e866a325c66c7a60,2020_Townsend,2020,1.0,False,included,compatible_uncensored_replicate,SSCP-e866a325c66c7a60
PAMPA:3669,GRP-680074bc41edc63d,2020_Townsend,2020,1.0,False,included,compatible_uncensored_replicate,SSCP-680074bc41edc63d
PAMPA:3670,GRP-09b8c58cbbf771fd,2020_Townsend,2020,1.0,False,included,compatible_uncensored_replicate,SSCP-09b8c58cbbf771fd
PAMPA:3671,GRP-ee22816d2df991bd,2020_Townsend,2020,1.0,False,included,compatible_uncensored_replicate,SSCP-ee22816d2df991bd
PAMPA:3672,GRP-cf6ec856d94c8217,2020_Townsend,2020,1.0,False,included,compatible_uncensored_replicate,SSCP-cf6ec856d94c8217
PAMPA:3673,GRP-ea7bae9c2ff21e96,2020_Townsend,2020,1.0,False,included,compatible_uncensored_replicate,SSCP-ea7bae9c2ff21e96
PAMPA:3674,GRP-1cc0da57c14aedcf,2020_Townsend,2020,1.0,False,included,compatible_uncensored_replicate,SSCP-1cc0da57c14aedcf
PAMPA:3675,GRP-79424ed6c8be1d70,2020_Townsend,2020,1.0,False,included,compatible_uncensored_replicate,SSCP-79424ed6c8be1d70
PAMPA:3676,GRP-8b120bd05e6fb175,2020_Townsend,2020,1.0,False,included,compatible_uncensored_replicate,SSCP-8b120bd05e6fb175
PAMPA:3677,GRP-a9ee3962b03b169e,2020_Townsend,2020,1.0,False,included,compatible_uncensored_replicate,SSCP-a9ee3962b03b169e
PAMPA:3678,GRP-16e62d891cd93cbd,2020_Townsend,2020,1.0,False,included,compatible_uncensored_replicate,SSCP-16e62d891cd93cbd
PAMPA:3679,GRP-b559627740991635,2020_Townsend,2020,1.0,False,included,compatible_uncensored_replicate,SSCP-b559627740991635
PAMPA:3680,GRP-429608d038df84cc,2020_Townsend,2020,1.0,False,included,compatible_uncensored_replicate,SSCP-429608d038df84cc
PAMPA:3681,GRP-ca0bc737f01dedec,2020_Townsend,2020,1.0,False,included,compatible_uncensored_replicate,SSCP-ca0bc737f01dedec
PAMPA:3682,GRP-4c8b6953e3545454,2020_Townsend,2020,1.0,False,included,compatible_uncensored_replicate,SSCP-4c8b6953e3545454
PAMPA:3683,GRP-88d9ece2cc9342e2,2020_Townsend,2020,1.0,False,included,compatible_uncensored_replicate,SSCP-88d9ece2cc9342e2
PAMPA:3684,GRP-53b4c22612e91f3e,2020_Townsend,2020,1.0,False,included,compatible_uncensored_replicate,SSCP-53b4c22612e91f3e
PAMPA:3685,GRP-f2473b8c4aac366a,2020_Townsend,2020,1.0,False,included,compatible_uncensored_replicate,SSCP-f2473b8c4aac366a
PAMPA:3686,GRP-9be4e160b4d91b3a,2020_Townsend,2020,1.0,False,included,compatible_uncensored_replicate,SSCP-9be4e160b4d91b3a
PAMPA:3687,GRP-ba7f0a2bb7147b13,2020_Townsend,2020,1.0,False,included,compatible_uncensored_replicate,SSCP-ba7f0a2bb7147b13
PAMPA:3688,GRP-8b34ecbe89c7410c,2020_Townsend,2020,1.0,False,included,compatible_uncensored_replicate,SSCP-8b34ecbe89c7410c
PAMPA:3689,GRP-a7070a6561140f9d,2020_Townsend,2020,1.0,False,included,compatible_uncensored_replicate,SSCP-a7070a6561140f9d
PAMPA:3690,GRP-8536b535ff245afd,2020_Townsend,2020,1.0,False,included,compatible_uncensored_replicate,SSCP-8536b535ff245afd
PAMPA:3691,GRP-3edb3e7ba043706f,2020_Townsend,2020,1.0,False,included,compatible_uncensored_replicate,SSCP-3edb3e7ba043706f
PAMPA:3692,GRP-8062d18166215ae1,2020_Townsend,2020,1.0,False,included,compatible_uncensored_replicate,SSCP-8062d18166215ae1
PAMPA:3693,GRP-f88556e5d56cbda8,2020_Townsend,2020,1.0,False,included,compatible_uncensored_replicate,SSCP-f88556e5d56cbda8
PAMPA:3694,GRP-deccef4f6e01c5db,2020_Townsend,2020,1.0,False,included,compatible_uncensored_replicate,SSCP-deccef4f6e01c5db
PAMPA:3695,GRP-61de5345a4537c0d,2020_Townsend,2020,1.0,False,included,compatible_uncensored_replicate,SSCP-61de5345a4537c0d
PAMPA:3696,GRP-b219d1ecff50b24c,2020_Townsend,2020,1.0,False,included,compatible_uncensored_replicate,SSCP-b219d1ecff50b24c
PAMPA:3697,GRP-e8630bb1d6a4b3ba,2020_Townsend,2020,1.0,False,included,compatible_uncensored_replicate,SSCP-e8630bb1d6a4b3ba
PAMPA:3698,GRP-9e3830139ebd06fe,2020_Townsend,2020,1.0,False,included,compatible_uncensored_replicate,SSCP-9e3830139ebd06fe
PAMPA:3699,GRP-a5622dc1e0602b59,2020_Townsend,2020,1.0,False,included,compatible_uncensored_replicate,SSCP-a5622dc1e0602b59
PAMPA:3700,GRP-dfc520db39fa9cd5,2020_Townsend,2020,1.0,False,included,compatible_uncensored_replicate,SSCP-dfc520db39fa9cd5
PAMPA:3701,GRP-4aa4c34cfba1490b,2020_Townsend,2020,1.0,False,included,compatible_uncensored_replicate,SSCP-4aa4c34cfba1490b
PAMPA:3702,GRP-32e690aee0bec6bf,2020_Townsend,2020,1.0,False,included,compatible_uncensored_replicate,SSCP-32e690aee0bec6bf
PAMPA:3703,GRP-7e57e653969139a3,2020_Townsend,2020,1.0,False,included,compatible_uncensored_replicate,SSCP-7e57e653969139a3
PAMPA:3704,GRP-17048ce5f13be66c,2020_Townsend,2020,1.0,False,included,compatible_uncensored_replicate,SSCP-17048ce5f13be66c
PAMPA:3705,GRP-3a181cb7036204d1,2020_Townsend,2020,1.0,False,included,compatible_uncensored_replicate,SSCP-3a181cb7036204d1
PAMPA:3706,GRP-ff0fe6c2eebd07c3,2020_Townsend,2020,1.0,False,included,compatible_uncensored_replicate,SSCP-ff0fe6c2eebd07c3
PAMPA:3707,GRP-caa95ad80e832ca3,2020_Townsend,2020,1.0,False,included,compatible_uncensored_replicate,SSCP-caa95ad80e832ca3
PAMPA:3708,GRP-974abba227edb1b3,2020_Townsend,2020,1.0,False,included,compatible_uncensored_replicate,SSCP-974abba227edb1b3
PAMPA:3709,GRP-603b163a1e5bc6ce,2020_Townsend,2020,1.0,False,included,compatible_uncensored_replicate,SSCP-603b163a1e5bc6ce
PAMPA:3710,GRP-8cb15d3d9114ae51,2020_Townsend,2020,1.0,False,included,compatible_uncensored_replicate,SSCP-8cb15d3d9114ae51
PAMPA:3711,GRP-de8aeb38de7fbe56,2020_Townsend,2020,1.0,False,included,compatible_uncensored_replicate,SSCP-de8aeb38de7fbe56
PAMPA:3712,GRP-0f1f9f0aa56c7011,2020_Townsend,2020,1.0,False,included,compatible_uncensored_replicate,SSCP-0f1f9f0aa56c7011
PAMPA:3713,GRP-e80f85d58510000e,2020_Townsend,2020,1.0,False,included,compatible_uncensored_replicate,SSCP-e80f85d58510000e
PAMPA:3714,GRP-4026f878f72b5f26,2020_Townsend,2020,1.0,False,included,compatible_uncensored_replicate,SSCP-4026f878f72b5f26
PAMPA:3715,GRP-fcb4a57adc6d406d,2020_Townsend,2020,1.0,False,included,compatible_uncensored_replicate,SSCP-fcb4a57adc6d406d
PAMPA:3716,GRP-7f396fd72824a0a5,2020_Townsend,2020,1.0,False,included,compatible_uncensored_replicate,SSCP-7f396fd72824a0a5
PAMPA:3717,GRP-22c89ea2777d4e9b,2020_Townsend,2020,1.0,False,included,compatible_uncensored_replicate,SSCP-22c89ea2777d4e9b
PAMPA:3718,GRP-0cdb9dfd3357498c,2020_Townsend,2020,1.0,False,included,compatible_uncensored_replicate,SSCP-0cdb9dfd3357498c
PAMPA:3719,GRP-5570df2f4c7866e9,2020_Townsend,2020,1.0,False,included,compatible_uncensored_replicate,SSCP-5570df2f4c7866e9
PAMPA:3720,GRP-7ba1365041f4b6a8,2020_Townsend,2020,1.0,False,included,compatible_uncensored_replicate,SSCP-7ba1365041f4b6a8
PAMPA:3721,GRP-3bcd6c661df5c71c,2020_Townsend,2020,1.0,False,included,compatible_uncensored_replicate,SSCP-3bcd6c661df5c71c
PAMPA:3722,GRP-73f540eb3028e168,2020_Townsend,2020,1.0,False,included,compatible_uncensored_replicate,SSCP-73f540eb3028e168
PAMPA:3723,GRP-6f5363aecdc04e82,2020_Townsend,2020,1.0,False,included,compatible_uncensored_replicate,SSCP-6f5363aecdc04e82
PAMPA:3724,GRP-4226e28110ae9530,2020_Townsend,2020,1.0,False,included,compatible_uncensored_replicate,SSCP-4226e28110ae9530
PAMPA:3725,GRP-adc9d21b094e3514,2020_Townsend,2020,1.0,False,included,compatible_uncensored_replicate,SSCP-adc9d21b094e3514
PAMPA:3726,GRP-fb6163d809fe2c85,2020_Townsend,2020,1.0,False,included,compatible_uncensored_replicate,SSCP-fb6163d809fe2c85
PAMPA:3727,GRP-b0d50c140dadd65c,2020_Townsend,2020,1.0,False,included,compatible_uncensored_replicate,SSCP-b0d50c140dadd65c
PAMPA:3728,GRP-ebd4e0ae2f778f64,2020_Townsend,2020,1.0,True,excluded,irrecoverably_censored_or_missing_label,
PAMPA:3729,GRP-287b053968b847ea,2020_Townsend,2020,1.0,False,included,compatible_uncensored_replicate,SSCP-287b053968b847ea
PAMPA:3730,GRP-5fae00e1d1b9a1c5,2020_Townsend,2020,1.0,False,included,compatible_uncensored_replicate,SSCP-5fae00e1d1b9a1c5
PAMPA:3731,GRP-dc687324b9c094a4,2020_Townsend,2020,1.0,True,excluded,irrecoverably_censored_or_missing_label,
PAMPA:3732,GRP-da7cf8c7d8eedbb2,2020_Townsend,2020,1.0,True,excluded,irrecoverably_censored_or_missing_label,
PAMPA:3733,GRP-8c40713cee28032b,2020_Townsend,2020,1.0,False,included,compatible_uncensored_replicate,SSCP-8c40713cee28032b
PAMPA:3734,GRP-24f101da66ac4bdd,2020_Townsend,2020,1.0,True,excluded,irrecoverably_censored_or_missing_label,
PAMPA:3735,GRP-224a9e603604dee8,2020_Townsend,2020,1.0,False,included,compatible_uncensored_replicate,SSCP-224a9e603604dee8
PAMPA:3736,GRP-f3c2b8ac264e5316,2020_Townsend,2020,1.0,False,included,compatible_uncensored_replicate,SSCP-f3c2b8ac264e5316
PAMPA:3737,GRP-36e3558367eca570,2020_Townsend,2020,1.0,False,included,compatible_uncensored_replicate,SSCP-36e3558367eca570
PAMPA:3738,GRP-7d69e826de870c58,2020_Townsend,2020,1.0,False,included,compatible_uncensored_replicate,SSCP-7d69e826de870c58
PAMPA:3739,GRP-94f66ef40c7ae989,2020_Townsend,2020,1.0,False,included,compatible_uncensored_replicate,SSCP-94f66ef40c7ae989
PAMPA:3740,GRP-82e8def3da3ca9c4,2020_Townsend,2020,1.0,False,included,compatible_uncensored_replicate,SSCP-82e8def3da3ca9c4
PAMPA:3741,GRP-0fdb88338840e521,2020_Townsend,2020,1.0,True,excluded,irrecoverably_censored_or_missing_label,
PAMPA:3742,GRP-1d724a25f0b7cdae,2020_Townsend,2020,1.0,False,included,compatible_uncensored_replicate,SSCP-1d724a25f0b7cdae
PAMPA:3743,GRP-20dfc672beb90510,2020_Townsend,2020,1.0,False,included,compatible_uncensored_replicate,SSCP-20dfc672beb90510
PAMPA:3744,GRP-16a160642ae0a2e1,2020_Townsend,2020,1.0,False,included,compatible_uncensored_replicate,SSCP-16a160642ae0a2e1
PAMPA:3745,GRP-57605bf6fc1703a1,2020_Townsend,2020,1.0,False,included,compatible_uncensored_replicate,SSCP-57605bf6fc1703a1
PAMPA:3746,GRP-94671873968fa25b,2020_Townsend,2020,1.0,False,included,compatible_uncensored_replicate,SSCP-94671873968fa25b
PAMPA:3747,GRP-fa329f5a2f3defd6,2020_Townsend,2020,1.0,False,included,compatible_uncensored_replicate,SSCP-fa329f5a2f3defd6
PAMPA:3748,GRP-20de642cf74a09b3,2020_Townsend,2020,1.0,False,included,compatible_uncensored_replicate,SSCP-20de642cf74a09b3
PAMPA:3749,GRP-c929547136c56bbf,2020_Townsend,2020,1.0,False,included,compatible_uncensored_replicate,SSCP-c929547136c56bbf
PAMPA:3750,GRP-8be96299ff4a7497,2020_Townsend,2020,1.0,False,included,compatible_uncensored_replicate,SSCP-8be96299ff4a7497
PAMPA:3751,GRP-b157e3aa699cae47,2020_Townsend,2020,1.0,False,included,compatible_uncensored_replicate,SSCP-b157e3aa699cae47
PAMPA:3752,GRP-de1f6c87af74d623,2020_Townsend,2020,1.0,False,included,compatible_uncensored_replicate,SSCP-de1f6c87af74d623
PAMPA:3753,GRP-e6e2137a2013f3ef,2020_Townsend,2020,1.0,False,included,compatible_uncensored_replicate,SSCP-e6e2137a2013f3ef
PAMPA:3754,GRP-5eb700f88506fa55,2020_Townsend,2020,1.0,True,excluded,irrecoverably_censored_or_missing_label,
PAMPA:3755,GRP-66ee51993f380c2d,2020_Townsend,2020,1.0,False,included,compatible_uncensored_replicate,SSCP-66ee51993f380c2d
PAMPA:3756,GRP-a1910ac1524ba60d,2020_Townsend,2020,1.0,False,included,compatible_uncensored_replicate,SSCP-a1910ac1524ba60d
PAMPA:3757,GRP-d94c5a0d3a1fac1e,2020_Townsend,2020,1.0,False,included,compatible_uncensored_replicate,SSCP-d94c5a0d3a1fac1e
PAMPA:3758,GRP-db1a0417d061cd6f,2020_Townsend,2020,1.0,True,excluded,irrecoverably_censored_or_missing_label,
PAMPA:3759,GRP-59cc0440cdf02c95,2020_Townsend,2020,1.0,False,included,compatible_uncensored_replicate,SSCP-59cc0440cdf02c95
PAMPA:3760,GRP-086c058a3aac3c69,2020_Townsend,2020,1.0,False,included,compatible_uncensored_replicate,SSCP-086c058a3aac3c69
PAMPA:3761,GRP-508ed943452a57c1,2020_Townsend,2020,1.0,False,included,compatible_uncensored_replicate,SSCP-508ed943452a57c1
PAMPA:3762,GRP-dd321c35b798f106,2020_Townsend,2020,1.0,False,included,compatible_uncensored_replicate,SSCP-dd321c35b798f106
PAMPA:3763,GRP-89a2b3d39e721c9f,2020_Townsend,2020,1.0,False,included,compatible_uncensored_replicate,SSCP-89a2b3d39e721c9f
PAMPA:3764,GRP-e170e794621041bc,2020_Townsend,2020,1.0,False,included,compatible_uncensored_replicate,SSCP-e170e794621041bc
PAMPA:3765,GRP-ef2f9a485a684848,2020_Townsend,2020,1.0,True,excluded,irrecoverably_censored_or_missing_label,
PAMPA:3766,GRP-ff71132e9fb095aa,2020_Townsend,2020,1.0,False,included,compatible_uncensored_replicate,SSCP-ff71132e9fb095aa
PAMPA:3767,GRP-f1e71466675f13ce,2020_Townsend,2020,1.0,False,included,compatible_uncensored_replicate,SSCP-f1e71466675f13ce
PAMPA:3768,GRP-ce82a654d4c68493,2020_Townsend,2020,1.0,False,included,compatible_uncensored_replicate,SSCP-ce82a654d4c68493
PAMPA:3769,GRP-ea5b8685ab043d95,2020_Townsend,2020,1.0,False,included,compatible_uncensored_replicate,SSCP-ea5b8685ab043d95
PAMPA:3770,GRP-7cbfc94458265710,2020_Townsend,2020,1.0,False,included,compatible_uncensored_replicate,SSCP-7cbfc94458265710
PAMPA:3771,GRP-c9efc4688cca6f53,2020_Townsend,2020,1.0,False,included,compatible_uncensored_replicate,SSCP-c9efc4688cca6f53
PAMPA:3772,GRP-8af5cb3c7c96aa87,2020_Townsend,2020,1.0,False,included,compatible_uncensored_replicate,SSCP-8af5cb3c7c96aa87
PAMPA:3773,GRP-6a433f5275534a5d,2020_Townsend,2020,1.0,False,included,compatible_uncensored_replicate,SSCP-6a433f5275534a5d
PAMPA:3774,GRP-ba0908c3e256fa32,2020_Townsend,2020,1.0,False,included,compatible_uncensored_replicate,SSCP-ba0908c3e256fa32
PAMPA:3775,GRP-ecfcaceb944571a7,2020_Townsend,2020,1.0,False,included,compatible_uncensored_replicate,SSCP-ecfcaceb944571a7
PAMPA:3776,GRP-9857a9e4b37375ce,2020_Townsend,2020,1.0,False,included,compatible_uncensored_replicate,SSCP-9857a9e4b37375ce
PAMPA:3777,GRP-dbad302442bc7e5a,2020_Townsend,2020,1.0,False,included,compatible_uncensored_replicate,SSCP-dbad302442bc7e5a
PAMPA:3778,GRP-0838f2e7ebc7940a,2020_Townsend,2020,1.0,False,included,compatible_uncensored_replicate,SSCP-0838f2e7ebc7940a
PAMPA:3779,GRP-92f3e47168a23963,2020_Townsend,2020,1.0,False,included,compatible_uncensored_replicate,SSCP-92f3e47168a23963
PAMPA:3780,GRP-ae6eead5e863f296,2020_Townsend,2020,1.0,False,included,compatible_uncensored_replicate,SSCP-ae6eead5e863f296
PAMPA:3781,GRP-3ce7d61ec6b0ee11,2020_Townsend,2020,1.0,False,included,compatible_uncensored_replicate,SSCP-3ce7d61ec6b0ee11
PAMPA:3782,GRP-88d47b037b4a35a5,2020_Townsend,2020,1.0,True,excluded,irrecoverably_censored_or_missing_label,
PAMPA:3783,GRP-5feaa106613fc2fa,2020_Townsend,2020,1.0,False,included,compatible_uncensored_replicate,SSCP-5feaa106613fc2fa
PAMPA:3784,GRP-21238b34620d959b,2020_Townsend,2020,1.0,False,included,compatible_uncensored_replicate,SSCP-21238b34620d959b
PAMPA:3785,GRP-f9f5d578ede9fc20,2020_Townsend,2020,1.0,False,included,compatible_uncensored_replicate,SSCP-f9f5d578ede9fc20
PAMPA:3786,GRP-c1122d03d19db64a,2020_Townsend,2020,1.0,False,included,compatible_uncensored_replicate,SSCP-c1122d03d19db64a
PAMPA:3787,GRP-efae4a906421b98c,2020_Townsend,2020,1.0,False,included,compatible_uncensored_replicate,SSCP-efae4a906421b98c
PAMPA:3788,GRP-867daf5c6afd5b96,2020_Townsend,2020,1.0,False,included,compatible_uncensored_replicate,SSCP-867daf5c6afd5b96
PAMPA:3789,GRP-4b031ff032196b75,2020_Townsend,2020,1.0,False,included,compatible_uncensored_replicate,SSCP-4b031ff032196b75
PAMPA:3790,GRP-8f601b715661043f,2020_Townsend,2020,1.0,False,included,compatible_uncensored_replicate,SSCP-8f601b715661043f
PAMPA:3791,GRP-c39dcd8c85fc4690,2020_Townsend,2020,1.0,False,included,compatible_uncensored_replicate,SSCP-c39dcd8c85fc4690
PAMPA:3792,GRP-5308083fef30ce42,2020_Townsend,2020,1.0,False,included,compatible_uncensored_replicate,SSCP-5308083fef30ce42
PAMPA:3793,GRP-3b52f7c25615071e,2020_Townsend,2020,1.0,False,included,compatible_uncensored_replicate,SSCP-3b52f7c25615071e
PAMPA:3794,GRP-faa5ef120003cc81,2020_Townsend,2020,1.0,False,included,compatible_uncensored_replicate,SSCP-faa5ef120003cc81
PAMPA:3795,GRP-68d37095602ab51d,2020_Townsend,2020,1.0,False,included,compatible_uncensored_replicate,SSCP-68d37095602ab51d
PAMPA:3796,GRP-89b72747851abb48,2020_Townsend,2020,1.0,False,included,compatible_uncensored_replicate,SSCP-89b72747851abb48
PAMPA:3797,GRP-fc7e3e69e1a358ee,2020_Townsend,2020,1.0,False,included,compatible_uncensored_replicate,SSCP-fc7e3e69e1a358ee
PAMPA:3798,GRP-b82f602ea858229d,2020_Townsend,2020,1.0,False,included,compatible_uncensored_replicate,SSCP-b82f602ea858229d
PAMPA:3799,GRP-2c24d3f067f1c591,2020_Townsend,2020,1.0,True,excluded,irrecoverably_censored_or_missing_label,
PAMPA:3800,GRP-23e41969eeeeafb3,2020_Townsend,2020,1.0,False,included,compatible_uncensored_replicate,SSCP-23e41969eeeeafb3
PAMPA:3801,GRP-7f9babc31954aa79,2020_Townsend,2020,1.0,False,included,compatible_uncensored_replicate,SSCP-7f9babc31954aa79
PAMPA:3802,GRP-a034fb896a7c2958,2020_Townsend,2020,1.0,False,included,compatible_uncensored_replicate,SSCP-a034fb896a7c2958
PAMPA:3803,GRP-5fe21bf9816270d6,2020_Townsend,2020,1.0,False,included,compatible_uncensored_replicate,SSCP-5fe21bf9816270d6
PAMPA:3804,GRP-a0a570a5c6e38611,2020_Townsend,2020,1.0,False,included,compatible_uncensored_replicate,SSCP-a0a570a5c6e38611
PAMPA:3805,GRP-a01b804dcda9fe0a,2020_Townsend,2020,1.0,False,included,compatible_uncensored_replicate,SSCP-a01b804dcda9fe0a
PAMPA:3806,GRP-18200bef50de23f4,2020_Townsend,2020,1.0,False,included,compatible_uncensored_replicate,SSCP-18200bef50de23f4
PAMPA:3807,GRP-a897212ca2fe79cc,2020_Townsend,2020,1.0,False,included,compatible_uncensored_replicate,SSCP-a897212ca2fe79cc
PAMPA:3808,GRP-68502a00d6148f4b,2020_Townsend,2020,1.0,False,included,compatible_uncensored_replicate,SSCP-68502a00d6148f4b
PAMPA:3809,GRP-498596ab6fa63045,2020_Townsend,2020,1.0,False,included,compatible_uncensored_replicate,SSCP-498596ab6fa63045
PAMPA:3810,GRP-fb2bd47a85459407,2020_Townsend,2020,1.0,False,included,compatible_uncensored_replicate,SSCP-fb2bd47a85459407
PAMPA:3811,GRP-0e0a02d0b52a6227,2020_Townsend,2020,1.0,True,excluded,irrecoverably_censored_or_missing_label,
PAMPA:3812,GRP-56371d72e370d026,2020_Townsend,2020,1.0,False,included,compatible_uncensored_replicate,SSCP-56371d72e370d026
PAMPA:3813,GRP-f4ec3a1a5865da6b,2020_Townsend,2020,1.0,False,included,compatible_uncensored_replicate,SSCP-f4ec3a1a5865da6b
PAMPA:3814,GRP-cfc1f28452f9fefa,2020_Townsend,2020,1.0,False,included,compatible_uncensored_replicate,SSCP-cfc1f28452f9fefa
PAMPA:3815,GRP-c062c148f1f493d1,2020_Townsend,2020,1.0,False,included,compatible_uncensored_replicate,SSCP-c062c148f1f493d1
PAMPA:3816,GRP-e2499070f69f348f,2020_Townsend,2020,1.0,False,included,compatible_uncensored_replicate,SSCP-e2499070f69f348f
PAMPA:3817,GRP-8c0b02ffb89a5401,2020_Townsend,2020,1.0,True,excluded,irrecoverably_censored_or_missing_label,
PAMPA:3818,GRP-d42da4ee52b7993d,2020_Townsend,2020,1.0,True,excluded,irrecoverably_censored_or_missing_label,
PAMPA:3819,GRP-625cdb236aeddc96,2020_Townsend,2020,1.0,False,included,compatible_uncensored_replicate,SSCP-625cdb236aeddc96
PAMPA:3820,GRP-e545ef34d517667b,2020_Townsend,2020,1.0,False,included,compatible_uncensored_replicate,SSCP-e545ef34d517667b
PAMPA:3821,GRP-929f22008c38bf3a,2020_Townsend,2020,1.0,True,excluded,irrecoverably_censored_or_missing_label,
PAMPA:3822,GRP-55c1f363a76ab7d3,2020_Townsend,2020,1.0,False,included,compatible_uncensored_replicate,SSCP-55c1f363a76ab7d3
PAMPA:3823,GRP-7f46605c6b96056c,2020_Townsend,2020,1.0,False,included,compatible_uncensored_replicate,SSCP-7f46605c6b96056c
PAMPA:3824,GRP-376ab31587a9cd8b,2020_Townsend,2020,1.0,False,included,compatible_uncensored_replicate,SSCP-376ab31587a9cd8b
PAMPA:3825,GRP-8be5b9c5ed1b32ac,2020_Townsend,2020,1.0,False,included,compatible_uncensored_replicate,SSCP-8be5b9c5ed1b32ac
PAMPA:3826,GRP-506056a6dd93d211,2020_Townsend,2020,1.0,False,included,compatible_uncensored_replicate,SSCP-506056a6dd93d211
PAMPA:3827,GRP-2471f4bec23bb260,2020_Townsend,2020,1.0,False,included,compatible_uncensored_replicate,SSCP-2471f4bec23bb260
PAMPA:3828,GRP-85e57f3de06b9cb1,2020_Townsend,2020,1.0,False,included,compatible_uncensored_replicate,SSCP-85e57f3de06b9cb1
PAMPA:3829,GRP-28329eeae2a0bd0f,2020_Townsend,2020,1.0,False,included,compatible_uncensored_replicate,SSCP-28329eeae2a0bd0f
PAMPA:3830,GRP-a9bbdce40ecfa640,2020_Townsend,2020,1.0,False,included,compatible_uncensored_replicate,SSCP-a9bbdce40ecfa640
PAMPA:3831,GRP-4d3d198570922bc7,2020_Townsend,2020,1.0,False,included,compatible_uncensored_replicate,SSCP-4d3d198570922bc7
PAMPA:3832,GRP-aaf9a0dbb3bad78b,2020_Townsend,2020,1.0,False,included,compatible_uncensored_replicate,SSCP-aaf9a0dbb3bad78b
PAMPA:3833,GRP-272ada377b9cd874,2020_Townsend,2020,1.0,False,included,compatible_uncensored_replicate,SSCP-272ada377b9cd874
PAMPA:3834,GRP-0df0eac21e51c536,2020_Townsend,2020,1.0,False,included,compatible_uncensored_replicate,SSCP-0df0eac21e51c536
PAMPA:3835,GRP-51ef81c52fe22e4f,2020_Townsend,2020,1.0,False,included,compatible_uncensored_replicate,SSCP-51ef81c52fe22e4f
PAMPA:3836,GRP-d89e35d44d8ffcc6,2020_Townsend,2020,1.0,False,included,compatible_uncensored_replicate,SSCP-d89e35d44d8ffcc6
PAMPA:3837,GRP-8c04cbfdc8351880,2020_Townsend,2020,1.0,False,included,compatible_uncensored_replicate,SSCP-8c04cbfdc8351880
PAMPA:3838,GRP-8d83a04233f9df0c,2020_Townsend,2020,1.0,False,included,compatible_uncensored_replicate,SSCP-8d83a04233f9df0c
PAMPA:3839,GRP-405e33ec95790432,2020_Townsend,2020,1.0,False,included,compatible_uncensored_replicate,SSCP-405e33ec95790432
PAMPA:3840,GRP-314e96f4027d3aa4,2020_Townsend,2020,1.0,False,included,compatible_uncensored_replicate,SSCP-314e96f4027d3aa4
PAMPA:3841,GRP-acf88be2bd3def6b,2020_Townsend,2020,1.0,False,included,compatible_uncensored_replicate,SSCP-acf88be2bd3def6b
PAMPA:3842,GRP-37fd5e87db6293fc,2020_Townsend,2020,1.0,False,included,compatible_uncensored_replicate,SSCP-37fd5e87db6293fc
PAMPA:3843,GRP-6e56c3c1da28c394,2020_Townsend,2020,1.0,False,included,compatible_uncensored_replicate,SSCP-6e56c3c1da28c394
PAMPA:3844,GRP-540dd0fd0e2fbfb8,2020_Townsend,2020,1.0,False,included,compatible_uncensored_replicate,SSCP-540dd0fd0e2fbfb8
PAMPA:3845,GRP-ab80cd077a283c90,2020_Townsend,2020,1.0,False,included,compatible_uncensored_replicate,SSCP-ab80cd077a283c90
PAMPA:3846,GRP-ca950d29c47c8513,2020_Townsend,2020,1.0,False,included,compatible_uncensored_replicate,SSCP-ca950d29c47c8513
PAMPA:3847,GRP-c96c5b1ed069e660,2020_Townsend,2020,1.0,False,included,compatible_uncensored_replicate,SSCP-c96c5b1ed069e660
PAMPA:3848,GRP-86392e483248cab3,2020_Townsend,2020,1.0,False,included,compatible_uncensored_replicate,SSCP-86392e483248cab3
PAMPA:3849,GRP-f70dd8b4eea2557e,2020_Townsend,2020,1.0,False,included,compatible_uncensored_replicate,SSCP-f70dd8b4eea2557e
PAMPA:3850,GRP-6398359090a89704,2020_Townsend,2020,1.0,False,included,compatible_uncensored_replicate,SSCP-6398359090a89704
PAMPA:3851,GRP-2a65b3377a9b1b1d,2020_Townsend,2020,1.0,True,excluded,irrecoverably_censored_or_missing_label,
PAMPA:3852,GRP-63e93a460f11efa1,2020_Townsend,2020,1.0,False,included,compatible_uncensored_replicate,SSCP-63e93a460f11efa1
PAMPA:3853,GRP-6ba328781ddc1bc6,2020_Townsend,2020,1.0,False,included,compatible_uncensored_replicate,SSCP-6ba328781ddc1bc6
PAMPA:3854,GRP-a842fcd9ee5e6f26,2020_Townsend,2020,1.0,False,included,compatible_uncensored_replicate,SSCP-a842fcd9ee5e6f26
PAMPA:3855,GRP-4fda221f36e8ced5,2020_Townsend,2020,1.0,True,excluded,irrecoverably_censored_or_missing_label,
PAMPA:3856,GRP-13fb4dbdade955c7,2020_Townsend,2020,1.0,False,included,compatible_uncensored_replicate,SSCP-13fb4dbdade955c7
PAMPA:3857,GRP-67416c026576acde,2020_Townsend,2020,1.0,False,included,compatible_uncensored_replicate,SSCP-67416c026576acde
PAMPA:3858,GRP-a405e16d7765609d,2020_Townsend,2020,1.0,False,included,compatible_uncensored_replicate,SSCP-a405e16d7765609d
PAMPA:3859,GRP-5b337588d8cedbd5,2020_Townsend,2020,1.0,False,included,compatible_uncensored_replicate,SSCP-5b337588d8cedbd5
PAMPA:3860,GRP-cfa66e8f9be1aa95,2020_Townsend,2020,1.0,False,included,compatible_uncensored_replicate,SSCP-cfa66e8f9be1aa95
PAMPA:3861,GRP-4ae6763dd9b35293,2020_Townsend,2020,1.0,False,included,compatible_uncensored_replicate,SSCP-4ae6763dd9b35293
PAMPA:3862,GRP-72f0adbff2caa0c9,2020_Townsend,2020,1.0,False,included,compatible_uncensored_replicate,SSCP-72f0adbff2caa0c9
PAMPA:3863,GRP-fbe1b67edac6886b,2020_Townsend,2020,1.0,False,included,compatible_uncensored_replicate,SSCP-fbe1b67edac6886b
PAMPA:3864,GRP-4c99ded96609b328,2020_Townsend,2020,1.0,False,included,compatible_uncensored_replicate,SSCP-4c99ded96609b328
PAMPA:3865,GRP-a7e2fc535ddeaa94,2020_Townsend,2020,1.0,True,excluded,irrecoverably_censored_or_missing_label,
PAMPA:3866,GRP-8a2a5bfd1facfebe,2020_Townsend,2020,1.0,True,excluded,irrecoverably_censored_or_missing_label,
PAMPA:3867,GRP-0996346b340fc0a3,2020_Townsend,2020,1.0,False,included,compatible_uncensored_replicate,SSCP-0996346b340fc0a3
PAMPA:3868,GRP-f71a7885830ca44d,2020_Townsend,2020,1.0,False,included,compatible_uncensored_replicate,SSCP-f71a7885830ca44d
PAMPA:3869,GRP-36b1316c397ccd1c,2020_Townsend,2020,1.0,False,included,compatible_uncensored_replicate,SSCP-36b1316c397ccd1c
PAMPA:3870,GRP-5d32613c085b7a09,2020_Townsend,2020,1.0,True,excluded,irrecoverably_censored_or_missing_label,
PAMPA:3871,GRP-c7f2757cc6220b39,2020_Townsend,2020,1.0,False,included,compatible_uncensored_replicate,SSCP-c7f2757cc6220b39
PAMPA:3872,GRP-bc612cbd550706bd,2020_Townsend,2020,1.0,False,included,compatible_uncensored_replicate,SSCP-bc612cbd550706bd
PAMPA:3873,GRP-3e0b1e23db9e84ca,2020_Townsend,2020,1.0,False,included,compatible_uncensored_replicate,SSCP-3e0b1e23db9e84ca
PAMPA:3874,GRP-c81dc59e3a153e80,2020_Townsend,2020,1.0,False,included,compatible_uncensored_replicate,SSCP-c81dc59e3a153e80
PAMPA:3875,GRP-d5283ccddf8316f7,2020_Townsend,2020,1.0,False,included,compatible_uncensored_replicate,SSCP-d5283ccddf8316f7
PAMPA:3876,GRP-4fdda3cbaecd161d,2020_Townsend,2020,1.0,False,included,compatible_uncensored_replicate,SSCP-4fdda3cbaecd161d
PAMPA:3877,GRP-ec2c5dde275d8769,2020_Townsend,2020,1.0,False,included,compatible_uncensored_replicate,SSCP-ec2c5dde275d8769
PAMPA:3878,GRP-fc2fd179ff6dc3df,2020_Townsend,2020,1.0,False,included,compatible_uncensored_replicate,SSCP-fc2fd179ff6dc3df
PAMPA:3879,GRP-28949c14e5358fbe,2020_Townsend,2020,1.0,False,included,compatible_uncensored_replicate,SSCP-28949c14e5358fbe
PAMPA:3880,GRP-ec2ce680d264a9a2,2020_Townsend,2020,1.0,False,included,compatible_uncensored_replicate,SSCP-ec2ce680d264a9a2
PAMPA:3881,GRP-38beb93fa9fc5763,2020_Townsend,2020,1.0,False,included,compatible_uncensored_replicate,SSCP-38beb93fa9fc5763
PAMPA:3882,GRP-0a53305b75d68668,2020_Townsend,2020,1.0,False,included,compatible_uncensored_replicate,SSCP-0a53305b75d68668
PAMPA:3883,GRP-94254e89b203a1d4,2020_Townsend,2020,1.0,True,excluded,irrecoverably_censored_or_missing_label,
PAMPA:3884,GRP-a98abfd3affc4c05,2020_Townsend,2020,1.0,False,included,compatible_uncensored_replicate,SSCP-a98abfd3affc4c05
PAMPA:3885,GRP-18be57feda8c51f8,2020_Townsend,2020,1.0,False,included,compatible_uncensored_replicate,SSCP-18be57feda8c51f8
PAMPA:3886,GRP-bc7cf02e2141b518,2020_Townsend,2020,1.0,True,excluded,irrecoverably_censored_or_missing_label,
PAMPA:3887,GRP-6064251118ae7be0,2020_Townsend,2020,1.0,False,included,compatible_uncensored_replicate,SSCP-6064251118ae7be0
PAMPA:3888,GRP-889e00345493ef8d,2020_Townsend,2020,1.0,False,included,compatible_uncensored_replicate,SSCP-889e00345493ef8d
PAMPA:3889,GRP-9c653e5b210941a4,2020_Townsend,2020,1.0,False,included,compatible_uncensored_replicate,SSCP-9c653e5b210941a4
PAMPA:3890,GRP-ecbbf09bf668a987,2020_Townsend,2020,1.0,False,included,compatible_uncensored_replicate,SSCP-ecbbf09bf668a987
PAMPA:3891,GRP-75bc19bc6bafd904,2020_Townsend,2020,1.0,False,included,compatible_uncensored_replicate,SSCP-75bc19bc6bafd904
PAMPA:3892,GRP-796abf308ae188d4,2020_Townsend,2020,1.0,True,excluded,irrecoverably_censored_or_missing_label,
PAMPA:3893,GRP-9d46aa81ed041dfc,2020_Townsend,2020,1.0,False,included,compatible_uncensored_replicate,SSCP-9d46aa81ed041dfc
PAMPA:3894,GRP-45c47b2adf1952da,2020_Townsend,2020,1.0,False,included,compatible_uncensored_replicate,SSCP-45c47b2adf1952da
PAMPA:3895,GRP-c33e1227bf0fa0c4,2020_Townsend,2020,1.0,False,included,compatible_uncensored_replicate,SSCP-c33e1227bf0fa0c4
PAMPA:3896,GRP-e930e5fa6928d20e,2020_Townsend,2020,1.0,False,included,compatible_uncensored_replicate,SSCP-e930e5fa6928d20e
PAMPA:3897,GRP-62009276a969063c,2020_Townsend,2020,1.0,False,included,compatible_uncensored_replicate,SSCP-62009276a969063c
PAMPA:3898,GRP-9f2f63038bc55f83,2020_Townsend,2020,1.0,True,excluded,irrecoverably_censored_or_missing_label,
PAMPA:3899,GRP-97b913d1951185d0,2020_Townsend,2020,1.0,True,excluded,irrecoverably_censored_or_missing_label,
PAMPA:3900,GRP-8c9920152c5a558b,2020_Townsend,2020,1.0,False,included,compatible_uncensored_replicate,SSCP-8c9920152c5a558b
PAMPA:3901,GRP-b0c82a7a3285093a,2020_Townsend,2020,1.0,False,included,compatible_uncensored_replicate,SSCP-b0c82a7a3285093a
PAMPA:3902,GRP-6237683eeb8c9922,2020_Townsend,2020,1.0,False,included,compatible_uncensored_replicate,SSCP-6237683eeb8c9922
PAMPA:3903,GRP-b23cd5bb4ea658ce,2020_Townsend,2020,1.0,True,excluded,irrecoverably_censored_or_missing_label,
PAMPA:3904,GRP-f6154561cd365076,2020_Townsend,2020,1.0,True,excluded,irrecoverably_censored_or_missing_label,
PAMPA:3905,GRP-b566f56e743c7e2c,2020_Townsend,2020,1.0,False,included,compatible_uncensored_replicate,SSCP-b566f56e743c7e2c
PAMPA:3906,GRP-2ec6213370944cf7,2020_Townsend,2020,1.0,True,excluded,irrecoverably_censored_or_missing_label,
PAMPA:3907,GRP-b378c828620f6b5b,2020_Townsend,2020,1.0,False,included,compatible_uncensored_replicate,SSCP-b378c828620f6b5b
PAMPA:3908,GRP-40795932033fb8d3,2020_Townsend,2020,1.0,False,included,compatible_uncensored_replicate,SSCP-40795932033fb8d3
PAMPA:3909,GRP-212bea0e0feb8a47,2020_Townsend,2020,1.0,False,included,compatible_uncensored_replicate,SSCP-212bea0e0feb8a47
PAMPA:3910,GRP-16dbda1594790d6a,2020_Townsend,2020,1.0,False,included,compatible_uncensored_replicate,SSCP-16dbda1594790d6a
PAMPA:3911,GRP-08c49c031679b21b,2020_Townsend,2020,1.0,False,included,compatible_uncensored_replicate,SSCP-08c49c031679b21b
PAMPA:3912,GRP-00639ae7589904e1,2020_Townsend,2020,1.0,False,included,compatible_uncensored_replicate,SSCP-00639ae7589904e1
PAMPA:3913,GRP-6a85a193dd33b9db,2020_Townsend,2020,1.0,False,included,compatible_uncensored_replicate,SSCP-6a85a193dd33b9db
PAMPA:3914,GRP-e06ea15496d0d1ac,2020_Townsend,2020,1.0,True,excluded,irrecoverably_censored_or_missing_label,
PAMPA:3915,GRP-b833c1616fea6d0d,2020_Townsend,2020,1.0,False,included,compatible_uncensored_replicate,SSCP-b833c1616fea6d0d
PAMPA:3916,GRP-d9d2cb2d480fa47b,2020_Townsend,2020,1.0,False,included,compatible_uncensored_replicate,SSCP-d9d2cb2d480fa47b
PAMPA:3917,GRP-b91ef2d666f64f93,2020_Townsend,2020,1.0,False,included,compatible_uncensored_replicate,SSCP-b91ef2d666f64f93
PAMPA:3918,GRP-d308d1d5a3fe3c50,2020_Townsend,2020,1.0,False,included,compatible_uncensored_replicate,SSCP-d308d1d5a3fe3c50
PAMPA:3919,GRP-8fbc48116aa3b604,2020_Townsend,2020,1.0,False,included,compatible_uncensored_replicate,SSCP-8fbc48116aa3b604
PAMPA:3920,GRP-ebe19935051a16ba,2020_Townsend,2020,1.0,False,included,compatible_uncensored_replicate,SSCP-ebe19935051a16ba
PAMPA:3921,GRP-214d34e6216b2e71,2020_Townsend,2020,1.0,True,excluded,irrecoverably_censored_or_missing_label,
PAMPA:3922,GRP-a2badc527735e800,2020_Townsend,2020,1.0,False,included,compatible_uncensored_replicate,SSCP-a2badc527735e800
PAMPA:3923,GRP-ab711c0b4ecd15f5,2020_Townsend,2020,1.0,False,included,compatible_uncensored_replicate,SSCP-ab711c0b4ecd15f5
PAMPA:3924,GRP-4a62ce6d07bb5dda,2020_Townsend,2020,1.0,False,included,compatible_uncensored_replicate,SSCP-4a62ce6d07bb5dda
PAMPA:3925,GRP-0c872b4d79dbfbee,2020_Townsend,2020,1.0,False,included,compatible_uncensored_replicate,SSCP-0c872b4d79dbfbee
PAMPA:3926,GRP-59d921e53c01aabd,2020_Townsend,2020,1.0,False,included,compatible_uncensored_replicate,SSCP-59d921e53c01aabd
PAMPA:3927,GRP-b0134a5ac756d3cf,2020_Townsend,2020,1.0,False,included,compatible_uncensored_replicate,SSCP-b0134a5ac756d3cf
PAMPA:3928,GRP-7c1d5df7b4938dcc,2020_Townsend,2020,1.0,True,excluded,irrecoverably_censored_or_missing_label,
PAMPA:3929,GRP-8644ad0045229255,2020_Townsend,2020,1.0,False,included,compatible_uncensored_replicate,SSCP-8644ad0045229255
PAMPA:3930,GRP-f317784974026011,2020_Townsend,2020,1.0,True,excluded,irrecoverably_censored_or_missing_label,
PAMPA:3931,GRP-c739b4310288e7f6,2020_Townsend,2020,1.0,False,included,compatible_uncensored_replicate,SSCP-c739b4310288e7f6
PAMPA:3932,GRP-f77c3a4d4ba687a9,2020_Townsend,2020,1.0,False,included,compatible_uncensored_replicate,SSCP-f77c3a4d4ba687a9
PAMPA:3933,GRP-42d0168719f4ca76,2020_Townsend,2020,1.0,False,included,compatible_uncensored_replicate,SSCP-42d0168719f4ca76
PAMPA:3934,GRP-dd93c73e88d5b5ab,2020_Townsend,2020,1.0,False,included,compatible_uncensored_replicate,SSCP-dd93c73e88d5b5ab
PAMPA:3935,GRP-95c5350a5f5747d0,2020_Townsend,2020,1.0,False,included,compatible_uncensored_replicate,SSCP-95c5350a5f5747d0
PAMPA:3936,GRP-859cf4538b8bdb9f,2020_Townsend,2020,1.0,False,included,compatible_uncensored_replicate,SSCP-859cf4538b8bdb9f
PAMPA:3937,GRP-78575bb313c0da67,2020_Townsend,2020,1.0,False,included,compatible_uncensored_replicate,SSCP-78575bb313c0da67
PAMPA:3938,GRP-5baf9c85ec6836c5,2020_Townsend,2020,1.0,False,included,compatible_uncensored_replicate,SSCP-5baf9c85ec6836c5
PAMPA:3939,GRP-18a3e0a448006590,2020_Townsend,2020,1.0,False,included,compatible_uncensored_replicate,SSCP-18a3e0a448006590
PAMPA:3940,GRP-98e4d1c9c265bb3b,2020_Townsend,2020,1.0,False,included,compatible_uncensored_replicate,SSCP-98e4d1c9c265bb3b
PAMPA:3941,GRP-61007b353ce8cb7e,2020_Townsend,2020,1.0,False,included,compatible_uncensored_replicate,SSCP-61007b353ce8cb7e
PAMPA:3942,GRP-373df0aec9492667,2020_Townsend,2020,1.0,False,included,compatible_uncensored_replicate,SSCP-373df0aec9492667
PAMPA:3943,GRP-672f5d3a52344363,2020_Townsend,2020,1.0,False,included,compatible_uncensored_replicate,SSCP-672f5d3a52344363
PAMPA:3944,GRP-b32e664add93d25d,2020_Townsend,2020,1.0,False,included,compatible_uncensored_replicate,SSCP-b32e664add93d25d
PAMPA:3945,GRP-1913f3cce456f811,2020_Townsend,2020,1.0,True,excluded,irrecoverably_censored_or_missing_label,
PAMPA:3946,GRP-7ffc24795aa7b5a9,2020_Townsend,2020,1.0,False,included,compatible_uncensored_replicate,SSCP-7ffc24795aa7b5a9
PAMPA:3947,GRP-f24d24b001f2e0d8,2020_Townsend,2020,1.0,False,included,compatible_uncensored_replicate,SSCP-f24d24b001f2e0d8
PAMPA:3948,GRP-a0305b10591f8248,2020_Townsend,2020,1.0,False,included,compatible_uncensored_replicate,SSCP-a0305b10591f8248
PAMPA:3949,GRP-c061fa4a2807b1f1,2020_Townsend,2020,1.0,False,included,compatible_uncensored_replicate,SSCP-c061fa4a2807b1f1
PAMPA:3950,GRP-5cfea1f9f25a5515,2020_Townsend,2020,1.0,True,excluded,irrecoverably_censored_or_missing_label,
PAMPA:3951,GRP-a6008a19da146e4b,2020_Townsend,2020,1.0,False,included,compatible_uncensored_replicate,SSCP-a6008a19da146e4b
PAMPA:3952,GRP-660a1af44e208038,2020_Townsend,2020,1.0,True,excluded,irrecoverably_censored_or_missing_label,
PAMPA:3953,GRP-b4e5cf3885cb3b82,2020_Townsend,2020,1.0,False,included,compatible_uncensored_replicate,SSCP-b4e5cf3885cb3b82
PAMPA:3954,GRP-f6ec869134fd724e,2020_Townsend,2020,1.0,False,included,compatible_uncensored_replicate,SSCP-f6ec869134fd724e
PAMPA:3955,GRP-8cd890be105529ec,2020_Townsend,2020,1.0,False,included,compatible_uncensored_replicate,SSCP-8cd890be105529ec
PAMPA:3956,GRP-51eac6b95c73df06,2020_Townsend,2020,1.0,False,included,compatible_uncensored_replicate,SSCP-51eac6b95c73df06
PAMPA:3957,GRP-d80676ef20804d26,2020_Townsend,2020,1.0,False,included,compatible_uncensored_replicate,SSCP-d80676ef20804d26
PAMPA:3958,GRP-7fa91aca9c172173,2020_Townsend,2020,1.0,False,included,compatible_uncensored_replicate,SSCP-7fa91aca9c172173
PAMPA:3959,GRP-296cc6b7c19e0b4e,2020_Townsend,2020,1.0,False,included,compatible_uncensored_replicate,SSCP-296cc6b7c19e0b4e
PAMPA:3960,GRP-89e8420b3d26f923,2020_Townsend,2020,1.0,False,included,compatible_uncensored_replicate,SSCP-89e8420b3d26f923
PAMPA:3961,GRP-b8a33e379c178a01,2020_Townsend,2020,1.0,False,included,compatible_uncensored_replicate,SSCP-b8a33e379c178a01
PAMPA:3962,GRP-45a428f1ef53e0a6,2020_Townsend,2020,1.0,True,excluded,irrecoverably_censored_or_missing_label,
PAMPA:3963,GRP-8585cc1ca670c5c8,2020_Townsend,2020,1.0,False,included,compatible_uncensored_replicate,SSCP-8585cc1ca670c5c8
PAMPA:3964,GRP-7f004567fec59977,2020_Townsend,2020,1.0,False,included,compatible_uncensored_replicate,SSCP-7f004567fec59977
PAMPA:3965,GRP-b5ee54ec9e023981,2020_Townsend,2020,1.0,False,included,compatible_uncensored_replicate,SSCP-b5ee54ec9e023981
PAMPA:3966,GRP-f2e0d67d5f88a7f0,2020_Townsend,2020,1.0,False,included,compatible_uncensored_replicate,SSCP-f2e0d67d5f88a7f0
PAMPA:3967,GRP-bba6f35e3dc8af04,2020_Townsend,2020,1.0,False,included,compatible_uncensored_replicate,SSCP-bba6f35e3dc8af04
PAMPA:3968,GRP-010f70c423f45484,2020_Townsend,2020,1.0,True,excluded,irrecoverably_censored_or_missing_label,
PAMPA:3969,GRP-097d9a3fd3c1b4dd,2020_Townsend,2020,1.0,False,included,compatible_uncensored_replicate,SSCP-097d9a3fd3c1b4dd
PAMPA:3970,GRP-a68fad44709be6d6,2020_Townsend,2020,1.0,True,excluded,irrecoverably_censored_or_missing_label,
PAMPA:3971,GRP-19869a760504abab,2020_Townsend,2020,1.0,False,included,compatible_uncensored_replicate,SSCP-19869a760504abab
PAMPA:3972,GRP-71f03f7c17fb6c11,2020_Townsend,2020,1.0,False,included,compatible_uncensored_replicate,SSCP-71f03f7c17fb6c11
PAMPA:3973,GRP-46b668bf0240c78d,2020_Townsend,2020,1.0,False,included,compatible_uncensored_replicate,SSCP-46b668bf0240c78d
PAMPA:3974,GRP-31ddc31bafcacc86,2020_Townsend,2020,1.0,False,included,compatible_uncensored_replicate,SSCP-31ddc31bafcacc86
PAMPA:3975,GRP-33d07a39c48fc575,2020_Townsend,2020,1.0,False,included,compatible_uncensored_replicate,SSCP-33d07a39c48fc575
PAMPA:3976,GRP-861d09f5ffced859,2020_Townsend,2020,1.0,False,included,compatible_uncensored_replicate,SSCP-861d09f5ffced859
PAMPA:3977,GRP-7dc3ebcd84eccaa7,2020_Townsend,2020,1.0,False,included,compatible_uncensored_replicate,SSCP-7dc3ebcd84eccaa7
PAMPA:3978,GRP-608696230973dca6,2020_Townsend,2020,1.0,False,included,compatible_uncensored_replicate,SSCP-608696230973dca6
PAMPA:3979,GRP-a872345a330b8696,2020_Townsend,2020,1.0,False,included,compatible_uncensored_replicate,SSCP-a872345a330b8696
PAMPA:3980,GRP-f046e949d6dc2a0a,2020_Townsend,2020,1.0,True,excluded,irrecoverably_censored_or_missing_label,
PAMPA:3981,GRP-68938f14a2e702b3,2020_Townsend,2020,1.0,False,included,compatible_uncensored_replicate,SSCP-68938f14a2e702b3
PAMPA:3982,GRP-1a048d4f4290beab,2020_Townsend,2020,1.0,False,included,compatible_uncensored_replicate,SSCP-1a048d4f4290beab
PAMPA:3983,GRP-ec3e530142b2f1de,2020_Townsend,2020,1.0,True,excluded,irrecoverably_censored_or_missing_label,
PAMPA:3984,GRP-7bd1928129f4f893,2020_Townsend,2020,1.0,False,included,compatible_uncensored_replicate,SSCP-7bd1928129f4f893
PAMPA:3985,GRP-9664660c3cd2f4ff,2020_Townsend,2020,1.0,True,excluded,irrecoverably_censored_or_missing_label,
PAMPA:3986,GRP-f806980795d98004,2020_Townsend,2020,1.0,False,included,compatible_uncensored_replicate,SSCP-f806980795d98004
PAMPA:3987,GRP-46cf95c2a082b07c,2020_Townsend,2020,1.0,False,included,compatible_uncensored_replicate,SSCP-46cf95c2a082b07c
PAMPA:3988,GRP-76d779a39de12d6c,2020_Townsend,2020,1.0,False,included,compatible_uncensored_replicate,SSCP-76d779a39de12d6c
PAMPA:3989,GRP-0e033c7b98f151a7,2020_Townsend,2020,1.0,False,included,compatible_uncensored_replicate,SSCP-0e033c7b98f151a7
PAMPA:3990,GRP-a56c5050617c5b7b,2020_Townsend,2020,1.0,True,excluded,irrecoverably_censored_or_missing_label,
PAMPA:3991,GRP-a3db2cefc2169414,2020_Townsend,2020,1.0,False,included,compatible_uncensored_replicate,SSCP-a3db2cefc2169414
PAMPA:3992,GRP-dd7ca205b237c93e,2020_Townsend,2020,1.0,False,included,compatible_uncensored_replicate,SSCP-dd7ca205b237c93e
PAMPA:3993,GRP-484cfc8b5330c37e,2020_Townsend,2020,1.0,False,included,compatible_uncensored_replicate,SSCP-484cfc8b5330c37e
PAMPA:3994,GRP-2dd43c53470e07a4,2020_Townsend,2020,1.0,False,included,compatible_uncensored_replicate,SSCP-2dd43c53470e07a4
PAMPA:3995,GRP-063303c21e686931,2020_Townsend,2020,1.0,False,included,compatible_uncensored_replicate,SSCP-063303c21e686931
PAMPA:3996,GRP-34a3febcdd025b0e,2020_Townsend,2020,1.0,False,included,compatible_uncensored_replicate,SSCP-34a3febcdd025b0e
PAMPA:3997,GRP-0c5442df87bf5ba5,2020_Townsend,2020,1.0,False,included,compatible_uncensored_replicate,SSCP-0c5442df87bf5ba5
PAMPA:3998,GRP-ad83427ddc10cac2,2020_Townsend,2020,1.0,False,included,compatible_uncensored_replicate,SSCP-ad83427ddc10cac2
PAMPA:3999,GRP-e5d2b5231e3ac8ec,2020_Townsend,2020,1.0,False,included,compatible_uncensored_replicate,SSCP-e5d2b5231e3ac8ec
PAMPA:4000,GRP-5d14256d9aa46d5e,2020_Townsend,2020,1.0,False,included,compatible_uncensored_replicate,SSCP-5d14256d9aa46d5e
PAMPA:4001,GRP-794307a4193cec2c,2020_Townsend,2020,1.0,False,included,compatible_uncensored_replicate,SSCP-794307a4193cec2c
PAMPA:4002,GRP-8504f391f578d5e2,2020_Townsend,2020,1.0,False,included,compatible_uncensored_replicate,SSCP-8504f391f578d5e2
PAMPA:4003,GRP-7e1d720b8b92bf07,2020_Townsend,2020,1.0,False,included,compatible_uncensored_replicate,SSCP-7e1d720b8b92bf07
PAMPA:4004,GRP-28dfe6429dd7ee2c,2020_Townsend,2020,1.0,False,included,compatible_uncensored_replicate,SSCP-28dfe6429dd7ee2c
PAMPA:4005,GRP-2135d0719a258c1c,2020_Townsend,2020,1.0,False,included,compatible_uncensored_replicate,SSCP-2135d0719a258c1c
PAMPA:4006,GRP-0e90d92e7c189e18,2020_Townsend,2020,1.0,False,included,compatible_uncensored_replicate,SSCP-0e90d92e7c189e18
PAMPA:4007,GRP-0857e087716c11e2,2020_Townsend,2020,1.0,False,included,compatible_uncensored_replicate,SSCP-0857e087716c11e2
PAMPA:4008,GRP-4c1de0e7e6490f8b,2020_Townsend,2020,1.0,False,included,compatible_uncensored_replicate,SSCP-4c1de0e7e6490f8b
PAMPA:4009,GRP-deff5c323f028ad9,2020_Townsend,2020,1.0,False,included,compatible_uncensored_replicate,SSCP-deff5c323f028ad9
PAMPA:4010,GRP-1a327d5fbf1dddbd,2020_Townsend,2020,1.0,False,included,compatible_uncensored_replicate,SSCP-1a327d5fbf1dddbd
PAMPA:4011,GRP-85ce830f3c47952b,2020_Townsend,2020,1.0,False,included,compatible_uncensored_replicate,SSCP-85ce830f3c47952b
PAMPA:4012,GRP-016752729b9346ab,2020_Townsend,2020,1.0,False,included,compatible_uncensored_replicate,SSCP-016752729b9346ab
PAMPA:4013,GRP-9e03f9d1764f0c24,2020_Townsend,2020,1.0,False,included,compatible_uncensored_replicate,SSCP-9e03f9d1764f0c24
PAMPA:4014,GRP-6ebc02d47004bb73,2020_Townsend,2020,1.0,False,included,compatible_uncensored_replicate,SSCP-6ebc02d47004bb73
PAMPA:4015,GRP-4fc1b5e1e527e877,2020_Townsend,2020,1.0,False,included,compatible_uncensored_replicate,SSCP-4fc1b5e1e527e877
PAMPA:4016,GRP-67117dc980b1e6d8,2020_Townsend,2020,1.0,False,included,compatible_uncensored_replicate,SSCP-67117dc980b1e6d8
PAMPA:4017,GRP-a74f8fb4301cc549,2020_Townsend,2020,1.0,False,included,compatible_uncensored_replicate,SSCP-a74f8fb4301cc549
PAMPA:4018,GRP-f8b7e23d034bfeb7,2020_Townsend,2020,1.0,False,included,compatible_uncensored_replicate,SSCP-f8b7e23d034bfeb7
PAMPA:4019,GRP-5ccb419450d54c2a,2020_Townsend,2020,1.0,False,included,compatible_uncensored_replicate,SSCP-5ccb419450d54c2a
PAMPA:4020,GRP-5ab591a503159e72,2020_Townsend,2020,1.0,False,included,compatible_uncensored_replicate,SSCP-5ab591a503159e72
PAMPA:4021,GRP-5cc22ba879dad7d2,2020_Townsend,2020,1.0,False,included,compatible_uncensored_replicate,SSCP-5cc22ba879dad7d2
PAMPA:4022,GRP-de792fe317a6ab5d,2020_Townsend,2020,1.0,False,included,compatible_uncensored_replicate,SSCP-de792fe317a6ab5d
PAMPA:4023,GRP-1fccd4e2970537ff,2020_Townsend,2020,1.0,True,excluded,irrecoverably_censored_or_missing_label,
PAMPA:4024,GRP-e21432e77f3a4b75,2020_Townsend,2020,1.0,False,included,compatible_uncensored_replicate,SSCP-e21432e77f3a4b75
PAMPA:4025,GRP-02915bfaebbe09bd,2020_Townsend,2020,1.0,False,included,compatible_uncensored_replicate,SSCP-02915bfaebbe09bd
PAMPA:4026,GRP-362aa1a2cb9291f5,2020_Townsend,2020,1.0,False,included,compatible_uncensored_replicate,SSCP-362aa1a2cb9291f5
PAMPA:4027,GRP-13a73124b7518ef8,2020_Townsend,2020,1.0,False,included,compatible_uncensored_replicate,SSCP-13a73124b7518ef8
PAMPA:4028,GRP-d86229d7a0461632,2020_Townsend,2020,1.0,False,included,compatible_uncensored_replicate,SSCP-d86229d7a0461632
PAMPA:4029,GRP-a2f8e5eb1265fda7,2020_Townsend,2020,1.0,False,included,compatible_uncensored_replicate,SSCP-a2f8e5eb1265fda7
PAMPA:4030,GRP-4751967b5e948fdd,2020_Townsend,2020,1.0,False,included,compatible_uncensored_replicate,SSCP-4751967b5e948fdd
PAMPA:4031,GRP-101114b7bec35ca5,2020_Townsend,2020,1.0,False,included,compatible_uncensored_replicate,SSCP-101114b7bec35ca5
PAMPA:4032,GRP-b71006345e37dbb7,2020_Townsend,2020,1.0,False,included,compatible_uncensored_replicate,SSCP-b71006345e37dbb7
PAMPA:4033,GRP-75f4a3afe03fbdda,2020_Townsend,2020,1.0,False,included,compatible_uncensored_replicate,SSCP-75f4a3afe03fbdda
PAMPA:4034,GRP-5c67b17006b8de79,2020_Townsend,2020,1.0,False,included,compatible_uncensored_replicate,SSCP-5c67b17006b8de79
PAMPA:4035,GRP-36c39590183b08da,2020_Townsend,2020,1.0,False,included,compatible_uncensored_replicate,SSCP-36c39590183b08da
PAMPA:4036,GRP-1bffda4bddef8670,2020_Townsend,2020,1.0,True,excluded,irrecoverably_censored_or_missing_label,
PAMPA:4037,GRP-2f11073e5c0746be,2020_Townsend,2020,1.0,False,included,compatible_uncensored_replicate,SSCP-2f11073e5c0746be
PAMPA:4038,GRP-6de423d02720227a,2020_Townsend,2020,1.0,False,included,compatible_uncensored_replicate,SSCP-6de423d02720227a
PAMPA:4039,GRP-c2b7796dd7a8e0ac,2020_Townsend,2020,1.0,False,included,compatible_uncensored_replicate,SSCP-c2b7796dd7a8e0ac
PAMPA:4040,GRP-0fc64047996ee95f,2020_Townsend,2020,1.0,False,included,compatible_uncensored_replicate,SSCP-0fc64047996ee95f
PAMPA:4041,GRP-039e99ecc6ba247c,2020_Townsend,2020,1.0,False,included,compatible_uncensored_replicate,SSCP-039e99ecc6ba247c
PAMPA:4042,GRP-145fe8c61fd24cac,2020_Townsend,2020,1.0,False,included,compatible_uncensored_replicate,SSCP-145fe8c61fd24cac
PAMPA:4043,GRP-0d264be69bfe5ec3,2020_Townsend,2020,1.0,True,excluded,irrecoverably_censored_or_missing_label,
PAMPA:4044,GRP-b10cbbbca226fc2a,2020_Townsend,2020,1.0,True,excluded,irrecoverably_censored_or_missing_label,
PAMPA:4045,GRP-bee303442b20008f,2020_Townsend,2020,1.0,False,included,compatible_uncensored_replicate,SSCP-bee303442b20008f
PAMPA:4046,GRP-6927d7fdfca5685d,2020_Townsend,2020,1.0,False,included,compatible_uncensored_replicate,SSCP-6927d7fdfca5685d
PAMPA:4047,GRP-58a4114ba572beb5,2020_Townsend,2020,1.0,False,included,compatible_uncensored_replicate,SSCP-58a4114ba572beb5
PAMPA:4048,GRP-af43333260ae9cd8,2020_Townsend,2020,1.0,False,included,compatible_uncensored_replicate,SSCP-af43333260ae9cd8
PAMPA:4049,GRP-d9267b87d85ff09a,2020_Townsend,2020,1.0,False,included,compatible_uncensored_replicate,SSCP-d9267b87d85ff09a
PAMPA:4050,GRP-164429e32260deb5,2020_Townsend,2020,1.0,False,included,compatible_uncensored_replicate,SSCP-164429e32260deb5
PAMPA:4051,GRP-0173b321125643d3,2020_Townsend,2020,1.0,False,included,compatible_uncensored_replicate,SSCP-0173b321125643d3
PAMPA:4052,GRP-b2c8d93f21ffdc78,2020_Townsend,2020,1.0,False,included,compatible_uncensored_replicate,SSCP-b2c8d93f21ffdc78
PAMPA:4053,GRP-30044ff81fec9f22,2020_Townsend,2020,1.0,False,included,compatible_uncensored_replicate,SSCP-30044ff81fec9f22
PAMPA:4054,GRP-ba2bcdae1b049a38,2020_Townsend,2020,1.0,False,included,compatible_uncensored_replicate,SSCP-ba2bcdae1b049a38
PAMPA:4055,GRP-134cba193e54d078,2020_Townsend,2020,1.0,False,included,compatible_uncensored_replicate,SSCP-134cba193e54d078
PAMPA:4056,GRP-404241eb5300588a,2020_Townsend,2020,1.0,False,included,compatible_uncensored_replicate,SSCP-404241eb5300588a
PAMPA:4057,GRP-9d49113764fe7ae8,2020_Townsend,2020,1.0,False,included,compatible_uncensored_replicate,SSCP-9d49113764fe7ae8
PAMPA:4058,GRP-4d8142a46bc59c4d,2020_Townsend,2020,1.0,False,included,compatible_uncensored_replicate,SSCP-4d8142a46bc59c4d
PAMPA:4059,GRP-938ad587d1d57a41,2020_Townsend,2020,1.0,False,included,compatible_uncensored_replicate,SSCP-938ad587d1d57a41
PAMPA:4060,GRP-5d41c4fb7ca70a9c,2020_Townsend,2020,1.0,False,included,compatible_uncensored_replicate,SSCP-5d41c4fb7ca70a9c
PAMPA:4061,GRP-be262982e3682924,2020_Townsend,2020,1.0,False,included,compatible_uncensored_replicate,SSCP-be262982e3682924
PAMPA:4062,GRP-5706801c7b224e22,2020_Townsend,2020,1.0,False,included,compatible_uncensored_replicate,SSCP-5706801c7b224e22
PAMPA:4063,GRP-e296b72d472376ba,2020_Townsend,2020,1.0,False,included,compatible_uncensored_replicate,SSCP-e296b72d472376ba
PAMPA:4064,GRP-1dba4f41e41368af,2020_Townsend,2020,1.0,False,included,compatible_uncensored_replicate,SSCP-1dba4f41e41368af
PAMPA:4065,GRP-010a71a703626e4e,2020_Townsend,2020,1.0,False,included,compatible_uncensored_replicate,SSCP-010a71a703626e4e
PAMPA:4066,GRP-9fed2bcbd11b091e,2020_Townsend,2020,1.0,False,included,compatible_uncensored_replicate,SSCP-9fed2bcbd11b091e
PAMPA:4067,GRP-fcdb420eed802954,2020_Townsend,2020,1.0,False,included,compatible_uncensored_replicate,SSCP-fcdb420eed802954
PAMPA:4068,GRP-2613bfa1be2885ba,2020_Townsend,2020,1.0,False,included,compatible_uncensored_replicate,SSCP-2613bfa1be2885ba
PAMPA:4069,GRP-b38087aec48f8299,2020_Townsend,2020,1.0,False,included,compatible_uncensored_replicate,SSCP-b38087aec48f8299
PAMPA:4070,GRP-773b8a7a703e454a,2020_Townsend,2020,1.0,False,included,compatible_uncensored_replicate,SSCP-773b8a7a703e454a
PAMPA:4071,GRP-0954a93f474638b8,2020_Townsend,2020,1.0,False,included,compatible_uncensored_replicate,SSCP-0954a93f474638b8
PAMPA:4072,GRP-fd094b195496a769,2020_Townsend,2020,1.0,False,included,compatible_uncensored_replicate,SSCP-fd094b195496a769
PAMPA:4073,GRP-de49588806d0658b,2020_Townsend,2020,1.0,True,excluded,irrecoverably_censored_or_missing_label,
PAMPA:4074,GRP-aab72fa141f195a2,2020_Townsend,2020,1.0,False,included,compatible_uncensored_replicate,SSCP-aab72fa141f195a2
PAMPA:4075,GRP-95a6d12c9f68ad74,2020_Townsend,2020,1.0,False,included,compatible_uncensored_replicate,SSCP-95a6d12c9f68ad74
PAMPA:4076,GRP-d69563c6e282ea8c,2020_Townsend,2020,1.0,False,included,compatible_uncensored_replicate,SSCP-d69563c6e282ea8c
PAMPA:4077,GRP-bbaa72f1a601307f,2020_Townsend,2020,1.0,False,included,compatible_uncensored_replicate,SSCP-bbaa72f1a601307f
PAMPA:4078,GRP-fe0bf98a3d3f48d9,2020_Townsend,2020,1.0,True,excluded,irrecoverably_censored_or_missing_label,
PAMPA:4079,GRP-9599de33a17a48e0,2020_Townsend,2020,1.0,False,included,compatible_uncensored_replicate,SSCP-9599de33a17a48e0
PAMPA:4080,GRP-72b12cf52d3043cd,2020_Townsend,2020,1.0,False,included,compatible_uncensored_replicate,SSCP-72b12cf52d3043cd
PAMPA:4081,GRP-12600ab00543c476,2020_Townsend,2020,1.0,False,included,compatible_uncensored_replicate,SSCP-12600ab00543c476
PAMPA:4082,GRP-af95173ad5e1a8c1,2020_Townsend,2020,1.0,False,included,compatible_uncensored_replicate,SSCP-af95173ad5e1a8c1
PAMPA:4083,GRP-dd9fd504e8d10ed1,2020_Townsend,2020,1.0,False,included,compatible_uncensored_replicate,SSCP-dd9fd504e8d10ed1
PAMPA:4084,GRP-54be08e588e1ba33,2020_Townsend,2020,1.0,False,included,compatible_uncensored_replicate,SSCP-54be08e588e1ba33
PAMPA:4085,GRP-dc4c1cebc4e43aea,2020_Townsend,2020,1.0,False,included,compatible_uncensored_replicate,SSCP-dc4c1cebc4e43aea
PAMPA:4086,GRP-8dfdbf929bbb4ed8,2020_Townsend,2020,1.0,False,included,compatible_uncensored_replicate,SSCP-8dfdbf929bbb4ed8
PAMPA:4087,GRP-856d54703b18427e,2020_Townsend,2020,1.0,False,included,compatible_uncensored_replicate,SSCP-856d54703b18427e
PAMPA:4088,GRP-9231e03984b0c9b1,2020_Townsend,2020,1.0,False,included,compatible_uncensored_replicate,SSCP-9231e03984b0c9b1
PAMPA:4089,GRP-902cdd1b969a3b97,2020_Townsend,2020,1.0,False,included,compatible_uncensored_replicate,SSCP-902cdd1b969a3b97
PAMPA:4090,GRP-1ebe21a529bd0dc9,2020_Townsend,2020,1.0,False,included,compatible_uncensored_replicate,SSCP-1ebe21a529bd0dc9
PAMPA:4091,GRP-37778e8d47bc39d4,2020_Townsend,2020,1.0,False,included,compatible_uncensored_replicate,SSCP-37778e8d47bc39d4
PAMPA:4092,GRP-264fec38b9312475,2020_Townsend,2020,1.0,False,included,compatible_uncensored_replicate,SSCP-264fec38b9312475
PAMPA:4093,GRP-47817dd98e3ec67c,2020_Townsend,2020,1.0,False,included,compatible_uncensored_replicate,SSCP-47817dd98e3ec67c
PAMPA:4094,GRP-c3ce5e35e86eb333,2020_Townsend,2020,1.0,False,included,compatible_uncensored_replicate,SSCP-c3ce5e35e86eb333
PAMPA:4095,GRP-29ac37051bd9af5c,2020_Townsend,2020,1.0,False,included,compatible_uncensored_replicate,SSCP-29ac37051bd9af5c
PAMPA:4096,GRP-0d7c867d902cb141,2020_Townsend,2020,1.0,False,included,compatible_uncensored_replicate,SSCP-0d7c867d902cb141
PAMPA:4097,GRP-541ad98f362df99c,2020_Townsend,2020,1.0,False,included,compatible_uncensored_replicate,SSCP-541ad98f362df99c
PAMPA:4098,GRP-22bb1b090c0973ed,2020_Townsend,2020,1.0,False,included,compatible_uncensored_replicate,SSCP-22bb1b090c0973ed
PAMPA:4099,GRP-ef42516076c53c61,2020_Townsend,2020,1.0,False,included,compatible_uncensored_replicate,SSCP-ef42516076c53c61
PAMPA:4100,GRP-7ffc785e87b7989f,2020_Townsend,2020,1.0,False,included,compatible_uncensored_replicate,SSCP-7ffc785e87b7989f
PAMPA:4101,GRP-8f2760f9d2c9c77d,2020_Townsend,2020,1.0,False,included,compatible_uncensored_replicate,SSCP-8f2760f9d2c9c77d
PAMPA:4102,GRP-d536aa41b9c9785b,2020_Townsend,2020,1.0,False,included,compatible_uncensored_replicate,SSCP-d536aa41b9c9785b
PAMPA:4103,GRP-d00d649680b93c1b,2020_Townsend,2020,1.0,False,included,compatible_uncensored_replicate,SSCP-d00d649680b93c1b
PAMPA:4104,GRP-27430a7cc4d81d90,2020_Townsend,2020,1.0,False,included,compatible_uncensored_replicate,SSCP-27430a7cc4d81d90
PAMPA:4105,GRP-66030863d9495cf3,2020_Townsend,2020,1.0,False,included,compatible_uncensored_replicate,SSCP-66030863d9495cf3
PAMPA:4106,GRP-1992d3811512011f,2020_Townsend,2020,1.0,False,included,compatible_uncensored_replicate,SSCP-1992d3811512011f
PAMPA:4107,GRP-3506f28f9132707a,2020_Townsend,2020,1.0,False,included,compatible_uncensored_replicate,SSCP-3506f28f9132707a
PAMPA:4108,GRP-9094f8e22f63cf84,2020_Townsend,2020,1.0,False,included,compatible_uncensored_replicate,SSCP-9094f8e22f63cf84
PAMPA:4109,GRP-40e3742e6ac284e3,2020_Townsend,2020,1.0,False,included,compatible_uncensored_replicate,SSCP-40e3742e6ac284e3
PAMPA:4110,GRP-7430f5a1fd5d30d3,2020_Townsend,2020,1.0,False,included,compatible_uncensored_replicate,SSCP-7430f5a1fd5d30d3
PAMPA:4111,GRP-3df7609591ff289c,2020_Townsend,2020,1.0,False,included,compatible_uncensored_replicate,SSCP-3df7609591ff289c
PAMPA:4112,GRP-57dfb6ba338e078a,2020_Townsend,2020,1.0,False,included,compatible_uncensored_replicate,SSCP-57dfb6ba338e078a
PAMPA:4113,GRP-9a91bd86fca1ae76,2020_Townsend,2020,1.0,False,included,compatible_uncensored_replicate,SSCP-9a91bd86fca1ae76
PAMPA:4114,GRP-811f3b34be8b6b38,2020_Townsend,2020,1.0,False,included,compatible_uncensored_replicate,SSCP-811f3b34be8b6b38
PAMPA:4115,GRP-a809dbf20196c51f,2020_Townsend,2020,1.0,False,included,compatible_uncensored_replicate,SSCP-a809dbf20196c51f
PAMPA:4116,GRP-05afb13936745902,2020_Townsend,2020,1.0,False,included,compatible_uncensored_replicate,SSCP-05afb13936745902
PAMPA:4117,GRP-9c119691821322b0,2020_Townsend,2020,1.0,False,included,compatible_uncensored_replicate,SSCP-9c119691821322b0
PAMPA:4118,GRP-e76231b2c1b14d71,2020_Townsend,2020,1.0,False,included,compatible_uncensored_replicate,SSCP-e76231b2c1b14d71
PAMPA:4119,GRP-fac36820e275caa3,2020_Townsend,2020,1.0,False,included,compatible_uncensored_replicate,SSCP-fac36820e275caa3
PAMPA:4120,GRP-8ee5e8d5cd7f950a,2020_Townsend,2020,1.0,False,included,compatible_uncensored_replicate,SSCP-8ee5e8d5cd7f950a
PAMPA:4121,GRP-0a07efacba4e847f,2020_Townsend,2020,1.0,False,included,compatible_uncensored_replicate,SSCP-0a07efacba4e847f
PAMPA:4122,GRP-29c827dffda351d0,2020_Townsend,2020,1.0,False,included,compatible_uncensored_replicate,SSCP-29c827dffda351d0
PAMPA:4123,GRP-a1484e3d7df86f75,2020_Townsend,2020,1.0,False,included,compatible_uncensored_replicate,SSCP-a1484e3d7df86f75
PAMPA:4124,GRP-33f7e68cf8ae94fb,2020_Townsend,2020,1.0,False,included,compatible_uncensored_replicate,SSCP-33f7e68cf8ae94fb
PAMPA:4125,GRP-ff61a1e6d8ea28d8,2020_Townsend,2020,1.0,False,included,compatible_uncensored_replicate,SSCP-ff61a1e6d8ea28d8
PAMPA:4126,GRP-d33f4ad74344b300,2020_Townsend,2020,1.0,False,included,compatible_uncensored_replicate,SSCP-d33f4ad74344b300
PAMPA:4127,GRP-9e2fea588e5f83ce,2020_Townsend,2020,1.0,False,included,compatible_uncensored_replicate,SSCP-9e2fea588e5f83ce
PAMPA:4128,GRP-c1e8e522540a3370,2020_Townsend,2020,1.0,False,included,compatible_uncensored_replicate,SSCP-c1e8e522540a3370
PAMPA:4129,GRP-138245443440ff1d,2020_Townsend,2020,1.0,False,included,compatible_uncensored_replicate,SSCP-138245443440ff1d
PAMPA:4130,GRP-e4a10296b94dc1be,2020_Townsend,2020,1.0,False,included,compatible_uncensored_replicate,SSCP-e4a10296b94dc1be
PAMPA:4131,GRP-31153c6ceff95b1d,2020_Townsend,2020,1.0,False,included,compatible_uncensored_replicate,SSCP-31153c6ceff95b1d
PAMPA:4132,GRP-219ea94032f238a8,2020_Townsend,2020,1.0,False,included,compatible_uncensored_replicate,SSCP-219ea94032f238a8
PAMPA:4133,GRP-c547b4af37f4b979,2020_Townsend,2020,1.0,False,included,compatible_uncensored_replicate,SSCP-c547b4af37f4b979
PAMPA:4134,GRP-c74f27c34f1e5725,2020_Townsend,2020,1.0,False,included,compatible_uncensored_replicate,SSCP-c74f27c34f1e5725
PAMPA:4135,GRP-c1c3914e370449d5,2020_Townsend,2020,1.0,False,included,compatible_uncensored_replicate,SSCP-c1c3914e370449d5
PAMPA:4136,GRP-e39fea5beea69b6a,2020_Townsend,2020,1.0,False,included,compatible_uncensored_replicate,SSCP-e39fea5beea69b6a
PAMPA:4137,GRP-5452121b69f3b7c7,2020_Townsend,2020,1.0,False,included,compatible_uncensored_replicate,SSCP-5452121b69f3b7c7
PAMPA:4138,GRP-588ba3f0a789961f,2020_Townsend,2020,1.0,False,included,compatible_uncensored_replicate,SSCP-588ba3f0a789961f
PAMPA:4139,GRP-c46080d32c0542fb,2020_Townsend,2020,1.0,False,included,compatible_uncensored_replicate,SSCP-c46080d32c0542fb
PAMPA:4140,GRP-193411b60bdb5fe5,2020_Townsend,2020,1.0,False,included,compatible_uncensored_replicate,SSCP-193411b60bdb5fe5
PAMPA:4141,GRP-7c76808d2e408f41,2020_Townsend,2020,1.0,False,included,compatible_uncensored_replicate,SSCP-7c76808d2e408f41
PAMPA:4142,GRP-6dfbb11024b3a6da,2020_Townsend,2020,1.0,False,included,compatible_uncensored_replicate,SSCP-6dfbb11024b3a6da
PAMPA:4143,GRP-d1467ae0af7ff6ba,2020_Townsend,2020,1.0,False,included,compatible_uncensored_replicate,SSCP-d1467ae0af7ff6ba
PAMPA:4144,GRP-24dd688985743ecb,2020_Townsend,2020,1.0,False,included,compatible_uncensored_replicate,SSCP-24dd688985743ecb
PAMPA:4145,GRP-956941046fcfab9d,2020_Townsend,2020,1.0,False,included,compatible_uncensored_replicate,SSCP-956941046fcfab9d
PAMPA:4146,GRP-11021d9b48ee8a2e,2020_Townsend,2020,1.0,False,included,compatible_uncensored_replicate,SSCP-11021d9b48ee8a2e
PAMPA:4147,GRP-ecfab2bfdf166fed,2020_Townsend,2020,1.0,False,included,compatible_uncensored_replicate,SSCP-ecfab2bfdf166fed
PAMPA:4148,GRP-df226a8b0bdc4269,2020_Townsend,2020,1.0,True,excluded,irrecoverably_censored_or_missing_label,
PAMPA:4149,GRP-891433e61f6bc6a1,2020_Townsend,2020,1.0,True,excluded,irrecoverably_censored_or_missing_label,
PAMPA:4150,GRP-0bb41cdcb1521a5d,2020_Townsend,2020,1.0,False,included,compatible_uncensored_replicate,SSCP-0bb41cdcb1521a5d
PAMPA:4151,GRP-42913b2b35c62722,2020_Townsend,2020,1.0,False,included,compatible_uncensored_replicate,SSCP-42913b2b35c62722
PAMPA:4152,GRP-b1fefd31900805c2,2020_Townsend,2020,1.0,False,included,compatible_uncensored_replicate,SSCP-b1fefd31900805c2
PAMPA:4153,GRP-0dea3f6b0c808af5,2020_Townsend,2020,1.0,True,excluded,irrecoverably_censored_or_missing_label,
PAMPA:4154,GRP-6161b8440a61431c,2020_Townsend,2020,1.0,False,included,compatible_uncensored_replicate,SSCP-6161b8440a61431c
PAMPA:4155,GRP-0d72277ea37da3dd,2020_Townsend,2020,1.0,False,included,compatible_uncensored_replicate,SSCP-0d72277ea37da3dd
PAMPA:4156,GRP-07bdf9a6de47a56f,2020_Townsend,2020,1.0,False,included,compatible_uncensored_replicate,SSCP-07bdf9a6de47a56f
PAMPA:4157,GRP-f1069a195aa447bb,2020_Townsend,2020,1.0,False,included,compatible_uncensored_replicate,SSCP-f1069a195aa447bb
PAMPA:4158,GRP-c444e8cca906a4dc,2020_Townsend,2020,1.0,False,included,compatible_uncensored_replicate,SSCP-c444e8cca906a4dc
PAMPA:4159,GRP-73885c692f44e7b2,2020_Townsend,2020,1.0,False,included,compatible_uncensored_replicate,SSCP-73885c692f44e7b2
PAMPA:4160,GRP-7ea24a071d03e6cb,2020_Townsend,2020,1.0,False,included,compatible_uncensored_replicate,SSCP-7ea24a071d03e6cb
PAMPA:4161,GRP-7876011b198548a6,2020_Townsend,2020,1.0,False,included,compatible_uncensored_replicate,SSCP-7876011b198548a6
PAMPA:4162,GRP-93451bbe6ba9e7f6,2020_Townsend,2020,1.0,False,included,compatible_uncensored_replicate,SSCP-93451bbe6ba9e7f6
PAMPA:4163,GRP-bcde196dc7c73f3f,2020_Townsend,2020,1.0,False,included,compatible_uncensored_replicate,SSCP-bcde196dc7c73f3f
PAMPA:4164,GRP-0a387cd505763058,2020_Townsend,2020,1.0,False,included,compatible_uncensored_replicate,SSCP-0a387cd505763058
PAMPA:4165,GRP-e3ca7f8113328c27,2020_Townsend,2020,1.0,False,included,compatible_uncensored_replicate,SSCP-e3ca7f8113328c27
PAMPA:4166,GRP-1cdb7f123e5303fc,2020_Townsend,2020,1.0,False,included,compatible_uncensored_replicate,SSCP-1cdb7f123e5303fc
PAMPA:4167,GRP-25607f0e658030cd,2020_Townsend,2020,1.0,False,included,compatible_uncensored_replicate,SSCP-25607f0e658030cd
PAMPA:4168,GRP-b8a21e8b6fc31a1b,2020_Townsend,2020,1.0,False,included,compatible_uncensored_replicate,SSCP-b8a21e8b6fc31a1b
PAMPA:4169,GRP-f8a90cb3d2b34635,2020_Townsend,2020,1.0,False,included,compatible_uncensored_replicate,SSCP-f8a90cb3d2b34635
PAMPA:4170,GRP-6e0c6bfe8dbbbadb,2020_Townsend,2020,1.0,False,included,compatible_uncensored_replicate,SSCP-6e0c6bfe8dbbbadb
PAMPA:4171,GRP-fc8a5a0fbd7da3ca,2020_Townsend,2020,1.0,False,included,compatible_uncensored_replicate,SSCP-fc8a5a0fbd7da3ca
PAMPA:4172,GRP-0fca51197c13be2b,2020_Townsend,2020,1.0,False,included,compatible_uncensored_replicate,SSCP-0fca51197c13be2b
PAMPA:4173,GRP-f5016c98f3a2bc4b,2020_Townsend,2020,1.0,False,included,compatible_uncensored_replicate,SSCP-f5016c98f3a2bc4b
PAMPA:4174,GRP-288769dd69171de1,2020_Townsend,2020,1.0,False,included,compatible_uncensored_replicate,SSCP-288769dd69171de1
PAMPA:4175,GRP-edbfa56ba4233653,2020_Townsend,2020,1.0,False,included,compatible_uncensored_replicate,SSCP-edbfa56ba4233653
PAMPA:4176,GRP-a39f73c3110113af,2020_Townsend,2020,1.0,False,included,compatible_uncensored_replicate,SSCP-a39f73c3110113af
PAMPA:4177,GRP-3cc404781e91cb61,2020_Townsend,2020,1.0,True,excluded,irrecoverably_censored_or_missing_label,
PAMPA:4178,GRP-a27a165c1d4b62b4,2020_Townsend,2020,1.0,False,included,compatible_uncensored_replicate,SSCP-a27a165c1d4b62b4
PAMPA:4179,GRP-37eef880bf9e20ef,2020_Townsend,2020,1.0,False,included,compatible_uncensored_replicate,SSCP-37eef880bf9e20ef
PAMPA:4180,GRP-df3a2e9f1bcdd426,2020_Townsend,2020,1.0,False,included,compatible_uncensored_replicate,SSCP-df3a2e9f1bcdd426
PAMPA:4181,GRP-4273a1f650a30a47,2020_Townsend,2020,1.0,False,included,compatible_uncensored_replicate,SSCP-4273a1f650a30a47
PAMPA:4182,GRP-3aa558f567373a87,2020_Townsend,2020,1.0,False,included,compatible_uncensored_replicate,SSCP-3aa558f567373a87
PAMPA:4183,GRP-8c9a156ff3be6065,2020_Townsend,2020,1.0,False,included,compatible_uncensored_replicate,SSCP-8c9a156ff3be6065
PAMPA:4184,GRP-3098c05f01f28948,2020_Townsend,2020,1.0,False,included,compatible_uncensored_replicate,SSCP-3098c05f01f28948
PAMPA:4185,GRP-82eb7425d89a0e55,2020_Townsend,2020,1.0,False,included,compatible_uncensored_replicate,SSCP-82eb7425d89a0e55
PAMPA:4186,GRP-494170ef00196017,2020_Townsend,2020,1.0,False,included,compatible_uncensored_replicate,SSCP-494170ef00196017
PAMPA:4187,GRP-aa2f76086367acda,2020_Townsend,2020,1.0,False,included,compatible_uncensored_replicate,SSCP-aa2f76086367acda
PAMPA:4188,GRP-b97e5cb97fd8374e,2020_Townsend,2020,1.0,False,included,compatible_uncensored_replicate,SSCP-b97e5cb97fd8374e
PAMPA:4189,GRP-9509ac434b9379a7,2020_Townsend,2020,1.0,False,included,compatible_uncensored_replicate,SSCP-9509ac434b9379a7
PAMPA:4190,GRP-68b93ae93c747b7d,2020_Townsend,2020,1.0,False,included,compatible_uncensored_replicate,SSCP-68b93ae93c747b7d
PAMPA:4191,GRP-6bc806b98b53bc73,2020_Townsend,2020,1.0,False,included,compatible_uncensored_replicate,SSCP-6bc806b98b53bc73
PAMPA:4192,GRP-292e8f38b256033b,2020_Townsend,2020,1.0,False,included,compatible_uncensored_replicate,SSCP-292e8f38b256033b
PAMPA:4193,GRP-5af59f82734992c0,2020_Townsend,2020,1.0,False,included,compatible_uncensored_replicate,SSCP-5af59f82734992c0
PAMPA:4194,GRP-fd78fc0f147dae3c,2020_Townsend,2020,1.0,False,included,compatible_uncensored_replicate,SSCP-fd78fc0f147dae3c
PAMPA:4195,GRP-1c3f1a3bb0b79c33,2020_Townsend,2020,1.0,False,included,compatible_uncensored_replicate,SSCP-1c3f1a3bb0b79c33
PAMPA:4196,GRP-6a4c49dabb8dfdd8,2020_Townsend,2020,1.0,False,included,compatible_uncensored_replicate,SSCP-6a4c49dabb8dfdd8
PAMPA:4197,GRP-82657726b5f4193e,2020_Townsend,2020,1.0,False,included,compatible_uncensored_replicate,SSCP-82657726b5f4193e
PAMPA:4198,GRP-6c98ba8e293779cc,2020_Townsend,2020,1.0,False,included,compatible_uncensored_replicate,SSCP-6c98ba8e293779cc
PAMPA:4199,GRP-0eaf37497e9c9220,2020_Townsend,2020,1.0,False,included,compatible_uncensored_replicate,SSCP-0eaf37497e9c9220
PAMPA:4200,GRP-fef24bced5f0543e,2020_Townsend,2020,1.0,False,included,compatible_uncensored_replicate,SSCP-fef24bced5f0543e
PAMPA:4201,GRP-58dbd6be91d050f8,2020_Townsend,2020,1.0,False,included,compatible_uncensored_replicate,SSCP-58dbd6be91d050f8
PAMPA:4202,GRP-bba1bcd2fa49cbd4,2020_Townsend,2020,1.0,False,included,compatible_uncensored_replicate,SSCP-bba1bcd2fa49cbd4
PAMPA:4203,GRP-4fe0e23479210a38,2020_Townsend,2020,1.0,False,included,compatible_uncensored_replicate,SSCP-4fe0e23479210a38
PAMPA:4204,GRP-d2d375b7f7cfad8b,2020_Townsend,2020,1.0,False,included,compatible_uncensored_replicate,SSCP-d2d375b7f7cfad8b
PAMPA:4205,GRP-d7770381a1e47826,2020_Townsend,2020,1.0,False,included,compatible_uncensored_replicate,SSCP-d7770381a1e47826
PAMPA:4206,GRP-77058fa5de6232eb,2020_Townsend,2020,1.0,False,included,compatible_uncensored_replicate,SSCP-77058fa5de6232eb
PAMPA:4207,GRP-41522db2860da1c1,2020_Townsend,2020,1.0,False,included,compatible_uncensored_replicate,SSCP-41522db2860da1c1
PAMPA:4208,GRP-2648a5bd90edf990,2020_Townsend,2020,1.0,False,included,compatible_uncensored_replicate,SSCP-2648a5bd90edf990
PAMPA:4209,GRP-4e56a87b4c71a71c,2020_Townsend,2020,1.0,False,included,compatible_uncensored_replicate,SSCP-4e56a87b4c71a71c
PAMPA:4210,GRP-ddd68bb1b9bbb400,2020_Townsend,2020,1.0,False,included,compatible_uncensored_replicate,SSCP-ddd68bb1b9bbb400
PAMPA:4211,GRP-ad545f9219a2de3e,2020_Townsend,2020,1.0,False,included,compatible_uncensored_replicate,SSCP-ad545f9219a2de3e
PAMPA:4212,GRP-7492c5302281214f,2020_Townsend,2020,1.0,False,included,compatible_uncensored_replicate,SSCP-7492c5302281214f
PAMPA:4213,GRP-fe965b41c849afd7,2020_Townsend,2020,1.0,False,included,compatible_uncensored_replicate,SSCP-fe965b41c849afd7
PAMPA:4214,GRP-34296176fe1a5e40,2020_Townsend,2020,1.0,False,included,compatible_uncensored_replicate,SSCP-34296176fe1a5e40
PAMPA:4215,GRP-2aa3446c5cac6499,2020_Townsend,2020,1.0,True,excluded,irrecoverably_censored_or_missing_label,
PAMPA:4216,GRP-3932b683ceb6d11c,2020_Townsend,2020,1.0,False,included,compatible_uncensored_replicate,SSCP-3932b683ceb6d11c
PAMPA:4217,GRP-aec8c5eda2063620,2020_Townsend,2020,1.0,False,included,compatible_uncensored_replicate,SSCP-aec8c5eda2063620
PAMPA:4218,GRP-aed06bd2bb6e8b50,2020_Townsend,2020,1.0,False,included,compatible_uncensored_replicate,SSCP-aed06bd2bb6e8b50
PAMPA:4219,GRP-0420624ef0aa5971,2020_Townsend,2020,1.0,False,included,compatible_uncensored_replicate,SSCP-0420624ef0aa5971
PAMPA:4220,GRP-06ba46d4ff0ffcd3,2020_Townsend,2020,1.0,False,included,compatible_uncensored_replicate,SSCP-06ba46d4ff0ffcd3
PAMPA:4221,GRP-f1328d37a748e807,2020_Townsend,2020,1.0,False,included,compatible_uncensored_replicate,SSCP-f1328d37a748e807
PAMPA:4222,GRP-8f8c12f42a5203ef,2020_Townsend,2020,1.0,False,included,compatible_uncensored_replicate,SSCP-8f8c12f42a5203ef
PAMPA:4223,GRP-991fcd176912ba06,2020_Townsend,2020,1.0,True,excluded,irrecoverably_censored_or_missing_label,
PAMPA:4224,GRP-8a8be1309b983678,2020_Townsend,2020,1.0,False,included,compatible_uncensored_replicate,SSCP-8a8be1309b983678
PAMPA:4225,GRP-e756b20919011c6e,2020_Townsend,2020,1.0,False,included,compatible_uncensored_replicate,SSCP-e756b20919011c6e
PAMPA:4226,GRP-1b3c58d0f7beb081,2020_Townsend,2020,1.0,False,included,compatible_uncensored_replicate,SSCP-1b3c58d0f7beb081
PAMPA:4227,GRP-5eb7a09b83f44039,2020_Townsend,2020,1.0,False,included,compatible_uncensored_replicate,SSCP-5eb7a09b83f44039
PAMPA:4228,GRP-386b2439d354c1fd,2020_Townsend,2020,1.0,False,included,compatible_uncensored_replicate,SSCP-386b2439d354c1fd
PAMPA:4229,GRP-8011fac22bb116f4,2020_Townsend,2020,1.0,False,included,compatible_uncensored_replicate,SSCP-8011fac22bb116f4
PAMPA:4230,GRP-0bd5362079f76a9c,2020_Townsend,2020,1.0,False,included,compatible_uncensored_replicate,SSCP-0bd5362079f76a9c
PAMPA:4231,GRP-ef42ff10ae6b841b,2020_Townsend,2020,1.0,False,included,compatible_uncensored_replicate,SSCP-ef42ff10ae6b841b
PAMPA:4232,GRP-7fa50e90d964fe4f,2020_Townsend,2020,1.0,True,excluded,irrecoverably_censored_or_missing_label,
PAMPA:4233,GRP-74dabec5fc831c67,2020_Townsend,2020,1.0,False,included,compatible_uncensored_replicate,SSCP-74dabec5fc831c67
PAMPA:4234,GRP-631e86522259a1aa,2020_Townsend,2020,1.0,False,included,compatible_uncensored_replicate,SSCP-631e86522259a1aa
PAMPA:4235,GRP-551b5d420a31fd41,2020_Townsend,2020,1.0,False,included,compatible_uncensored_replicate,SSCP-551b5d420a31fd41
PAMPA:4236,GRP-2805d818397133d3,2020_Townsend,2020,1.0,False,included,compatible_uncensored_replicate,SSCP-2805d818397133d3
PAMPA:4237,GRP-b5b8fcbb03ef1824,2020_Townsend,2020,1.0,False,included,compatible_uncensored_replicate,SSCP-b5b8fcbb03ef1824
PAMPA:4238,GRP-97762c6c24c21954,2020_Townsend,2020,1.0,False,included,compatible_uncensored_replicate,SSCP-97762c6c24c21954
PAMPA:4239,GRP-e91fa02a382fb4a0,2020_Townsend,2020,1.0,False,included,compatible_uncensored_replicate,SSCP-e91fa02a382fb4a0
PAMPA:4240,GRP-60dbc5a97b8de07a,2020_Townsend,2020,1.0,False,included,compatible_uncensored_replicate,SSCP-60dbc5a97b8de07a
PAMPA:4241,GRP-67c540fa78e3fbe5,2020_Townsend,2020,1.0,False,included,compatible_uncensored_replicate,SSCP-67c540fa78e3fbe5
PAMPA:4242,GRP-ba453cb8409b3456,2020_Townsend,2020,1.0,False,included,compatible_uncensored_replicate,SSCP-ba453cb8409b3456
PAMPA:4243,GRP-f3339c9ff14b36f3,2020_Townsend,2020,1.0,False,included,compatible_uncensored_replicate,SSCP-f3339c9ff14b36f3
PAMPA:4244,GRP-b095d6c196c47ff1,2020_Townsend,2020,1.0,True,excluded,irrecoverably_censored_or_missing_label,
PAMPA:4245,GRP-1c79bf59e457aeb2,2020_Townsend,2020,1.0,False,included,compatible_uncensored_replicate,SSCP-1c79bf59e457aeb2
PAMPA:4246,GRP-20f285a14493bde7,2020_Townsend,2020,1.0,False,included,compatible_uncensored_replicate,SSCP-20f285a14493bde7
PAMPA:4247,GRP-41bb07892c797470,2020_Townsend,2020,1.0,False,included,compatible_uncensored_replicate,SSCP-41bb07892c797470
PAMPA:4248,GRP-f57bbb66513f54f7,2020_Townsend,2020,1.0,False,included,compatible_uncensored_replicate,SSCP-f57bbb66513f54f7
PAMPA:4249,GRP-969a21950c11ea89,2020_Townsend,2020,1.0,False,included,compatible_uncensored_replicate,SSCP-969a21950c11ea89
PAMPA:4250,GRP-8472a4416c791108,2020_Townsend,2020,1.0,False,included,compatible_uncensored_replicate,SSCP-8472a4416c791108
PAMPA:4251,GRP-f2e8501889cbd419,2020_Townsend,2020,1.0,False,included,compatible_uncensored_replicate,SSCP-f2e8501889cbd419
PAMPA:4252,GRP-e9aee796de3f16b8,2020_Townsend,2020,1.0,False,included,compatible_uncensored_replicate,SSCP-e9aee796de3f16b8
PAMPA:4253,GRP-61bbc0abf2946e17,2020_Townsend,2020,1.0,False,included,compatible_uncensored_replicate,SSCP-61bbc0abf2946e17
PAMPA:4254,GRP-94788a3502b76f03,2020_Townsend,2020,1.0,False,included,compatible_uncensored_replicate,SSCP-94788a3502b76f03
PAMPA:4255,GRP-0ecdb255f5eec3c9,2020_Townsend,2020,1.0,False,included,compatible_uncensored_replicate,SSCP-0ecdb255f5eec3c9
PAMPA:4256,GRP-ffdcccb2614725bf,2020_Townsend,2020,1.0,False,included,compatible_uncensored_replicate,SSCP-ffdcccb2614725bf
PAMPA:4257,GRP-1fff3cd694ddd07a,2020_Townsend,2020,1.0,False,included,compatible_uncensored_replicate,SSCP-1fff3cd694ddd07a
PAMPA:4258,GRP-bdb30075b42ea147,2020_Townsend,2020,1.0,False,included,compatible_uncensored_replicate,SSCP-bdb30075b42ea147
PAMPA:4259,GRP-5c91304898727a49,2020_Townsend,2020,1.0,False,included,compatible_uncensored_replicate,SSCP-5c91304898727a49
PAMPA:4260,GRP-9a5a6b28b784a7b4,2020_Townsend,2020,1.0,True,excluded,irrecoverably_censored_or_missing_label,
PAMPA:4261,GRP-5daa7de5cc883dac,2020_Townsend,2020,1.0,False,included,compatible_uncensored_replicate,SSCP-5daa7de5cc883dac
PAMPA:4262,GRP-b65d9188e88bee00,2020_Townsend,2020,1.0,False,included,compatible_uncensored_replicate,SSCP-b65d9188e88bee00
PAMPA:4263,GRP-f5a800a250bd18e3,2020_Townsend,2020,1.0,False,included,compatible_uncensored_replicate,SSCP-f5a800a250bd18e3
PAMPA:4264,GRP-eacc4a39e0f5232d,2020_Townsend,2020,1.0,True,excluded,irrecoverably_censored_or_missing_label,
PAMPA:4265,GRP-62ac4312afcef89d,2020_Townsend,2020,1.0,True,excluded,irrecoverably_censored_or_missing_label,
PAMPA:4266,GRP-f8510a7b38eaee15,2020_Townsend,2020,1.0,False,included,compatible_uncensored_replicate,SSCP-f8510a7b38eaee15
PAMPA:4267,GRP-64801f0f766820e0,2020_Townsend,2020,1.0,False,included,compatible_uncensored_replicate,SSCP-64801f0f766820e0
PAMPA:4268,GRP-e03bb6caca463d34,2020_Townsend,2020,1.0,False,included,compatible_uncensored_replicate,SSCP-e03bb6caca463d34
PAMPA:4269,GRP-926c7ea75aeb8fac,2020_Townsend,2020,1.0,False,included,compatible_uncensored_replicate,SSCP-926c7ea75aeb8fac
PAMPA:4270,GRP-36f497d1b25aad2d,2020_Townsend,2020,1.0,False,included,compatible_uncensored_replicate,SSCP-36f497d1b25aad2d
PAMPA:4271,GRP-45c52364343205a9,2020_Townsend,2020,1.0,False,included,compatible_uncensored_replicate,SSCP-45c52364343205a9
PAMPA:4272,GRP-7222eab2b27d4e24,2020_Townsend,2020,1.0,False,included,compatible_uncensored_replicate,SSCP-7222eab2b27d4e24
PAMPA:4273,GRP-6c74efa2f336d316,2020_Townsend,2020,1.0,False,included,compatible_uncensored_replicate,SSCP-6c74efa2f336d316
PAMPA:4274,GRP-c014a502196bd08f,2020_Townsend,2020,1.0,True,excluded,irrecoverably_censored_or_missing_label,
PAMPA:4275,GRP-b48804e080a7b941,2020_Townsend,2020,1.0,False,included,compatible_uncensored_replicate,SSCP-b48804e080a7b941
PAMPA:4276,GRP-7df9b10a25f791fe,2020_Townsend,2020,1.0,False,included,compatible_uncensored_replicate,SSCP-7df9b10a25f791fe
PAMPA:4277,GRP-8b932901c7bbf298,2020_Townsend,2020,1.0,True,excluded,irrecoverably_censored_or_missing_label,
PAMPA:4278,GRP-fb4c6ef3dc36820b,2020_Townsend,2020,1.0,False,included,compatible_uncensored_replicate,SSCP-fb4c6ef3dc36820b
PAMPA:4279,GRP-49ed9ec63533aa38,2020_Townsend,2020,1.0,False,included,compatible_uncensored_replicate,SSCP-49ed9ec63533aa38
PAMPA:4280,GRP-b1aadc81e4e3b863,2020_Townsend,2020,1.0,True,excluded,irrecoverably_censored_or_missing_label,
PAMPA:4281,GRP-6ed26ee574ecdee9,2020_Townsend,2020,1.0,False,included,compatible_uncensored_replicate,SSCP-6ed26ee574ecdee9
PAMPA:4282,GRP-51f0114d0c2d42d3,2020_Townsend,2020,1.0,False,included,compatible_uncensored_replicate,SSCP-51f0114d0c2d42d3
PAMPA:4283,GRP-656970636682393b,2020_Townsend,2020,1.0,False,included,compatible_uncensored_replicate,SSCP-656970636682393b
PAMPA:4284,GRP-05166ae6edf0d214,2020_Townsend,2020,1.0,False,included,compatible_uncensored_replicate,SSCP-05166ae6edf0d214
PAMPA:4285,GRP-af90afbb835e5548,2020_Townsend,2020,1.0,False,included,compatible_uncensored_replicate,SSCP-af90afbb835e5548
PAMPA:4286,GRP-d9872a8bbb414e21,2020_Townsend,2020,1.0,False,included,compatible_uncensored_replicate,SSCP-d9872a8bbb414e21
PAMPA:4287,GRP-fad41f1e8146df89,2020_Townsend,2020,1.0,False,included,compatible_uncensored_replicate,SSCP-fad41f1e8146df89
PAMPA:4288,GRP-b2ba90a9d42618ab,2020_Townsend,2020,1.0,True,excluded,irrecoverably_censored_or_missing_label,
PAMPA:4289,GRP-909f9a58145e8910,2020_Townsend,2020,1.0,False,included,compatible_uncensored_replicate,SSCP-909f9a58145e8910
PAMPA:4290,GRP-a9edf67e2a887478,2020_Townsend,2020,1.0,False,included,compatible_uncensored_replicate,SSCP-a9edf67e2a887478
PAMPA:4291,GRP-b6f798130f72ba93,2020_Townsend,2020,1.0,False,included,compatible_uncensored_replicate,SSCP-b6f798130f72ba93
PAMPA:4292,GRP-cfe3ac012655376c,2020_Townsend,2020,1.0,False,included,compatible_uncensored_replicate,SSCP-cfe3ac012655376c
PAMPA:4293,GRP-6f8307c0737adad3,2020_Townsend,2020,1.0,False,included,compatible_uncensored_replicate,SSCP-6f8307c0737adad3
PAMPA:4294,GRP-09427946de8095ef,2020_Townsend,2020,1.0,False,included,compatible_uncensored_replicate,SSCP-09427946de8095ef
PAMPA:4295,GRP-75c7af7c090c9b83,2020_Townsend,2020,1.0,False,included,compatible_uncensored_replicate,SSCP-75c7af7c090c9b83
PAMPA:4296,GRP-79e94cd8cfcac9a9,2020_Townsend,2020,1.0,False,included,compatible_uncensored_replicate,SSCP-79e94cd8cfcac9a9
PAMPA:4297,GRP-57cc0a1b512a3a03,2020_Townsend,2020,1.0,False,included,compatible_uncensored_replicate,SSCP-57cc0a1b512a3a03
PAMPA:4298,GRP-2a43141f798d6418,2020_Townsend,2020,1.0,False,included,compatible_uncensored_replicate,SSCP-2a43141f798d6418
PAMPA:4299,GRP-94bb6e4b58162b02,2020_Townsend,2020,1.0,False,included,compatible_uncensored_replicate,SSCP-94bb6e4b58162b02
PAMPA:4300,GRP-ac4d4f2c57b7deef,2020_Townsend,2020,1.0,True,excluded,irrecoverably_censored_or_missing_label,
PAMPA:4301,GRP-952d84b2a2d08469,2020_Townsend,2020,1.0,False,included,compatible_uncensored_replicate,SSCP-952d84b2a2d08469
PAMPA:4302,GRP-b2fa017aa07de22d,2020_Townsend,2020,1.0,False,included,compatible_uncensored_replicate,SSCP-b2fa017aa07de22d
PAMPA:4303,GRP-dd7010c978a95012,2020_Townsend,2020,1.0,False,included,compatible_uncensored_replicate,SSCP-dd7010c978a95012
PAMPA:4304,GRP-09d2283cc6d9aaa9,2020_Townsend,2020,1.0,False,included,compatible_uncensored_replicate,SSCP-09d2283cc6d9aaa9
PAMPA:4305,GRP-b5fd494c72d3eb37,2020_Townsend,2020,1.0,True,excluded,irrecoverably_censored_or_missing_label,
PAMPA:4306,GRP-ad0a6dcf2b5b900a,2020_Townsend,2020,1.0,False,included,compatible_uncensored_replicate,SSCP-ad0a6dcf2b5b900a
PAMPA:4307,GRP-e80e82ec664e097d,2020_Townsend,2020,1.0,False,included,compatible_uncensored_replicate,SSCP-e80e82ec664e097d
PAMPA:4308,GRP-8ade04e9c52962ff,2020_Townsend,2020,1.0,False,included,compatible_uncensored_replicate,SSCP-8ade04e9c52962ff
PAMPA:4309,GRP-88185b72994ff278,2020_Townsend,2020,1.0,False,included,compatible_uncensored_replicate,SSCP-88185b72994ff278
PAMPA:4310,GRP-457f0ecb477caca1,2020_Townsend,2020,1.0,False,included,compatible_uncensored_replicate,SSCP-457f0ecb477caca1
PAMPA:4311,GRP-04c34d4a9a5aa872,2020_Townsend,2020,1.0,False,included,compatible_uncensored_replicate,SSCP-04c34d4a9a5aa872
PAMPA:4312,GRP-5a862276480d10f5,2020_Townsend,2020,1.0,False,included,compatible_uncensored_replicate,SSCP-5a862276480d10f5
PAMPA:4313,GRP-c18b8cccd424a619,2020_Townsend,2020,1.0,False,included,compatible_uncensored_replicate,SSCP-c18b8cccd424a619
PAMPA:4314,GRP-16a2265ff807b972,2020_Townsend,2020,1.0,False,included,compatible_uncensored_replicate,SSCP-16a2265ff807b972
PAMPA:4315,GRP-c33a04d6b761e1df,2020_Townsend,2020,1.0,False,included,compatible_uncensored_replicate,SSCP-c33a04d6b761e1df
PAMPA:4316,GRP-b908c13ab7c1907a,2020_Townsend,2020,1.0,False,included,compatible_uncensored_replicate,SSCP-b908c13ab7c1907a
PAMPA:4317,GRP-f299344c33bb2192,2020_Townsend,2020,1.0,False,included,compatible_uncensored_replicate,SSCP-f299344c33bb2192
PAMPA:4318,GRP-8346ec7aa76a3adf,2020_Townsend,2020,1.0,False,included,compatible_uncensored_replicate,SSCP-8346ec7aa76a3adf
PAMPA:4319,GRP-fff38c7dceeef9b4,2020_Townsend,2020,1.0,False,included,compatible_uncensored_replicate,SSCP-fff38c7dceeef9b4
PAMPA:4320,GRP-4941eb00ba39844d,2020_Townsend,2020,1.0,False,included,compatible_uncensored_replicate,SSCP-4941eb00ba39844d
PAMPA:4321,GRP-94e30d09c8c4e33b,2020_Townsend,2020,1.0,False,included,compatible_uncensored_replicate,SSCP-94e30d09c8c4e33b
PAMPA:4322,GRP-a1e18b3d7e9e55a9,2020_Townsend,2020,1.0,False,included,compatible_uncensored_replicate,SSCP-a1e18b3d7e9e55a9
PAMPA:4323,GRP-1426543d1c76f752,2020_Townsend,2020,1.0,False,included,compatible_uncensored_replicate,SSCP-1426543d1c76f752
PAMPA:4324,GRP-65190655ed61d975,2020_Townsend,2020,1.0,False,included,compatible_uncensored_replicate,SSCP-65190655ed61d975
PAMPA:4325,GRP-1e21c17bf7a55193,2020_Townsend,2020,1.0,False,included,compatible_uncensored_replicate,SSCP-1e21c17bf7a55193
PAMPA:4326,GRP-671015202cd738dd,2020_Townsend,2020,1.0,True,excluded,irrecoverably_censored_or_missing_label,
PAMPA:4327,GRP-36b6f9a0f822da5b,2020_Townsend,2020,1.0,False,included,compatible_uncensored_replicate,SSCP-36b6f9a0f822da5b
PAMPA:4328,GRP-da3fe8d6efe6d077,2020_Townsend,2020,1.0,False,included,compatible_uncensored_replicate,SSCP-da3fe8d6efe6d077
PAMPA:4329,GRP-4a8679dfc3bf70e4,2020_Townsend,2020,1.0,False,included,compatible_uncensored_replicate,SSCP-4a8679dfc3bf70e4
PAMPA:4330,GRP-22c51ae70e7af363,2020_Townsend,2020,1.0,False,included,compatible_uncensored_replicate,SSCP-22c51ae70e7af363
PAMPA:4331,GRP-43306c8295893bd0,2020_Townsend,2020,1.0,False,included,compatible_uncensored_replicate,SSCP-43306c8295893bd0
PAMPA:4332,GRP-006e14887ba7fd42,2020_Townsend,2020,1.0,False,included,compatible_uncensored_replicate,SSCP-006e14887ba7fd42
PAMPA:4333,GRP-dd207fee167252fb,2020_Townsend,2020,1.0,False,included,compatible_uncensored_replicate,SSCP-dd207fee167252fb
PAMPA:4334,GRP-fa72722b2a78ebd5,2020_Townsend,2020,1.0,False,included,compatible_uncensored_replicate,SSCP-fa72722b2a78ebd5
PAMPA:4335,GRP-f1937067e3b0d51d,2020_Townsend,2020,1.0,False,included,compatible_uncensored_replicate,SSCP-f1937067e3b0d51d
PAMPA:4336,GRP-fd65b027c763f7af,2020_Townsend,2020,1.0,False,included,compatible_uncensored_replicate,SSCP-fd65b027c763f7af
PAMPA:4337,GRP-e5fd0392c26dec78,2020_Townsend,2020,1.0,False,included,compatible_uncensored_replicate,SSCP-e5fd0392c26dec78
PAMPA:4338,GRP-aff45221e4a7f54e,2020_Townsend,2020,1.0,False,included,compatible_uncensored_replicate,SSCP-aff45221e4a7f54e
PAMPA:4339,GRP-f702e4b2cf33e4b4,2020_Townsend,2020,1.0,True,excluded,irrecoverably_censored_or_missing_label,
PAMPA:4340,GRP-13f2a9cbea258ef7,2020_Townsend,2020,1.0,False,included,compatible_uncensored_replicate,SSCP-13f2a9cbea258ef7
PAMPA:4341,GRP-0af0edc75f0a961e,2020_Townsend,2020,1.0,False,included,compatible_uncensored_replicate,SSCP-0af0edc75f0a961e
PAMPA:4342,GRP-653a61ad28c24cea,2020_Townsend,2020,1.0,True,excluded,irrecoverably_censored_or_missing_label,
PAMPA:4343,GRP-1f71a83530788b2a,2020_Townsend,2020,1.0,True,excluded,irrecoverably_censored_or_missing_label,
PAMPA:4344,GRP-f9e8852da9ee2a86,2020_Townsend,2020,1.0,False,included,compatible_uncensored_replicate,SSCP-f9e8852da9ee2a86
PAMPA:4345,GRP-5ccce97b7c1f7330,2020_Townsend,2020,1.0,False,included,compatible_uncensored_replicate,SSCP-5ccce97b7c1f7330
PAMPA:4346,GRP-63481d7bd286232a,2020_Townsend,2020,1.0,False,included,compatible_uncensored_replicate,SSCP-63481d7bd286232a
PAMPA:4347,GRP-988e2fd1f21991c8,2020_Townsend,2020,1.0,False,included,compatible_uncensored_replicate,SSCP-988e2fd1f21991c8
PAMPA:4348,GRP-9ec6e053619cc19c,2020_Townsend,2020,1.0,True,excluded,irrecoverably_censored_or_missing_label,
PAMPA:4349,GRP-212a221cdbb7fc7b,2020_Townsend,2020,1.0,False,included,compatible_uncensored_replicate,SSCP-212a221cdbb7fc7b
PAMPA:4350,GRP-19d4687554aaf68c,2020_Townsend,2020,1.0,False,included,compatible_uncensored_replicate,SSCP-19d4687554aaf68c
PAMPA:4351,GRP-56a2a41c0ab946b6,2020_Townsend,2020,1.0,False,included,compatible_uncensored_replicate,SSCP-56a2a41c0ab946b6
PAMPA:4352,GRP-012dfca348758c8c,2020_Townsend,2020,1.0,False,included,compatible_uncensored_replicate,SSCP-012dfca348758c8c
PAMPA:4353,GRP-217112ecbdbb57b0,2020_Townsend,2020,1.0,False,included,compatible_uncensored_replicate,SSCP-217112ecbdbb57b0
PAMPA:4354,GRP-ad10aab54e6e435d,2020_Townsend,2020,1.0,False,included,compatible_uncensored_replicate,SSCP-ad10aab54e6e435d
PAMPA:4355,GRP-f112729d800bc39f,2020_Townsend,2020,1.0,False,included,compatible_uncensored_replicate,SSCP-f112729d800bc39f
PAMPA:4356,GRP-57053cfe11f91cea,2020_Townsend,2020,1.0,False,included,compatible_uncensored_replicate,SSCP-57053cfe11f91cea
PAMPA:4357,GRP-707f43d0a08ef1ef,2020_Townsend,2020,1.0,False,included,compatible_uncensored_replicate,SSCP-707f43d0a08ef1ef
PAMPA:4358,GRP-d5747b3b3f59f148,2020_Townsend,2020,1.0,False,included,compatible_uncensored_replicate,SSCP-d5747b3b3f59f148
PAMPA:4359,GRP-6508bc8e874b5171,2020_Townsend,2020,1.0,False,included,compatible_uncensored_replicate,SSCP-6508bc8e874b5171
PAMPA:4360,GRP-e9fff900594e15b4,2020_Townsend,2020,1.0,False,included,compatible_uncensored_replicate,SSCP-e9fff900594e15b4
PAMPA:4361,GRP-50253b2828d85a1d,2020_Townsend,2020,1.0,False,included,compatible_uncensored_replicate,SSCP-50253b2828d85a1d
PAMPA:4362,GRP-21a7b4c30fd82462,2020_Townsend,2020,1.0,False,included,compatible_uncensored_replicate,SSCP-21a7b4c30fd82462
PAMPA:4363,GRP-78ffcfadacea1ecd,2020_Townsend,2020,1.0,False,included,compatible_uncensored_replicate,SSCP-78ffcfadacea1ecd
PAMPA:4364,GRP-0e7f31dec14b524a,2020_Townsend,2020,1.0,False,included,compatible_uncensored_replicate,SSCP-0e7f31dec14b524a
PAMPA:4365,GRP-02fba89213f6f7ff,2020_Townsend,2020,1.0,False,included,compatible_uncensored_replicate,SSCP-02fba89213f6f7ff
PAMPA:4366,GRP-d6bb8726c75eb66c,2020_Townsend,2020,1.0,True,excluded,irrecoverably_censored_or_missing_label,
PAMPA:4367,GRP-b0b35bdc40ace38e,2020_Townsend,2020,1.0,False,included,compatible_uncensored_replicate,SSCP-b0b35bdc40ace38e
PAMPA:4368,GRP-157bbdde105e8f6c,2020_Townsend,2020,1.0,False,included,compatible_uncensored_replicate,SSCP-157bbdde105e8f6c
PAMPA:4369,GRP-b6fa2ba06e7aa890,2020_Townsend,2020,1.0,False,included,compatible_uncensored_replicate,SSCP-b6fa2ba06e7aa890
PAMPA:4370,GRP-d0cbec70fa4de23c,2020_Townsend,2020,1.0,False,included,compatible_uncensored_replicate,SSCP-d0cbec70fa4de23c
PAMPA:4371,GRP-95bf7d5159b44fe6,2020_Townsend,2020,1.0,False,included,compatible_uncensored_replicate,SSCP-95bf7d5159b44fe6
PAMPA:4372,GRP-1cd87c391e52adc7,2020_Townsend,2020,1.0,True,excluded,irrecoverably_censored_or_missing_label,
PAMPA:4373,GRP-a2f3fcb2fc410da1,2020_Townsend,2020,1.0,False,included,compatible_uncensored_replicate,SSCP-a2f3fcb2fc410da1
PAMPA:4374,GRP-febdf57fab054c81,2020_Townsend,2020,1.0,True,excluded,irrecoverably_censored_or_missing_label,
PAMPA:4375,GRP-5d895ac42fdc8ed0,2020_Townsend,2020,1.0,False,included,compatible_uncensored_replicate,SSCP-5d895ac42fdc8ed0
PAMPA:4376,GRP-d3fd8faea75b7ca3,2020_Townsend,2020,1.0,False,included,compatible_uncensored_replicate,SSCP-d3fd8faea75b7ca3
PAMPA:4377,GRP-a1ee96363963d25e,2020_Townsend,2020,1.0,False,included,compatible_uncensored_replicate,SSCP-a1ee96363963d25e
PAMPA:4378,GRP-b74af286f74fb892,2020_Townsend,2020,1.0,False,included,compatible_uncensored_replicate,SSCP-b74af286f74fb892
PAMPA:4379,GRP-8854b1a56e74bdf6,2020_Townsend,2020,1.0,True,excluded,irrecoverably_censored_or_missing_label,
PAMPA:4380,GRP-5d7a26d81b0a5456,2020_Townsend,2020,1.0,False,included,compatible_uncensored_replicate,SSCP-5d7a26d81b0a5456
PAMPA:4381,GRP-ade390cdad3d36b5,2020_Townsend,2020,1.0,False,included,compatible_uncensored_replicate,SSCP-ade390cdad3d36b5
PAMPA:4382,GRP-f9e00dfadc36b6de,2020_Townsend,2020,1.0,False,included,compatible_uncensored_replicate,SSCP-f9e00dfadc36b6de
PAMPA:4383,GRP-4d6ac799599e25ed,2020_Townsend,2020,1.0,False,included,compatible_uncensored_replicate,SSCP-4d6ac799599e25ed
PAMPA:4384,GRP-89043c140696824b,2020_Townsend,2020,1.0,False,included,compatible_uncensored_replicate,SSCP-89043c140696824b
PAMPA:4385,GRP-12cb1c16665c700a,2020_Townsend,2020,1.0,False,included,compatible_uncensored_replicate,SSCP-12cb1c16665c700a
PAMPA:4386,GRP-4fb269295acdfe86,2020_Townsend,2020,1.0,False,included,compatible_uncensored_replicate,SSCP-4fb269295acdfe86
PAMPA:4387,GRP-90b16342f4b95766,2020_Townsend,2020,1.0,False,included,compatible_uncensored_replicate,SSCP-90b16342f4b95766
PAMPA:4388,GRP-38a659e4123906bc,2020_Townsend,2020,1.0,False,included,compatible_uncensored_replicate,SSCP-38a659e4123906bc
PAMPA:4389,GRP-644ad211c1219554,2020_Townsend,2020,1.0,False,included,compatible_uncensored_replicate,SSCP-644ad211c1219554
PAMPA:4390,GRP-ffa673c5bf7931ea,2020_Townsend,2020,1.0,False,included,compatible_uncensored_replicate,SSCP-ffa673c5bf7931ea
PAMPA:4391,GRP-fe4c7d9bef799e4b,2020_Townsend,2020,1.0,False,included,compatible_uncensored_replicate,SSCP-fe4c7d9bef799e4b
PAMPA:4392,GRP-5c625e1c356673de,2020_Townsend,2020,1.0,False,included,compatible_uncensored_replicate,SSCP-5c625e1c356673de
PAMPA:4393,GRP-bf61a7703544e740,2020_Townsend,2020,1.0,False,included,compatible_uncensored_replicate,SSCP-bf61a7703544e740
PAMPA:4394,GRP-b8b1309741d82cbd,2020_Townsend,2020,1.0,False,included,compatible_uncensored_replicate,SSCP-b8b1309741d82cbd
PAMPA:4395,GRP-7e0bbfcdf69ae09e,2020_Townsend,2020,1.0,False,included,compatible_uncensored_replicate,SSCP-7e0bbfcdf69ae09e
PAMPA:4396,GRP-10b4db971531ccb1,2020_Townsend,2020,1.0,False,included,compatible_uncensored_replicate,SSCP-10b4db971531ccb1
PAMPA:4397,GRP-01386d32d5418ae5,2020_Townsend,2020,1.0,False,included,compatible_uncensored_replicate,SSCP-01386d32d5418ae5
PAMPA:4398,GRP-7f581017f2221bba,2020_Townsend,2020,1.0,False,included,compatible_uncensored_replicate,SSCP-7f581017f2221bba
PAMPA:4399,GRP-6430251cc5371d25,2020_Townsend,2020,1.0,False,included,compatible_uncensored_replicate,SSCP-6430251cc5371d25
PAMPA:4400,GRP-1508847564d3f1b5,2020_Townsend,2020,1.0,False,included,compatible_uncensored_replicate,SSCP-1508847564d3f1b5
PAMPA:4401,GRP-89e2b2566481c1b9,2020_Townsend,2020,1.0,False,included,compatible_uncensored_replicate,SSCP-89e2b2566481c1b9
PAMPA:4402,GRP-a54076ffd1899261,2020_Townsend,2020,1.0,False,included,compatible_uncensored_replicate,SSCP-a54076ffd1899261
PAMPA:4403,GRP-dabdb80a9e49d9a3,2020_Townsend,2020,1.0,False,included,compatible_uncensored_replicate,SSCP-dabdb80a9e49d9a3
PAMPA:4404,GRP-bb4fb15ccf1be883,2020_Townsend,2020,1.0,False,included,compatible_uncensored_replicate,SSCP-bb4fb15ccf1be883
PAMPA:4405,GRP-491a34cdef1ac33b,2020_Townsend,2020,1.0,False,included,compatible_uncensored_replicate,SSCP-491a34cdef1ac33b
PAMPA:4406,GRP-cb4fabae73c3c4c8,2020_Townsend,2020,1.0,False,included,compatible_uncensored_replicate,SSCP-cb4fabae73c3c4c8
PAMPA:4407,GRP-66420910d7b0de3e,2020_Townsend,2020,1.0,False,included,compatible_uncensored_replicate,SSCP-66420910d7b0de3e
PAMPA:4408,GRP-a4e241b9a63340e9,2020_Townsend,2020,1.0,False,included,compatible_uncensored_replicate,SSCP-a4e241b9a63340e9
PAMPA:4409,GRP-ad58988c723da7ab,2020_Townsend,2020,1.0,False,included,compatible_uncensored_replicate,SSCP-ad58988c723da7ab
PAMPA:4410,GRP-67ce854cb79ff867,2020_Townsend,2020,1.0,False,included,compatible_uncensored_replicate,SSCP-67ce854cb79ff867
PAMPA:4411,GRP-262672854eabff8a,2020_Townsend,2020,1.0,False,included,compatible_uncensored_replicate,SSCP-262672854eabff8a
PAMPA:4412,GRP-a68d6f479629c980,2020_Townsend,2020,1.0,False,included,compatible_uncensored_replicate,SSCP-a68d6f479629c980
PAMPA:4413,GRP-5fd2e9bf45f6476d,2020_Townsend,2020,1.0,False,included,compatible_uncensored_replicate,SSCP-5fd2e9bf45f6476d
PAMPA:4414,GRP-40196bdfa9668283,2020_Townsend,2020,1.0,False,included,compatible_uncensored_replicate,SSCP-40196bdfa9668283
PAMPA:4415,GRP-bff4ac797cf87ed2,2020_Townsend,2020,1.0,False,included,compatible_uncensored_replicate,SSCP-bff4ac797cf87ed2
PAMPA:4416,GRP-fb271b8d2e1a1bb4,2020_Townsend,2020,1.0,False,included,compatible_uncensored_replicate,SSCP-fb271b8d2e1a1bb4
PAMPA:4417,GRP-930df227a70bfeea,2020_Townsend,2020,1.0,False,included,compatible_uncensored_replicate,SSCP-930df227a70bfeea
PAMPA:4418,GRP-5a639844aac6f29d,2020_Townsend,2020,1.0,False,included,compatible_uncensored_replicate,SSCP-5a639844aac6f29d
PAMPA:4419,GRP-e4964f2abbeba8e7,2020_Townsend,2020,1.0,False,included,compatible_uncensored_replicate,SSCP-e4964f2abbeba8e7
PAMPA:4420,GRP-968089671a2c98ee,2020_Townsend,2020,1.0,False,included,compatible_uncensored_replicate,SSCP-968089671a2c98ee
PAMPA:4421,GRP-847d96b2cdbef2ed,2020_Townsend,2020,1.0,True,excluded,irrecoverably_censored_or_missing_label,
PAMPA:4422,GRP-31fac3d0793a7fd9,2020_Townsend,2020,1.0,True,excluded,irrecoverably_censored_or_missing_label,
PAMPA:4423,GRP-c56cc0396fbc77c9,2020_Townsend,2020,1.0,False,included,compatible_uncensored_replicate,SSCP-c56cc0396fbc77c9
PAMPA:4424,GRP-aaa19e4dbf9b1b3d,2020_Townsend,2020,1.0,False,included,compatible_uncensored_replicate,SSCP-aaa19e4dbf9b1b3d
PAMPA:4425,GRP-9a018f0c4bd11aca,2020_Townsend,2020,1.0,False,included,compatible_uncensored_replicate,SSCP-9a018f0c4bd11aca
PAMPA:4426,GRP-fea4314407d8010a,2020_Townsend,2020,1.0,False,included,compatible_uncensored_replicate,SSCP-fea4314407d8010a
PAMPA:4427,GRP-0dd861c6276096cc,2020_Townsend,2020,1.0,False,included,compatible_uncensored_replicate,SSCP-0dd861c6276096cc
PAMPA:4428,GRP-1aad0c92d92bc192,2020_Townsend,2020,1.0,True,excluded,irrecoverably_censored_or_missing_label,
PAMPA:4429,GRP-bb4e9c65afa37241,2020_Townsend,2020,1.0,False,included,compatible_uncensored_replicate,SSCP-bb4e9c65afa37241
PAMPA:4430,GRP-e2445277d9858d88,2020_Townsend,2020,1.0,False,included,compatible_uncensored_replicate,SSCP-e2445277d9858d88
PAMPA:4431,GRP-12f05d2962130584,2020_Townsend,2020,1.0,False,included,compatible_uncensored_replicate,SSCP-12f05d2962130584
PAMPA:4432,GRP-31fbdd543aa58085,2020_Townsend,2020,1.0,False,included,compatible_uncensored_replicate,SSCP-31fbdd543aa58085
PAMPA:4433,GRP-eaed04f8ecf9beea,2020_Townsend,2020,1.0,False,included,compatible_uncensored_replicate,SSCP-eaed04f8ecf9beea
PAMPA:4434,GRP-5e775445911eb13d,2020_Townsend,2020,1.0,False,included,compatible_uncensored_replicate,SSCP-5e775445911eb13d
PAMPA:4435,GRP-c340c2ac9eb48721,2020_Townsend,2020,1.0,False,included,compatible_uncensored_replicate,SSCP-c340c2ac9eb48721
PAMPA:4436,GRP-408657e92229bae2,2020_Townsend,2020,1.0,False,included,compatible_uncensored_replicate,SSCP-408657e92229bae2
PAMPA:4437,GRP-7ef79a2dcb2ba48f,2020_Townsend,2020,1.0,False,included,compatible_uncensored_replicate,SSCP-7ef79a2dcb2ba48f
PAMPA:4438,GRP-4dec6c92196855ac,2020_Townsend,2020,1.0,False,included,compatible_uncensored_replicate,SSCP-4dec6c92196855ac
PAMPA:4439,GRP-c69a82f730e52126,2020_Townsend,2020,1.0,False,included,compatible_uncensored_replicate,SSCP-c69a82f730e52126
PAMPA:4440,GRP-27eb3554c4eda60a,2020_Townsend,2020,1.0,False,included,compatible_uncensored_replicate,SSCP-27eb3554c4eda60a
PAMPA:4441,GRP-e569515bf3921810,2020_Townsend,2020,1.0,False,included,compatible_uncensored_replicate,SSCP-e569515bf3921810
PAMPA:4442,GRP-c07cb9a8d6e09222,2020_Townsend,2020,1.0,False,included,compatible_uncensored_replicate,SSCP-c07cb9a8d6e09222
PAMPA:4443,GRP-d2a958dbaafcdc73,2020_Townsend,2020,1.0,False,included,compatible_uncensored_replicate,SSCP-d2a958dbaafcdc73
PAMPA:4444,GRP-ebb9ea9a0e29c29f,2020_Townsend,2020,1.0,True,excluded,irrecoverably_censored_or_missing_label,
PAMPA:4445,GRP-497adc52eb0cbfbb,2020_Townsend,2020,1.0,False,included,compatible_uncensored_replicate,SSCP-497adc52eb0cbfbb
PAMPA:4446,GRP-5c3efbc0b23ee0f6,2020_Townsend,2020,1.0,False,included,compatible_uncensored_replicate,SSCP-5c3efbc0b23ee0f6
PAMPA:4447,GRP-5359503f502a7837,2020_Townsend,2020,1.0,False,included,compatible_uncensored_replicate,SSCP-5359503f502a7837
PAMPA:4448,GRP-0a631805f3778369,2020_Townsend,2020,1.0,False,included,compatible_uncensored_replicate,SSCP-0a631805f3778369
PAMPA:4449,GRP-9309ab610acfdb82,2020_Townsend,2020,1.0,False,included,compatible_uncensored_replicate,SSCP-9309ab610acfdb82
PAMPA:4450,GRP-a6538b36308c6a2d,2020_Townsend,2020,1.0,False,included,compatible_uncensored_replicate,SSCP-a6538b36308c6a2d
PAMPA:4451,GRP-5d78a029d85f3db6,2020_Townsend,2020,1.0,False,included,compatible_uncensored_replicate,SSCP-5d78a029d85f3db6
PAMPA:4452,GRP-96459366243e7248,2020_Townsend,2020,1.0,False,included,compatible_uncensored_replicate,SSCP-96459366243e7248
PAMPA:4453,GRP-1a7278e879ea5806,2020_Townsend,2020,1.0,False,included,compatible_uncensored_replicate,SSCP-1a7278e879ea5806
PAMPA:4454,GRP-979a25537b703915,2020_Townsend,2020,1.0,False,included,compatible_uncensored_replicate,SSCP-979a25537b703915
PAMPA:4455,GRP-d0ae616a7a00aa19,2020_Townsend,2020,1.0,False,included,compatible_uncensored_replicate,SSCP-d0ae616a7a00aa19
PAMPA:4456,GRP-6034c0bae76ae84c,2020_Townsend,2020,1.0,False,included,compatible_uncensored_replicate,SSCP-6034c0bae76ae84c
PAMPA:4457,GRP-880f1d6db1543643,2020_Townsend,2020,1.0,False,included,compatible_uncensored_replicate,SSCP-880f1d6db1543643
PAMPA:4458,GRP-fe70f15e1d935bcb,2020_Townsend,2020,1.0,True,excluded,irrecoverably_censored_or_missing_label,
PAMPA:4459,GRP-d79ba25a7c076b7c,2020_Townsend,2020,1.0,False,included,compatible_uncensored_replicate,SSCP-d79ba25a7c076b7c
PAMPA:4460,GRP-de58d9fbe9d076ec,2020_Townsend,2020,1.0,False,included,compatible_uncensored_replicate,SSCP-de58d9fbe9d076ec
PAMPA:4461,GRP-0a106d2f879bfa80,2020_Townsend,2020,1.0,False,included,compatible_uncensored_replicate,SSCP-0a106d2f879bfa80
PAMPA:4462,GRP-c3f8f38b68cb9d7e,2020_Townsend,2020,1.0,False,included,compatible_uncensored_replicate,SSCP-c3f8f38b68cb9d7e
PAMPA:4463,GRP-2ac0e563f89236e4,2020_Townsend,2020,1.0,False,included,compatible_uncensored_replicate,SSCP-2ac0e563f89236e4
PAMPA:4464,GRP-096c13417ffc5c97,2020_Townsend,2020,1.0,False,included,compatible_uncensored_replicate,SSCP-096c13417ffc5c97
PAMPA:4465,GRP-ca0865374a8da247,2020_Townsend,2020,1.0,False,included,compatible_uncensored_replicate,SSCP-ca0865374a8da247
PAMPA:4466,GRP-38e800b856223d0c,2020_Townsend,2020,1.0,False,included,compatible_uncensored_replicate,SSCP-38e800b856223d0c
PAMPA:4467,GRP-3cd8da1dc0a7fcde,2020_Townsend,2020,1.0,False,included,compatible_uncensored_replicate,SSCP-3cd8da1dc0a7fcde
PAMPA:4468,GRP-6667ba5e44fbbe8f,2020_Townsend,2020,1.0,False,included,compatible_uncensored_replicate,SSCP-6667ba5e44fbbe8f
PAMPA:4469,GRP-4ffa3075ca6a0ea6,2020_Townsend,2020,1.0,False,included,compatible_uncensored_replicate,SSCP-4ffa3075ca6a0ea6
PAMPA:4470,GRP-43003115d1c522e5,2020_Townsend,2020,1.0,False,included,compatible_uncensored_replicate,SSCP-43003115d1c522e5
PAMPA:4471,GRP-94118b77aea4e381,2020_Townsend,2020,1.0,False,included,compatible_uncensored_replicate,SSCP-94118b77aea4e381
PAMPA:4472,GRP-5f6eacb2344bcf20,2020_Townsend,2020,1.0,False,included,compatible_uncensored_replicate,SSCP-5f6eacb2344bcf20
PAMPA:4473,GRP-ea7ca91deac6154f,2020_Townsend,2020,1.0,False,included,compatible_uncensored_replicate,SSCP-ea7ca91deac6154f
PAMPA:4474,GRP-8cd6329480ed1535,2020_Townsend,2020,1.0,True,excluded,irrecoverably_censored_or_missing_label,
PAMPA:4475,GRP-1ac2a5f94831dc53,2020_Townsend,2020,1.0,False,included,compatible_uncensored_replicate,SSCP-1ac2a5f94831dc53
PAMPA:4476,GRP-9e343c807d166b52,2020_Townsend,2020,1.0,True,excluded,irrecoverably_censored_or_missing_label,
PAMPA:4477,GRP-adabf96d7fdbe989,2020_Townsend,2020,1.0,False,included,compatible_uncensored_replicate,SSCP-adabf96d7fdbe989
PAMPA:4478,GRP-ad74acc2bed9f285,2020_Townsend,2020,1.0,False,included,compatible_uncensored_replicate,SSCP-ad74acc2bed9f285
PAMPA:4479,GRP-ceb6c634c1ba25bb,2020_Townsend,2020,1.0,False,included,compatible_uncensored_replicate,SSCP-ceb6c634c1ba25bb
PAMPA:4480,GRP-0082626a74937a23,2020_Townsend,2020,1.0,True,excluded,irrecoverably_censored_or_missing_label,
PAMPA:4481,GRP-c2570b5c72724fcd,2020_Townsend,2020,1.0,True,excluded,irrecoverably_censored_or_missing_label,
PAMPA:4482,GRP-1e00909de1d9c80e,2020_Townsend,2020,1.0,False,included,compatible_uncensored_replicate,SSCP-1e00909de1d9c80e
PAMPA:4483,GRP-be0e7ff200310ebb,2020_Townsend,2020,1.0,False,included,compatible_uncensored_replicate,SSCP-be0e7ff200310ebb
PAMPA:4484,GRP-6c1b479516f51e1c,2020_Townsend,2020,1.0,False,included,compatible_uncensored_replicate,SSCP-6c1b479516f51e1c
PAMPA:4485,GRP-523cba9df755677d,2020_Townsend,2020,1.0,False,included,compatible_uncensored_replicate,SSCP-523cba9df755677d
PAMPA:4486,GRP-ed0d225f3b6aed39,2020_Townsend,2020,1.0,True,excluded,irrecoverably_censored_or_missing_label,
PAMPA:4487,GRP-5997ccd01b1f6be1,2020_Townsend,2020,1.0,False,included,compatible_uncensored_replicate,SSCP-5997ccd01b1f6be1
PAMPA:4488,GRP-f2317c89c567ffdb,2020_Townsend,2020,1.0,False,included,compatible_uncensored_replicate,SSCP-f2317c89c567ffdb
PAMPA:4489,GRP-0ffd61b4bb329303,2020_Townsend,2020,1.0,False,included,compatible_uncensored_replicate,SSCP-0ffd61b4bb329303
PAMPA:4490,GRP-400d8d8d0bda3b99,2020_Townsend,2020,1.0,False,included,compatible_uncensored_replicate,SSCP-400d8d8d0bda3b99
PAMPA:4491,GRP-a89fc18297af2200,2020_Townsend,2020,1.0,False,included,compatible_uncensored_replicate,SSCP-a89fc18297af2200
PAMPA:4492,GRP-1fc8d25289de4723,2020_Townsend,2020,1.0,False,included,compatible_uncensored_replicate,SSCP-1fc8d25289de4723
PAMPA:4493,GRP-5015c342daf2d4ec,2020_Townsend,2020,1.0,True,excluded,irrecoverably_censored_or_missing_label,
PAMPA:4494,GRP-f478b5e613fe8f27,2020_Townsend,2020,1.0,False,included,compatible_uncensored_replicate,SSCP-f478b5e613fe8f27
PAMPA:4495,GRP-c9e4e0f7eb5e924d,2020_Townsend,2020,1.0,True,excluded,irrecoverably_censored_or_missing_label,
PAMPA:4496,GRP-672b66a67d7ddd56,2020_Townsend,2020,1.0,False,included,compatible_uncensored_replicate,SSCP-672b66a67d7ddd56
PAMPA:4497,GRP-d0bc18f936d3cda5,2020_Townsend,2020,1.0,False,included,compatible_uncensored_replicate,SSCP-d0bc18f936d3cda5
PAMPA:4498,GRP-2e38f604d1c4d512,2020_Townsend,2020,1.0,False,included,compatible_uncensored_replicate,SSCP-2e38f604d1c4d512
PAMPA:4499,GRP-5795df8803fae94b,2020_Townsend,2020,1.0,False,included,compatible_uncensored_replicate,SSCP-5795df8803fae94b
PAMPA:4500,GRP-72c0fc6402bbe1d4,2020_Townsend,2020,1.0,False,included,compatible_uncensored_replicate,SSCP-72c0fc6402bbe1d4
PAMPA:4501,GRP-8ea2f1e461b1b494,2020_Townsend,2020,1.0,False,included,compatible_uncensored_replicate,SSCP-8ea2f1e461b1b494
PAMPA:4502,GRP-68f233e4ec79980b,2020_Townsend,2020,1.0,False,included,compatible_uncensored_replicate,SSCP-68f233e4ec79980b
PAMPA:4503,GRP-995dccab363ab9f0,2020_Townsend,2020,1.0,False,included,compatible_uncensored_replicate,SSCP-995dccab363ab9f0
PAMPA:4504,GRP-7618b036ad7fb772,2020_Townsend,2020,1.0,False,included,compatible_uncensored_replicate,SSCP-7618b036ad7fb772
PAMPA:4505,GRP-19f1c4f7e86a571e,2020_Townsend,2020,1.0,False,included,compatible_uncensored_replicate,SSCP-19f1c4f7e86a571e
PAMPA:4506,GRP-d9bfe7d5f2cedcc5,2020_Townsend,2020,1.0,False,included,compatible_uncensored_replicate,SSCP-d9bfe7d5f2cedcc5
PAMPA:4507,GRP-171fd648987218f6,2020_Townsend,2020,1.0,False,included,compatible_uncensored_replicate,SSCP-171fd648987218f6
PAMPA:4508,GRP-ab59e9ae083dd5d2,2020_Townsend,2020,1.0,False,included,compatible_uncensored_replicate,SSCP-ab59e9ae083dd5d2
PAMPA:4509,GRP-a1e739f3a781dc37,2020_Townsend,2020,1.0,False,included,compatible_uncensored_replicate,SSCP-a1e739f3a781dc37
PAMPA:4510,GRP-4bed83c74ef7c6c6,2020_Townsend,2020,1.0,False,included,compatible_uncensored_replicate,SSCP-4bed83c74ef7c6c6
PAMPA:4511,GRP-28bf78422a3e1788,2020_Townsend,2020,1.0,False,included,compatible_uncensored_replicate,SSCP-28bf78422a3e1788
PAMPA:4512,GRP-018fb6e52e679f0f,2020_Townsend,2020,1.0,False,included,compatible_uncensored_replicate,SSCP-018fb6e52e679f0f
PAMPA:4513,GRP-4f65f1f3519f1207,2020_Townsend,2020,1.0,True,excluded,irrecoverably_censored_or_missing_label,
PAMPA:4514,GRP-13697b2f0ef94590,2020_Townsend,2020,1.0,False,included,compatible_uncensored_replicate,SSCP-13697b2f0ef94590
PAMPA:4515,GRP-68db4484f89802c5,2020_Townsend,2020,1.0,False,included,compatible_uncensored_replicate,SSCP-68db4484f89802c5
PAMPA:4516,GRP-66ce401a42f9803a,2020_Townsend,2020,1.0,False,included,compatible_uncensored_replicate,SSCP-66ce401a42f9803a
PAMPA:4517,GRP-20a268f59aad0fdb,2020_Townsend,2020,1.0,False,included,compatible_uncensored_replicate,SSCP-20a268f59aad0fdb
PAMPA:4518,GRP-75e891b9b34a61ff,2020_Townsend,2020,1.0,False,included,compatible_uncensored_replicate,SSCP-75e891b9b34a61ff
PAMPA:4519,GRP-e2caa7bbd2caaab2,2020_Townsend,2020,1.0,False,included,compatible_uncensored_replicate,SSCP-e2caa7bbd2caaab2
PAMPA:4520,GRP-4e0545d0404d2f11,2020_Townsend,2020,1.0,False,included,compatible_uncensored_replicate,SSCP-4e0545d0404d2f11
PAMPA:4521,GRP-d075d65f7247cda4,2020_Townsend,2020,1.0,False,included,compatible_uncensored_replicate,SSCP-d075d65f7247cda4
PAMPA:4522,GRP-8fe286a9345df78a,2020_Townsend,2020,1.0,False,included,compatible_uncensored_replicate,SSCP-8fe286a9345df78a
PAMPA:4523,GRP-853a9e3b6f5d627a,2020_Townsend,2020,1.0,False,included,compatible_uncensored_replicate,SSCP-853a9e3b6f5d627a
PAMPA:4524,GRP-ea57694e6ab91aca,2020_Townsend,2020,1.0,False,included,compatible_uncensored_replicate,SSCP-ea57694e6ab91aca
PAMPA:4525,GRP-8d8d2e5dc17651ef,2020_Townsend,2020,1.0,False,included,compatible_uncensored_replicate,SSCP-8d8d2e5dc17651ef
PAMPA:4526,GRP-700378e20ddf7c6a,2020_Townsend,2020,1.0,False,included,compatible_uncensored_replicate,SSCP-700378e20ddf7c6a
PAMPA:4527,GRP-af0b9b5b72bab94a,2020_Townsend,2020,1.0,False,included,compatible_uncensored_replicate,SSCP-af0b9b5b72bab94a
PAMPA:4528,GRP-06fdb414354a6559,2020_Townsend,2020,1.0,False,included,compatible_uncensored_replicate,SSCP-06fdb414354a6559
PAMPA:4529,GRP-ce362597c8e773f2,2020_Townsend,2020,1.0,False,included,compatible_uncensored_replicate,SSCP-ce362597c8e773f2
PAMPA:4530,GRP-7ef190dc97708f57,2020_Townsend,2020,1.0,False,included,compatible_uncensored_replicate,SSCP-7ef190dc97708f57
PAMPA:4531,GRP-4a1e5c5bfc8ab7d4,2020_Townsend,2020,1.0,False,included,compatible_uncensored_replicate,SSCP-4a1e5c5bfc8ab7d4
PAMPA:4532,GRP-ae8579851ee2cee2,2020_Townsend,2020,1.0,False,included,compatible_uncensored_replicate,SSCP-ae8579851ee2cee2
PAMPA:4533,GRP-b5a7f99548b22979,2020_Townsend,2020,1.0,False,included,compatible_uncensored_replicate,SSCP-b5a7f99548b22979
PAMPA:4534,GRP-62a8cf79f1921884,2020_Townsend,2020,1.0,False,included,compatible_uncensored_replicate,SSCP-62a8cf79f1921884
PAMPA:4535,GRP-a72a85209de0cb9d,2020_Townsend,2020,1.0,False,included,compatible_uncensored_replicate,SSCP-a72a85209de0cb9d
PAMPA:4536,GRP-fa845e834b49e8c5,2020_Townsend,2020,1.0,False,included,compatible_uncensored_replicate,SSCP-fa845e834b49e8c5
PAMPA:4537,GRP-199640d375def1fb,2020_Townsend,2020,1.0,False,included,compatible_uncensored_replicate,SSCP-199640d375def1fb
PAMPA:4538,GRP-100bf8af1c032416,2020_Townsend,2020,1.0,True,excluded,irrecoverably_censored_or_missing_label,
PAMPA:4539,GRP-a65c71b9a0dbcadb,2020_Townsend,2020,1.0,True,excluded,irrecoverably_censored_or_missing_label,
PAMPA:4540,GRP-306c4f1233a49e7a,2020_Townsend,2020,1.0,False,included,compatible_uncensored_replicate,SSCP-306c4f1233a49e7a
PAMPA:4541,GRP-060d068bb3fd5a25,2020_Townsend,2020,1.0,False,included,compatible_uncensored_replicate,SSCP-060d068bb3fd5a25
PAMPA:4542,GRP-13cc0bfc68ce97b4,2020_Townsend,2020,1.0,False,included,compatible_uncensored_replicate,SSCP-13cc0bfc68ce97b4
PAMPA:4543,GRP-5c9d270bd4f6f0b2,2020_Townsend,2020,1.0,False,included,compatible_uncensored_replicate,SSCP-5c9d270bd4f6f0b2
PAMPA:4544,GRP-a247e6a328e31023,2020_Townsend,2020,1.0,False,included,compatible_uncensored_replicate,SSCP-a247e6a328e31023
PAMPA:4545,GRP-03e23f6a5a7af88b,2020_Townsend,2020,1.0,False,included,compatible_uncensored_replicate,SSCP-03e23f6a5a7af88b
PAMPA:4546,GRP-b5f65510d54db8f0,2020_Townsend,2020,1.0,False,included,compatible_uncensored_replicate,SSCP-b5f65510d54db8f0
PAMPA:4547,GRP-b9533012bc46bd45,2020_Townsend,2020,1.0,True,excluded,irrecoverably_censored_or_missing_label,
PAMPA:4548,GRP-1991e0476ab3783b,2020_Townsend,2020,1.0,False,included,compatible_uncensored_replicate,SSCP-1991e0476ab3783b
PAMPA:4549,GRP-e3998734694134b4,2020_Townsend,2020,1.0,False,included,compatible_uncensored_replicate,SSCP-e3998734694134b4
PAMPA:4550,GRP-d400eb57cd6f450a,2020_Townsend,2020,1.0,False,included,compatible_uncensored_replicate,SSCP-d400eb57cd6f450a
PAMPA:4551,GRP-756a0dc41373284e,2020_Townsend,2020,1.0,False,included,compatible_uncensored_replicate,SSCP-756a0dc41373284e
PAMPA:4552,GRP-e74a39f6a8a2acfa,2020_Townsend,2020,1.0,False,included,compatible_uncensored_replicate,SSCP-e74a39f6a8a2acfa
PAMPA:4553,GRP-21fa2f2218eacb60,2020_Townsend,2020,1.0,False,included,compatible_uncensored_replicate,SSCP-21fa2f2218eacb60
PAMPA:4554,GRP-3e8e0b3090a613bb,2020_Townsend,2020,1.0,False,included,compatible_uncensored_replicate,SSCP-3e8e0b3090a613bb
PAMPA:4555,GRP-d5815c8216a2ca81,2020_Townsend,2020,1.0,False,included,compatible_uncensored_replicate,SSCP-d5815c8216a2ca81
PAMPA:4556,GRP-6b2ff343f9b37210,2020_Townsend,2020,1.0,False,included,compatible_uncensored_replicate,SSCP-6b2ff343f9b37210
PAMPA:4557,GRP-b8ad69d240f3bc34,2020_Townsend,2020,1.0,False,included,compatible_uncensored_replicate,SSCP-b8ad69d240f3bc34
PAMPA:4558,GRP-ee92b0487691bb80,2020_Townsend,2020,1.0,False,included,compatible_uncensored_replicate,SSCP-ee92b0487691bb80
PAMPA:4559,GRP-d0b164507b452d47,2020_Townsend,2020,1.0,True,excluded,irrecoverably_censored_or_missing_label,
PAMPA:4560,GRP-d0d70e962ede2339,2020_Townsend,2020,1.0,False,included,compatible_uncensored_replicate,SSCP-d0d70e962ede2339
PAMPA:4561,GRP-8bd9b32511292f19,2020_Townsend,2020,1.0,False,included,compatible_uncensored_replicate,SSCP-8bd9b32511292f19
PAMPA:4562,GRP-fe3a915bcab36deb,2020_Townsend,2020,1.0,True,excluded,irrecoverably_censored_or_missing_label,
PAMPA:4563,GRP-6743a52f2ae26337,2020_Townsend,2020,1.0,True,excluded,irrecoverably_censored_or_missing_label,
PAMPA:4564,GRP-2f932c03227b445f,2020_Townsend,2020,1.0,True,excluded,irrecoverably_censored_or_missing_label,
PAMPA:4565,GRP-1825dd09490f1cb1,2020_Townsend,2020,1.0,False,included,compatible_uncensored_replicate,SSCP-1825dd09490f1cb1
PAMPA:4566,GRP-14f522d0c74a1b73,2020_Townsend,2020,1.0,True,excluded,irrecoverably_censored_or_missing_label,
PAMPA:4567,GRP-45b08ab22be7b1e1,2020_Townsend,2020,1.0,False,included,compatible_uncensored_replicate,SSCP-45b08ab22be7b1e1
PAMPA:4568,GRP-54544253045000f5,2020_Townsend,2020,1.0,False,included,compatible_uncensored_replicate,SSCP-54544253045000f5
PAMPA:4569,GRP-3387adb5793a7cd6,2020_Townsend,2020,1.0,False,included,compatible_uncensored_replicate,SSCP-3387adb5793a7cd6
PAMPA:4570,GRP-a9390572aa069e38,2020_Townsend,2020,1.0,False,included,compatible_uncensored_replicate,SSCP-a9390572aa069e38
PAMPA:4571,GRP-935e9710e2fdefa2,2020_Townsend,2020,1.0,False,included,compatible_uncensored_replicate,SSCP-935e9710e2fdefa2
PAMPA:4572,GRP-193b9621e4371660,2020_Townsend,2020,1.0,False,included,compatible_uncensored_replicate,SSCP-193b9621e4371660
PAMPA:4573,GRP-30b7bedd44280221,2020_Townsend,2020,1.0,False,included,compatible_uncensored_replicate,SSCP-30b7bedd44280221
PAMPA:4574,GRP-a0fb0296ecfe4183,2020_Townsend,2020,1.0,False,included,compatible_uncensored_replicate,SSCP-a0fb0296ecfe4183
PAMPA:4575,GRP-fecfdadb6ab02ce9,2020_Townsend,2020,1.0,False,included,compatible_uncensored_replicate,SSCP-fecfdadb6ab02ce9
PAMPA:4576,GRP-508b3d4faf45cbe0,2020_Townsend,2020,1.0,False,included,compatible_uncensored_replicate,SSCP-508b3d4faf45cbe0
PAMPA:4577,GRP-76034d49f3909685,2020_Townsend,2020,1.0,False,included,compatible_uncensored_replicate,SSCP-76034d49f3909685
PAMPA:4578,GRP-1217a6093be91573,2020_Townsend,2020,1.0,False,included,compatible_uncensored_replicate,SSCP-1217a6093be91573
PAMPA:4579,GRP-f86cf22b7a196040,2020_Townsend,2020,1.0,True,excluded,irrecoverably_censored_or_missing_label,
PAMPA:4580,GRP-d287331a1fd67345,2020_Townsend,2020,1.0,True,excluded,irrecoverably_censored_or_missing_label,
PAMPA:4581,GRP-6e76883edcc4242a,2020_Townsend,2020,1.0,False,included,compatible_uncensored_replicate,SSCP-6e76883edcc4242a
PAMPA:4582,GRP-e5b87caafe558c71,2020_Townsend,2020,1.0,False,included,compatible_uncensored_replicate,SSCP-e5b87caafe558c71
PAMPA:4583,GRP-2f243fe127ed3cbe,2020_Townsend,2020,1.0,False,included,compatible_uncensored_replicate,SSCP-2f243fe127ed3cbe
PAMPA:4584,GRP-befcff1befcd245f,2020_Townsend,2020,1.0,False,included,compatible_uncensored_replicate,SSCP-befcff1befcd245f
PAMPA:4585,GRP-8b96ec25b1d7f6f1,2020_Townsend,2020,1.0,False,included,compatible_uncensored_replicate,SSCP-8b96ec25b1d7f6f1
PAMPA:4586,GRP-2c915387434e63ec,2020_Townsend,2020,1.0,True,excluded,irrecoverably_censored_or_missing_label,
PAMPA:4587,GRP-f57d23f5ed83f191,2020_Townsend,2020,1.0,False,included,compatible_uncensored_replicate,SSCP-f57d23f5ed83f191
PAMPA:4588,GRP-1c511248eb5c0b5d,2020_Townsend,2020,1.0,False,included,compatible_uncensored_replicate,SSCP-1c511248eb5c0b5d
PAMPA:4589,GRP-f1ee22dfd35fb46d,2020_Townsend,2020,1.0,False,included,compatible_uncensored_replicate,SSCP-f1ee22dfd35fb46d
PAMPA:4590,GRP-a8a45b4b68fb87d4,2020_Townsend,2020,1.0,False,included,compatible_uncensored_replicate,SSCP-a8a45b4b68fb87d4
PAMPA:4591,GRP-7bbfd97166043ca2,2020_Townsend,2020,1.0,False,included,compatible_uncensored_replicate,SSCP-7bbfd97166043ca2
PAMPA:4592,GRP-b179502c4da61e95,2020_Townsend,2020,1.0,False,included,compatible_uncensored_replicate,SSCP-b179502c4da61e95
PAMPA:4593,GRP-12741ecb89eec870,2020_Townsend,2020,1.0,False,included,compatible_uncensored_replicate,SSCP-12741ecb89eec870
PAMPA:4594,GRP-ae5d81c33fbc22f2,2020_Townsend,2020,1.0,False,included,compatible_uncensored_replicate,SSCP-ae5d81c33fbc22f2
PAMPA:4595,GRP-19dfd3216b2de027,2020_Townsend,2020,1.0,False,included,compatible_uncensored_replicate,SSCP-19dfd3216b2de027
PAMPA:4596,GRP-b051bd665f7ecf8b,2020_Townsend,2020,1.0,True,excluded,irrecoverably_censored_or_missing_label,
PAMPA:4597,GRP-9fb2885fad2f8999,2020_Townsend,2020,1.0,False,included,compatible_uncensored_replicate,SSCP-9fb2885fad2f8999
PAMPA:4598,GRP-8e06d93ddc59a01f,2020_Townsend,2020,1.0,False,included,compatible_uncensored_replicate,SSCP-8e06d93ddc59a01f
PAMPA:4599,GRP-b95518392987a943,2020_Townsend,2020,1.0,False,included,compatible_uncensored_replicate,SSCP-b95518392987a943
PAMPA:4600,GRP-a0eff1bce624a57c,2020_Townsend,2020,1.0,False,included,compatible_uncensored_replicate,SSCP-a0eff1bce624a57c
PAMPA:4601,GRP-4008d92c416f2b66,2020_Townsend,2020,1.0,False,included,compatible_uncensored_replicate,SSCP-4008d92c416f2b66
PAMPA:4602,GRP-dcf84bedddf42ab2,2020_Townsend,2020,1.0,False,included,compatible_uncensored_replicate,SSCP-dcf84bedddf42ab2
PAMPA:4603,GRP-1830d16ccfc3da9f,2020_Townsend,2020,1.0,False,included,compatible_uncensored_replicate,SSCP-1830d16ccfc3da9f
PAMPA:4604,GRP-4fa02a825de0f226,2020_Townsend,2020,1.0,True,excluded,irrecoverably_censored_or_missing_label,
PAMPA:4605,GRP-8d597a40825b4ab6,2020_Townsend,2020,1.0,True,excluded,irrecoverably_censored_or_missing_label,
PAMPA:4606,GRP-d3b8d4288789d26b,2020_Townsend,2020,1.0,False,included,compatible_uncensored_replicate,SSCP-d3b8d4288789d26b
PAMPA:4607,GRP-6485cbf77b459ecd,2020_Townsend,2020,1.0,False,included,compatible_uncensored_replicate,SSCP-6485cbf77b459ecd
PAMPA:4608,GRP-18e079969ee3b402,2020_Townsend,2020,1.0,False,included,compatible_uncensored_replicate,SSCP-18e079969ee3b402
PAMPA:4609,GRP-f863e5f80f3b1c80,2020_Townsend,2020,1.0,False,included,compatible_uncensored_replicate,SSCP-f863e5f80f3b1c80
PAMPA:4610,GRP-cbbb4f1bb5460d80,2020_Townsend,2020,1.0,True,excluded,irrecoverably_censored_or_missing_label,
PAMPA:4611,GRP-48a5d32f6197b0f0,2020_Townsend,2020,1.0,True,excluded,irrecoverably_censored_or_missing_label,
PAMPA:4612,GRP-e0967d3ecc24d649,2020_Townsend,2020,1.0,False,included,compatible_uncensored_replicate,SSCP-e0967d3ecc24d649
PAMPA:4613,GRP-e69711580a8fe444,2020_Townsend,2020,1.0,False,included,compatible_uncensored_replicate,SSCP-e69711580a8fe444
PAMPA:4614,GRP-581cac9fb8375d93,2020_Townsend,2020,1.0,True,excluded,irrecoverably_censored_or_missing_label,
PAMPA:4615,GRP-cc73b9c507e1916e,2020_Townsend,2020,1.0,False,included,compatible_uncensored_replicate,SSCP-cc73b9c507e1916e
PAMPA:4616,GRP-5894e5c1facd990c,2020_Townsend,2020,1.0,False,included,compatible_uncensored_replicate,SSCP-5894e5c1facd990c
PAMPA:4617,GRP-b4a10b903949d5ff,2020_Townsend,2020,1.0,False,included,compatible_uncensored_replicate,SSCP-b4a10b903949d5ff
PAMPA:4618,GRP-ddf2f0f36376f942,2020_Townsend,2020,1.0,True,excluded,irrecoverably_censored_or_missing_label,
PAMPA:4619,GRP-da45c970764c9620,2020_Townsend,2020,1.0,True,excluded,irrecoverably_censored_or_missing_label,
PAMPA:4620,GRP-cdf26d63377553a8,2020_Townsend,2020,1.0,True,excluded,irrecoverably_censored_or_missing_label,
PAMPA:4621,GRP-13a101ed4a387550,2020_Townsend,2020,1.0,True,excluded,irrecoverably_censored_or_missing_label,
PAMPA:4622,GRP-426a8688ea8fe2d1,2020_Townsend,2020,1.0,False,included,compatible_uncensored_replicate,SSCP-426a8688ea8fe2d1
PAMPA:4623,GRP-4b38f5f47f7c45e9,2020_Townsend,2020,1.0,False,included,compatible_uncensored_replicate,SSCP-4b38f5f47f7c45e9
PAMPA:4624,GRP-4784a78f8b6c8290,2020_Townsend,2020,1.0,False,included,compatible_uncensored_replicate,SSCP-4784a78f8b6c8290
PAMPA:4625,GRP-d3eee17ea3db8825,2020_Townsend,2020,1.0,False,included,compatible_uncensored_replicate,SSCP-d3eee17ea3db8825
PAMPA:4626,GRP-0a6aad5177677b7c,2020_Townsend,2020,1.0,False,included,compatible_uncensored_replicate,SSCP-0a6aad5177677b7c
PAMPA:4627,GRP-609d024cc654c453,2020_Townsend,2020,1.0,False,included,compatible_uncensored_replicate,SSCP-609d024cc654c453
PAMPA:4628,GRP-22df6c03eef95791,2020_Townsend,2020,1.0,False,included,compatible_uncensored_replicate,SSCP-22df6c03eef95791
PAMPA:4629,GRP-57102290389c85fc,2020_Townsend,2020,1.0,False,included,compatible_uncensored_replicate,SSCP-57102290389c85fc
PAMPA:4630,GRP-b101e37e841622a0,2020_Townsend,2020,1.0,False,included,compatible_uncensored_replicate,SSCP-b101e37e841622a0
PAMPA:4631,GRP-19054cdcd5ccde6a,2020_Townsend,2020,1.0,True,excluded,irrecoverably_censored_or_missing_label,
PAMPA:4632,GRP-a3f47bb93639a1d5,2020_Townsend,2020,1.0,False,included,compatible_uncensored_replicate,SSCP-a3f47bb93639a1d5
PAMPA:4633,GRP-16688701c2be1cb6,2020_Townsend,2020,1.0,False,included,compatible_uncensored_replicate,SSCP-16688701c2be1cb6
PAMPA:4634,GRP-8f271cbab24b4d01,2020_Townsend,2020,1.0,False,included,compatible_uncensored_replicate,SSCP-8f271cbab24b4d01
PAMPA:4635,GRP-97576014dcb71310,2020_Townsend,2020,1.0,False,included,compatible_uncensored_replicate,SSCP-97576014dcb71310
PAMPA:4636,GRP-6cf264218e15c13c,2020_Townsend,2020,1.0,False,included,compatible_uncensored_replicate,SSCP-6cf264218e15c13c
PAMPA:4637,GRP-63f3de8d7cd8eddd,2020_Townsend,2020,1.0,False,included,compatible_uncensored_replicate,SSCP-63f3de8d7cd8eddd
PAMPA:4638,GRP-3e91900a319c598d,2020_Townsend,2020,1.0,False,included,compatible_uncensored_replicate,SSCP-3e91900a319c598d
PAMPA:4639,GRP-c2a9ba64c5659167,2020_Townsend,2020,1.0,False,included,compatible_uncensored_replicate,SSCP-c2a9ba64c5659167
PAMPA:4640,GRP-b3b7889d4de5ec13,2020_Townsend,2020,1.0,False,included,compatible_uncensored_replicate,SSCP-b3b7889d4de5ec13
PAMPA:4641,GRP-f0fd986359df30be,2020_Townsend,2020,1.0,False,included,compatible_uncensored_replicate,SSCP-f0fd986359df30be
PAMPA:4642,GRP-6dd15d5127d61b9c,2020_Townsend,2020,1.0,False,included,compatible_uncensored_replicate,SSCP-6dd15d5127d61b9c
PAMPA:4643,GRP-e98f9717872c31c8,2020_Townsend,2020,1.0,False,included,compatible_uncensored_replicate,SSCP-e98f9717872c31c8
PAMPA:4644,GRP-972170a386b1c55c,2020_Townsend,2020,1.0,False,included,compatible_uncensored_replicate,SSCP-972170a386b1c55c
PAMPA:4645,GRP-7bd4a183913de1cb,2020_Townsend,2020,1.0,False,included,compatible_uncensored_replicate,SSCP-7bd4a183913de1cb
PAMPA:4646,GRP-ba46fbb71aa3db9f,2020_Townsend,2020,1.0,False,included,compatible_uncensored_replicate,SSCP-ba46fbb71aa3db9f
PAMPA:4647,GRP-3bea1fcbcbbe7126,2020_Townsend,2020,1.0,False,included,compatible_uncensored_replicate,SSCP-3bea1fcbcbbe7126
PAMPA:4648,GRP-8e386227356e854f,2020_Townsend,2020,1.0,False,included,compatible_uncensored_replicate,SSCP-8e386227356e854f
PAMPA:4649,GRP-98e85f7d84882825,2020_Townsend,2020,1.0,False,included,compatible_uncensored_replicate,SSCP-98e85f7d84882825
PAMPA:4650,GRP-c42b16284f46450c,2020_Townsend,2020,1.0,True,excluded,irrecoverably_censored_or_missing_label,
PAMPA:4651,GRP-e627611c9b6aeba4,2020_Townsend,2020,1.0,False,included,compatible_uncensored_replicate,SSCP-e627611c9b6aeba4
PAMPA:4652,GRP-ded086162e58d146,2020_Townsend,2020,1.0,False,included,compatible_uncensored_replicate,SSCP-ded086162e58d146
PAMPA:4653,GRP-9d89939671d6bb81,2020_Townsend,2020,1.0,False,included,compatible_uncensored_replicate,SSCP-9d89939671d6bb81
PAMPA:4654,GRP-2857cd6fdb1fc672,2020_Townsend,2020,1.0,False,included,compatible_uncensored_replicate,SSCP-2857cd6fdb1fc672
PAMPA:4655,GRP-ce2351d975a0ab8b,2020_Townsend,2020,1.0,False,included,compatible_uncensored_replicate,SSCP-ce2351d975a0ab8b
PAMPA:4656,GRP-24feaa54fe4d4403,2020_Townsend,2020,1.0,False,included,compatible_uncensored_replicate,SSCP-24feaa54fe4d4403
PAMPA:4657,GRP-03ef7e8421b15193,2020_Townsend,2020,1.0,False,included,compatible_uncensored_replicate,SSCP-03ef7e8421b15193
PAMPA:4658,GRP-97b342ba615f938c,2020_Townsend,2020,1.0,False,included,compatible_uncensored_replicate,SSCP-97b342ba615f938c
PAMPA:4659,GRP-9bc00d5e281d61ba,2020_Townsend,2020,1.0,False,included,compatible_uncensored_replicate,SSCP-9bc00d5e281d61ba
PAMPA:4660,GRP-17a95ca3cec239a5,2020_Townsend,2020,1.0,False,included,compatible_uncensored_replicate,SSCP-17a95ca3cec239a5
PAMPA:4661,GRP-27389493c13f326b,2020_Townsend,2020,1.0,False,included,compatible_uncensored_replicate,SSCP-27389493c13f326b
PAMPA:4662,GRP-78757f7f5da86923,2020_Townsend,2020,1.0,False,included,compatible_uncensored_replicate,SSCP-78757f7f5da86923
PAMPA:4663,GRP-89b8839e0c7573c8,2020_Townsend,2020,1.0,False,included,compatible_uncensored_replicate,SSCP-89b8839e0c7573c8
PAMPA:4664,GRP-93784ed5e20b6f81,2020_Townsend,2020,1.0,False,included,compatible_uncensored_replicate,SSCP-93784ed5e20b6f81
PAMPA:4665,GRP-3f048c533fc7af12,2020_Townsend,2020,1.0,False,included,compatible_uncensored_replicate,SSCP-3f048c533fc7af12
PAMPA:4666,GRP-1b75ecfc724c270c,2020_Townsend,2020,1.0,False,included,compatible_uncensored_replicate,SSCP-1b75ecfc724c270c
PAMPA:4667,GRP-9bced350ee4f8db5,2020_Townsend,2020,1.0,False,included,compatible_uncensored_replicate,SSCP-9bced350ee4f8db5
PAMPA:4668,GRP-9f37dfdc6fb5e106,2020_Townsend,2020,1.0,False,included,compatible_uncensored_replicate,SSCP-9f37dfdc6fb5e106
PAMPA:4669,GRP-fe38d65e74ff2745,2020_Townsend,2020,1.0,False,included,compatible_uncensored_replicate,SSCP-fe38d65e74ff2745
PAMPA:4670,GRP-d5db8015510911d4,2020_Townsend,2020,1.0,False,included,compatible_uncensored_replicate,SSCP-d5db8015510911d4
PAMPA:4671,GRP-b39bd5ad8695bdac,2020_Townsend,2020,1.0,False,included,compatible_uncensored_replicate,SSCP-b39bd5ad8695bdac
PAMPA:4672,GRP-d473d368fda835a1,2020_Townsend,2020,1.0,False,included,compatible_uncensored_replicate,SSCP-d473d368fda835a1
PAMPA:4673,GRP-18bd4ef83756a695,2020_Townsend,2020,1.0,False,included,compatible_uncensored_replicate,SSCP-18bd4ef83756a695
PAMPA:4674,GRP-93bb1a7ffeb5089b,2020_Townsend,2020,1.0,False,included,compatible_uncensored_replicate,SSCP-93bb1a7ffeb5089b
PAMPA:4675,GRP-f70d1f267360b54c,2020_Townsend,2020,1.0,False,included,compatible_uncensored_replicate,SSCP-f70d1f267360b54c
PAMPA:4676,GRP-d3a6cb24e81544c2,2020_Townsend,2020,1.0,False,included,compatible_uncensored_replicate,SSCP-d3a6cb24e81544c2
PAMPA:4677,GRP-af7cc6531cb0c729,2020_Townsend,2020,1.0,False,included,compatible_uncensored_replicate,SSCP-af7cc6531cb0c729
PAMPA:4678,GRP-bb3699b8fe93261c,2020_Townsend,2020,1.0,False,included,compatible_uncensored_replicate,SSCP-bb3699b8fe93261c
PAMPA:4679,GRP-568353bf3af391cb,2020_Townsend,2020,1.0,False,included,compatible_uncensored_replicate,SSCP-568353bf3af391cb
PAMPA:4680,GRP-bfa911f82fa041f0,2020_Townsend,2020,1.0,False,included,compatible_uncensored_replicate,SSCP-bfa911f82fa041f0
PAMPA:4681,GRP-9a351bb677264a80,2020_Townsend,2020,1.0,False,included,compatible_uncensored_replicate,SSCP-9a351bb677264a80
PAMPA:4682,GRP-e7a3cead62d2478b,2020_Townsend,2020,1.0,True,excluded,irrecoverably_censored_or_missing_label,
PAMPA:4683,GRP-3ac30680ed3ae0f9,2020_Townsend,2020,1.0,True,excluded,irrecoverably_censored_or_missing_label,
PAMPA:4684,GRP-b560781792071af0,2020_Townsend,2020,1.0,False,included,compatible_uncensored_replicate,SSCP-b560781792071af0
PAMPA:4685,GRP-562f3d62e4e9dab0,2020_Townsend,2020,1.0,False,included,compatible_uncensored_replicate,SSCP-562f3d62e4e9dab0
PAMPA:4686,GRP-dd0035f94e82de17,2020_Townsend,2020,1.0,False,included,compatible_uncensored_replicate,SSCP-dd0035f94e82de17
PAMPA:4687,GRP-92f016d85032e799,2020_Townsend,2020,1.0,False,included,compatible_uncensored_replicate,SSCP-92f016d85032e799
PAMPA:4688,GRP-9649309604adef81,2020_Townsend,2020,1.0,False,included,compatible_uncensored_replicate,SSCP-9649309604adef81
PAMPA:4689,GRP-8fad15e0086a6182,2020_Townsend,2020,1.0,False,included,compatible_uncensored_replicate,SSCP-8fad15e0086a6182
PAMPA:4690,GRP-4aab0c698e5ff887,2020_Townsend,2020,1.0,False,included,compatible_uncensored_replicate,SSCP-4aab0c698e5ff887
PAMPA:4691,GRP-d943123af1e58228,2020_Townsend,2020,1.0,False,included,compatible_uncensored_replicate,SSCP-d943123af1e58228
PAMPA:4692,GRP-90f1afccabab3f59,2020_Townsend,2020,1.0,False,included,compatible_uncensored_replicate,SSCP-90f1afccabab3f59
PAMPA:4693,GRP-b69c5ef89dd9da9d,2020_Townsend,2020,1.0,False,included,compatible_uncensored_replicate,SSCP-b69c5ef89dd9da9d
PAMPA:4694,GRP-0b391693c5e8119c,2020_Townsend,2020,1.0,False,included,compatible_uncensored_replicate,SSCP-0b391693c5e8119c
PAMPA:4695,GRP-78c0972c61062ddf,2020_Townsend,2020,1.0,False,included,compatible_uncensored_replicate,SSCP-78c0972c61062ddf
PAMPA:4696,GRP-c71414336feb5f32,2020_Townsend,2020,1.0,False,included,compatible_uncensored_replicate,SSCP-c71414336feb5f32
PAMPA:4697,GRP-2d6e6ff476e7accf,2020_Townsend,2020,1.0,False,included,compatible_uncensored_replicate,SSCP-2d6e6ff476e7accf
PAMPA:4698,GRP-4cbaa44c93473930,2020_Townsend,2020,1.0,False,included,compatible_uncensored_replicate,SSCP-4cbaa44c93473930
PAMPA:4699,GRP-4d84bbe15d357ee0,2020_Townsend,2020,1.0,False,included,compatible_uncensored_replicate,SSCP-4d84bbe15d357ee0
PAMPA:4700,GRP-ce79c001ebd07c04,2020_Townsend,2020,1.0,False,included,compatible_uncensored_replicate,SSCP-ce79c001ebd07c04
PAMPA:4701,GRP-5c323646440ddd27,2020_Townsend,2020,1.0,False,included,compatible_uncensored_replicate,SSCP-5c323646440ddd27
PAMPA:4702,GRP-26b1f1968db573f7,2020_Townsend,2020,1.0,False,included,compatible_uncensored_replicate,SSCP-26b1f1968db573f7
PAMPA:4703,GRP-efe89e77980f37bc,2020_Townsend,2020,1.0,False,included,compatible_uncensored_replicate,SSCP-efe89e77980f37bc
PAMPA:4704,GRP-129983b5eea89f9e,2020_Townsend,2020,1.0,False,included,compatible_uncensored_replicate,SSCP-129983b5eea89f9e
PAMPA:4705,GRP-e698ca2fb968fde3,2020_Townsend,2020,1.0,False,included,compatible_uncensored_replicate,SSCP-e698ca2fb968fde3
PAMPA:4706,GRP-35fecc5040916b5a,2020_Townsend,2020,1.0,False,included,compatible_uncensored_replicate,SSCP-35fecc5040916b5a
PAMPA:4707,GRP-5c903c43dcde2f4e,2020_Townsend,2020,1.0,False,included,compatible_uncensored_replicate,SSCP-5c903c43dcde2f4e
PAMPA:4708,GRP-ceca45fad97cd58f,2020_Townsend,2020,1.0,False,included,compatible_uncensored_replicate,SSCP-ceca45fad97cd58f
PAMPA:4709,GRP-7c3bed71404b73e0,2020_Townsend,2020,1.0,False,included,compatible_uncensored_replicate,SSCP-7c3bed71404b73e0
PAMPA:4710,GRP-3ead74389af1ecaa,2020_Townsend,2020,1.0,False,included,compatible_uncensored_replicate,SSCP-3ead74389af1ecaa
PAMPA:4711,GRP-e545be7814381b23,2020_Townsend,2020,1.0,False,included,compatible_uncensored_replicate,SSCP-e545be7814381b23
PAMPA:4712,GRP-6b640c45dddb7433,2020_Townsend,2020,1.0,False,included,compatible_uncensored_replicate,SSCP-6b640c45dddb7433
PAMPA:4713,GRP-5fdd03a7aebe7b16,2020_Townsend,2020,1.0,False,included,compatible_uncensored_replicate,SSCP-5fdd03a7aebe7b16
PAMPA:4714,GRP-43802487365f4f1c,2020_Townsend,2020,1.0,False,included,compatible_uncensored_replicate,SSCP-43802487365f4f1c
PAMPA:4715,GRP-eee50953b01072ee,2020_Townsend,2020,1.0,False,included,compatible_uncensored_replicate,SSCP-eee50953b01072ee
PAMPA:4716,GRP-37f0ef1b6e7488fc,2020_Townsend,2020,1.0,False,included,compatible_uncensored_replicate,SSCP-37f0ef1b6e7488fc
PAMPA:4717,GRP-a1d73481dc0c3e63,2020_Townsend,2020,1.0,False,included,compatible_uncensored_replicate,SSCP-a1d73481dc0c3e63
PAMPA:4718,GRP-aee55680ce3c707c,2020_Townsend,2020,1.0,False,included,compatible_uncensored_replicate,SSCP-aee55680ce3c707c
PAMPA:4719,GRP-31fa04ae70266dfc,2020_Townsend,2020,1.0,True,excluded,irrecoverably_censored_or_missing_label,
PAMPA:4720,GRP-52d8f98d3867b333,2020_Townsend,2020,1.0,False,included,compatible_uncensored_replicate,SSCP-52d8f98d3867b333
PAMPA:4721,GRP-5e6773db0b6e8059,2020_Townsend,2020,1.0,True,excluded,irrecoverably_censored_or_missing_label,
PAMPA:4722,GRP-11f06acbf29afe5d,2020_Townsend,2020,1.0,False,included,compatible_uncensored_replicate,SSCP-11f06acbf29afe5d
PAMPA:4723,GRP-e1cb524b14e7a78a,2020_Townsend,2020,1.0,False,included,compatible_uncensored_replicate,SSCP-e1cb524b14e7a78a
PAMPA:4724,GRP-9dd43e7494b34d38,2020_Townsend,2020,1.0,False,included,compatible_uncensored_replicate,SSCP-9dd43e7494b34d38
PAMPA:4725,GRP-497d85f71d8c8896,2020_Townsend,2020,1.0,False,included,compatible_uncensored_replicate,SSCP-497d85f71d8c8896
PAMPA:4726,GRP-32a8e7a08c0915d7,2020_Townsend,2020,1.0,False,included,compatible_uncensored_replicate,SSCP-32a8e7a08c0915d7
PAMPA:4727,GRP-f86162afb5b862c9,2020_Townsend,2020,1.0,False,included,compatible_uncensored_replicate,SSCP-f86162afb5b862c9
PAMPA:4728,GRP-2c9e5f0405c92ba3,2020_Townsend,2020,1.0,False,included,compatible_uncensored_replicate,SSCP-2c9e5f0405c92ba3
PAMPA:4729,GRP-275501ac0c8ac05b,2020_Townsend,2020,1.0,False,included,compatible_uncensored_replicate,SSCP-275501ac0c8ac05b
PAMPA:4730,GRP-30b08524d94c9200,2020_Townsend,2020,1.0,False,included,compatible_uncensored_replicate,SSCP-30b08524d94c9200
PAMPA:4731,GRP-3a5033601261265c,2020_Townsend,2020,1.0,False,included,compatible_uncensored_replicate,SSCP-3a5033601261265c
PAMPA:4732,GRP-57ab6282f7092fb8,2020_Townsend,2020,1.0,False,included,compatible_uncensored_replicate,SSCP-57ab6282f7092fb8
PAMPA:4733,GRP-4dbb10c80816f478,2020_Townsend,2020,1.0,False,included,compatible_uncensored_replicate,SSCP-4dbb10c80816f478
PAMPA:4734,GRP-fd28296dbccda583,2020_Townsend,2020,1.0,False,included,compatible_uncensored_replicate,SSCP-fd28296dbccda583
PAMPA:4735,GRP-c01e41e53bc52812,2020_Townsend,2020,1.0,False,included,compatible_uncensored_replicate,SSCP-c01e41e53bc52812
PAMPA:4736,GRP-15ea98f85a36a4b8,2020_Townsend,2020,1.0,False,included,compatible_uncensored_replicate,SSCP-15ea98f85a36a4b8
PAMPA:4737,GRP-721d2960c06fd49b,2020_Townsend,2020,1.0,False,included,compatible_uncensored_replicate,SSCP-721d2960c06fd49b
PAMPA:4738,GRP-fc4ee3dbbc470cf0,2020_Townsend,2020,1.0,False,included,compatible_uncensored_replicate,SSCP-fc4ee3dbbc470cf0
PAMPA:4739,GRP-b1a193c43e5b448f,2020_Townsend,2020,1.0,False,included,compatible_uncensored_replicate,SSCP-b1a193c43e5b448f
PAMPA:4740,GRP-f8f6c26e5dbac862,2020_Townsend,2020,1.0,False,included,compatible_uncensored_replicate,SSCP-f8f6c26e5dbac862
PAMPA:4741,GRP-d82937b81cdc91d1,2020_Townsend,2020,1.0,False,included,compatible_uncensored_replicate,SSCP-d82937b81cdc91d1
PAMPA:4742,GRP-1aecc897def8f349,2020_Townsend,2020,1.0,False,included,compatible_uncensored_replicate,SSCP-1aecc897def8f349
PAMPA:4743,GRP-33a52bcfeef158d7,2020_Townsend,2020,1.0,False,included,compatible_uncensored_replicate,SSCP-33a52bcfeef158d7
PAMPA:4744,GRP-908631cc6ab0fbbf,2020_Townsend,2020,1.0,False,included,compatible_uncensored_replicate,SSCP-908631cc6ab0fbbf
PAMPA:4745,GRP-3640e016365d0b4e,2020_Townsend,2020,1.0,False,included,compatible_uncensored_replicate,SSCP-3640e016365d0b4e
PAMPA:4746,GRP-3aafbe8bad99ca53,2020_Townsend,2020,1.0,False,included,compatible_uncensored_replicate,SSCP-3aafbe8bad99ca53
PAMPA:4747,GRP-2eddc9ef7e5ce0f7,2020_Townsend,2020,1.0,False,included,compatible_uncensored_replicate,SSCP-2eddc9ef7e5ce0f7
PAMPA:4748,GRP-b7e07eef17bbf826,2020_Townsend,2020,1.0,False,included,compatible_uncensored_replicate,SSCP-b7e07eef17bbf826
PAMPA:4749,GRP-58c1848805046e8d,2020_Townsend,2020,1.0,False,included,compatible_uncensored_replicate,SSCP-58c1848805046e8d
PAMPA:4750,GRP-2857abba1308552d,2020_Townsend,2020,1.0,False,included,compatible_uncensored_replicate,SSCP-2857abba1308552d
PAMPA:4751,GRP-3887400db64ece22,2020_Townsend,2020,1.0,False,included,compatible_uncensored_replicate,SSCP-3887400db64ece22
PAMPA:4752,GRP-c3c1f446f282a2ac,2020_Townsend,2020,1.0,False,included,compatible_uncensored_replicate,SSCP-c3c1f446f282a2ac
PAMPA:4753,GRP-41e663561180009c,2020_Townsend,2020,1.0,False,included,compatible_uncensored_replicate,SSCP-41e663561180009c
PAMPA:4754,GRP-d3eb82401acd84e6,2020_Townsend,2020,1.0,False,included,compatible_uncensored_replicate,SSCP-d3eb82401acd84e6
PAMPA:4755,GRP-4070f5d9c2fc75ff,2020_Townsend,2020,1.0,False,included,compatible_uncensored_replicate,SSCP-4070f5d9c2fc75ff
PAMPA:4756,GRP-2c29fab263a0d70d,2020_Townsend,2020,1.0,False,included,compatible_uncensored_replicate,SSCP-2c29fab263a0d70d
PAMPA:4757,GRP-de98a10099d87488,2020_Townsend,2020,1.0,False,included,compatible_uncensored_replicate,SSCP-de98a10099d87488
PAMPA:4758,GRP-0eb7d4a6c2758004,2020_Townsend,2020,1.0,False,included,compatible_uncensored_replicate,SSCP-0eb7d4a6c2758004
PAMPA:4759,GRP-d14a7568bf97093e,2020_Townsend,2020,1.0,False,included,compatible_uncensored_replicate,SSCP-d14a7568bf97093e
PAMPA:4760,GRP-912b067574b6e2a2,2020_Townsend,2020,1.0,False,included,compatible_uncensored_replicate,SSCP-912b067574b6e2a2
PAMPA:4761,GRP-41a984b3b48c35ec,2020_Townsend,2020,1.0,False,included,compatible_uncensored_replicate,SSCP-41a984b3b48c35ec
PAMPA:4762,GRP-c32c8d366d3fe465,2020_Townsend,2020,1.0,False,included,compatible_uncensored_replicate,SSCP-c32c8d366d3fe465
PAMPA:4763,GRP-9f1c97d4374f3224,2020_Townsend,2020,1.0,False,included,compatible_uncensored_replicate,SSCP-9f1c97d4374f3224
PAMPA:4764,GRP-045d41daeb6d46db,2020_Townsend,2020,1.0,False,included,compatible_uncensored_replicate,SSCP-045d41daeb6d46db
PAMPA:4765,GRP-71bcca6d04e16aef,2020_Townsend,2020,1.0,False,included,compatible_uncensored_replicate,SSCP-71bcca6d04e16aef
PAMPA:4766,GRP-ac784d1771ca50fb,2020_Townsend,2020,1.0,False,included,compatible_uncensored_replicate,SSCP-ac784d1771ca50fb
PAMPA:4767,GRP-2f3130ed4bc1ae73,2020_Townsend,2020,1.0,False,included,compatible_uncensored_replicate,SSCP-2f3130ed4bc1ae73
PAMPA:4768,GRP-dc8f116eb38d5119,2020_Townsend,2020,1.0,False,included,compatible_uncensored_replicate,SSCP-dc8f116eb38d5119
PAMPA:4769,GRP-cc179fb311a7d60e,2020_Townsend,2020,1.0,False,included,compatible_uncensored_replicate,SSCP-cc179fb311a7d60e
PAMPA:4770,GRP-2b515cf7f82ac253,2020_Townsend,2020,1.0,False,included,compatible_uncensored_replicate,SSCP-2b515cf7f82ac253
PAMPA:4771,GRP-c976f2aa7f01f567,2020_Townsend,2020,1.0,False,included,compatible_uncensored_replicate,SSCP-c976f2aa7f01f567
PAMPA:4772,GRP-d72a7a1b8214d794,2020_Townsend,2020,1.0,False,included,compatible_uncensored_replicate,SSCP-d72a7a1b8214d794
PAMPA:4773,GRP-5757811292c53893,2020_Townsend,2020,1.0,False,included,compatible_uncensored_replicate,SSCP-5757811292c53893
PAMPA:4774,GRP-f04ce1a796d7b7a0,2020_Townsend,2020,1.0,False,included,compatible_uncensored_replicate,SSCP-f04ce1a796d7b7a0
PAMPA:4775,GRP-744c10e07f2643bd,2020_Townsend,2020,1.0,False,included,compatible_uncensored_replicate,SSCP-744c10e07f2643bd
PAMPA:4776,GRP-72876c69663c797d,2020_Townsend,2020,1.0,False,included,compatible_uncensored_replicate,SSCP-72876c69663c797d
PAMPA:4777,GRP-98f7d382134eeae9,2020_Townsend,2020,1.0,False,included,compatible_uncensored_replicate,SSCP-98f7d382134eeae9
PAMPA:4778,GRP-85bb9e1215366390,2020_Townsend,2020,1.0,False,included,compatible_uncensored_replicate,SSCP-85bb9e1215366390
PAMPA:4779,GRP-d11c5102ddfa31cc,2020_Townsend,2020,1.0,False,included,compatible_uncensored_replicate,SSCP-d11c5102ddfa31cc
PAMPA:4780,GRP-af691294062cf04b,2020_Townsend,2020,1.0,False,included,compatible_uncensored_replicate,SSCP-af691294062cf04b
PAMPA:4781,GRP-a78e0781818b0f24,2020_Townsend,2020,1.0,False,included,compatible_uncensored_replicate,SSCP-a78e0781818b0f24
PAMPA:4782,GRP-04fcaded7f145fef,2020_Townsend,2020,1.0,False,included,compatible_uncensored_replicate,SSCP-04fcaded7f145fef
PAMPA:4783,GRP-bac1d6ab15dba055,2020_Townsend,2020,1.0,False,included,compatible_uncensored_replicate,SSCP-bac1d6ab15dba055
PAMPA:4784,GRP-2e128ce44617f50b,2020_Townsend,2020,1.0,False,included,compatible_uncensored_replicate,SSCP-2e128ce44617f50b
PAMPA:4785,GRP-08fee2625eabdea5,2020_Townsend,2020,1.0,False,included,compatible_uncensored_replicate,SSCP-08fee2625eabdea5
PAMPA:4786,GRP-9bdf483e7e40d198,2020_Townsend,2020,1.0,True,excluded,irrecoverably_censored_or_missing_label,
PAMPA:4787,GRP-c107827a1f7a1b7c,2020_Townsend,2020,1.0,False,included,compatible_uncensored_replicate,SSCP-c107827a1f7a1b7c
PAMPA:4788,GRP-fb0a454e8426be17,2020_Townsend,2020,1.0,False,included,compatible_uncensored_replicate,SSCP-fb0a454e8426be17
PAMPA:4789,GRP-8f59350109d6b47a,2020_Townsend,2020,1.0,False,included,compatible_uncensored_replicate,SSCP-8f59350109d6b47a
PAMPA:4790,GRP-efc237d911a98f73,2020_Townsend,2020,1.0,False,included,compatible_uncensored_replicate,SSCP-efc237d911a98f73
PAMPA:4791,GRP-bc7fc5014a35bbdb,2020_Townsend,2020,1.0,False,included,compatible_uncensored_replicate,SSCP-bc7fc5014a35bbdb
PAMPA:4792,GRP-7ddcf65c5a7485f5,2020_Townsend,2020,1.0,False,included,compatible_uncensored_replicate,SSCP-7ddcf65c5a7485f5
PAMPA:4793,GRP-f466a85a13ea6db0,2020_Townsend,2020,1.0,False,included,compatible_uncensored_replicate,SSCP-f466a85a13ea6db0
PAMPA:4794,GRP-b2333d1d98fe2314,2020_Townsend,2020,1.0,False,included,compatible_uncensored_replicate,SSCP-b2333d1d98fe2314
PAMPA:4795,GRP-53556d9e199c2783,2020_Townsend,2020,1.0,False,included,compatible_uncensored_replicate,SSCP-53556d9e199c2783
PAMPA:4796,GRP-ec7aa1c21c8f5736,2020_Townsend,2020,1.0,False,included,compatible_uncensored_replicate,SSCP-ec7aa1c21c8f5736
PAMPA:4797,GRP-9c93f73c8743307e,2020_Townsend,2020,1.0,False,included,compatible_uncensored_replicate,SSCP-9c93f73c8743307e
PAMPA:4798,GRP-ada6fadd5ee9977a,2020_Townsend,2020,1.0,False,included,compatible_uncensored_replicate,SSCP-ada6fadd5ee9977a
PAMPA:4799,GRP-a76f237103601f62,2020_Townsend,2020,1.0,False,included,compatible_uncensored_replicate,SSCP-a76f237103601f62
PAMPA:4800,GRP-98e75ece72e66ecc,2020_Townsend,2020,1.0,False,included,compatible_uncensored_replicate,SSCP-98e75ece72e66ecc
PAMPA:4801,GRP-5fdcc3c5adbc2940,2020_Townsend,2020,1.0,False,included,compatible_uncensored_replicate,SSCP-5fdcc3c5adbc2940
PAMPA:4802,GRP-a6b6cf3f23d6043f,2020_Townsend,2020,1.0,False,included,compatible_uncensored_replicate,SSCP-a6b6cf3f23d6043f
PAMPA:4803,GRP-9eebb9d2bddeb007,2020_Townsend,2020,1.0,True,excluded,irrecoverably_censored_or_missing_label,
PAMPA:4804,GRP-e320ae9c03c2a1f6,2020_Townsend,2020,1.0,True,excluded,irrecoverably_censored_or_missing_label,
PAMPA:4805,GRP-1c2aee0bacc41e1c,2020_Townsend,2020,1.0,False,included,compatible_uncensored_replicate,SSCP-1c2aee0bacc41e1c
PAMPA:4806,GRP-156f7a434102c48c,2020_Townsend,2020,1.0,True,excluded,irrecoverably_censored_or_missing_label,
PAMPA:4807,GRP-f1d49beeb0166014,2020_Townsend,2020,1.0,False,included,compatible_uncensored_replicate,SSCP-f1d49beeb0166014
PAMPA:4808,GRP-137617d7497a7fb3,2020_Townsend,2020,1.0,False,included,compatible_uncensored_replicate,SSCP-137617d7497a7fb3
PAMPA:4809,GRP-6996c2f34449f49e,2020_Townsend,2020,1.0,False,included,compatible_uncensored_replicate,SSCP-6996c2f34449f49e
PAMPA:4810,GRP-222693c5d2c2ace5,2020_Townsend,2020,1.0,False,included,compatible_uncensored_replicate,SSCP-222693c5d2c2ace5
PAMPA:4811,GRP-431bd177f83b448d,2020_Townsend,2020,1.0,False,included,compatible_uncensored_replicate,SSCP-431bd177f83b448d
PAMPA:4812,GRP-c80a84c2fcd05fda,2020_Townsend,2020,1.0,False,included,compatible_uncensored_replicate,SSCP-c80a84c2fcd05fda
PAMPA:4813,GRP-7de370b0ef34b09c,2020_Townsend,2020,1.0,False,included,compatible_uncensored_replicate,SSCP-7de370b0ef34b09c
PAMPA:4814,GRP-1b54aad93e1f5a79,2020_Townsend,2020,1.0,False,included,compatible_uncensored_replicate,SSCP-1b54aad93e1f5a79
PAMPA:4815,GRP-5b4d66dffc9118fe,2020_Townsend,2020,1.0,False,included,compatible_uncensored_replicate,SSCP-5b4d66dffc9118fe
PAMPA:4816,GRP-1566632879480f5d,2020_Townsend,2020,1.0,False,included,compatible_uncensored_replicate,SSCP-1566632879480f5d
PAMPA:4817,GRP-d158ad9681813dc9,2020_Townsend,2020,1.0,False,included,compatible_uncensored_replicate,SSCP-d158ad9681813dc9
PAMPA:4818,GRP-287e65dd3e0129b7,2020_Townsend,2020,1.0,False,included,compatible_uncensored_replicate,SSCP-287e65dd3e0129b7
PAMPA:4819,GRP-a67b74f6f1d1772d,2020_Townsend,2020,1.0,False,included,compatible_uncensored_replicate,SSCP-a67b74f6f1d1772d
PAMPA:4820,GRP-1253828cac50252e,2020_Townsend,2020,1.0,False,included,compatible_uncensored_replicate,SSCP-1253828cac50252e
PAMPA:4821,GRP-f2504062b2f60c11,2020_Townsend,2020,1.0,False,included,compatible_uncensored_replicate,SSCP-f2504062b2f60c11
PAMPA:4822,GRP-fae283ba7d9742f7,2020_Townsend,2020,1.0,False,included,compatible_uncensored_replicate,SSCP-fae283ba7d9742f7
PAMPA:4823,GRP-2ccc7b00fc78bdcd,2020_Townsend,2020,1.0,False,included,compatible_uncensored_replicate,SSCP-2ccc7b00fc78bdcd
PAMPA:4824,GRP-43f07969bc8ffbb3,2020_Townsend,2020,1.0,False,included,compatible_uncensored_replicate,SSCP-43f07969bc8ffbb3
PAMPA:4825,GRP-21151fccfa01a7b9,2020_Townsend,2020,1.0,False,included,compatible_uncensored_replicate,SSCP-21151fccfa01a7b9
PAMPA:4826,GRP-99fb90f835370633,2020_Townsend,2020,1.0,False,included,compatible_uncensored_replicate,SSCP-99fb90f835370633
PAMPA:4827,GRP-81d9322531a48666,2020_Townsend,2020,1.0,False,included,compatible_uncensored_replicate,SSCP-81d9322531a48666
PAMPA:4828,GRP-7463a00690fe4f96,2020_Townsend,2020,1.0,False,included,compatible_uncensored_replicate,SSCP-7463a00690fe4f96
PAMPA:4829,GRP-47311ad5ebd7e685,2020_Townsend,2020,1.0,False,included,compatible_uncensored_replicate,SSCP-47311ad5ebd7e685
PAMPA:4830,GRP-fac8545ca1eb4872,2020_Townsend,2020,1.0,False,included,compatible_uncensored_replicate,SSCP-fac8545ca1eb4872
PAMPA:4831,GRP-ff31bd50635b969e,2020_Townsend,2020,1.0,False,included,compatible_uncensored_replicate,SSCP-ff31bd50635b969e
PAMPA:4832,GRP-52eb639a43711065,2020_Townsend,2020,1.0,False,included,compatible_uncensored_replicate,SSCP-52eb639a43711065
PAMPA:4833,GRP-3b8e1e8d191857aa,2020_Townsend,2020,1.0,False,included,compatible_uncensored_replicate,SSCP-3b8e1e8d191857aa
PAMPA:4834,GRP-a64740f967efcd51,2020_Townsend,2020,1.0,False,included,compatible_uncensored_replicate,SSCP-a64740f967efcd51
PAMPA:4835,GRP-9ddaa8380d5e91d2,2020_Townsend,2020,1.0,False,included,compatible_uncensored_replicate,SSCP-9ddaa8380d5e91d2
PAMPA:4836,GRP-d977594e7de4db4f,2020_Townsend,2020,1.0,False,included,compatible_uncensored_replicate,SSCP-d977594e7de4db4f
PAMPA:4837,GRP-ae41c3d73d6b5796,2020_Townsend,2020,1.0,False,included,compatible_uncensored_replicate,SSCP-ae41c3d73d6b5796
PAMPA:4838,GRP-a2b0014c5975279c,2020_Townsend,2020,1.0,False,included,compatible_uncensored_replicate,SSCP-a2b0014c5975279c
PAMPA:4839,GRP-1689fe7d08961677,2020_Townsend,2020,1.0,False,included,compatible_uncensored_replicate,SSCP-1689fe7d08961677
PAMPA:4840,GRP-e5fa9d6831093293,2020_Townsend,2020,1.0,False,included,compatible_uncensored_replicate,SSCP-e5fa9d6831093293
PAMPA:4841,GRP-8127c0c6132d911b,2020_Townsend,2020,1.0,False,included,compatible_uncensored_replicate,SSCP-8127c0c6132d911b
PAMPA:4842,GRP-11f55c80c8c2d697,2020_Townsend,2020,1.0,False,included,compatible_uncensored_replicate,SSCP-11f55c80c8c2d697
PAMPA:4843,GRP-4fd6d829fc58d5ed,2020_Townsend,2020,1.0,False,included,compatible_uncensored_replicate,SSCP-4fd6d829fc58d5ed
PAMPA:4844,GRP-18f3da7d60fad7c3,2020_Townsend,2020,1.0,False,included,compatible_uncensored_replicate,SSCP-18f3da7d60fad7c3
PAMPA:4845,GRP-204dced1a396d9cb,2020_Townsend,2020,1.0,False,included,compatible_uncensored_replicate,SSCP-204dced1a396d9cb
PAMPA:4846,GRP-b3a96c9ddc6c0af6,2020_Townsend,2020,1.0,False,included,compatible_uncensored_replicate,SSCP-b3a96c9ddc6c0af6
PAMPA:4847,GRP-82f41918d880dbe9,2020_Townsend,2020,1.0,False,included,compatible_uncensored_replicate,SSCP-82f41918d880dbe9
PAMPA:4848,GRP-2f6a8710ebc0e3f8,2020_Townsend,2020,1.0,False,included,compatible_uncensored_replicate,SSCP-2f6a8710ebc0e3f8
PAMPA:4849,GRP-e4f68807b89cd613,2020_Townsend,2020,1.0,False,included,compatible_uncensored_replicate,SSCP-e4f68807b89cd613
PAMPA:4850,GRP-9ff8922ce9620f39,2020_Townsend,2020,1.0,False,included,compatible_uncensored_replicate,SSCP-9ff8922ce9620f39
PAMPA:4851,GRP-516b382936727bf4,2020_Townsend,2020,1.0,False,included,compatible_uncensored_replicate,SSCP-516b382936727bf4
PAMPA:4852,GRP-c506f1539800c55f,2020_Townsend,2020,1.0,False,included,compatible_uncensored_replicate,SSCP-c506f1539800c55f
PAMPA:4853,GRP-e6944f61f3e7b5c0,2020_Townsend,2020,1.0,False,included,compatible_uncensored_replicate,SSCP-e6944f61f3e7b5c0
PAMPA:4854,GRP-ae01293f6e9eea1e,2020_Townsend,2020,1.0,False,included,compatible_uncensored_replicate,SSCP-ae01293f6e9eea1e
PAMPA:4855,GRP-dd8ddd7321a64ad1,2020_Townsend,2020,1.0,False,included,compatible_uncensored_replicate,SSCP-dd8ddd7321a64ad1
PAMPA:4856,GRP-ce38d76d95a6d6a4,2020_Townsend,2020,1.0,False,included,compatible_uncensored_replicate,SSCP-ce38d76d95a6d6a4
PAMPA:4857,GRP-6a43b65e963493ee,2020_Townsend,2020,1.0,False,included,compatible_uncensored_replicate,SSCP-6a43b65e963493ee
PAMPA:4858,GRP-09cee3b3ac900d6e,2020_Townsend,2020,1.0,False,included,compatible_uncensored_replicate,SSCP-09cee3b3ac900d6e
PAMPA:4859,GRP-ebcadb08fe0a9ef6,2020_Townsend,2020,1.0,False,included,compatible_uncensored_replicate,SSCP-ebcadb08fe0a9ef6
PAMPA:4860,GRP-ce506cc3838561bf,2020_Townsend,2020,1.0,False,included,compatible_uncensored_replicate,SSCP-ce506cc3838561bf
PAMPA:4861,GRP-9668072b4567174f,2020_Townsend,2020,1.0,False,included,compatible_uncensored_replicate,SSCP-9668072b4567174f
PAMPA:4862,GRP-176ae260f62c485e,2020_Townsend,2020,1.0,False,included,compatible_uncensored_replicate,SSCP-176ae260f62c485e
PAMPA:4863,GRP-813e27a936e9b140,2020_Townsend,2020,1.0,False,included,compatible_uncensored_replicate,SSCP-813e27a936e9b140
PAMPA:4864,GRP-02976f2eb4cf9c8b,2020_Townsend,2020,1.0,False,included,compatible_uncensored_replicate,SSCP-02976f2eb4cf9c8b
PAMPA:4865,GRP-fd2611d4e490dd8f,2020_Townsend,2020,1.0,False,included,compatible_uncensored_replicate,SSCP-fd2611d4e490dd8f
PAMPA:4866,GRP-051b3b51188d45f0,2020_Townsend,2020,1.0,False,included,compatible_uncensored_replicate,SSCP-051b3b51188d45f0
PAMPA:4867,GRP-8fd02211cb5d822c,2020_Townsend,2020,1.0,False,included,compatible_uncensored_replicate,SSCP-8fd02211cb5d822c
PAMPA:4868,GRP-94ababd714cc9dce,2020_Townsend,2020,1.0,False,included,compatible_uncensored_replicate,SSCP-94ababd714cc9dce
PAMPA:4869,GRP-4717ec4239f92289,2020_Townsend,2020,1.0,False,included,compatible_uncensored_replicate,SSCP-4717ec4239f92289
PAMPA:4870,GRP-309a371802643ed9,2020_Townsend,2020,1.0,False,included,compatible_uncensored_replicate,SSCP-309a371802643ed9
PAMPA:4871,GRP-6cf71bfdc0336846,2020_Townsend,2020,1.0,False,included,compatible_uncensored_replicate,SSCP-6cf71bfdc0336846
PAMPA:4872,GRP-fc557c1f34cb84b6,2020_Townsend,2020,1.0,False,included,compatible_uncensored_replicate,SSCP-fc557c1f34cb84b6
PAMPA:4873,GRP-a9f094cfee298572,2020_Townsend,2020,1.0,False,included,compatible_uncensored_replicate,SSCP-a9f094cfee298572
PAMPA:4874,GRP-8974476f9784f25c,2020_Townsend,2020,1.0,False,included,compatible_uncensored_replicate,SSCP-8974476f9784f25c
PAMPA:4875,GRP-fc3d5da41b318ec8,2020_Townsend,2020,1.0,False,included,compatible_uncensored_replicate,SSCP-fc3d5da41b318ec8
PAMPA:4876,GRP-00ccebf472ae4d8e,2020_Townsend,2020,1.0,False,included,compatible_uncensored_replicate,SSCP-00ccebf472ae4d8e
PAMPA:4877,GRP-d80b5131544810e2,2020_Townsend,2020,1.0,False,included,compatible_uncensored_replicate,SSCP-d80b5131544810e2
PAMPA:4878,GRP-b889b14a5b99669b,2020_Townsend,2020,1.0,False,included,compatible_uncensored_replicate,SSCP-b889b14a5b99669b
PAMPA:4879,GRP-b629030726d7da50,2020_Townsend,2020,1.0,False,included,compatible_uncensored_replicate,SSCP-b629030726d7da50
PAMPA:4880,GRP-ee10bc6742c2a099,2020_Townsend,2020,1.0,False,included,compatible_uncensored_replicate,SSCP-ee10bc6742c2a099
PAMPA:4881,GRP-4941528c2ddf8252,2020_Townsend,2020,1.0,False,included,compatible_uncensored_replicate,SSCP-4941528c2ddf8252
PAMPA:4882,GRP-92931fd1b78fb6cb,2020_Townsend,2020,1.0,False,included,compatible_uncensored_replicate,SSCP-92931fd1b78fb6cb
PAMPA:4883,GRP-b6c648f4d5c3aaab,2020_Townsend,2020,1.0,False,included,compatible_uncensored_replicate,SSCP-b6c648f4d5c3aaab
PAMPA:4884,GRP-14f673145c6964d9,2020_Townsend,2020,1.0,False,included,compatible_uncensored_replicate,SSCP-14f673145c6964d9
PAMPA:4885,GRP-719393cc85069020,2020_Townsend,2020,1.0,False,included,compatible_uncensored_replicate,SSCP-719393cc85069020
PAMPA:4886,GRP-da6a57ad201ebf2f,2020_Townsend,2020,1.0,False,included,compatible_uncensored_replicate,SSCP-da6a57ad201ebf2f
PAMPA:4887,GRP-98e83d13809546fb,2020_Townsend,2020,1.0,False,included,compatible_uncensored_replicate,SSCP-98e83d13809546fb
PAMPA:4888,GRP-ba980adba864b985,2020_Townsend,2020,1.0,False,included,compatible_uncensored_replicate,SSCP-ba980adba864b985
PAMPA:4889,GRP-d19b9141f05c10e2,2020_Townsend,2020,1.0,False,included,compatible_uncensored_replicate,SSCP-d19b9141f05c10e2
PAMPA:4890,GRP-eb3ae41327f1b66b,2020_Townsend,2020,1.0,False,included,compatible_uncensored_replicate,SSCP-eb3ae41327f1b66b
PAMPA:4891,GRP-3b9c8e89274a3d57,2020_Townsend,2020,1.0,False,included,compatible_uncensored_replicate,SSCP-3b9c8e89274a3d57
PAMPA:4892,GRP-cf8ffe91fb45a811,2020_Townsend,2020,1.0,False,included,compatible_uncensored_replicate,SSCP-cf8ffe91fb45a811
PAMPA:4893,GRP-275693a59dcb35f5,2020_Townsend,2020,1.0,False,included,compatible_uncensored_replicate,SSCP-275693a59dcb35f5
PAMPA:4894,GRP-ca4086211d6dd7c5,2020_Townsend,2020,1.0,False,included,compatible_uncensored_replicate,SSCP-ca4086211d6dd7c5
PAMPA:4895,GRP-81d5e90aeb9e8344,2020_Townsend,2020,1.0,False,included,compatible_uncensored_replicate,SSCP-81d5e90aeb9e8344
PAMPA:4896,GRP-e1ed562e096af8c3,2020_Townsend,2020,1.0,False,included,compatible_uncensored_replicate,SSCP-e1ed562e096af8c3
PAMPA:4897,GRP-c274cd649d047fa7,2020_Townsend,2020,1.0,False,included,compatible_uncensored_replicate,SSCP-c274cd649d047fa7
PAMPA:4898,GRP-9bba30b839c02c41,2020_Townsend,2020,1.0,False,included,compatible_uncensored_replicate,SSCP-9bba30b839c02c41
PAMPA:4899,GRP-7afdab44bd1b5e04,2020_Townsend,2020,1.0,False,included,compatible_uncensored_replicate,SSCP-7afdab44bd1b5e04
PAMPA:4900,GRP-3518b6ea282e2b7b,2020_Townsend,2020,1.0,False,included,compatible_uncensored_replicate,SSCP-3518b6ea282e2b7b
PAMPA:4901,GRP-e6bc5481e8725031,2020_Townsend,2020,1.0,False,included,compatible_uncensored_replicate,SSCP-e6bc5481e8725031
PAMPA:4902,GRP-26eb41b4b447b2b7,2020_Townsend,2020,1.0,False,included,compatible_uncensored_replicate,SSCP-26eb41b4b447b2b7
PAMPA:4903,GRP-4da0a49df49eb936,2020_Townsend,2020,1.0,False,included,compatible_uncensored_replicate,SSCP-4da0a49df49eb936
PAMPA:4904,GRP-c7a56708dab8a1bd,2020_Townsend,2020,1.0,False,included,compatible_uncensored_replicate,SSCP-c7a56708dab8a1bd
PAMPA:4905,GRP-631a31afed7d09fc,2020_Townsend,2020,1.0,False,included,compatible_uncensored_replicate,SSCP-631a31afed7d09fc
PAMPA:4906,GRP-a3663ecbef2876b9,2020_Townsend,2020,1.0,False,included,compatible_uncensored_replicate,SSCP-a3663ecbef2876b9
PAMPA:4907,GRP-ca8822d25fc544f5,2020_Townsend,2020,1.0,False,included,compatible_uncensored_replicate,SSCP-ca8822d25fc544f5
PAMPA:4908,GRP-90068efce083eda3,2020_Townsend,2020,1.0,False,included,compatible_uncensored_replicate,SSCP-90068efce083eda3
PAMPA:4909,GRP-69f8c976638f535b,2020_Townsend,2020,1.0,False,included,compatible_uncensored_replicate,SSCP-69f8c976638f535b
PAMPA:4910,GRP-96084ee10bc854ca,2020_Townsend,2020,1.0,False,included,compatible_uncensored_replicate,SSCP-96084ee10bc854ca
PAMPA:4911,GRP-214052f473b487bf,2020_Townsend,2020,1.0,False,included,compatible_uncensored_replicate,SSCP-214052f473b487bf
PAMPA:4912,GRP-6dec2d3181706ecb,2020_Townsend,2020,1.0,False,included,compatible_uncensored_replicate,SSCP-6dec2d3181706ecb
PAMPA:4913,GRP-2c2e1ccddea38b42,2020_Townsend,2020,1.0,False,included,compatible_uncensored_replicate,SSCP-2c2e1ccddea38b42
PAMPA:4914,GRP-fffcb5ce849410de,2020_Townsend,2020,1.0,False,included,compatible_uncensored_replicate,SSCP-fffcb5ce849410de
PAMPA:4915,GRP-6ca5dc332d9b88ec,2020_Townsend,2020,1.0,False,included,compatible_uncensored_replicate,SSCP-6ca5dc332d9b88ec
PAMPA:4916,GRP-89b65d444c30732a,2020_Townsend,2020,1.0,False,included,compatible_uncensored_replicate,SSCP-89b65d444c30732a
PAMPA:4917,GRP-60364f227748892c,2020_Townsend,2020,1.0,False,included,compatible_uncensored_replicate,SSCP-60364f227748892c
PAMPA:4918,GRP-f8cc98dbcd227ad7,2020_Townsend,2020,1.0,False,included,compatible_uncensored_replicate,SSCP-f8cc98dbcd227ad7
PAMPA:4919,GRP-a9ae857d05e22bdb,2020_Townsend,2020,1.0,False,included,compatible_uncensored_replicate,SSCP-a9ae857d05e22bdb
PAMPA:4920,GRP-bf779f6c0a01d535,2020_Townsend,2020,1.0,False,included,compatible_uncensored_replicate,SSCP-bf779f6c0a01d535
PAMPA:4921,GRP-84ca365c21fd6e5d,2020_Townsend,2020,1.0,False,included,compatible_uncensored_replicate,SSCP-84ca365c21fd6e5d
PAMPA:4922,GRP-2d97627e0c58b7fe,2020_Townsend,2020,1.0,False,included,compatible_uncensored_replicate,SSCP-2d97627e0c58b7fe
PAMPA:4923,GRP-85b160ad8650396e,2020_Townsend,2020,1.0,False,included,compatible_uncensored_replicate,SSCP-85b160ad8650396e
PAMPA:4924,GRP-a7c51a66d3bcb2c6,2020_Townsend,2020,1.0,False,included,compatible_uncensored_replicate,SSCP-a7c51a66d3bcb2c6
PAMPA:4925,GRP-9647a991bccf21a7,2020_Townsend,2020,1.0,False,included,compatible_uncensored_replicate,SSCP-9647a991bccf21a7
PAMPA:4926,GRP-3b6ddeea41acdd11,2020_Townsend,2020,1.0,False,included,compatible_uncensored_replicate,SSCP-3b6ddeea41acdd11
PAMPA:4927,GRP-91267085e4d3e4e4,2020_Townsend,2020,1.0,False,included,compatible_uncensored_replicate,SSCP-91267085e4d3e4e4
PAMPA:4928,GRP-82279135274991f5,2020_Townsend,2020,1.0,False,included,compatible_uncensored_replicate,SSCP-82279135274991f5
PAMPA:4929,GRP-133368b1a3d654fc,2020_Townsend,2020,1.0,False,included,compatible_uncensored_replicate,SSCP-133368b1a3d654fc
PAMPA:4930,GRP-3c93b2ae614fed5a,2020_Townsend,2020,1.0,False,included,compatible_uncensored_replicate,SSCP-3c93b2ae614fed5a
PAMPA:4931,GRP-35d2ad51a0be1032,2020_Townsend,2020,1.0,False,included,compatible_uncensored_replicate,SSCP-35d2ad51a0be1032
PAMPA:4932,GRP-9e2e4b20daa45878,2020_Townsend,2020,1.0,False,included,compatible_uncensored_replicate,SSCP-9e2e4b20daa45878
PAMPA:4933,GRP-2af74367313aacef,2020_Townsend,2020,1.0,False,included,compatible_uncensored_replicate,SSCP-2af74367313aacef
PAMPA:4934,GRP-e14b3c40eff57836,2020_Townsend,2020,1.0,False,included,compatible_uncensored_replicate,SSCP-e14b3c40eff57836
PAMPA:4935,GRP-3acd50e3346dad3c,2020_Townsend,2020,1.0,False,included,compatible_uncensored_replicate,SSCP-3acd50e3346dad3c
PAMPA:4936,GRP-0d1a9d7169aed238,2020_Townsend,2020,1.0,False,included,compatible_uncensored_replicate,SSCP-0d1a9d7169aed238
PAMPA:4937,GRP-4dab09122ebea75d,2020_Townsend,2020,1.0,False,included,compatible_uncensored_replicate,SSCP-4dab09122ebea75d
PAMPA:4938,GRP-9bdf361189b3017d,2020_Townsend,2020,1.0,False,included,compatible_uncensored_replicate,SSCP-9bdf361189b3017d
PAMPA:4939,GRP-1c6abe31d873c5be,2020_Townsend,2020,1.0,False,included,compatible_uncensored_replicate,SSCP-1c6abe31d873c5be
PAMPA:4940,GRP-ef65f48c947413ff,2020_Townsend,2020,1.0,False,included,compatible_uncensored_replicate,SSCP-ef65f48c947413ff
PAMPA:4941,GRP-a200dd1670d9f348,2020_Townsend,2020,1.0,False,included,compatible_uncensored_replicate,SSCP-a200dd1670d9f348
PAMPA:4942,GRP-9ed1a042ecad9ab1,2020_Townsend,2020,1.0,False,included,compatible_uncensored_replicate,SSCP-9ed1a042ecad9ab1
PAMPA:4943,GRP-85371653897c6d88,2020_Townsend,2020,1.0,False,included,compatible_uncensored_replicate,SSCP-85371653897c6d88
PAMPA:4944,GRP-e47825ba109c728d,2020_Townsend,2020,1.0,False,included,compatible_uncensored_replicate,SSCP-e47825ba109c728d
PAMPA:4945,GRP-1ca8852da246d306,2020_Townsend,2020,1.0,False,included,compatible_uncensored_replicate,SSCP-1ca8852da246d306
PAMPA:4946,GRP-60fa46874e6160db,2020_Townsend,2020,1.0,False,included,compatible_uncensored_replicate,SSCP-60fa46874e6160db
PAMPA:4947,GRP-0b650dcb3531e6d8,2020_Townsend,2020,1.0,False,included,compatible_uncensored_replicate,SSCP-0b650dcb3531e6d8
PAMPA:4948,GRP-32359cba8fc72bd3,2020_Townsend,2020,1.0,False,included,compatible_uncensored_replicate,SSCP-32359cba8fc72bd3
PAMPA:4949,GRP-a8d601e5b7919683,2020_Townsend,2020,1.0,False,included,compatible_uncensored_replicate,SSCP-a8d601e5b7919683
PAMPA:4950,GRP-c23c1e07076df0a8,2020_Townsend,2020,1.0,False,included,compatible_uncensored_replicate,SSCP-c23c1e07076df0a8
PAMPA:4951,GRP-350a865b93e8f280,2020_Townsend,2020,1.0,False,included,compatible_uncensored_replicate,SSCP-350a865b93e8f280
PAMPA:4952,GRP-fc301e86864e15a6,2020_Townsend,2020,1.0,False,included,compatible_uncensored_replicate,SSCP-fc301e86864e15a6
PAMPA:4953,GRP-bef52efddf68f55a,2020_Townsend,2020,1.0,False,included,compatible_uncensored_replicate,SSCP-bef52efddf68f55a
PAMPA:4954,GRP-801732f18d3bfe04,2020_Townsend,2020,1.0,False,included,compatible_uncensored_replicate,SSCP-801732f18d3bfe04
PAMPA:4955,GRP-b0bad80f702fdda5,2020_Townsend,2020,1.0,False,included,compatible_uncensored_replicate,SSCP-b0bad80f702fdda5
PAMPA:4956,GRP-cc948c4c0dbd466e,2020_Townsend,2020,1.0,False,included,compatible_uncensored_replicate,SSCP-cc948c4c0dbd466e
PAMPA:4957,GRP-280e494611178cc1,2020_Townsend,2020,1.0,False,included,compatible_uncensored_replicate,SSCP-280e494611178cc1
PAMPA:4958,GRP-4445666bf4843c6f,2020_Townsend,2020,1.0,False,included,compatible_uncensored_replicate,SSCP-4445666bf4843c6f
PAMPA:4959,GRP-29473d7fff15ed85,2020_Townsend,2020,1.0,False,included,compatible_uncensored_replicate,SSCP-29473d7fff15ed85
PAMPA:4960,GRP-a8acebdfada68758,2020_Townsend,2020,1.0,False,included,compatible_uncensored_replicate,SSCP-a8acebdfada68758
PAMPA:4961,GRP-b0e8a1850fe19700,2020_Townsend,2020,1.0,False,included,compatible_uncensored_replicate,SSCP-b0e8a1850fe19700
PAMPA:4962,GRP-bedd47161dc2aecd,2020_Townsend,2020,1.0,False,included,compatible_uncensored_replicate,SSCP-bedd47161dc2aecd
PAMPA:4963,GRP-bec3316f67406290,2020_Townsend,2020,1.0,False,included,compatible_uncensored_replicate,SSCP-bec3316f67406290
PAMPA:4964,GRP-5c0bbf368d1a5dc9,2020_Townsend,2020,1.0,False,included,compatible_uncensored_replicate,SSCP-5c0bbf368d1a5dc9
PAMPA:4965,GRP-9d39818783ff5b79,2020_Townsend,2020,1.0,False,included,compatible_uncensored_replicate,SSCP-9d39818783ff5b79
PAMPA:4966,GRP-fd2df0e7cce210ab,2020_Townsend,2020,1.0,False,included,compatible_uncensored_replicate,SSCP-fd2df0e7cce210ab
PAMPA:4967,GRP-4a4a878e51005ca4,2020_Townsend,2020,1.0,False,included,compatible_uncensored_replicate,SSCP-4a4a878e51005ca4
PAMPA:4968,GRP-4d063e9a5f27989f,2020_Townsend,2020,1.0,False,included,compatible_uncensored_replicate,SSCP-4d063e9a5f27989f
PAMPA:4969,GRP-557ef8e2394b2aa7,2020_Townsend,2020,1.0,False,included,compatible_uncensored_replicate,SSCP-557ef8e2394b2aa7
PAMPA:4970,GRP-b211757f9dae5f27,2020_Townsend,2020,1.0,False,included,compatible_uncensored_replicate,SSCP-b211757f9dae5f27
PAMPA:4971,GRP-95f4e991e00d3db2,2020_Townsend,2020,1.0,False,included,compatible_uncensored_replicate,SSCP-95f4e991e00d3db2
PAMPA:4972,GRP-133c0d9fdb0848ee,2020_Townsend,2020,1.0,False,included,compatible_uncensored_replicate,SSCP-133c0d9fdb0848ee
PAMPA:4973,GRP-55b5999781d224cf,2020_Townsend,2020,1.0,False,included,compatible_uncensored_replicate,SSCP-55b5999781d224cf
PAMPA:4974,GRP-34722d9375a3d563,2020_Townsend,2020,1.0,False,included,compatible_uncensored_replicate,SSCP-34722d9375a3d563
PAMPA:4975,GRP-f1c7df06ea22058e,2020_Townsend,2020,1.0,False,included,compatible_uncensored_replicate,SSCP-f1c7df06ea22058e
PAMPA:4976,GRP-500b4d505711aa9d,2020_Townsend,2020,1.0,False,included,compatible_uncensored_replicate,SSCP-500b4d505711aa9d
PAMPA:4977,GRP-f4b27d3f7b845d4a,2020_Townsend,2020,1.0,False,included,compatible_uncensored_replicate,SSCP-f4b27d3f7b845d4a
PAMPA:4978,GRP-1c46f0d290a69dfe,2020_Townsend,2020,1.0,False,included,compatible_uncensored_replicate,SSCP-1c46f0d290a69dfe
PAMPA:4979,GRP-5f8b3c739792a5d1,2020_Townsend,2020,1.0,False,included,compatible_uncensored_replicate,SSCP-5f8b3c739792a5d1
PAMPA:4980,GRP-6e6b7e6cf09dbf4a,2020_Townsend,2020,1.0,False,included,compatible_uncensored_replicate,SSCP-6e6b7e6cf09dbf4a
PAMPA:4981,GRP-00bf524e777ea7f3,2020_Townsend,2020,1.0,False,included,compatible_uncensored_replicate,SSCP-00bf524e777ea7f3
PAMPA:4982,GRP-b1bcf304bf48dda7,2020_Townsend,2020,1.0,False,included,compatible_uncensored_replicate,SSCP-b1bcf304bf48dda7
PAMPA:4983,GRP-c39e5488c200945e,2020_Townsend,2020,1.0,False,included,compatible_uncensored_replicate,SSCP-c39e5488c200945e
PAMPA:4984,GRP-4cbdadb72b5accf5,2020_Townsend,2020,1.0,False,included,compatible_uncensored_replicate,SSCP-4cbdadb72b5accf5
PAMPA:4985,GRP-1457ed1624c31fa8,2020_Townsend,2020,1.0,False,included,compatible_uncensored_replicate,SSCP-1457ed1624c31fa8
PAMPA:4986,GRP-a9c501cb868d7cec,2020_Townsend,2020,1.0,False,included,compatible_uncensored_replicate,SSCP-a9c501cb868d7cec
PAMPA:4987,GRP-93cc67a3fdf4eee0,2020_Townsend,2020,1.0,False,included,compatible_uncensored_replicate,SSCP-93cc67a3fdf4eee0
PAMPA:4988,GRP-f9a7b2c4165fce8a,2020_Townsend,2020,1.0,False,included,compatible_uncensored_replicate,SSCP-f9a7b2c4165fce8a
PAMPA:4989,GRP-39ab892c397d6a19,2020_Townsend,2020,1.0,False,included,compatible_uncensored_replicate,SSCP-39ab892c397d6a19
PAMPA:4990,GRP-91b43fd51519bc76,2020_Townsend,2020,1.0,False,included,compatible_uncensored_replicate,SSCP-91b43fd51519bc76
PAMPA:4991,GRP-bcb047f908d67d06,2020_Townsend,2020,1.0,False,included,compatible_uncensored_replicate,SSCP-bcb047f908d67d06
PAMPA:4992,GRP-45b29b33caab493c,2020_Townsend,2020,1.0,False,included,compatible_uncensored_replicate,SSCP-45b29b33caab493c
PAMPA:4993,GRP-25c8ca9343839cb7,2020_Townsend,2020,1.0,False,included,compatible_uncensored_replicate,SSCP-25c8ca9343839cb7
PAMPA:4994,GRP-202b75eabee33361,2020_Townsend,2020,1.0,False,included,compatible_uncensored_replicate,SSCP-202b75eabee33361
PAMPA:4995,GRP-70072ad93b7723ba,2020_Townsend,2020,1.0,False,included,compatible_uncensored_replicate,SSCP-70072ad93b7723ba
PAMPA:4996,GRP-13acd5efd86313b3,2020_Townsend,2020,1.0,False,included,compatible_uncensored_replicate,SSCP-13acd5efd86313b3
PAMPA:4997,GRP-299a4a79e09b9b31,2020_Townsend,2020,1.0,False,included,compatible_uncensored_replicate,SSCP-299a4a79e09b9b31
PAMPA:4998,GRP-0839dafce3db3872,2020_Townsend,2020,1.0,False,included,compatible_uncensored_replicate,SSCP-0839dafce3db3872
PAMPA:4999,GRP-c98179d368252c3f,2020_Townsend,2020,1.0,False,included,compatible_uncensored_replicate,SSCP-c98179d368252c3f
PAMPA:5000,GRP-5a6e62b6dd128cbb,2020_Townsend,2020,1.0,False,included,compatible_uncensored_replicate,SSCP-5a6e62b6dd128cbb
PAMPA:5001,GRP-e7ab48491acf8c36,2020_Townsend,2020,1.0,False,included,compatible_uncensored_replicate,SSCP-e7ab48491acf8c36
PAMPA:5002,GRP-7cc90703c6c62e84,2020_Townsend,2020,1.0,False,included,compatible_uncensored_replicate,SSCP-7cc90703c6c62e84
PAMPA:5003,GRP-e2db3f909b22ef17,2020_Townsend,2020,1.0,False,included,compatible_uncensored_replicate,SSCP-e2db3f909b22ef17
PAMPA:5004,GRP-6e366e1142df3ac6,2020_Townsend,2020,1.0,False,included,compatible_uncensored_replicate,SSCP-6e366e1142df3ac6
PAMPA:5005,GRP-e02f04d850a1f525,2020_Townsend,2020,1.0,False,included,compatible_uncensored_replicate,SSCP-e02f04d850a1f525
PAMPA:5006,GRP-34549e8b13e3190c,2020_Townsend,2020,1.0,False,included,compatible_uncensored_replicate,SSCP-34549e8b13e3190c
PAMPA:5007,GRP-92ed99abcd75a7f1,2020_Townsend,2020,1.0,False,included,compatible_uncensored_replicate,SSCP-92ed99abcd75a7f1
PAMPA:5008,GRP-4bdbc7ba99dd0dc1,2020_Townsend,2020,1.0,False,included,compatible_uncensored_replicate,SSCP-4bdbc7ba99dd0dc1
PAMPA:5009,GRP-bc6d1b3aa1db92d9,2020_Townsend,2020,1.0,False,included,compatible_uncensored_replicate,SSCP-bc6d1b3aa1db92d9
PAMPA:5010,GRP-896fcb2773e1257a,2020_Townsend,2020,1.0,False,included,compatible_uncensored_replicate,SSCP-896fcb2773e1257a
PAMPA:5011,GRP-d3674f680a36aa0b,2020_Townsend,2020,1.0,False,included,compatible_uncensored_replicate,SSCP-d3674f680a36aa0b
PAMPA:5012,GRP-68453d7b2b543808,2020_Townsend,2020,1.0,False,included,compatible_uncensored_replicate,SSCP-68453d7b2b543808
PAMPA:5013,GRP-9cbfe209c29e8aff,2020_Townsend,2020,1.0,False,included,compatible_uncensored_replicate,SSCP-9cbfe209c29e8aff
PAMPA:5014,GRP-b7bc11f3674f74ab,2020_Townsend,2020,1.0,False,included,compatible_uncensored_replicate,SSCP-b7bc11f3674f74ab
PAMPA:5015,GRP-613d400fe2005eb1,2020_Townsend,2020,1.0,False,included,compatible_uncensored_replicate,SSCP-613d400fe2005eb1
PAMPA:5016,GRP-217c84cac56f9259,2020_Townsend,2020,1.0,False,included,compatible_uncensored_replicate,SSCP-217c84cac56f9259
PAMPA:5017,GRP-fd65cf03ab9263e8,2020_Townsend,2020,1.0,False,included,compatible_uncensored_replicate,SSCP-fd65cf03ab9263e8
PAMPA:5018,GRP-b7061261785bd178,2020_Townsend,2020,1.0,False,included,compatible_uncensored_replicate,SSCP-b7061261785bd178
PAMPA:5019,GRP-0d0d82609cb418e6,2020_Townsend,2020,1.0,False,included,compatible_uncensored_replicate,SSCP-0d0d82609cb418e6
PAMPA:5020,GRP-f58b2a957ce8fade,2020_Townsend,2020,1.0,False,included,compatible_uncensored_replicate,SSCP-f58b2a957ce8fade
PAMPA:5021,GRP-90b08133327889e3,2020_Townsend,2020,1.0,False,included,compatible_uncensored_replicate,SSCP-90b08133327889e3
PAMPA:5022,GRP-8a125927a406e2f8,2020_Townsend,2020,1.0,False,included,compatible_uncensored_replicate,SSCP-8a125927a406e2f8
PAMPA:5023,GRP-1beca41bf9eebde8,2020_Townsend,2020,1.0,False,included,compatible_uncensored_replicate,SSCP-1beca41bf9eebde8
PAMPA:5024,GRP-ef244e6e5308c655,2020_Townsend,2020,1.0,False,included,compatible_uncensored_replicate,SSCP-ef244e6e5308c655
PAMPA:5025,GRP-f5c6f48780993d2d,2020_Townsend,2020,1.0,False,included,compatible_uncensored_replicate,SSCP-f5c6f48780993d2d
PAMPA:5026,GRP-b2d60a26c81f7401,2020_Townsend,2020,1.0,False,included,compatible_uncensored_replicate,SSCP-b2d60a26c81f7401
PAMPA:5027,GRP-cb66038499634c3e,2020_Townsend,2020,1.0,False,included,compatible_uncensored_replicate,SSCP-cb66038499634c3e
PAMPA:5028,GRP-491d85885d8f5d55,2020_Townsend,2020,1.0,False,included,compatible_uncensored_replicate,SSCP-491d85885d8f5d55
PAMPA:5029,GRP-a242c7c64c2a78cc,2020_Townsend,2020,1.0,False,included,compatible_uncensored_replicate,SSCP-a242c7c64c2a78cc
PAMPA:5030,GRP-47bceeb5ec45085b,2020_Townsend,2020,1.0,False,included,compatible_uncensored_replicate,SSCP-47bceeb5ec45085b
PAMPA:5031,GRP-933f2b1afcc99d7a,2020_Townsend,2020,1.0,False,included,compatible_uncensored_replicate,SSCP-933f2b1afcc99d7a
PAMPA:5032,GRP-05f7c31d9cea533e,2020_Townsend,2020,1.0,False,included,compatible_uncensored_replicate,SSCP-05f7c31d9cea533e
PAMPA:5033,GRP-5c17e7ea72c62219,2020_Townsend,2020,1.0,False,included,compatible_uncensored_replicate,SSCP-5c17e7ea72c62219
PAMPA:5034,GRP-840f02ac8a4cda89,2020_Townsend,2020,1.0,False,included,compatible_uncensored_replicate,SSCP-840f02ac8a4cda89
PAMPA:5035,GRP-587df98aa9dbf959,2020_Townsend,2020,1.0,False,included,compatible_uncensored_replicate,SSCP-587df98aa9dbf959
PAMPA:5036,GRP-1dbdba8aa2782a82,2020_Townsend,2020,1.0,False,included,compatible_uncensored_replicate,SSCP-1dbdba8aa2782a82
PAMPA:5037,GRP-2cba5a05f0b1da73,2020_Townsend,2020,1.0,False,included,compatible_uncensored_replicate,SSCP-2cba5a05f0b1da73
PAMPA:5038,GRP-8a4b207766e6153d,2020_Townsend,2020,1.0,False,included,compatible_uncensored_replicate,SSCP-8a4b207766e6153d
PAMPA:5039,GRP-bd4f01b16abf4432,2020_Townsend,2020,1.0,False,included,compatible_uncensored_replicate,SSCP-bd4f01b16abf4432
PAMPA:5040,GRP-14c58e7c7eceebea,2020_Townsend,2020,1.0,False,included,compatible_uncensored_replicate,SSCP-14c58e7c7eceebea
PAMPA:5041,GRP-0ef87e83b2756462,2020_Townsend,2020,1.0,False,included,compatible_uncensored_replicate,SSCP-0ef87e83b2756462
PAMPA:5042,GRP-e4618bb9df0d1fdb,2020_Townsend,2020,1.0,False,included,compatible_uncensored_replicate,SSCP-e4618bb9df0d1fdb
PAMPA:5043,GRP-833ce15527025e2e,2020_Townsend,2020,1.0,False,included,compatible_uncensored_replicate,SSCP-833ce15527025e2e
PAMPA:5044,GRP-75d10bef1e72922a,2020_Townsend,2020,1.0,False,included,compatible_uncensored_replicate,SSCP-75d10bef1e72922a
PAMPA:5045,GRP-77fa7ffd593401c9,2020_Townsend,2020,1.0,False,included,compatible_uncensored_replicate,SSCP-77fa7ffd593401c9
PAMPA:5046,GRP-d92361deded9a5e7,2020_Townsend,2020,1.0,False,included,compatible_uncensored_replicate,SSCP-d92361deded9a5e7
PAMPA:5047,GRP-a1b9ba0617f90fe1,2020_Townsend,2020,1.0,False,included,compatible_uncensored_replicate,SSCP-a1b9ba0617f90fe1
PAMPA:5048,GRP-28cd37fed9142c9c,2020_Townsend,2020,1.0,False,included,compatible_uncensored_replicate,SSCP-28cd37fed9142c9c
PAMPA:5049,GRP-8b91e1142cb23927,2020_Townsend,2020,1.0,False,included,compatible_uncensored_replicate,SSCP-8b91e1142cb23927
PAMPA:5050,GRP-0308621888e1ace4,2020_Townsend,2020,1.0,False,included,compatible_uncensored_replicate,SSCP-0308621888e1ace4
PAMPA:5051,GRP-fa74ad071f3327a1,2020_Townsend,2020,1.0,False,included,compatible_uncensored_replicate,SSCP-fa74ad071f3327a1
PAMPA:5052,GRP-1033b0389c933105,2020_Townsend,2020,1.0,False,included,compatible_uncensored_replicate,SSCP-1033b0389c933105
PAMPA:5053,GRP-2fb474b8823d0971,2020_Townsend,2020,1.0,False,included,compatible_uncensored_replicate,SSCP-2fb474b8823d0971
PAMPA:5054,GRP-d03d5c5b83575e7f,2020_Townsend,2020,1.0,False,included,compatible_uncensored_replicate,SSCP-d03d5c5b83575e7f
PAMPA:5055,GRP-8d5a09ccce0e5e8e,2020_Townsend,2020,1.0,False,included,compatible_uncensored_replicate,SSCP-8d5a09ccce0e5e8e
PAMPA:5056,GRP-da75eafa63b7f95c,2020_Townsend,2020,1.0,False,included,compatible_uncensored_replicate,SSCP-da75eafa63b7f95c
PAMPA:5057,GRP-167e1bda118b468e,2020_Townsend,2020,1.0,False,included,compatible_uncensored_replicate,SSCP-167e1bda118b468e
PAMPA:5058,GRP-4c1f5f8cce76b2fe,2020_Townsend,2020,1.0,False,included,compatible_uncensored_replicate,SSCP-4c1f5f8cce76b2fe
PAMPA:5059,GRP-7dfeabf034524e2e,2020_Townsend,2020,1.0,False,included,compatible_uncensored_replicate,SSCP-7dfeabf034524e2e
PAMPA:5060,GRP-0dcc73633d4cc506,2020_Townsend,2020,1.0,False,included,compatible_uncensored_replicate,SSCP-0dcc73633d4cc506
PAMPA:5061,GRP-a7efc75a06d7b75e,2020_Townsend,2020,1.0,False,included,compatible_uncensored_replicate,SSCP-a7efc75a06d7b75e
PAMPA:5062,GRP-cedf42ab5f24d229,2020_Townsend,2020,1.0,False,included,compatible_uncensored_replicate,SSCP-cedf42ab5f24d229
PAMPA:5063,GRP-c273a26a18518fc2,2020_Townsend,2020,1.0,False,included,compatible_uncensored_replicate,SSCP-c273a26a18518fc2
PAMPA:5064,GRP-ac1d3a1380e29957,2020_Townsend,2020,1.0,False,included,compatible_uncensored_replicate,SSCP-ac1d3a1380e29957
PAMPA:5065,GRP-ffc41a85a763415d,2020_Townsend,2020,1.0,False,included,compatible_uncensored_replicate,SSCP-ffc41a85a763415d
PAMPA:5066,GRP-3c30cce22edcfbd4,2020_Townsend,2020,1.0,False,included,compatible_uncensored_replicate,SSCP-3c30cce22edcfbd4
PAMPA:5067,GRP-03ddc829284aa18f,2020_Townsend,2020,1.0,False,included,compatible_uncensored_replicate,SSCP-03ddc829284aa18f
PAMPA:5068,GRP-7b00406ff9b8beaa,2020_Townsend,2020,1.0,False,included,compatible_uncensored_replicate,SSCP-7b00406ff9b8beaa
PAMPA:5069,GRP-1f1670a692f90ec6,2020_Townsend,2020,1.0,False,included,compatible_uncensored_replicate,SSCP-1f1670a692f90ec6
PAMPA:5070,GRP-ba5653c7a9f1ccd5,2020_Townsend,2020,1.0,False,included,compatible_uncensored_replicate,SSCP-ba5653c7a9f1ccd5
PAMPA:5071,GRP-8da719d4b30623a1,2020_Townsend,2020,1.0,False,included,compatible_uncensored_replicate,SSCP-8da719d4b30623a1
PAMPA:5072,GRP-55c93f28758cb1c0,2020_Townsend,2020,1.0,False,included,compatible_uncensored_replicate,SSCP-55c93f28758cb1c0
PAMPA:5073,GRP-27f03137e59f76ff,2020_Townsend,2020,1.0,False,included,compatible_uncensored_replicate,SSCP-27f03137e59f76ff
PAMPA:5074,GRP-d0807a39bb21e9b6,2020_Townsend,2020,1.0,False,included,compatible_uncensored_replicate,SSCP-d0807a39bb21e9b6
PAMPA:5075,GRP-ac1564636c95f72a,2020_Townsend,2020,1.0,False,included,compatible_uncensored_replicate,SSCP-ac1564636c95f72a
PAMPA:5076,GRP-1aa5244b95b0e468,2020_Townsend,2020,1.0,False,included,compatible_uncensored_replicate,SSCP-1aa5244b95b0e468
PAMPA:5077,GRP-56a90d40d596437c,2020_Townsend,2020,1.0,False,included,compatible_uncensored_replicate,SSCP-56a90d40d596437c
PAMPA:5078,GRP-4e5582a6aa4fc6c2,2020_Townsend,2020,1.0,False,included,compatible_uncensored_replicate,SSCP-4e5582a6aa4fc6c2
PAMPA:5079,GRP-b368e8fbcb9a9e06,2020_Townsend,2020,1.0,False,included,compatible_uncensored_replicate,SSCP-b368e8fbcb9a9e06
PAMPA:5080,GRP-dbe0c3c38e7cbfa1,2020_Townsend,2020,1.0,False,included,compatible_uncensored_replicate,SSCP-dbe0c3c38e7cbfa1
PAMPA:5081,GRP-e48e6cfe13a7db84,2020_Townsend,2020,1.0,False,included,compatible_uncensored_replicate,SSCP-e48e6cfe13a7db84
PAMPA:5082,GRP-0a5dcb3e054c6309,2020_Townsend,2020,1.0,False,included,compatible_uncensored_replicate,SSCP-0a5dcb3e054c6309
PAMPA:5083,GRP-b35791ab9853637b,2020_Townsend,2020,1.0,False,included,compatible_uncensored_replicate,SSCP-b35791ab9853637b
PAMPA:5084,GRP-00e04b37389ab0c8,2020_Townsend,2020,1.0,False,included,compatible_uncensored_replicate,SSCP-00e04b37389ab0c8
PAMPA:5085,GRP-89cd8a01ee43345e,2020_Townsend,2020,1.0,False,included,compatible_uncensored_replicate,SSCP-89cd8a01ee43345e
PAMPA:5086,GRP-9ba8c11d6a93b015,2020_Townsend,2020,1.0,False,included,compatible_uncensored_replicate,SSCP-9ba8c11d6a93b015
PAMPA:5087,GRP-962c8ab4ed71d56e,2020_Townsend,2020,1.0,False,included,compatible_uncensored_replicate,SSCP-962c8ab4ed71d56e
PAMPA:5088,GRP-3176e61b89ee1b91,2020_Townsend,2020,1.0,False,included,compatible_uncensored_replicate,SSCP-3176e61b89ee1b91
PAMPA:5089,GRP-796ad7e7825bddb9,2020_Townsend,2020,1.0,False,included,compatible_uncensored_replicate,SSCP-796ad7e7825bddb9
PAMPA:5090,GRP-ac2252e5738cc187,2020_Townsend,2020,1.0,False,included,compatible_uncensored_replicate,SSCP-ac2252e5738cc187
PAMPA:5091,GRP-298589125e2d1196,2020_Townsend,2020,1.0,False,included,compatible_uncensored_replicate,SSCP-298589125e2d1196
PAMPA:5092,GRP-c57e5184c3ea9246,2020_Townsend,2020,1.0,False,included,compatible_uncensored_replicate,SSCP-c57e5184c3ea9246
PAMPA:5093,GRP-759c934827490d03,2020_Townsend,2020,1.0,False,included,compatible_uncensored_replicate,SSCP-759c934827490d03
PAMPA:5094,GRP-32def98ea56db6ac,2020_Townsend,2020,1.0,False,included,compatible_uncensored_replicate,SSCP-32def98ea56db6ac
PAMPA:5095,GRP-614085fb10e4c111,2020_Townsend,2020,1.0,False,included,compatible_uncensored_replicate,SSCP-614085fb10e4c111
PAMPA:5096,GRP-8b4ebd8a4ec4ee6a,2020_Townsend,2020,1.0,False,included,compatible_uncensored_replicate,SSCP-8b4ebd8a4ec4ee6a
PAMPA:5097,GRP-c73cedff6b869145,2020_Townsend,2020,1.0,False,included,compatible_uncensored_replicate,SSCP-c73cedff6b869145
PAMPA:5098,GRP-a8532da380719c17,2020_Townsend,2020,1.0,False,included,compatible_uncensored_replicate,SSCP-a8532da380719c17
PAMPA:5099,GRP-5ae4c32993a648a7,2020_Townsend,2020,1.0,False,included,compatible_uncensored_replicate,SSCP-5ae4c32993a648a7
PAMPA:5100,GRP-d8806c714de06185,2020_Townsend,2020,1.0,False,included,compatible_uncensored_replicate,SSCP-d8806c714de06185
PAMPA:5101,GRP-d7a0a12e5f6358e0,2020_Townsend,2020,1.0,False,included,compatible_uncensored_replicate,SSCP-d7a0a12e5f6358e0
PAMPA:5102,GRP-7a730c981783f48b,2020_Townsend,2020,1.0,False,included,compatible_uncensored_replicate,SSCP-7a730c981783f48b
PAMPA:5103,GRP-62b17976d69339f5,2020_Townsend,2020,1.0,False,included,compatible_uncensored_replicate,SSCP-62b17976d69339f5
PAMPA:5104,GRP-736248c3c68ca29c,2020_Townsend,2020,1.0,False,included,compatible_uncensored_replicate,SSCP-736248c3c68ca29c
PAMPA:5105,GRP-e07c35039fb62cf1,2020_Townsend,2020,1.0,False,included,compatible_uncensored_replicate,SSCP-e07c35039fb62cf1
PAMPA:5106,GRP-27573e06f895b0ca,2020_Townsend,2020,1.0,False,included,compatible_uncensored_replicate,SSCP-27573e06f895b0ca
PAMPA:5107,GRP-c95e38ec55fae670,2020_Townsend,2020,1.0,False,included,compatible_uncensored_replicate,SSCP-c95e38ec55fae670
PAMPA:5108,GRP-8011409942422d95,2020_Townsend,2020,1.0,False,included,compatible_uncensored_replicate,SSCP-8011409942422d95
PAMPA:5109,GRP-7355ee7e2d2b17b3,2020_Townsend,2020,1.0,False,included,compatible_uncensored_replicate,SSCP-7355ee7e2d2b17b3
PAMPA:5110,GRP-f12f722f06eecf87,2020_Townsend,2020,1.0,False,included,compatible_uncensored_replicate,SSCP-f12f722f06eecf87
PAMPA:5111,GRP-a8472cb96267d419,2020_Townsend,2020,1.0,False,included,compatible_uncensored_replicate,SSCP-a8472cb96267d419
PAMPA:5112,GRP-a085def931b12695,2020_Townsend,2020,1.0,False,included,compatible_uncensored_replicate,SSCP-a085def931b12695
PAMPA:5113,GRP-c0ccc8d9e34db661,2020_Townsend,2020,1.0,False,included,compatible_uncensored_replicate,SSCP-c0ccc8d9e34db661
PAMPA:5114,GRP-a950321bc72f5142,2020_Townsend,2020,1.0,False,included,compatible_uncensored_replicate,SSCP-a950321bc72f5142
PAMPA:5115,GRP-63a26bdc2af4cd26,2020_Townsend,2020,1.0,False,included,compatible_uncensored_replicate,SSCP-63a26bdc2af4cd26
PAMPA:5116,GRP-a40101e65b6653d1,2020_Townsend,2020,1.0,False,included,compatible_uncensored_replicate,SSCP-a40101e65b6653d1
PAMPA:5117,GRP-2d6a184b66188fea,2020_Townsend,2020,1.0,False,included,compatible_uncensored_replicate,SSCP-2d6a184b66188fea
PAMPA:5118,GRP-6a86e46a5f9ec039,2020_Townsend,2020,1.0,False,included,compatible_uncensored_replicate,SSCP-6a86e46a5f9ec039
PAMPA:5119,GRP-ff795e19a42521b0,2020_Townsend,2020,1.0,False,included,compatible_uncensored_replicate,SSCP-ff795e19a42521b0
PAMPA:5120,GRP-8b048253e96b48a6,2020_Townsend,2020,1.0,False,included,compatible_uncensored_replicate,SSCP-8b048253e96b48a6
PAMPA:5121,GRP-1fd2a2fb910b2c51,2020_Townsend,2020,1.0,False,included,compatible_uncensored_replicate,SSCP-1fd2a2fb910b2c51
PAMPA:5122,GRP-d9f2c1f001d7f508,2020_Townsend,2020,1.0,False,included,compatible_uncensored_replicate,SSCP-d9f2c1f001d7f508
PAMPA:5123,GRP-8e3bb2cebf14a700,2020_Townsend,2020,1.0,False,included,compatible_uncensored_replicate,SSCP-8e3bb2cebf14a700
PAMPA:5124,GRP-1d49094533994357,2020_Townsend,2020,1.0,False,included,compatible_uncensored_replicate,SSCP-1d49094533994357
PAMPA:5125,GRP-b7471723c584fb58,2020_Townsend,2020,1.0,False,included,compatible_uncensored_replicate,SSCP-b7471723c584fb58
PAMPA:5126,GRP-48895c15ec7caa7c,2020_Townsend,2020,1.0,False,included,compatible_uncensored_replicate,SSCP-48895c15ec7caa7c
PAMPA:5127,GRP-5bf866fda97ee353,2020_Townsend,2020,1.0,False,included,compatible_uncensored_replicate,SSCP-5bf866fda97ee353
PAMPA:5128,GRP-733b8c382fa4bfd2,2020_Townsend,2020,1.0,False,included,compatible_uncensored_replicate,SSCP-733b8c382fa4bfd2
PAMPA:5129,GRP-a5ba94319ecf8353,2020_Townsend,2020,1.0,False,included,compatible_uncensored_replicate,SSCP-a5ba94319ecf8353
PAMPA:5130,GRP-c095bdb9096232e8,2020_Townsend,2020,1.0,False,included,compatible_uncensored_replicate,SSCP-c095bdb9096232e8
PAMPA:5131,GRP-87091310626dffa0,2020_Townsend,2020,1.0,False,included,compatible_uncensored_replicate,SSCP-87091310626dffa0
PAMPA:5132,GRP-4f9397efa7487a4f,2020_Townsend,2020,1.0,False,included,compatible_uncensored_replicate,SSCP-4f9397efa7487a4f
PAMPA:5133,GRP-03732bbc7acbf849,2020_Townsend,2020,1.0,False,included,compatible_uncensored_replicate,SSCP-03732bbc7acbf849
PAMPA:5134,GRP-671405231cc2a8a4,2020_Townsend,2020,1.0,False,included,compatible_uncensored_replicate,SSCP-671405231cc2a8a4
PAMPA:5135,GRP-d57a2e9d5ae51526,2020_Townsend,2020,1.0,False,included,compatible_uncensored_replicate,SSCP-d57a2e9d5ae51526
PAMPA:5136,GRP-334fb0befd27201b,2020_Townsend,2020,1.0,False,included,compatible_uncensored_replicate,SSCP-334fb0befd27201b
PAMPA:5137,GRP-8e38ea335a0fedef,2020_Townsend,2020,1.0,False,included,compatible_uncensored_replicate,SSCP-8e38ea335a0fedef
PAMPA:5138,GRP-144b36fbf4bb4a6b,2020_Townsend,2020,1.0,False,included,compatible_uncensored_replicate,SSCP-144b36fbf4bb4a6b
PAMPA:5139,GRP-58b6f12e814c2487,2020_Townsend,2020,1.0,False,included,compatible_uncensored_replicate,SSCP-58b6f12e814c2487
PAMPA:5140,GRP-b010789f1ebcb48e,2020_Townsend,2020,1.0,False,included,compatible_uncensored_replicate,SSCP-b010789f1ebcb48e
PAMPA:5141,GRP-9f7e0ac2e11d7f39,2020_Townsend,2020,1.0,False,included,compatible_uncensored_replicate,SSCP-9f7e0ac2e11d7f39
PAMPA:5142,GRP-66cd103a486fd15c,2020_Townsend,2020,1.0,False,included,compatible_uncensored_replicate,SSCP-66cd103a486fd15c
PAMPA:5143,GRP-e1bb9b8b1c3a7aef,2020_Townsend,2020,1.0,False,included,compatible_uncensored_replicate,SSCP-e1bb9b8b1c3a7aef
PAMPA:5144,GRP-6e7c126163be3ea3,2020_Townsend,2020,1.0,False,included,compatible_uncensored_replicate,SSCP-6e7c126163be3ea3
PAMPA:5145,GRP-a6c64cd944c55780,2020_Townsend,2020,1.0,False,included,compatible_uncensored_replicate,SSCP-a6c64cd944c55780
PAMPA:5146,GRP-078053ca33452a49,2020_Townsend,2020,1.0,False,included,compatible_uncensored_replicate,SSCP-078053ca33452a49
PAMPA:5147,GRP-684bc7498519ba9d,2020_Townsend,2020,1.0,False,included,compatible_uncensored_replicate,SSCP-684bc7498519ba9d
PAMPA:5148,GRP-a22439c4a1d1257a,2020_Townsend,2020,1.0,False,included,compatible_uncensored_replicate,SSCP-a22439c4a1d1257a
PAMPA:5149,GRP-98e6182d0d85d5f8,2020_Townsend,2020,1.0,False,included,compatible_uncensored_replicate,SSCP-98e6182d0d85d5f8
PAMPA:5150,GRP-c3c0c7a47cee6cd9,2020_Townsend,2020,1.0,False,included,compatible_uncensored_replicate,SSCP-c3c0c7a47cee6cd9
PAMPA:5151,GRP-cbab3d93c2908b23,2020_Townsend,2020,1.0,False,included,compatible_uncensored_replicate,SSCP-cbab3d93c2908b23
PAMPA:5152,GRP-fbce4b7641e4a300,2020_Townsend,2020,1.0,False,included,compatible_uncensored_replicate,SSCP-fbce4b7641e4a300
PAMPA:5153,GRP-9009169d1cf93971,2020_Townsend,2020,1.0,False,included,compatible_uncensored_replicate,SSCP-9009169d1cf93971
PAMPA:5154,GRP-80286c9e113164a7,2020_Townsend,2020,1.0,False,included,compatible_uncensored_replicate,SSCP-80286c9e113164a7
PAMPA:5155,GRP-e477dc2ef52341f7,2020_Townsend,2020,1.0,False,included,compatible_uncensored_replicate,SSCP-e477dc2ef52341f7
PAMPA:5156,GRP-3c139f22c51ca9a7,2020_Townsend,2020,1.0,False,included,compatible_uncensored_replicate,SSCP-3c139f22c51ca9a7
PAMPA:5157,GRP-da6b18d11f6b0fc4,2020_Townsend,2020,1.0,False,included,compatible_uncensored_replicate,SSCP-da6b18d11f6b0fc4
PAMPA:5158,GRP-92d894b5aaa5f492,2020_Townsend,2020,1.0,False,included,compatible_uncensored_replicate,SSCP-92d894b5aaa5f492
PAMPA:5159,GRP-fcb0dc2f3390c729,2020_Townsend,2020,1.0,False,included,compatible_uncensored_replicate,SSCP-fcb0dc2f3390c729
PAMPA:5160,GRP-a0df4e23fe8c388a,2020_Townsend,2020,1.0,False,included,compatible_uncensored_replicate,SSCP-a0df4e23fe8c388a
PAMPA:5161,GRP-8fb22d6c9770ef29,2020_Townsend,2020,1.0,False,included,compatible_uncensored_replicate,SSCP-8fb22d6c9770ef29
PAMPA:5162,GRP-3a9743e58ab49cb2,2020_Townsend,2020,1.0,False,included,compatible_uncensored_replicate,SSCP-3a9743e58ab49cb2
PAMPA:5163,GRP-937c9d831e6a1867,2020_Townsend,2020,1.0,False,included,compatible_uncensored_replicate,SSCP-937c9d831e6a1867
PAMPA:5164,GRP-bef21a651475429c,2020_Townsend,2020,1.0,False,included,compatible_uncensored_replicate,SSCP-bef21a651475429c
PAMPA:5165,GRP-8783dceed0268a32,2020_Townsend,2020,1.0,False,included,compatible_uncensored_replicate,SSCP-8783dceed0268a32
PAMPA:5166,GRP-fdfdc3652da41037,2020_Townsend,2020,1.0,False,included,compatible_uncensored_replicate,SSCP-fdfdc3652da41037
PAMPA:5167,GRP-2b343d8f9327be80,2020_Townsend,2020,1.0,False,included,compatible_uncensored_replicate,SSCP-2b343d8f9327be80
PAMPA:5168,GRP-5af61cd3cfa41f36,2020_Townsend,2020,1.0,False,included,compatible_uncensored_replicate,SSCP-5af61cd3cfa41f36
PAMPA:5169,GRP-ec31679a58f660a1,2020_Townsend,2020,1.0,False,included,compatible_uncensored_replicate,SSCP-ec31679a58f660a1
PAMPA:5170,GRP-bb23684629f865a5,2020_Townsend,2020,1.0,False,included,compatible_uncensored_replicate,SSCP-bb23684629f865a5
PAMPA:5171,GRP-2ddf62b0a54614cd,2020_Townsend,2020,1.0,False,included,compatible_uncensored_replicate,SSCP-2ddf62b0a54614cd
PAMPA:5172,GRP-2d9f66f60ca31781,2020_Townsend,2020,1.0,False,included,compatible_uncensored_replicate,SSCP-2d9f66f60ca31781
PAMPA:5173,GRP-c2a2318810ee041f,2020_Townsend,2020,1.0,False,included,compatible_uncensored_replicate,SSCP-c2a2318810ee041f
PAMPA:5174,GRP-a50cd1e1e8e4ec9b,2020_Townsend,2020,1.0,False,included,compatible_uncensored_replicate,SSCP-a50cd1e1e8e4ec9b
PAMPA:5175,GRP-95c5b380564969b9,2020_Townsend,2020,1.0,False,included,compatible_uncensored_replicate,SSCP-95c5b380564969b9
PAMPA:5176,GRP-d21a87d7fd087395,2020_Townsend,2020,1.0,False,included,compatible_uncensored_replicate,SSCP-d21a87d7fd087395
PAMPA:5177,GRP-a5e4ead972ba1d4e,2020_Townsend,2020,1.0,False,included,compatible_uncensored_replicate,SSCP-a5e4ead972ba1d4e
PAMPA:5178,GRP-b92f3caeba00a8eb,2020_Townsend,2020,1.0,False,included,compatible_uncensored_replicate,SSCP-b92f3caeba00a8eb
PAMPA:5179,GRP-af89ab77071960a7,2020_Townsend,2020,1.0,False,included,compatible_uncensored_replicate,SSCP-af89ab77071960a7
PAMPA:5180,GRP-be03f8d7cbf9a3bc,2020_Townsend,2020,1.0,False,included,compatible_uncensored_replicate,SSCP-be03f8d7cbf9a3bc
PAMPA:5181,GRP-6bfaa7cd6eb4e04d,2020_Townsend,2020,1.0,False,included,compatible_uncensored_replicate,SSCP-6bfaa7cd6eb4e04d
PAMPA:5182,GRP-84a0d459588ba09a,2020_Townsend,2020,1.0,False,included,compatible_uncensored_replicate,SSCP-84a0d459588ba09a
PAMPA:5183,GRP-4dc648989bbbc924,2020_Townsend,2020,1.0,False,included,compatible_uncensored_replicate,SSCP-4dc648989bbbc924
PAMPA:5184,GRP-5ffce261366cf706,2020_Townsend,2020,1.0,False,included,compatible_uncensored_replicate,SSCP-5ffce261366cf706
PAMPA:5185,GRP-6a0520ca27e8a1fc,2020_Townsend,2020,1.0,False,included,compatible_uncensored_replicate,SSCP-6a0520ca27e8a1fc
PAMPA:5186,GRP-6a38103d43be7ca7,2020_Townsend,2020,1.0,False,included,compatible_uncensored_replicate,SSCP-6a38103d43be7ca7
PAMPA:5187,GRP-86531669b453e409,2020_Townsend,2020,1.0,False,included,compatible_uncensored_replicate,SSCP-86531669b453e409
PAMPA:5188,GRP-3fe73c2d79ef40c6,2020_Townsend,2020,1.0,False,included,compatible_uncensored_replicate,SSCP-3fe73c2d79ef40c6
PAMPA:5189,GRP-21b465f6530824c2,2020_Townsend,2020,1.0,False,included,compatible_uncensored_replicate,SSCP-21b465f6530824c2
PAMPA:5190,GRP-759b19801e9fea63,2020_Townsend,2020,1.0,False,included,compatible_uncensored_replicate,SSCP-759b19801e9fea63
PAMPA:5191,GRP-3c5e4401714b9812,2020_Townsend,2020,1.0,False,included,compatible_uncensored_replicate,SSCP-3c5e4401714b9812
PAMPA:5192,GRP-225ccdac557bebf0,2020_Townsend,2020,1.0,False,included,compatible_uncensored_replicate,SSCP-225ccdac557bebf0
PAMPA:5193,GRP-3a453fa32b6952d1,2020_Townsend,2020,1.0,False,included,compatible_uncensored_replicate,SSCP-3a453fa32b6952d1
PAMPA:5194,GRP-8b9be1a70a4ff655,2020_Townsend,2020,1.0,False,included,compatible_uncensored_replicate,SSCP-8b9be1a70a4ff655
PAMPA:5195,GRP-de383dd1189c771c,2020_Townsend,2020,1.0,False,included,compatible_uncensored_replicate,SSCP-de383dd1189c771c
PAMPA:5196,GRP-e5eaed4f27e74837,2020_Townsend,2020,1.0,False,included,compatible_uncensored_replicate,SSCP-e5eaed4f27e74837
PAMPA:5197,GRP-6f1deced1b4b237c,2020_Townsend,2020,1.0,False,included,compatible_uncensored_replicate,SSCP-6f1deced1b4b237c
PAMPA:5198,GRP-54e16d1f1e66ce8b,2020_Townsend,2020,1.0,False,included,compatible_uncensored_replicate,SSCP-54e16d1f1e66ce8b
PAMPA:5199,GRP-c4bce7a63c6278c8,2020_Townsend,2020,1.0,False,included,compatible_uncensored_replicate,SSCP-c4bce7a63c6278c8
PAMPA:5200,GRP-a5d7b42fff193596,2020_Townsend,2020,1.0,False,included,compatible_uncensored_replicate,SSCP-a5d7b42fff193596
PAMPA:5201,GRP-5db03960bc00a497,2020_Townsend,2020,1.0,False,included,compatible_uncensored_replicate,SSCP-5db03960bc00a497
PAMPA:5202,GRP-494b2062c79202ee,2020_Townsend,2020,1.0,False,included,compatible_uncensored_replicate,SSCP-494b2062c79202ee
PAMPA:5203,GRP-f39bdb1106188a4d,2020_Townsend,2020,1.0,False,included,compatible_uncensored_replicate,SSCP-f39bdb1106188a4d
PAMPA:5204,GRP-268b5f0cc6768335,2020_Townsend,2020,1.0,False,included,compatible_uncensored_replicate,SSCP-268b5f0cc6768335
PAMPA:5205,GRP-79dc6b4a6f8aaec2,2020_Townsend,2020,1.0,False,included,compatible_uncensored_replicate,SSCP-79dc6b4a6f8aaec2
PAMPA:5206,GRP-e6bda30cd6f99c91,2020_Townsend,2020,1.0,False,included,compatible_uncensored_replicate,SSCP-e6bda30cd6f99c91
PAMPA:5207,GRP-8b5fe5d5a19a3975,2020_Townsend,2020,1.0,False,included,compatible_uncensored_replicate,SSCP-8b5fe5d5a19a3975
PAMPA:5208,GRP-307a49a088bd1cbb,2020_Townsend,2020,1.0,False,included,compatible_uncensored_replicate,SSCP-307a49a088bd1cbb
PAMPA:5209,GRP-69547adc99b15544,2020_Townsend,2020,1.0,False,included,compatible_uncensored_replicate,SSCP-69547adc99b15544
PAMPA:5210,GRP-656db08078cff6ce,2020_Townsend,2020,1.0,False,included,compatible_uncensored_replicate,SSCP-656db08078cff6ce
PAMPA:5211,GRP-92825fe1b876c03e,2020_Townsend,2020,1.0,False,included,compatible_uncensored_replicate,SSCP-92825fe1b876c03e
PAMPA:5212,GRP-791918143f815f1a,2020_Townsend,2020,1.0,False,included,compatible_uncensored_replicate,SSCP-791918143f815f1a
PAMPA:5213,GRP-a37a6025a11c03f0,2020_Townsend,2020,1.0,False,included,compatible_uncensored_replicate,SSCP-a37a6025a11c03f0
PAMPA:5214,GRP-56360188dca61a65,2020_Townsend,2020,1.0,False,included,compatible_uncensored_replicate,SSCP-56360188dca61a65
PAMPA:5215,GRP-2c0a8c2920147dc5,2020_Townsend,2020,1.0,True,excluded,irrecoverably_censored_or_missing_label,
PAMPA:5216,GRP-c0b996c4e952136f,2020_Townsend,2020,1.0,False,included,compatible_uncensored_replicate,SSCP-c0b996c4e952136f
PAMPA:5217,GRP-0c564ba8c9e14106,2020_Townsend,2020,1.0,False,included,compatible_uncensored_replicate,SSCP-0c564ba8c9e14106
PAMPA:5218,GRP-716b90e41f98c86f,2020_Townsend,2020,1.0,False,included,compatible_uncensored_replicate,SSCP-716b90e41f98c86f
PAMPA:5219,GRP-2124329a97efb69e,2020_Townsend,2020,1.0,False,included,compatible_uncensored_replicate,SSCP-2124329a97efb69e
PAMPA:5220,GRP-e794c7651e009ddf,2020_Townsend,2020,1.0,True,excluded,irrecoverably_censored_or_missing_label,
PAMPA:5221,GRP-1a5402b102f24864,2020_Townsend,2020,1.0,False,included,compatible_uncensored_replicate,SSCP-1a5402b102f24864
PAMPA:5222,GRP-d0f13288c42d4d12,2020_Townsend,2020,1.0,False,included,compatible_uncensored_replicate,SSCP-d0f13288c42d4d12
PAMPA:5223,GRP-84aa844e593861e8,2020_Townsend,2020,1.0,False,included,compatible_uncensored_replicate,SSCP-84aa844e593861e8
PAMPA:5224,GRP-58230e43e72ba347,2020_Townsend,2020,1.0,False,included,compatible_uncensored_replicate,SSCP-58230e43e72ba347
PAMPA:5225,GRP-ad01541038747b27,2020_Townsend,2020,1.0,False,included,compatible_uncensored_replicate,SSCP-ad01541038747b27
PAMPA:5226,GRP-869268142927832b,2020_Townsend,2020,1.0,False,included,compatible_uncensored_replicate,SSCP-869268142927832b
PAMPA:5227,GRP-a79fda899b647871,2020_Townsend,2020,1.0,False,included,compatible_uncensored_replicate,SSCP-a79fda899b647871
PAMPA:5228,GRP-eb119e108f133cc4,2020_Townsend,2020,1.0,False,included,compatible_uncensored_replicate,SSCP-eb119e108f133cc4
PAMPA:5229,GRP-ebd899bc4ba7955d,2020_Townsend,2020,1.0,False,included,compatible_uncensored_replicate,SSCP-ebd899bc4ba7955d
PAMPA:5230,GRP-e0677ab16778bb74,2020_Townsend,2020,1.0,False,included,compatible_uncensored_replicate,SSCP-e0677ab16778bb74
PAMPA:5231,GRP-1ebaac2ba4e30cd3,2020_Townsend,2020,1.0,False,included,compatible_uncensored_replicate,SSCP-1ebaac2ba4e30cd3
PAMPA:5232,GRP-f7bc5a72a72c94b9,2020_Townsend,2020,1.0,False,included,compatible_uncensored_replicate,SSCP-f7bc5a72a72c94b9
PAMPA:5233,GRP-d07991a5d5cdfc0e,2020_Townsend,2020,1.0,False,included,compatible_uncensored_replicate,SSCP-d07991a5d5cdfc0e
PAMPA:5234,GRP-9fe3f2cb9849368d,2020_Townsend,2020,1.0,False,included,compatible_uncensored_replicate,SSCP-9fe3f2cb9849368d
PAMPA:5235,GRP-4b709e059509f287,2020_Townsend,2020,1.0,False,included,compatible_uncensored_replicate,SSCP-4b709e059509f287
PAMPA:5236,GRP-b06c58bf3fb3c97f,2020_Townsend,2020,1.0,False,included,compatible_uncensored_replicate,SSCP-b06c58bf3fb3c97f
PAMPA:5237,GRP-a2cde3a150a73638,2020_Townsend,2020,1.0,False,included,compatible_uncensored_replicate,SSCP-a2cde3a150a73638
PAMPA:5238,GRP-7f45dc3dae70b1f9,2020_Townsend,2020,1.0,False,included,compatible_uncensored_replicate,SSCP-7f45dc3dae70b1f9
PAMPA:5239,GRP-e9027f55a4378c69,2020_Townsend,2020,1.0,False,included,compatible_uncensored_replicate,SSCP-e9027f55a4378c69
PAMPA:5240,GRP-8d0882cacf834371,2020_Townsend,2020,1.0,False,included,compatible_uncensored_replicate,SSCP-8d0882cacf834371
PAMPA:5241,GRP-9115aa4b9d3f97bb,2020_Townsend,2020,1.0,False,included,compatible_uncensored_replicate,SSCP-9115aa4b9d3f97bb
PAMPA:5242,GRP-c83a6d5cdc20a289,2020_Townsend,2020,1.0,False,included,compatible_uncensored_replicate,SSCP-c83a6d5cdc20a289
PAMPA:5243,GRP-4320b7c1140732b3,2020_Townsend,2020,1.0,False,included,compatible_uncensored_replicate,SSCP-4320b7c1140732b3
PAMPA:5244,GRP-2d3b64aaedb5c249,2020_Townsend,2020,1.0,False,included,compatible_uncensored_replicate,SSCP-2d3b64aaedb5c249
PAMPA:5245,GRP-0472de082a9451c8,2020_Townsend,2020,1.0,False,included,compatible_uncensored_replicate,SSCP-0472de082a9451c8
PAMPA:5246,GRP-771de0dd48e13b6d,2020_Townsend,2020,1.0,False,included,compatible_uncensored_replicate,SSCP-771de0dd48e13b6d
PAMPA:5247,GRP-8bc274ec72e91353,2020_Townsend,2020,1.0,False,included,compatible_uncensored_replicate,SSCP-8bc274ec72e91353
PAMPA:5248,GRP-e236f3c28dca25dc,2020_Townsend,2020,1.0,False,included,compatible_uncensored_replicate,SSCP-e236f3c28dca25dc
PAMPA:5249,GRP-d416715d03ec5213,2020_Townsend,2020,1.0,False,included,compatible_uncensored_replicate,SSCP-d416715d03ec5213
PAMPA:5250,GRP-7f175a8657fa1189,2020_Townsend,2020,1.0,False,included,compatible_uncensored_replicate,SSCP-7f175a8657fa1189
PAMPA:5251,GRP-179439578e29f53f,2020_Townsend,2020,1.0,False,included,compatible_uncensored_replicate,SSCP-179439578e29f53f
PAMPA:5252,GRP-c82a0eccd13aebfe,2020_Townsend,2020,1.0,False,included,compatible_uncensored_replicate,SSCP-c82a0eccd13aebfe
PAMPA:5253,GRP-b7fee72616cfaad0,2020_Townsend,2020,1.0,False,included,compatible_uncensored_replicate,SSCP-b7fee72616cfaad0
PAMPA:5254,GRP-70367f1ea9593d44,2020_Townsend,2020,1.0,False,included,compatible_uncensored_replicate,SSCP-70367f1ea9593d44
PAMPA:5255,GRP-a6ce573dcf052946,2020_Townsend,2020,1.0,False,included,compatible_uncensored_replicate,SSCP-a6ce573dcf052946
PAMPA:5256,GRP-c266e3efeba0af51,2020_Townsend,2020,1.0,True,excluded,irrecoverably_censored_or_missing_label,
PAMPA:5257,GRP-cc70a9396858b94e,2020_Townsend,2020,1.0,False,included,compatible_uncensored_replicate,SSCP-cc70a9396858b94e
PAMPA:5258,GRP-8f97f434bc2b6f4e,2020_Townsend,2020,1.0,False,included,compatible_uncensored_replicate,SSCP-8f97f434bc2b6f4e
PAMPA:5259,GRP-1cb2b0ed94fe2537,2020_Townsend,2020,1.0,True,excluded,irrecoverably_censored_or_missing_label,
PAMPA:5260,GRP-f685e7b98ebe8f62,2020_Townsend,2020,1.0,False,included,compatible_uncensored_replicate,SSCP-f685e7b98ebe8f62
PAMPA:5261,GRP-436f6ef86f6e8d81,2020_Townsend,2020,1.0,True,excluded,irrecoverably_censored_or_missing_label,
PAMPA:5262,GRP-d9b4f2713419f088,2020_Townsend,2020,1.0,False,included,compatible_uncensored_replicate,SSCP-d9b4f2713419f088
PAMPA:5263,GRP-cb60406ca5f737c6,2020_Townsend,2020,1.0,False,included,compatible_uncensored_replicate,SSCP-cb60406ca5f737c6
PAMPA:5264,GRP-6e3e5e7d32553b51,2020_Townsend,2020,1.0,False,included,compatible_uncensored_replicate,SSCP-6e3e5e7d32553b51
PAMPA:5265,GRP-e8e2c9631d4792c9,2020_Townsend,2020,1.0,False,included,compatible_uncensored_replicate,SSCP-e8e2c9631d4792c9
PAMPA:5266,GRP-5fa83eca06323bac,2020_Townsend,2020,1.0,False,included,compatible_uncensored_replicate,SSCP-5fa83eca06323bac
PAMPA:5267,GRP-ee44ccac2d7fe452,2020_Townsend,2020,1.0,False,included,compatible_uncensored_replicate,SSCP-ee44ccac2d7fe452
PAMPA:5268,GRP-5d8ad433d6e5e85e,2020_Townsend,2020,1.0,False,included,compatible_uncensored_replicate,SSCP-5d8ad433d6e5e85e
PAMPA:5269,GRP-3270aaeb9758c04c,2020_Townsend,2020,1.0,False,included,compatible_uncensored_replicate,SSCP-3270aaeb9758c04c
PAMPA:5270,GRP-77b1f4ad98351157,2020_Townsend,2020,1.0,False,included,compatible_uncensored_replicate,SSCP-77b1f4ad98351157
PAMPA:5271,GRP-32394366e2a6d91c,2020_Townsend,2020,1.0,False,included,compatible_uncensored_replicate,SSCP-32394366e2a6d91c
PAMPA:5272,GRP-54c463380cf7700f,2020_Townsend,2020,1.0,False,included,compatible_uncensored_replicate,SSCP-54c463380cf7700f
PAMPA:5273,GRP-b7d88046fe561079,2020_Townsend,2020,1.0,False,included,compatible_uncensored_replicate,SSCP-b7d88046fe561079
PAMPA:5274,GRP-384e45b074dd9512,2020_Townsend,2020,1.0,False,included,compatible_uncensored_replicate,SSCP-384e45b074dd9512
PAMPA:5275,GRP-58df97e097f72804,2020_Townsend,2020,1.0,False,included,compatible_uncensored_replicate,SSCP-58df97e097f72804
PAMPA:5276,GRP-1730ea7b9ce82502,2020_Townsend,2020,1.0,False,included,compatible_uncensored_replicate,SSCP-1730ea7b9ce82502
PAMPA:5277,GRP-aeb4b75359b06dbd,2020_Townsend,2020,1.0,False,included,compatible_uncensored_replicate,SSCP-aeb4b75359b06dbd
PAMPA:5278,GRP-a301f0bf1c693e5c,2020_Townsend,2020,1.0,False,included,compatible_uncensored_replicate,SSCP-a301f0bf1c693e5c
PAMPA:5279,GRP-62c43e814cf9db0a,2020_Townsend,2020,1.0,False,included,compatible_uncensored_replicate,SSCP-62c43e814cf9db0a
PAMPA:5280,GRP-84bd431d1454dcf0,2020_Townsend,2020,1.0,False,included,compatible_uncensored_replicate,SSCP-84bd431d1454dcf0
PAMPA:5281,GRP-7079ae24e562ea1c,2020_Townsend,2020,1.0,False,included,compatible_uncensored_replicate,SSCP-7079ae24e562ea1c
PAMPA:5282,GRP-4e1cbc49a2f802f3,2020_Townsend,2020,1.0,False,included,compatible_uncensored_replicate,SSCP-4e1cbc49a2f802f3
PAMPA:5283,GRP-6e3debcf0b8c3502,2020_Townsend,2020,1.0,False,included,compatible_uncensored_replicate,SSCP-6e3debcf0b8c3502
PAMPA:5284,GRP-9e95bf37b0c9e68c,2020_Townsend,2020,1.0,False,included,compatible_uncensored_replicate,SSCP-9e95bf37b0c9e68c
PAMPA:5285,GRP-ade3066df65acbbe,2020_Townsend,2020,1.0,True,excluded,irrecoverably_censored_or_missing_label,
PAMPA:5286,GRP-e6f7b21dd01e88aa,2020_Townsend,2020,1.0,False,included,compatible_uncensored_replicate,SSCP-e6f7b21dd01e88aa
PAMPA:5287,GRP-4f81a8724ad21e0b,2020_Townsend,2020,1.0,False,included,compatible_uncensored_replicate,SSCP-4f81a8724ad21e0b
PAMPA:5288,GRP-c86096f88a1e58d5,2020_Townsend,2020,1.0,False,included,compatible_uncensored_replicate,SSCP-c86096f88a1e58d5
PAMPA:5289,GRP-2a987dfeac5b82ec,2020_Townsend,2020,1.0,False,included,compatible_uncensored_replicate,SSCP-2a987dfeac5b82ec
PAMPA:5290,GRP-3a830b054969073a,2020_Townsend,2020,1.0,False,included,compatible_uncensored_replicate,SSCP-3a830b054969073a
PAMPA:5291,GRP-3c0bf9e86e3df428,2020_Townsend,2020,1.0,False,included,compatible_uncensored_replicate,SSCP-3c0bf9e86e3df428
PAMPA:5292,GRP-5c34f8b6fceac028,2020_Townsend,2020,1.0,False,included,compatible_uncensored_replicate,SSCP-5c34f8b6fceac028
PAMPA:5293,GRP-afaa3d7748ff785f,2020_Townsend,2020,1.0,False,included,compatible_uncensored_replicate,SSCP-afaa3d7748ff785f
PAMPA:5294,GRP-ac23a7bd50fac21c,2020_Townsend,2020,1.0,False,included,compatible_uncensored_replicate,SSCP-ac23a7bd50fac21c
PAMPA:5295,GRP-7872503c77af0713,2020_Townsend,2020,1.0,False,included,compatible_uncensored_replicate,SSCP-7872503c77af0713
PAMPA:5296,GRP-f0de1b2bae6827ce,2020_Townsend,2020,1.0,False,included,compatible_uncensored_replicate,SSCP-f0de1b2bae6827ce
PAMPA:5297,GRP-ef6913e40cc67789,2020_Townsend,2020,1.0,False,included,compatible_uncensored_replicate,SSCP-ef6913e40cc67789
PAMPA:5298,GRP-dc7eec55b61b56a6,2020_Townsend,2020,1.0,False,included,compatible_uncensored_replicate,SSCP-dc7eec55b61b56a6
PAMPA:5299,GRP-4f1b5f23541c82e0,2020_Townsend,2020,1.0,True,excluded,irrecoverably_censored_or_missing_label,
PAMPA:5300,GRP-c321ae4021110184,2020_Townsend,2020,1.0,False,included,compatible_uncensored_replicate,SSCP-c321ae4021110184
PAMPA:5301,GRP-d1a4b2e1eb19a96d,2020_Townsend,2020,1.0,False,included,compatible_uncensored_replicate,SSCP-d1a4b2e1eb19a96d
PAMPA:5302,GRP-32105c3f12f92f5b,2020_Townsend,2020,1.0,False,included,compatible_uncensored_replicate,SSCP-32105c3f12f92f5b
PAMPA:5303,GRP-9d3acdc71861a15c,2020_Townsend,2020,1.0,False,included,compatible_uncensored_replicate,SSCP-9d3acdc71861a15c
PAMPA:5304,GRP-1f2e97a517c7aef3,2020_Townsend,2020,1.0,False,included,compatible_uncensored_replicate,SSCP-1f2e97a517c7aef3
PAMPA:5305,GRP-d9b41e52474e6df3,2020_Townsend,2020,1.0,False,included,compatible_uncensored_replicate,SSCP-d9b41e52474e6df3
PAMPA:5306,GRP-ad5b3f2d4f8f53b3,2020_Townsend,2020,1.0,False,included,compatible_uncensored_replicate,SSCP-ad5b3f2d4f8f53b3
PAMPA:5307,GRP-35e3bd76cdd80004,2020_Townsend,2020,1.0,False,included,compatible_uncensored_replicate,SSCP-35e3bd76cdd80004
PAMPA:5308,GRP-421c5d72644c7257,2020_Townsend,2020,1.0,False,included,compatible_uncensored_replicate,SSCP-421c5d72644c7257
PAMPA:5309,GRP-b50feb498a7c76bc,2020_Townsend,2020,1.0,False,included,compatible_uncensored_replicate,SSCP-b50feb498a7c76bc
PAMPA:5310,GRP-4391321010f670f2,2020_Townsend,2020,1.0,False,included,compatible_uncensored_replicate,SSCP-4391321010f670f2
PAMPA:5311,GRP-18908d435d828c49,2020_Townsend,2020,1.0,False,included,compatible_uncensored_replicate,SSCP-18908d435d828c49
PAMPA:5312,GRP-8b840e32d7f5d934,2020_Townsend,2020,1.0,False,included,compatible_uncensored_replicate,SSCP-8b840e32d7f5d934
PAMPA:5313,GRP-a174b446808a302d,2020_Townsend,2020,1.0,False,included,compatible_uncensored_replicate,SSCP-a174b446808a302d
PAMPA:5314,GRP-b96683d071db44e9,2020_Townsend,2020,1.0,False,included,compatible_uncensored_replicate,SSCP-b96683d071db44e9
PAMPA:5315,GRP-4eb571eb2702390a,2020_Townsend,2020,1.0,False,included,compatible_uncensored_replicate,SSCP-4eb571eb2702390a
PAMPA:5316,GRP-14d5512ad86f4601,2020_Townsend,2020,1.0,False,included,compatible_uncensored_replicate,SSCP-14d5512ad86f4601
PAMPA:5317,GRP-5051c14968bb6229,2020_Townsend,2020,1.0,False,included,compatible_uncensored_replicate,SSCP-5051c14968bb6229
PAMPA:5318,GRP-5afd139acdf9f6d2,2020_Townsend,2020,1.0,False,included,compatible_uncensored_replicate,SSCP-5afd139acdf9f6d2
PAMPA:5319,GRP-684d2e5b6afb5b94,2020_Townsend,2020,1.0,False,included,compatible_uncensored_replicate,SSCP-684d2e5b6afb5b94
PAMPA:5320,GRP-abfdaf9f3d8ba83f,2020_Townsend,2020,1.0,False,included,compatible_uncensored_replicate,SSCP-abfdaf9f3d8ba83f
PAMPA:5321,GRP-efebde7ad6603833,2020_Townsend,2020,1.0,False,included,compatible_uncensored_replicate,SSCP-efebde7ad6603833
PAMPA:5322,GRP-a4cea69210faa495,2020_Townsend,2020,1.0,False,included,compatible_uncensored_replicate,SSCP-a4cea69210faa495
PAMPA:5323,GRP-cf13a347357fa078,2020_Townsend,2020,1.0,False,included,compatible_uncensored_replicate,SSCP-cf13a347357fa078
PAMPA:5324,GRP-39b39a92c834e07d,2020_Townsend,2020,1.0,False,included,compatible_uncensored_replicate,SSCP-39b39a92c834e07d
PAMPA:5325,GRP-4afd01791d20f762,2020_Townsend,2020,1.0,False,included,compatible_uncensored_replicate,SSCP-4afd01791d20f762
PAMPA:5326,GRP-f7d047cf5f26df4c,2020_Townsend,2020,1.0,False,included,compatible_uncensored_replicate,SSCP-f7d047cf5f26df4c
PAMPA:5327,GRP-d4dd818ec77663d1,2020_Townsend,2020,1.0,False,included,compatible_uncensored_replicate,SSCP-d4dd818ec77663d1
PAMPA:5328,GRP-255899760428603c,2020_Townsend,2020,1.0,False,included,compatible_uncensored_replicate,SSCP-255899760428603c
PAMPA:5329,GRP-3c1c8bb37b53625a,2020_Townsend,2020,1.0,False,included,compatible_uncensored_replicate,SSCP-3c1c8bb37b53625a
PAMPA:5330,GRP-813d93799d16cb10,2020_Townsend,2020,1.0,False,included,compatible_uncensored_replicate,SSCP-813d93799d16cb10
PAMPA:5331,GRP-576a671cb3c34ac8,2020_Townsend,2020,1.0,False,included,compatible_uncensored_replicate,SSCP-576a671cb3c34ac8
PAMPA:5332,GRP-e6a1d6070f5ce8ba,2020_Townsend,2020,1.0,False,included,compatible_uncensored_replicate,SSCP-e6a1d6070f5ce8ba
PAMPA:5333,GRP-72a3f0e0b2f5d480,2020_Townsend,2020,1.0,False,included,compatible_uncensored_replicate,SSCP-72a3f0e0b2f5d480
PAMPA:5334,GRP-d4ad67aa75b4f322,2020_Townsend,2020,1.0,False,included,compatible_uncensored_replicate,SSCP-d4ad67aa75b4f322
PAMPA:5335,GRP-c6d4997b6fb97a34,2020_Townsend,2020,1.0,False,included,compatible_uncensored_replicate,SSCP-c6d4997b6fb97a34
PAMPA:5336,GRP-bd53c2b2002d6c1a,2020_Townsend,2020,1.0,False,included,compatible_uncensored_replicate,SSCP-bd53c2b2002d6c1a
PAMPA:5337,GRP-e129f7f2909c27b2,2020_Townsend,2020,1.0,False,included,compatible_uncensored_replicate,SSCP-e129f7f2909c27b2
PAMPA:5338,GRP-de658e974fafd528,2020_Townsend,2020,1.0,False,included,compatible_uncensored_replicate,SSCP-de658e974fafd528
PAMPA:5339,GRP-ede3b0583f681f6d,2020_Townsend,2020,1.0,False,included,compatible_uncensored_replicate,SSCP-ede3b0583f681f6d
PAMPA:5340,GRP-7fcde8aabe62fb2d,2020_Townsend,2020,1.0,False,included,compatible_uncensored_replicate,SSCP-7fcde8aabe62fb2d
PAMPA:5341,GRP-ca775983cd24fa48,2020_Townsend,2020,1.0,False,included,compatible_uncensored_replicate,SSCP-ca775983cd24fa48
PAMPA:5342,GRP-37e25334288a6f48,2020_Townsend,2020,1.0,False,included,compatible_uncensored_replicate,SSCP-37e25334288a6f48
PAMPA:5343,GRP-65b63834cd7ea272,2020_Townsend,2020,1.0,False,included,compatible_uncensored_replicate,SSCP-65b63834cd7ea272
PAMPA:5344,GRP-9a0da285bdcaa176,2020_Townsend,2020,1.0,False,included,compatible_uncensored_replicate,SSCP-9a0da285bdcaa176
PAMPA:5345,GRP-ade028fd16bd0541,2020_Townsend,2020,1.0,False,included,compatible_uncensored_replicate,SSCP-ade028fd16bd0541
PAMPA:5346,GRP-c1b863988d9940c8,2020_Townsend,2020,1.0,False,included,compatible_uncensored_replicate,SSCP-c1b863988d9940c8
PAMPA:5347,GRP-bda989dc28ca9778,2020_Townsend,2020,1.0,False,included,compatible_uncensored_replicate,SSCP-bda989dc28ca9778
PAMPA:5348,GRP-7091f3fe546d9862,2020_Townsend,2020,1.0,False,included,compatible_uncensored_replicate,SSCP-7091f3fe546d9862
PAMPA:5349,GRP-2d193d40e222e010,2020_Townsend,2020,1.0,False,included,compatible_uncensored_replicate,SSCP-2d193d40e222e010
PAMPA:5350,GRP-86ac29496b40956c,2020_Townsend,2020,1.0,False,included,compatible_uncensored_replicate,SSCP-86ac29496b40956c
PAMPA:5351,GRP-33f50a94570b2c0e,2020_Townsend,2020,1.0,False,included,compatible_uncensored_replicate,SSCP-33f50a94570b2c0e
PAMPA:5352,GRP-df9cd44eb978d25d,2020_Townsend,2020,1.0,False,included,compatible_uncensored_replicate,SSCP-df9cd44eb978d25d
PAMPA:5353,GRP-3d53661dfe261a9f,2020_Townsend,2020,1.0,False,included,compatible_uncensored_replicate,SSCP-3d53661dfe261a9f
PAMPA:5354,GRP-ae6d049e9af9a1fd,2020_Townsend,2020,1.0,False,included,compatible_uncensored_replicate,SSCP-ae6d049e9af9a1fd
PAMPA:5355,GRP-32edf34771c9b7da,2020_Townsend,2020,1.0,False,included,compatible_uncensored_replicate,SSCP-32edf34771c9b7da
PAMPA:5356,GRP-639f58a38fe0aee8,2020_Townsend,2020,1.0,False,included,compatible_uncensored_replicate,SSCP-639f58a38fe0aee8
PAMPA:5357,GRP-cf9055686eee8e52,2020_Townsend,2020,1.0,False,included,compatible_uncensored_replicate,SSCP-cf9055686eee8e52
PAMPA:5358,GRP-c469ed46340387e2,2020_Townsend,2020,1.0,False,included,compatible_uncensored_replicate,SSCP-c469ed46340387e2
PAMPA:5359,GRP-a5e1da987eb9fdd3,2020_Townsend,2020,1.0,False,included,compatible_uncensored_replicate,SSCP-a5e1da987eb9fdd3
PAMPA:5360,GRP-68b564766c370b96,2020_Townsend,2020,1.0,False,included,compatible_uncensored_replicate,SSCP-68b564766c370b96
PAMPA:5361,GRP-5cfb578f5606aecc,2020_Townsend,2020,1.0,False,included,compatible_uncensored_replicate,SSCP-5cfb578f5606aecc
PAMPA:5362,GRP-3b1b8e80fd98587f,2020_Townsend,2020,1.0,False,included,compatible_uncensored_replicate,SSCP-3b1b8e80fd98587f
PAMPA:5363,GRP-810ecc03ca902bd7,2020_Townsend,2020,1.0,False,included,compatible_uncensored_replicate,SSCP-810ecc03ca902bd7
PAMPA:5364,GRP-74f34aa2731e5e0c,2020_Townsend,2020,1.0,False,included,compatible_uncensored_replicate,SSCP-74f34aa2731e5e0c
PAMPA:5365,GRP-c321872f919f010e,2020_Townsend,2020,1.0,False,included,compatible_uncensored_replicate,SSCP-c321872f919f010e
PAMPA:5366,GRP-1d52be086911ead9,2020_Townsend,2020,1.0,False,included,compatible_uncensored_replicate,SSCP-1d52be086911ead9
PAMPA:5367,GRP-fff8960c5a94e377,2020_Townsend,2020,1.0,False,included,compatible_uncensored_replicate,SSCP-fff8960c5a94e377
PAMPA:5368,GRP-5a0b7ffb2397f20f,2020_Townsend,2020,1.0,False,included,compatible_uncensored_replicate,SSCP-5a0b7ffb2397f20f
PAMPA:5369,GRP-8622198799c1ac78,2020_Townsend,2020,1.0,False,included,compatible_uncensored_replicate,SSCP-8622198799c1ac78
PAMPA:5370,GRP-f096f92e651577b1,2020_Townsend,2020,1.0,False,included,compatible_uncensored_replicate,SSCP-f096f92e651577b1
PAMPA:5371,GRP-72f0601065255acd,2020_Townsend,2020,1.0,False,included,compatible_uncensored_replicate,SSCP-72f0601065255acd
PAMPA:5372,GRP-c6ffe61c36779788,2020_Townsend,2020,1.0,False,included,compatible_uncensored_replicate,SSCP-c6ffe61c36779788
PAMPA:5373,GRP-7c904f0db29bcf3b,2020_Townsend,2020,1.0,False,included,compatible_uncensored_replicate,SSCP-7c904f0db29bcf3b
PAMPA:5374,GRP-2a611e05c8d638a4,2020_Townsend,2020,1.0,False,included,compatible_uncensored_replicate,SSCP-2a611e05c8d638a4
PAMPA:5375,GRP-901e50ab9dbbb216,2020_Townsend,2020,1.0,False,included,compatible_uncensored_replicate,SSCP-901e50ab9dbbb216
PAMPA:5376,GRP-d92dd04739b1a871,2020_Townsend,2020,1.0,False,included,compatible_uncensored_replicate,SSCP-d92dd04739b1a871
PAMPA:5377,GRP-e83d897fe8c7ac93,2020_Townsend,2020,1.0,False,included,compatible_uncensored_replicate,SSCP-e83d897fe8c7ac93
PAMPA:5378,GRP-a62f284f9dc0193e,2020_Townsend,2020,1.0,False,included,compatible_uncensored_replicate,SSCP-a62f284f9dc0193e
PAMPA:5379,GRP-fd669bb5af423d43,2020_Townsend,2020,1.0,False,included,compatible_uncensored_replicate,SSCP-fd669bb5af423d43
PAMPA:5380,GRP-86f4de9843e2028f,2020_Townsend,2020,1.0,False,included,compatible_uncensored_replicate,SSCP-86f4de9843e2028f
PAMPA:5381,GRP-3eb01c5771031854,2020_Townsend,2020,1.0,True,excluded,irrecoverably_censored_or_missing_label,
PAMPA:5382,GRP-63906b90876fab86,2020_Townsend,2020,1.0,False,included,compatible_uncensored_replicate,SSCP-63906b90876fab86
PAMPA:5383,GRP-46d69aa1f635fc04,2020_Townsend,2020,1.0,False,included,compatible_uncensored_replicate,SSCP-46d69aa1f635fc04
PAMPA:5384,GRP-7d41f373f61fcffe,2020_Townsend,2020,1.0,False,included,compatible_uncensored_replicate,SSCP-7d41f373f61fcffe
PAMPA:5385,GRP-66734c451e4ece7b,2020_Townsend,2020,1.0,False,included,compatible_uncensored_replicate,SSCP-66734c451e4ece7b
PAMPA:5386,GRP-000a8487e899bcf7,2020_Townsend,2020,1.0,False,included,compatible_uncensored_replicate,SSCP-000a8487e899bcf7
PAMPA:5387,GRP-015aedee5fdfb40d,2020_Townsend,2020,1.0,False,included,compatible_uncensored_replicate,SSCP-015aedee5fdfb40d
PAMPA:5388,GRP-e0e389f64cac0805,2020_Townsend,2020,1.0,False,included,compatible_uncensored_replicate,SSCP-e0e389f64cac0805
PAMPA:5389,GRP-36b109eb34dd3780,2020_Townsend,2020,1.0,False,included,compatible_uncensored_replicate,SSCP-36b109eb34dd3780
PAMPA:5390,GRP-4c5229443395b3ec,2020_Townsend,2020,1.0,False,included,compatible_uncensored_replicate,SSCP-4c5229443395b3ec
PAMPA:5391,GRP-3c2c9199c75ac847,2020_Townsend,2020,1.0,False,included,compatible_uncensored_replicate,SSCP-3c2c9199c75ac847
PAMPA:5392,GRP-b594f624429381bc,2020_Townsend,2020,1.0,False,included,compatible_uncensored_replicate,SSCP-b594f624429381bc
PAMPA:5393,GRP-3c50a7e9c4066377,2020_Townsend,2020,1.0,False,included,compatible_uncensored_replicate,SSCP-3c50a7e9c4066377
PAMPA:5394,GRP-0337e2d05d7e9513,2020_Townsend,2020,1.0,False,included,compatible_uncensored_replicate,SSCP-0337e2d05d7e9513
PAMPA:5395,GRP-8cac6e2e949fa46d,2020_Townsend,2020,1.0,False,included,compatible_uncensored_replicate,SSCP-8cac6e2e949fa46d
PAMPA:5396,GRP-6013942a3baf564c,2020_Townsend,2020,1.0,False,included,compatible_uncensored_replicate,SSCP-6013942a3baf564c
PAMPA:5397,GRP-03f8d8593846e670,2020_Townsend,2020,1.0,False,included,compatible_uncensored_replicate,SSCP-03f8d8593846e670
PAMPA:5398,GRP-3a8a886d49e197c5,2020_Townsend,2020,1.0,False,included,compatible_uncensored_replicate,SSCP-3a8a886d49e197c5
PAMPA:5399,GRP-8cfe70e3b37281ab,2020_Townsend,2020,1.0,False,included,compatible_uncensored_replicate,SSCP-8cfe70e3b37281ab
PAMPA:5400,GRP-89f6b84f72d112db,2020_Townsend,2020,1.0,False,included,compatible_uncensored_replicate,SSCP-89f6b84f72d112db
PAMPA:5401,GRP-4c767d3e08d6b584,2020_Townsend,2020,1.0,False,included,compatible_uncensored_replicate,SSCP-4c767d3e08d6b584
PAMPA:5402,GRP-4cfbb6acf3d2e439,2020_Townsend,2020,1.0,False,included,compatible_uncensored_replicate,SSCP-4cfbb6acf3d2e439
PAMPA:5403,GRP-88e8d2f66bfcffa6,2020_Townsend,2020,1.0,False,included,compatible_uncensored_replicate,SSCP-88e8d2f66bfcffa6
PAMPA:5404,GRP-e98e2ef8f36c2368,2020_Townsend,2020,1.0,True,excluded,irrecoverably_censored_or_missing_label,
PAMPA:5405,GRP-a33f68c5ec7a1af2,2020_Townsend,2020,1.0,False,included,compatible_uncensored_replicate,SSCP-a33f68c5ec7a1af2
PAMPA:5406,GRP-ed40deee60a7f9ea,2020_Townsend,2020,1.0,False,included,compatible_uncensored_replicate,SSCP-ed40deee60a7f9ea
PAMPA:5407,GRP-494b683b55446df0,2020_Townsend,2020,1.0,False,included,compatible_uncensored_replicate,SSCP-494b683b55446df0
PAMPA:5408,GRP-d02a20b38f7f6957,2020_Townsend,2020,1.0,False,included,compatible_uncensored_replicate,SSCP-d02a20b38f7f6957
PAMPA:5409,GRP-6c78faa800afc318,2020_Townsend,2020,1.0,False,included,compatible_uncensored_replicate,SSCP-6c78faa800afc318
PAMPA:5410,GRP-8fbd1b09d9a4b3af,2020_Townsend,2020,1.0,False,included,compatible_uncensored_replicate,SSCP-8fbd1b09d9a4b3af
PAMPA:5411,GRP-877a83c383d4126a,2020_Townsend,2020,1.0,False,included,compatible_uncensored_replicate,SSCP-877a83c383d4126a
PAMPA:5412,GRP-5718e765e672eeb8,2020_Townsend,2020,1.0,False,included,compatible_uncensored_replicate,SSCP-5718e765e672eeb8
PAMPA:5413,GRP-201b77c226c68c77,2020_Townsend,2020,1.0,False,included,compatible_uncensored_replicate,SSCP-201b77c226c68c77
PAMPA:5414,GRP-036e4c2ce649d9e0,2020_Townsend,2020,1.0,False,included,compatible_uncensored_replicate,SSCP-036e4c2ce649d9e0
PAMPA:5415,GRP-ebf475485488e8f1,2020_Townsend,2020,1.0,False,included,compatible_uncensored_replicate,SSCP-ebf475485488e8f1
PAMPA:5416,GRP-8da7c7308243a86a,2020_Townsend,2020,1.0,False,included,compatible_uncensored_replicate,SSCP-8da7c7308243a86a
PAMPA:5417,GRP-1e8c448a74964747,2020_Townsend,2020,1.0,False,included,compatible_uncensored_replicate,SSCP-1e8c448a74964747
PAMPA:5418,GRP-efa3e0abc3df3ba6,2020_Townsend,2020,1.0,False,included,compatible_uncensored_replicate,SSCP-efa3e0abc3df3ba6
PAMPA:5419,GRP-de3898c4944cb385,2020_Townsend,2020,1.0,False,included,compatible_uncensored_replicate,SSCP-de3898c4944cb385
PAMPA:5420,GRP-818d4f37ed014c32,2020_Townsend,2020,1.0,False,included,compatible_uncensored_replicate,SSCP-818d4f37ed014c32
PAMPA:5421,GRP-ef954e1a1432de42,2020_Townsend,2020,1.0,False,included,compatible_uncensored_replicate,SSCP-ef954e1a1432de42
PAMPA:5422,GRP-b35f8401efd6dea3,2020_Townsend,2020,1.0,False,included,compatible_uncensored_replicate,SSCP-b35f8401efd6dea3
PAMPA:5423,GRP-d98f1f7983e30709,2020_Townsend,2020,1.0,True,excluded,irrecoverably_censored_or_missing_label,
PAMPA:5424,GRP-8b0da5722d27592c,2020_Townsend,2020,1.0,False,included,compatible_uncensored_replicate,SSCP-8b0da5722d27592c
PAMPA:5425,GRP-f1726bc55b240f86,2020_Townsend,2020,1.0,False,included,compatible_uncensored_replicate,SSCP-f1726bc55b240f86
PAMPA:5426,GRP-df0eedde0a2c2b9c,2020_Townsend,2020,1.0,True,excluded,irrecoverably_censored_or_missing_label,
PAMPA:5427,GRP-3cf5a43bbbb989ee,2020_Townsend,2020,1.0,False,included,compatible_uncensored_replicate,SSCP-3cf5a43bbbb989ee
PAMPA:5428,GRP-c012ef9ffc8f5d7a,2020_Townsend,2020,1.0,True,excluded,irrecoverably_censored_or_missing_label,
PAMPA:5429,GRP-2e73f6b099208991,2020_Townsend,2020,1.0,False,included,compatible_uncensored_replicate,SSCP-2e73f6b099208991
PAMPA:5430,GRP-5ce426975532a744,2020_Townsend,2020,1.0,False,included,compatible_uncensored_replicate,SSCP-5ce426975532a744
PAMPA:5431,GRP-209ec38a00cab2bc,2020_Townsend,2020,1.0,False,included,compatible_uncensored_replicate,SSCP-209ec38a00cab2bc
PAMPA:5432,GRP-a843e575ecd1a2cb,2020_Townsend,2020,1.0,False,included,compatible_uncensored_replicate,SSCP-a843e575ecd1a2cb
PAMPA:5433,GRP-35395aede274b1f1,2020_Townsend,2020,1.0,False,included,compatible_uncensored_replicate,SSCP-35395aede274b1f1
PAMPA:5434,GRP-bb6116b20d1b9495,2020_Townsend,2020,1.0,False,included,compatible_uncensored_replicate,SSCP-bb6116b20d1b9495
PAMPA:5435,GRP-8ca33c0c02732b8b,2020_Townsend,2020,1.0,False,included,compatible_uncensored_replicate,SSCP-8ca33c0c02732b8b
PAMPA:5436,GRP-7e0c5141fb6968fa,2020_Townsend,2020,1.0,False,included,compatible_uncensored_replicate,SSCP-7e0c5141fb6968fa
PAMPA:5437,GRP-e1487edd866f9eb0,2020_Townsend,2020,1.0,False,included,compatible_uncensored_replicate,SSCP-e1487edd866f9eb0
PAMPA:5438,GRP-951cb4cc4ebdfc95,2020_Townsend,2020,1.0,False,included,compatible_uncensored_replicate,SSCP-951cb4cc4ebdfc95
PAMPA:5439,GRP-7ba474cab40e6744,2020_Townsend,2020,1.0,False,included,compatible_uncensored_replicate,SSCP-7ba474cab40e6744
PAMPA:5440,GRP-9856d0a3efa9b8f8,2020_Townsend,2020,1.0,False,included,compatible_uncensored_replicate,SSCP-9856d0a3efa9b8f8
PAMPA:5441,GRP-b3bd82c3ec010c0b,2020_Townsend,2020,1.0,False,included,compatible_uncensored_replicate,SSCP-b3bd82c3ec010c0b
PAMPA:5442,GRP-e11af26770d076d2,2020_Townsend,2020,1.0,False,included,compatible_uncensored_replicate,SSCP-e11af26770d076d2
PAMPA:5443,GRP-0321d79aa693d8a8,2020_Townsend,2020,1.0,False,included,compatible_uncensored_replicate,SSCP-0321d79aa693d8a8
PAMPA:5444,GRP-ed5c7c3c87fdc587,2020_Townsend,2020,1.0,True,excluded,irrecoverably_censored_or_missing_label,
PAMPA:5445,GRP-6dd0131846ffc453,2020_Townsend,2020,1.0,False,included,compatible_uncensored_replicate,SSCP-6dd0131846ffc453
PAMPA:5446,GRP-64336101efb893f9,2020_Townsend,2020,1.0,False,included,compatible_uncensored_replicate,SSCP-64336101efb893f9
PAMPA:5447,GRP-872b7fa7a320c64d,2020_Townsend,2020,1.0,False,included,compatible_uncensored_replicate,SSCP-872b7fa7a320c64d
PAMPA:5448,GRP-28bd89e60dec2bf5,2020_Townsend,2020,1.0,False,included,compatible_uncensored_replicate,SSCP-28bd89e60dec2bf5
PAMPA:5449,GRP-e2d60caa9fc73475,2020_Townsend,2020,1.0,False,included,compatible_uncensored_replicate,SSCP-e2d60caa9fc73475
PAMPA:5450,GRP-0e956b7fc189afb3,2020_Townsend,2020,1.0,False,included,compatible_uncensored_replicate,SSCP-0e956b7fc189afb3
PAMPA:5451,GRP-2b5badc6fc08abc1,2020_Townsend,2020,1.0,False,included,compatible_uncensored_replicate,SSCP-2b5badc6fc08abc1
PAMPA:5452,GRP-f893b931e61f2b52,2020_Townsend,2020,1.0,False,included,compatible_uncensored_replicate,SSCP-f893b931e61f2b52
PAMPA:5453,GRP-4a719b097fa3f6f7,2020_Townsend,2020,1.0,False,included,compatible_uncensored_replicate,SSCP-4a719b097fa3f6f7
PAMPA:5454,GRP-7961977ee1000b23,2020_Townsend,2020,1.0,False,included,compatible_uncensored_replicate,SSCP-7961977ee1000b23
PAMPA:5455,GRP-fad79dca1289005d,2020_Townsend,2020,1.0,False,included,compatible_uncensored_replicate,SSCP-fad79dca1289005d
PAMPA:5456,GRP-73fccea9a0dc11a4,2020_Townsend,2020,1.0,False,included,compatible_uncensored_replicate,SSCP-73fccea9a0dc11a4
PAMPA:5457,GRP-836b6aa334120003,2020_Townsend,2020,1.0,False,included,compatible_uncensored_replicate,SSCP-836b6aa334120003
PAMPA:5458,GRP-162cb9003c7ddf6b,2020_Townsend,2020,1.0,False,included,compatible_uncensored_replicate,SSCP-162cb9003c7ddf6b
PAMPA:5459,GRP-332fc94e4074a6f4,2020_Townsend,2020,1.0,False,included,compatible_uncensored_replicate,SSCP-332fc94e4074a6f4
PAMPA:5460,GRP-73ed7c2a99ca58b6,2020_Townsend,2020,1.0,False,included,compatible_uncensored_replicate,SSCP-73ed7c2a99ca58b6
PAMPA:5461,GRP-d9670335a6d8e48b,2020_Townsend,2020,1.0,False,included,compatible_uncensored_replicate,SSCP-d9670335a6d8e48b
PAMPA:5462,GRP-aa3d3d553bdd800a,2020_Townsend,2020,1.0,False,included,compatible_uncensored_replicate,SSCP-aa3d3d553bdd800a
PAMPA:5463,GRP-91505f1d1b35d053,2020_Townsend,2020,1.0,False,included,compatible_uncensored_replicate,SSCP-91505f1d1b35d053
PAMPA:5464,GRP-550b6081cd5629fe,2020_Townsend,2020,1.0,False,included,compatible_uncensored_replicate,SSCP-550b6081cd5629fe
PAMPA:5465,GRP-7cacadee0c6da439,2020_Townsend,2020,1.0,False,included,compatible_uncensored_replicate,SSCP-7cacadee0c6da439
PAMPA:5466,GRP-cfef832e5cf8da3b,2020_Townsend,2020,1.0,False,included,compatible_uncensored_replicate,SSCP-cfef832e5cf8da3b
PAMPA:5467,GRP-ee40a439f2249cea,2020_Townsend,2020,1.0,False,included,compatible_uncensored_replicate,SSCP-ee40a439f2249cea
PAMPA:5468,GRP-16756ffda0ab6616,2020_Townsend,2020,1.0,False,included,compatible_uncensored_replicate,SSCP-16756ffda0ab6616
PAMPA:5469,GRP-39e13e8223888b10,2020_Townsend,2020,1.0,False,included,compatible_uncensored_replicate,SSCP-39e13e8223888b10
PAMPA:5470,GRP-7f71e2eca1a719be,2020_Townsend,2020,1.0,False,included,compatible_uncensored_replicate,SSCP-7f71e2eca1a719be
PAMPA:5471,GRP-958427c8bf987391,2020_Townsend,2020,1.0,False,included,compatible_uncensored_replicate,SSCP-958427c8bf987391
PAMPA:5472,GRP-bd81ec993a0015d0,2020_Townsend,2020,1.0,False,included,compatible_uncensored_replicate,SSCP-bd81ec993a0015d0
PAMPA:5473,GRP-fe69100e8d30b566,2020_Townsend,2020,1.0,False,included,compatible_uncensored_replicate,SSCP-fe69100e8d30b566
PAMPA:5474,GRP-e93bff1fd5a5ba0e,2020_Townsend,2020,1.0,False,included,compatible_uncensored_replicate,SSCP-e93bff1fd5a5ba0e
PAMPA:5475,GRP-3f7d1bcdb01c25c6,2020_Townsend,2020,1.0,False,included,compatible_uncensored_replicate,SSCP-3f7d1bcdb01c25c6
PAMPA:5476,GRP-1aaf8e25fcb84657,2020_Townsend,2020,1.0,False,included,compatible_uncensored_replicate,SSCP-1aaf8e25fcb84657
PAMPA:5477,GRP-15c7c26c6b3f3a70,2020_Townsend,2020,1.0,False,included,compatible_uncensored_replicate,SSCP-15c7c26c6b3f3a70
PAMPA:5478,GRP-5cb131f0ab7a0484,2020_Townsend,2020,1.0,False,included,compatible_uncensored_replicate,SSCP-5cb131f0ab7a0484
PAMPA:5479,GRP-5ab8ed293efd6e2a,2020_Townsend,2020,1.0,False,included,compatible_uncensored_replicate,SSCP-5ab8ed293efd6e2a
PAMPA:5480,GRP-e1a8b59c1dc73743,2020_Townsend,2020,1.0,False,included,compatible_uncensored_replicate,SSCP-e1a8b59c1dc73743
PAMPA:5481,GRP-bb33a646f5c1b79c,2020_Townsend,2020,1.0,False,included,compatible_uncensored_replicate,SSCP-bb33a646f5c1b79c
PAMPA:5482,GRP-4f24fe3a72b1a0de,2020_Townsend,2020,1.0,False,included,compatible_uncensored_replicate,SSCP-4f24fe3a72b1a0de
PAMPA:5483,GRP-6cf31f207f28bc40,2020_Townsend,2020,1.0,False,included,compatible_uncensored_replicate,SSCP-6cf31f207f28bc40
PAMPA:5484,GRP-db5cf29716cfba76,2020_Townsend,2020,1.0,False,included,compatible_uncensored_replicate,SSCP-db5cf29716cfba76
PAMPA:5485,GRP-7f29b21ca86c0c9b,2020_Townsend,2020,1.0,False,included,compatible_uncensored_replicate,SSCP-7f29b21ca86c0c9b
PAMPA:5486,GRP-15c0219a4e3919cb,2020_Townsend,2020,1.0,False,included,compatible_uncensored_replicate,SSCP-15c0219a4e3919cb
PAMPA:5487,GRP-83b2fd950ca6d1ea,2020_Townsend,2020,1.0,False,included,compatible_uncensored_replicate,SSCP-83b2fd950ca6d1ea
PAMPA:5488,GRP-410bb3caa4005c81,2020_Townsend,2020,1.0,False,included,compatible_uncensored_replicate,SSCP-410bb3caa4005c81
PAMPA:5489,GRP-5eaed177af9078f0,2020_Townsend,2020,1.0,False,included,compatible_uncensored_replicate,SSCP-5eaed177af9078f0
PAMPA:5490,GRP-f58f78bd36a39e56,2020_Townsend,2020,1.0,False,included,compatible_uncensored_replicate,SSCP-f58f78bd36a39e56
PAMPA:5491,GRP-888ec90daba33ec5,2020_Townsend,2020,1.0,False,included,compatible_uncensored_replicate,SSCP-888ec90daba33ec5
PAMPA:5492,GRP-a932077eb567d8bc,2020_Townsend,2020,1.0,False,included,compatible_uncensored_replicate,SSCP-a932077eb567d8bc
PAMPA:5493,GRP-2336c2a01c037a08,2020_Townsend,2020,1.0,False,included,compatible_uncensored_replicate,SSCP-2336c2a01c037a08
PAMPA:5494,GRP-133516395c66c0bb,2020_Townsend,2020,1.0,False,included,compatible_uncensored_replicate,SSCP-133516395c66c0bb
PAMPA:5495,GRP-2c857ab1db71f2a5,2020_Townsend,2020,1.0,False,included,compatible_uncensored_replicate,SSCP-2c857ab1db71f2a5
PAMPA:5496,GRP-f2a67d7a09c08d6c,2020_Townsend,2020,1.0,False,included,compatible_uncensored_replicate,SSCP-f2a67d7a09c08d6c
PAMPA:5497,GRP-7c4293d36f39df20,2020_Townsend,2020,1.0,False,included,compatible_uncensored_replicate,SSCP-7c4293d36f39df20
PAMPA:5498,GRP-38ca4d62396c2879,2020_Townsend,2020,1.0,False,included,compatible_uncensored_replicate,SSCP-38ca4d62396c2879
PAMPA:5499,GRP-1ec70057bafdace8,2020_Townsend,2020,1.0,False,included,compatible_uncensored_replicate,SSCP-1ec70057bafdace8
PAMPA:5500,GRP-b0ee713bff1faaf7,2020_Townsend,2020,1.0,False,included,compatible_uncensored_replicate,SSCP-b0ee713bff1faaf7
PAMPA:5501,GRP-a42de7139306a2d2,2020_Townsend,2020,1.0,False,included,compatible_uncensored_replicate,SSCP-a42de7139306a2d2
PAMPA:5502,GRP-d0839d47c2f6acd9,2020_Townsend,2020,1.0,False,included,compatible_uncensored_replicate,SSCP-d0839d47c2f6acd9
PAMPA:5503,GRP-350aaee5a5cd3ace,2020_Townsend,2020,1.0,True,excluded,irrecoverably_censored_or_missing_label,
PAMPA:5504,GRP-1f8d969126aecc77,2020_Townsend,2020,1.0,False,included,compatible_uncensored_replicate,SSCP-1f8d969126aecc77
PAMPA:5505,GRP-0bb1d68c0442ef14,2020_Townsend,2020,1.0,False,included,compatible_uncensored_replicate,SSCP-0bb1d68c0442ef14
PAMPA:5506,GRP-54f6b78965e5f864,2020_Townsend,2020,1.0,False,included,compatible_uncensored_replicate,SSCP-54f6b78965e5f864
PAMPA:5507,GRP-da54775fd262a1b2,2020_Townsend,2020,1.0,False,included,compatible_uncensored_replicate,SSCP-da54775fd262a1b2
PAMPA:5508,GRP-9d217d56c93b45bb,2020_Townsend,2020,1.0,False,included,compatible_uncensored_replicate,SSCP-9d217d56c93b45bb
PAMPA:5509,GRP-799a0c892ee7aea3,2020_Townsend,2020,1.0,False,included,compatible_uncensored_replicate,SSCP-799a0c892ee7aea3
PAMPA:5510,GRP-a15d3092d5de56e7,2020_Townsend,2020,1.0,True,excluded,irrecoverably_censored_or_missing_label,
PAMPA:5511,GRP-2dcc1b7c22914743,2020_Townsend,2020,1.0,False,included,compatible_uncensored_replicate,SSCP-2dcc1b7c22914743
PAMPA:5512,GRP-ea7dc2e7c8255df2,2020_Townsend,2020,1.0,False,included,compatible_uncensored_replicate,SSCP-ea7dc2e7c8255df2
PAMPA:5513,GRP-6abbd9027894d469,2020_Townsend,2020,1.0,False,included,compatible_uncensored_replicate,SSCP-6abbd9027894d469
PAMPA:5514,GRP-4a861c730d304257,2020_Townsend,2020,1.0,False,included,compatible_uncensored_replicate,SSCP-4a861c730d304257
PAMPA:5515,GRP-0491322505e1f7c0,2020_Townsend,2020,1.0,False,included,compatible_uncensored_replicate,SSCP-0491322505e1f7c0
PAMPA:5516,GRP-7f7ecf84c136eece,2020_Townsend,2020,1.0,False,included,compatible_uncensored_replicate,SSCP-7f7ecf84c136eece
PAMPA:5517,GRP-6758711ecba29a00,2020_Townsend,2020,1.0,False,included,compatible_uncensored_replicate,SSCP-6758711ecba29a00
PAMPA:5518,GRP-8f9d63812b1ccb76,2020_Townsend,2020,1.0,False,included,compatible_uncensored_replicate,SSCP-8f9d63812b1ccb76
PAMPA:5519,GRP-dabd77691e2b6843,2020_Townsend,2020,1.0,False,included,compatible_uncensored_replicate,SSCP-dabd77691e2b6843
PAMPA:5520,GRP-ff39cb603c13c632,2020_Townsend,2020,1.0,False,included,compatible_uncensored_replicate,SSCP-ff39cb603c13c632
PAMPA:5521,GRP-83fe4b2f9eaee760,2020_Townsend,2020,1.0,True,excluded,irrecoverably_censored_or_missing_label,
PAMPA:5522,GRP-74fd074c2d6a33cb,2020_Townsend,2020,1.0,False,included,compatible_uncensored_replicate,SSCP-74fd074c2d6a33cb
PAMPA:5523,GRP-d7d774101f1c23d4,2020_Townsend,2020,1.0,True,excluded,irrecoverably_censored_or_missing_label,
PAMPA:5524,GRP-f2ca9591a15a9afb,2020_Townsend,2020,1.0,False,included,compatible_uncensored_replicate,SSCP-f2ca9591a15a9afb
PAMPA:5525,GRP-f6b415c24159df36,2020_Townsend,2020,1.0,False,included,compatible_uncensored_replicate,SSCP-f6b415c24159df36
PAMPA:5526,GRP-cd9d8714f14301b0,2020_Townsend,2020,1.0,True,excluded,irrecoverably_censored_or_missing_label,
PAMPA:5527,GRP-09c5bd0cfb48b18f,2020_Townsend,2020,1.0,False,included,compatible_uncensored_replicate,SSCP-09c5bd0cfb48b18f
PAMPA:5528,GRP-175d064fea0f613a,2020_Townsend,2020,1.0,False,included,compatible_uncensored_replicate,SSCP-175d064fea0f613a
PAMPA:5529,GRP-237f3c4f13b2d287,2020_Townsend,2020,1.0,False,included,compatible_uncensored_replicate,SSCP-237f3c4f13b2d287
PAMPA:5530,GRP-9bb2f42ee0059f5e,2020_Townsend,2020,1.0,True,excluded,irrecoverably_censored_or_missing_label,
PAMPA:5531,GRP-0d81ea27f942667a,2020_Townsend,2020,1.0,False,included,compatible_uncensored_replicate,SSCP-0d81ea27f942667a
PAMPA:5532,GRP-caa0a08020cb47f1,2020_Townsend,2020,1.0,False,included,compatible_uncensored_replicate,SSCP-caa0a08020cb47f1
PAMPA:5533,GRP-e89f3236b42e04e4,2020_Townsend,2020,1.0,False,included,compatible_uncensored_replicate,SSCP-e89f3236b42e04e4
PAMPA:5534,GRP-0b86b22611e51d69,2020_Townsend,2020,1.0,False,included,compatible_uncensored_replicate,SSCP-0b86b22611e51d69
PAMPA:5535,GRP-319264c11b74938e,2020_Townsend,2020,1.0,False,included,compatible_uncensored_replicate,SSCP-319264c11b74938e
PAMPA:5536,GRP-c27ca192d200a55f,2020_Townsend,2020,1.0,False,included,compatible_uncensored_replicate,SSCP-c27ca192d200a55f
PAMPA:5537,GRP-e3b25bb4c8156c2e,2020_Townsend,2020,1.0,True,excluded,irrecoverably_censored_or_missing_label,
PAMPA:5538,GRP-f2fab69ebaaa04e8,2020_Townsend,2020,1.0,True,excluded,irrecoverably_censored_or_missing_label,
PAMPA:5539,GRP-9ab5693ecaf1b428,2020_Townsend,2020,1.0,True,excluded,irrecoverably_censored_or_missing_label,
PAMPA:5540,GRP-df3520251dcfcd0f,2020_Townsend,2020,1.0,False,included,compatible_uncensored_replicate,SSCP-df3520251dcfcd0f
PAMPA:5541,GRP-472a712e73bf5434,2020_Townsend,2020,1.0,True,excluded,irrecoverably_censored_or_missing_label,
PAMPA:5542,GRP-63d3845e450d51e8,2020_Townsend,2020,1.0,True,excluded,irrecoverably_censored_or_missing_label,
PAMPA:5543,GRP-25c93b2ee5df56be,2020_Townsend,2020,1.0,False,included,compatible_uncensored_replicate,SSCP-25c93b2ee5df56be
PAMPA:5544,GRP-491a2e615102884f,2020_Townsend,2020,1.0,False,included,compatible_uncensored_replicate,SSCP-491a2e615102884f
PAMPA:5545,GRP-216e08e214f9396d,2020_Townsend,2020,1.0,False,included,compatible_uncensored_replicate,SSCP-216e08e214f9396d
PAMPA:5546,GRP-049baedd058bba3b,2020_Townsend,2020,1.0,False,included,compatible_uncensored_replicate,SSCP-049baedd058bba3b
PAMPA:5547,GRP-287b3f41e3323074,2020_Townsend,2020,1.0,False,included,compatible_uncensored_replicate,SSCP-287b3f41e3323074
PAMPA:5548,GRP-1809cbfe1c86cbb0,2020_Townsend,2020,1.0,False,included,compatible_uncensored_replicate,SSCP-1809cbfe1c86cbb0
PAMPA:5549,GRP-88079f9ddd2d39fc,2020_Townsend,2020,1.0,False,included,compatible_uncensored_replicate,SSCP-88079f9ddd2d39fc
PAMPA:5550,GRP-e75905dd58f5a53b,2020_Townsend,2020,1.0,False,included,compatible_uncensored_replicate,SSCP-e75905dd58f5a53b
PAMPA:5551,GRP-d862b1526cd32467,2020_Townsend,2020,1.0,False,included,compatible_uncensored_replicate,SSCP-d862b1526cd32467
PAMPA:5552,GRP-05c95ce5ac93542b,2020_Townsend,2020,1.0,False,included,compatible_uncensored_replicate,SSCP-05c95ce5ac93542b
PAMPA:5553,GRP-183526a613b1e68b,2020_Townsend,2020,1.0,False,included,compatible_uncensored_replicate,SSCP-183526a613b1e68b
PAMPA:5554,GRP-0453904610c6a5e2,2020_Townsend,2020,1.0,False,included,compatible_uncensored_replicate,SSCP-0453904610c6a5e2
PAMPA:5555,GRP-7c3c9b3bcac71f2b,2020_Townsend,2020,1.0,False,included,compatible_uncensored_replicate,SSCP-7c3c9b3bcac71f2b
PAMPA:5556,GRP-84239c30128554fc,2020_Townsend,2020,1.0,True,excluded,irrecoverably_censored_or_missing_label,
PAMPA:5557,GRP-e10ca2d5dec8fd3a,2020_Townsend,2020,1.0,True,excluded,irrecoverably_censored_or_missing_label,
PAMPA:5558,GRP-d1a4b15d6a9aa6f0,2020_Townsend,2020,1.0,False,included,compatible_uncensored_replicate,SSCP-d1a4b15d6a9aa6f0
PAMPA:5559,GRP-31727ff7bb87324a,2020_Townsend,2020,1.0,False,included,compatible_uncensored_replicate,SSCP-31727ff7bb87324a
PAMPA:5560,GRP-45a11c2600d332f7,2020_Townsend,2020,1.0,False,included,compatible_uncensored_replicate,SSCP-45a11c2600d332f7
PAMPA:5561,GRP-c017981df177980d,2020_Townsend,2020,1.0,False,included,compatible_uncensored_replicate,SSCP-c017981df177980d
PAMPA:5562,GRP-a3fc8980da055527,2020_Townsend,2020,1.0,False,included,compatible_uncensored_replicate,SSCP-a3fc8980da055527
PAMPA:5563,GRP-06639b60e733c06a,2020_Townsend,2020,1.0,False,included,compatible_uncensored_replicate,SSCP-06639b60e733c06a
PAMPA:5564,GRP-d9ff9939c9ff39a5,2020_Townsend,2020,1.0,True,excluded,irrecoverably_censored_or_missing_label,
PAMPA:5565,GRP-9fc049a757a34884,2020_Townsend,2020,1.0,False,included,compatible_uncensored_replicate,SSCP-9fc049a757a34884
PAMPA:5566,GRP-ee5f1f6dff04884a,2020_Townsend,2020,1.0,True,excluded,irrecoverably_censored_or_missing_label,
PAMPA:5567,GRP-890ccbc0efcee2a4,2020_Townsend,2020,1.0,False,included,compatible_uncensored_replicate,SSCP-890ccbc0efcee2a4
PAMPA:5568,GRP-15cf359e1c32bce0,2020_Townsend,2020,1.0,True,excluded,irrecoverably_censored_or_missing_label,
PAMPA:5569,GRP-1f14383e5a43d705,2020_Townsend,2020,1.0,True,excluded,irrecoverably_censored_or_missing_label,
PAMPA:5570,GRP-9b9dcde7b9f59b8e,2020_Townsend,2020,1.0,True,excluded,irrecoverably_censored_or_missing_label,
PAMPA:5571,GRP-d303299a954aad5e,2020_Townsend,2020,1.0,False,included,compatible_uncensored_replicate,SSCP-d303299a954aad5e
PAMPA:5572,GRP-fb81fe31ce28d59e,2020_Townsend,2020,1.0,False,included,compatible_uncensored_replicate,SSCP-fb81fe31ce28d59e
PAMPA:5573,GRP-ff08ea901e525be5,2020_Townsend,2020,1.0,False,included,compatible_uncensored_replicate,SSCP-ff08ea901e525be5
PAMPA:5574,GRP-797764e7659e26bc,2020_Townsend,2020,1.0,True,excluded,irrecoverably_censored_or_missing_label,
PAMPA:5575,GRP-d847bff5cfaf93c6,2020_Townsend,2020,1.0,True,excluded,irrecoverably_censored_or_missing_label,
PAMPA:5576,GRP-7a0d25fd6297b587,2020_Townsend,2020,1.0,True,excluded,irrecoverably_censored_or_missing_label,
PAMPA:5577,GRP-d30bf98a74b2727e,2020_Townsend,2020,1.0,False,included,compatible_uncensored_replicate,SSCP-d30bf98a74b2727e
PAMPA:5578,GRP-8d5e3bbc2b7a0aef,2020_Townsend,2020,1.0,False,included,compatible_uncensored_replicate,SSCP-8d5e3bbc2b7a0aef
PAMPA:5579,GRP-fba7e71846c5e780,2020_Townsend,2020,1.0,False,included,compatible_uncensored_replicate,SSCP-fba7e71846c5e780
PAMPA:5580,GRP-d032a82fe05b5fde,2020_Townsend,2020,1.0,True,excluded,irrecoverably_censored_or_missing_label,
PAMPA:5581,GRP-1a9d6a5ab4b2f6c5,2020_Townsend,2020,1.0,False,included,compatible_uncensored_replicate,SSCP-1a9d6a5ab4b2f6c5
PAMPA:5582,GRP-20878e08560a9961,2020_Townsend,2020,1.0,False,included,compatible_uncensored_replicate,SSCP-20878e08560a9961
PAMPA:5583,GRP-fc24f121d0986d80,2020_Townsend,2020,1.0,False,included,compatible_uncensored_replicate,SSCP-fc24f121d0986d80
PAMPA:5584,GRP-381193eb99a8c795,2020_Townsend,2020,1.0,True,excluded,irrecoverably_censored_or_missing_label,
PAMPA:5585,GRP-ab3e0c473192d4ab,2020_Townsend,2020,1.0,False,included,compatible_uncensored_replicate,SSCP-ab3e0c473192d4ab
PAMPA:5586,GRP-81585062e5df5343,2020_Townsend,2020,1.0,False,included,compatible_uncensored_replicate,SSCP-81585062e5df5343
PAMPA:5587,GRP-85633d99cfaa2a78,2020_Townsend,2020,1.0,False,included,compatible_uncensored_replicate,SSCP-85633d99cfaa2a78
PAMPA:5588,GRP-a8a4fb1fa665dc69,2020_Townsend,2020,1.0,False,included,compatible_uncensored_replicate,SSCP-a8a4fb1fa665dc69
PAMPA:5589,GRP-0cbb5caea1373538,2020_Townsend,2020,1.0,False,included,compatible_uncensored_replicate,SSCP-0cbb5caea1373538
PAMPA:5590,GRP-3aaeaae989b21914,2020_Townsend,2020,1.0,False,included,compatible_uncensored_replicate,SSCP-3aaeaae989b21914
PAMPA:5591,GRP-3da0751476802878,2020_Townsend,2020,1.0,True,excluded,irrecoverably_censored_or_missing_label,
PAMPA:5592,GRP-0551b59dfdb4ebf5,2020_Townsend,2020,1.0,False,included,compatible_uncensored_replicate,SSCP-0551b59dfdb4ebf5
PAMPA:5593,GRP-21c179cc76d00c6e,2020_Townsend,2020,1.0,True,excluded,irrecoverably_censored_or_missing_label,
PAMPA:5594,GRP-d0844775c4bc85cc,2020_Townsend,2020,1.0,True,excluded,irrecoverably_censored_or_missing_label,
PAMPA:5595,GRP-5afe603c0db3f894,2020_Townsend,2020,1.0,False,included,compatible_uncensored_replicate,SSCP-5afe603c0db3f894
PAMPA:5596,GRP-b4f5e8003844a7c4,2020_Townsend,2020,1.0,True,excluded,irrecoverably_censored_or_missing_label,
PAMPA:5597,GRP-30db7fed73624441,2020_Townsend,2020,1.0,False,included,compatible_uncensored_replicate,SSCP-30db7fed73624441
PAMPA:5598,GRP-7a093ae72167efbd,2020_Townsend,2020,1.0,True,excluded,irrecoverably_censored_or_missing_label,
PAMPA:5599,GRP-f201852876bcbd76,2020_Townsend,2020,1.0,True,excluded,irrecoverably_censored_or_missing_label,
PAMPA:5600,GRP-aefe6c8ab253b98f,2021_Comeau,2021,1.0,False,included,compatible_uncensored_replicate,SSCP-aefe6c8ab253b98f
PAMPA:5601,GRP-7b496a4ac798c460,2021_Comeau,2021,1.0,False,included,compatible_uncensored_replicate,SSCP-7b496a4ac798c460
PAMPA:5602,GRP-d4d544510d837c1f,2021_Comeau,2021,1.0,False,included,compatible_uncensored_replicate,SSCP-d4d544510d837c1f
PAMPA:5603,GRP-edaef592bf2400f3,2021_Comeau,2021,1.0,False,included,compatible_uncensored_replicate,SSCP-edaef592bf2400f3
PAMPA:5604,GRP-8bf7f68301aea624,2021_Comeau,2021,1.0,False,included,compatible_uncensored_replicate,SSCP-8bf7f68301aea624
PAMPA:5605,GRP-bc5aaeba957f20bb,2021_Comeau,2021,1.0,False,included,compatible_uncensored_replicate,SSCP-bc5aaeba957f20bb
PAMPA:5606,GRP-c9fee08cd7b323e6,2021_Comeau,2021,1.0,False,included,compatible_uncensored_replicate,SSCP-c9fee08cd7b323e6
PAMPA:5607,GRP-8ae45133e3762247,2021_Comeau,2021,1.0,False,included,compatible_uncensored_replicate,SSCP-8ae45133e3762247
PAMPA:5608,GRP-e7e09882611e95e3,2021_Comeau,2021,1.0,False,included,compatible_uncensored_replicate,SSCP-e7e09882611e95e3
PAMPA:5609,GRP-7507ee004a618f50,2021_Comeau,2021,1.0,False,included,compatible_uncensored_replicate,SSCP-7507ee004a618f50
PAMPA:5610,GRP-d554a2a00059f55e,2021_Comeau,2021,1.0,False,included,compatible_uncensored_replicate,SSCP-d554a2a00059f55e
PAMPA:5611,GRP-ddbe180cb70a2290,2021_Comeau,2021,1.0,False,included,compatible_uncensored_replicate,SSCP-ddbe180cb70a2290
PAMPA:5612,GRP-78334550d5421893,2021_Comeau,2021,1.0,False,included,compatible_uncensored_replicate,SSCP-78334550d5421893
PAMPA:5613,GRP-c75f5e257f7ecd23,2021_Comeau,2021,1.0,False,included,compatible_uncensored_replicate,SSCP-c75f5e257f7ecd23
PAMPA:5614,GRP-fc059eb7b1196d71,2021_Comeau,2021,1.0,False,included,compatible_uncensored_replicate,SSCP-fc059eb7b1196d71
PAMPA:5615,GRP-4e020370fc4630cf,2021_Comeau,2021,1.0,False,included,compatible_uncensored_replicate,SSCP-4e020370fc4630cf
PAMPA:5616,GRP-395757e12ff8627d,2021_Comeau,2021,1.0,False,included,compatible_uncensored_replicate,SSCP-395757e12ff8627d
PAMPA:5617,GRP-7a5b8a9a1ba9530c,2021_Comeau,2021,1.0,False,included,compatible_uncensored_replicate,SSCP-7a5b8a9a1ba9530c
PAMPA:5618,GRP-cd98a6746373f57e,2021_Comeau,2021,1.0,False,included,compatible_uncensored_replicate,SSCP-cd98a6746373f57e
PAMPA:5619,GRP-64deff97f0f77c8a,2021_Comeau,2021,1.0,False,included,compatible_uncensored_replicate,SSCP-64deff97f0f77c8a
PAMPA:5620,GRP-074cda148cbaa40c,2021_Comeau,2021,1.0,False,included,compatible_uncensored_replicate,SSCP-074cda148cbaa40c
PAMPA:5621,GRP-9408821b065c219a,2021_Comeau,2021,1.0,False,included,compatible_uncensored_replicate,SSCP-9408821b065c219a
PAMPA:5622,GRP-0c5dc8e283c1d00c,2021_Comeau,2021,1.0,False,included,compatible_uncensored_replicate,SSCP-0c5dc8e283c1d00c
PAMPA:5623,GRP-b1f782029c833594,2021_Comeau,2021,1.0,False,included,compatible_uncensored_replicate,SSCP-b1f782029c833594
PAMPA:5624,GRP-244bfc0a7e90d245,2021_Comeau,2021,1.0,False,included,compatible_uncensored_replicate,SSCP-244bfc0a7e90d245
PAMPA:5625,GRP-9eb75afe78866397,2021_Comeau,2021,1.0,False,included,compatible_uncensored_replicate,SSCP-9eb75afe78866397
PAMPA:5626,GRP-50fa802aa173f2e8,2021_Comeau,2021,1.0,False,included,compatible_uncensored_replicate,SSCP-50fa802aa173f2e8
PAMPA:5627,GRP-6f639d8d6e444ec4,2021_Comeau,2021,1.0,False,included,compatible_uncensored_replicate,SSCP-6f639d8d6e444ec4
PAMPA:5628,GRP-2b1360f1dc41f802,2021_Comeau,2021,1.0,False,included,compatible_uncensored_replicate,SSCP-2b1360f1dc41f802
PAMPA:5629,GRP-3bd429ee035c8d3a,2021_Comeau,2021,1.0,False,included,compatible_uncensored_replicate,SSCP-3bd429ee035c8d3a
PAMPA:5630,GRP-2ce561e279bb165c,2021_Comeau,2021,1.0,False,included,compatible_uncensored_replicate,SSCP-2ce561e279bb165c
PAMPA:5631,GRP-c132c46e12b01f6a,2021_Comeau,2021,1.0,False,included,compatible_uncensored_replicate,SSCP-c132c46e12b01f6a
PAMPA:5632,GRP-05645ce12eb7c244,2021_Comeau,2021,1.0,False,included,compatible_uncensored_replicate,SSCP-05645ce12eb7c244
PAMPA:5633,GRP-da857c1f99610617,2021_Comeau,2021,1.0,False,included,compatible_uncensored_replicate,SSCP-da857c1f99610617
PAMPA:5634,GRP-ff00cc6d61245732,2021_Comeau,2021,1.0,False,included,compatible_uncensored_replicate,SSCP-ff00cc6d61245732
PAMPA:5635,GRP-ba837053c56fd66b,2021_Comeau,2021,1.0,False,included,compatible_uncensored_replicate,SSCP-ba837053c56fd66b
PAMPA:5636,GRP-774752e59d3a311c,2021_Comeau,2021,1.0,False,included,compatible_uncensored_replicate,SSCP-774752e59d3a311c
PAMPA:5637,GRP-c0da76f29a1574b7,2021_Comeau,2021,1.0,False,included,compatible_uncensored_replicate,SSCP-c0da76f29a1574b7
PAMPA:5638,GRP-253352bdd363ad14,2021_Comeau,2021,1.0,False,included,compatible_uncensored_replicate,SSCP-253352bdd363ad14
PAMPA:5639,GRP-30a731c17efbcac0,2021_Comeau,2021,1.0,False,included,compatible_uncensored_replicate,SSCP-30a731c17efbcac0
PAMPA:5640,GRP-371ec3099d78904b,2021_Comeau,2021,1.0,False,included,compatible_uncensored_replicate,SSCP-371ec3099d78904b
PAMPA:5641,GRP-98e88cdbd05fc53a,2021_Comeau,2021,1.0,False,included,compatible_uncensored_replicate,SSCP-98e88cdbd05fc53a
PAMPA:5642,GRP-ff18a720c2841e8a,2021_Golosov,2021,1.0,True,excluded,irrecoverably_censored_or_missing_label,
PAMPA:5643,GRP-a5108853addcc52c,2021_Golosov,2021,1.0,False,included,compatible_uncensored_replicate,SSCP-a5108853addcc52c
PAMPA:5644,GRP-54deeaa30bd20cb0,2021_Golosov,2021,1.0,False,included,compatible_uncensored_replicate,SSCP-54deeaa30bd20cb0
PAMPA:5645,GRP-2f63a53b0d922a86,2021_Golosov,2021,1.0,True,excluded,irrecoverably_censored_or_missing_label,
PAMPA:5646,GRP-d72f9caed86bfa4b,2021_Golosov,2021,1.0,False,included,compatible_uncensored_replicate,SSCP-d72f9caed86bfa4b
PAMPA:5647,GRP-2b56d53cc74fbd81,2021_Golosov,2021,1.0,False,included,compatible_uncensored_replicate,SSCP-2b56d53cc74fbd81
PAMPA:5648,GRP-5804529825a9f2e3,2021_Golosov,2021,1.0,False,included,compatible_uncensored_replicate,SSCP-5804529825a9f2e3
PAMPA:5649,GRP-5869f6ba1f93b236,2021_Golosov,2021,1.0,True,excluded,irrecoverably_censored_or_missing_label,
PAMPA:5650,GRP-de24e7c6ddf3ba31,2021_Golosov,2021,1.0,True,excluded,irrecoverably_censored_or_missing_label,
PAMPA:5651,GRP-8ad6954699d7880a,2021_Golosov,2021,1.0,True,excluded,irrecoverably_censored_or_missing_label,
PAMPA:5652,GRP-be7cbddf297169ed,2021_Golosov,2021,1.0,False,included,compatible_uncensored_replicate,SSCP-be7cbddf297169ed
PAMPA:5653,GRP-8d16c58387a3e1e2,2021_Golosov,2021,1.0,True,excluded,irrecoverably_censored_or_missing_label,
PAMPA:5654,GRP-0793f8a62e6dccfb,2021_Golosov,2021,1.0,True,excluded,irrecoverably_censored_or_missing_label,
PAMPA:5655,GRP-1bb951d38dc20fe3,2021_Golosov,2021,1.0,False,included,compatible_uncensored_replicate,SSCP-1bb951d38dc20fe3
PAMPA:5656,GRP-475fd8d719a10c81,2021_Golosov,2021,1.0,False,included,compatible_uncensored_replicate,SSCP-475fd8d719a10c81
PAMPA:5657,GRP-d2b1745a556fca24,2021_Golosov,2021,1.0,False,included,compatible_uncensored_replicate,SSCP-d2b1745a556fca24
PAMPA:5658,GRP-7814ad97ed2a30a7,2021_Golosov,2021,1.0,False,included,compatible_uncensored_replicate,SSCP-7814ad97ed2a30a7
PAMPA:5659,GRP-fde513494e838b88,2021_Golosov,2021,1.0,False,included,compatible_uncensored_replicate,SSCP-fde513494e838b88
PAMPA:5660,GRP-0902f55f8633bd2f,2021_Golosov,2021,1.0,False,included,compatible_uncensored_replicate,SSCP-0902f55f8633bd2f
PAMPA:5661,GRP-7b719f4fc73a404f,2021_Golosov,2021,1.0,False,included,compatible_uncensored_replicate,SSCP-7b719f4fc73a404f
PAMPA:5662,GRP-3b32040ea77dbfea,2021_Golosov,2021,1.0,False,included,compatible_uncensored_replicate,SSCP-3b32040ea77dbfea
PAMPA:5663,GRP-ca6ec54ddc4ea63a,2021_Golosov,2021,1.0,False,included,compatible_uncensored_replicate,SSCP-ca6ec54ddc4ea63a
PAMPA:5664,GRP-b5570dbcfd185227,2021_Golosov,2021,1.0,False,included,compatible_uncensored_replicate,SSCP-b5570dbcfd185227
PAMPA:5669,GRP-e3c996740b2a85a2,2021_Kelly,2021,1.0,False,included,compatible_uncensored_replicate,SSCP-e3c996740b2a85a2
PAMPA:5670,GRP-aa0b727b92919a8d,2021_Kelly,2021,1.0,False,included,compatible_uncensored_replicate,SSCP-aa0b727b92919a8d
PAMPA:5671,GRP-184a1e5e563f740c,2021_Kelly,2021,1.0,False,included,compatible_uncensored_replicate,SSCP-184a1e5e563f740c
PAMPA:5672,GRP-8d37dde5999b7c92,2021_Kelly,2021,1.0,False,included,compatible_uncensored_replicate,SSCP-8d37dde5999b7c92
PAMPA:5673,GRP-0aba96b3dfa8e09e,2021_Kelly,2021,1.0,False,included,compatible_uncensored_replicate,SSCP-0aba96b3dfa8e09e
PAMPA:5674,GRP-30ffa4e457b61011,2021_Kelly,2021,1.0,False,included,compatible_uncensored_replicate,SSCP-30ffa4e457b61011
PAMPA:5675,GRP-644405e02c7b8b12,2021_Kelly,2021,1.0,False,included,compatible_uncensored_replicate,SSCP-644405e02c7b8b12
PAMPA:5676,GRP-450187cb1a7de137,2021_Kelly,2021,1.0,False,included,compatible_uncensored_replicate,SSCP-450187cb1a7de137
PAMPA:5677,GRP-c7d155f6db5068a1,2021_Kelly,2021,1.0,False,included,compatible_uncensored_replicate,SSCP-c7d155f6db5068a1
PAMPA:5678,GRP-fc9fc7bb15f2592d,2021_Kelly,2021,1.0,False,included,compatible_uncensored_replicate,SSCP-fc9fc7bb15f2592d
PAMPA:5679,GRP-ccf9052c0f321ca3,2021_Kelly,2021,1.0,False,included,compatible_uncensored_replicate,SSCP-ccf9052c0f321ca3
PAMPA:5680,GRP-968ebf03b7c5fb6a,2021_Kelly,2021,1.0,False,included,compatible_uncensored_replicate,SSCP-968ebf03b7c5fb6a
PAMPA:5681,GRP-d33aca27900dfaed,2021_Kelly,2021,1.0,False,included,compatible_uncensored_replicate,SSCP-d33aca27900dfaed
PAMPA:5682,GRP-0b9a0c0afe2298b5,2021_Kelly,2021,1.0,False,included,compatible_uncensored_replicate,SSCP-0b9a0c0afe2298b5
PAMPA:5683,GRP-c1bde980d11b74aa,2021_Kelly,2021,1.0,False,included,compatible_uncensored_replicate,SSCP-c1bde980d11b74aa
PAMPA:5684,GRP-37240bdcc2b27e86,2021_Kelly,2021,1.0,False,included,compatible_uncensored_replicate,SSCP-37240bdcc2b27e86
PAMPA:5685,GRP-73b44a0b970fd2d5,2021_Kelly,2021,1.0,False,included,compatible_uncensored_replicate,SSCP-73b44a0b970fd2d5
PAMPA:5686,GRP-4b52982a8e533c5e,2021_Kelly,2021,1.0,False,included,compatible_uncensored_replicate,SSCP-4b52982a8e533c5e
PAMPA:5687,GRP-3f05651c7e6a4417,2021_Kelly,2021,1.0,False,included,compatible_uncensored_replicate,SSCP-3f05651c7e6a4417
PAMPA:5688,GRP-a714332bf3d8d919,2021_Kelly,2021,1.0,False,included,compatible_uncensored_replicate,SSCP-a714332bf3d8d919
PAMPA:5689,GRP-640e2371ecd1c62b,2021_Kelly,2021,1.0,False,included,compatible_uncensored_replicate,SSCP-640e2371ecd1c62b
PAMPA:5690,GRP-8b5fba6dc5c869b1,2021_Kelly,2021,1.0,False,included,compatible_uncensored_replicate,SSCP-8b5fba6dc5c869b1
PAMPA:5691,GRP-eaf156cb0e8f4deb,2021_Kelly,2021,1.0,False,included,compatible_uncensored_replicate,SSCP-eaf156cb0e8f4deb
PAMPA:5692,GRP-191fcd4c0eec6e0a,2021_Kelly,2021,1.0,False,included,compatible_uncensored_replicate,SSCP-191fcd4c0eec6e0a
PAMPA:5693,GRP-244230beb8c276b3,2021_Kelly,2021,1.0,False,included,compatible_uncensored_replicate,SSCP-244230beb8c276b3
PAMPA:5694,GRP-2fe8ec138feaea56,2021_Kelly,2021,1.0,False,included,compatible_uncensored_replicate,SSCP-2fe8ec138feaea56
PAMPA:5695,GRP-8e1787037e6e0b46,2021_Kelly,2021,1.0,False,included,compatible_uncensored_replicate,SSCP-8e1787037e6e0b46
PAMPA:5696,GRP-750f5bae6287821d,2021_Kelly,2021,1.0,False,included,compatible_uncensored_replicate,SSCP-750f5bae6287821d
PAMPA:5697,GRP-48f6e6f33e07586d,2021_Kelly,2021,1.0,False,included,compatible_uncensored_replicate,SSCP-48f6e6f33e07586d
PAMPA:5698,GRP-efe843ac802c4935,2021_Kelly,2021,1.0,False,included,compatible_uncensored_replicate,SSCP-efe843ac802c4935
PAMPA:5699,GRP-9fbb12136d124295,2021_Kelly,2021,1.0,False,included,compatible_uncensored_replicate,SSCP-9fbb12136d124295
PAMPA:5700,GRP-f4e41959aa8ef116,2021_Kelly,2021,1.0,False,included,compatible_uncensored_replicate,SSCP-f4e41959aa8ef116
PAMPA:5701,GRP-992b21e49ddea21d,2021_Kelly,2021,1.0,False,included,compatible_uncensored_replicate,SSCP-992b21e49ddea21d
PAMPA:5702,GRP-cbebd6c7e60f4dac,2021_Kelly,2021,1.0,False,included,compatible_uncensored_replicate,SSCP-cbebd6c7e60f4dac
PAMPA:5703,GRP-c4535385b557ab8b,2021_Kelly,2021,1.0,False,included,compatible_uncensored_replicate,SSCP-c4535385b557ab8b
PAMPA:5704,GRP-f2153aa30e330e0d,2021_Kelly,2021,1.0,False,included,compatible_uncensored_replicate,SSCP-f2153aa30e330e0d
PAMPA:5705,GRP-eb4944e712c63db9,2021_Kelly,2021,1.0,False,included,compatible_uncensored_replicate,SSCP-eb4944e712c63db9
PAMPA:5706,GRP-431860e6387e2c74,2021_Kelly,2021,1.0,False,included,compatible_uncensored_replicate,SSCP-431860e6387e2c74
PAMPA:5707,GRP-039f7337e1c43b8a,2021_Kelly,2021,1.0,False,included,compatible_uncensored_replicate,SSCP-039f7337e1c43b8a
PAMPA:5708,GRP-3093ff773e7b4ec2,2021_Kelly,2021,1.0,False,included,compatible_uncensored_replicate,SSCP-3093ff773e7b4ec2
PAMPA:5709,GRP-2cf2749b601bcd89,2021_Kelly,2021,1.0,False,included,compatible_uncensored_replicate,SSCP-2cf2749b601bcd89
PAMPA:5710,GRP-92d886906139d5ac,2021_Kelly,2021,1.0,False,included,compatible_uncensored_replicate,SSCP-92d886906139d5ac
PAMPA:5711,GRP-d948e5ef16b3a1cb,2021_Kelly,2021,1.0,False,included,compatible_uncensored_replicate,SSCP-d948e5ef16b3a1cb
PAMPA:5712,GRP-beb2835f895303b1,2021_Kelly,2021,1.0,False,included,compatible_uncensored_replicate,SSCP-beb2835f895303b1
PAMPA:5713,GRP-ac0a8a0c2295f8d9,2021_Kelly,2021,1.0,False,included,compatible_uncensored_replicate,SSCP-ac0a8a0c2295f8d9
PAMPA:5714,GRP-c9a31745a241cb10,2021_Kelly,2021,1.0,False,included,compatible_uncensored_replicate,SSCP-c9a31745a241cb10
PAMPA:5715,GRP-3d762c9242fc81f0,2021_Kelly,2021,1.0,False,included,compatible_uncensored_replicate,SSCP-3d762c9242fc81f0
PAMPA:5716,GRP-8dba166665ec97de,2021_Kelly,2021,1.0,False,included,compatible_uncensored_replicate,SSCP-8dba166665ec97de
PAMPA:5717,GRP-ee7ae221e9a624c9,2021_Kelly,2021,1.0,False,included,compatible_uncensored_replicate,SSCP-ee7ae221e9a624c9
PAMPA:5718,GRP-105dbf8abd0d03fa,2021_Kelly,2021,1.0,False,included,compatible_uncensored_replicate,SSCP-105dbf8abd0d03fa
PAMPA:5719,GRP-a90d433649ab3b98,2021_Kelly,2021,1.0,False,included,compatible_uncensored_replicate,SSCP-a90d433649ab3b98
PAMPA:5720,GRP-0921d8f883b3c5be,2021_Kelly,2021,1.0,False,included,compatible_uncensored_replicate,SSCP-0921d8f883b3c5be
PAMPA:5721,GRP-09fef344e7d5b6fd,2021_Kelly,2021,1.0,False,included,compatible_uncensored_replicate,SSCP-09fef344e7d5b6fd
PAMPA:5722,GRP-0faa7be070dc080a,2021_Kelly,2021,1.0,False,included,compatible_uncensored_replicate,SSCP-0faa7be070dc080a
PAMPA:5723,GRP-a2af9faf2d6f5bb2,2021_Kelly,2021,1.0,False,included,compatible_uncensored_replicate,SSCP-a2af9faf2d6f5bb2
PAMPA:5724,GRP-29f327c4306f0370,2021_Kelly,2021,1.0,False,included,compatible_uncensored_replicate,SSCP-29f327c4306f0370
PAMPA:5725,GRP-54f57466a401b8fc,2021_Kelly,2021,1.0,False,included,compatible_uncensored_replicate,SSCP-54f57466a401b8fc
PAMPA:5726,GRP-1bb26062a64ed749,2021_Kelly,2021,1.0,False,included,compatible_uncensored_replicate,SSCP-1bb26062a64ed749
PAMPA:5727,GRP-a433eb98cdbee8d8,2021_Kelly,2021,1.0,False,included,compatible_uncensored_replicate,SSCP-a433eb98cdbee8d8
PAMPA:5728,GRP-048e5fd7b7b2cb75,2021_Kelly,2021,1.0,False,included,compatible_uncensored_replicate,SSCP-048e5fd7b7b2cb75
PAMPA:5729,GRP-ce4058358944ba9f,2021_Kelly,2021,1.0,False,included,compatible_uncensored_replicate,SSCP-ce4058358944ba9f
PAMPA:5730,GRP-06ff7c6c7dd358fe,2021_Kelly,2021,1.0,False,included,compatible_uncensored_replicate,SSCP-06ff7c6c7dd358fe
PAMPA:5731,GRP-afaa755d02c22264,2021_Kelly,2021,1.0,False,included,compatible_uncensored_replicate,SSCP-afaa755d02c22264
PAMPA:5732,GRP-54e34786050c0ff4,2021_Kelly,2021,1.0,False,included,compatible_uncensored_replicate,SSCP-54e34786050c0ff4
PAMPA:5733,GRP-2dc593fd1b26b8c9,2021_Kelly,2021,1.0,False,included,compatible_uncensored_replicate,SSCP-2dc593fd1b26b8c9
PAMPA:5734,GRP-f228c1f261c7e525,2021_Kelly,2021,1.0,False,included,compatible_uncensored_replicate,SSCP-f228c1f261c7e525
PAMPA:5735,GRP-a59ed1ee9c4d2184,2021_Kelly,2021,1.0,False,included,compatible_uncensored_replicate,SSCP-a59ed1ee9c4d2184
PAMPA:5736,GRP-b3fc2c4c8c8f9c9a,2021_Kelly,2021,1.0,False,included,compatible_uncensored_replicate,SSCP-b3fc2c4c8c8f9c9a
PAMPA:5737,GRP-e5d500fb13e7b26e,2021_Kelly,2021,1.0,False,included,compatible_uncensored_replicate,SSCP-e5d500fb13e7b26e
PAMPA:5738,GRP-24c513048769df1e,2021_Kelly,2021,1.0,False,included,compatible_uncensored_replicate,SSCP-24c513048769df1e
PAMPA:5739,GRP-5687c85e9626febc,2021_Kelly,2021,1.0,False,included,compatible_uncensored_replicate,SSCP-5687c85e9626febc
PAMPA:5740,GRP-435de4ae70dbc6fa,2021_Kelly,2021,1.0,False,included,compatible_uncensored_replicate,SSCP-435de4ae70dbc6fa
PAMPA:5741,GRP-e52791b70a24d7d1,2021_Kelly,2021,1.0,False,included,compatible_uncensored_replicate,SSCP-e52791b70a24d7d1
PAMPA:5742,GRP-ab1887a0b2e59185,2021_Kelly,2021,1.0,False,included,compatible_uncensored_replicate,SSCP-ab1887a0b2e59185
PAMPA:5743,GRP-1c8d4a1de5abc8e9,2021_Kelly,2021,1.0,False,included,compatible_uncensored_replicate,SSCP-1c8d4a1de5abc8e9
PAMPA:5744,GRP-c3cee308a471cec5,2021_Kelly,2021,1.0,False,included,compatible_uncensored_replicate,SSCP-c3cee308a471cec5
PAMPA:5745,GRP-cc91bad8966e5d8b,2021_Kelly,2021,1.0,False,included,compatible_uncensored_replicate,SSCP-cc91bad8966e5d8b
PAMPA:5746,GRP-814c742a99ee3845,2021_Kelly,2021,1.0,False,included,compatible_uncensored_replicate,SSCP-814c742a99ee3845
PAMPA:5747,GRP-492c284467a3bdfa,2021_Kelly,2021,1.0,False,included,compatible_uncensored_replicate,SSCP-492c284467a3bdfa
PAMPA:5748,GRP-4f875ac6a597e2bc,2021_Kelly,2021,1.0,False,included,compatible_uncensored_replicate,SSCP-4f875ac6a597e2bc
PAMPA:5749,GRP-a857bb9278cb8d6f,2021_Kelly,2021,1.0,False,included,compatible_uncensored_replicate,SSCP-a857bb9278cb8d6f
PAMPA:5750,GRP-ebf03fd19f830329,2021_Kelly,2021,1.0,False,included,compatible_uncensored_replicate,SSCP-ebf03fd19f830329
PAMPA:5751,GRP-b373e3d5bd07edd3,2021_Kelly,2021,1.0,False,included,compatible_uncensored_replicate,SSCP-b373e3d5bd07edd3
PAMPA:5752,GRP-37ed86231a3de020,2021_Kelly,2021,1.0,False,included,compatible_uncensored_replicate,SSCP-37ed86231a3de020
PAMPA:5753,GRP-8a45ab783c106f75,2021_Kelly,2021,1.0,False,included,compatible_uncensored_replicate,SSCP-8a45ab783c106f75
PAMPA:5754,GRP-8b68b61400337eac,2021_Kelly,2021,1.0,False,included,compatible_uncensored_replicate,SSCP-8b68b61400337eac
PAMPA:5755,GRP-c37e7ca16c78c9b1,2021_Kelly,2021,1.0,False,included,compatible_uncensored_replicate,SSCP-c37e7ca16c78c9b1
PAMPA:5756,GRP-c9bd7331d25871d5,2021_Kelly,2021,1.0,False,included,compatible_uncensored_replicate,SSCP-c9bd7331d25871d5
PAMPA:5757,GRP-2724561bbef7bc81,2021_Kelly,2021,1.0,False,included,compatible_uncensored_replicate,SSCP-2724561bbef7bc81
PAMPA:5758,GRP-b88151dbf41cefc2,2021_Kelly,2021,1.0,False,included,compatible_uncensored_replicate,SSCP-b88151dbf41cefc2
PAMPA:5759,GRP-2e9922b6f2787091,2021_Kelly,2021,1.0,False,included,compatible_uncensored_replicate,SSCP-2e9922b6f2787091
PAMPA:5760,GRP-83553f5dcf3f7bc0,2021_Kelly,2021,1.0,False,included,compatible_uncensored_replicate,SSCP-83553f5dcf3f7bc0
PAMPA:5761,GRP-7d66cef5b3cbab98,2021_Kelly,2021,1.0,False,included,compatible_uncensored_replicate,SSCP-7d66cef5b3cbab98
PAMPA:5762,GRP-4e5b146964e0b39d,2021_Kelly,2021,1.0,False,included,compatible_uncensored_replicate,SSCP-4e5b146964e0b39d
PAMPA:5763,GRP-23d0f7dba84e6719,2021_Kelly,2021,1.0,False,included,compatible_uncensored_replicate,SSCP-23d0f7dba84e6719
PAMPA:5764,GRP-ca167fa74b0cdedd,2021_Kelly,2021,1.0,False,included,compatible_uncensored_replicate,SSCP-ca167fa74b0cdedd
PAMPA:5765,GRP-95632e43a2773774,2021_Kelly,2021,1.0,False,included,compatible_uncensored_replicate,SSCP-95632e43a2773774
PAMPA:5766,GRP-594643bc4757bc0a,2021_Kelly,2021,1.0,False,included,compatible_uncensored_replicate,SSCP-594643bc4757bc0a
PAMPA:5767,GRP-14fe3b108f313037,2021_Kelly,2021,1.0,False,included,compatible_uncensored_replicate,SSCP-14fe3b108f313037
PAMPA:5768,GRP-86c8d7bd8c8a863a,2021_Kelly,2021,1.0,False,included,compatible_uncensored_replicate,SSCP-86c8d7bd8c8a863a
PAMPA:5769,GRP-cf07c2cd6b72202e,2021_Kelly,2021,1.0,False,included,compatible_uncensored_replicate,SSCP-cf07c2cd6b72202e
PAMPA:5770,GRP-b17c16ae3fc86c2c,2021_Kelly,2021,1.0,False,included,compatible_uncensored_replicate,SSCP-b17c16ae3fc86c2c
PAMPA:5771,GRP-d7bfd391fa29098d,2021_Kelly,2021,1.0,False,included,compatible_uncensored_replicate,SSCP-d7bfd391fa29098d
PAMPA:5772,GRP-3645fc5e1f6ea090,2021_Kelly,2021,1.0,False,included,compatible_uncensored_replicate,SSCP-3645fc5e1f6ea090
PAMPA:5773,GRP-7c2ccb7744ea2880,2021_Kelly,2021,1.0,False,included,compatible_uncensored_replicate,SSCP-7c2ccb7744ea2880
PAMPA:5774,GRP-e5321e429070d5e8,2021_Kelly,2021,1.0,False,included,compatible_uncensored_replicate,SSCP-e5321e429070d5e8
PAMPA:5775,GRP-7c95945933290fb6,2021_Kelly,2021,1.0,False,included,compatible_uncensored_replicate,SSCP-7c95945933290fb6
PAMPA:5776,GRP-b9d86d5283528b99,2021_Kelly,2021,1.0,False,included,compatible_uncensored_replicate,SSCP-b9d86d5283528b99
PAMPA:5777,GRP-8265d37bb459ad35,2021_Kelly,2021,1.0,False,included,compatible_uncensored_replicate,SSCP-8265d37bb459ad35
PAMPA:5778,GRP-4a74e9a1872d6ce5,2021_Kelly,2021,1.0,False,included,compatible_uncensored_replicate,SSCP-4a74e9a1872d6ce5
PAMPA:5779,GRP-22156620c109d4b8,2021_Kelly,2021,1.0,False,included,compatible_uncensored_replicate,SSCP-22156620c109d4b8
PAMPA:5780,GRP-ab95e5bcf381c2e7,2021_Kelly,2021,1.0,False,included,compatible_uncensored_replicate,SSCP-ab95e5bcf381c2e7
PAMPA:5781,GRP-16e97318e3786de5,2021_Kelly,2021,1.0,False,included,compatible_uncensored_replicate,SSCP-16e97318e3786de5
PAMPA:5782,GRP-aa594ce384ec448d,2021_Kelly,2021,1.0,False,included,compatible_uncensored_replicate,SSCP-aa594ce384ec448d
PAMPA:5783,GRP-8ab5b5f79a3f6fb8,2021_Kelly,2021,1.0,False,included,compatible_uncensored_replicate,SSCP-8ab5b5f79a3f6fb8
PAMPA:5784,GRP-3251142837fa495c,2021_Kelly,2021,1.0,False,included,compatible_uncensored_replicate,SSCP-3251142837fa495c
PAMPA:5785,GRP-3ad3c99c5b300f9c,2021_Kelly,2021,1.0,False,included,compatible_uncensored_replicate,SSCP-3ad3c99c5b300f9c
PAMPA:5786,GRP-a7a926f827fe1940,2021_Kelly,2021,1.0,False,included,compatible_uncensored_replicate,SSCP-a7a926f827fe1940
PAMPA:5787,GRP-bfa925c212712770,2021_Kelly,2021,1.0,False,included,compatible_uncensored_replicate,SSCP-bfa925c212712770
PAMPA:5788,GRP-e9470f0123698bcb,2021_Kelly,2021,1.0,False,included,compatible_uncensored_replicate,SSCP-e9470f0123698bcb
PAMPA:5789,GRP-1f0cb1315191e921,2021_Kelly,2021,1.0,False,included,compatible_uncensored_replicate,SSCP-1f0cb1315191e921
PAMPA:5790,GRP-d5419e61565db464,2021_Kelly,2021,1.0,False,included,compatible_uncensored_replicate,SSCP-d5419e61565db464
PAMPA:5791,GRP-1a898ee0242c4476,2021_Kelly,2021,1.0,False,included,compatible_uncensored_replicate,SSCP-1a898ee0242c4476
PAMPA:5792,GRP-b3dcd733812e60b6,2021_Kelly,2021,1.0,False,included,compatible_uncensored_replicate,SSCP-b3dcd733812e60b6
PAMPA:5793,GRP-031a0e7ab110f692,2021_Kelly,2021,1.0,False,included,compatible_uncensored_replicate,SSCP-031a0e7ab110f692
PAMPA:5794,GRP-3e9fdddbb44d4202,2021_Kelly,2021,1.0,False,included,compatible_uncensored_replicate,SSCP-3e9fdddbb44d4202
PAMPA:5795,GRP-eedfdbaf90d702d9,2021_Kelly,2021,1.0,False,included,compatible_uncensored_replicate,SSCP-eedfdbaf90d702d9
PAMPA:5796,GRP-252773d85b72ae6a,2021_Kelly,2021,1.0,False,included,compatible_uncensored_replicate,SSCP-252773d85b72ae6a
PAMPA:5797,GRP-12d1e0b6061e64ce,2021_Kelly,2021,1.0,False,included,compatible_uncensored_replicate,SSCP-12d1e0b6061e64ce
PAMPA:5798,GRP-3fcd0d803ad880ad,2021_Kelly,2021,1.0,False,included,compatible_uncensored_replicate,SSCP-3fcd0d803ad880ad
PAMPA:5799,GRP-478e1956c04be3cc,2021_Kelly,2021,1.0,False,included,compatible_uncensored_replicate,SSCP-478e1956c04be3cc
PAMPA:5800,GRP-9d0322d71fe332f3,2021_Kelly,2021,1.0,False,included,compatible_uncensored_replicate,SSCP-9d0322d71fe332f3
PAMPA:5801,GRP-8e18c89d72193bac,2021_Kelly,2021,1.0,False,included,compatible_uncensored_replicate,SSCP-8e18c89d72193bac
PAMPA:5802,GRP-9f52824e1b1e9b38,2021_Kelly,2021,1.0,False,included,compatible_uncensored_replicate,SSCP-9f52824e1b1e9b38
PAMPA:5803,GRP-cf2936badf55c0f7,2021_Kelly,2021,1.0,False,included,compatible_uncensored_replicate,SSCP-cf2936badf55c0f7
PAMPA:5804,GRP-8bc65126500af247,2021_Kelly,2021,1.0,False,included,compatible_uncensored_replicate,SSCP-8bc65126500af247
PAMPA:5805,GRP-1cb0122165de1baa,2021_Kelly,2021,1.0,False,included,compatible_uncensored_replicate,SSCP-1cb0122165de1baa
PAMPA:5806,GRP-12df594b83dbc600,2021_Kelly,2021,1.0,False,included,compatible_uncensored_replicate,SSCP-12df594b83dbc600
PAMPA:5807,GRP-8d9036cd47b60c77,2021_Kelly,2021,1.0,False,included,compatible_uncensored_replicate,SSCP-8d9036cd47b60c77
PAMPA:5808,GRP-7f93853a002f695e,2021_Kelly,2021,1.0,False,included,compatible_uncensored_replicate,SSCP-7f93853a002f695e
PAMPA:5809,GRP-c28038e4008e3141,2021_Kelly,2021,1.0,False,included,compatible_uncensored_replicate,SSCP-c28038e4008e3141
PAMPA:5810,GRP-298dc1d46d24e7fb,2021_Kelly,2021,1.0,False,included,compatible_uncensored_replicate,SSCP-298dc1d46d24e7fb
PAMPA:5811,GRP-89cdce005bfda3c7,2021_Kelly,2021,1.0,False,included,compatible_uncensored_replicate,SSCP-89cdce005bfda3c7
PAMPA:5812,GRP-de41e6b2614386ad,2021_Kelly,2021,1.0,False,included,compatible_uncensored_replicate,SSCP-de41e6b2614386ad
PAMPA:5813,GRP-a49238d4f85aa766,2021_Kelly,2021,1.0,False,included,compatible_uncensored_replicate,SSCP-a49238d4f85aa766
PAMPA:5814,GRP-e03ecdcba3ca10cc,2021_Kelly,2021,1.0,False,included,compatible_uncensored_replicate,SSCP-e03ecdcba3ca10cc
PAMPA:5815,GRP-032b95a39839267d,2021_Kelly,2021,1.0,False,included,compatible_uncensored_replicate,SSCP-032b95a39839267d
PAMPA:5816,GRP-096c4e50e0d72c1c,2021_Kelly,2021,1.0,False,included,compatible_uncensored_replicate,SSCP-096c4e50e0d72c1c
PAMPA:5817,GRP-01997338bc725ff9,2021_Kelly,2021,1.0,False,included,compatible_uncensored_replicate,SSCP-01997338bc725ff9
PAMPA:5818,GRP-ec2302b5f59fae7a,2021_Kelly,2021,1.0,False,included,compatible_uncensored_replicate,SSCP-ec2302b5f59fae7a
PAMPA:5819,GRP-e35d014015bc53f9,2021_Kelly,2021,1.0,False,included,compatible_uncensored_replicate,SSCP-e35d014015bc53f9
PAMPA:5820,GRP-ca3a5a5338527341,2021_Kelly,2021,1.0,False,included,compatible_uncensored_replicate,SSCP-ca3a5a5338527341
PAMPA:5821,GRP-e6a0edc46c41f3a3,2021_Kelly,2021,1.0,False,included,compatible_uncensored_replicate,SSCP-e6a0edc46c41f3a3
PAMPA:5822,GRP-8555d987cf0904a0,2021_Kelly,2021,1.0,False,included,compatible_uncensored_replicate,SSCP-8555d987cf0904a0
PAMPA:5823,GRP-116d0d64a40f78bd,2021_Kelly,2021,1.0,False,included,compatible_uncensored_replicate,SSCP-116d0d64a40f78bd
PAMPA:5824,GRP-ac478fae91c1af81,2021_Kelly,2021,1.0,False,included,compatible_uncensored_replicate,SSCP-ac478fae91c1af81
PAMPA:5825,GRP-4dbc2aeae7783ab9,2021_Kelly,2021,1.0,False,included,compatible_uncensored_replicate,SSCP-4dbc2aeae7783ab9
PAMPA:5826,GRP-833c7027ff488fc8,2021_Kelly,2021,1.0,False,included,compatible_uncensored_replicate,SSCP-833c7027ff488fc8
PAMPA:5827,GRP-8db1848162102365,2021_Kelly,2021,1.0,False,included,compatible_uncensored_replicate,SSCP-8db1848162102365
PAMPA:5828,GRP-26dc33af81d76cc2,2021_Kelly,2021,1.0,False,included,compatible_uncensored_replicate,SSCP-26dc33af81d76cc2
PAMPA:5829,GRP-7eb1c6a62621767c,2021_Kelly,2021,1.0,False,included,compatible_uncensored_replicate,SSCP-7eb1c6a62621767c
PAMPA:5830,GRP-d9b4b99bb294beba,2021_Kelly,2021,1.0,False,included,compatible_uncensored_replicate,SSCP-d9b4b99bb294beba
PAMPA:5831,GRP-9b72770dc9e588cd,2021_Kelly,2021,1.0,False,included,compatible_uncensored_replicate,SSCP-9b72770dc9e588cd
PAMPA:5832,GRP-6526980778d619b4,2021_Kelly,2021,1.0,False,included,compatible_uncensored_replicate,SSCP-6526980778d619b4
PAMPA:5833,GRP-aa11a0f14b67fd58,2021_Kelly,2021,1.0,False,included,compatible_uncensored_replicate,SSCP-aa11a0f14b67fd58
PAMPA:5834,GRP-e41bccd224b2a6c1,2021_Kelly,2021,1.0,False,included,compatible_uncensored_replicate,SSCP-e41bccd224b2a6c1
PAMPA:5835,GRP-ab190c5c16ac1198,2021_Kelly,2021,1.0,False,included,compatible_uncensored_replicate,SSCP-ab190c5c16ac1198
PAMPA:5836,GRP-f9e07c75530abbe5,2021_Kelly,2021,1.0,False,included,compatible_uncensored_replicate,SSCP-f9e07c75530abbe5
PAMPA:5837,GRP-137c28c33b817d6b,2021_Kelly,2021,1.0,False,included,compatible_uncensored_replicate,SSCP-137c28c33b817d6b
PAMPA:5838,GRP-eb54b7c076eda1a4,2021_Kelly,2021,1.0,False,included,compatible_uncensored_replicate,SSCP-eb54b7c076eda1a4
PAMPA:5839,GRP-edf7fb5ff2427730,2021_Kelly,2021,1.0,False,included,compatible_uncensored_replicate,SSCP-edf7fb5ff2427730
PAMPA:5840,GRP-0e4476b0fc519182,2021_Kelly,2021,1.0,False,included,compatible_uncensored_replicate,SSCP-0e4476b0fc519182
PAMPA:5841,GRP-2390414445e8e4c3,2021_Kelly,2021,1.0,False,included,compatible_uncensored_replicate,SSCP-2390414445e8e4c3
PAMPA:5842,GRP-211881ba834a8812,2021_Kelly,2021,1.0,False,included,compatible_uncensored_replicate,SSCP-211881ba834a8812
PAMPA:5843,GRP-a15a4dd30b9cf821,2021_Kelly,2021,1.0,False,included,compatible_uncensored_replicate,SSCP-a15a4dd30b9cf821
PAMPA:5844,GRP-af8fef0e061f54a5,2021_Kelly,2021,1.0,False,included,compatible_uncensored_replicate,SSCP-af8fef0e061f54a5
PAMPA:5845,GRP-8793526dc8e494fa,2021_Kelly,2021,1.0,False,included,compatible_uncensored_replicate,SSCP-8793526dc8e494fa
PAMPA:5846,GRP-bd3615309a75685d,2021_Kelly,2021,1.0,False,included,compatible_uncensored_replicate,SSCP-bd3615309a75685d
PAMPA:5847,GRP-8944f813d63bd2d2,2021_Kelly,2021,1.0,False,included,compatible_uncensored_replicate,SSCP-8944f813d63bd2d2
PAMPA:5848,GRP-bf0eb498edac76ea,2021_Kelly,2021,1.0,False,included,compatible_uncensored_replicate,SSCP-bf0eb498edac76ea
PAMPA:5849,GRP-176edca2565e1976,2021_Kelly,2021,1.0,False,included,compatible_uncensored_replicate,SSCP-176edca2565e1976
PAMPA:5850,GRP-26aba27ee133a842,2021_Kelly,2021,1.0,False,included,compatible_uncensored_replicate,SSCP-26aba27ee133a842
PAMPA:5851,GRP-603eb49e08bb665a,2021_Kelly,2021,1.0,False,included,compatible_uncensored_replicate,SSCP-603eb49e08bb665a
PAMPA:5852,GRP-b7b689fde5732270,2021_Kelly,2021,1.0,False,included,compatible_uncensored_replicate,SSCP-b7b689fde5732270
PAMPA:5853,GRP-f814b2307650eb05,2021_Kelly,2021,1.0,False,included,compatible_uncensored_replicate,SSCP-f814b2307650eb05
PAMPA:5854,GRP-9f8756b22fac9d56,2021_Kelly,2021,1.0,False,included,compatible_uncensored_replicate,SSCP-9f8756b22fac9d56
PAMPA:5855,GRP-64c6d07684bc625a,2021_Kelly,2021,1.0,False,included,compatible_uncensored_replicate,SSCP-64c6d07684bc625a
PAMPA:5856,GRP-8ee7e860144dd1d1,2021_Kelly,2021,1.0,False,included,compatible_uncensored_replicate,SSCP-8ee7e860144dd1d1
PAMPA:5857,GRP-f6d40b8927ef7cdc,2021_Kelly,2021,1.0,False,included,compatible_uncensored_replicate,SSCP-f6d40b8927ef7cdc
PAMPA:5858,GRP-b0e8c95f7b7bd1b5,2021_Kelly,2021,1.0,False,included,compatible_uncensored_replicate,SSCP-b0e8c95f7b7bd1b5
PAMPA:5859,GRP-c25cc36ae9f06c53,2021_Kelly,2021,1.0,False,included,compatible_uncensored_replicate,SSCP-c25cc36ae9f06c53
PAMPA:5860,GRP-bea79f1770e89286,2021_Kelly,2021,1.0,False,included,compatible_uncensored_replicate,SSCP-bea79f1770e89286
PAMPA:5861,GRP-7a4a34e0bd71d554,2021_Kelly,2021,1.0,False,included,compatible_uncensored_replicate,SSCP-7a4a34e0bd71d554
PAMPA:5862,GRP-a7807c84cfd8de00,2021_Kelly,2021,1.0,False,included,compatible_uncensored_replicate,SSCP-a7807c84cfd8de00
PAMPA:5863,GRP-db1c435a154d8365,2021_Kelly,2021,1.0,False,included,compatible_uncensored_replicate,SSCP-db1c435a154d8365
PAMPA:5864,GRP-339f1a2d960ca492,2021_Kelly,2021,1.0,False,included,compatible_uncensored_replicate,SSCP-339f1a2d960ca492
PAMPA:5865,GRP-3c34893cc90898cc,2021_Kelly,2021,1.0,False,included,compatible_uncensored_replicate,SSCP-3c34893cc90898cc
PAMPA:5866,GRP-eeded4b7fe3cf18d,2021_Kelly,2021,1.0,False,included,compatible_uncensored_replicate,SSCP-eeded4b7fe3cf18d
PAMPA:5867,GRP-f8aaba7072e0e8ba,2021_Kelly,2021,1.0,False,included,compatible_uncensored_replicate,SSCP-f8aaba7072e0e8ba
PAMPA:5868,GRP-b20c8628307da364,2021_Kelly,2021,1.0,False,included,compatible_uncensored_replicate,SSCP-b20c8628307da364
PAMPA:5869,GRP-469284f85f704f5b,2021_Kelly,2021,1.0,False,included,compatible_uncensored_replicate,SSCP-469284f85f704f5b
PAMPA:5870,GRP-74477107dc2f740d,2021_Kelly,2021,1.0,False,included,compatible_uncensored_replicate,SSCP-74477107dc2f740d
PAMPA:5871,GRP-ab036d301f414672,2021_Kelly,2021,1.0,False,included,compatible_uncensored_replicate,SSCP-ab036d301f414672
PAMPA:5872,GRP-313799747320c4f1,2021_Kelly,2021,1.0,False,included,compatible_uncensored_replicate,SSCP-313799747320c4f1
PAMPA:5873,GRP-b9bfa21edba01fe6,2021_Kelly,2021,1.0,False,included,compatible_uncensored_replicate,SSCP-b9bfa21edba01fe6
PAMPA:5874,GRP-3c3d32ea84d855b7,2021_Kelly,2021,1.0,False,included,compatible_uncensored_replicate,SSCP-3c3d32ea84d855b7
PAMPA:5875,GRP-c7b2715af5c1e0ba,2021_Kelly,2021,1.0,False,included,compatible_uncensored_replicate,SSCP-c7b2715af5c1e0ba
PAMPA:5876,GRP-5515dbbf5c41ce74,2021_Kelly,2021,1.0,False,included,compatible_uncensored_replicate,SSCP-5515dbbf5c41ce74
PAMPA:5877,GRP-6ef8adfbcadb1841,2021_Kelly,2021,1.0,False,included,compatible_uncensored_replicate,SSCP-6ef8adfbcadb1841
PAMPA:5878,GRP-4a4d72767f91f613,2021_Kelly,2021,1.0,False,included,compatible_uncensored_replicate,SSCP-4a4d72767f91f613
PAMPA:5879,GRP-330cc3b6c555ccba,2021_Kelly,2021,1.0,False,included,compatible_uncensored_replicate,SSCP-330cc3b6c555ccba
PAMPA:5880,GRP-b29edbf0bbc2354a,2021_Kelly,2021,1.0,False,included,compatible_uncensored_replicate,SSCP-b29edbf0bbc2354a
PAMPA:5881,GRP-e4c2651669c4ad54,2021_Kelly,2021,1.0,False,included,compatible_uncensored_replicate,SSCP-e4c2651669c4ad54
PAMPA:5882,GRP-07b7f81724168005,2021_Kelly,2021,1.0,False,included,compatible_uncensored_replicate,SSCP-07b7f81724168005
PAMPA:5883,GRP-e124f8fde1311ed4,2021_Kelly,2021,1.0,False,included,compatible_uncensored_replicate,SSCP-e124f8fde1311ed4
PAMPA:5884,GRP-ad37ab749b8d3d97,2021_Kelly,2021,1.0,False,included,compatible_uncensored_replicate,SSCP-ad37ab749b8d3d97
PAMPA:5885,GRP-1565f395922a2454,2021_Kelly,2021,1.0,False,included,compatible_uncensored_replicate,SSCP-1565f395922a2454
PAMPA:5886,GRP-e15bf7fa957ab58d,2021_Kelly,2021,1.0,False,included,compatible_uncensored_replicate,SSCP-e15bf7fa957ab58d
PAMPA:5887,GRP-4fb9753c6cb666a7,2021_Kelly,2021,1.0,False,included,compatible_uncensored_replicate,SSCP-4fb9753c6cb666a7
PAMPA:5888,GRP-07b96e40456e1812,2021_Kelly,2021,1.0,False,included,compatible_uncensored_replicate,SSCP-07b96e40456e1812
PAMPA:5889,GRP-549ef68ed7ffa320,2021_Kelly,2021,1.0,False,included,compatible_uncensored_replicate,SSCP-549ef68ed7ffa320
PAMPA:5890,GRP-4343b00a7b893736,2021_Kelly,2021,1.0,False,included,compatible_uncensored_replicate,SSCP-4343b00a7b893736
PAMPA:5891,GRP-4588637a5b3168af,2021_Kelly,2021,1.0,False,included,compatible_uncensored_replicate,SSCP-4588637a5b3168af
PAMPA:5892,GRP-0e153ea485b03c68,2021_Kelly,2021,1.0,False,included,compatible_uncensored_replicate,SSCP-0e153ea485b03c68
PAMPA:5893,GRP-1b1e1253b11f2979,2021_Kelly,2021,1.0,False,included,compatible_uncensored_replicate,SSCP-1b1e1253b11f2979
PAMPA:5894,GRP-cd0a8d36fd1c1934,2021_Kelly,2021,1.0,False,included,compatible_uncensored_replicate,SSCP-cd0a8d36fd1c1934
PAMPA:5895,GRP-2ba0ea1b9c0e2bac,2021_Kelly,2021,1.0,False,included,compatible_uncensored_replicate,SSCP-2ba0ea1b9c0e2bac
PAMPA:5896,GRP-68f34b2dd698450e,2021_Kelly,2021,1.0,False,included,compatible_uncensored_replicate,SSCP-68f34b2dd698450e
PAMPA:5897,GRP-0cd582e696a8f274,2021_Kelly,2021,1.0,False,included,compatible_uncensored_replicate,SSCP-0cd582e696a8f274
PAMPA:5898,GRP-2060a481ca9a078f,2021_Kelly,2021,1.0,False,included,compatible_uncensored_replicate,SSCP-2060a481ca9a078f
PAMPA:5899,GRP-05bf366e069e42b5,2021_Kelly,2021,1.0,False,included,compatible_uncensored_replicate,SSCP-05bf366e069e42b5
PAMPA:5900,GRP-3af0008cc9b0e684,2021_Kelly,2021,1.0,False,included,compatible_uncensored_replicate,SSCP-3af0008cc9b0e684
PAMPA:5901,GRP-35f1517c4f1f069b,2021_Kelly,2021,1.0,False,included,compatible_uncensored_replicate,SSCP-35f1517c4f1f069b
PAMPA:5902,GRP-8d46d5004756f506,2021_Kelly,2021,1.0,False,included,compatible_uncensored_replicate,SSCP-8d46d5004756f506
PAMPA:5903,GRP-c2ed85d55d3dc77f,2021_Kelly,2021,1.0,False,included,compatible_uncensored_replicate,SSCP-c2ed85d55d3dc77f
PAMPA:5904,GRP-a2273d14c77de6d2,2021_Kelly,2021,1.0,False,included,compatible_uncensored_replicate,SSCP-a2273d14c77de6d2
PAMPA:5905,GRP-7a0f80201a919d99,2021_Kelly,2021,1.0,False,included,compatible_uncensored_replicate,SSCP-7a0f80201a919d99
PAMPA:5906,GRP-5fc121e1e714bc53,2021_Kelly,2021,1.0,False,included,compatible_uncensored_replicate,SSCP-5fc121e1e714bc53
PAMPA:5907,GRP-130bbdce4570cd24,2021_Kelly,2021,1.0,False,included,compatible_uncensored_replicate,SSCP-130bbdce4570cd24
PAMPA:5908,GRP-eba3aa358d1b1410,2021_Kelly,2021,1.0,False,included,compatible_uncensored_replicate,SSCP-eba3aa358d1b1410
PAMPA:5909,GRP-d0fed1cb33eb1222,2021_Kelly,2021,1.0,False,included,compatible_uncensored_replicate,SSCP-d0fed1cb33eb1222
PAMPA:5910,GRP-5c24f53bb778d73c,2021_Kelly,2021,1.0,False,included,compatible_uncensored_replicate,SSCP-5c24f53bb778d73c
PAMPA:5911,GRP-59fcbc17c2345f25,2021_Kelly,2021,1.0,False,included,compatible_uncensored_replicate,SSCP-59fcbc17c2345f25
PAMPA:5912,GRP-493419552dc711fa,2021_Kelly,2021,1.0,False,included,compatible_uncensored_replicate,SSCP-493419552dc711fa
PAMPA:5913,GRP-b130304f62912e6e,2021_Kelly,2021,1.0,False,included,compatible_uncensored_replicate,SSCP-b130304f62912e6e
PAMPA:5914,GRP-42a8ba89588e9fb3,2021_Kelly,2021,1.0,False,included,compatible_uncensored_replicate,SSCP-42a8ba89588e9fb3
PAMPA:5915,GRP-b76b0d624e0feec4,2021_Kelly,2021,1.0,False,included,compatible_uncensored_replicate,SSCP-b76b0d624e0feec4
PAMPA:5916,GRP-43ebf3bf9d76699f,2021_Kelly,2021,1.0,False,included,compatible_uncensored_replicate,SSCP-43ebf3bf9d76699f
PAMPA:5917,GRP-bbf0187100584da4,2021_Kelly,2021,1.0,False,included,compatible_uncensored_replicate,SSCP-bbf0187100584da4
PAMPA:5918,GRP-c306097762fddc33,2021_Kelly,2021,1.0,False,included,compatible_uncensored_replicate,SSCP-c306097762fddc33
PAMPA:5919,GRP-a0dd22bdea66dfa8,2021_Kelly,2021,1.0,False,included,compatible_uncensored_replicate,SSCP-a0dd22bdea66dfa8
PAMPA:5920,GRP-aa539adfc719b3ca,2021_Kelly,2021,1.0,False,included,compatible_uncensored_replicate,SSCP-aa539adfc719b3ca
PAMPA:5921,GRP-e186e7fd4933f09d,2021_Kelly,2021,1.0,False,included,compatible_uncensored_replicate,SSCP-e186e7fd4933f09d
PAMPA:5922,GRP-acb9a311aaccb614,2021_Kelly,2021,1.0,False,included,compatible_uncensored_replicate,SSCP-acb9a311aaccb614
PAMPA:5923,GRP-81ed02a2120cabee,2021_Kelly,2021,1.0,False,included,compatible_uncensored_replicate,SSCP-81ed02a2120cabee
PAMPA:5924,GRP-bb5dc5e9851590e6,2021_Kelly,2021,1.0,False,included,compatible_uncensored_replicate,SSCP-bb5dc5e9851590e6
PAMPA:5925,GRP-21ed9b4fa1013183,2021_Kelly,2021,1.0,False,included,compatible_uncensored_replicate,SSCP-21ed9b4fa1013183
PAMPA:5926,GRP-2fce01eddff61570,2021_Kelly,2021,1.0,False,included,compatible_uncensored_replicate,SSCP-2fce01eddff61570
PAMPA:5927,GRP-a44ea30ad2d41745,2021_Kelly,2021,1.0,False,included,compatible_uncensored_replicate,SSCP-a44ea30ad2d41745
PAMPA:5928,GRP-01f273fea93f26c0,2021_Kelly,2021,1.0,False,included,compatible_uncensored_replicate,SSCP-01f273fea93f26c0
PAMPA:5929,GRP-c73b4b43f16edd31,2021_Kelly,2021,1.0,False,included,compatible_uncensored_replicate,SSCP-c73b4b43f16edd31
PAMPA:5930,GRP-d0b45d08c883b3c0,2021_Kelly,2021,1.0,False,included,compatible_uncensored_replicate,SSCP-d0b45d08c883b3c0
PAMPA:5931,GRP-ac20feb69b243f33,2021_Kelly,2021,1.0,False,included,compatible_uncensored_replicate,SSCP-ac20feb69b243f33
PAMPA:5932,GRP-132403e6822a35e7,2021_Kelly,2021,1.0,False,included,compatible_uncensored_replicate,SSCP-132403e6822a35e7
PAMPA:5933,GRP-c463df9a42701be9,2021_Kelly,2021,1.0,False,included,compatible_uncensored_replicate,SSCP-c463df9a42701be9
PAMPA:5934,GRP-8307fa91f3230b79,2021_Kelly,2021,1.0,False,included,compatible_uncensored_replicate,SSCP-8307fa91f3230b79
PAMPA:5935,GRP-c885d83d5293fdb2,2021_Kelly,2021,1.0,False,included,compatible_uncensored_replicate,SSCP-c885d83d5293fdb2
PAMPA:5936,GRP-8e93dac81a4b28fd,2021_Kelly,2021,1.0,False,included,compatible_uncensored_replicate,SSCP-8e93dac81a4b28fd
PAMPA:5937,GRP-3d92b2a8d72f5158,2021_Kelly,2021,1.0,False,included,compatible_uncensored_replicate,SSCP-3d92b2a8d72f5158
PAMPA:5938,GRP-23e50714849b496f,2021_Kelly,2021,1.0,False,included,compatible_uncensored_replicate,SSCP-23e50714849b496f
PAMPA:5939,GRP-4625eabe32deee83,2021_Kelly,2021,1.0,False,included,compatible_uncensored_replicate,SSCP-4625eabe32deee83
PAMPA:5940,GRP-12ac7a027d8cb163,2021_Kelly,2021,1.0,False,included,compatible_uncensored_replicate,SSCP-12ac7a027d8cb163
PAMPA:5941,GRP-a38890ca6ac3250e,2021_Kelly,2021,1.0,False,included,compatible_uncensored_replicate,SSCP-a38890ca6ac3250e
PAMPA:5942,GRP-4f3cc995e9cbc1ec,2021_Kelly,2021,1.0,False,included,compatible_uncensored_replicate,SSCP-4f3cc995e9cbc1ec
PAMPA:5943,GRP-f18d1465b941d1a7,2021_Kelly,2021,1.0,False,included,compatible_uncensored_replicate,SSCP-f18d1465b941d1a7
PAMPA:5944,GRP-43e8eefa6d1473a8,2021_Kelly,2021,1.0,False,included,compatible_uncensored_replicate,SSCP-43e8eefa6d1473a8
PAMPA:5945,GRP-845cc4cb8915fc74,2021_Kelly,2021,1.0,False,included,compatible_uncensored_replicate,SSCP-845cc4cb8915fc74
PAMPA:5946,GRP-9a563ec83e3d854a,2021_Kelly,2021,1.0,False,included,compatible_uncensored_replicate,SSCP-9a563ec83e3d854a
PAMPA:5947,GRP-c99219f2c4f25741,2021_Kelly,2021,1.0,False,included,compatible_uncensored_replicate,SSCP-c99219f2c4f25741
PAMPA:5948,GRP-26e4743e77116f64,2021_Kelly,2021,1.0,False,included,compatible_uncensored_replicate,SSCP-26e4743e77116f64
PAMPA:5949,GRP-aeb50e61e700e4a5,2021_Kelly,2021,1.0,False,included,compatible_uncensored_replicate,SSCP-aeb50e61e700e4a5
PAMPA:5950,GRP-31ef99f32e580589,2021_Kelly,2021,1.0,False,included,compatible_uncensored_replicate,SSCP-31ef99f32e580589
PAMPA:5951,GRP-c54a845629680856,2021_Kelly,2021,1.0,False,included,compatible_uncensored_replicate,SSCP-c54a845629680856
PAMPA:5952,GRP-e0f2a32db50b4df3,2021_Kelly,2021,1.0,False,included,compatible_uncensored_replicate,SSCP-e0f2a32db50b4df3
PAMPA:5953,GRP-fbf64a7d55d1375d,2021_Kelly,2021,1.0,False,included,compatible_uncensored_replicate,SSCP-fbf64a7d55d1375d
PAMPA:5954,GRP-5985f8c4fe067510,2021_Kelly,2021,1.0,False,included,compatible_uncensored_replicate,SSCP-5985f8c4fe067510
PAMPA:5955,GRP-1da2b070e4df8198,2021_Kelly,2021,1.0,False,included,compatible_uncensored_replicate,SSCP-1da2b070e4df8198
PAMPA:5956,GRP-b6779b958222b17a,2021_Kelly,2021,1.0,False,included,compatible_uncensored_replicate,SSCP-b6779b958222b17a
PAMPA:5957,GRP-f5f128cd5e23306a,2021_Kelly,2021,1.0,False,included,compatible_uncensored_replicate,SSCP-f5f128cd5e23306a
PAMPA:5958,GRP-9de8b8eb9fe91c81,2021_Kelly,2021,1.0,False,included,compatible_uncensored_replicate,SSCP-9de8b8eb9fe91c81
PAMPA:5959,GRP-00d7cd22f8123d27,2021_Kelly,2021,1.0,False,included,compatible_uncensored_replicate,SSCP-00d7cd22f8123d27
PAMPA:5960,GRP-a4439ffb25a2820e,2021_Kelly,2021,1.0,False,included,compatible_uncensored_replicate,SSCP-a4439ffb25a2820e
PAMPA:5961,GRP-5542d5eb52c4fb97,2021_Kelly,2021,1.0,False,included,compatible_uncensored_replicate,SSCP-5542d5eb52c4fb97
PAMPA:5962,GRP-79f4f156e510ea0a,2021_Kelly,2021,1.0,False,included,compatible_uncensored_replicate,SSCP-79f4f156e510ea0a
PAMPA:5963,GRP-90167a317bb1bba1,2021_Kelly,2021,1.0,False,included,compatible_uncensored_replicate,SSCP-90167a317bb1bba1
PAMPA:5964,GRP-9d5df21fc53efbbe,2021_Kelly,2021,1.0,False,included,compatible_uncensored_replicate,SSCP-9d5df21fc53efbbe
PAMPA:5965,GRP-9fff12b0cc65ff5b,2021_Kelly,2021,1.0,False,included,compatible_uncensored_replicate,SSCP-9fff12b0cc65ff5b
PAMPA:5966,GRP-8f91ab64982e33de,2021_Kelly,2021,1.0,False,included,compatible_uncensored_replicate,SSCP-8f91ab64982e33de
PAMPA:5967,GRP-ec6dae0e80b8a33b,2021_Kelly,2021,1.0,False,included,compatible_uncensored_replicate,SSCP-ec6dae0e80b8a33b
PAMPA:5968,GRP-bd813e0d6d70adda,2021_Kelly,2021,1.0,False,included,compatible_uncensored_replicate,SSCP-bd813e0d6d70adda
PAMPA:5969,GRP-a13587005a5efaf4,2021_Kelly,2021,1.0,False,included,compatible_uncensored_replicate,SSCP-a13587005a5efaf4
PAMPA:5970,GRP-e32a8f2d98baa8ff,2021_Kelly,2021,1.0,False,included,compatible_uncensored_replicate,SSCP-e32a8f2d98baa8ff
PAMPA:5971,GRP-90093f20424369aa,2021_Kelly,2021,1.0,False,included,compatible_uncensored_replicate,SSCP-90093f20424369aa
PAMPA:5972,GRP-0a782141866de643,2021_Kelly,2021,1.0,False,included,compatible_uncensored_replicate,SSCP-0a782141866de643
PAMPA:5973,GRP-98a7f30d3c3566ea,2021_Kelly,2021,1.0,False,included,compatible_uncensored_replicate,SSCP-98a7f30d3c3566ea
PAMPA:5974,GRP-98da63e39f86e74f,2021_Kelly,2021,1.0,False,included,compatible_uncensored_replicate,SSCP-98da63e39f86e74f
PAMPA:5975,GRP-f42f69530413355b,2021_Kelly,2021,1.0,False,included,compatible_uncensored_replicate,SSCP-f42f69530413355b
PAMPA:5976,GRP-97df74a05aad303b,2021_Kelly,2021,1.0,False,included,compatible_uncensored_replicate,SSCP-97df74a05aad303b
PAMPA:5977,GRP-a559ca4586ab5d43,2021_Kelly,2021,1.0,False,included,compatible_uncensored_replicate,SSCP-a559ca4586ab5d43
PAMPA:5978,GRP-972686a6c33ab486,2021_Kelly,2021,1.0,False,included,compatible_uncensored_replicate,SSCP-972686a6c33ab486
PAMPA:5979,GRP-34ca76812050920a,2021_Kelly,2021,1.0,False,included,compatible_uncensored_replicate,SSCP-34ca76812050920a
PAMPA:5980,GRP-1e63839bcca65d68,2021_Kelly,2021,1.0,False,included,compatible_uncensored_replicate,SSCP-1e63839bcca65d68
PAMPA:5981,GRP-5635e5aa20de9e6b,2021_Kelly,2021,1.0,False,included,compatible_uncensored_replicate,SSCP-5635e5aa20de9e6b
PAMPA:5982,GRP-095d741d63c4dc3b,2021_Kelly,2021,1.0,False,included,compatible_uncensored_replicate,SSCP-095d741d63c4dc3b
PAMPA:5983,GRP-f8bf1806b331b55a,2021_Kelly,2021,1.0,False,included,compatible_uncensored_replicate,SSCP-f8bf1806b331b55a
PAMPA:5984,GRP-cd00de4508c006f9,2021_Kelly,2021,1.0,False,included,compatible_uncensored_replicate,SSCP-cd00de4508c006f9
PAMPA:5985,GRP-70aefb6cf458c346,2021_Kelly,2021,1.0,False,included,compatible_uncensored_replicate,SSCP-70aefb6cf458c346
PAMPA:5986,GRP-38b46a48c7b23fd1,2021_Kelly,2021,1.0,False,included,compatible_uncensored_replicate,SSCP-38b46a48c7b23fd1
PAMPA:5987,GRP-9540bd330b899da5,2021_Kelly,2021,1.0,False,included,compatible_uncensored_replicate,SSCP-9540bd330b899da5
PAMPA:5988,GRP-d15f730f106c127e,2021_Kelly,2021,1.0,False,included,compatible_uncensored_replicate,SSCP-d15f730f106c127e
PAMPA:5989,GRP-90d7a129bfdf463c,2021_Kelly,2021,1.0,False,included,compatible_uncensored_replicate,SSCP-90d7a129bfdf463c
PAMPA:5990,GRP-dbe27ad5a1b9cd18,2021_Kelly,2021,1.0,False,included,compatible_uncensored_replicate,SSCP-dbe27ad5a1b9cd18
PAMPA:5991,GRP-e412f6fabc28c303,2021_Kelly,2021,1.0,False,included,compatible_uncensored_replicate,SSCP-e412f6fabc28c303
PAMPA:5992,GRP-eaa15c7c973e0997,2021_Kelly,2021,1.0,False,included,compatible_uncensored_replicate,SSCP-eaa15c7c973e0997
PAMPA:5993,GRP-30493e3468c3322d,2021_Kelly,2021,1.0,False,included,compatible_uncensored_replicate,SSCP-30493e3468c3322d
PAMPA:5994,GRP-1324ccd6f9021c7d,2021_Kelly,2021,1.0,False,included,compatible_uncensored_replicate,SSCP-1324ccd6f9021c7d
PAMPA:5995,GRP-95e1d638416fa9f5,2021_Kelly,2021,1.0,False,included,compatible_uncensored_replicate,SSCP-95e1d638416fa9f5
PAMPA:5996,GRP-7590a4398b9f0175,2021_Kelly,2021,1.0,False,included,compatible_uncensored_replicate,SSCP-7590a4398b9f0175
PAMPA:5997,GRP-3279b17f57599dcd,2021_Kelly,2021,1.0,False,included,compatible_uncensored_replicate,SSCP-3279b17f57599dcd
PAMPA:5998,GRP-4c5a922c253731af,2021_Kelly,2021,1.0,False,included,compatible_uncensored_replicate,SSCP-4c5a922c253731af
PAMPA:5999,GRP-93bcfd091dd51bfb,2021_Kelly,2021,1.0,False,included,compatible_uncensored_replicate,SSCP-93bcfd091dd51bfb
PAMPA:6000,GRP-c1a4384e3286c118,2021_Kelly,2021,1.0,False,included,compatible_uncensored_replicate,SSCP-c1a4384e3286c118
PAMPA:6001,GRP-0b54a0c85e2ed74b,2021_Kelly,2021,1.0,False,included,compatible_uncensored_replicate,SSCP-0b54a0c85e2ed74b
PAMPA:6002,GRP-7c73255fbb9a6c79,2021_Kelly,2021,1.0,False,included,compatible_uncensored_replicate,SSCP-7c73255fbb9a6c79
PAMPA:6003,GRP-05083f3fe6d03fbe,2021_Kelly,2021,1.0,False,included,compatible_uncensored_replicate,SSCP-05083f3fe6d03fbe
PAMPA:6004,GRP-a4b3d40d2c9a6fa7,2021_Kelly,2021,1.0,False,included,compatible_uncensored_replicate,SSCP-a4b3d40d2c9a6fa7
PAMPA:6005,GRP-ede26c7e8acdbb6f,2021_Kelly,2021,1.0,False,included,compatible_uncensored_replicate,SSCP-ede26c7e8acdbb6f
PAMPA:6006,GRP-f3c02a516ded93c3,2021_Kelly,2021,1.0,False,included,compatible_uncensored_replicate,SSCP-f3c02a516ded93c3
PAMPA:6007,GRP-f01309f603ecaf36,2021_Kelly,2021,1.0,False,included,compatible_uncensored_replicate,SSCP-f01309f603ecaf36
PAMPA:6008,GRP-df1f6f1bad927f6a,2021_Kelly,2021,1.0,False,included,compatible_uncensored_replicate,SSCP-df1f6f1bad927f6a
PAMPA:6009,GRP-336416c5fd9ad770,2021_Kelly,2021,1.0,False,included,compatible_uncensored_replicate,SSCP-336416c5fd9ad770
PAMPA:6010,GRP-8a64676636933234,2021_Kelly,2021,1.0,False,included,compatible_uncensored_replicate,SSCP-8a64676636933234
PAMPA:6011,GRP-46859832e6f9cdb8,2021_Kelly,2021,1.0,False,included,compatible_uncensored_replicate,SSCP-46859832e6f9cdb8
PAMPA:6012,GRP-9ddebc0ebf9bf715,2021_Kelly,2021,1.0,False,included,compatible_uncensored_replicate,SSCP-9ddebc0ebf9bf715
PAMPA:6013,GRP-06eb1d03334f398a,2021_Kelly,2021,1.0,False,included,compatible_uncensored_replicate,SSCP-06eb1d03334f398a
PAMPA:6014,GRP-10a0199f971cfb25,2021_Kelly,2021,1.0,False,included,compatible_uncensored_replicate,SSCP-10a0199f971cfb25
PAMPA:6015,GRP-f4d4f2367123f623,2021_Kelly,2021,1.0,False,included,compatible_uncensored_replicate,SSCP-f4d4f2367123f623
PAMPA:6016,GRP-960ce4cd82d2a10e,2021_Kelly,2021,1.0,False,included,compatible_uncensored_replicate,SSCP-960ce4cd82d2a10e
PAMPA:6017,GRP-893c84af0edf63df,2021_Kelly,2021,1.0,False,included,compatible_uncensored_replicate,SSCP-893c84af0edf63df
PAMPA:6018,GRP-5e43f63b3982dcb4,2021_Kelly,2021,1.0,False,included,compatible_uncensored_replicate,SSCP-5e43f63b3982dcb4
PAMPA:6019,GRP-dd15b8c80e15c790,2021_Kelly,2021,1.0,False,included,compatible_uncensored_replicate,SSCP-dd15b8c80e15c790
PAMPA:6020,GRP-e452960d2a893958,2021_Kelly,2021,1.0,False,included,compatible_uncensored_replicate,SSCP-e452960d2a893958
PAMPA:6021,GRP-2fdeac6ede81eb36,2021_Kelly,2021,1.0,False,included,compatible_uncensored_replicate,SSCP-2fdeac6ede81eb36
PAMPA:6022,GRP-ca05c340128cf3e4,2021_Kelly,2021,1.0,False,included,compatible_uncensored_replicate,SSCP-ca05c340128cf3e4
PAMPA:6023,GRP-9b6f50e0e3cef0d9,2021_Kelly,2021,1.0,False,included,compatible_uncensored_replicate,SSCP-9b6f50e0e3cef0d9
PAMPA:6024,GRP-de6a28699399b614,2021_Kelly,2021,1.0,False,included,compatible_uncensored_replicate,SSCP-de6a28699399b614
PAMPA:6025,GRP-edf69e8a3b14ca02,2021_Kelly,2021,1.0,False,included,compatible_uncensored_replicate,SSCP-edf69e8a3b14ca02
PAMPA:6026,GRP-4bb8835f217a639b,2021_Kelly,2021,1.0,False,included,compatible_uncensored_replicate,SSCP-4bb8835f217a639b
PAMPA:6027,GRP-7c8e1b4dce99b868,2021_Kelly,2021,1.0,False,included,compatible_uncensored_replicate,SSCP-7c8e1b4dce99b868
PAMPA:6028,GRP-4f0ce07e8c893aae,2021_Kelly,2021,1.0,False,included,compatible_uncensored_replicate,SSCP-4f0ce07e8c893aae
PAMPA:6029,GRP-744a34952a26f0fa,2021_Kelly,2021,1.0,False,included,compatible_uncensored_replicate,SSCP-744a34952a26f0fa
PAMPA:6030,GRP-d2c7d1ecc825f8fb,2021_Kelly,2021,1.0,False,included,compatible_uncensored_replicate,SSCP-d2c7d1ecc825f8fb
PAMPA:6031,GRP-21acea63a8b565b3,2021_Kelly,2021,1.0,False,included,compatible_uncensored_replicate,SSCP-21acea63a8b565b3
PAMPA:6032,GRP-d9b7f08b53ca4f67,2021_Kelly,2021,1.0,False,included,compatible_uncensored_replicate,SSCP-d9b7f08b53ca4f67
PAMPA:6033,GRP-61b4dd9181179825,2021_Kelly,2021,1.0,False,included,compatible_uncensored_replicate,SSCP-61b4dd9181179825
PAMPA:6034,GRP-71ed918883cc7ff8,2021_Kelly,2021,1.0,False,included,compatible_uncensored_replicate,SSCP-71ed918883cc7ff8
PAMPA:6035,GRP-ab80006bbc300f76,2021_Kelly,2021,1.0,False,included,compatible_uncensored_replicate,SSCP-ab80006bbc300f76
PAMPA:6036,GRP-3f64a5eb309880da,2021_Kelly,2021,1.0,False,included,compatible_uncensored_replicate,SSCP-3f64a5eb309880da
PAMPA:6037,GRP-5c9c55ed039d50c9,2021_Kelly,2021,1.0,False,included,compatible_uncensored_replicate,SSCP-5c9c55ed039d50c9
PAMPA:6038,GRP-ec33e47a57d06abc,2021_Kelly,2021,1.0,False,included,compatible_uncensored_replicate,SSCP-ec33e47a57d06abc
PAMPA:6039,GRP-6ca0e122230cd3b2,2021_Kelly,2021,1.0,False,included,compatible_uncensored_replicate,SSCP-6ca0e122230cd3b2
PAMPA:6040,GRP-8f97b08ef6f7d04f,2021_Kelly,2021,1.0,False,included,compatible_uncensored_replicate,SSCP-8f97b08ef6f7d04f
PAMPA:6041,GRP-e54e1d6f460d5e4e,2021_Kelly,2021,1.0,False,included,compatible_uncensored_replicate,SSCP-e54e1d6f460d5e4e
PAMPA:6042,GRP-da15213e75608f53,2021_Kelly,2021,1.0,False,included,compatible_uncensored_replicate,SSCP-da15213e75608f53
PAMPA:6043,GRP-a3146e09eeab8bef,2021_Kelly,2021,1.0,False,included,compatible_uncensored_replicate,SSCP-a3146e09eeab8bef
PAMPA:6044,GRP-aacbd9a85f0f04f5,2021_Kelly,2021,1.0,False,included,compatible_uncensored_replicate,SSCP-aacbd9a85f0f04f5
PAMPA:6045,GRP-c5f3187d9de0f3e2,2021_Kelly,2021,1.0,False,included,compatible_uncensored_replicate,SSCP-c5f3187d9de0f3e2
PAMPA:6046,GRP-2dff02c910e15aa5,2021_Kelly,2021,1.0,False,included,compatible_uncensored_replicate,SSCP-2dff02c910e15aa5
PAMPA:6047,GRP-1b40980d9ffc7a59,2021_Kelly,2021,1.0,False,included,compatible_uncensored_replicate,SSCP-1b40980d9ffc7a59
PAMPA:6048,GRP-a30de48252bad7e9,2021_Kelly,2021,1.0,False,included,compatible_uncensored_replicate,SSCP-a30de48252bad7e9
PAMPA:6049,GRP-6dd65f49274c7f16,2021_Kelly,2021,1.0,False,included,compatible_uncensored_replicate,SSCP-6dd65f49274c7f16
PAMPA:6050,GRP-326bf32a8abd9221,2021_Kelly,2021,1.0,False,included,compatible_uncensored_replicate,SSCP-326bf32a8abd9221
PAMPA:6051,GRP-0470f19b48a84e9e,2021_Kelly,2021,1.0,False,included,compatible_uncensored_replicate,SSCP-0470f19b48a84e9e
PAMPA:6052,GRP-cab7d1f9e731fd7d,2021_Kelly,2021,1.0,False,included,compatible_uncensored_replicate,SSCP-cab7d1f9e731fd7d
PAMPA:6053,GRP-66b2edd8d89d0b06,2021_Kelly,2021,1.0,False,included,compatible_uncensored_replicate,SSCP-66b2edd8d89d0b06
PAMPA:6054,GRP-49e241d17209b471,2021_Kelly,2021,1.0,False,included,compatible_uncensored_replicate,SSCP-49e241d17209b471
PAMPA:6055,GRP-6e371a17d788269c,2021_Kelly,2021,1.0,False,included,compatible_uncensored_replicate,SSCP-6e371a17d788269c
PAMPA:6056,GRP-9fe1e2c7d1acd581,2021_Kelly,2021,1.0,False,included,compatible_uncensored_replicate,SSCP-9fe1e2c7d1acd581
PAMPA:6057,GRP-f293c5ecdca3a313,2021_Kelly,2021,1.0,False,included,compatible_uncensored_replicate,SSCP-f293c5ecdca3a313
PAMPA:6058,GRP-4f01d4bf1c848784,2021_Kelly,2021,1.0,False,included,compatible_uncensored_replicate,SSCP-4f01d4bf1c848784
PAMPA:6059,GRP-ef9adcda3e8315cf,2021_Kelly,2021,1.0,False,included,compatible_uncensored_replicate,SSCP-ef9adcda3e8315cf
PAMPA:6060,GRP-6483480393e8c0bb,2021_Kelly,2021,1.0,False,included,compatible_uncensored_replicate,SSCP-6483480393e8c0bb
PAMPA:6061,GRP-3632d5dab24eb788,2021_Kelly,2021,1.0,False,included,compatible_uncensored_replicate,SSCP-3632d5dab24eb788
PAMPA:6062,GRP-56e9283cdef957d2,2021_Kelly,2021,1.0,False,included,compatible_uncensored_replicate,SSCP-56e9283cdef957d2
PAMPA:6063,GRP-49044fc132d69a36,2021_Kelly,2021,1.0,False,included,compatible_uncensored_replicate,SSCP-49044fc132d69a36
PAMPA:6064,GRP-471a019cbde6c8a7,2021_Kelly,2021,1.0,False,included,compatible_uncensored_replicate,SSCP-471a019cbde6c8a7
PAMPA:6065,GRP-3ddf6d5f3f9e0bed,2021_Kelly,2021,1.0,False,included,compatible_uncensored_replicate,SSCP-3ddf6d5f3f9e0bed
PAMPA:6066,GRP-f9c250c19050a96c,2021_Kelly,2021,1.0,False,included,compatible_uncensored_replicate,SSCP-f9c250c19050a96c
PAMPA:6067,GRP-3a3ce08869dac8a4,2021_Kelly,2021,1.0,False,included,compatible_uncensored_replicate,SSCP-3a3ce08869dac8a4
PAMPA:6068,GRP-a99916f730ca7689,2021_Kelly,2021,1.0,False,included,compatible_uncensored_replicate,SSCP-a99916f730ca7689
PAMPA:6069,GRP-6029208be7945559,2021_Kelly,2021,1.0,False,included,compatible_uncensored_replicate,SSCP-6029208be7945559
PAMPA:6070,GRP-b2f74b487553eb7b,2021_Kelly,2021,1.0,False,included,compatible_uncensored_replicate,SSCP-b2f74b487553eb7b
PAMPA:6071,GRP-53570ac13390e6e5,2021_Kelly,2021,1.0,False,included,compatible_uncensored_replicate,SSCP-53570ac13390e6e5
PAMPA:6072,GRP-25af95fe77235722,2021_Kelly,2021,1.0,False,included,compatible_uncensored_replicate,SSCP-25af95fe77235722
PAMPA:6073,GRP-b6e0202ef24ac683,2021_Kelly,2021,1.0,False,included,compatible_uncensored_replicate,SSCP-b6e0202ef24ac683
PAMPA:6074,GRP-2fc167f23fda48ff,2021_Kelly,2021,1.0,False,included,compatible_uncensored_replicate,SSCP-2fc167f23fda48ff
PAMPA:6075,GRP-1a3ec38b3747ae5d,2021_Kelly,2021,1.0,False,included,compatible_uncensored_replicate,SSCP-1a3ec38b3747ae5d
PAMPA:6076,GRP-07d538a3edeb9524,2021_Kelly,2021,1.0,False,included,compatible_uncensored_replicate,SSCP-07d538a3edeb9524
PAMPA:6077,GRP-f5b0c2cca92fd4d8,2021_Kelly,2021,1.0,False,included,compatible_uncensored_replicate,SSCP-f5b0c2cca92fd4d8
PAMPA:6078,GRP-89ca81a76223460c,2021_Kelly,2021,1.0,False,included,compatible_uncensored_replicate,SSCP-89ca81a76223460c
PAMPA:6079,GRP-44ef9ee4d019d0f1,2021_Kelly,2021,1.0,False,included,compatible_uncensored_replicate,SSCP-44ef9ee4d019d0f1
PAMPA:6080,GRP-1c820a4f54e358a8,2021_Kelly,2021,1.0,False,included,compatible_uncensored_replicate,SSCP-1c820a4f54e358a8
PAMPA:6081,GRP-04a1b117761202bb,2021_Kelly,2021,1.0,False,included,compatible_uncensored_replicate,SSCP-04a1b117761202bb
PAMPA:6082,GRP-3393e1adb9b73e18,2021_Kelly,2021,1.0,False,included,compatible_uncensored_replicate,SSCP-3393e1adb9b73e18
PAMPA:6083,GRP-3114ef2379e35c27,2021_Kelly,2021,1.0,False,included,compatible_uncensored_replicate,SSCP-3114ef2379e35c27
PAMPA:6084,GRP-cc8a5a6f1d18335b,2021_Kelly,2021,1.0,False,included,compatible_uncensored_replicate,SSCP-cc8a5a6f1d18335b
PAMPA:6085,GRP-0028ba97a7daa03b,2021_Kelly,2021,1.0,False,included,compatible_uncensored_replicate,SSCP-0028ba97a7daa03b
PAMPA:6086,GRP-c4775352b52d0fa7,2021_Kelly,2021,1.0,False,included,compatible_uncensored_replicate,SSCP-c4775352b52d0fa7
PAMPA:6087,GRP-912e747dd7c5250a,2021_Kelly,2021,1.0,False,included,compatible_uncensored_replicate,SSCP-912e747dd7c5250a
PAMPA:6088,GRP-194dc0740ec1d415,2021_Kelly,2021,1.0,False,included,compatible_uncensored_replicate,SSCP-194dc0740ec1d415
PAMPA:6089,GRP-211a2ed062f8ae7e,2021_Kelly,2021,1.0,False,included,compatible_uncensored_replicate,SSCP-211a2ed062f8ae7e
PAMPA:6090,GRP-2d26d1b3727357b7,2021_Kelly,2021,1.0,False,included,compatible_uncensored_replicate,SSCP-2d26d1b3727357b7
PAMPA:6091,GRP-da5b4234e6c98d51,2021_Kelly,2021,1.0,False,included,compatible_uncensored_replicate,SSCP-da5b4234e6c98d51
PAMPA:6092,GRP-42d39d095b476690,2021_Kelly,2021,1.0,False,included,compatible_uncensored_replicate,SSCP-42d39d095b476690
PAMPA:6093,GRP-90549f983c761a5e,2021_Kelly,2021,1.0,False,included,compatible_uncensored_replicate,SSCP-90549f983c761a5e
PAMPA:6094,GRP-ed8166faf05b7c59,2021_Kelly,2021,1.0,False,included,compatible_uncensored_replicate,SSCP-ed8166faf05b7c59
PAMPA:6095,GRP-3c450a66181f754e,2021_Kelly,2021,1.0,False,included,compatible_uncensored_replicate,SSCP-3c450a66181f754e
PAMPA:6096,GRP-2de84f709dde4507,2021_Kelly,2021,1.0,False,included,compatible_uncensored_replicate,SSCP-2de84f709dde4507
PAMPA:6097,GRP-3e97ed03edf2ec45,2021_Kelly,2021,1.0,False,included,compatible_uncensored_replicate,SSCP-3e97ed03edf2ec45
PAMPA:6098,GRP-13096096237cb762,2021_Kelly,2021,1.0,False,included,compatible_uncensored_replicate,SSCP-13096096237cb762
PAMPA:6099,GRP-d9b7669f7f4a7b88,2021_Kelly,2021,1.0,False,included,compatible_uncensored_replicate,SSCP-d9b7669f7f4a7b88
PAMPA:6100,GRP-4b823e05acf82e3f,2021_Kelly,2021,1.0,False,included,compatible_uncensored_replicate,SSCP-4b823e05acf82e3f
PAMPA:6101,GRP-32adfebda70c5e4e,2021_Kelly,2021,1.0,False,included,compatible_uncensored_replicate,SSCP-32adfebda70c5e4e
PAMPA:6102,GRP-ef71940a9396458b,2021_Kelly,2021,1.0,False,included,compatible_uncensored_replicate,SSCP-ef71940a9396458b
PAMPA:6103,GRP-22011a3eeef70e40,2021_Kelly,2021,1.0,False,included,compatible_uncensored_replicate,SSCP-22011a3eeef70e40
PAMPA:6104,GRP-803f18553b7b5ceb,2021_Kelly,2021,1.0,False,included,compatible_uncensored_replicate,SSCP-803f18553b7b5ceb
PAMPA:6105,GRP-1b8ccde45234d88a,2021_Kelly,2021,1.0,False,included,compatible_uncensored_replicate,SSCP-1b8ccde45234d88a
PAMPA:6106,GRP-62f9ca618137cc35,2021_Kelly,2021,1.0,False,included,compatible_uncensored_replicate,SSCP-62f9ca618137cc35
PAMPA:6107,GRP-0bedd597f85c2ba6,2021_Kelly,2021,1.0,False,included,compatible_uncensored_replicate,SSCP-0bedd597f85c2ba6
PAMPA:6108,GRP-6f2d237c290a27cd,2021_Kelly,2021,1.0,False,included,compatible_uncensored_replicate,SSCP-6f2d237c290a27cd
PAMPA:6109,GRP-c8f7b752c18330b1,2021_Kelly,2021,1.0,False,included,compatible_uncensored_replicate,SSCP-c8f7b752c18330b1
PAMPA:6110,GRP-89a001170812fa1e,2021_Kelly,2021,1.0,False,included,compatible_uncensored_replicate,SSCP-89a001170812fa1e
PAMPA:6111,GRP-bb04f647469c619b,2021_Kelly,2021,1.0,False,included,compatible_uncensored_replicate,SSCP-bb04f647469c619b
PAMPA:6112,GRP-a402f585cdab0ddb,2021_Kelly,2021,1.0,False,included,compatible_uncensored_replicate,SSCP-a402f585cdab0ddb
PAMPA:6113,GRP-388d5b0879594714,2021_Kelly,2021,1.0,False,included,compatible_uncensored_replicate,SSCP-388d5b0879594714
PAMPA:6114,GRP-3f59a1b83ce1b16a,2021_Kelly,2021,1.0,False,included,compatible_uncensored_replicate,SSCP-3f59a1b83ce1b16a
PAMPA:6115,GRP-8e9a301971cf6122,2021_Kelly,2021,1.0,False,included,compatible_uncensored_replicate,SSCP-8e9a301971cf6122
PAMPA:6116,GRP-b7650ad93b28af3e,2021_Kelly,2021,1.0,False,included,compatible_uncensored_replicate,SSCP-b7650ad93b28af3e
PAMPA:6117,GRP-83a64d956fbdb419,2021_Kelly,2021,1.0,False,included,compatible_uncensored_replicate,SSCP-83a64d956fbdb419
PAMPA:6118,GRP-2c85502079a33d3b,2021_Kelly,2021,1.0,False,included,compatible_uncensored_replicate,SSCP-2c85502079a33d3b
PAMPA:6119,GRP-207170dad667e0b6,2021_Kelly,2021,1.0,False,included,compatible_uncensored_replicate,SSCP-207170dad667e0b6
PAMPA:6120,GRP-fe85085797507971,2021_Kelly,2021,1.0,False,included,compatible_uncensored_replicate,SSCP-fe85085797507971
PAMPA:6121,GRP-9f9dc0c2e63db4b1,2021_Kelly,2021,1.0,False,included,compatible_uncensored_replicate,SSCP-9f9dc0c2e63db4b1
PAMPA:6122,GRP-1db5d35058ca9ac1,2021_Kelly,2021,1.0,False,included,compatible_uncensored_replicate,SSCP-1db5d35058ca9ac1
PAMPA:6123,GRP-2792a7256ab64053,2021_Kelly,2021,1.0,False,included,compatible_uncensored_replicate,SSCP-2792a7256ab64053
PAMPA:6124,GRP-5bac4803b94aeec1,2021_Kelly,2021,1.0,False,included,compatible_uncensored_replicate,SSCP-5bac4803b94aeec1
PAMPA:6125,GRP-5dfd06d01a9e1565,2021_Kelly,2021,1.0,False,included,compatible_uncensored_replicate,SSCP-5dfd06d01a9e1565
PAMPA:6126,GRP-93a222312db5e1d4,2021_Kelly,2021,1.0,False,included,compatible_uncensored_replicate,SSCP-93a222312db5e1d4
PAMPA:6127,GRP-6e92fdf57d518a1a,2021_Kelly,2021,1.0,False,included,compatible_uncensored_replicate,SSCP-6e92fdf57d518a1a
PAMPA:6128,GRP-e96fc34668b8bee5,2021_Kelly,2021,1.0,False,included,compatible_uncensored_replicate,SSCP-e96fc34668b8bee5
PAMPA:6129,GRP-235244c57291bc76,2021_Kelly,2021,1.0,False,included,compatible_uncensored_replicate,SSCP-235244c57291bc76
PAMPA:6130,GRP-a9ee4faa87479236,2021_Kelly,2021,1.0,False,included,compatible_uncensored_replicate,SSCP-a9ee4faa87479236
PAMPA:6131,GRP-5c4e032279f8dd14,2021_Kelly,2021,1.0,False,included,compatible_uncensored_replicate,SSCP-5c4e032279f8dd14
PAMPA:6132,GRP-5a70222a4047ef99,2021_Kelly,2021,1.0,False,included,compatible_uncensored_replicate,SSCP-5a70222a4047ef99
PAMPA:6133,GRP-d0f751b894eaa131,2021_Kelly,2021,1.0,False,included,compatible_uncensored_replicate,SSCP-d0f751b894eaa131
PAMPA:6134,GRP-baed35e60cc08f11,2021_Kelly,2021,1.0,False,included,compatible_uncensored_replicate,SSCP-baed35e60cc08f11
PAMPA:6135,GRP-e806d5c75900f10c,2021_Kelly,2021,1.0,False,included,compatible_uncensored_replicate,SSCP-e806d5c75900f10c
PAMPA:6136,GRP-e7b3c3f30b5ef459,2021_Kelly,2021,1.0,False,included,compatible_uncensored_replicate,SSCP-e7b3c3f30b5ef459
PAMPA:6137,GRP-c9acecc0b88a57d7,2021_Kelly,2021,1.0,False,included,compatible_uncensored_replicate,SSCP-c9acecc0b88a57d7
PAMPA:6138,GRP-24708f2afc4a6dc7,2021_Kelly,2021,1.0,False,included,compatible_uncensored_replicate,SSCP-24708f2afc4a6dc7
PAMPA:6139,GRP-fb793944815d702a,2021_Kelly,2021,1.0,False,included,compatible_uncensored_replicate,SSCP-fb793944815d702a
PAMPA:6140,GRP-1963a27df2adcaa1,2021_Kelly,2021,1.0,False,included,compatible_uncensored_replicate,SSCP-1963a27df2adcaa1
PAMPA:6141,GRP-3529e8057f4e46ef,2021_Kelly,2021,1.0,False,included,compatible_uncensored_replicate,SSCP-3529e8057f4e46ef
PAMPA:6142,GRP-927335ad59e48c4d,2021_Kelly,2021,1.0,False,included,compatible_uncensored_replicate,SSCP-927335ad59e48c4d
PAMPA:6143,GRP-bda9b04378fc89c7,2021_Kelly,2021,1.0,False,included,compatible_uncensored_replicate,SSCP-bda9b04378fc89c7
PAMPA:6144,GRP-c827370286b6273e,2021_Kelly,2021,1.0,False,included,compatible_uncensored_replicate,SSCP-c827370286b6273e
PAMPA:6145,GRP-8af70fa4350bb176,2021_Kelly,2021,1.0,False,included,compatible_uncensored_replicate,SSCP-8af70fa4350bb176
PAMPA:6146,GRP-f26b9dca83e905bf,2021_Kelly,2021,1.0,False,included,compatible_uncensored_replicate,SSCP-f26b9dca83e905bf
PAMPA:6147,GRP-89d4cd3fc0afd848,2021_Kelly,2021,1.0,False,included,compatible_uncensored_replicate,SSCP-89d4cd3fc0afd848
PAMPA:6148,GRP-6989eee6f4185234,2021_Kelly,2021,1.0,False,included,compatible_uncensored_replicate,SSCP-6989eee6f4185234
PAMPA:6149,GRP-2ef24368d17ee119,2021_Kelly,2021,1.0,False,included,compatible_uncensored_replicate,SSCP-2ef24368d17ee119
PAMPA:6150,GRP-b5c8ec9a0062db9e,2021_Kelly,2021,1.0,False,included,compatible_uncensored_replicate,SSCP-b5c8ec9a0062db9e
PAMPA:6151,GRP-a7af7ca72457cb2b,2021_Kelly,2021,1.0,False,included,compatible_uncensored_replicate,SSCP-a7af7ca72457cb2b
PAMPA:6152,GRP-961d1c321d0cf6ec,2021_Kelly,2021,1.0,False,included,compatible_uncensored_replicate,SSCP-961d1c321d0cf6ec
PAMPA:6153,GRP-ccb6439839db03c6,2021_Kelly,2021,1.0,False,included,compatible_uncensored_replicate,SSCP-ccb6439839db03c6
PAMPA:6154,GRP-45d1652ad6f74774,2021_Kelly,2021,1.0,False,included,compatible_uncensored_replicate,SSCP-45d1652ad6f74774
PAMPA:6155,GRP-03088bb5d9c1c3bb,2021_Kelly,2021,1.0,False,included,compatible_uncensored_replicate,SSCP-03088bb5d9c1c3bb
PAMPA:6156,GRP-d15aeb6c74bcc898,2021_Kelly,2021,1.0,False,included,compatible_uncensored_replicate,SSCP-d15aeb6c74bcc898
PAMPA:6157,GRP-562e969cc051a3ea,2021_Kelly,2021,1.0,False,included,compatible_uncensored_replicate,SSCP-562e969cc051a3ea
PAMPA:6158,GRP-ba427e22bee03678,2021_Kelly,2021,1.0,False,included,compatible_uncensored_replicate,SSCP-ba427e22bee03678
PAMPA:6159,GRP-6ea0c4b572cd64e6,2021_Kelly,2021,1.0,False,included,compatible_uncensored_replicate,SSCP-6ea0c4b572cd64e6
PAMPA:6160,GRP-9757102c5284deaa,2021_Kelly,2021,1.0,False,included,compatible_uncensored_replicate,SSCP-9757102c5284deaa
PAMPA:6161,GRP-6a7c7000f2f4f27b,2021_Kelly,2021,1.0,False,included,compatible_uncensored_replicate,SSCP-6a7c7000f2f4f27b
PAMPA:6162,GRP-538ac6457c79e2a5,2021_Kelly,2021,1.0,False,included,compatible_uncensored_replicate,SSCP-538ac6457c79e2a5
PAMPA:6163,GRP-e1fc03497c2542e5,2021_Kelly,2021,1.0,False,included,compatible_uncensored_replicate,SSCP-e1fc03497c2542e5
PAMPA:6164,GRP-6475b56f08c83605,2021_Kelly,2021,1.0,False,included,compatible_uncensored_replicate,SSCP-6475b56f08c83605
PAMPA:6165,GRP-caca384d427ed80b,2021_Kelly,2021,1.0,False,included,compatible_uncensored_replicate,SSCP-caca384d427ed80b
PAMPA:6166,GRP-9dc1f499c663ad55,2021_Kelly,2021,1.0,False,included,compatible_uncensored_replicate,SSCP-9dc1f499c663ad55
PAMPA:6167,GRP-ad823ac21201064f,2021_Kelly,2021,1.0,False,included,compatible_uncensored_replicate,SSCP-ad823ac21201064f
PAMPA:6168,GRP-d4f8184284a454d6,2021_Kelly,2021,1.0,False,included,compatible_uncensored_replicate,SSCP-d4f8184284a454d6
PAMPA:6169,GRP-990ec4ff8d03de32,2021_Kelly,2021,1.0,False,included,compatible_uncensored_replicate,SSCP-990ec4ff8d03de32
PAMPA:6170,GRP-e24e29d320d8d95c,2021_Kelly,2021,1.0,False,included,compatible_uncensored_replicate,SSCP-e24e29d320d8d95c
PAMPA:6171,GRP-cfa3df1fb4afc816,2021_Kelly,2021,1.0,False,included,compatible_uncensored_replicate,SSCP-cfa3df1fb4afc816
PAMPA:6172,GRP-21dfb8afcdfe6eee,2021_Kelly,2021,1.0,False,included,compatible_uncensored_replicate,SSCP-21dfb8afcdfe6eee
PAMPA:6173,GRP-50884a9d0655873e,2021_Kelly,2021,1.0,False,included,compatible_uncensored_replicate,SSCP-50884a9d0655873e
PAMPA:6174,GRP-572df4ef34829587,2021_Kelly,2021,1.0,False,included,compatible_uncensored_replicate,SSCP-572df4ef34829587
PAMPA:6175,GRP-1e391311976df17d,2021_Kelly,2021,1.0,False,included,compatible_uncensored_replicate,SSCP-1e391311976df17d
PAMPA:6176,GRP-a156fa2807aad0dd,2021_Kelly,2021,1.0,False,included,compatible_uncensored_replicate,SSCP-a156fa2807aad0dd
PAMPA:6177,GRP-2d7a501fcc63366b,2021_Kelly,2021,1.0,False,included,compatible_uncensored_replicate,SSCP-2d7a501fcc63366b
PAMPA:6178,GRP-2756df9576223888,2021_Kelly,2021,1.0,False,included,compatible_uncensored_replicate,SSCP-2756df9576223888
PAMPA:6179,GRP-4e0a5c1fefd72716,2021_Kelly,2021,1.0,False,included,compatible_uncensored_replicate,SSCP-4e0a5c1fefd72716
PAMPA:6180,GRP-9aabc7567302a0c2,2021_Kelly,2021,1.0,False,included,compatible_uncensored_replicate,SSCP-9aabc7567302a0c2
PAMPA:6181,GRP-6ca41950af157a59,2021_Kelly,2021,1.0,False,included,compatible_uncensored_replicate,SSCP-6ca41950af157a59
PAMPA:6182,GRP-b40f07066b5dd11f,2021_Kelly,2021,1.0,False,included,compatible_uncensored_replicate,SSCP-b40f07066b5dd11f
PAMPA:6183,GRP-41d6081694c7e00e,2021_Kelly,2021,1.0,False,included,compatible_uncensored_replicate,SSCP-41d6081694c7e00e
PAMPA:6184,GRP-26e09f60bf94274b,2021_Kelly,2021,1.0,False,included,compatible_uncensored_replicate,SSCP-26e09f60bf94274b
PAMPA:6185,GRP-49758e93c49d80bd,2021_Kelly,2021,1.0,False,included,compatible_uncensored_replicate,SSCP-49758e93c49d80bd
PAMPA:6186,GRP-c3e916f8f364173e,2021_Kelly,2021,1.0,False,included,compatible_uncensored_replicate,SSCP-c3e916f8f364173e
PAMPA:6187,GRP-5f1643fa957855e4,2021_Kelly,2021,1.0,False,included,compatible_uncensored_replicate,SSCP-5f1643fa957855e4
PAMPA:6188,GRP-b4cfa591855bd3db,2021_Kelly,2021,1.0,False,included,compatible_uncensored_replicate,SSCP-b4cfa591855bd3db
PAMPA:6189,GRP-101a2287cff5ad90,2021_Kelly,2021,1.0,False,included,compatible_uncensored_replicate,SSCP-101a2287cff5ad90
PAMPA:6190,GRP-c370d26fcf1127af,2021_Kelly,2021,1.0,False,included,compatible_uncensored_replicate,SSCP-c370d26fcf1127af
PAMPA:6191,GRP-a3fdc4bb7457e5ad,2021_Kelly,2021,1.0,False,included,compatible_uncensored_replicate,SSCP-a3fdc4bb7457e5ad
PAMPA:6192,GRP-fd70e3c664a640e5,2021_Kelly,2021,1.0,False,included,compatible_uncensored_replicate,SSCP-fd70e3c664a640e5
PAMPA:6193,GRP-be359bd1983317c5,2021_Kelly,2021,1.0,False,included,compatible_uncensored_replicate,SSCP-be359bd1983317c5
PAMPA:6194,GRP-01b88f31b49794b3,2021_Kelly,2021,1.0,False,included,compatible_uncensored_replicate,SSCP-01b88f31b49794b3
PAMPA:6195,GRP-33db7371ea7af200,2021_Kelly,2021,1.0,False,included,compatible_uncensored_replicate,SSCP-33db7371ea7af200
PAMPA:6196,GRP-6770f50e7a200174,2021_Kelly,2021,1.0,False,included,compatible_uncensored_replicate,SSCP-6770f50e7a200174
PAMPA:6197,GRP-157b52429480b02f,2021_Kelly,2021,1.0,False,included,compatible_uncensored_replicate,SSCP-157b52429480b02f
PAMPA:6198,GRP-08ed200294d92f15,2021_Kelly,2021,1.0,False,included,compatible_uncensored_replicate,SSCP-08ed200294d92f15
PAMPA:6199,GRP-b0310b76fb599162,2021_Kelly,2021,1.0,False,included,compatible_uncensored_replicate,SSCP-b0310b76fb599162
PAMPA:6200,GRP-63d17108454b579d,2021_Kelly,2021,1.0,False,included,compatible_uncensored_replicate,SSCP-63d17108454b579d
PAMPA:6201,GRP-b8c534b149eb3302,2021_Kelly,2021,1.0,False,included,compatible_uncensored_replicate,SSCP-b8c534b149eb3302
PAMPA:6202,GRP-78909c15f8bfd975,2021_Kelly,2021,1.0,False,included,compatible_uncensored_replicate,SSCP-78909c15f8bfd975
PAMPA:6203,GRP-402f4763b55803c5,2021_Kelly,2021,1.0,False,included,compatible_uncensored_replicate,SSCP-402f4763b55803c5
PAMPA:6204,GRP-5dabb430b2297cca,2021_Kelly,2021,1.0,False,included,compatible_uncensored_replicate,SSCP-5dabb430b2297cca
PAMPA:6205,GRP-8598d19f4a4c128f,2021_Kelly,2021,1.0,False,included,compatible_uncensored_replicate,SSCP-8598d19f4a4c128f
PAMPA:6206,GRP-42cd94869aed45a1,2021_Kelly,2021,1.0,False,included,compatible_uncensored_replicate,SSCP-42cd94869aed45a1
PAMPA:6207,GRP-440672dc6770aee7,2021_Kelly,2021,1.0,False,included,compatible_uncensored_replicate,SSCP-440672dc6770aee7
PAMPA:6208,GRP-9b15782b1942aa0d,2021_Kelly,2021,1.0,False,included,compatible_uncensored_replicate,SSCP-9b15782b1942aa0d
PAMPA:6209,GRP-0feeb3de3b6750f7,2021_Kelly,2021,1.0,False,included,compatible_uncensored_replicate,SSCP-0feeb3de3b6750f7
PAMPA:6210,GRP-0035e4c65c3a8326,2021_Kelly,2021,1.0,False,included,compatible_uncensored_replicate,SSCP-0035e4c65c3a8326
PAMPA:6211,GRP-df945fa5079ffa1f,2021_Kelly,2021,1.0,False,included,compatible_uncensored_replicate,SSCP-df945fa5079ffa1f
PAMPA:6212,GRP-04f0eb8ac8713e66,2021_Kelly,2021,1.0,False,included,compatible_uncensored_replicate,SSCP-04f0eb8ac8713e66
PAMPA:6213,GRP-3ada726763eb0073,2021_Kelly,2021,1.0,False,included,compatible_uncensored_replicate,SSCP-3ada726763eb0073
PAMPA:6214,GRP-e683b2781eede751,2021_Kelly,2021,1.0,False,included,compatible_uncensored_replicate,SSCP-e683b2781eede751
PAMPA:6215,GRP-75e7ca0d93677706,2021_Kelly,2021,1.0,False,included,compatible_uncensored_replicate,SSCP-75e7ca0d93677706
PAMPA:6216,GRP-4b939288203af777,2021_Kelly,2021,1.0,False,included,compatible_uncensored_replicate,SSCP-4b939288203af777
PAMPA:6217,GRP-ac45a6eb6bf7777d,2021_Kelly,2021,1.0,False,included,compatible_uncensored_replicate,SSCP-ac45a6eb6bf7777d
PAMPA:6218,GRP-f00f565318c34ae2,2021_Kelly,2021,1.0,False,included,compatible_uncensored_replicate,SSCP-f00f565318c34ae2
PAMPA:6219,GRP-9fd106a5c4113941,2021_Kelly,2021,1.0,False,included,compatible_uncensored_replicate,SSCP-9fd106a5c4113941
PAMPA:6220,GRP-b1e91dd352197de7,2021_Kelly,2021,1.0,False,included,compatible_uncensored_replicate,SSCP-b1e91dd352197de7
PAMPA:6221,GRP-bb4cd2d7ced7d162,2021_Kelly,2021,1.0,False,included,compatible_uncensored_replicate,SSCP-bb4cd2d7ced7d162
PAMPA:6222,GRP-21b914532b38bd2f,2021_Kelly,2021,1.0,False,included,compatible_uncensored_replicate,SSCP-21b914532b38bd2f
PAMPA:6223,GRP-28c5acd23e9a0787,2021_Kelly,2021,1.0,False,included,compatible_uncensored_replicate,SSCP-28c5acd23e9a0787
PAMPA:6224,GRP-b9b746e196be62dd,2021_Kelly,2021,1.0,False,included,compatible_uncensored_replicate,SSCP-b9b746e196be62dd
PAMPA:6225,GRP-5fcb889fcda40027,2021_Kelly,2021,1.0,False,included,compatible_uncensored_replicate,SSCP-5fcb889fcda40027
PAMPA:6226,GRP-52ddd7f531e7d89a,2021_Kelly,2021,1.0,False,included,compatible_uncensored_replicate,SSCP-52ddd7f531e7d89a
PAMPA:6227,GRP-a8cf5eec4465923c,2021_Kelly,2021,1.0,False,included,compatible_uncensored_replicate,SSCP-a8cf5eec4465923c
PAMPA:6228,GRP-7f5241b2a2629dcc,2021_Kelly,2021,1.0,False,included,compatible_uncensored_replicate,SSCP-7f5241b2a2629dcc
PAMPA:6229,GRP-7cfbd9c0e4b714af,2021_Kelly,2021,1.0,False,included,compatible_uncensored_replicate,SSCP-7cfbd9c0e4b714af
PAMPA:6230,GRP-a2eae24a162f0659,2021_Kelly,2021,1.0,False,included,compatible_uncensored_replicate,SSCP-a2eae24a162f0659
PAMPA:6231,GRP-1a0d0daadc027570,2021_Kelly,2021,1.0,False,included,compatible_uncensored_replicate,SSCP-1a0d0daadc027570
PAMPA:6232,GRP-1404259d857e80eb,2021_Kelly,2021,1.0,False,included,compatible_uncensored_replicate,SSCP-1404259d857e80eb
PAMPA:6233,GRP-be80b8bb014e4309,2021_Kelly,2021,1.0,False,included,compatible_uncensored_replicate,SSCP-be80b8bb014e4309
PAMPA:6234,GRP-55a1844299112e8a,2021_Kelly,2021,1.0,False,included,compatible_uncensored_replicate,SSCP-55a1844299112e8a
PAMPA:6235,GRP-6252d43187d67efb,2021_Kelly,2021,1.0,False,included,compatible_uncensored_replicate,SSCP-6252d43187d67efb
PAMPA:6236,GRP-50a72fd858450aba,2021_Kelly,2021,1.0,False,included,compatible_uncensored_replicate,SSCP-50a72fd858450aba
PAMPA:6237,GRP-e681d6ef1bd6d8e3,2021_Kelly,2021,1.0,False,included,compatible_uncensored_replicate,SSCP-e681d6ef1bd6d8e3
PAMPA:6238,GRP-ede68de203aac616,2021_Kelly,2021,1.0,False,included,compatible_uncensored_replicate,SSCP-ede68de203aac616
PAMPA:6239,GRP-c5477226ef965d63,2021_Kelly,2021,1.0,False,included,compatible_uncensored_replicate,SSCP-c5477226ef965d63
PAMPA:6240,GRP-26b00720bc185023,2021_Kelly,2021,1.0,False,included,compatible_uncensored_replicate,SSCP-26b00720bc185023
PAMPA:6241,GRP-62e9a0ae050b8703,2021_Kelly,2021,1.0,False,included,compatible_uncensored_replicate,SSCP-62e9a0ae050b8703
PAMPA:6242,GRP-eee434b47bcbf0d6,2021_Kelly,2021,1.0,False,included,compatible_uncensored_replicate,SSCP-eee434b47bcbf0d6
PAMPA:6243,GRP-74730292de497184,2021_Kelly,2021,1.0,False,included,compatible_uncensored_replicate,SSCP-74730292de497184
PAMPA:6244,GRP-f5a1b9df313996df,2021_Kelly,2021,1.0,False,included,compatible_uncensored_replicate,SSCP-f5a1b9df313996df
PAMPA:6245,GRP-8a01a3da88342e56,2021_Kelly,2021,1.0,False,included,compatible_uncensored_replicate,SSCP-8a01a3da88342e56
PAMPA:6246,GRP-4b520408061ce58b,2021_Kelly,2021,1.0,False,included,compatible_uncensored_replicate,SSCP-4b520408061ce58b
PAMPA:6247,GRP-4575486571ac0155,2021_Kelly,2021,1.0,False,included,compatible_uncensored_replicate,SSCP-4575486571ac0155
PAMPA:6248,GRP-6abfe8daf8908676,2021_Kelly,2021,1.0,False,included,compatible_uncensored_replicate,SSCP-6abfe8daf8908676
PAMPA:6249,GRP-a809bbe553658ff3,2021_Kelly,2021,1.0,False,included,compatible_uncensored_replicate,SSCP-a809bbe553658ff3
PAMPA:6250,GRP-64478ef28a543f5a,2021_Kelly,2021,1.0,False,included,compatible_uncensored_replicate,SSCP-64478ef28a543f5a
PAMPA:6251,GRP-ce68cfcc91912931,2021_Kelly,2021,1.0,False,included,compatible_uncensored_replicate,SSCP-ce68cfcc91912931
PAMPA:6252,GRP-dc15ec5ec7e18cb2,2021_Kelly,2021,1.0,False,included,compatible_uncensored_replicate,SSCP-dc15ec5ec7e18cb2
PAMPA:6253,GRP-1f83e7be7670b886,2021_Kelly,2021,1.0,False,included,compatible_uncensored_replicate,SSCP-1f83e7be7670b886
PAMPA:6254,GRP-c4c41accf5f3ae48,2021_Kelly,2021,1.0,False,included,compatible_uncensored_replicate,SSCP-c4c41accf5f3ae48
PAMPA:6255,GRP-ebfa37b8f171cafb,2021_Kelly,2021,1.0,False,included,compatible_uncensored_replicate,SSCP-ebfa37b8f171cafb
PAMPA:6256,GRP-39a57b5281b86a53,2021_Kelly,2021,1.0,False,included,compatible_uncensored_replicate,SSCP-39a57b5281b86a53
PAMPA:6257,GRP-ac85097311421127,2021_Kelly,2021,1.0,False,included,compatible_uncensored_replicate,SSCP-ac85097311421127
PAMPA:6258,GRP-3bbf7b070dc95578,2021_Kelly,2021,1.0,False,included,compatible_uncensored_replicate,SSCP-3bbf7b070dc95578
PAMPA:6259,GRP-83e726ecd0c08db5,2021_Kelly,2021,1.0,False,included,compatible_uncensored_replicate,SSCP-83e726ecd0c08db5
PAMPA:6260,GRP-ff45d99a4d248c36,2021_Kelly,2021,1.0,False,included,compatible_uncensored_replicate,SSCP-ff45d99a4d248c36
PAMPA:6261,GRP-909e755eae26a46f,2021_Kelly,2021,1.0,False,included,compatible_uncensored_replicate,SSCP-909e755eae26a46f
PAMPA:6262,GRP-460eb7d55a86cf79,2021_Kelly,2021,1.0,False,included,compatible_uncensored_replicate,SSCP-460eb7d55a86cf79
PAMPA:6263,GRP-d15ac5913f934e23,2021_Kelly,2021,1.0,False,included,compatible_uncensored_replicate,SSCP-d15ac5913f934e23
PAMPA:6264,GRP-94f8dcfff52c2066,2021_Kelly,2021,1.0,False,included,compatible_uncensored_replicate,SSCP-94f8dcfff52c2066
PAMPA:6265,GRP-07fc2474747ac984,2021_Kelly,2021,1.0,False,included,compatible_uncensored_replicate,SSCP-07fc2474747ac984
PAMPA:6266,GRP-c5c6f933fed344fd,2021_Kelly,2021,1.0,False,included,compatible_uncensored_replicate,SSCP-c5c6f933fed344fd
PAMPA:6267,GRP-6f6f5c88923f4b63,2021_Kelly,2021,1.0,False,included,compatible_uncensored_replicate,SSCP-6f6f5c88923f4b63
PAMPA:6268,GRP-d7f6085ff954d4d1,2021_Kelly,2021,1.0,False,included,compatible_uncensored_replicate,SSCP-d7f6085ff954d4d1
PAMPA:6269,GRP-aadd1465137fe3fe,2021_Kelly,2021,1.0,False,included,compatible_uncensored_replicate,SSCP-aadd1465137fe3fe
PAMPA:6270,GRP-e56e40ed94cc1ae6,2021_Kelly,2021,1.0,False,included,compatible_uncensored_replicate,SSCP-e56e40ed94cc1ae6
PAMPA:6271,GRP-95a4476f2e5dd498,2021_Kelly,2021,1.0,False,included,compatible_uncensored_replicate,SSCP-95a4476f2e5dd498
PAMPA:6272,GRP-00dc5041633d3c58,2021_Kelly,2021,1.0,False,included,compatible_uncensored_replicate,SSCP-00dc5041633d3c58
PAMPA:6273,GRP-eb98fa6c4bd5a28b,2021_Kelly,2021,1.0,False,included,compatible_uncensored_replicate,SSCP-eb98fa6c4bd5a28b
PAMPA:6274,GRP-848d8acee7c34e68,2021_Kelly,2021,1.0,False,included,compatible_uncensored_replicate,SSCP-848d8acee7c34e68
PAMPA:6275,GRP-1f8c01282b7f646e,2021_Kelly,2021,1.0,False,included,compatible_uncensored_replicate,SSCP-1f8c01282b7f646e
PAMPA:6276,GRP-61b9859344cc426d,2021_Kelly,2021,1.0,False,included,compatible_uncensored_replicate,SSCP-61b9859344cc426d
PAMPA:6277,GRP-11ec0a92ce50d9e1,2021_Kelly,2021,1.0,False,included,compatible_uncensored_replicate,SSCP-11ec0a92ce50d9e1
PAMPA:6278,GRP-ff1e9831385cbc05,2021_Kelly,2021,1.0,False,included,compatible_uncensored_replicate,SSCP-ff1e9831385cbc05
PAMPA:6279,GRP-1350cdbd408aed7a,2021_Kelly,2021,1.0,False,included,compatible_uncensored_replicate,SSCP-1350cdbd408aed7a
PAMPA:6280,GRP-624f80971e985ab2,2021_Kelly,2021,1.0,False,included,compatible_uncensored_replicate,SSCP-624f80971e985ab2
PAMPA:6281,GRP-b78fd823ff89c822,2021_Kelly,2021,1.0,False,included,compatible_uncensored_replicate,SSCP-b78fd823ff89c822
PAMPA:6282,GRP-7975c96bf80e6dcd,2021_Kelly,2021,1.0,False,included,compatible_uncensored_replicate,SSCP-7975c96bf80e6dcd
PAMPA:6283,GRP-6ae788474da38c48,2021_Kelly,2021,1.0,False,included,compatible_uncensored_replicate,SSCP-6ae788474da38c48
PAMPA:6284,GRP-c69a1daad963f929,2021_Kelly,2021,1.0,False,included,compatible_uncensored_replicate,SSCP-c69a1daad963f929
PAMPA:6285,GRP-32954b4029e562ec,2021_Kelly,2021,1.0,False,included,compatible_uncensored_replicate,SSCP-32954b4029e562ec
PAMPA:6286,GRP-3071a3814a07abe7,2021_Kelly,2021,1.0,False,included,compatible_uncensored_replicate,SSCP-3071a3814a07abe7
PAMPA:6287,GRP-7fa1ac299f53cf25,2021_Kelly,2021,1.0,False,included,compatible_uncensored_replicate,SSCP-7fa1ac299f53cf25
PAMPA:6288,GRP-5e506d8ce4c76051,2021_Kelly,2021,1.0,False,included,compatible_uncensored_replicate,SSCP-5e506d8ce4c76051
PAMPA:6289,GRP-1f74204d2caea14a,2021_Kelly,2021,1.0,False,included,compatible_uncensored_replicate,SSCP-1f74204d2caea14a
PAMPA:6290,GRP-58f9c3b2f2aa1937,2021_Kelly,2021,1.0,False,included,compatible_uncensored_replicate,SSCP-58f9c3b2f2aa1937
PAMPA:6291,GRP-461056b66222bc05,2021_Kelly,2021,1.0,False,included,compatible_uncensored_replicate,SSCP-461056b66222bc05
PAMPA:6292,GRP-3bdc59bd8f8fc7d5,2021_Kelly,2021,1.0,False,included,compatible_uncensored_replicate,SSCP-3bdc59bd8f8fc7d5
PAMPA:6293,GRP-88111ba4ef652913,2021_Kelly,2021,1.0,False,included,compatible_uncensored_replicate,SSCP-88111ba4ef652913
PAMPA:6294,GRP-f8ef5cf7c1f5f69c,2021_Kelly,2021,1.0,False,included,compatible_uncensored_replicate,SSCP-f8ef5cf7c1f5f69c
PAMPA:6295,GRP-dcc14b98b1211c00,2021_Kelly,2021,1.0,False,included,compatible_uncensored_replicate,SSCP-dcc14b98b1211c00
PAMPA:6296,GRP-9f5e9ccb824f9212,2021_Kelly,2021,1.0,False,included,compatible_uncensored_replicate,SSCP-9f5e9ccb824f9212
PAMPA:6297,GRP-1dff8b92dab3d697,2021_Kelly,2021,1.0,False,included,compatible_uncensored_replicate,SSCP-1dff8b92dab3d697
PAMPA:6298,GRP-6420ee3bdfdaeb36,2021_Kelly,2021,1.0,False,included,compatible_uncensored_replicate,SSCP-6420ee3bdfdaeb36
PAMPA:6299,GRP-a20271a65365cf88,2021_Kelly,2021,1.0,False,included,compatible_uncensored_replicate,SSCP-a20271a65365cf88
PAMPA:6300,GRP-5b28e7478c7e207a,2021_Kelly,2021,1.0,False,included,compatible_uncensored_replicate,SSCP-5b28e7478c7e207a
PAMPA:6301,GRP-a4af7c169ea90866,2021_Kelly,2021,1.0,False,included,compatible_uncensored_replicate,SSCP-a4af7c169ea90866
PAMPA:6302,GRP-2cf4b092d7471da5,2021_Kelly,2021,1.0,False,included,compatible_uncensored_replicate,SSCP-2cf4b092d7471da5
PAMPA:6303,GRP-269f6634e644091b,2021_Kelly,2021,1.0,False,included,compatible_uncensored_replicate,SSCP-269f6634e644091b
PAMPA:6304,GRP-d795a15dcf5371dc,2021_Kelly,2021,1.0,False,included,compatible_uncensored_replicate,SSCP-d795a15dcf5371dc
PAMPA:6305,GRP-22998165e6209253,2021_Kelly,2021,1.0,False,included,compatible_uncensored_replicate,SSCP-22998165e6209253
PAMPA:6306,GRP-d9a243f225fcbc09,2021_Kelly,2021,1.0,False,included,compatible_uncensored_replicate,SSCP-d9a243f225fcbc09
PAMPA:6307,GRP-5336768e0a0733e6,2021_Kelly,2021,1.0,False,included,compatible_uncensored_replicate,SSCP-5336768e0a0733e6
PAMPA:6308,GRP-6d316342ac50d095,2021_Kelly,2021,1.0,False,included,compatible_uncensored_replicate,SSCP-6d316342ac50d095
PAMPA:6309,GRP-5e4cb428805fcd32,2021_Kelly,2021,1.0,False,included,compatible_uncensored_replicate,SSCP-5e4cb428805fcd32
PAMPA:6310,GRP-7dcf924540e870fb,2021_Kelly,2021,1.0,False,included,compatible_uncensored_replicate,SSCP-7dcf924540e870fb
PAMPA:6311,GRP-681f9ba178f50378,2021_Kelly,2021,1.0,False,included,compatible_uncensored_replicate,SSCP-681f9ba178f50378
PAMPA:6312,GRP-06a495cd611b7876,2021_Kelly,2021,1.0,False,included,compatible_uncensored_replicate,SSCP-06a495cd611b7876
PAMPA:6313,GRP-123cbfedc664fd28,2021_Kelly,2021,1.0,False,included,compatible_uncensored_replicate,SSCP-123cbfedc664fd28
PAMPA:6314,GRP-3dfa598267cc5670,2021_Kelly,2021,1.0,False,included,compatible_uncensored_replicate,SSCP-3dfa598267cc5670
PAMPA:6315,GRP-4731bad27910a0e9,2021_Kelly,2021,1.0,False,included,compatible_uncensored_replicate,SSCP-4731bad27910a0e9
PAMPA:6316,GRP-39aa837501d16240,2021_Kelly,2021,1.0,False,included,compatible_uncensored_replicate,SSCP-39aa837501d16240
PAMPA:6317,GRP-4655178605dd071a,2021_Kelly,2021,1.0,False,included,compatible_uncensored_replicate,SSCP-4655178605dd071a
PAMPA:6318,GRP-5ebeb28b2054e763,2021_Kelly,2021,1.0,False,included,compatible_uncensored_replicate,SSCP-5ebeb28b2054e763
PAMPA:6319,GRP-39d3f78e5be17d3c,2021_Kelly,2021,1.0,False,included,compatible_uncensored_replicate,SSCP-39d3f78e5be17d3c
PAMPA:6320,GRP-765e77431f3e03d3,2021_Kelly,2021,1.0,False,included,compatible_uncensored_replicate,SSCP-765e77431f3e03d3
PAMPA:6321,GRP-a627c22683999756,2021_Kelly,2021,1.0,False,included,compatible_uncensored_replicate,SSCP-a627c22683999756
PAMPA:6322,GRP-a099df84b9551b92,2021_Kelly,2021,1.0,False,included,compatible_uncensored_replicate,SSCP-a099df84b9551b92
PAMPA:6323,GRP-5e4f4a23d4604220,2021_Kelly,2021,1.0,False,included,compatible_uncensored_replicate,SSCP-5e4f4a23d4604220
PAMPA:6324,GRP-c90a8d6cf074b089,2021_Kelly,2021,1.0,False,included,compatible_uncensored_replicate,SSCP-c90a8d6cf074b089
PAMPA:6325,GRP-c51926bedc848248,2021_Kelly,2021,1.0,False,included,compatible_uncensored_replicate,SSCP-c51926bedc848248
PAMPA:6326,GRP-fffaa7a600811aeb,2021_Kelly,2021,1.0,False,included,compatible_uncensored_replicate,SSCP-fffaa7a600811aeb
PAMPA:6327,GRP-6a038de9f3dca339,2021_Kelly,2021,1.0,False,included,compatible_uncensored_replicate,SSCP-6a038de9f3dca339
PAMPA:6328,GRP-6c487d6abcc20ff4,2021_Kelly,2021,1.0,False,included,compatible_uncensored_replicate,SSCP-6c487d6abcc20ff4
PAMPA:6329,GRP-2b1a5d0644bc0388,2021_Kelly,2021,1.0,False,included,compatible_uncensored_replicate,SSCP-2b1a5d0644bc0388
PAMPA:6330,GRP-2c394aee9c24f2a5,2021_Kelly,2021,1.0,False,included,compatible_uncensored_replicate,SSCP-2c394aee9c24f2a5
PAMPA:6331,GRP-b0dca2e80299c64b,2021_Kelly,2021,1.0,False,included,compatible_uncensored_replicate,SSCP-b0dca2e80299c64b
PAMPA:6332,GRP-ee4da9e98f0d02ca,2021_Kelly,2021,1.0,False,included,compatible_uncensored_replicate,SSCP-ee4da9e98f0d02ca
PAMPA:6333,GRP-27da00534c8ba96a,2021_Kelly,2021,1.0,False,included,compatible_uncensored_replicate,SSCP-27da00534c8ba96a
PAMPA:6334,GRP-f766c4284883322e,2021_Kelly,2021,1.0,False,included,compatible_uncensored_replicate,SSCP-f766c4284883322e
PAMPA:6335,GRP-9b0debfe50daa401,2021_Kelly,2021,1.0,False,included,compatible_uncensored_replicate,SSCP-9b0debfe50daa401
PAMPA:6336,GRP-8a18f985738488ac,2021_Kelly,2021,1.0,False,included,compatible_uncensored_replicate,SSCP-8a18f985738488ac
PAMPA:6337,GRP-9fc46366d8aa1365,2021_Kelly,2021,1.0,False,included,compatible_uncensored_replicate,SSCP-9fc46366d8aa1365
PAMPA:6338,GRP-1e25efc072fff295,2021_Kelly,2021,1.0,False,included,compatible_uncensored_replicate,SSCP-1e25efc072fff295
PAMPA:6339,GRP-5c6d9c27144ba625,2021_Kelly,2021,1.0,False,included,compatible_uncensored_replicate,SSCP-5c6d9c27144ba625
PAMPA:6340,GRP-31171d7e8771795f,2021_Kelly,2021,1.0,False,included,compatible_uncensored_replicate,SSCP-31171d7e8771795f
PAMPA:6341,GRP-4875acb6222f9751,2021_Kelly,2021,1.0,False,included,compatible_uncensored_replicate,SSCP-4875acb6222f9751
PAMPA:6342,GRP-ad6601f6a8dde79e,2021_Kelly,2021,1.0,False,included,compatible_uncensored_replicate,SSCP-ad6601f6a8dde79e
PAMPA:6343,GRP-f3cfb0a0c9588f86,2021_Kelly,2021,1.0,False,included,compatible_uncensored_replicate,SSCP-f3cfb0a0c9588f86
PAMPA:6344,GRP-d7f3c8628314f1d4,2021_Kelly,2021,1.0,False,included,compatible_uncensored_replicate,SSCP-d7f3c8628314f1d4
PAMPA:6345,GRP-05712368980007ec,2021_Kelly,2021,1.0,False,included,compatible_uncensored_replicate,SSCP-05712368980007ec
PAMPA:6346,GRP-eba43814e3bff7de,2021_Kelly,2021,1.0,False,included,compatible_uncensored_replicate,SSCP-eba43814e3bff7de
PAMPA:6347,GRP-0d89dea98528c160,2021_Kelly,2021,1.0,False,included,compatible_uncensored_replicate,SSCP-0d89dea98528c160
PAMPA:6348,GRP-b945db1c8466c152,2021_Kelly,2021,1.0,False,included,compatible_uncensored_replicate,SSCP-b945db1c8466c152
PAMPA:6349,GRP-499e8d7ef0eccd84,2021_Kelly,2021,1.0,False,included,compatible_uncensored_replicate,SSCP-499e8d7ef0eccd84
PAMPA:6350,GRP-53f13f0f5292a3e3,2021_Kelly,2021,1.0,False,included,compatible_uncensored_replicate,SSCP-53f13f0f5292a3e3
PAMPA:6351,GRP-5a65fd73f334c5ef,2021_Kelly,2021,1.0,False,included,compatible_uncensored_replicate,SSCP-5a65fd73f334c5ef
PAMPA:6352,GRP-10a54d2d885a594a,2021_Kelly,2021,1.0,False,included,compatible_uncensored_replicate,SSCP-10a54d2d885a594a
PAMPA:6353,GRP-63154382386eab5f,2021_Kelly,2021,1.0,False,included,compatible_uncensored_replicate,SSCP-63154382386eab5f
PAMPA:6354,GRP-5e0443154198b0c9,2021_Kelly,2021,1.0,False,included,compatible_uncensored_replicate,SSCP-5e0443154198b0c9
PAMPA:6355,GRP-32a0e050e82855b7,2021_Kelly,2021,1.0,False,included,compatible_uncensored_replicate,SSCP-32a0e050e82855b7
PAMPA:6356,GRP-97589bbf077fa17c,2021_Kelly,2021,1.0,False,included,compatible_uncensored_replicate,SSCP-97589bbf077fa17c
PAMPA:6357,GRP-b5bf9eaf88362028,2021_Kelly,2021,1.0,False,included,compatible_uncensored_replicate,SSCP-b5bf9eaf88362028
PAMPA:6358,GRP-b8d023384092eaa9,2021_Kelly,2021,1.0,False,included,compatible_uncensored_replicate,SSCP-b8d023384092eaa9
PAMPA:6359,GRP-5ed9b6d199685c34,2021_Kelly,2021,1.0,False,included,compatible_uncensored_replicate,SSCP-5ed9b6d199685c34
PAMPA:6360,GRP-b1ac30f76d603101,2021_Kelly,2021,1.0,False,included,compatible_uncensored_replicate,SSCP-b1ac30f76d603101
PAMPA:6361,GRP-74dc96d8a7159072,2021_Kelly,2021,1.0,False,included,compatible_uncensored_replicate,SSCP-74dc96d8a7159072
PAMPA:6362,GRP-ef29cc3fb21bbc64,2021_Kelly,2021,1.0,False,included,compatible_uncensored_replicate,SSCP-ef29cc3fb21bbc64
PAMPA:6363,GRP-cba1c3d3447695da,2021_Kelly,2021,1.0,False,included,compatible_uncensored_replicate,SSCP-cba1c3d3447695da
PAMPA:6364,GRP-970b3b40af8e644a,2021_Kelly,2021,1.0,False,included,compatible_uncensored_replicate,SSCP-970b3b40af8e644a
PAMPA:6365,GRP-bd69b70428b3404a,2021_Kelly,2021,1.0,False,included,compatible_uncensored_replicate,SSCP-bd69b70428b3404a
PAMPA:6366,GRP-4b6be914a5a306df,2021_Kelly,2021,1.0,False,included,compatible_uncensored_replicate,SSCP-4b6be914a5a306df
PAMPA:6367,GRP-d3530c33ff3b6fa9,2021_Kelly,2021,1.0,False,included,compatible_uncensored_replicate,SSCP-d3530c33ff3b6fa9
PAMPA:6368,GRP-4864890b8c3d29d3,2021_Kelly,2021,1.0,False,included,compatible_uncensored_replicate,SSCP-4864890b8c3d29d3
PAMPA:6369,GRP-44b6c29450b36a1d,2021_Kelly,2021,1.0,False,included,compatible_uncensored_replicate,SSCP-44b6c29450b36a1d
PAMPA:6370,GRP-578b7ef60dc21c7c,2021_Kelly,2021,1.0,False,included,compatible_uncensored_replicate,SSCP-578b7ef60dc21c7c
PAMPA:6371,GRP-5deea4cc752a5ca3,2021_Kelly,2021,1.0,False,included,compatible_uncensored_replicate,SSCP-5deea4cc752a5ca3
PAMPA:6372,GRP-5905e55f40c5606f,2021_Kelly,2021,1.0,False,included,compatible_uncensored_replicate,SSCP-5905e55f40c5606f
PAMPA:6373,GRP-b3f3da07c64c3757,2021_Kelly,2021,1.0,False,included,compatible_uncensored_replicate,SSCP-b3f3da07c64c3757
PAMPA:6374,GRP-530cb2585f07eb3d,2021_Kelly,2021,1.0,False,included,compatible_uncensored_replicate,SSCP-530cb2585f07eb3d
PAMPA:6375,GRP-bf7ce84bd9e5ee7c,2021_Kelly,2021,1.0,False,included,compatible_uncensored_replicate,SSCP-bf7ce84bd9e5ee7c
PAMPA:6376,GRP-329b71999461e9ea,2021_Kelly,2021,1.0,False,included,compatible_uncensored_replicate,SSCP-329b71999461e9ea
PAMPA:6377,GRP-348a376bba29d90b,2021_Kelly,2021,1.0,False,included,compatible_uncensored_replicate,SSCP-348a376bba29d90b
PAMPA:6378,GRP-f0e36f1804d3c3e9,2021_Kelly,2021,1.0,False,included,compatible_uncensored_replicate,SSCP-f0e36f1804d3c3e9
PAMPA:6379,GRP-41a3c437eaa92713,2021_Kelly,2021,1.0,False,included,compatible_uncensored_replicate,SSCP-41a3c437eaa92713
PAMPA:6380,GRP-b3519234055b3fb4,2021_Kelly,2021,1.0,False,included,compatible_uncensored_replicate,SSCP-b3519234055b3fb4
PAMPA:6381,GRP-739a994451f39e84,2021_Kelly,2021,1.0,False,included,compatible_uncensored_replicate,SSCP-739a994451f39e84
PAMPA:6382,GRP-d736fc6c7a097ddf,2021_Kelly,2021,1.0,False,included,compatible_uncensored_replicate,SSCP-d736fc6c7a097ddf
PAMPA:6383,GRP-daa278806acf4a8a,2021_Kelly,2021,1.0,False,included,compatible_uncensored_replicate,SSCP-daa278806acf4a8a
PAMPA:6384,GRP-d8495ba1d3f09b73,2021_Kelly,2021,1.0,False,included,compatible_uncensored_replicate,SSCP-d8495ba1d3f09b73
PAMPA:6385,GRP-3e343ab0a2e965ca,2021_Kelly,2021,1.0,False,included,compatible_uncensored_replicate,SSCP-3e343ab0a2e965ca
PAMPA:6386,GRP-b5c3d38d13881bf0,2021_Kelly,2021,1.0,False,included,compatible_uncensored_replicate,SSCP-b5c3d38d13881bf0
PAMPA:6387,GRP-fc198505fd66d13f,2021_Kelly,2021,1.0,False,included,compatible_uncensored_replicate,SSCP-fc198505fd66d13f
PAMPA:6388,GRP-732786c565d54f8f,2021_Kelly,2021,1.0,False,included,compatible_uncensored_replicate,SSCP-732786c565d54f8f
PAMPA:6389,GRP-f9dafb4fb29927db,2021_Kelly,2021,1.0,False,included,compatible_uncensored_replicate,SSCP-f9dafb4fb29927db
PAMPA:6390,GRP-415cfcb196fb13c1,2021_Kelly,2021,1.0,False,included,compatible_uncensored_replicate,SSCP-415cfcb196fb13c1
PAMPA:6391,GRP-48b14b212b1deb6b,2021_Kelly,2021,1.0,False,included,compatible_uncensored_replicate,SSCP-48b14b212b1deb6b
PAMPA:6392,GRP-84715b65e8c6b7c0,2021_Kelly,2021,1.0,False,included,compatible_uncensored_replicate,SSCP-84715b65e8c6b7c0
PAMPA:6393,GRP-e5bc90e83e0472bb,2021_Kelly,2021,1.0,False,included,compatible_uncensored_replicate,SSCP-e5bc90e83e0472bb
PAMPA:6394,GRP-aba852a195a8b0fe,2021_Kelly,2021,1.0,False,included,compatible_uncensored_replicate,SSCP-aba852a195a8b0fe
PAMPA:6395,GRP-562a4d217eb832a6,2021_Kelly,2021,1.0,False,included,compatible_uncensored_replicate,SSCP-562a4d217eb832a6
PAMPA:6396,GRP-5de31198de05497e,2021_Kelly,2021,1.0,False,included,compatible_uncensored_replicate,SSCP-5de31198de05497e
PAMPA:6397,GRP-b16107e4bdf22b9b,2021_Kelly,2021,1.0,False,included,compatible_uncensored_replicate,SSCP-b16107e4bdf22b9b
PAMPA:6398,GRP-86aabcf52803ab95,2021_Kelly,2021,1.0,False,included,compatible_uncensored_replicate,SSCP-86aabcf52803ab95
PAMPA:6399,GRP-f1dc094b08774bc3,2021_Kelly,2021,1.0,False,included,compatible_uncensored_replicate,SSCP-f1dc094b08774bc3
PAMPA:6400,GRP-3035323b4a813863,2021_Kelly,2021,1.0,False,included,compatible_uncensored_replicate,SSCP-3035323b4a813863
PAMPA:6401,GRP-d7a413afbbc78d0f,2021_Kelly,2021,1.0,False,included,compatible_uncensored_replicate,SSCP-d7a413afbbc78d0f
PAMPA:6402,GRP-582a82a23cdbf531,2021_Kelly,2021,1.0,False,included,compatible_uncensored_replicate,SSCP-582a82a23cdbf531
PAMPA:6403,GRP-59fc706772f8e6ca,2021_Kelly,2021,1.0,False,included,compatible_uncensored_replicate,SSCP-59fc706772f8e6ca
PAMPA:6404,GRP-36018f8735cc907f,2021_Kelly,2021,1.0,False,included,compatible_uncensored_replicate,SSCP-36018f8735cc907f
PAMPA:6405,GRP-0f8125c13742d544,2021_Kelly,2021,1.0,False,included,compatible_uncensored_replicate,SSCP-0f8125c13742d544
PAMPA:6406,GRP-5252e555d24be969,2021_Kelly,2021,1.0,False,included,compatible_uncensored_replicate,SSCP-5252e555d24be969
PAMPA:6407,GRP-315d4cb71a078170,2021_Kelly,2021,1.0,False,included,compatible_uncensored_replicate,SSCP-315d4cb71a078170
PAMPA:6408,GRP-ed290f8853b672cf,2021_Kelly,2021,1.0,False,included,compatible_uncensored_replicate,SSCP-ed290f8853b672cf
PAMPA:6409,GRP-d38d630e7812440f,2021_Kelly,2021,1.0,False,included,compatible_uncensored_replicate,SSCP-d38d630e7812440f
PAMPA:6410,GRP-f8cdab8ae7f6fd5a,2021_Kelly,2021,1.0,False,included,compatible_uncensored_replicate,SSCP-f8cdab8ae7f6fd5a
PAMPA:6411,GRP-95c7b53901ec23c8,2021_Kelly,2021,1.0,False,included,compatible_uncensored_replicate,SSCP-95c7b53901ec23c8
PAMPA:6412,GRP-a31184100a992a68,2021_Kelly,2021,1.0,False,included,compatible_uncensored_replicate,SSCP-a31184100a992a68
PAMPA:6413,GRP-86f9e050ac50ca48,2021_Kelly,2021,1.0,False,included,compatible_uncensored_replicate,SSCP-86f9e050ac50ca48
PAMPA:6414,GRP-9a42224a147bf07c,2021_Kelly,2021,1.0,False,included,compatible_uncensored_replicate,SSCP-9a42224a147bf07c
PAMPA:6415,GRP-267fdb7d89d1fcda,2021_Kelly,2021,1.0,False,included,compatible_uncensored_replicate,SSCP-267fdb7d89d1fcda
PAMPA:6416,GRP-e6241479dd909b9c,2021_Kelly,2021,1.0,False,included,compatible_uncensored_replicate,SSCP-e6241479dd909b9c
PAMPA:6417,GRP-bf05bb8bb29eca51,2021_Kelly,2021,1.0,False,included,compatible_uncensored_replicate,SSCP-bf05bb8bb29eca51
PAMPA:6418,GRP-7b81c1cef319f07e,2021_Kelly,2021,1.0,False,included,compatible_uncensored_replicate,SSCP-7b81c1cef319f07e
PAMPA:6419,GRP-c58a214b878fc2f2,2021_Kelly,2021,1.0,False,included,compatible_uncensored_replicate,SSCP-c58a214b878fc2f2
PAMPA:6420,GRP-7328e6418345f52f,2021_Kelly,2021,1.0,False,included,compatible_uncensored_replicate,SSCP-7328e6418345f52f
PAMPA:6421,GRP-77886676d44e7a83,2021_Kelly,2021,1.0,False,included,compatible_uncensored_replicate,SSCP-77886676d44e7a83
PAMPA:6422,GRP-20ad93589c57d321,2021_Kelly,2021,1.0,False,included,compatible_uncensored_replicate,SSCP-20ad93589c57d321
PAMPA:6423,GRP-f7d8aa1f9fa534db,2021_Kelly,2021,1.0,False,included,compatible_uncensored_replicate,SSCP-f7d8aa1f9fa534db
PAMPA:6424,GRP-dfddb0bed62f6c98,2021_Kelly,2021,1.0,False,included,compatible_uncensored_replicate,SSCP-dfddb0bed62f6c98
PAMPA:6425,GRP-880d027db8b0dae5,2021_Kelly,2021,1.0,False,included,compatible_uncensored_replicate,SSCP-880d027db8b0dae5
PAMPA:6426,GRP-3f83855499c6ef89,2021_Kelly,2021,1.0,False,included,compatible_uncensored_replicate,SSCP-3f83855499c6ef89
PAMPA:6427,GRP-2338dc76fbe318c3,2021_Kelly,2021,1.0,False,included,compatible_uncensored_replicate,SSCP-2338dc76fbe318c3
PAMPA:6428,GRP-af9031363b50c813,2021_Kelly,2021,1.0,False,included,compatible_uncensored_replicate,SSCP-af9031363b50c813
PAMPA:6429,GRP-4b1cc4e460fa33aa,2021_Kelly,2021,1.0,False,included,compatible_uncensored_replicate,SSCP-4b1cc4e460fa33aa
PAMPA:6430,GRP-e73170eaa0dd46a7,2021_Kelly,2021,1.0,False,included,compatible_uncensored_replicate,SSCP-e73170eaa0dd46a7
PAMPA:6431,GRP-25504a174bfe4815,2021_Kelly,2021,1.0,False,included,compatible_uncensored_replicate,SSCP-25504a174bfe4815
PAMPA:6432,GRP-cdc9b2a28de4b7b5,2021_Kelly,2021,1.0,False,included,compatible_uncensored_replicate,SSCP-cdc9b2a28de4b7b5
PAMPA:6433,GRP-72582fd5dcf6eb1d,2021_Kelly,2021,1.0,False,included,compatible_uncensored_replicate,SSCP-72582fd5dcf6eb1d
PAMPA:6434,GRP-e92b0dc487c3507c,2021_Kelly,2021,1.0,False,included,compatible_uncensored_replicate,SSCP-e92b0dc487c3507c
PAMPA:6435,GRP-9e2bc66646245371,2021_Kelly,2021,1.0,False,included,compatible_uncensored_replicate,SSCP-9e2bc66646245371
PAMPA:6436,GRP-f245a612bbe97107,2021_Kelly,2021,1.0,False,included,compatible_uncensored_replicate,SSCP-f245a612bbe97107
PAMPA:6437,GRP-6fb7cfd10038104a,2021_Kelly,2021,1.0,False,included,compatible_uncensored_replicate,SSCP-6fb7cfd10038104a
PAMPA:6438,GRP-36ca2f4eace66d86,2021_Kelly,2021,1.0,False,included,compatible_uncensored_replicate,SSCP-36ca2f4eace66d86
PAMPA:6439,GRP-52de642b5f81451d,2021_Kelly,2021,1.0,False,included,compatible_uncensored_replicate,SSCP-52de642b5f81451d
PAMPA:6440,GRP-d4d1adcb63ea92bf,2021_Kelly,2021,1.0,False,included,compatible_uncensored_replicate,SSCP-d4d1adcb63ea92bf
PAMPA:6441,GRP-32513796a0e0ef86,2021_Kelly,2021,1.0,False,included,compatible_uncensored_replicate,SSCP-32513796a0e0ef86
PAMPA:6442,GRP-df130d19edf4a12a,2021_Kelly,2021,1.0,False,included,compatible_uncensored_replicate,SSCP-df130d19edf4a12a
PAMPA:6443,GRP-3f768071522399ed,2021_Kelly,2021,1.0,False,included,compatible_uncensored_replicate,SSCP-3f768071522399ed
PAMPA:6444,GRP-05a1c7adfb119a3b,2021_Kelly,2021,1.0,False,included,compatible_uncensored_replicate,SSCP-05a1c7adfb119a3b
PAMPA:6445,GRP-9ecd86fbafdf5dc3,2021_Kelly,2021,1.0,False,included,compatible_uncensored_replicate,SSCP-9ecd86fbafdf5dc3
PAMPA:6446,GRP-8fbecb18173d1be4,2021_Kelly,2021,1.0,False,included,compatible_uncensored_replicate,SSCP-8fbecb18173d1be4
PAMPA:6447,GRP-7acc795c19bbd91d,2021_Kelly,2021,1.0,False,included,compatible_uncensored_replicate,SSCP-7acc795c19bbd91d
PAMPA:6448,GRP-41a5353baf98d45c,2021_Kelly,2021,1.0,False,included,compatible_uncensored_replicate,SSCP-41a5353baf98d45c
PAMPA:6449,GRP-68cf33e2fafcab79,2021_Kelly,2021,1.0,False,included,compatible_uncensored_replicate,SSCP-68cf33e2fafcab79
PAMPA:6450,GRP-e07d150e73aae5c8,2021_Kelly,2021,1.0,False,included,compatible_uncensored_replicate,SSCP-e07d150e73aae5c8
PAMPA:6451,GRP-60fe2b4dab710abd,2021_Kelly,2021,1.0,False,included,compatible_uncensored_replicate,SSCP-60fe2b4dab710abd
PAMPA:6452,GRP-e02f5b40582d518f,2021_Kelly,2021,1.0,False,included,compatible_uncensored_replicate,SSCP-e02f5b40582d518f
PAMPA:6453,GRP-ef4915bc6369fba0,2021_Kelly,2021,1.0,False,included,compatible_uncensored_replicate,SSCP-ef4915bc6369fba0
PAMPA:6454,GRP-8f0c3d4dcfa95940,2021_Kelly,2021,1.0,False,included,compatible_uncensored_replicate,SSCP-8f0c3d4dcfa95940
PAMPA:6455,GRP-8136585581ff8d42,2021_Kelly,2021,1.0,False,included,compatible_uncensored_replicate,SSCP-8136585581ff8d42
PAMPA:6456,GRP-70e6b4976bd0fd59,2021_Kelly,2021,1.0,False,included,compatible_uncensored_replicate,SSCP-70e6b4976bd0fd59
PAMPA:6457,GRP-f306616585fe1371,2021_Kelly,2021,1.0,False,included,compatible_uncensored_replicate,SSCP-f306616585fe1371
PAMPA:6458,GRP-48652d706f6cb23b,2021_Kelly,2021,1.0,False,included,compatible_uncensored_replicate,SSCP-48652d706f6cb23b
PAMPA:6459,GRP-ae85f41859d89944,2021_Kelly,2021,1.0,False,included,compatible_uncensored_replicate,SSCP-ae85f41859d89944
PAMPA:6460,GRP-b899469b0cf7c0f3,2021_Kelly,2021,1.0,False,included,compatible_uncensored_replicate,SSCP-b899469b0cf7c0f3
PAMPA:6461,GRP-c1619b8abe5036c6,2021_Kelly,2021,1.0,False,included,compatible_uncensored_replicate,SSCP-c1619b8abe5036c6
PAMPA:6462,GRP-2263b8fc5cb3fb8d,2021_Kelly,2021,1.0,False,included,compatible_uncensored_replicate,SSCP-2263b8fc5cb3fb8d
PAMPA:6463,GRP-008a443d73170279,2021_Kelly,2021,1.0,False,included,compatible_uncensored_replicate,SSCP-008a443d73170279
PAMPA:6464,GRP-009c050c405aed8f,2021_Kelly,2021,1.0,False,included,compatible_uncensored_replicate,SSCP-009c050c405aed8f
PAMPA:6465,GRP-d547f2376f4b0894,2021_Kelly,2021,1.0,False,included,compatible_uncensored_replicate,SSCP-d547f2376f4b0894
PAMPA:6466,GRP-199559f6609e669e,2021_Kelly,2021,1.0,False,included,compatible_uncensored_replicate,SSCP-199559f6609e669e
PAMPA:6467,GRP-7cb6762274fde5aa,2021_Kelly,2021,1.0,False,included,compatible_uncensored_replicate,SSCP-7cb6762274fde5aa
PAMPA:6468,GRP-cc93e8db88f4c534,2021_Kelly,2021,1.0,False,included,compatible_uncensored_replicate,SSCP-cc93e8db88f4c534
PAMPA:6469,GRP-162e9e748070ebc3,2021_Kelly,2021,1.0,False,included,compatible_uncensored_replicate,SSCP-162e9e748070ebc3
PAMPA:6470,GRP-1dc145edb1d5972c,2021_Kelly,2021,1.0,False,included,compatible_uncensored_replicate,SSCP-1dc145edb1d5972c
PAMPA:6471,GRP-5eb510bbf21a1afd,2021_Kelly,2021,1.0,False,included,compatible_uncensored_replicate,SSCP-5eb510bbf21a1afd
PAMPA:6472,GRP-2034eda3cada94bc,2021_Kelly,2021,1.0,False,included,compatible_uncensored_replicate,SSCP-2034eda3cada94bc
PAMPA:6473,GRP-a402257e26a984b2,2021_Kelly,2021,1.0,False,included,compatible_uncensored_replicate,SSCP-a402257e26a984b2
PAMPA:6474,GRP-2fd04bb8c974b578,2021_Kelly,2021,1.0,False,included,compatible_uncensored_replicate,SSCP-2fd04bb8c974b578
PAMPA:6475,GRP-875bf9028de981db,2021_Kelly,2021,1.0,False,included,compatible_uncensored_replicate,SSCP-875bf9028de981db
PAMPA:6476,GRP-0da0d6ed08954145,2021_Kelly,2021,1.0,False,included,compatible_uncensored_replicate,SSCP-0da0d6ed08954145
PAMPA:6477,GRP-cbd0e608f795938d,2021_Kelly,2021,1.0,False,included,compatible_uncensored_replicate,SSCP-cbd0e608f795938d
PAMPA:6478,GRP-a74aa15f24353194,2021_Kelly,2021,1.0,False,included,compatible_uncensored_replicate,SSCP-a74aa15f24353194
PAMPA:6479,GRP-5852b8c64a81dd17,2021_Kelly,2021,1.0,False,included,compatible_uncensored_replicate,SSCP-5852b8c64a81dd17
PAMPA:6480,GRP-916a79be4eece91e,2021_Kelly,2021,1.0,False,included,compatible_uncensored_replicate,SSCP-916a79be4eece91e
PAMPA:6481,GRP-aac12d63cdce4b5a,2021_Kelly,2021,1.0,False,included,compatible_uncensored_replicate,SSCP-aac12d63cdce4b5a
PAMPA:6482,GRP-75652c6d974acb81,2021_Kelly,2021,1.0,False,included,compatible_uncensored_replicate,SSCP-75652c6d974acb81
PAMPA:6483,GRP-cf22f24cb1f7b215,2021_Kelly,2021,1.0,False,included,compatible_uncensored_replicate,SSCP-cf22f24cb1f7b215
PAMPA:6484,GRP-f6ae95b2e3de1a51,2021_Kelly,2021,1.0,False,included,compatible_uncensored_replicate,SSCP-f6ae95b2e3de1a51
PAMPA:6485,GRP-f2368591d515daa5,2021_Kelly,2021,1.0,False,included,compatible_uncensored_replicate,SSCP-f2368591d515daa5
PAMPA:6486,GRP-9962f33e0a3885a8,2021_Kelly,2021,1.0,False,included,compatible_uncensored_replicate,SSCP-9962f33e0a3885a8
PAMPA:6487,GRP-c0e3ec639a19a4ce,2021_Kelly,2021,1.0,False,included,compatible_uncensored_replicate,SSCP-c0e3ec639a19a4ce
PAMPA:6488,GRP-807c1e79c64c7c19,2021_Kelly,2021,1.0,False,included,compatible_uncensored_replicate,SSCP-807c1e79c64c7c19
PAMPA:6489,GRP-930570adc4dce2b8,2021_Kelly,2021,1.0,False,included,compatible_uncensored_replicate,SSCP-930570adc4dce2b8
PAMPA:6490,GRP-a5c8b018c7c7d645,2021_Kelly,2021,1.0,False,included,compatible_uncensored_replicate,SSCP-a5c8b018c7c7d645
PAMPA:6491,GRP-e9e080659413a6a2,2021_Kelly,2021,1.0,False,included,compatible_uncensored_replicate,SSCP-e9e080659413a6a2
PAMPA:6492,GRP-5445c671acaf49c9,2021_Kelly,2021,1.0,False,included,compatible_uncensored_replicate,SSCP-5445c671acaf49c9
PAMPA:6493,GRP-a0d3485195f18992,2021_Kelly,2021,1.0,False,included,compatible_uncensored_replicate,SSCP-a0d3485195f18992
PAMPA:6494,GRP-88fd64d6f5906be1,2021_Kelly,2021,1.0,False,included,compatible_uncensored_replicate,SSCP-88fd64d6f5906be1
PAMPA:6495,GRP-e89dd4b4b5c39dd3,2021_Kelly,2021,1.0,False,included,compatible_uncensored_replicate,SSCP-e89dd4b4b5c39dd3
PAMPA:6496,GRP-b08e1b9bf40958bc,2021_Kelly,2021,1.0,False,included,compatible_uncensored_replicate,SSCP-b08e1b9bf40958bc
PAMPA:6497,GRP-b93f61e9b665fc92,2021_Kelly,2021,1.0,False,included,compatible_uncensored_replicate,SSCP-b93f61e9b665fc92
PAMPA:6498,GRP-dd9c2bfda3dd8659,2021_Kelly,2021,1.0,False,included,compatible_uncensored_replicate,SSCP-dd9c2bfda3dd8659
PAMPA:6499,GRP-19b02c5ec767c4ec,2021_Kelly,2021,1.0,False,included,compatible_uncensored_replicate,SSCP-19b02c5ec767c4ec
PAMPA:6500,GRP-7f528ab0500a5d58,2021_Kelly,2021,1.0,False,included,compatible_uncensored_replicate,SSCP-7f528ab0500a5d58
PAMPA:6501,GRP-695d57c8b3247548,2021_Kelly,2021,1.0,False,included,compatible_uncensored_replicate,SSCP-695d57c8b3247548
PAMPA:6502,GRP-a215d7f8e2cd5949,2021_Kelly,2021,1.0,False,included,compatible_uncensored_replicate,SSCP-a215d7f8e2cd5949
PAMPA:6503,GRP-81d8441dee7b2a1e,2021_Kelly,2021,1.0,False,included,compatible_uncensored_replicate,SSCP-81d8441dee7b2a1e
PAMPA:6504,GRP-4d8dad95bd9eabc9,2021_Kelly,2021,1.0,False,included,compatible_uncensored_replicate,SSCP-4d8dad95bd9eabc9
PAMPA:6505,GRP-f088706290a7fcb5,2021_Kelly,2021,1.0,False,included,compatible_uncensored_replicate,SSCP-f088706290a7fcb5
PAMPA:6506,GRP-001eb19defd3cb75,2021_Kelly,2021,1.0,False,included,compatible_uncensored_replicate,SSCP-001eb19defd3cb75
PAMPA:6507,GRP-50160d2ae305b2fa,2021_Kelly,2021,1.0,False,included,compatible_uncensored_replicate,SSCP-50160d2ae305b2fa
PAMPA:6508,GRP-e0146caefaa58336,2021_Kelly,2021,1.0,False,included,compatible_uncensored_replicate,SSCP-e0146caefaa58336
PAMPA:6509,GRP-d29a57755537188f,2021_Kelly,2021,1.0,False,included,compatible_uncensored_replicate,SSCP-d29a57755537188f
PAMPA:6510,GRP-a31f37d7a6fb772d,2021_Kelly,2021,1.0,False,included,compatible_uncensored_replicate,SSCP-a31f37d7a6fb772d
PAMPA:6511,GRP-f1a8f167df683d5d,2021_Kelly,2021,1.0,False,included,compatible_uncensored_replicate,SSCP-f1a8f167df683d5d
PAMPA:6512,GRP-91635f53ae23c219,2021_Kelly,2021,1.0,False,included,compatible_uncensored_replicate,SSCP-91635f53ae23c219
PAMPA:6513,GRP-a03ed164246c321f,2021_Kelly,2021,1.0,False,included,compatible_uncensored_replicate,SSCP-a03ed164246c321f
PAMPA:6514,GRP-f756603d1849722a,2021_Kelly,2021,1.0,False,included,compatible_uncensored_replicate,SSCP-f756603d1849722a
PAMPA:6515,GRP-27a30cff7573feae,2021_Kelly,2021,1.0,False,included,compatible_uncensored_replicate,SSCP-27a30cff7573feae
PAMPA:6516,GRP-9baaedecc6eff776,2021_Kelly,2021,1.0,False,included,compatible_uncensored_replicate,SSCP-9baaedecc6eff776
PAMPA:6517,GRP-cbc75b0909390d7b,2021_Kelly,2021,1.0,False,included,compatible_uncensored_replicate,SSCP-cbc75b0909390d7b
PAMPA:6518,GRP-5db98c24454c6e59,2021_Kelly,2021,1.0,False,included,compatible_uncensored_replicate,SSCP-5db98c24454c6e59
PAMPA:6519,GRP-d799a1300cda1d47,2021_Kelly,2021,1.0,False,included,compatible_uncensored_replicate,SSCP-d799a1300cda1d47
PAMPA:6520,GRP-f3ce1940be5e15ae,2021_Kelly,2021,1.0,False,included,compatible_uncensored_replicate,SSCP-f3ce1940be5e15ae
PAMPA:6521,GRP-576def1035d3cb60,2021_Kelly,2021,1.0,False,included,compatible_uncensored_replicate,SSCP-576def1035d3cb60
PAMPA:6522,GRP-f3dccb37ad832c40,2021_Kelly,2021,1.0,False,included,compatible_uncensored_replicate,SSCP-f3dccb37ad832c40
PAMPA:6523,GRP-76f626950fe8ba7a,2021_Kelly,2021,1.0,False,included,compatible_uncensored_replicate,SSCP-76f626950fe8ba7a
PAMPA:6524,GRP-6ad339dadbf4c4ce,2021_Kelly,2021,1.0,False,included,compatible_uncensored_replicate,SSCP-6ad339dadbf4c4ce
PAMPA:6525,GRP-9b4bd5d91a3bd4d7,2021_Kelly,2021,1.0,False,included,compatible_uncensored_replicate,SSCP-9b4bd5d91a3bd4d7
PAMPA:6526,GRP-5cded527a88e6a79,2021_Kelly,2021,1.0,False,included,compatible_uncensored_replicate,SSCP-5cded527a88e6a79
PAMPA:6527,GRP-7584a619a771b6f0,2021_Kelly,2021,1.0,False,included,compatible_uncensored_replicate,SSCP-7584a619a771b6f0
PAMPA:6528,GRP-ff4c44f55c26c6cf,2021_Kelly,2021,1.0,False,included,compatible_uncensored_replicate,SSCP-ff4c44f55c26c6cf
PAMPA:6529,GRP-602c6a5b08db886a,2021_Kelly,2021,1.0,False,included,compatible_uncensored_replicate,SSCP-602c6a5b08db886a
PAMPA:6530,GRP-466c3b2c9126e5e8,2021_Kelly,2021,1.0,False,included,compatible_uncensored_replicate,SSCP-466c3b2c9126e5e8
PAMPA:6531,GRP-a34614376f11b3af,2021_Kelly,2021,1.0,False,included,compatible_uncensored_replicate,SSCP-a34614376f11b3af
PAMPA:6532,GRP-a921db907dc794a6,2021_Kelly,2021,1.0,False,included,compatible_uncensored_replicate,SSCP-a921db907dc794a6
PAMPA:6533,GRP-f412378034d56af3,2021_Kelly,2021,1.0,False,included,compatible_uncensored_replicate,SSCP-f412378034d56af3
PAMPA:6534,GRP-8610a1f62738ac35,2021_Kelly,2021,1.0,False,included,compatible_uncensored_replicate,SSCP-8610a1f62738ac35
PAMPA:6535,GRP-cd22928454ee1f75,2021_Kelly,2021,1.0,False,included,compatible_uncensored_replicate,SSCP-cd22928454ee1f75
PAMPA:6536,GRP-fefbd02b3c0f26ae,2021_Kelly,2021,1.0,False,included,compatible_uncensored_replicate,SSCP-fefbd02b3c0f26ae
PAMPA:6537,GRP-16053eae3d3270bc,2021_Kelly,2021,1.0,False,included,compatible_uncensored_replicate,SSCP-16053eae3d3270bc
PAMPA:6538,GRP-f6ceb0f9da6734d9,2021_Kelly,2021,1.0,False,included,compatible_uncensored_replicate,SSCP-f6ceb0f9da6734d9
PAMPA:6539,GRP-015b1f05ff4e8ab3,2021_Kelly,2021,1.0,False,included,compatible_uncensored_replicate,SSCP-015b1f05ff4e8ab3
PAMPA:6540,GRP-119d2a21cd798744,2021_Kelly,2021,1.0,False,included,compatible_uncensored_replicate,SSCP-119d2a21cd798744
PAMPA:6541,GRP-9159e4e4de54abf6,2021_Kelly,2021,1.0,False,included,compatible_uncensored_replicate,SSCP-9159e4e4de54abf6
PAMPA:6542,GRP-dff35e0820941fe0,2021_Kelly,2021,1.0,False,included,compatible_uncensored_replicate,SSCP-dff35e0820941fe0
PAMPA:6543,GRP-bbe1d47fe991d9c6,2021_Kelly,2021,1.0,False,included,compatible_uncensored_replicate,SSCP-bbe1d47fe991d9c6
PAMPA:6544,GRP-ceb48834e9fc07e0,2021_Kelly,2021,1.0,False,included,compatible_uncensored_replicate,SSCP-ceb48834e9fc07e0
PAMPA:6545,GRP-d39bc6aff636f388,2021_Kelly,2021,1.0,False,included,compatible_uncensored_replicate,SSCP-d39bc6aff636f388
PAMPA:6546,GRP-7dfb1d6e2ebbcd24,2021_Kelly,2021,1.0,False,included,compatible_uncensored_replicate,SSCP-7dfb1d6e2ebbcd24
PAMPA:6547,GRP-f7f08fbadc07e0c9,2021_Kelly,2021,1.0,False,included,compatible_uncensored_replicate,SSCP-f7f08fbadc07e0c9
PAMPA:6548,GRP-96a68395b9785feb,2021_Kelly,2021,1.0,False,included,compatible_uncensored_replicate,SSCP-96a68395b9785feb
PAMPA:6549,GRP-efbc9110e8d1de20,2021_Kelly,2021,1.0,False,included,compatible_uncensored_replicate,SSCP-efbc9110e8d1de20
PAMPA:6550,GRP-6960dec695da5cd2,2021_Kelly,2021,1.0,False,included,compatible_uncensored_replicate,SSCP-6960dec695da5cd2
PAMPA:6551,GRP-3b32122825bada60,2021_Kelly,2021,1.0,False,included,compatible_uncensored_replicate,SSCP-3b32122825bada60
PAMPA:6552,GRP-ce0fe6d75684b152,2021_Kelly,2021,1.0,False,included,compatible_uncensored_replicate,SSCP-ce0fe6d75684b152
PAMPA:6553,GRP-640159165ebd253a,2021_Kelly,2021,1.0,False,included,compatible_uncensored_replicate,SSCP-640159165ebd253a
PAMPA:6554,GRP-e1fabd09d652585c,2021_Kelly,2021,1.0,False,included,compatible_uncensored_replicate,SSCP-e1fabd09d652585c
PAMPA:6555,GRP-e07ddad74fe9f1f6,2021_Kelly,2021,1.0,False,included,compatible_uncensored_replicate,SSCP-e07ddad74fe9f1f6
PAMPA:6556,GRP-49ba18261155dc82,2021_Kelly,2021,1.0,False,included,compatible_uncensored_replicate,SSCP-49ba18261155dc82
PAMPA:6557,GRP-3d49673adbbe3baa,2021_Kelly,2021,1.0,False,included,compatible_uncensored_replicate,SSCP-3d49673adbbe3baa
PAMPA:6558,GRP-cf5e24a9fcb294a9,2021_Kelly,2021,1.0,False,included,compatible_uncensored_replicate,SSCP-cf5e24a9fcb294a9
PAMPA:6559,GRP-97a474aab53cdd82,2021_Kelly,2021,1.0,False,included,compatible_uncensored_replicate,SSCP-97a474aab53cdd82
PAMPA:6560,GRP-036aa002f8325dfe,2021_Kelly,2021,1.0,False,included,compatible_uncensored_replicate,SSCP-036aa002f8325dfe
PAMPA:6561,GRP-624158c77cff20d0,2021_Kelly,2021,1.0,False,included,compatible_uncensored_replicate,SSCP-624158c77cff20d0
PAMPA:6562,GRP-28ca51d25f5fe684,2021_Kelly,2021,1.0,False,included,compatible_uncensored_replicate,SSCP-28ca51d25f5fe684
PAMPA:6563,GRP-5f2b61ef60e2058d,2021_Kelly,2021,1.0,False,included,compatible_uncensored_replicate,SSCP-5f2b61ef60e2058d
PAMPA:6564,GRP-28444463d17eaff5,2021_Kelly,2021,1.0,False,included,compatible_uncensored_replicate,SSCP-28444463d17eaff5
PAMPA:6565,GRP-151b874a1aee8fa0,2021_Kelly,2021,1.0,False,included,compatible_uncensored_replicate,SSCP-151b874a1aee8fa0
PAMPA:6566,GRP-54a04a2a95a79598,2021_Kelly,2021,1.0,False,included,compatible_uncensored_replicate,SSCP-54a04a2a95a79598
PAMPA:6567,GRP-5ae41fe25937c803,2021_Kelly,2021,1.0,False,included,compatible_uncensored_replicate,SSCP-5ae41fe25937c803
PAMPA:6568,GRP-65fab0878e2604a5,2021_Kelly,2021,1.0,False,included,compatible_uncensored_replicate,SSCP-65fab0878e2604a5
PAMPA:6569,GRP-fbf921e344618544,2021_Kelly,2021,1.0,False,included,compatible_uncensored_replicate,SSCP-fbf921e344618544
PAMPA:6570,GRP-9f26f70f48af1d44,2021_Kelly,2021,1.0,False,included,compatible_uncensored_replicate,SSCP-9f26f70f48af1d44
PAMPA:6571,GRP-8390c3fd94597ef4,2021_Kelly,2021,1.0,False,included,compatible_uncensored_replicate,SSCP-8390c3fd94597ef4
PAMPA:6572,GRP-ace9c01c702461cf,2021_Kelly,2021,1.0,False,included,compatible_uncensored_replicate,SSCP-ace9c01c702461cf
PAMPA:6573,GRP-fe153cca556625b4,2021_Kelly,2021,1.0,False,included,compatible_uncensored_replicate,SSCP-fe153cca556625b4
PAMPA:6574,GRP-934636ff748875b7,2021_Kelly,2021,1.0,False,included,compatible_uncensored_replicate,SSCP-934636ff748875b7
PAMPA:6575,GRP-2ecaac79e4d3caeb,2021_Kelly,2021,1.0,False,included,compatible_uncensored_replicate,SSCP-2ecaac79e4d3caeb
PAMPA:6576,GRP-9538ae499f2b56cb,2021_Kelly,2021,1.0,False,included,compatible_uncensored_replicate,SSCP-9538ae499f2b56cb
PAMPA:6577,GRP-ba451153524c13aa,2021_Kelly,2021,1.0,False,included,compatible_uncensored_replicate,SSCP-ba451153524c13aa
PAMPA:6578,GRP-c5258582c5c2ff09,2021_Kelly,2021,1.0,False,included,compatible_uncensored_replicate,SSCP-c5258582c5c2ff09
PAMPA:6579,GRP-03c5f24816fe8fc6,2021_Kelly,2021,1.0,False,included,compatible_uncensored_replicate,SSCP-03c5f24816fe8fc6
PAMPA:6580,GRP-e16f4425bb3c2a7c,2021_Kelly,2021,1.0,False,included,compatible_uncensored_replicate,SSCP-e16f4425bb3c2a7c
PAMPA:6581,GRP-0f15fa99b8cd38f7,2021_Kelly,2021,1.0,False,included,compatible_uncensored_replicate,SSCP-0f15fa99b8cd38f7
PAMPA:6582,GRP-f6c149144ca3a461,2021_Kelly,2021,1.0,False,included,compatible_uncensored_replicate,SSCP-f6c149144ca3a461
PAMPA:6583,GRP-721d5db85c053e48,2021_Kelly,2021,1.0,False,included,compatible_uncensored_replicate,SSCP-721d5db85c053e48
PAMPA:6584,GRP-daaed742697fd2c2,2021_Kelly,2021,1.0,False,included,compatible_uncensored_replicate,SSCP-daaed742697fd2c2
PAMPA:6585,GRP-b901dc2f263243cd,2021_Kelly,2021,1.0,False,included,compatible_uncensored_replicate,SSCP-b901dc2f263243cd
PAMPA:6586,GRP-e2024ebfc52d8425,2021_Kelly,2021,1.0,False,included,compatible_uncensored_replicate,SSCP-e2024ebfc52d8425
PAMPA:6587,GRP-c80cf1720044d4a9,2021_Kelly,2021,1.0,False,included,compatible_uncensored_replicate,SSCP-c80cf1720044d4a9
PAMPA:6588,GRP-78873283d303fc73,2021_Kelly,2021,1.0,False,included,compatible_uncensored_replicate,SSCP-78873283d303fc73
PAMPA:6589,GRP-86b2ec975326a421,2021_Kelly,2021,1.0,False,included,compatible_uncensored_replicate,SSCP-86b2ec975326a421
PAMPA:6590,GRP-0628fb7999339112,2021_Kelly,2021,1.0,False,included,compatible_uncensored_replicate,SSCP-0628fb7999339112
PAMPA:6591,GRP-59fdc190f26c95f0,2021_Kelly,2021,1.0,False,included,compatible_uncensored_replicate,SSCP-59fdc190f26c95f0
PAMPA:6592,GRP-4f807c108abdc2fb,2021_Kelly,2021,1.0,False,included,compatible_uncensored_replicate,SSCP-4f807c108abdc2fb
PAMPA:6593,GRP-8577662420b128a4,2021_Kelly,2021,1.0,False,included,compatible_uncensored_replicate,SSCP-8577662420b128a4
PAMPA:6594,GRP-78ef7b0cb7eb3327,2021_Kelly,2021,1.0,False,included,compatible_uncensored_replicate,SSCP-78ef7b0cb7eb3327
PAMPA:6595,GRP-63879d642b80250b,2021_Kelly,2021,1.0,False,included,compatible_uncensored_replicate,SSCP-63879d642b80250b
PAMPA:6596,GRP-e6ed29fd6d432c68,2021_Kelly,2021,1.0,False,included,compatible_uncensored_replicate,SSCP-e6ed29fd6d432c68
PAMPA:6597,GRP-df51e7d2b9f060c7,2021_Kelly,2021,1.0,False,included,compatible_uncensored_replicate,SSCP-df51e7d2b9f060c7
PAMPA:6598,GRP-5bb4dd6287acb6e2,2021_Kelly,2021,1.0,False,included,compatible_uncensored_replicate,SSCP-5bb4dd6287acb6e2
PAMPA:6599,GRP-62b53ad997e7c75c,2021_Kelly,2021,1.0,False,included,compatible_uncensored_replicate,SSCP-62b53ad997e7c75c
PAMPA:6600,GRP-f42b399bf94b0ab8,2021_Kelly,2021,1.0,False,included,compatible_uncensored_replicate,SSCP-f42b399bf94b0ab8
PAMPA:6601,GRP-4d3de5b6b9d8b60a,2021_Kelly,2021,1.0,False,included,compatible_uncensored_replicate,SSCP-4d3de5b6b9d8b60a
PAMPA:6602,GRP-dc3eaef74a2b00d2,2021_Kelly,2021,1.0,False,included,compatible_uncensored_replicate,SSCP-dc3eaef74a2b00d2
PAMPA:6603,GRP-30d20286fb861f3d,2021_Kelly,2021,1.0,False,included,compatible_uncensored_replicate,SSCP-30d20286fb861f3d
PAMPA:6604,GRP-3e65dd3aba3cae66,2021_Kelly,2021,1.0,False,included,compatible_uncensored_replicate,SSCP-3e65dd3aba3cae66
PAMPA:6605,GRP-8f34f661db207cd7,2021_Kelly,2021,1.0,False,included,compatible_uncensored_replicate,SSCP-8f34f661db207cd7
PAMPA:6606,GRP-5ef7ab5e663bdfac,2021_Kelly,2021,1.0,False,included,compatible_uncensored_replicate,SSCP-5ef7ab5e663bdfac
PAMPA:6607,GRP-f2f04451daccbd4d,2021_Kelly,2021,1.0,False,included,compatible_uncensored_replicate,SSCP-f2f04451daccbd4d
PAMPA:6608,GRP-b2e0218fe9139d7f,2021_Kelly,2021,1.0,False,included,compatible_uncensored_replicate,SSCP-b2e0218fe9139d7f
PAMPA:6609,GRP-d2987fbd7a9f67f8,2021_Kelly,2021,1.0,False,included,compatible_uncensored_replicate,SSCP-d2987fbd7a9f67f8
PAMPA:6610,GRP-69c251e07b0001dc,2021_Kelly,2021,1.0,False,included,compatible_uncensored_replicate,SSCP-69c251e07b0001dc
PAMPA:6611,GRP-a825c5de47867670,2021_Kelly,2021,1.0,False,included,compatible_uncensored_replicate,SSCP-a825c5de47867670
PAMPA:6612,GRP-d9ebcf6ac9c1499f,2021_Kelly,2021,1.0,False,included,compatible_uncensored_replicate,SSCP-d9ebcf6ac9c1499f
PAMPA:6613,GRP-d46935afbc6dbb6a,2021_Kelly,2021,1.0,False,included,compatible_uncensored_replicate,SSCP-d46935afbc6dbb6a
PAMPA:6614,GRP-6eb094137af49065,2021_Kelly,2021,1.0,False,included,compatible_uncensored_replicate,SSCP-6eb094137af49065
PAMPA:6615,GRP-71be7e58fc31d370,2021_Kelly,2021,1.0,False,included,compatible_uncensored_replicate,SSCP-71be7e58fc31d370
PAMPA:6616,GRP-71f9827faa8589b6,2021_Kelly,2021,1.0,False,included,compatible_uncensored_replicate,SSCP-71f9827faa8589b6
PAMPA:6617,GRP-79aa23958c9cb494,2021_Kelly,2021,1.0,False,included,compatible_uncensored_replicate,SSCP-79aa23958c9cb494
PAMPA:6618,GRP-3b6ac516d0eccd8a,2021_Kelly,2021,1.0,False,included,compatible_uncensored_replicate,SSCP-3b6ac516d0eccd8a
PAMPA:6619,GRP-1e0c430215c3e7a9,2021_Kelly,2021,1.0,False,included,compatible_uncensored_replicate,SSCP-1e0c430215c3e7a9
PAMPA:6620,GRP-79bd9b0dae595816,2021_Kelly,2021,1.0,False,included,compatible_uncensored_replicate,SSCP-79bd9b0dae595816
PAMPA:6621,GRP-d5dda128d91bcbc0,2021_Kelly,2021,1.0,False,included,compatible_uncensored_replicate,SSCP-d5dda128d91bcbc0
PAMPA:6622,GRP-82332675051df493,2021_Kelly,2021,1.0,False,included,compatible_uncensored_replicate,SSCP-82332675051df493
PAMPA:6623,GRP-ccb074e8350e8caf,2021_Kelly,2021,1.0,False,included,compatible_uncensored_replicate,SSCP-ccb074e8350e8caf
PAMPA:6624,GRP-819d575d4a95d972,2021_Kelly,2021,1.0,False,included,compatible_uncensored_replicate,SSCP-819d575d4a95d972
PAMPA:6625,GRP-6def5e01c02d799d,2021_Kelly,2021,1.0,False,included,compatible_uncensored_replicate,SSCP-6def5e01c02d799d
PAMPA:6626,GRP-badb7afa282f9630,2021_Kelly,2021,1.0,False,included,compatible_uncensored_replicate,SSCP-badb7afa282f9630
PAMPA:6627,GRP-b236dfb00004999a,2021_Kelly,2021,1.0,False,included,compatible_uncensored_replicate,SSCP-b236dfb00004999a
PAMPA:6628,GRP-34454abe4c8fcba7,2021_Kelly,2021,1.0,False,included,compatible_uncensored_replicate,SSCP-34454abe4c8fcba7
PAMPA:6629,GRP-8ac2e248c0c791f6,2021_Kelly,2021,1.0,False,included,compatible_uncensored_replicate,SSCP-8ac2e248c0c791f6
PAMPA:6630,GRP-80b86a3834c224be,2021_Kelly,2021,1.0,False,included,compatible_uncensored_replicate,SSCP-80b86a3834c224be
PAMPA:6631,GRP-4a3acdbbaf8c897e,2021_Kelly,2021,1.0,False,included,compatible_uncensored_replicate,SSCP-4a3acdbbaf8c897e
PAMPA:6632,GRP-a0486de9972074a8,2021_Kelly,2021,1.0,False,included,compatible_uncensored_replicate,SSCP-a0486de9972074a8
PAMPA:6633,GRP-14f47dcae619855b,2021_Kelly,2021,1.0,False,included,compatible_uncensored_replicate,SSCP-14f47dcae619855b
PAMPA:6634,GRP-873e958ebef36419,2021_Kelly,2021,1.0,False,included,compatible_uncensored_replicate,SSCP-873e958ebef36419
PAMPA:6635,GRP-8bc04c8569d92b3d,2021_Kelly,2021,1.0,False,included,compatible_uncensored_replicate,SSCP-8bc04c8569d92b3d
PAMPA:6636,GRP-015f5df84155b691,2021_Kelly,2021,1.0,False,included,compatible_uncensored_replicate,SSCP-015f5df84155b691
PAMPA:6637,GRP-035adacad34cdf6c,2021_Kelly,2021,1.0,False,included,compatible_uncensored_replicate,SSCP-035adacad34cdf6c
PAMPA:6638,GRP-f6b90ef5c321e4a2,2021_Kelly,2021,1.0,False,included,compatible_uncensored_replicate,SSCP-f6b90ef5c321e4a2
PAMPA:6639,GRP-9edddbb95d1d3ab1,2021_Kelly,2021,1.0,False,included,compatible_uncensored_replicate,SSCP-9edddbb95d1d3ab1
PAMPA:6640,GRP-3477c01cae02de88,2021_Kelly,2021,1.0,False,included,compatible_uncensored_replicate,SSCP-3477c01cae02de88
PAMPA:6641,GRP-d59d53987b840290,2021_Kelly,2021,1.0,False,included,compatible_uncensored_replicate,SSCP-d59d53987b840290
PAMPA:6642,GRP-75142159959d5cb9,2021_Kelly,2021,1.0,False,included,compatible_uncensored_replicate,SSCP-75142159959d5cb9
PAMPA:6643,GRP-8fcb8f79c721b2d0,2021_Kelly,2021,1.0,False,included,compatible_uncensored_replicate,SSCP-8fcb8f79c721b2d0
PAMPA:6644,GRP-0c63808ee37be37c,2021_Kelly,2021,1.0,False,included,compatible_uncensored_replicate,SSCP-0c63808ee37be37c
PAMPA:6645,GRP-dd8f6af0e1a4bea7,2021_Kelly,2021,1.0,False,included,compatible_uncensored_replicate,SSCP-dd8f6af0e1a4bea7
PAMPA:6646,GRP-ac9796d8129467f5,2021_Kelly,2021,1.0,False,included,compatible_uncensored_replicate,SSCP-ac9796d8129467f5
PAMPA:6647,GRP-450da5cd272fa851,2021_Kelly,2021,1.0,False,included,compatible_uncensored_replicate,SSCP-450da5cd272fa851
PAMPA:6648,GRP-e5b676072c428b5a,2021_Kelly,2021,1.0,False,included,compatible_uncensored_replicate,SSCP-e5b676072c428b5a
PAMPA:6649,GRP-2da54775339edd8e,2021_Kelly,2021,1.0,False,included,compatible_uncensored_replicate,SSCP-2da54775339edd8e
PAMPA:6650,GRP-f83c854f1663efd3,2021_Kelly,2021,1.0,False,included,compatible_uncensored_replicate,SSCP-f83c854f1663efd3
PAMPA:6651,GRP-030b725ccb616ba3,2021_Kelly,2021,1.0,False,included,compatible_uncensored_replicate,SSCP-030b725ccb616ba3
PAMPA:6652,GRP-8cec2832d002f84c,2021_Kelly,2021,1.0,False,included,compatible_uncensored_replicate,SSCP-8cec2832d002f84c
PAMPA:6653,GRP-2777afc6f8a75d09,2021_Kelly,2021,1.0,False,included,compatible_uncensored_replicate,SSCP-2777afc6f8a75d09
PAMPA:6654,GRP-153dd6c1eb50dcbb,2021_Kelly,2021,1.0,False,included,compatible_uncensored_replicate,SSCP-153dd6c1eb50dcbb
PAMPA:6655,GRP-418bed398b4292c7,2021_Kelly,2021,1.0,False,included,compatible_uncensored_replicate,SSCP-418bed398b4292c7
PAMPA:6656,GRP-7da3beaf7e43fc43,2021_Kelly,2021,1.0,False,included,compatible_uncensored_replicate,SSCP-7da3beaf7e43fc43
PAMPA:6657,GRP-a39de95188bcd01e,2021_Kelly,2021,1.0,False,included,compatible_uncensored_replicate,SSCP-a39de95188bcd01e
PAMPA:6658,GRP-b6f7761e412aa9f6,2021_Kelly,2021,1.0,False,included,compatible_uncensored_replicate,SSCP-b6f7761e412aa9f6
PAMPA:6659,GRP-1a2907a48a1ad9ef,2021_Kelly,2021,1.0,False,included,compatible_uncensored_replicate,SSCP-1a2907a48a1ad9ef
PAMPA:6660,GRP-dcb096137c7c8840,2021_Kelly,2021,1.0,False,included,compatible_uncensored_replicate,SSCP-dcb096137c7c8840
PAMPA:6661,GRP-0c2f3688d54a0bec,2021_Kelly,2021,1.0,False,included,compatible_uncensored_replicate,SSCP-0c2f3688d54a0bec
PAMPA:6662,GRP-d0feb6dff4b27fe7,2021_Kelly,2021,1.0,False,included,compatible_uncensored_replicate,SSCP-d0feb6dff4b27fe7
PAMPA:6663,GRP-113ca45ab879532f,2021_Kelly,2021,1.0,False,included,compatible_uncensored_replicate,SSCP-113ca45ab879532f
PAMPA:6664,GRP-abbc6e9cac05ee35,2021_Kelly,2021,1.0,False,included,compatible_uncensored_replicate,SSCP-abbc6e9cac05ee35
PAMPA:6665,GRP-09dc274bf40dcb14,2021_Kelly,2021,1.0,False,included,compatible_uncensored_replicate,SSCP-09dc274bf40dcb14
PAMPA:6666,GRP-2b8d3b40c0e77d02,2021_Kelly,2021,1.0,False,included,compatible_uncensored_replicate,SSCP-2b8d3b40c0e77d02
PAMPA:6667,GRP-ca4dfad63659a55f,2021_Kelly,2021,1.0,False,included,compatible_uncensored_replicate,SSCP-ca4dfad63659a55f
PAMPA:6668,GRP-483069868617c329,2021_Kelly,2021,1.0,False,included,compatible_uncensored_replicate,SSCP-483069868617c329
PAMPA:6669,GRP-ddfa04f1449b6ccf,2021_Kelly,2021,1.0,False,included,compatible_uncensored_replicate,SSCP-ddfa04f1449b6ccf
PAMPA:6670,GRP-7649cbff27500885,2021_Kelly,2021,1.0,False,included,compatible_uncensored_replicate,SSCP-7649cbff27500885
PAMPA:6671,GRP-aefbc07b01f03eee,2021_Kelly,2021,1.0,False,included,compatible_uncensored_replicate,SSCP-aefbc07b01f03eee
PAMPA:6672,GRP-5ac1b0f875737c4c,2021_Kelly,2021,1.0,False,included,compatible_uncensored_replicate,SSCP-5ac1b0f875737c4c
PAMPA:6673,GRP-b4f87b7456659d0b,2021_Kelly,2021,1.0,False,included,compatible_uncensored_replicate,SSCP-b4f87b7456659d0b
PAMPA:6674,GRP-f66b0eaf80f4c847,2021_Kelly,2021,1.0,False,included,compatible_uncensored_replicate,SSCP-f66b0eaf80f4c847
PAMPA:6675,GRP-1bc09a2a55ae07c8,2021_Kelly,2021,1.0,False,included,compatible_uncensored_replicate,SSCP-1bc09a2a55ae07c8
PAMPA:6676,GRP-950ddd0173703359,2021_Kelly,2021,1.0,False,included,compatible_uncensored_replicate,SSCP-950ddd0173703359
PAMPA:6677,GRP-7502462fd7df7ad7,2021_Kelly,2021,1.0,False,included,compatible_uncensored_replicate,SSCP-7502462fd7df7ad7
PAMPA:6678,GRP-f242d66572a8275f,2021_Kelly,2021,1.0,False,included,compatible_uncensored_replicate,SSCP-f242d66572a8275f
PAMPA:6679,GRP-5b24e2649cd1f894,2021_Kelly,2021,1.0,False,included,compatible_uncensored_replicate,SSCP-5b24e2649cd1f894
PAMPA:6680,GRP-d5345030553dfa5e,2021_Kelly,2021,1.0,False,included,compatible_uncensored_replicate,SSCP-d5345030553dfa5e
PAMPA:6681,GRP-84a01e8f48388545,2021_Kelly,2021,1.0,False,included,compatible_uncensored_replicate,SSCP-84a01e8f48388545
PAMPA:6682,GRP-a035401b0b2e90b7,2021_Kelly,2021,1.0,False,included,compatible_uncensored_replicate,SSCP-a035401b0b2e90b7
PAMPA:6683,GRP-dbde31c654fb874f,2021_Kelly,2021,1.0,False,included,compatible_uncensored_replicate,SSCP-dbde31c654fb874f
PAMPA:6684,GRP-6612a9d7f70449f1,2021_Kelly,2021,1.0,False,included,compatible_uncensored_replicate,SSCP-6612a9d7f70449f1
PAMPA:6685,GRP-5d12837d268edcd8,2021_Kelly,2021,1.0,False,included,compatible_uncensored_replicate,SSCP-5d12837d268edcd8
PAMPA:6686,GRP-5c9f6645fc6f0572,2021_Kelly,2021,1.0,False,included,compatible_uncensored_replicate,SSCP-5c9f6645fc6f0572
PAMPA:6687,GRP-9a8d1d5686a38003,2021_Kelly,2021,1.0,False,included,compatible_uncensored_replicate,SSCP-9a8d1d5686a38003
PAMPA:6688,GRP-59636aedd967aff6,2021_Kelly,2021,1.0,False,included,compatible_uncensored_replicate,SSCP-59636aedd967aff6
PAMPA:6689,GRP-2775db0d388e5cef,2021_Kelly,2021,1.0,False,included,compatible_uncensored_replicate,SSCP-2775db0d388e5cef
PAMPA:6690,GRP-49af0eb6665b9f93,2021_Kelly,2021,1.0,False,included,compatible_uncensored_replicate,SSCP-49af0eb6665b9f93
PAMPA:6691,GRP-7063b80f35ef2d8e,2021_Kelly,2021,1.0,False,included,compatible_uncensored_replicate,SSCP-7063b80f35ef2d8e
PAMPA:6692,GRP-1ed321a2cc144e3b,2021_Kelly,2021,1.0,False,included,compatible_uncensored_replicate,SSCP-1ed321a2cc144e3b
PAMPA:6693,GRP-9ae150ba6d8eaaf2,2021_Kelly,2021,1.0,False,included,compatible_uncensored_replicate,SSCP-9ae150ba6d8eaaf2
PAMPA:6694,GRP-db0bef369ab4d68e,2021_Kelly,2021,1.0,False,included,compatible_uncensored_replicate,SSCP-db0bef369ab4d68e
PAMPA:6695,GRP-2392ab05f569e421,2021_Kelly,2021,1.0,False,included,compatible_uncensored_replicate,SSCP-2392ab05f569e421
PAMPA:6696,GRP-0424dedce7979966,2021_Kelly,2021,1.0,False,included,compatible_uncensored_replicate,SSCP-0424dedce7979966
PAMPA:6697,GRP-1f7bc473dfb93234,2021_Kelly,2021,1.0,False,included,compatible_uncensored_replicate,SSCP-1f7bc473dfb93234
PAMPA:6698,GRP-beca98a0145720c3,2021_Kelly,2021,1.0,False,included,compatible_uncensored_replicate,SSCP-beca98a0145720c3
PAMPA:6699,GRP-fa6c69844c1130b7,2021_Kelly,2021,1.0,False,included,compatible_uncensored_replicate,SSCP-fa6c69844c1130b7
PAMPA:6700,GRP-86596ef6e8cce561,2021_Kelly,2021,1.0,False,included,compatible_uncensored_replicate,SSCP-86596ef6e8cce561
PAMPA:6701,GRP-17b79b3b51bd2652,2021_Kelly,2021,1.0,False,included,compatible_uncensored_replicate,SSCP-17b79b3b51bd2652
PAMPA:6702,GRP-f3609eb2698f0c4a,2021_Kelly,2021,1.0,False,included,compatible_uncensored_replicate,SSCP-f3609eb2698f0c4a
PAMPA:6703,GRP-071478fb8bb48228,2021_Kelly,2021,1.0,False,included,compatible_uncensored_replicate,SSCP-071478fb8bb48228
PAMPA:6704,GRP-c7fecbfa91ab919c,2021_Kelly,2021,1.0,False,included,compatible_uncensored_replicate,SSCP-c7fecbfa91ab919c
PAMPA:6705,GRP-926b6a0d28b118da,2021_Kelly,2021,1.0,False,included,compatible_uncensored_replicate,SSCP-926b6a0d28b118da
PAMPA:6706,GRP-5f2b5e8ed0901729,2021_Kelly,2021,1.0,False,included,compatible_uncensored_replicate,SSCP-5f2b5e8ed0901729
PAMPA:6707,GRP-84636119f1c7252e,2021_Kelly,2021,1.0,False,included,compatible_uncensored_replicate,SSCP-84636119f1c7252e
PAMPA:6708,GRP-6cb274b753c99ea4,2021_Kelly,2021,1.0,False,included,compatible_uncensored_replicate,SSCP-6cb274b753c99ea4
PAMPA:6709,GRP-86429d68117f3b53,2021_Kelly,2021,1.0,False,included,compatible_uncensored_replicate,SSCP-86429d68117f3b53
PAMPA:6710,GRP-ec0a91c108f61e0e,2021_Kelly,2021,1.0,False,included,compatible_uncensored_replicate,SSCP-ec0a91c108f61e0e
PAMPA:6711,GRP-1c4247df2c43a578,2021_Kelly,2021,1.0,False,included,compatible_uncensored_replicate,SSCP-1c4247df2c43a578
PAMPA:6712,GRP-225e2d88806568a7,2021_Kelly,2021,1.0,False,included,compatible_uncensored_replicate,SSCP-225e2d88806568a7
PAMPA:6713,GRP-bf3d4b6ae92eb2ef,2021_Kelly,2021,1.0,False,included,compatible_uncensored_replicate,SSCP-bf3d4b6ae92eb2ef
PAMPA:6714,GRP-1bfc4a808e553642,2021_Kelly,2021,1.0,False,included,compatible_uncensored_replicate,SSCP-1bfc4a808e553642
PAMPA:6715,GRP-e25be8c8dab5d73d,2021_Kelly,2021,1.0,False,included,compatible_uncensored_replicate,SSCP-e25be8c8dab5d73d
PAMPA:6716,GRP-e830a02156c889f1,2021_Kelly,2021,1.0,False,included,compatible_uncensored_replicate,SSCP-e830a02156c889f1
PAMPA:6717,GRP-43777e3a01b91718,2021_Kelly,2021,1.0,False,included,compatible_uncensored_replicate,SSCP-43777e3a01b91718
PAMPA:6718,GRP-3aa74178172dce8f,2021_Kelly,2021,1.0,False,included,compatible_uncensored_replicate,SSCP-3aa74178172dce8f
PAMPA:6719,GRP-ec339333cd5dab63,2021_Kelly,2021,1.0,False,included,compatible_uncensored_replicate,SSCP-ec339333cd5dab63
PAMPA:6720,GRP-23072d87eae73f85,2021_Kelly,2021,1.0,False,included,compatible_uncensored_replicate,SSCP-23072d87eae73f85
PAMPA:6721,GRP-3b420bf37bd4f180,2021_Kelly,2021,1.0,False,included,compatible_uncensored_replicate,SSCP-3b420bf37bd4f180
PAMPA:6722,GRP-eae77cfbcfb28ea8,2021_Kelly,2021,1.0,False,included,compatible_uncensored_replicate,SSCP-eae77cfbcfb28ea8
PAMPA:6723,GRP-ee38feb24a5cf2b2,2021_Kelly,2021,1.0,False,included,compatible_uncensored_replicate,SSCP-ee38feb24a5cf2b2
PAMPA:6724,GRP-e251525814586983,2021_Kelly,2021,1.0,False,included,compatible_uncensored_replicate,SSCP-e251525814586983
PAMPA:6725,GRP-638e30e9cc699cf4,2021_Kelly,2021,1.0,False,included,compatible_uncensored_replicate,SSCP-638e30e9cc699cf4
PAMPA:6726,GRP-5f22be2a68d5d005,2021_Kelly,2021,1.0,False,included,compatible_uncensored_replicate,SSCP-5f22be2a68d5d005
PAMPA:6727,GRP-298361b028ef6202,2021_Kelly,2021,1.0,False,included,compatible_uncensored_replicate,SSCP-298361b028ef6202
PAMPA:6728,GRP-6b0b48a7f4c2f854,2021_Kelly,2021,1.0,False,included,compatible_uncensored_replicate,SSCP-6b0b48a7f4c2f854
PAMPA:6729,GRP-eea7f8fc19f009e8,2021_Kelly,2021,1.0,False,included,compatible_uncensored_replicate,SSCP-eea7f8fc19f009e8
PAMPA:6730,GRP-65bf78dc49c8b372,2021_Kelly,2021,1.0,False,included,compatible_uncensored_replicate,SSCP-65bf78dc49c8b372
PAMPA:6731,GRP-a49cdb86269ea734,2021_Kelly,2021,1.0,False,included,compatible_uncensored_replicate,SSCP-a49cdb86269ea734
PAMPA:6732,GRP-17d9605d5958d6a4,2021_Kelly,2021,1.0,False,included,compatible_uncensored_replicate,SSCP-17d9605d5958d6a4
PAMPA:6733,GRP-f0ffcbeb558e1bbf,2021_Kelly,2021,1.0,False,included,compatible_uncensored_replicate,SSCP-f0ffcbeb558e1bbf
PAMPA:6734,GRP-bc68665c426c6e9d,2021_Kelly,2021,1.0,False,included,compatible_uncensored_replicate,SSCP-bc68665c426c6e9d
PAMPA:6735,GRP-2027e32db1a81dbd,2021_Kelly,2021,1.0,False,included,compatible_uncensored_replicate,SSCP-2027e32db1a81dbd
PAMPA:6736,GRP-5e0488bd3912363a,2021_Kelly,2021,1.0,False,included,compatible_uncensored_replicate,SSCP-5e0488bd3912363a
PAMPA:6737,GRP-19138646c5726969,2021_Kelly,2021,1.0,False,included,compatible_uncensored_replicate,SSCP-19138646c5726969
PAMPA:6738,GRP-7c34b9159dbe88c0,2021_Kelly,2021,1.0,False,included,compatible_uncensored_replicate,SSCP-7c34b9159dbe88c0
PAMPA:6739,GRP-d4b201601d1b4a8b,2021_Kelly,2021,1.0,False,included,compatible_uncensored_replicate,SSCP-d4b201601d1b4a8b
PAMPA:6740,GRP-abd56d0f18c81ca4,2021_Kelly,2021,1.0,False,included,compatible_uncensored_replicate,SSCP-abd56d0f18c81ca4
PAMPA:6741,GRP-c00a5b9d2d84fc73,2021_Kelly,2021,1.0,False,included,compatible_uncensored_replicate,SSCP-c00a5b9d2d84fc73
PAMPA:6742,GRP-788b9f97437fc834,2021_Kelly,2021,1.0,False,included,compatible_uncensored_replicate,SSCP-788b9f97437fc834
PAMPA:6743,GRP-4fa3dae6a40f69ef,2021_Kelly,2021,1.0,False,included,compatible_uncensored_replicate,SSCP-4fa3dae6a40f69ef
PAMPA:6744,GRP-a26c77a1250ea29a,2021_Kelly,2021,1.0,False,included,compatible_uncensored_replicate,SSCP-a26c77a1250ea29a
PAMPA:6745,GRP-02a9240ec061d409,2021_Kelly,2021,1.0,False,included,compatible_uncensored_replicate,SSCP-02a9240ec061d409
PAMPA:6746,GRP-b775ce8c37107137,2021_Kelly,2021,1.0,False,included,compatible_uncensored_replicate,SSCP-b775ce8c37107137
PAMPA:6747,GRP-9cdf1e4b1e90c4c3,2021_Kelly,2021,1.0,False,included,compatible_uncensored_replicate,SSCP-9cdf1e4b1e90c4c3
PAMPA:6748,GRP-b79a5cee218b87f7,2021_Kelly,2021,1.0,False,included,compatible_uncensored_replicate,SSCP-b79a5cee218b87f7
PAMPA:6749,GRP-d7f34ae4efa7ee52,2021_Kelly,2021,1.0,False,included,compatible_uncensored_replicate,SSCP-d7f34ae4efa7ee52
PAMPA:6750,GRP-9770bfd0d5b8b00d,2021_Kelly,2021,1.0,False,included,compatible_uncensored_replicate,SSCP-9770bfd0d5b8b00d
PAMPA:6751,GRP-07f2e04b047f2c59,2021_Kelly,2021,1.0,False,included,compatible_uncensored_replicate,SSCP-07f2e04b047f2c59
PAMPA:6752,GRP-177e52dbaa5cc103,2021_Kelly,2021,1.0,False,included,compatible_uncensored_replicate,SSCP-177e52dbaa5cc103
PAMPA:6753,GRP-0ad8119db87492ce,2021_Kelly,2021,1.0,False,included,compatible_uncensored_replicate,SSCP-0ad8119db87492ce
PAMPA:6754,GRP-ce97591f15d08dd4,2021_Kelly,2021,1.0,False,included,compatible_uncensored_replicate,SSCP-ce97591f15d08dd4
PAMPA:6755,GRP-d398c507eba21454,2021_Kelly,2021,1.0,False,included,compatible_uncensored_replicate,SSCP-d398c507eba21454
PAMPA:6756,GRP-daf65a3743debcc6,2021_Kelly,2021,1.0,False,included,compatible_uncensored_replicate,SSCP-daf65a3743debcc6
PAMPA:6757,GRP-a65a339b09f329bb,2021_Kelly,2021,1.0,False,included,compatible_uncensored_replicate,SSCP-a65a339b09f329bb
PAMPA:6758,GRP-575f7641ddac8ffb,2021_Kelly,2021,1.0,False,included,compatible_uncensored_replicate,SSCP-575f7641ddac8ffb
PAMPA:6759,GRP-5f54404742af814b,2021_Kelly,2021,1.0,False,included,compatible_uncensored_replicate,SSCP-5f54404742af814b
PAMPA:6760,GRP-4a3981a8bf2d2ecc,2021_Kelly,2021,1.0,False,included,compatible_uncensored_replicate,SSCP-4a3981a8bf2d2ecc
PAMPA:6761,GRP-02760a211cf57ea1,2021_Kelly,2021,1.0,False,included,compatible_uncensored_replicate,SSCP-02760a211cf57ea1
PAMPA:6762,GRP-9d7861e04d358f03,2021_Kelly,2021,1.0,False,included,compatible_uncensored_replicate,SSCP-9d7861e04d358f03
PAMPA:6763,GRP-320825a626918ec6,2021_Kelly,2021,1.0,False,included,compatible_uncensored_replicate,SSCP-320825a626918ec6
PAMPA:6764,GRP-84f072b5abcd821e,2021_Kelly,2021,1.0,False,included,compatible_uncensored_replicate,SSCP-84f072b5abcd821e
PAMPA:6765,GRP-615878e0f8fc01ef,2021_Kelly,2021,1.0,False,included,compatible_uncensored_replicate,SSCP-615878e0f8fc01ef
PAMPA:6766,GRP-360588c600173902,2021_Kelly,2021,1.0,False,included,compatible_uncensored_replicate,SSCP-360588c600173902
PAMPA:6767,GRP-0f0f6c3ba262e105,2021_Kelly,2021,1.0,False,included,compatible_uncensored_replicate,SSCP-0f0f6c3ba262e105
PAMPA:6768,GRP-a599feacb354f5d3,2021_Kelly,2021,1.0,False,included,compatible_uncensored_replicate,SSCP-a599feacb354f5d3
PAMPA:6769,GRP-1d6694305f323327,2021_Kelly,2021,1.0,False,included,compatible_uncensored_replicate,SSCP-1d6694305f323327
PAMPA:6770,GRP-c5783531b9ff59d3,2021_Kelly,2021,1.0,False,included,compatible_uncensored_replicate,SSCP-c5783531b9ff59d3
PAMPA:6771,GRP-4f5e23cfebb8ec3c,2021_Kelly,2021,1.0,False,included,compatible_uncensored_replicate,SSCP-4f5e23cfebb8ec3c
PAMPA:6772,GRP-758a4277342f6e11,2021_Kelly,2021,1.0,False,included,compatible_uncensored_replicate,SSCP-758a4277342f6e11
PAMPA:6773,GRP-34b316d330e21121,2021_Kelly,2021,1.0,False,included,compatible_uncensored_replicate,SSCP-34b316d330e21121
PAMPA:6774,GRP-8c9513230a2bf4d2,2021_Kelly,2021,1.0,False,included,compatible_uncensored_replicate,SSCP-8c9513230a2bf4d2
PAMPA:6775,GRP-25afc84ef7f4e924,2021_Kelly,2021,1.0,False,included,compatible_uncensored_replicate,SSCP-25afc84ef7f4e924
PAMPA:6776,GRP-df81fd6ba9a84885,2021_Kelly,2021,1.0,False,included,compatible_uncensored_replicate,SSCP-df81fd6ba9a84885
PAMPA:6777,GRP-1ef76e9f2459aa9f,2021_Kelly,2021,1.0,False,included,compatible_uncensored_replicate,SSCP-1ef76e9f2459aa9f
PAMPA:6778,GRP-d503a61a4962f905,2021_Kelly,2021,1.0,False,included,compatible_uncensored_replicate,SSCP-d503a61a4962f905
PAMPA:6779,GRP-276bcc8bd56a32fb,2021_Kelly,2021,1.0,False,included,compatible_uncensored_replicate,SSCP-276bcc8bd56a32fb
PAMPA:6780,GRP-f802ac3cf07918e6,2021_Kelly,2021,1.0,False,included,compatible_uncensored_replicate,SSCP-f802ac3cf07918e6
PAMPA:6781,GRP-e80750a519a3afc1,2021_Kelly,2021,1.0,False,included,compatible_uncensored_replicate,SSCP-e80750a519a3afc1
PAMPA:6782,GRP-79b6f858e52ffcd6,2021_Kelly,2021,1.0,False,included,compatible_uncensored_replicate,SSCP-79b6f858e52ffcd6
PAMPA:6783,GRP-e6fe750ef5c3b612,2021_Kelly,2021,1.0,False,included,compatible_uncensored_replicate,SSCP-e6fe750ef5c3b612
PAMPA:6784,GRP-86eb5e986b2341f2,2021_Kelly,2021,1.0,False,included,compatible_uncensored_replicate,SSCP-86eb5e986b2341f2
PAMPA:6785,GRP-49288a8756f22d8a,2021_Kelly,2021,1.0,False,included,compatible_uncensored_replicate,SSCP-49288a8756f22d8a
PAMPA:6786,GRP-3b407bd5520420d3,2021_Kelly,2021,1.0,False,included,compatible_uncensored_replicate,SSCP-3b407bd5520420d3
PAMPA:6787,GRP-5ddf264ece52d08c,2021_Kelly,2021,1.0,False,included,compatible_uncensored_replicate,SSCP-5ddf264ece52d08c
PAMPA:6788,GRP-62e30df976813aee,2021_Kelly,2021,1.0,False,included,compatible_uncensored_replicate,SSCP-62e30df976813aee
PAMPA:6789,GRP-89c6494771611e46,2021_Kelly,2021,1.0,False,included,compatible_uncensored_replicate,SSCP-89c6494771611e46
PAMPA:6790,GRP-872175e71a22665b,2021_Kelly,2021,1.0,False,included,compatible_uncensored_replicate,SSCP-872175e71a22665b
PAMPA:6791,GRP-7924bcf19762f824,2021_Kelly,2021,1.0,False,included,compatible_uncensored_replicate,SSCP-7924bcf19762f824
PAMPA:6792,GRP-19b0b4c341079643,2021_Kelly,2021,1.0,False,included,compatible_uncensored_replicate,SSCP-19b0b4c341079643
PAMPA:6793,GRP-8f6cd77689c64b1b,2021_Kelly,2021,1.0,False,included,compatible_uncensored_replicate,SSCP-8f6cd77689c64b1b
PAMPA:6794,GRP-551ee949b3637ced,2021_Kelly,2021,1.0,False,included,compatible_uncensored_replicate,SSCP-551ee949b3637ced
PAMPA:6795,GRP-d3df3c5b6c8f31ac,2021_Kelly,2021,1.0,False,included,compatible_uncensored_replicate,SSCP-d3df3c5b6c8f31ac
PAMPA:6796,GRP-b45dbfd66005db5f,2021_Kelly,2021,1.0,False,included,compatible_uncensored_replicate,SSCP-b45dbfd66005db5f
PAMPA:6797,GRP-828752fc906b5b2c,2021_Kelly,2021,1.0,False,included,compatible_uncensored_replicate,SSCP-828752fc906b5b2c
PAMPA:6798,GRP-db56b0c479acfacb,2021_Kelly,2021,1.0,False,included,compatible_uncensored_replicate,SSCP-db56b0c479acfacb
PAMPA:6799,GRP-b69cefa1f724c3b6,2021_Kelly,2021,1.0,False,included,compatible_uncensored_replicate,SSCP-b69cefa1f724c3b6
PAMPA:6800,GRP-b3bcb31f0ded5afc,2021_Kelly,2021,1.0,False,included,compatible_uncensored_replicate,SSCP-b3bcb31f0ded5afc
PAMPA:6801,GRP-2073d11c1276c67d,2021_Kelly,2021,1.0,False,included,compatible_uncensored_replicate,SSCP-2073d11c1276c67d
PAMPA:6802,GRP-88e78acc804181d4,2021_Kelly,2021,1.0,False,included,compatible_uncensored_replicate,SSCP-88e78acc804181d4
PAMPA:6803,GRP-0543e2d064dbaaf0,2021_Kelly,2021,1.0,False,included,compatible_uncensored_replicate,SSCP-0543e2d064dbaaf0
PAMPA:6804,GRP-24bbd872a875f61c,2021_Kelly,2021,1.0,False,included,compatible_uncensored_replicate,SSCP-24bbd872a875f61c
PAMPA:6805,GRP-b5410d716ba984c8,2021_Kelly,2021,1.0,False,included,compatible_uncensored_replicate,SSCP-b5410d716ba984c8
PAMPA:6806,GRP-cbc961c9bbdfa62b,2021_Kelly,2021,1.0,False,included,compatible_uncensored_replicate,SSCP-cbc961c9bbdfa62b
PAMPA:6807,GRP-3bc9e0e7b480a994,2021_Kelly,2021,1.0,False,included,compatible_uncensored_replicate,SSCP-3bc9e0e7b480a994
PAMPA:6808,GRP-ba0272721a19bfa4,2021_Kelly,2021,1.0,False,included,compatible_uncensored_replicate,SSCP-ba0272721a19bfa4
PAMPA:6809,GRP-7e4f6d2a681ec29d,2021_Kelly,2021,1.0,False,included,compatible_uncensored_replicate,SSCP-7e4f6d2a681ec29d
PAMPA:6810,GRP-4b410ac397262ae6,2021_Kelly,2021,1.0,False,included,compatible_uncensored_replicate,SSCP-4b410ac397262ae6
PAMPA:6811,GRP-9d94d35748186a2f,2021_Kelly,2021,1.0,False,included,compatible_uncensored_replicate,SSCP-9d94d35748186a2f
PAMPA:6812,GRP-c833da77e6feb570,2021_Kelly,2021,1.0,False,included,compatible_uncensored_replicate,SSCP-c833da77e6feb570
PAMPA:6813,GRP-546ec343d0340ce9,2021_Kelly,2021,1.0,False,included,compatible_uncensored_replicate,SSCP-546ec343d0340ce9
PAMPA:6814,GRP-59a059afdd492704,2021_Kelly,2021,1.0,False,included,compatible_uncensored_replicate,SSCP-59a059afdd492704
PAMPA:6815,GRP-670dc945a101811e,2021_Kelly,2021,1.0,False,included,compatible_uncensored_replicate,SSCP-670dc945a101811e
PAMPA:6816,GRP-5620173486b704f7,2021_Kelly,2021,1.0,False,included,compatible_uncensored_replicate,SSCP-5620173486b704f7
PAMPA:6817,GRP-daadd723beef45bd,2021_Kelly,2021,1.0,False,included,compatible_uncensored_replicate,SSCP-daadd723beef45bd
PAMPA:6818,GRP-c1f5e40a92b69481,2021_Kelly,2021,1.0,False,included,compatible_uncensored_replicate,SSCP-c1f5e40a92b69481
PAMPA:6819,GRP-b89f5734a8fc1ae8,2021_Kelly,2021,1.0,False,included,compatible_uncensored_replicate,SSCP-b89f5734a8fc1ae8
PAMPA:6820,GRP-76cdb90503681448,2021_Kelly,2021,1.0,False,included,compatible_uncensored_replicate,SSCP-76cdb90503681448
PAMPA:6821,GRP-c02085a21265cc0a,2021_Kelly,2021,1.0,False,included,compatible_uncensored_replicate,SSCP-c02085a21265cc0a
PAMPA:6822,GRP-9c07888fc59135b0,2021_Kelly,2021,1.0,False,included,compatible_uncensored_replicate,SSCP-9c07888fc59135b0
PAMPA:6823,GRP-24825271c9e97bfd,2021_Kelly,2021,1.0,False,included,compatible_uncensored_replicate,SSCP-24825271c9e97bfd
PAMPA:6824,GRP-35d8fba277a88d28,2021_Kelly,2021,1.0,False,included,compatible_uncensored_replicate,SSCP-35d8fba277a88d28
PAMPA:6825,GRP-24e0615714b029ca,2021_Kelly,2021,1.0,False,included,compatible_uncensored_replicate,SSCP-24e0615714b029ca
PAMPA:6826,GRP-7a3cc43fe0aed68e,2021_Kelly,2021,1.0,False,included,compatible_uncensored_replicate,SSCP-7a3cc43fe0aed68e
PAMPA:6827,GRP-1a9b24d338d2b494,2021_Kelly,2021,1.0,False,included,compatible_uncensored_replicate,SSCP-1a9b24d338d2b494
PAMPA:6828,GRP-0d47f3cb964eed24,2021_Kelly,2021,1.0,False,included,compatible_uncensored_replicate,SSCP-0d47f3cb964eed24
PAMPA:6829,GRP-9bb37401079c412e,2021_Kelly,2021,1.0,False,included,compatible_uncensored_replicate,SSCP-9bb37401079c412e
PAMPA:6830,GRP-2261fc486ef50b6c,2021_Kelly,2021,1.0,False,included,compatible_uncensored_replicate,SSCP-2261fc486ef50b6c
PAMPA:6831,GRP-82a420af2e26fa76,2021_Kelly,2021,1.0,False,included,compatible_uncensored_replicate,SSCP-82a420af2e26fa76
PAMPA:6832,GRP-624ad8832ec0ee27,2021_Kelly,2021,1.0,False,included,compatible_uncensored_replicate,SSCP-624ad8832ec0ee27
PAMPA:6833,GRP-c541f4b2a013e591,2021_Kelly,2021,1.0,False,included,compatible_uncensored_replicate,SSCP-c541f4b2a013e591
PAMPA:6834,GRP-05d4a14c1caa1ec0,2021_Kelly,2021,1.0,False,included,compatible_uncensored_replicate,SSCP-05d4a14c1caa1ec0
PAMPA:6835,GRP-2077c00cba2793aa,2021_Kelly,2021,1.0,False,included,compatible_uncensored_replicate,SSCP-2077c00cba2793aa
PAMPA:6836,GRP-071ac0a218108dc9,2021_Kelly,2021,1.0,False,included,compatible_uncensored_replicate,SSCP-071ac0a218108dc9
PAMPA:6837,GRP-c4358fb420b233a3,2021_Kelly,2021,1.0,False,included,compatible_uncensored_replicate,SSCP-c4358fb420b233a3
PAMPA:6838,GRP-dce0a238a97a3392,2021_Kelly,2021,1.0,False,included,compatible_uncensored_replicate,SSCP-dce0a238a97a3392
PAMPA:6839,GRP-6ac4528e5a88d277,2021_Kelly,2021,1.0,False,included,compatible_uncensored_replicate,SSCP-6ac4528e5a88d277
PAMPA:6840,GRP-426a9638e861ebd0,2021_Kelly,2021,1.0,False,included,compatible_uncensored_replicate,SSCP-426a9638e861ebd0
PAMPA:6841,GRP-3b7581e51f6c219e,2021_Kelly,2021,1.0,False,included,compatible_uncensored_replicate,SSCP-3b7581e51f6c219e
PAMPA:6842,GRP-dce905e2da9a6a2a,2021_Kelly,2021,1.0,False,included,compatible_uncensored_replicate,SSCP-dce905e2da9a6a2a
PAMPA:6843,GRP-e688007c2a83755c,2021_Kelly,2021,1.0,False,included,compatible_uncensored_replicate,SSCP-e688007c2a83755c
PAMPA:6844,GRP-8ddf135d4bf48bdf,2021_Kelly,2021,1.0,False,included,compatible_uncensored_replicate,SSCP-8ddf135d4bf48bdf
PAMPA:6845,GRP-33e641c74b60ef23,2021_Kelly,2021,1.0,False,included,compatible_uncensored_replicate,SSCP-33e641c74b60ef23
PAMPA:6846,GRP-fe30ffc70b246992,2021_Kelly,2021,1.0,False,included,compatible_uncensored_replicate,SSCP-fe30ffc70b246992
PAMPA:6847,GRP-00e95dd3d9c9ed38,2021_Kelly,2021,1.0,False,included,compatible_uncensored_replicate,SSCP-00e95dd3d9c9ed38
PAMPA:6848,GRP-eb419c599868652b,2021_Kelly,2021,1.0,False,included,compatible_uncensored_replicate,SSCP-eb419c599868652b
PAMPA:6849,GRP-4f91128ea0cc12e4,2021_Kelly,2021,1.0,False,included,compatible_uncensored_replicate,SSCP-4f91128ea0cc12e4
PAMPA:6850,GRP-72d03e80b0be2cb1,2021_Kelly,2021,1.0,False,included,compatible_uncensored_replicate,SSCP-72d03e80b0be2cb1
PAMPA:6851,GRP-5aeb2f3c5db0bd93,2021_Kelly,2021,1.0,False,included,compatible_uncensored_replicate,SSCP-5aeb2f3c5db0bd93
PAMPA:6852,GRP-05d8dc068f3de20f,2021_Kelly,2021,1.0,False,included,compatible_uncensored_replicate,SSCP-05d8dc068f3de20f
PAMPA:6853,GRP-7d9af49a62409b08,2021_Kelly,2021,1.0,False,included,compatible_uncensored_replicate,SSCP-7d9af49a62409b08
PAMPA:6854,GRP-576cf8da960e3ae3,2021_Kelly,2021,1.0,False,included,compatible_uncensored_replicate,SSCP-576cf8da960e3ae3
PAMPA:6855,GRP-dfdc9002404f68c1,2021_Kelly,2021,1.0,False,included,compatible_uncensored_replicate,SSCP-dfdc9002404f68c1
PAMPA:6856,GRP-63be9c481f6e802b,2021_Kelly,2021,1.0,False,included,compatible_uncensored_replicate,SSCP-63be9c481f6e802b
PAMPA:6857,GRP-76eff1dd1288a408,2021_Kelly,2021,1.0,False,included,compatible_uncensored_replicate,SSCP-76eff1dd1288a408
PAMPA:6858,GRP-caa5891945495e9e,2021_Kelly,2021,1.0,False,included,compatible_uncensored_replicate,SSCP-caa5891945495e9e
PAMPA:6859,GRP-6e92aba74f45dd6f,2021_Kelly,2021,1.0,False,included,compatible_uncensored_replicate,SSCP-6e92aba74f45dd6f
PAMPA:6860,GRP-ae13e7e4e17c339b,2021_Kelly,2021,1.0,False,included,compatible_uncensored_replicate,SSCP-ae13e7e4e17c339b
PAMPA:6861,GRP-976a3ad2905d00e2,2021_Kelly,2021,1.0,False,included,compatible_uncensored_replicate,SSCP-976a3ad2905d00e2
PAMPA:6862,GRP-94505fc594b80bc7,2021_Kelly,2021,1.0,False,included,compatible_uncensored_replicate,SSCP-94505fc594b80bc7
PAMPA:6863,GRP-7c90728472a59caa,2021_Kelly,2021,1.0,False,included,compatible_uncensored_replicate,SSCP-7c90728472a59caa
PAMPA:6864,GRP-647387ca089a2664,2021_Kelly,2021,1.0,False,included,compatible_uncensored_replicate,SSCP-647387ca089a2664
PAMPA:6865,GRP-860440df9d2ddf13,2021_Kelly,2021,1.0,False,included,compatible_uncensored_replicate,SSCP-860440df9d2ddf13
PAMPA:6866,GRP-debd807e797fb696,2021_Kelly,2021,1.0,False,included,compatible_uncensored_replicate,SSCP-debd807e797fb696
PAMPA:6867,GRP-534c2f0b2fefa622,2021_Kelly,2021,1.0,False,included,compatible_uncensored_replicate,SSCP-534c2f0b2fefa622
PAMPA:6868,GRP-274168de359f8b2b,2021_Kelly,2021,1.0,False,included,compatible_uncensored_replicate,SSCP-274168de359f8b2b
PAMPA:6869,GRP-7d3842058e157749,2021_Kelly,2021,1.0,False,included,compatible_uncensored_replicate,SSCP-7d3842058e157749
PAMPA:6870,GRP-9642aba802a755b2,2021_Kelly,2021,1.0,False,included,compatible_uncensored_replicate,SSCP-9642aba802a755b2
PAMPA:6871,GRP-e32722fb2b2a6519,2021_Kelly,2021,1.0,False,included,compatible_uncensored_replicate,SSCP-e32722fb2b2a6519
PAMPA:6872,GRP-fdb548b77c3fe545,2021_Kelly,2021,1.0,False,included,compatible_uncensored_replicate,SSCP-fdb548b77c3fe545
PAMPA:6873,GRP-07326cceec8e37b5,2021_Kelly,2021,1.0,False,included,compatible_uncensored_replicate,SSCP-07326cceec8e37b5
PAMPA:6874,GRP-be6edbc9dc2e9561,2021_Kelly,2021,1.0,False,included,compatible_uncensored_replicate,SSCP-be6edbc9dc2e9561
PAMPA:6875,GRP-e6fac03f0dfbcf9e,2021_Kelly,2021,1.0,False,included,compatible_uncensored_replicate,SSCP-e6fac03f0dfbcf9e
PAMPA:6876,GRP-021f69b030f005b6,2021_Kelly,2021,1.0,False,included,compatible_uncensored_replicate,SSCP-021f69b030f005b6
PAMPA:6877,GRP-9bdf8ae142f7dd6b,2021_Kelly,2021,1.0,False,included,compatible_uncensored_replicate,SSCP-9bdf8ae142f7dd6b
PAMPA:6878,GRP-90d17f323138de7b,2021_Kelly,2021,1.0,False,included,compatible_uncensored_replicate,SSCP-90d17f323138de7b
PAMPA:6879,GRP-f814d5332ecdbffe,2021_Kelly,2021,1.0,False,included,compatible_uncensored_replicate,SSCP-f814d5332ecdbffe
PAMPA:6880,GRP-c1714b17f0e8a0c1,2021_Kelly,2021,1.0,False,included,compatible_uncensored_replicate,SSCP-c1714b17f0e8a0c1
PAMPA:6881,GRP-7ca8edc405c007d0,2021_Kelly,2021,1.0,False,included,compatible_uncensored_replicate,SSCP-7ca8edc405c007d0
PAMPA:6882,GRP-e8fe64eebf4823c4,2021_Kelly,2021,1.0,False,included,compatible_uncensored_replicate,SSCP-e8fe64eebf4823c4
PAMPA:6883,GRP-cd1636f7aa50557c,2021_Kelly,2021,1.0,False,included,compatible_uncensored_replicate,SSCP-cd1636f7aa50557c
PAMPA:6884,GRP-23dd219f2d08e9fe,2021_Kelly,2021,1.0,False,included,compatible_uncensored_replicate,SSCP-23dd219f2d08e9fe
PAMPA:6885,GRP-2a39a5a6de03df0f,2021_Kelly,2021,1.0,False,included,compatible_uncensored_replicate,SSCP-2a39a5a6de03df0f
PAMPA:6886,GRP-a7f2ee9fb9d2e12c,2021_Kelly,2021,1.0,False,included,compatible_uncensored_replicate,SSCP-a7f2ee9fb9d2e12c
PAMPA:6887,GRP-22f97cc58c0764f2,2021_Kelly,2021,1.0,False,included,compatible_uncensored_replicate,SSCP-22f97cc58c0764f2
PAMPA:6888,GRP-faf17df2598778ba,2021_Kelly,2021,1.0,False,included,compatible_uncensored_replicate,SSCP-faf17df2598778ba
PAMPA:6889,GRP-51744dee7e6a567a,2021_Kelly,2021,1.0,False,included,compatible_uncensored_replicate,SSCP-51744dee7e6a567a
PAMPA:6890,GRP-df0f7069fcda8166,2021_Kelly,2021,1.0,False,included,compatible_uncensored_replicate,SSCP-df0f7069fcda8166
PAMPA:6891,GRP-ca548ce48fb7eed1,2021_Kelly,2021,1.0,False,included,compatible_uncensored_replicate,SSCP-ca548ce48fb7eed1
PAMPA:6892,GRP-a8ce8f0c0c278ec3,2021_Kelly,2021,1.0,False,included,compatible_uncensored_replicate,SSCP-a8ce8f0c0c278ec3
PAMPA:6893,GRP-0583118cbe7f47c4,2021_Kelly,2021,1.0,False,included,compatible_uncensored_replicate,SSCP-0583118cbe7f47c4
PAMPA:6894,GRP-4dffcc3e3646dc3c,2021_Kelly,2021,1.0,False,included,compatible_uncensored_replicate,SSCP-4dffcc3e3646dc3c
PAMPA:6895,GRP-8e1e9b24851173d4,2021_Kelly,2021,1.0,False,included,compatible_uncensored_replicate,SSCP-8e1e9b24851173d4
PAMPA:6896,GRP-df97298d510771f9,2021_Kelly,2021,1.0,False,included,compatible_uncensored_replicate,SSCP-df97298d510771f9
PAMPA:6897,GRP-99811e5acc8e37b7,2021_Kelly,2021,1.0,False,included,compatible_uncensored_replicate,SSCP-99811e5acc8e37b7
PAMPA:6898,GRP-1ee81918ee986143,2021_Kelly,2021,1.0,False,included,compatible_uncensored_replicate,SSCP-1ee81918ee986143
PAMPA:6899,GRP-5a5bed43397fd034,2021_Kelly,2021,1.0,False,included,compatible_uncensored_replicate,SSCP-5a5bed43397fd034
PAMPA:6900,GRP-bd23101f62aec04c,2021_Kelly,2021,1.0,False,included,compatible_uncensored_replicate,SSCP-bd23101f62aec04c
PAMPA:6901,GRP-16b0341ae416bca1,2021_Kelly,2021,1.0,False,included,compatible_uncensored_replicate,SSCP-16b0341ae416bca1
PAMPA:6902,GRP-bccdb8698bd2194b,2021_Kelly,2021,1.0,False,included,compatible_uncensored_replicate,SSCP-bccdb8698bd2194b
PAMPA:6903,GRP-6ee4aaff84cea928,2021_Kelly,2021,1.0,False,included,compatible_uncensored_replicate,SSCP-6ee4aaff84cea928
PAMPA:6904,GRP-5353220f958ec1a2,2021_Kelly,2021,1.0,False,included,compatible_uncensored_replicate,SSCP-5353220f958ec1a2
PAMPA:6905,GRP-1a3b12e5ce02568f,2021_Kelly,2021,1.0,False,included,compatible_uncensored_replicate,SSCP-1a3b12e5ce02568f
PAMPA:6906,GRP-6833bdba801fbc89,2021_Kelly,2021,1.0,False,included,compatible_uncensored_replicate,SSCP-6833bdba801fbc89
PAMPA:6907,GRP-5c0d3a7cc0c41f49,2021_Kelly,2021,1.0,False,included,compatible_uncensored_replicate,SSCP-5c0d3a7cc0c41f49
PAMPA:6908,GRP-74aeea97bc84a795,2021_Kelly,2021,1.0,False,included,compatible_uncensored_replicate,SSCP-74aeea97bc84a795
PAMPA:6909,GRP-edd1d9b82d7bed21,2021_Kelly,2021,1.0,False,included,compatible_uncensored_replicate,SSCP-edd1d9b82d7bed21
PAMPA:6910,GRP-952edcee45993c13,2021_Kelly,2021,1.0,False,included,compatible_uncensored_replicate,SSCP-952edcee45993c13
PAMPA:6911,GRP-2362db94c23f78d3,2021_Kelly,2021,1.0,False,included,compatible_uncensored_replicate,SSCP-2362db94c23f78d3
PAMPA:6912,GRP-5b1376ce96f703d7,2021_Kelly,2021,1.0,False,included,compatible_uncensored_replicate,SSCP-5b1376ce96f703d7
PAMPA:6913,GRP-0da8a7bbc2f1efd2,2021_Kelly,2021,1.0,False,included,compatible_uncensored_replicate,SSCP-0da8a7bbc2f1efd2
PAMPA:6914,GRP-a58ff7400da61ebf,2021_Kelly,2021,1.0,False,included,compatible_uncensored_replicate,SSCP-a58ff7400da61ebf
PAMPA:6915,GRP-85466f2ff876b9e7,2021_Kelly,2021,1.0,False,included,compatible_uncensored_replicate,SSCP-85466f2ff876b9e7
PAMPA:6916,GRP-27c103acba874f8c,2021_Kelly,2021,1.0,False,included,compatible_uncensored_replicate,SSCP-27c103acba874f8c
PAMPA:6917,GRP-a44d5e0c7ff720ca,2021_Kelly,2021,1.0,False,included,compatible_uncensored_replicate,SSCP-a44d5e0c7ff720ca
PAMPA:6918,GRP-8535f92511dc0c06,2021_Kelly,2021,1.0,False,included,compatible_uncensored_replicate,SSCP-8535f92511dc0c06
PAMPA:6919,GRP-eacab584b9e832dc,2021_Kelly,2021,1.0,False,included,compatible_uncensored_replicate,SSCP-eacab584b9e832dc
PAMPA:6920,GRP-e2f8628fcea5bcbf,2021_Kelly,2021,1.0,False,included,compatible_uncensored_replicate,SSCP-e2f8628fcea5bcbf
PAMPA:6921,GRP-a6bde0f0aa94757b,2021_Kelly,2021,1.0,False,included,compatible_uncensored_replicate,SSCP-a6bde0f0aa94757b
PAMPA:6922,GRP-b0405d1e0c1b9762,2021_Kelly,2021,1.0,False,included,compatible_uncensored_replicate,SSCP-b0405d1e0c1b9762
PAMPA:6923,GRP-9b6dfe11b9f5f7c0,2021_Kelly,2021,1.0,False,included,compatible_uncensored_replicate,SSCP-9b6dfe11b9f5f7c0
PAMPA:6924,GRP-244add395e6d79ed,2021_Kelly,2021,1.0,False,included,compatible_uncensored_replicate,SSCP-244add395e6d79ed
PAMPA:6925,GRP-6039cc6f6a0b11a5,2021_Kelly,2021,1.0,False,included,compatible_uncensored_replicate,SSCP-6039cc6f6a0b11a5
PAMPA:6926,GRP-b822e543140861cc,2021_Kelly,2021,1.0,False,included,compatible_uncensored_replicate,SSCP-b822e543140861cc
PAMPA:6927,GRP-b86f03748a2a8c4c,2021_Kelly,2021,1.0,False,included,compatible_uncensored_replicate,SSCP-b86f03748a2a8c4c
PAMPA:6928,GRP-1133396c96e67a88,2021_Kelly,2021,1.0,False,included,compatible_uncensored_replicate,SSCP-1133396c96e67a88
PAMPA:6929,GRP-6712a28ef7fd2fbf,2021_Kelly,2021,1.0,False,included,compatible_uncensored_replicate,SSCP-6712a28ef7fd2fbf
PAMPA:6930,GRP-4f7f967fd5d1d9a3,2021_Kelly,2021,1.0,False,included,compatible_uncensored_replicate,SSCP-4f7f967fd5d1d9a3
PAMPA:6931,GRP-d1860e0b89595f79,2021_Kelly,2021,1.0,False,included,compatible_uncensored_replicate,SSCP-d1860e0b89595f79
PAMPA:6932,GRP-7dc83a3dc3de7c67,2021_Kelly,2021,1.0,False,included,compatible_uncensored_replicate,SSCP-7dc83a3dc3de7c67
PAMPA:6933,GRP-f5906099120c9b91,2021_Kelly,2021,1.0,False,included,compatible_uncensored_replicate,SSCP-f5906099120c9b91
PAMPA:6934,GRP-84fc4c886b7af9c3,2021_Kelly,2021,1.0,False,included,compatible_uncensored_replicate,SSCP-84fc4c886b7af9c3
PAMPA:6935,GRP-5cd6baec72f3da64,2021_Kelly,2021,1.0,False,included,compatible_uncensored_replicate,SSCP-5cd6baec72f3da64
PAMPA:6936,GRP-1f3dd24e94111358,2021_Kelly,2021,1.0,False,included,compatible_uncensored_replicate,SSCP-1f3dd24e94111358
PAMPA:6937,GRP-7729d4c0408ae2c6,2021_Kelly,2021,1.0,False,included,compatible_uncensored_replicate,SSCP-7729d4c0408ae2c6
PAMPA:6938,GRP-b0fdb7f2bd39699c,2021_Kelly,2021,1.0,False,included,compatible_uncensored_replicate,SSCP-b0fdb7f2bd39699c
PAMPA:6939,GRP-680db35663a52f20,2021_Kelly,2021,1.0,False,included,compatible_uncensored_replicate,SSCP-680db35663a52f20
PAMPA:6940,GRP-c752499a16119137,2021_Kelly,2021,1.0,False,included,compatible_uncensored_replicate,SSCP-c752499a16119137
PAMPA:6941,GRP-de2d7cad4735fb0e,2021_Kelly,2021,1.0,False,included,compatible_uncensored_replicate,SSCP-de2d7cad4735fb0e
PAMPA:6942,GRP-d916e6b253761cc9,2021_Kelly,2021,1.0,False,included,compatible_uncensored_replicate,SSCP-d916e6b253761cc9
PAMPA:6943,GRP-153269d51d51bee6,2021_Kelly,2021,1.0,False,included,compatible_uncensored_replicate,SSCP-153269d51d51bee6
PAMPA:6944,GRP-abdc67adb7ec2c74,2021_Kelly,2021,1.0,False,included,compatible_uncensored_replicate,SSCP-abdc67adb7ec2c74
PAMPA:6945,GRP-c866c34afe041c82,2021_Kelly,2021,1.0,False,included,compatible_uncensored_replicate,SSCP-c866c34afe041c82
PAMPA:6946,GRP-cff2f9df5cf593e9,2021_Kelly,2021,1.0,False,included,compatible_uncensored_replicate,SSCP-cff2f9df5cf593e9
PAMPA:6947,GRP-b92be61001a0503e,2021_Kelly,2021,1.0,False,included,compatible_uncensored_replicate,SSCP-b92be61001a0503e
PAMPA:6948,GRP-2d321aed82bc3196,2021_Kelly,2021,1.0,False,included,compatible_uncensored_replicate,SSCP-2d321aed82bc3196
PAMPA:6949,GRP-06efe08a5bc9094b,2021_Kelly,2021,1.0,False,included,compatible_uncensored_replicate,SSCP-06efe08a5bc9094b
PAMPA:6950,GRP-61d6489dc99e116a,2021_Kelly,2021,1.0,False,included,compatible_uncensored_replicate,SSCP-61d6489dc99e116a
PAMPA:6951,GRP-7b7f10b1ebfa7ab9,2021_Kelly,2021,1.0,False,included,compatible_uncensored_replicate,SSCP-7b7f10b1ebfa7ab9
PAMPA:6952,GRP-aeabe573acc3305b,2021_Kelly,2021,1.0,False,included,compatible_uncensored_replicate,SSCP-aeabe573acc3305b
PAMPA:6953,GRP-ba823ef269ec542a,2021_Kelly,2021,1.0,False,included,compatible_uncensored_replicate,SSCP-ba823ef269ec542a
PAMPA:6954,GRP-f2be2e10921a9bdb,2021_Kelly,2021,1.0,False,included,compatible_uncensored_replicate,SSCP-f2be2e10921a9bdb
PAMPA:6955,GRP-563dfe2281656f23,2021_Kelly,2021,1.0,False,included,compatible_uncensored_replicate,SSCP-563dfe2281656f23
PAMPA:6956,GRP-9ea50a8108ab5014,2021_Kelly,2021,1.0,False,included,compatible_uncensored_replicate,SSCP-9ea50a8108ab5014
PAMPA:6957,GRP-b657b277e4a89dbb,2021_Kelly,2021,1.0,False,included,compatible_uncensored_replicate,SSCP-b657b277e4a89dbb
PAMPA:6958,GRP-463a48ba30f26b22,2021_Kelly,2021,1.0,False,included,compatible_uncensored_replicate,SSCP-463a48ba30f26b22
PAMPA:6959,GRP-a4e6cc2a7d919f6b,2021_Kelly,2021,1.0,False,included,compatible_uncensored_replicate,SSCP-a4e6cc2a7d919f6b
PAMPA:6960,GRP-3092e81bce4996da,2021_Kelly,2021,1.0,False,included,compatible_uncensored_replicate,SSCP-3092e81bce4996da
PAMPA:6961,GRP-daecf015d86714dd,2021_Kelly,2021,1.0,False,included,compatible_uncensored_replicate,SSCP-daecf015d86714dd
PAMPA:6962,GRP-e132c4d5eb7ba3f6,2021_Kelly,2021,1.0,False,included,compatible_uncensored_replicate,SSCP-e132c4d5eb7ba3f6
PAMPA:6963,GRP-08ef84cd22fa453a,2021_Kelly,2021,1.0,False,included,compatible_uncensored_replicate,SSCP-08ef84cd22fa453a
PAMPA:6964,GRP-c9a630005c138467,2021_Kelly,2021,1.0,False,included,compatible_uncensored_replicate,SSCP-c9a630005c138467
PAMPA:6965,GRP-e56c47cbe8968ac4,2021_Kelly,2021,1.0,False,included,compatible_uncensored_replicate,SSCP-e56c47cbe8968ac4
PAMPA:6966,GRP-4e26474aa6f4cf02,2021_Kelly,2021,1.0,False,included,compatible_uncensored_replicate,SSCP-4e26474aa6f4cf02
PAMPA:6967,GRP-292af9b1c3337d66,2021_Kelly,2021,1.0,False,included,compatible_uncensored_replicate,SSCP-292af9b1c3337d66
PAMPA:6968,GRP-7c6637752364063c,2021_Kelly,2021,1.0,False,included,compatible_uncensored_replicate,SSCP-7c6637752364063c
PAMPA:6969,GRP-535f7998a166004c,2021_Kelly,2021,1.0,False,included,compatible_uncensored_replicate,SSCP-535f7998a166004c
PAMPA:6970,GRP-14be4520bef42260,2021_Kelly,2021,1.0,False,included,compatible_uncensored_replicate,SSCP-14be4520bef42260
PAMPA:6971,GRP-c7f79e5654ade4b2,2021_Kelly,2021,1.0,False,included,compatible_uncensored_replicate,SSCP-c7f79e5654ade4b2
PAMPA:6972,GRP-e662eda3fbd348ce,2021_Kelly,2021,1.0,False,included,compatible_uncensored_replicate,SSCP-e662eda3fbd348ce
PAMPA:6973,GRP-50e3d5416b877759,2021_Kelly,2021,1.0,False,included,compatible_uncensored_replicate,SSCP-50e3d5416b877759
PAMPA:6974,GRP-f31d82ebcc21ef34,2021_Kelly,2021,1.0,False,included,compatible_uncensored_replicate,SSCP-f31d82ebcc21ef34
PAMPA:6975,GRP-2cecc99a05883e94,2021_Kelly,2021,1.0,False,included,compatible_uncensored_replicate,SSCP-2cecc99a05883e94
PAMPA:6976,GRP-2cf8c3df30342a25,2021_Kelly,2021,1.0,False,included,compatible_uncensored_replicate,SSCP-2cf8c3df30342a25
PAMPA:6977,GRP-19dcc98805ef6df2,2021_Kelly,2021,1.0,False,included,compatible_uncensored_replicate,SSCP-19dcc98805ef6df2
PAMPA:6978,GRP-d888cddb31a561dd,2021_Kelly,2021,1.0,False,included,compatible_uncensored_replicate,SSCP-d888cddb31a561dd
PAMPA:6979,GRP-adc5cc0641a14b4c,2021_Kelly,2021,1.0,False,included,compatible_uncensored_replicate,SSCP-adc5cc0641a14b4c
PAMPA:6980,GRP-123b84b412af66b0,2021_Kelly,2021,1.0,False,included,compatible_uncensored_replicate,SSCP-123b84b412af66b0
PAMPA:6981,GRP-501572cf7cabc5a5,2021_Kelly,2021,1.0,False,included,compatible_uncensored_replicate,SSCP-501572cf7cabc5a5
PAMPA:6982,GRP-129c38af1b9b2e91,2021_Kelly,2021,1.0,False,included,compatible_uncensored_replicate,SSCP-129c38af1b9b2e91
PAMPA:6983,GRP-9771c44a7ba13985,2021_Kelly,2021,1.0,False,included,compatible_uncensored_replicate,SSCP-9771c44a7ba13985
PAMPA:6984,GRP-bded0a1c707a1138,2021_Kelly,2021,1.0,False,included,compatible_uncensored_replicate,SSCP-bded0a1c707a1138
PAMPA:6985,GRP-b2c76e72540dba66,2021_Kelly,2021,1.0,False,included,compatible_uncensored_replicate,SSCP-b2c76e72540dba66
PAMPA:6986,GRP-33924fece89d0aa7,2021_Kelly,2021,1.0,False,included,compatible_uncensored_replicate,SSCP-33924fece89d0aa7
PAMPA:6987,GRP-2e5fb87b076ede60,2021_Kelly,2021,1.0,False,included,compatible_uncensored_replicate,SSCP-2e5fb87b076ede60
PAMPA:6988,GRP-fd82cacd37a9de6a,2021_Kelly,2021,1.0,False,included,compatible_uncensored_replicate,SSCP-fd82cacd37a9de6a
PAMPA:6989,GRP-a45465c43a3682a7,2021_Kelly,2021,1.0,False,included,compatible_uncensored_replicate,SSCP-a45465c43a3682a7
PAMPA:6990,GRP-b1ca20417352de7b,2021_Kelly,2021,1.0,False,included,compatible_uncensored_replicate,SSCP-b1ca20417352de7b
PAMPA:6991,GRP-879eadae3cca1716,2021_Kelly,2021,1.0,False,included,compatible_uncensored_replicate,SSCP-879eadae3cca1716
PAMPA:6992,GRP-fc287c7c75c5bb69,2021_Kelly,2021,1.0,False,included,compatible_uncensored_replicate,SSCP-fc287c7c75c5bb69
PAMPA:6993,GRP-44a1b9755bdb513d,2021_Kelly,2021,1.0,False,included,compatible_uncensored_replicate,SSCP-44a1b9755bdb513d
PAMPA:6994,GRP-2f6b32872458678d,2021_Kelly,2021,1.0,False,included,compatible_uncensored_replicate,SSCP-2f6b32872458678d
PAMPA:6995,GRP-c50e1ab8c5bd2092,2021_Kelly,2021,1.0,False,included,compatible_uncensored_replicate,SSCP-c50e1ab8c5bd2092
PAMPA:6996,GRP-b7d3fd37af35d507,2021_Kelly,2021,1.0,False,included,compatible_uncensored_replicate,SSCP-b7d3fd37af35d507
PAMPA:6997,GRP-70c99fddebe0adb0,2021_Kelly,2021,1.0,False,included,compatible_uncensored_replicate,SSCP-70c99fddebe0adb0
PAMPA:6998,GRP-97cdfd09f3ab473a,2021_Kelly,2021,1.0,False,included,compatible_uncensored_replicate,SSCP-97cdfd09f3ab473a
PAMPA:6999,GRP-917e50c0fbd76e69,2021_Kelly,2021,1.0,False,included,compatible_uncensored_replicate,SSCP-917e50c0fbd76e69
PAMPA:7000,GRP-b66d00e134ec0df8,2021_Kelly,2021,1.0,False,included,compatible_uncensored_replicate,SSCP-b66d00e134ec0df8
PAMPA:7001,GRP-04a432617cd799e9,2021_Kelly,2021,1.0,False,included,compatible_uncensored_replicate,SSCP-04a432617cd799e9
PAMPA:7002,GRP-b3ffdddad824adab,2021_Kelly,2021,1.0,False,included,compatible_uncensored_replicate,SSCP-b3ffdddad824adab
PAMPA:7003,GRP-1a514ab989862518,2021_Kelly,2021,1.0,False,included,compatible_uncensored_replicate,SSCP-1a514ab989862518
PAMPA:7004,GRP-640a8982a75fa310,2021_Kelly,2021,1.0,False,included,compatible_uncensored_replicate,SSCP-640a8982a75fa310
PAMPA:7005,GRP-0e243233d07cbc4a,2021_Kelly,2021,1.0,False,included,compatible_uncensored_replicate,SSCP-0e243233d07cbc4a
PAMPA:7006,GRP-86babc5e6f16cbb4,2021_Kelly,2021,1.0,False,included,compatible_uncensored_replicate,SSCP-86babc5e6f16cbb4
PAMPA:7007,GRP-2be455125ffae282,2021_Kelly,2021,1.0,False,included,compatible_uncensored_replicate,SSCP-2be455125ffae282
PAMPA:7008,GRP-c8744148639aa1f8,2021_Kelly,2021,1.0,False,included,compatible_uncensored_replicate,SSCP-c8744148639aa1f8
PAMPA:7009,GRP-90277585f8d1b6ca,2021_Kelly,2021,1.0,False,included,compatible_uncensored_replicate,SSCP-90277585f8d1b6ca
PAMPA:7010,GRP-ab72cdb9b66d2cd9,2021_Kelly,2021,1.0,False,included,compatible_uncensored_replicate,SSCP-ab72cdb9b66d2cd9
PAMPA:7011,GRP-aa8c2c190c51408c,2021_Kelly,2021,1.0,False,included,compatible_uncensored_replicate,SSCP-aa8c2c190c51408c
PAMPA:7012,GRP-16a4f374d686e769,2021_Kelly,2021,1.0,False,included,compatible_uncensored_replicate,SSCP-16a4f374d686e769
PAMPA:7013,GRP-6e6d46e272fd5f30,2021_Kelly,2021,1.0,False,included,compatible_uncensored_replicate,SSCP-6e6d46e272fd5f30
PAMPA:7014,GRP-07a156b73e8bdee8,2021_Kelly,2021,1.0,False,included,compatible_uncensored_replicate,SSCP-07a156b73e8bdee8
PAMPA:7015,GRP-e4f82ae4226e3c8b,2021_Kelly,2021,1.0,False,included,compatible_uncensored_replicate,SSCP-e4f82ae4226e3c8b
PAMPA:7016,GRP-ad022cc6ea51a554,2021_Kelly,2021,1.0,False,included,compatible_uncensored_replicate,SSCP-ad022cc6ea51a554
PAMPA:7017,GRP-3b2cd1d1482cad9f,2021_Kelly,2021,1.0,False,included,compatible_uncensored_replicate,SSCP-3b2cd1d1482cad9f
PAMPA:7018,GRP-f5f5cd2187d635b3,2021_Kelly,2021,1.0,False,included,compatible_uncensored_replicate,SSCP-f5f5cd2187d635b3
PAMPA:7019,GRP-119a2bc31f033483,2021_Kelly,2021,1.0,False,included,compatible_uncensored_replicate,SSCP-119a2bc31f033483
PAMPA:7020,GRP-a8bc655a190988e1,2021_Kelly,2021,1.0,False,included,compatible_uncensored_replicate,SSCP-a8bc655a190988e1
PAMPA:7021,GRP-f43e624c4f0c15fe,2021_Kelly,2021,1.0,False,included,compatible_uncensored_replicate,SSCP-f43e624c4f0c15fe
PAMPA:7022,GRP-41f8a5ed71e5316e,2021_Kelly,2021,1.0,False,included,compatible_uncensored_replicate,SSCP-41f8a5ed71e5316e
PAMPA:7023,GRP-68dd53621f6ddadc,2021_Kelly,2021,1.0,False,included,compatible_uncensored_replicate,SSCP-68dd53621f6ddadc
PAMPA:7024,GRP-8236633ad8bf6594,2021_Kelly,2021,1.0,False,included,compatible_uncensored_replicate,SSCP-8236633ad8bf6594
PAMPA:7025,GRP-d030c40860d78cf1,2021_Kelly,2021,1.0,False,included,compatible_uncensored_replicate,SSCP-d030c40860d78cf1
PAMPA:7026,GRP-132b93039450368b,2021_Kelly,2021,1.0,False,included,compatible_uncensored_replicate,SSCP-132b93039450368b
PAMPA:7027,GRP-69f25014e00dfe4d,2021_Kelly,2021,1.0,False,included,compatible_uncensored_replicate,SSCP-69f25014e00dfe4d
PAMPA:7028,GRP-2a0e6dc85b13b357,2021_Kelly,2021,1.0,False,included,compatible_uncensored_replicate,SSCP-2a0e6dc85b13b357
PAMPA:7029,GRP-701aac927d5ef746,2021_Kelly,2021,1.0,False,included,compatible_uncensored_replicate,SSCP-701aac927d5ef746
PAMPA:7030,GRP-923324cbf923d232,2021_Kelly,2021,1.0,False,included,compatible_uncensored_replicate,SSCP-923324cbf923d232
PAMPA:7031,GRP-771b08d38ce337e0,2021_Kelly,2021,1.0,False,included,compatible_uncensored_replicate,SSCP-771b08d38ce337e0
PAMPA:7032,GRP-abdcfaf9686c61dd,2021_Kelly,2021,1.0,False,included,compatible_uncensored_replicate,SSCP-abdcfaf9686c61dd
PAMPA:7033,GRP-12e37c440092eeec,2021_Kelly,2021,1.0,False,included,compatible_uncensored_replicate,SSCP-12e37c440092eeec
PAMPA:7034,GRP-12f930c47fabcecf,2021_Kelly,2021,1.0,False,included,compatible_uncensored_replicate,SSCP-12f930c47fabcecf
PAMPA:7035,GRP-b6d3ee688795cffc,2021_Kelly,2021,1.0,False,included,compatible_uncensored_replicate,SSCP-b6d3ee688795cffc
PAMPA:7036,GRP-47d4747b4a686d8f,2021_Kelly,2021,1.0,False,included,compatible_uncensored_replicate,SSCP-47d4747b4a686d8f
PAMPA:7037,GRP-ee71b8bf53f24334,2021_Kelly,2021,1.0,False,included,compatible_uncensored_replicate,SSCP-ee71b8bf53f24334
PAMPA:7038,GRP-818cc21ef6651cf2,2021_Kelly,2021,1.0,False,included,compatible_uncensored_replicate,SSCP-818cc21ef6651cf2
PAMPA:7039,GRP-1495c8d62dcea1b0,2021_Kelly,2021,1.0,False,included,compatible_uncensored_replicate,SSCP-1495c8d62dcea1b0
PAMPA:7040,GRP-e79154d7f3cb8b38,2021_Kelly,2021,1.0,False,included,compatible_uncensored_replicate,SSCP-e79154d7f3cb8b38
PAMPA:7041,GRP-e6d996b9d1b84629,2021_Kelly,2021,1.0,False,included,compatible_uncensored_replicate,SSCP-e6d996b9d1b84629
PAMPA:7042,GRP-52f55046703aed9c,2021_Kelly,2021,1.0,False,included,compatible_uncensored_replicate,SSCP-52f55046703aed9c
PAMPA:7043,GRP-40e652167cf880cb,2021_Kelly,2021,1.0,False,included,compatible_uncensored_replicate,SSCP-40e652167cf880cb
PAMPA:7044,GRP-82a8dce31ed950a5,2021_Kelly,2021,1.0,False,included,compatible_uncensored_replicate,SSCP-82a8dce31ed950a5
PAMPA:7045,GRP-3aaa0b55f9daf4c7,2021_Kelly,2021,1.0,False,included,compatible_uncensored_replicate,SSCP-3aaa0b55f9daf4c7
PAMPA:7046,GRP-f3025d9d9d13762a,2021_Kelly,2021,1.0,False,included,compatible_uncensored_replicate,SSCP-f3025d9d9d13762a
PAMPA:7047,GRP-515bba62b2c4e272,2021_Kelly,2021,1.0,False,included,compatible_uncensored_replicate,SSCP-515bba62b2c4e272
PAMPA:7048,GRP-7ef4207b0ce2db69,2021_Kelly,2021,1.0,False,included,compatible_uncensored_replicate,SSCP-7ef4207b0ce2db69
PAMPA:7049,GRP-77978de896525b7d,2021_Kelly,2021,1.0,False,included,compatible_uncensored_replicate,SSCP-77978de896525b7d
PAMPA:7050,GRP-195df84fa8b16e4a,2021_Kelly,2021,1.0,False,included,compatible_uncensored_replicate,SSCP-195df84fa8b16e4a
PAMPA:7051,GRP-6c240e50c3635136,2021_Kelly,2021,1.0,False,included,compatible_uncensored_replicate,SSCP-6c240e50c3635136
PAMPA:7052,GRP-46ce29f2a54f7312,2021_Kelly,2021,1.0,False,included,compatible_uncensored_replicate,SSCP-46ce29f2a54f7312
PAMPA:7053,GRP-ecea21c29ebc39cd,2021_Kelly,2021,1.0,False,included,compatible_uncensored_replicate,SSCP-ecea21c29ebc39cd
PAMPA:7054,GRP-712f96e7b4b6806f,2021_Kelly,2021,1.0,False,included,compatible_uncensored_replicate,SSCP-712f96e7b4b6806f
PAMPA:7055,GRP-40ded9bccb65f527,2021_Kelly,2021,1.0,False,included,compatible_uncensored_replicate,SSCP-40ded9bccb65f527
PAMPA:7056,GRP-4e3358b8eb61c9c4,2021_Kelly,2021,1.0,False,included,compatible_uncensored_replicate,SSCP-4e3358b8eb61c9c4
PAMPA:7057,GRP-c7c62106ddf321b4,2021_Kelly,2021,1.0,False,included,compatible_uncensored_replicate,SSCP-c7c62106ddf321b4
PAMPA:7058,GRP-d993dcbc6d2fcb4b,2021_Kelly,2021,1.0,False,included,compatible_uncensored_replicate,SSCP-d993dcbc6d2fcb4b
PAMPA:7059,GRP-c7e9dc57954b9656,2021_Kelly,2021,1.0,False,included,compatible_uncensored_replicate,SSCP-c7e9dc57954b9656
PAMPA:7060,GRP-3c23802ed117b87c,2021_Kelly,2021,1.0,False,included,compatible_uncensored_replicate,SSCP-3c23802ed117b87c
PAMPA:7061,GRP-6ec893231d0d87ca,2021_Kelly,2021,1.0,False,included,compatible_uncensored_replicate,SSCP-6ec893231d0d87ca
PAMPA:7062,GRP-f98160672246470f,2021_Kelly,2021,1.0,False,included,compatible_uncensored_replicate,SSCP-f98160672246470f
PAMPA:7063,GRP-4f6e557d65c63852,2021_Kelly,2021,1.0,False,included,compatible_uncensored_replicate,SSCP-4f6e557d65c63852
PAMPA:7064,GRP-1a05bb6709697877,2021_Kelly,2021,1.0,False,included,compatible_uncensored_replicate,SSCP-1a05bb6709697877
PAMPA:7065,GRP-f1a2ac2c6b96b407,2021_Kelly,2021,1.0,False,included,compatible_uncensored_replicate,SSCP-f1a2ac2c6b96b407
PAMPA:7066,GRP-48df8ff7d5a5a153,2021_Kelly,2021,1.0,False,included,compatible_uncensored_replicate,SSCP-48df8ff7d5a5a153
PAMPA:7067,GRP-9d0086f0bb7a7714,2021_Kelly,2021,1.0,False,included,compatible_uncensored_replicate,SSCP-9d0086f0bb7a7714
PAMPA:7068,GRP-d15e656f6b850480,2021_Kelly,2021,1.0,False,included,compatible_uncensored_replicate,SSCP-d15e656f6b850480
PAMPA:7069,GRP-dafc1db328e85b9a,2021_Kelly,2021,1.0,False,included,compatible_uncensored_replicate,SSCP-dafc1db328e85b9a
PAMPA:7070,GRP-885b82a7d4c87087,2021_Kelly,2021,1.0,False,included,compatible_uncensored_replicate,SSCP-885b82a7d4c87087
PAMPA:7071,GRP-0a855bc49394034d,2021_Kelly,2021,1.0,False,included,compatible_uncensored_replicate,SSCP-0a855bc49394034d
PAMPA:7072,GRP-8662aaf548ad70f3,2021_Kelly,2021,1.0,False,included,compatible_uncensored_replicate,SSCP-8662aaf548ad70f3
PAMPA:7073,GRP-6eeb611216672c17,2021_Kelly,2021,1.0,False,included,compatible_uncensored_replicate,SSCP-6eeb611216672c17
PAMPA:7074,GRP-e457e78d33d9746a,2021_Kelly,2021,1.0,False,included,compatible_uncensored_replicate,SSCP-e457e78d33d9746a
PAMPA:7075,GRP-7eba8ada5f53fa98,2021_Kelly,2021,1.0,False,included,compatible_uncensored_replicate,SSCP-7eba8ada5f53fa98
PAMPA:7076,GRP-67bfd0371c44f9b1,2021_Kelly,2021,1.0,False,included,compatible_uncensored_replicate,SSCP-67bfd0371c44f9b1
PAMPA:7077,GRP-b843e891b3b3d0a9,2021_Kelly,2021,1.0,False,included,compatible_uncensored_replicate,SSCP-b843e891b3b3d0a9
PAMPA:7078,GRP-90195965a83590b8,2021_Kelly,2021,1.0,False,included,compatible_uncensored_replicate,SSCP-90195965a83590b8
PAMPA:7079,GRP-a42af28b04ff2415,2021_Kelly,2021,1.0,False,included,compatible_uncensored_replicate,SSCP-a42af28b04ff2415
PAMPA:7080,GRP-a4e29f98659ed635,2021_Kelly,2021,1.0,False,included,compatible_uncensored_replicate,SSCP-a4e29f98659ed635
PAMPA:7081,GRP-cc99e73783a32f64,2021_Kelly,2021,1.0,False,included,compatible_uncensored_replicate,SSCP-cc99e73783a32f64
PAMPA:7082,GRP-1af38f1e1661fe2d,2021_Kelly,2021,1.0,False,included,compatible_uncensored_replicate,SSCP-1af38f1e1661fe2d
PAMPA:7083,GRP-bb5193a7fa56402c,2021_Kelly,2021,1.0,False,included,compatible_uncensored_replicate,SSCP-bb5193a7fa56402c
PAMPA:7084,GRP-8def514f3b440bde,2021_Kelly,2021,1.0,False,included,compatible_uncensored_replicate,SSCP-8def514f3b440bde
PAMPA:7085,GRP-93368e314e12452a,2021_Kelly,2021,1.0,False,included,compatible_uncensored_replicate,SSCP-93368e314e12452a
PAMPA:7086,GRP-c645aa832f1aee84,2021_Kelly,2021,1.0,False,included,compatible_uncensored_replicate,SSCP-c645aa832f1aee84
PAMPA:7087,GRP-006d4798025f1716,2021_Kelly,2021,1.0,False,included,compatible_uncensored_replicate,SSCP-006d4798025f1716
PAMPA:7088,GRP-fc7493a9f8f0522f,2021_Kelly,2021,1.0,False,included,compatible_uncensored_replicate,SSCP-fc7493a9f8f0522f
PAMPA:7089,GRP-2143f36afdd1ab7f,2021_Kelly,2021,1.0,False,included,compatible_uncensored_replicate,SSCP-2143f36afdd1ab7f
PAMPA:7090,GRP-0bd4d0d475b51ea1,2021_Kelly,2021,1.0,False,included,compatible_uncensored_replicate,SSCP-0bd4d0d475b51ea1
PAMPA:7091,GRP-c57c2d63665d4d5e,2021_Kelly,2021,1.0,False,included,compatible_uncensored_replicate,SSCP-c57c2d63665d4d5e
PAMPA:7092,GRP-d2831028c4db5975,2021_Kelly,2021,1.0,False,included,compatible_uncensored_replicate,SSCP-d2831028c4db5975
PAMPA:7093,GRP-4407b1c22f8496a2,2021_Kelly,2021,1.0,False,included,compatible_uncensored_replicate,SSCP-4407b1c22f8496a2
PAMPA:7094,GRP-c8c72b336d6fde2e,2021_Kelly,2021,1.0,False,included,compatible_uncensored_replicate,SSCP-c8c72b336d6fde2e
PAMPA:7095,GRP-9d96637344ef986f,2021_Kelly,2021,1.0,False,included,compatible_uncensored_replicate,SSCP-9d96637344ef986f
PAMPA:7096,GRP-6bbf4b42c0a7567c,2021_Kelly,2021,1.0,False,included,compatible_uncensored_replicate,SSCP-6bbf4b42c0a7567c
PAMPA:7097,GRP-d5d475fda03dc575,2021_Kelly,2021,1.0,False,included,compatible_uncensored_replicate,SSCP-d5d475fda03dc575
PAMPA:7098,GRP-fffb1bccdb873763,2021_Kelly,2021,1.0,False,included,compatible_uncensored_replicate,SSCP-fffb1bccdb873763
PAMPA:7099,GRP-f54cfa0b577ad551,2021_Kelly,2021,1.0,False,included,compatible_uncensored_replicate,SSCP-f54cfa0b577ad551
PAMPA:7100,GRP-6bdfe639bec1b0b7,2021_Kelly,2021,1.0,False,included,compatible_uncensored_replicate,SSCP-6bdfe639bec1b0b7
PAMPA:7101,GRP-b08e1b9bf40958bc,2021_Kelly,2021,1.0,False,included,compatible_uncensored_replicate,SSCP-b08e1b9bf40958bc
PAMPA:7102,GRP-48eb032b2699e755,2021_Kelly,2021,1.0,False,included,compatible_uncensored_replicate,SSCP-48eb032b2699e755
PAMPA:7103,GRP-377923d47ebf2df1,2021_Kelly,2021,1.0,False,included,compatible_uncensored_replicate,SSCP-377923d47ebf2df1
PAMPA:7104,GRP-7ed92538e75eaad6,2021_Kelly,2021,1.0,False,included,compatible_uncensored_replicate,SSCP-7ed92538e75eaad6
PAMPA:7105,GRP-8cb2baffd0cea5a6,2021_Kelly,2021,1.0,False,included,compatible_uncensored_replicate,SSCP-8cb2baffd0cea5a6
PAMPA:7106,GRP-668162a9dc5d5521,2021_Kelly,2021,1.0,False,included,compatible_uncensored_replicate,SSCP-668162a9dc5d5521
PAMPA:7107,GRP-bd4866be58355bb3,2021_Kelly,2021,1.0,False,included,compatible_uncensored_replicate,SSCP-bd4866be58355bb3
PAMPA:7108,GRP-7a7685da261564e2,2021_Kelly,2021,1.0,False,included,compatible_uncensored_replicate,SSCP-7a7685da261564e2
PAMPA:7109,GRP-bcab64af8efda69c,2021_Kelly,2021,1.0,False,included,compatible_uncensored_replicate,SSCP-bcab64af8efda69c
PAMPA:7110,GRP-ca14c10fda74a36c,2021_Kelly,2021,1.0,False,included,compatible_uncensored_replicate,SSCP-ca14c10fda74a36c
PAMPA:7111,GRP-3a525afff29cdd29,2021_Kelly,2021,1.0,False,included,compatible_uncensored_replicate,SSCP-3a525afff29cdd29
PAMPA:7112,GRP-209c26f7b402d310,2021_Kelly,2021,1.0,False,included,compatible_uncensored_replicate,SSCP-209c26f7b402d310
PAMPA:7113,GRP-bf3a641ef893e416,2021_Kelly,2021,1.0,False,included,compatible_uncensored_replicate,SSCP-bf3a641ef893e416
PAMPA:7114,GRP-a460c7e5e94fca75,2021_Kelly,2021,1.0,False,included,compatible_uncensored_replicate,SSCP-a460c7e5e94fca75
PAMPA:7115,GRP-7c1f569fbaa1a25d,2021_Kelly,2021,1.0,False,included,compatible_uncensored_replicate,SSCP-7c1f569fbaa1a25d
PAMPA:7116,GRP-f9b65e96cad4af95,2021_Kelly,2021,1.0,False,included,compatible_uncensored_replicate,SSCP-f9b65e96cad4af95
PAMPA:7117,GRP-f71840f1a7198f80,2021_Kelly,2021,1.0,False,included,compatible_uncensored_replicate,SSCP-f71840f1a7198f80
PAMPA:7118,GRP-2b13790aa97878d4,2021_Kelly,2021,1.0,False,included,compatible_uncensored_replicate,SSCP-2b13790aa97878d4
PAMPA:7119,GRP-ff4c8e1aab7ccc0f,2021_Kelly,2021,1.0,False,included,compatible_uncensored_replicate,SSCP-ff4c8e1aab7ccc0f
PAMPA:7120,GRP-633b899f48f22ff9,2021_Kelly,2021,1.0,False,included,compatible_uncensored_replicate,SSCP-633b899f48f22ff9
PAMPA:7121,GRP-123ce6847f4910ce,2021_Kelly,2021,1.0,False,included,compatible_uncensored_replicate,SSCP-123ce6847f4910ce
PAMPA:7122,GRP-e6f22fc052b1df49,2021_Kelly,2021,1.0,False,included,compatible_uncensored_replicate,SSCP-e6f22fc052b1df49
PAMPA:7123,GRP-1add889a9822e8e0,2021_Kelly,2021,1.0,False,included,compatible_uncensored_replicate,SSCP-1add889a9822e8e0
PAMPA:7124,GRP-8fea73cb63066b45,2021_Kelly,2021,1.0,False,included,compatible_uncensored_replicate,SSCP-8fea73cb63066b45
PAMPA:7125,GRP-3eef56a53b977bcb,2021_Kelly,2021,1.0,False,included,compatible_uncensored_replicate,SSCP-3eef56a53b977bcb
PAMPA:7126,GRP-f837657097b3840e,2021_Kelly,2021,1.0,False,included,compatible_uncensored_replicate,SSCP-f837657097b3840e
PAMPA:7127,GRP-bfbf4d306cccae47,2021_Kelly,2021,1.0,False,included,compatible_uncensored_replicate,SSCP-bfbf4d306cccae47
PAMPA:7128,GRP-0ae4a3ee8a233391,2021_Kelly,2021,1.0,False,included,compatible_uncensored_replicate,SSCP-0ae4a3ee8a233391
PAMPA:7129,GRP-d750d642dc5dad90,2021_Kelly,2021,1.0,False,included,compatible_uncensored_replicate,SSCP-d750d642dc5dad90
PAMPA:7130,GRP-a7cf07c21bfefc44,2021_Kelly,2021,1.0,False,included,compatible_uncensored_replicate,SSCP-a7cf07c21bfefc44
PAMPA:7131,GRP-d77b17cd93809f24,2021_Kelly,2021,1.0,False,included,compatible_uncensored_replicate,SSCP-d77b17cd93809f24
PAMPA:7132,GRP-98780b8600597b33,2021_Kelly,2021,1.0,False,included,compatible_uncensored_replicate,SSCP-98780b8600597b33
PAMPA:7133,GRP-a117cb3a3794bb73,2021_Kelly,2021,1.0,False,included,compatible_uncensored_replicate,SSCP-a117cb3a3794bb73
PAMPA:7134,GRP-578e91018895358a,2021_Kelly,2021,1.0,False,included,compatible_uncensored_replicate,SSCP-578e91018895358a
PAMPA:7135,GRP-8893c9ff0c79e99f,2021_Kelly,2021,1.0,False,included,compatible_uncensored_replicate,SSCP-8893c9ff0c79e99f
PAMPA:7136,GRP-23885b93b3a73e96,2021_Kelly,2021,1.0,False,included,compatible_uncensored_replicate,SSCP-23885b93b3a73e96
PAMPA:7137,GRP-271e181ea0283a84,2021_Kelly,2021,1.0,False,included,compatible_uncensored_replicate,SSCP-271e181ea0283a84
PAMPA:7138,GRP-3bc76147afe2e55e,2021_Kelly,2021,1.0,False,included,compatible_uncensored_replicate,SSCP-3bc76147afe2e55e
PAMPA:7139,GRP-71d210b5c14ec30b,2021_Kelly,2021,1.0,False,included,compatible_uncensored_replicate,SSCP-71d210b5c14ec30b
PAMPA:7140,GRP-8c08ae3770800a6c,2021_Kelly,2021,1.0,False,included,compatible_uncensored_replicate,SSCP-8c08ae3770800a6c
PAMPA:7141,GRP-201dd664ddb4d6da,2021_Kelly,2021,1.0,False,included,compatible_uncensored_replicate,SSCP-201dd664ddb4d6da
PAMPA:7142,GRP-16d08aba4163ab37,2021_Kelly,2021,1.0,False,included,compatible_uncensored_replicate,SSCP-16d08aba4163ab37
PAMPA:7143,GRP-99e3a68dae410219,2021_Kelly,2021,1.0,False,included,compatible_uncensored_replicate,SSCP-99e3a68dae410219
PAMPA:7144,GRP-8d58b948f6bbe67d,2021_Kelly,2021,1.0,False,included,compatible_uncensored_replicate,SSCP-8d58b948f6bbe67d
PAMPA:7145,GRP-102dd3b66d500791,2021_Kelly,2021,1.0,False,included,compatible_uncensored_replicate,SSCP-102dd3b66d500791
PAMPA:7146,GRP-584390268f0d30e2,2021_Kelly,2021,1.0,False,included,compatible_uncensored_replicate,SSCP-584390268f0d30e2
PAMPA:7147,GRP-39afbc6049a8dce6,2021_Kelly,2021,1.0,False,included,compatible_uncensored_replicate,SSCP-39afbc6049a8dce6
PAMPA:7148,GRP-f98e17fb66d425eb,2021_Kelly,2021,1.0,False,included,compatible_uncensored_replicate,SSCP-f98e17fb66d425eb
PAMPA:7149,GRP-193ae5e1329c1701,2021_Kelly,2021,1.0,False,included,compatible_uncensored_replicate,SSCP-193ae5e1329c1701
PAMPA:7150,GRP-5baa6e4b70e0752b,2021_Kelly,2021,1.0,False,included,compatible_uncensored_replicate,SSCP-5baa6e4b70e0752b
PAMPA:7151,GRP-553d2106b50b4c5a,2021_Kelly,2021,1.0,False,included,compatible_uncensored_replicate,SSCP-553d2106b50b4c5a
PAMPA:7152,GRP-da22cad96c7c0f20,2021_Kelly,2021,1.0,False,included,compatible_uncensored_replicate,SSCP-da22cad96c7c0f20
PAMPA:7153,GRP-6d15fc7d87237bff,2021_Kelly,2021,1.0,False,included,compatible_uncensored_replicate,SSCP-6d15fc7d87237bff
PAMPA:7154,GRP-d77e5404724fc13d,2021_Kelly,2021,1.0,False,included,compatible_uncensored_replicate,SSCP-d77e5404724fc13d
PAMPA:7155,GRP-c2aa11f65c37d64e,2021_Kelly,2021,1.0,False,included,compatible_uncensored_replicate,SSCP-c2aa11f65c37d64e
PAMPA:7156,GRP-976252ee0b357d97,2021_Kelly,2021,1.0,False,included,compatible_uncensored_replicate,SSCP-976252ee0b357d97
PAMPA:7157,GRP-9a97d435043ad3e8,2021_Kelly,2021,1.0,False,included,compatible_uncensored_replicate,SSCP-9a97d435043ad3e8
PAMPA:7158,GRP-f7ac1b5da5b1a000,2021_Kelly,2021,1.0,False,included,compatible_uncensored_replicate,SSCP-f7ac1b5da5b1a000
PAMPA:7159,GRP-f0d1a17a6e5c4bc2,2021_Kelly,2021,1.0,False,included,compatible_uncensored_replicate,SSCP-f0d1a17a6e5c4bc2
PAMPA:7160,GRP-3fd71f5e7d10321b,2021_Kelly,2021,1.0,False,included,compatible_uncensored_replicate,SSCP-3fd71f5e7d10321b
PAMPA:7161,GRP-59e9e1226a923867,2021_Kelly,2021,1.0,False,included,compatible_uncensored_replicate,SSCP-59e9e1226a923867
PAMPA:7162,GRP-7e88d8c1baa8b3b3,2021_Kelly,2021,1.0,False,included,compatible_uncensored_replicate,SSCP-7e88d8c1baa8b3b3
PAMPA:7163,GRP-0e42e4d1c7b56606,2021_Kelly,2021,1.0,False,included,compatible_uncensored_replicate,SSCP-0e42e4d1c7b56606
PAMPA:7164,GRP-2e62bbadb6c2ad8c,2021_Kelly,2021,1.0,False,included,compatible_uncensored_replicate,SSCP-2e62bbadb6c2ad8c
PAMPA:7165,GRP-0e0770c4a7259b85,2021_Kelly,2021,1.0,False,included,compatible_uncensored_replicate,SSCP-0e0770c4a7259b85
PAMPA:7166,GRP-d93ede118168571d,2021_Kelly,2021,1.0,False,included,compatible_uncensored_replicate,SSCP-d93ede118168571d
PAMPA:7167,GRP-863047c460278521,2021_Kelly,2021,1.0,False,included,compatible_uncensored_replicate,SSCP-863047c460278521
PAMPA:7168,GRP-ec0b38db01a1a55e,2021_Kelly,2021,1.0,False,included,compatible_uncensored_replicate,SSCP-ec0b38db01a1a55e
PAMPA:7169,GRP-c26785e93cac04d5,2021_Kelly,2021,1.0,False,included,compatible_uncensored_replicate,SSCP-c26785e93cac04d5
PAMPA:7170,GRP-28fd6c7957fe75e0,2021_Kelly,2021,1.0,False,included,compatible_uncensored_replicate,SSCP-28fd6c7957fe75e0
PAMPA:7171,GRP-bbe6fb7b8a1b1b2e,2021_Kelly,2021,1.0,False,included,compatible_uncensored_replicate,SSCP-bbe6fb7b8a1b1b2e
PAMPA:7172,GRP-928b69aad49bd424,2021_Kelly,2021,1.0,False,included,compatible_uncensored_replicate,SSCP-928b69aad49bd424
PAMPA:7173,GRP-4c8223ca4b1836c4,2021_Kelly,2021,1.0,False,included,compatible_uncensored_replicate,SSCP-4c8223ca4b1836c4
PAMPA:7174,GRP-f6afcd2029c026b1,2021_Kelly,2021,1.0,False,included,compatible_uncensored_replicate,SSCP-f6afcd2029c026b1
PAMPA:7175,GRP-e035d43e32a59bb3,2021_Kelly,2021,1.0,False,included,compatible_uncensored_replicate,SSCP-e035d43e32a59bb3
PAMPA:7176,GRP-0b9d125bbf39e92e,2021_Kelly,2021,1.0,False,included,compatible_uncensored_replicate,SSCP-0b9d125bbf39e92e
PAMPA:7177,GRP-9adc52496d28f135,2021_Kelly,2021,1.0,False,included,compatible_uncensored_replicate,SSCP-9adc52496d28f135
PAMPA:7178,GRP-db29ca746a625e1e,2021_Kelly,2021,1.0,False,included,compatible_uncensored_replicate,SSCP-db29ca746a625e1e
PAMPA:7179,GRP-9f6eaee9ccf6bf0e,2021_Kelly,2021,1.0,False,included,compatible_uncensored_replicate,SSCP-9f6eaee9ccf6bf0e
PAMPA:7180,GRP-9d183cfffd4d18be,2021_Kelly,2021,1.0,False,included,compatible_uncensored_replicate,SSCP-9d183cfffd4d18be
PAMPA:7181,GRP-457da9fdb9bc0c37,2021_Kelly,2021,1.0,False,included,compatible_uncensored_replicate,SSCP-457da9fdb9bc0c37
PAMPA:7182,GRP-7550afb09be8d226,2021_Kelly,2021,1.0,False,included,compatible_uncensored_replicate,SSCP-7550afb09be8d226
PAMPA:7183,GRP-e4ed03d16211a155,2021_Kelly,2021,1.0,False,included,compatible_uncensored_replicate,SSCP-e4ed03d16211a155
PAMPA:7184,GRP-d59d1dded80b90e4,2021_Kelly,2021,1.0,False,included,compatible_uncensored_replicate,SSCP-d59d1dded80b90e4
PAMPA:7185,GRP-34ded1e2a4da452a,2021_Kelly,2021,1.0,False,included,compatible_uncensored_replicate,SSCP-34ded1e2a4da452a
PAMPA:7186,GRP-55e8abfa3a4daff6,2021_Kelly,2021,1.0,False,included,compatible_uncensored_replicate,SSCP-55e8abfa3a4daff6
PAMPA:7187,GRP-b3cdfd3adc8c09fb,2021_Kelly,2021,1.0,False,included,compatible_uncensored_replicate,SSCP-b3cdfd3adc8c09fb
PAMPA:7188,GRP-ee3502256d7e2248,2021_Lee,2021,1.0,False,included,compatible_uncensored_replicate,SSCP-ee3502256d7e2248
PAMPA:7189,GRP-ac6133d5c22cec77,2021_Lee,2021,1.0,False,included,compatible_uncensored_replicate,SSCP-ac6133d5c22cec77
PAMPA:7190,GRP-9cd03db38a7ec7d4,2021_Lee,2021,1.0,False,included,compatible_uncensored_replicate,SSCP-9cd03db38a7ec7d4
PAMPA:7191,GRP-0af6ee6c62a7949b,2021_Lee,2021,1.0,True,excluded,irrecoverably_censored_or_missing_label,
PAMPA:7192,GRP-6880ce68c0337bef,2021_Lee,2021,1.0,True,excluded,irrecoverably_censored_or_missing_label,
PAMPA:7193,GRP-eb90c68bfd3df461,2021_Wang,2021,1.0,False,included,compatible_uncensored_replicate,SSCP-eb90c68bfd3df461
PAMPA:7194,GRP-b6d4576f01d85d32,2021_Wang,2021,1.0,False,included,compatible_uncensored_replicate,SSCP-b6d4576f01d85d32
PAMPA:7195,GRP-2c846825027a3920,2021_Wang,2021,1.0,False,included,compatible_uncensored_replicate,SSCP-2c846825027a3920
PAMPA:7196,GRP-796669264fc927c2,2021_Wang,2021,1.0,False,included,compatible_uncensored_replicate,SSCP-796669264fc927c2
PAMPA:7197,GRP-a228afc2c5d68649,2021_Wang,2021,1.0,False,included,compatible_uncensored_replicate,SSCP-a228afc2c5d68649
PAMPA:7198,GRP-24c108cb70ce761a,2021_Wang,2021,1.0,False,included,compatible_uncensored_replicate,SSCP-24c108cb70ce761a
PAMPA:7199,GRP-e28c37f9a979debd,2021_Wang,2021,1.0,False,included,compatible_uncensored_replicate,SSCP-e28c37f9a979debd
PAMPA:7200,GRP-8dba55907b33685d,2021_Wang,2021,1.0,True,excluded,irrecoverably_censored_or_missing_label,
PAMPA:7201,GRP-d8043df17602cdb2,2021_Wang,2021,1.0,True,excluded,irrecoverably_censored_or_missing_label,
PAMPA:7202,GRP-184b55d347d194f3,2021_Wang,2021,1.0,True,excluded,irrecoverably_censored_or_missing_label,
PAMPA:7203,GRP-98822ec06eaa4d40,2021_Wang,2021,1.0,True,excluded,irrecoverably_censored_or_missing_label,
PAMPA:7204,GRP-db770b7a9fe970db,2021_Wang,2021,1.0,False,included,compatible_uncensored_replicate,SSCP-db770b7a9fe970db
PAMPA:7205,GRP-ed89a7a979b52d39,2021_Wang,2021,1.0,False,included,compatible_uncensored_replicate,SSCP-ed89a7a979b52d39
PAMPA:7206,GRP-8b667005f82aa22d,2021_Wang,2021,1.0,False,included,compatible_uncensored_replicate,SSCP-8b667005f82aa22d
PAMPA:7207,GRP-c68033165baacc63,2021_Wang,2021,1.0,False,included,compatible_uncensored_replicate,SSCP-c68033165baacc63
PAMPA:7208,GRP-5322fde440c05450,2021_Wang,2021,1.0,False,included,compatible_uncensored_replicate,SSCP-5322fde440c05450
PAMPA:7209,GRP-539f26d55658cf97,2021_Wang,2021,1.0,False,included,compatible_uncensored_replicate,SSCP-539f26d55658cf97
PAMPA:7210,GRP-738e6eb1f3fe8710,2021_Wang,2021,1.0,False,included,compatible_uncensored_replicate,SSCP-738e6eb1f3fe8710
PAMPA:7211,GRP-0001914838e8cc4c,2021_Wang,2021,1.0,False,included,compatible_uncensored_replicate,SSCP-0001914838e8cc4c
PAMPA:7212,GRP-bf1ea35eeb354851,2021_Wang,2021,1.0,False,included,compatible_uncensored_replicate,SSCP-bf1ea35eeb354851
PAMPA:7213,GRP-62a8f82ad97cdd43,2021_Wang,2021,1.0,False,included,compatible_uncensored_replicate,SSCP-62a8f82ad97cdd43
PAMPA:7214,GRP-19698cbdb6ad2623,2021_Wang,2021,1.0,False,included,compatible_uncensored_replicate,SSCP-19698cbdb6ad2623
PAMPA:7215,GRP-2c4259cd38fc0962,2021_Wang,2021,1.0,True,excluded,irrecoverably_censored_or_missing_label,
PAMPA:7216,GRP-3b75fb7072da323c,2021_Wang,2021,1.0,True,excluded,irrecoverably_censored_or_missing_label,
PAMPA:7217,GRP-f5dbea11c032ddda,2022_Bhardwaj,2022,1.0,False,included,compatible_uncensored_replicate,SSCP-f5dbea11c032ddda
PAMPA:7218,GRP-725e68767e81495b,2022_Bhardwaj,2022,1.0,False,included,compatible_uncensored_replicate,SSCP-725e68767e81495b
PAMPA:7219,GRP-55decc3a0af9417d,2022_Bhardwaj,2022,1.0,False,included,compatible_uncensored_replicate,SSCP-55decc3a0af9417d
PAMPA:7220,GRP-8c99a842dec28551,2022_Bhardwaj,2022,1.0,False,included,compatible_uncensored_replicate,SSCP-8c99a842dec28551
PAMPA:7221,GRP-4d980f1653a161df,2022_Bhardwaj,2022,1.0,False,included,compatible_uncensored_replicate,SSCP-4d980f1653a161df
PAMPA:7222,GRP-65c60471a443152b,2022_Bhardwaj,2022,1.0,False,included,compatible_uncensored_replicate,SSCP-65c60471a443152b
PAMPA:7223,GRP-e5e124634917ddb0,2022_Bhardwaj,2022,1.0,False,included,compatible_uncensored_replicate,SSCP-e5e124634917ddb0
PAMPA:7224,GRP-1609e70019cc1b15,2022_Bhardwaj,2022,1.0,False,included,compatible_uncensored_replicate,SSCP-1609e70019cc1b15
PAMPA:7225,GRP-aa52d8cafcbf58ab,2022_Bhardwaj,2022,1.0,False,included,compatible_uncensored_replicate,SSCP-aa52d8cafcbf58ab
PAMPA:7226,GRP-00acade7e1578155,2022_Bhardwaj,2022,1.0,False,included,compatible_uncensored_replicate,SSCP-00acade7e1578155
PAMPA:7227,GRP-5201113b43aecbdb,2022_Bhardwaj,2022,1.0,False,included,compatible_uncensored_replicate,SSCP-5201113b43aecbdb
PAMPA:7228,GRP-62df807482ba29bd,2022_Bhardwaj,2022,1.0,False,included,compatible_uncensored_replicate,SSCP-62df807482ba29bd
PAMPA:7229,GRP-c7969aa4c9749852,2022_Bhardwaj,2022,1.0,False,included,compatible_uncensored_replicate,SSCP-c7969aa4c9749852
PAMPA:7230,GRP-42df823fdbc96f09,2022_Bhardwaj,2022,1.0,False,included,compatible_uncensored_replicate,SSCP-42df823fdbc96f09
PAMPA:7231,GRP-43e3ecaa0d6d10f5,2022_Bhardwaj,2022,1.0,False,included,compatible_uncensored_replicate,SSCP-43e3ecaa0d6d10f5
PAMPA:7232,GRP-d5173d6d4aa6cfc7,2022_Bhardwaj,2022,1.0,False,included,compatible_uncensored_replicate,SSCP-d5173d6d4aa6cfc7
PAMPA:7233,GRP-7bae662f454353a4,2022_Bhardwaj,2022,1.0,False,included,compatible_uncensored_replicate,SSCP-7bae662f454353a4
PAMPA:7234,GRP-c77270452867e4a5,2022_Bhardwaj,2022,1.0,False,included,compatible_uncensored_replicate,SSCP-c77270452867e4a5
PAMPA:7235,GRP-8b77ea9adf5c9dee,2022_Bhardwaj,2022,1.0,False,included,compatible_uncensored_replicate,SSCP-8b77ea9adf5c9dee
PAMPA:7236,GRP-c3652648ac95dbd1,2022_Bhardwaj,2022,1.0,False,included,compatible_uncensored_replicate,SSCP-c3652648ac95dbd1
PAMPA:7237,GRP-68f5956e58c892e1,2022_Bhardwaj,2022,1.0,False,included,compatible_uncensored_replicate,SSCP-68f5956e58c892e1
PAMPA:7238,GRP-0a4746f54469dd7f,2022_Bhardwaj,2022,1.0,False,included,compatible_uncensored_replicate,SSCP-0a4746f54469dd7f
PAMPA:7239,GRP-63a5e9558fd2a4c7,2022_Bhardwaj,2022,1.0,False,included,compatible_uncensored_replicate,SSCP-63a5e9558fd2a4c7
PAMPA:7240,GRP-368aa099adb6045e,2022_Bhardwaj,2022,1.0,False,included,compatible_uncensored_replicate,SSCP-368aa099adb6045e
PAMPA:7241,GRP-907defa035dfc7d5,2022_Bhardwaj,2022,1.0,False,included,compatible_uncensored_replicate,SSCP-907defa035dfc7d5
PAMPA:7242,GRP-a9b145b440fe5a2a,2022_Bhardwaj,2022,1.0,False,included,compatible_uncensored_replicate,SSCP-a9b145b440fe5a2a
PAMPA:7243,GRP-18327c67c84a5749,2022_Bhardwaj,2022,1.0,False,included,compatible_uncensored_replicate,SSCP-18327c67c84a5749
PAMPA:7244,GRP-1186e9d99ba37751,2022_Bhardwaj,2022,1.0,False,included,compatible_uncensored_replicate,SSCP-1186e9d99ba37751
PAMPA:7245,GRP-ea1653bad3e9b117,2022_Bhardwaj,2022,1.0,False,included,compatible_uncensored_replicate,SSCP-ea1653bad3e9b117
PAMPA:7246,GRP-7edd92fceb8b2d8a,2022_Bhardwaj,2022,1.0,False,included,compatible_uncensored_replicate,SSCP-7edd92fceb8b2d8a
PAMPA:7247,GRP-85050a5894d7ed64,2022_Bhardwaj,2022,1.0,False,included,compatible_uncensored_replicate,SSCP-85050a5894d7ed64
PAMPA:7248,GRP-fe1c6a7c6763027e,2022_Bhardwaj,2022,1.0,False,included,compatible_uncensored_replicate,SSCP-fe1c6a7c6763027e
PAMPA:7249,GRP-d4e5d82c87b34206,2022_Bhardwaj,2022,1.0,False,included,compatible_uncensored_replicate,SSCP-d4e5d82c87b34206
PAMPA:7250,GRP-5913e3ebf013ebd7,2022_Bhardwaj,2022,1.0,False,included,compatible_uncensored_replicate,SSCP-5913e3ebf013ebd7
PAMPA:7251,GRP-d9136674d340a785,2022_Bhardwaj,2022,1.0,False,included,compatible_uncensored_replicate,SSCP-d9136674d340a785
PAMPA:7252,GRP-3f1afa7babd30f80,2022_Bhardwaj,2022,1.0,False,included,compatible_uncensored_replicate,SSCP-3f1afa7babd30f80
PAMPA:7253,GRP-04ceeb53c793ecd2,2022_Bhardwaj,2022,1.0,False,included,compatible_uncensored_replicate,SSCP-04ceeb53c793ecd2
PAMPA:7254,GRP-5e5e8eefd65eabcb,2022_Bhardwaj,2022,1.0,False,included,compatible_uncensored_replicate,SSCP-5e5e8eefd65eabcb
PAMPA:7255,GRP-1b4a961c5815157e,2022_Bhardwaj,2022,1.0,False,included,compatible_uncensored_replicate,SSCP-1b4a961c5815157e
PAMPA:7256,GRP-e5b072e862a41f9a,2022_Bhardwaj,2022,1.0,False,included,compatible_uncensored_replicate,SSCP-e5b072e862a41f9a
PAMPA:7257,GRP-26fa47761fd002ca,2022_Bhardwaj,2022,1.0,False,included,compatible_uncensored_replicate,SSCP-26fa47761fd002ca
PAMPA:7258,GRP-73a8a2d5efc5aff1,2022_Bhardwaj,2022,1.0,False,included,compatible_uncensored_replicate,SSCP-73a8a2d5efc5aff1
PAMPA:7259,GRP-ddae6950ee46c9c7,2022_Bhardwaj,2022,1.0,False,included,compatible_uncensored_replicate,SSCP-ddae6950ee46c9c7
PAMPA:7260,GRP-cc8a319d6c2e2266,2022_Bhardwaj,2022,1.0,False,included,compatible_uncensored_replicate,SSCP-cc8a319d6c2e2266
PAMPA:7261,GRP-642757e4723b7b93,2022_Bhardwaj,2022,1.0,False,included,compatible_uncensored_replicate,SSCP-642757e4723b7b93
PAMPA:7262,GRP-8687fc07b40c039c,2022_Bhardwaj,2022,1.0,False,included,compatible_uncensored_replicate,SSCP-8687fc07b40c039c
PAMPA:7263,GRP-71965552fda4da58,2022_Bhardwaj,2022,1.0,False,included,compatible_uncensored_replicate,SSCP-71965552fda4da58
PAMPA:7264,GRP-30805901f9db2c9e,2022_Bhardwaj,2022,1.0,False,included,compatible_uncensored_replicate,SSCP-30805901f9db2c9e
PAMPA:7266,GRP-6d40ec813359c348,2022_Bhardwaj,2022,1.0,False,included,compatible_uncensored_replicate,SSCP-6d40ec813359c348
PAMPA:7267,GRP-756438497dfbd3c6,2022_Bhardwaj,2022,1.0,False,included,compatible_uncensored_replicate,SSCP-756438497dfbd3c6
PAMPA:7268,GRP-69bb6909865761fd,2022_Bhardwaj,2022,1.0,False,included,compatible_uncensored_replicate,SSCP-69bb6909865761fd
PAMPA:7269,GRP-19c12ff4ad3ddba3,2022_Bhardwaj,2022,1.0,False,included,compatible_uncensored_replicate,SSCP-19c12ff4ad3ddba3
PAMPA:7270,GRP-207e08c72e94c09c,2022_Bhardwaj,2022,1.0,False,included,compatible_uncensored_replicate,SSCP-207e08c72e94c09c
PAMPA:7271,GRP-b47a81149528e56e,2022_Bhardwaj,2022,1.0,False,included,compatible_uncensored_replicate,SSCP-b47a81149528e56e
PAMPA:7272,GRP-bb0e3abee4e78b32,2022_Bhardwaj,2022,1.0,False,included,compatible_uncensored_replicate,SSCP-bb0e3abee4e78b32
PAMPA:7273,GRP-4b97acbffaec6aeb,2022_Bhardwaj,2022,1.0,False,included,compatible_uncensored_replicate,SSCP-4b97acbffaec6aeb
PAMPA:7274,GRP-50777b93424adb5b,2022_Bhardwaj,2022,1.0,False,included,compatible_uncensored_replicate,SSCP-50777b93424adb5b
PAMPA:7275,GRP-b54d8ef742dd22d3,2022_Bhardwaj,2022,1.0,False,included,compatible_uncensored_replicate,SSCP-b54d8ef742dd22d3
PAMPA:7276,GRP-c185807c05eda0ea,2022_Bhardwaj,2022,1.0,False,included,compatible_uncensored_replicate,SSCP-c185807c05eda0ea
PAMPA:7277,GRP-131b5d7979b7b83c,2022_Bhardwaj,2022,1.0,False,included,compatible_uncensored_replicate,SSCP-131b5d7979b7b83c
PAMPA:7278,GRP-66f4f6382dbed81b,2022_Bhardwaj,2022,1.0,False,included,compatible_uncensored_replicate,SSCP-66f4f6382dbed81b
PAMPA:7279,GRP-b5875430d3053f6c,2022_Bhardwaj,2022,1.0,False,included,compatible_uncensored_replicate,SSCP-b5875430d3053f6c
PAMPA:7280,GRP-f7f426af6eea6fb7,2022_Bhardwaj,2022,1.0,False,included,compatible_uncensored_replicate,SSCP-f7f426af6eea6fb7
PAMPA:7281,GRP-67f2994fe858dc24,2022_Bhardwaj,2022,1.0,False,included,compatible_uncensored_replicate,SSCP-67f2994fe858dc24
PAMPA:7282,GRP-ed921128bd97a919,2022_Bhardwaj,2022,1.0,False,included,compatible_uncensored_replicate,SSCP-ed921128bd97a919
PAMPA:7283,GRP-315dcce793efdce8,2022_Bhardwaj,2022,1.0,False,included,compatible_uncensored_replicate,SSCP-315dcce793efdce8
PAMPA:7284,GRP-9d249510625e0baf,2022_Bhardwaj,2022,1.0,False,included,compatible_uncensored_replicate,SSCP-9d249510625e0baf
PAMPA:7285,GRP-c674253475731a90,2022_Bhardwaj,2022,1.0,False,included,compatible_uncensored_replicate,SSCP-c674253475731a90
PAMPA:7286,GRP-c66297885f1c00e7,2022_Bhardwaj,2022,1.0,False,included,compatible_uncensored_replicate,SSCP-c66297885f1c00e7
PAMPA:7287,GRP-63a14adabc14c7cf,2022_Bhardwaj,2022,1.0,False,included,compatible_uncensored_replicate,SSCP-63a14adabc14c7cf
PAMPA:7288,GRP-a20e03c2f6ecc793,2022_Bhardwaj,2022,1.0,False,included,compatible_uncensored_replicate,SSCP-a20e03c2f6ecc793
PAMPA:7289,GRP-685ca0d417ffb984,2022_Bhardwaj,2022,1.0,False,included,compatible_uncensored_replicate,SSCP-685ca0d417ffb984
PAMPA:7290,GRP-e77833419c237620,2022_Bhardwaj,2022,1.0,False,included,compatible_uncensored_replicate,SSCP-e77833419c237620
PAMPA:7291,GRP-1e8f5b052357e81e,2022_Bhardwaj,2022,1.0,False,included,compatible_uncensored_replicate,SSCP-1e8f5b052357e81e
PAMPA:7292,GRP-1575d20e43087934,2022_Bhardwaj,2022,1.0,False,included,compatible_uncensored_replicate,SSCP-1575d20e43087934
PAMPA:7293,GRP-29de71b59cf3cc45,2022_Bhardwaj,2022,1.0,False,included,compatible_uncensored_replicate,SSCP-29de71b59cf3cc45
PAMPA:7294,GRP-df1551d92452d376,2022_Bhardwaj,2022,1.0,False,included,compatible_uncensored_replicate,SSCP-df1551d92452d376
PAMPA:7295,GRP-d8f88e7944a3d7d0,2022_Bhardwaj,2022,1.0,False,included,compatible_uncensored_replicate,SSCP-d8f88e7944a3d7d0
PAMPA:7296,GRP-11b61732358eefaa,2022_Bhardwaj,2022,1.0,False,included,compatible_uncensored_replicate,SSCP-11b61732358eefaa
PAMPA:7297,GRP-84d287ad721484c9,2022_Bhardwaj,2022,1.0,False,included,compatible_uncensored_replicate,SSCP-84d287ad721484c9
PAMPA:7298,GRP-8106b3436dd50b2d,2022_Bhardwaj,2022,1.0,False,included,compatible_uncensored_replicate,SSCP-8106b3436dd50b2d
PAMPA:7299,GRP-e617d3a6dcb79826,2022_Bhardwaj,2022,1.0,False,included,compatible_uncensored_replicate,SSCP-e617d3a6dcb79826
PAMPA:7302,GRP-4d1dde8872f0ef29,2022_Bhardwaj,2022,1.0,False,included,compatible_uncensored_replicate,SSCP-4d1dde8872f0ef29
PAMPA:7303,GRP-e8018902f3846ad4,2022_Bhardwaj,2022,1.0,False,included,compatible_uncensored_replicate,SSCP-e8018902f3846ad4
PAMPA:7304,GRP-63ae937778ecb74f,2022_Bhardwaj,2022,1.0,False,included,compatible_uncensored_replicate,SSCP-63ae937778ecb74f
PAMPA:7305,GRP-65cd54f0f99fc83d,2022_Bhardwaj,2022,1.0,False,included,compatible_uncensored_replicate,SSCP-65cd54f0f99fc83d
PAMPA:7306,GRP-53f7decada88f06a,2022_Bhardwaj,2022,1.0,False,included,compatible_uncensored_replicate,SSCP-53f7decada88f06a
PAMPA:7307,GRP-8d213d61c0b1f085,2022_Bhardwaj,2022,1.0,False,included,compatible_uncensored_replicate,SSCP-8d213d61c0b1f085
PAMPA:7308,GRP-90699ac5e563a7a4,2022_Bhardwaj,2022,1.0,False,included,compatible_uncensored_replicate,SSCP-90699ac5e563a7a4
PAMPA:7309,GRP-449ae97c6ef59428,2022_Bhardwaj,2022,1.0,False,included,compatible_uncensored_replicate,SSCP-449ae97c6ef59428
PAMPA:7310,GRP-eb936a29d4a4ee6d,2022_Bhardwaj,2022,1.0,False,included,compatible_uncensored_replicate,SSCP-eb936a29d4a4ee6d
PAMPA:7311,GRP-71a18ad6dee65a6e,2022_Bhardwaj,2022,1.0,False,included,compatible_uncensored_replicate,SSCP-71a18ad6dee65a6e
PAMPA:7312,GRP-2df5247719d77f2d,2022_Bhardwaj,2022,1.0,False,included,compatible_uncensored_replicate,SSCP-2df5247719d77f2d
PAMPA:7313,GRP-f9142513b432edd8,2022_Bhardwaj,2022,1.0,False,included,compatible_uncensored_replicate,SSCP-f9142513b432edd8
PAMPA:7314,GRP-ef0baf881043bedf,2022_Bhardwaj,2022,1.0,False,included,compatible_uncensored_replicate,SSCP-ef0baf881043bedf
PAMPA:7315,GRP-2bf9fc7d4f3a0098,2022_Bhardwaj,2022,1.0,False,included,compatible_uncensored_replicate,SSCP-2bf9fc7d4f3a0098
PAMPA:7316,GRP-1923cd9b497f44f7,2022_Bhardwaj,2022,1.0,False,included,compatible_uncensored_replicate,SSCP-1923cd9b497f44f7
PAMPA:7317,GRP-fe165989b7e5bd50,2022_Bhardwaj,2022,1.0,False,included,compatible_uncensored_replicate,SSCP-fe165989b7e5bd50
PAMPA:7318,GRP-e5a10db5959d43e1,2022_Bhardwaj,2022,1.0,False,included,compatible_uncensored_replicate,SSCP-e5a10db5959d43e1
PAMPA:7319,GRP-19f9b96bae6ee55f,2022_Bhardwaj,2022,1.0,False,included,compatible_uncensored_replicate,SSCP-19f9b96bae6ee55f
PAMPA:7320,GRP-86cdf2a097269c09,2022_Bhardwaj,2022,1.0,False,included,compatible_uncensored_replicate,SSCP-86cdf2a097269c09
PAMPA:7321,GRP-15b78ba72a507bbc,2022_Bhardwaj,2022,1.0,False,included,compatible_uncensored_replicate,SSCP-15b78ba72a507bbc
PAMPA:7322,GRP-e0c0c9a7c316729a,2022_Bhardwaj,2022,1.0,False,included,compatible_uncensored_replicate,SSCP-e0c0c9a7c316729a
PAMPA:7323,GRP-c5641ffa39953e1a,2022_Bhardwaj,2022,1.0,False,included,compatible_uncensored_replicate,SSCP-c5641ffa39953e1a
PAMPA:7324,GRP-de2e08c17abc8756,2022_Bhardwaj,2022,1.0,False,included,compatible_uncensored_replicate,SSCP-de2e08c17abc8756
PAMPA:7325,GRP-72ac71a18d20ad21,2022_Bhardwaj,2022,1.0,False,included,compatible_uncensored_replicate,SSCP-72ac71a18d20ad21
PAMPA:7326,GRP-bc68b1db276c7fad,2022_Bhardwaj,2022,1.0,False,included,compatible_uncensored_replicate,SSCP-bc68b1db276c7fad
PAMPA:7327,GRP-7184b29aa7e258ee,2022_Bhardwaj,2022,1.0,False,included,compatible_uncensored_replicate,SSCP-7184b29aa7e258ee
PAMPA:7328,GRP-50dc292758f67529,2022_Bhardwaj,2022,1.0,False,included,compatible_uncensored_replicate,SSCP-50dc292758f67529
PAMPA:7329,GRP-5208a0c4ee3b53b5,2022_Bhardwaj,2022,1.0,False,included,compatible_uncensored_replicate,SSCP-5208a0c4ee3b53b5
PAMPA:7330,GRP-5bed57e481076146,2022_Bhardwaj,2022,1.0,False,included,compatible_uncensored_replicate,SSCP-5bed57e481076146
PAMPA:7331,GRP-e621baddf9d0aa1e,2022_Bhardwaj,2022,1.0,False,included,compatible_uncensored_replicate,SSCP-e621baddf9d0aa1e
PAMPA:7332,GRP-f4dc9c6418eb0c21,2022_Bhardwaj,2022,1.0,False,included,compatible_uncensored_replicate,SSCP-f4dc9c6418eb0c21
PAMPA:7333,GRP-2e4724259bc52420,2022_Bhardwaj,2022,1.0,False,included,compatible_uncensored_replicate,SSCP-2e4724259bc52420
PAMPA:7334,GRP-38f7e0e5f2a31696,2022_Bhardwaj,2022,1.0,False,included,compatible_uncensored_replicate,SSCP-38f7e0e5f2a31696
PAMPA:7335,GRP-9ef800787eb9c187,2022_Bhardwaj,2022,1.0,False,included,compatible_uncensored_replicate,SSCP-9ef800787eb9c187
PAMPA:7336,GRP-c236a04ce941a7a9,2022_Bhardwaj,2022,1.0,False,included,compatible_uncensored_replicate,SSCP-c236a04ce941a7a9
PAMPA:7337,GRP-28e03c68009a8d65,2022_Bhardwaj,2022,1.0,False,included,compatible_uncensored_replicate,SSCP-28e03c68009a8d65
PAMPA:7338,GRP-9eb3f601fd20befc,2022_Bhardwaj,2022,1.0,False,included,compatible_uncensored_replicate,SSCP-9eb3f601fd20befc
PAMPA:7339,GRP-4ce17de81212f681,2022_Bhardwaj,2022,1.0,False,included,compatible_uncensored_replicate,SSCP-4ce17de81212f681
PAMPA:7340,GRP-adbb6b0f06d3e82e,2022_Bhardwaj,2022,1.0,False,included,compatible_uncensored_replicate,SSCP-adbb6b0f06d3e82e
PAMPA:7341,GRP-aff4bf61e576d476,2022_Bhardwaj,2022,1.0,False,included,compatible_uncensored_replicate,SSCP-aff4bf61e576d476
PAMPA:7342,GRP-71f4c151f81175be,2022_Bhardwaj,2022,1.0,False,included,compatible_uncensored_replicate,SSCP-71f4c151f81175be
PAMPA:7343,GRP-2071af5408ad12b7,2022_Bhardwaj,2022,1.0,False,included,compatible_uncensored_replicate,SSCP-2071af5408ad12b7
PAMPA:7344,GRP-c8dad88bb1a00d9b,2022_Bhardwaj,2022,1.0,False,included,compatible_uncensored_replicate,SSCP-c8dad88bb1a00d9b
PAMPA:7345,GRP-1927eb875164cb04,2022_Bhardwaj,2022,1.0,False,included,compatible_uncensored_replicate,SSCP-1927eb875164cb04
PAMPA:7346,GRP-692c6fb69626354b,2022_Bhardwaj,2022,1.0,False,included,compatible_uncensored_replicate,SSCP-692c6fb69626354b
PAMPA:7347,GRP-db4e2b9235013cb0,2022_Bhardwaj,2022,1.0,False,included,compatible_uncensored_replicate,SSCP-db4e2b9235013cb0
PAMPA:7348,GRP-2602db4ec319e199,2022_Bhardwaj,2022,1.0,False,included,compatible_uncensored_replicate,SSCP-2602db4ec319e199
PAMPA:7349,GRP-41dc8b4dd905e546,2022_Bhardwaj,2022,1.0,False,included,compatible_uncensored_replicate,SSCP-41dc8b4dd905e546
PAMPA:7350,GRP-b3de8f309b6803b4,2022_Bhardwaj,2022,1.0,False,included,compatible_uncensored_replicate,SSCP-b3de8f309b6803b4
PAMPA:7351,GRP-388a2b3c6e10eae9,2022_Bhardwaj,2022,1.0,False,included,compatible_uncensored_replicate,SSCP-388a2b3c6e10eae9
PAMPA:7352,GRP-42da6ef2784a9aff,2022_Bhardwaj,2022,1.0,False,included,compatible_uncensored_replicate,SSCP-42da6ef2784a9aff
PAMPA:7353,GRP-99d8651aed85aa3d,2022_Lee,2022,1.0,False,included,compatible_uncensored_replicate,SSCP-99d8651aed85aa3d
PAMPA:7354,GRP-53ed065fab0622b5,2022_Lee,2022,1.0,False,included,compatible_uncensored_replicate,SSCP-53ed065fab0622b5
PAMPA:7355,GRP-10f6b2730268bb94,2022_Lee,2022,1.0,False,included,compatible_uncensored_replicate,SSCP-10f6b2730268bb94
PAMPA:7356,GRP-863e3b3f391f396b,2022_Lee,2022,1.0,False,included,compatible_uncensored_replicate,SSCP-863e3b3f391f396b
PAMPA:7357,GRP-a8df77e2c14fb8a6,2022_Lee,2022,1.0,False,included,compatible_uncensored_replicate,SSCP-a8df77e2c14fb8a6
PAMPA:7358,GRP-7ddb9c963b43ebfb,2022_Lee,2022,1.0,False,included,compatible_uncensored_replicate,SSCP-7ddb9c963b43ebfb
PAMPA:7359,GRP-82192fcc1c7c228b,2022_Lee,2022,1.0,False,included,compatible_uncensored_replicate,SSCP-82192fcc1c7c228b
PAMPA:7360,GRP-8a3588a3e9a9bcb4,2022_Lee,2022,1.0,False,included,compatible_uncensored_replicate,SSCP-8a3588a3e9a9bcb4
PAMPA:7361,GRP-691d6c05b3d1192b,2022_Lee,2022,1.0,False,included,compatible_uncensored_replicate,SSCP-691d6c05b3d1192b
PAMPA:7362,GRP-54978f19fc5e9a5d,2022_Lee,2022,1.0,True,excluded,irrecoverably_censored_or_missing_label,
PAMPA:7363,GRP-88af56309f5d363c,2022_Lee,2022,1.0,False,included,compatible_uncensored_replicate,SSCP-88af56309f5d363c
PAMPA:7364,GRP-f7722d3f0ca11434,2022_Lee,2022,1.0,False,included,compatible_uncensored_replicate,SSCP-f7722d3f0ca11434
PAMPA:7365,GRP-5d2a65cf16aa2172,2022_Lee,2022,1.0,False,included,compatible_uncensored_replicate,SSCP-5d2a65cf16aa2172
PAMPA:7366,GRP-cd9a83476a58887f,2022_Lee,2022,1.0,False,included,compatible_uncensored_replicate,SSCP-cd9a83476a58887f
PAMPA:7367,GRP-a4e689f48361adc8,2022_Lee,2022,1.0,False,included,compatible_uncensored_replicate,SSCP-a4e689f48361adc8
PAMPA:7368,GRP-547d5a9beebfd7c2,2022_Lee,2022,1.0,False,included,compatible_uncensored_replicate,SSCP-547d5a9beebfd7c2
PAMPA:7369,GRP-e49cc47f1f48f514,2022_Lee,2022,1.0,False,included,compatible_uncensored_replicate,SSCP-e49cc47f1f48f514
PAMPA:7370,GRP-5feb74b31f4855b3,2022_Lee,2022,1.0,False,included,compatible_uncensored_replicate,SSCP-5feb74b31f4855b3
PAMPA:7371,GRP-9ddf195e3399a48e,2022_Lee,2022,1.0,False,included,compatible_uncensored_replicate,SSCP-9ddf195e3399a48e
PAMPA:7372,GRP-2661382902887702,2022_Lee,2022,1.0,False,included,compatible_uncensored_replicate,SSCP-2661382902887702
PAMPA:7373,GRP-9fcbd77473791a8f,2022_Lee,2022,1.0,False,included,compatible_uncensored_replicate,SSCP-9fcbd77473791a8f
PAMPA:7374,GRP-69cf939cfd823993,2022_Lee,2022,1.0,True,excluded,irrecoverably_censored_or_missing_label,
PAMPA:7375,GRP-32ffd5843469ad68,2022_Lee,2022,1.0,False,included,compatible_uncensored_replicate,SSCP-32ffd5843469ad68
PAMPA:7376,GRP-c1ab6353f4326d5a,2022_Lee,2022,1.0,True,excluded,irrecoverably_censored_or_missing_label,
PAMPA:7377,GRP-49c54d948f0e611c,2022_Saunders,2022,1.0,True,excluded,irrecoverably_censored_or_missing_label,
PAMPA:7378,GRP-21b17ba1eb901efe,2022_Saunders,2022,1.0,False,included,compatible_uncensored_replicate,SSCP-21b17ba1eb901efe
PAMPA:7379,GRP-f7fe57d191dd271c,2022_Saunders,2022,1.0,False,included,compatible_uncensored_replicate,SSCP-f7fe57d191dd271c
PAMPA:7380,GRP-58057f04e269ebd8,2022_Saunders,2022,1.0,False,included,compatible_uncensored_replicate,SSCP-58057f04e269ebd8
PAMPA:7381,GRP-6cb38d46048c68d4,2022_Saunders,2022,1.0,False,included,compatible_uncensored_replicate,SSCP-6cb38d46048c68d4
PAMPA:7382,GRP-bd8c4a181faa96a1,2022_Saunders,2022,1.0,False,included,compatible_uncensored_replicate,SSCP-bd8c4a181faa96a1
PAMPA:7383,GRP-f19aee5670456402,2022_Saunders,2022,1.0,False,included,compatible_uncensored_replicate,SSCP-f19aee5670456402
PAMPA:7384,GRP-ff4a1a307b4a9af9,2022_Saunders,2022,1.0,False,included,compatible_uncensored_replicate,SSCP-ff4a1a307b4a9af9
PAMPA:7385,GRP-4bd48f96c9fe603b,2022_Saunders,2022,1.0,False,included,compatible_uncensored_replicate,SSCP-4bd48f96c9fe603b
PAMPA:7386,GRP-627ec2eb9494d256,2022_Saunders,2022,1.0,False,included,compatible_uncensored_replicate,SSCP-627ec2eb9494d256
PAMPA:7387,GRP-ca3044e9745737e6,2022_Saunders,2022,1.0,False,included,compatible_uncensored_replicate,SSCP-ca3044e9745737e6
PAMPA:7388,GRP-1516fcddbfa2beb2,2022_Taechalertpaisarn,2022,1.0,False,included,compatible_uncensored_replicate,SSCP-1516fcddbfa2beb2
PAMPA:7389,GRP-b1964409bbc91f68,2022_Taechalertpaisarn,2022,1.0,False,included,compatible_uncensored_replicate,SSCP-b1964409bbc91f68
PAMPA:7390,GRP-baa07a896e706b41,2022_Taechalertpaisarn,2022,1.0,False,included,compatible_uncensored_replicate,SSCP-baa07a896e706b41
PAMPA:7391,GRP-6c053cdd9f35e63a,2022_Taechalertpaisarn,2022,1.0,False,included,compatible_uncensored_replicate,SSCP-6c053cdd9f35e63a
PAMPA:7392,GRP-770b069541be9fba,2022_Taechalertpaisarn,2022,1.0,False,included,compatible_uncensored_replicate,SSCP-770b069541be9fba
PAMPA:7393,GRP-8cb7665ca135bce7,2022_Taechalertpaisarn,2022,1.0,False,included,compatible_uncensored_replicate,SSCP-8cb7665ca135bce7
PAMPA:7394,GRP-e884c36e818aedbb,2022_Taechalertpaisarn,2022,1.0,False,included,compatible_uncensored_replicate,SSCP-e884c36e818aedbb
PAMPA:7395,GRP-8e42757a8efda1b2,2022_Taechalertpaisarn,2022,1.0,False,included,compatible_uncensored_replicate,SSCP-8e42757a8efda1b2
PAMPA:7396,GRP-dc992162f58a3b1b,2022_Taechalertpaisarn,2022,1.0,False,included,compatible_uncensored_replicate,SSCP-dc992162f58a3b1b
PAMPA:7397,GRP-498095d1af8ea966,2022_Taechalertpaisarn,2022,1.0,False,included,compatible_uncensored_replicate,SSCP-498095d1af8ea966
PAMPA:7398,GRP-49e4e551f3d56715,2022_Taechalertpaisarn,2022,1.0,False,included,compatible_uncensored_replicate,SSCP-49e4e551f3d56715
PAMPA:7399,GRP-e6fb51efd20ff1b3,2022_Taechalertpaisarn,2022,1.0,False,included,compatible_uncensored_replicate,SSCP-e6fb51efd20ff1b3
PAMPA:7400,GRP-b22f5b1cab3d4692,2022_Taechalertpaisarn,2022,1.0,False,included,compatible_uncensored_replicate,SSCP-b22f5b1cab3d4692
PAMPA:7401,GRP-ff8976d045ec48d6,2022_Taechalertpaisarn,2022,1.0,False,included,compatible_uncensored_replicate,SSCP-ff8976d045ec48d6
PAMPA:7402,GRP-d1543db864b56947,2022_Taechalertpaisarn,2022,1.0,False,included,compatible_uncensored_replicate,SSCP-d1543db864b56947
PAMPA:7403,GRP-91e6786f75ab8508,2022_Taechalertpaisarn,2022,1.0,False,included,compatible_uncensored_replicate,SSCP-91e6786f75ab8508
PAMPA:7404,GRP-c0f62b84863733f3,2022_Taechalertpaisarn,2022,1.0,False,included,compatible_uncensored_replicate,SSCP-c0f62b84863733f3
PAMPA:7405,GRP-83380b0ae1b1e651,2022_Taechalertpaisarn,2022,1.0,False,included,compatible_uncensored_replicate,SSCP-83380b0ae1b1e651
PAMPA:7406,GRP-b4966eac71787b12,2022_Taechalertpaisarn,2022,1.0,False,included,compatible_uncensored_replicate,SSCP-b4966eac71787b12
PAMPA:7407,GRP-399f1432f41dbb90,2022_Taechalertpaisarn,2022,1.0,False,included,compatible_uncensored_replicate,SSCP-399f1432f41dbb90
PAMPA:7408,GRP-3795632927db465e,2022_Taechalertpaisarn,2022,1.0,False,included,compatible_uncensored_replicate,SSCP-3795632927db465e
PAMPA:7409,GRP-0cb6e66d54399921,2022_Taechalertpaisarn,2022,1.0,False,included,compatible_uncensored_replicate,SSCP-0cb6e66d54399921
PAMPA:7410,GRP-5771352555f7f37c,2022_Taechalertpaisarn,2022,1.0,False,included,compatible_uncensored_replicate,SSCP-5771352555f7f37c
PAMPA:7411,GRP-ff8976d045ec48d6,2022_Taechalertpaisarn,2022,1.0,False,included,compatible_uncensored_replicate,SSCP-ff8976d045ec48d6
PAMPA:7412,GRP-a33fad52232e009d,2022_Taechalertpaisarn,2022,1.0,False,included,compatible_uncensored_replicate,SSCP-a33fad52232e009d
PAMPA:7413,GRP-3c320e777c23e63f,2022_Taechalertpaisarn,2022,1.0,False,included,compatible_uncensored_replicate,SSCP-3c320e777c23e63f
PAMPA:7414,GRP-422821ced2847995,2022_Taechalertpaisarn,2022,1.0,False,included,compatible_uncensored_replicate,SSCP-422821ced2847995
PAMPA:7415,GRP-fc5ff837806c1a91,2022_Taechalertpaisarn,2022,1.0,False,included,compatible_uncensored_replicate,SSCP-fc5ff837806c1a91
PAMPA:7416,GRP-1f9366cc7254b1c7,2022_Taechalertpaisarn,2022,1.0,False,included,compatible_uncensored_replicate,SSCP-1f9366cc7254b1c7
PAMPA:7417,GRP-f8e0b827f57e785e,2022_Taechalertpaisarn,2022,1.0,False,included,compatible_uncensored_replicate,SSCP-f8e0b827f57e785e
PAMPA:7418,GRP-81b4d74e71f12f29,2022_Taechalertpaisarn,2022,1.0,False,included,compatible_uncensored_replicate,SSCP-81b4d74e71f12f29
PAMPA:7419,GRP-07f74b125f8ecb56,2022_Taechalertpaisarn,2022,1.0,False,included,compatible_uncensored_replicate,SSCP-07f74b125f8ecb56
PAMPA:7420,GRP-42d3177ef418c584,2022_Taechalertpaisarn,2022,1.0,False,included,compatible_uncensored_replicate,SSCP-42d3177ef418c584
PAMPA:7421,GRP-2377379416ef5de4,2022_Taechalertpaisarn,2022,1.0,False,included,compatible_uncensored_replicate,SSCP-2377379416ef5de4
PAMPA:7422,GRP-a8fecaffb75b742a,2022_Taechalertpaisarn,2022,1.0,False,included,compatible_uncensored_replicate,SSCP-a8fecaffb75b742a
PAMPA:7423,GRP-b9d7ca6eac6353b7,2022_Taechalertpaisarn,2022,1.0,False,included,compatible_uncensored_replicate,SSCP-b9d7ca6eac6353b7
PAMPA:7424,GRP-254283ec79ea2b29,2022_Taechalertpaisarn,2022,1.0,False,included,compatible_uncensored_replicate,SSCP-254283ec79ea2b29
PAMPA:7425,GRP-9bcd95e33eb90614,2022_Taechalertpaisarn,2022,1.0,False,included,compatible_uncensored_replicate,SSCP-9bcd95e33eb90614
PAMPA:7426,GRP-d1543db864b56947,2022_Taechalertpaisarn,2022,1.0,False,included,compatible_uncensored_replicate,SSCP-d1543db864b56947
PAMPA:7427,GRP-e6285f8f968adbe9,2022_Taechalertpaisarn,2022,1.0,False,included,compatible_uncensored_replicate,SSCP-e6285f8f968adbe9
PAMPA:7428,GRP-58e7aeb332a3c5bd,2022_Taechalertpaisarn,2022,1.0,False,included,compatible_uncensored_replicate,SSCP-58e7aeb332a3c5bd
PAMPA:7429,GRP-f79053ecbd26f6b6,2022_Taechalertpaisarn,2022,1.0,False,included,compatible_uncensored_replicate,SSCP-f79053ecbd26f6b6
PAMPA:7430,GRP-3a8dc9e0bba4105d,2022_Taechalertpaisarn,2022,1.0,False,included,compatible_uncensored_replicate,SSCP-3a8dc9e0bba4105d
PAMPA:7431,GRP-ee9c3b3ffbfc80d6,2022_Taechalertpaisarn,2022,1.0,False,included,compatible_uncensored_replicate,SSCP-ee9c3b3ffbfc80d6
PAMPA:7432,GRP-4da2a47fe63c6856,2022_Taechalertpaisarn,2022,1.0,False,included,compatible_uncensored_replicate,SSCP-4da2a47fe63c6856
PAMPA:7433,GRP-c375826a551c61d9,2022_Taechalertpaisarn,2022,1.0,False,included,compatible_uncensored_replicate,SSCP-c375826a551c61d9
PAMPA:7434,GRP-5528d99a80642384,2022_Taechalertpaisarn,2022,1.0,False,included,compatible_uncensored_replicate,SSCP-5528d99a80642384
PAMPA:7435,GRP-4facc48fc97cccf4,2022_Taechalertpaisarn,2022,1.0,False,included,compatible_uncensored_replicate,SSCP-4facc48fc97cccf4
PAMPA:7436,GRP-1b1fbd497a01653d,2022_Taechalertpaisarn,2022,1.0,False,included,compatible_uncensored_replicate,SSCP-1b1fbd497a01653d
PAMPA:7437,GRP-6b71567e2a2d532e,2022_Taechalertpaisarn,2022,1.0,False,included,compatible_uncensored_replicate,SSCP-6b71567e2a2d532e
PAMPA:7438,GRP-f6212986907a0949,2022_Taechalertpaisarn,2022,1.0,False,included,compatible_uncensored_replicate,SSCP-f6212986907a0949
PAMPA:7439,GRP-bc19b5a79296fa68,2022_Taechalertpaisarn,2022,1.0,False,included,compatible_uncensored_replicate,SSCP-bc19b5a79296fa68
PAMPA:7440,GRP-8006018dd53c2e56,2022_Tamura,2022,1.0,False,included,compatible_uncensored_replicate,SSCP-8006018dd53c2e56
PAMPA:7441,GRP-2942db1358a02575,2022_Tamura,2022,1.0,False,included,compatible_uncensored_replicate,SSCP-2942db1358a02575
PAMPA:7442,GRP-24f19a987178f5b8,2022_Tamura,2022,1.0,False,included,compatible_uncensored_replicate,SSCP-24f19a987178f5b8
PAMPA:7443,GRP-3ca419a0f4be920a,2022_Tamura,2022,1.0,False,included,compatible_uncensored_replicate,SSCP-3ca419a0f4be920a
PAMPA:7444,GRP-80c12ff25da6471c,2022_Tamura,2022,1.0,False,included,compatible_uncensored_replicate,SSCP-80c12ff25da6471c
PAMPA:7445,GRP-7b1c6193733647a9,2022_Tamura,2022,1.0,False,included,compatible_uncensored_replicate,SSCP-7b1c6193733647a9
PAMPA:7446,GRP-e2ed8565043546b8,2022_Tamura,2022,1.0,False,included,compatible_uncensored_replicate,SSCP-e2ed8565043546b8
PAMPA:7447,GRP-c5dc042ab14d9d9c,2022_Tamura,2022,1.0,True,excluded,irrecoverably_censored_or_missing_label,
PAMPA:7448,GRP-7680e1ff0ab6421a,2022_Tamura,2022,1.0,False,included,compatible_uncensored_replicate,SSCP-7680e1ff0ab6421a
PAMPA:7449,GRP-cbeabcb222986ab4,2022_Tamura,2022,1.0,False,included,compatible_uncensored_replicate,SSCP-cbeabcb222986ab4
PAMPA:7450,GRP-e80f8091d0e0a2d0,2022_Tamura,2022,1.0,False,included,compatible_uncensored_replicate,SSCP-e80f8091d0e0a2d0
PAMPA:7451,GRP-6882eaec52a9823b,2022_Tamura,2022,1.0,True,excluded,irrecoverably_censored_or_missing_label,
PAMPA:7452,GRP-fe4fb8799b363386,2023_Ghosh,2023,1.2,False,included,compatible_uncensored_replicate,SSCP-fe4fb8799b363386
PAMPA:7453,GRP-830e6d385e7db2e8,2023_Ghosh,2023,1.2,False,included,compatible_uncensored_replicate,SSCP-830e6d385e7db2e8
PAMPA:7454,GRP-7f6da7b707707b13,2023_Ghosh,2023,1.2,False,included,compatible_uncensored_replicate,SSCP-7f6da7b707707b13
PAMPA:7455,GRP-79d9969ea4b8e1cc,2023_Ghosh,2023,1.2,False,included,compatible_uncensored_replicate,SSCP-79d9969ea4b8e1cc
PAMPA:7456,GRP-09000017d5165753,2023_Ghosh,2023,1.2,False,included,compatible_uncensored_replicate,SSCP-09000017d5165753
PAMPA:7457,GRP-5482ec0d545df370,2023_Ghosh,2023,1.2,False,included,compatible_uncensored_replicate,SSCP-5482ec0d545df370
PAMPA:7458,GRP-6b64dcec73030e93,2023_Ghosh,2023,1.2,False,included,compatible_uncensored_replicate,SSCP-6b64dcec73030e93
PAMPA:7459,GRP-e04ff6cf9bf0883f,2023_Ghosh,2023,1.2,False,included,compatible_uncensored_replicate,SSCP-e04ff6cf9bf0883f
PAMPA:7460,GRP-20f1d0ffc95cbedf,2023_Ghosh,2023,1.2,False,included,compatible_uncensored_replicate,SSCP-20f1d0ffc95cbedf
PAMPA:7461,GRP-c1ca75b9afc497da,2023_Ghosh,2023,1.2,False,included,compatible_uncensored_replicate,SSCP-c1ca75b9afc497da
PAMPA:7462,GRP-5842a702744b2cc2,2023_Ghosh,2023,1.2,False,included,compatible_uncensored_replicate,SSCP-5842a702744b2cc2
PAMPA:7463,GRP-b2908788998f4ebe,2023_Ghosh,2023,1.2,False,included,compatible_uncensored_replicate,SSCP-b2908788998f4ebe
PAMPA:7464,GRP-6cfc59ad5b3ff5c3,2023_Ghosh,2023,1.2,False,included,compatible_uncensored_replicate,SSCP-6cfc59ad5b3ff5c3
PAMPA:7465,GRP-5f6ec20edc91ee6d,2023_Ghosh,2023,1.2,False,included,compatible_uncensored_replicate,SSCP-5f6ec20edc91ee6d
PAMPA:7466,GRP-bc39936afac258cd,2023_Ghosh,2023,1.2,False,included,compatible_uncensored_replicate,SSCP-bc39936afac258cd
PAMPA:7467,GRP-218f30714c939d48,2023_Ghosh,2023,1.2,False,included,compatible_uncensored_replicate,SSCP-218f30714c939d48
PAMPA:7468,GRP-5412ce3ce6cafbd7,2023_Ghosh,2023,1.2,False,included,compatible_uncensored_replicate,SSCP-5412ce3ce6cafbd7
PAMPA:7469,GRP-c205addb1186cab6,2023_Ghosh,2023,1.2,False,included,compatible_uncensored_replicate,SSCP-c205addb1186cab6
PAMPA:7470,GRP-ab6afd8e9d0d1fad,2023_Ghosh,2023,1.2,False,included,compatible_uncensored_replicate,SSCP-ab6afd8e9d0d1fad
PAMPA:7471,GRP-effdd44cd31cbdf7,2023_Ghosh,2023,1.2,False,included,compatible_uncensored_replicate,SSCP-effdd44cd31cbdf7
PAMPA:7472,GRP-a5dba76664418451,2023_Ghosh,2023,1.2,False,included,compatible_uncensored_replicate,SSCP-a5dba76664418451
PAMPA:7473,GRP-ace9baf280ae2bd9,2023_Ghosh,2023,1.2,False,included,compatible_uncensored_replicate,SSCP-ace9baf280ae2bd9
PAMPA:7474,GRP-a7ed39dbe0c2d4e1,2023_Ghosh,2023,1.2,False,included,compatible_uncensored_replicate,SSCP-a7ed39dbe0c2d4e1
PAMPA:7475,GRP-8ac6599e6a806e11,2023_Ghosh,2023,1.2,False,included,compatible_uncensored_replicate,SSCP-8ac6599e6a806e11
PAMPA:7476,GRP-20c25526751ff38b,2023_Ghosh,2023,1.2,False,included,compatible_uncensored_replicate,SSCP-20c25526751ff38b
PAMPA:7477,GRP-90ec06138c1f1632,2023_Ghosh,2023,1.2,False,included,compatible_uncensored_replicate,SSCP-90ec06138c1f1632
PAMPA:7478,GRP-fb79bb29d3f1d0c9,2023_Ghosh,2023,1.2,False,included,compatible_uncensored_replicate,SSCP-fb79bb29d3f1d0c9
PAMPA:7479,GRP-814d30b9b6519d6f,2023_Ghosh,2023,1.2,False,included,compatible_uncensored_replicate,SSCP-814d30b9b6519d6f
PAMPA:7480,GRP-07097bce15c5cf2b,2023_Ghosh,2023,1.2,False,included,compatible_uncensored_replicate,SSCP-07097bce15c5cf2b
PAMPA:7481,GRP-866f9623a5898e3f,2023_Ghosh,2023,1.2,True,excluded,irrecoverably_censored_or_missing_label,
PAMPA:7482,GRP-7001746f3e3d960c,2023_Ghosh,2023,1.2,True,excluded,irrecoverably_censored_or_missing_label,
PAMPA:7483,GRP-c6a958e58dc94127,2023_Ghosh,2023,1.2,True,excluded,irrecoverably_censored_or_missing_label,
PAMPA:7484,GRP-b6530bbc82fbba9b,2023_Ghosh,2023,1.2,True,excluded,irrecoverably_censored_or_missing_label,
PAMPA:7485,GRP-f720dc82be509ea8,2023_Ghosh,2023,1.2,True,excluded,irrecoverably_censored_or_missing_label,
PAMPA:7486,GRP-ab7e412fbbe160e5,2023_Ghosh,2023,1.2,True,excluded,irrecoverably_censored_or_missing_label,
PAMPA:7487,GRP-a5b7ebe75a9fabc1,2023_Ghosh,2023,1.2,True,excluded,irrecoverably_censored_or_missing_label,
PAMPA:8110,GRP-eff736f07ba4ba22,2024_Bergeron,2024,1.2,False,included,compatible_uncensored_replicate,SSCP-eff736f07ba4ba22
PAMPA:8111,GRP-9a93620f2877e635,2024_Bergeron,2024,1.2,False,included,compatible_uncensored_replicate,SSCP-9a93620f2877e635
PAMPA:8112,GRP-d60a63f35f8d812b,2024_Bergeron,2024,1.2,False,included,compatible_uncensored_replicate,SSCP-d60a63f35f8d812b
PAMPA:8113,GRP-49b5fecbf8668178,2024_Faris,2024,1.2,False,included,compatible_uncensored_replicate,SSCP-49b5fecbf8668178
PAMPA:8114,GRP-985572e40e9550cb,2024_Faris,2024,1.2,False,included,compatible_uncensored_replicate,SSCP-985572e40e9550cb
PAMPA:8115,GRP-d895a6c1fa4a426d,2024_Faris,2024,1.2,False,included,compatible_uncensored_replicate,SSCP-d895a6c1fa4a426d
PAMPA:8116,GRP-dc1b7435b14bcb0d,2024_Faris,2024,1.2,False,included,compatible_uncensored_replicate,SSCP-dc1b7435b14bcb0d
PAMPA:8117,GRP-42c942a3ea245a56,2024_Faris,2024,1.2,False,included,compatible_uncensored_replicate,SSCP-42c942a3ea245a56
PAMPA:8118,GRP-275a56ad9554c034,2024_Faris,2024,1.2,False,included,compatible_uncensored_replicate,SSCP-275a56ad9554c034
PAMPA:8119,GRP-6274640858e68887,2024_Faris,2024,1.2,False,included,compatible_uncensored_replicate,SSCP-6274640858e68887
PAMPA:8120,GRP-ff40911a1ef8134c,2024_Faris,2024,1.2,False,included,compatible_uncensored_replicate,SSCP-ff40911a1ef8134c
PAMPA:8121,GRP-ccb04c3c1f40e261,2024_Faris,2024,1.2,False,included,compatible_uncensored_replicate,SSCP-ccb04c3c1f40e261
PAMPA:8122,GRP-cbe6c037d68007d2,2024_Faris,2024,1.2,True,excluded,irrecoverably_censored_or_missing_label,
PAMPA:8123,GRP-35f532906c9a027b,2024_Faris,2024,1.2,False,included,compatible_uncensored_replicate,SSCP-35f532906c9a027b
PAMPA:8124,GRP-912cc952380c3c76,2024_Faris,2024,1.2,True,excluded,irrecoverably_censored_or_missing_label,
PAMPA:8125,GRP-17413df638a6772f,2024_Faris,2024,1.2,False,included,compatible_uncensored_replicate,SSCP-17413df638a6772f
PAMPA:8126,GRP-4495a2c0021ca5a1,2024_Faris,2024,1.2,False,included,compatible_uncensored_replicate,SSCP-4495a2c0021ca5a1
PAMPA:8127,GRP-48386658e2628d11,2024_Faris,2024,1.2,False,included,compatible_uncensored_replicate,SSCP-48386658e2628d11
PAMPA:8128,GRP-da42af8ae9367688,2024_Faris,2024,1.2,False,included,compatible_uncensored_replicate,SSCP-da42af8ae9367688
PAMPA:8129,GRP-76d9f40b943bae45,2024_Faris,2024,1.2,False,included,compatible_uncensored_replicate,SSCP-76d9f40b943bae45
PAMPA:8130,GRP-d50602d73b6f22cd,2024_Faris,2024,1.2,False,included,compatible_uncensored_replicate,SSCP-d50602d73b6f22cd
PAMPA:8131,GRP-2bbf498d264a3856,2024_Faris,2024,1.2,False,included,compatible_uncensored_replicate,SSCP-2bbf498d264a3856
PAMPA:8132,GRP-f56dcfd762086ed7,2024_Faris,2024,1.2,False,included,compatible_uncensored_replicate,SSCP-f56dcfd762086ed7
PAMPA:8133,GRP-ae545d29cda16a73,2024_Faris,2024,1.2,False,included,compatible_uncensored_replicate,SSCP-ae545d29cda16a73
PAMPA:8134,GRP-8176c7c298495a7b,2024_Faris,2024,1.2,False,included,compatible_uncensored_replicate,SSCP-8176c7c298495a7b
PAMPA:8135,GRP-d958edbf67173394,2024_Faris,2024,1.2,False,included,compatible_uncensored_replicate,SSCP-d958edbf67173394
PAMPA:8136,GRP-50edccc0566bbc85,2024_Faris,2024,1.2,False,included,compatible_uncensored_replicate,SSCP-50edccc0566bbc85
PAMPA:8137,GRP-adaa63ea7e5aefdc,2024_Faris,2024,1.2,False,included,compatible_uncensored_replicate,SSCP-adaa63ea7e5aefdc
PAMPA:8138,GRP-6731f2c1c6342791,2024_Faris,2024,1.2,False,included,compatible_uncensored_replicate,SSCP-6731f2c1c6342791
PAMPA:8139,GRP-54d652a7d44de793,2024_Faris,2024,1.2,False,included,compatible_uncensored_replicate,SSCP-54d652a7d44de793
PAMPA:8140,GRP-ac2bb91e744e10f4,2024_Faris,2024,1.2,False,included,compatible_uncensored_replicate,SSCP-ac2bb91e744e10f4
PAMPA:8141,GRP-4dfcd48d5e221ac9,2024_Faris,2024,1.2,False,included,compatible_uncensored_replicate,SSCP-4dfcd48d5e221ac9
PAMPA:8142,GRP-f0b1e8f1e839dd19,2024_Faris,2024,1.2,False,included,compatible_uncensored_replicate,SSCP-f0b1e8f1e839dd19
PAMPA:8143,GRP-7d82ea52c8a5b6ad,2024_Faris,2024,1.2,False,included,compatible_uncensored_replicate,SSCP-7d82ea52c8a5b6ad
PAMPA:8144,GRP-d61d7ac145eb59a1,2024_Faris,2024,1.2,False,included,compatible_uncensored_replicate,SSCP-d61d7ac145eb59a1
PAMPA:8145,GRP-567fca0bd9510e4f,2024_Faris,2024,1.2,False,included,compatible_uncensored_replicate,SSCP-567fca0bd9510e4f
PAMPA:8146,GRP-d113477891a24a83,2024_Faris,2024,1.2,False,included,compatible_uncensored_replicate,SSCP-d113477891a24a83
PAMPA:8147,GRP-8f759a8855eb6841,2024_Faris,2024,1.2,False,included,compatible_uncensored_replicate,SSCP-8f759a8855eb6841
PAMPA:8148,GRP-e7c5c2523ec87de5,2024_Faris,2024,1.2,True,excluded,irrecoverably_censored_or_missing_label,
PAMPA:8149,GRP-c431268993721b65,2024_Faris,2024,1.2,False,included,compatible_uncensored_replicate,SSCP-c431268993721b65
PAMPA:8150,GRP-7d62cc90804f9a80,2024_Faris,2024,1.2,False,included,compatible_uncensored_replicate,SSCP-7d62cc90804f9a80
PAMPA:8151,GRP-4aeeb45958a75c82,2024_Faris,2024,1.2,False,included,compatible_uncensored_replicate,SSCP-4aeeb45958a75c82
PAMPA:8152,GRP-cc0ba88945572ed3,2024_Faris,2024,1.2,False,included,compatible_uncensored_replicate,SSCP-cc0ba88945572ed3
PAMPA:8153,GRP-4ca6d2c6738f82d7,2024_Faris,2024,1.2,False,included,compatible_uncensored_replicate,SSCP-4ca6d2c6738f82d7
PAMPA:8154,GRP-c7222081d9fb768f,2024_Faris,2024,1.2,False,included,compatible_uncensored_replicate,SSCP-c7222081d9fb768f
PAMPA:8155,GRP-57e8b0cfe9d43dd1,2024_Faris,2024,1.2,False,included,compatible_uncensored_replicate,SSCP-57e8b0cfe9d43dd1
PAMPA:8156,GRP-171824e17b67902e,2024_Faris,2024,1.2,False,included,compatible_uncensored_replicate,SSCP-171824e17b67902e
PAMPA:8157,GRP-1366207753f0db73,2024_Faris,2024,1.2,False,included,compatible_uncensored_replicate,SSCP-1366207753f0db73
PAMPA:8158,GRP-4fb0bfce65f2d0e8,2024_Faris,2024,1.2,False,included,compatible_uncensored_replicate,SSCP-4fb0bfce65f2d0e8
PAMPA:8159,GRP-5c00c53612130116,2024_Faris,2024,1.2,False,included,compatible_uncensored_replicate,SSCP-5c00c53612130116
PAMPA:8160,GRP-02d0c9cd32848464,2024_Faris,2024,1.2,False,included,compatible_uncensored_replicate,SSCP-02d0c9cd32848464
PAMPA:8161,GRP-8e266e9c472689f4,2024_Faris,2024,1.2,True,excluded,irrecoverably_censored_or_missing_label,
PAMPA:8162,GRP-0511fc4a8a5cf78d,2024_Faris,2024,1.2,True,excluded,irrecoverably_censored_or_missing_label,
PAMPA:8163,GRP-609b4bbc6c22aa27,2024_Faris,2024,1.2,False,included,compatible_uncensored_replicate,SSCP-609b4bbc6c22aa27
PAMPA:8164,GRP-697eebe472a6afa7,2024_Faris,2024,1.2,False,included,compatible_uncensored_replicate,SSCP-697eebe472a6afa7
PAMPA:8165,GRP-2976911e37d1d667,2024_Faris,2024,1.2,False,included,compatible_uncensored_replicate,SSCP-2976911e37d1d667
PAMPA:8166,GRP-4664ad2ef902dec5,2024_Faris,2024,1.2,False,included,compatible_uncensored_replicate,SSCP-4664ad2ef902dec5
PAMPA:8167,GRP-d6129fff676f87b3,2024_Faris,2024,1.2,False,included,compatible_uncensored_replicate,SSCP-d6129fff676f87b3
PAMPA:8168,GRP-f75fb803d4559a10,2024_Faris,2024,1.2,False,included,compatible_uncensored_replicate,SSCP-f75fb803d4559a10
PAMPA:8169,GRP-d30cd321e99aa246,2024_Faris,2024,1.2,False,included,compatible_uncensored_replicate,SSCP-d30cd321e99aa246
PAMPA:8170,GRP-0637149104dba432,2024_Faris,2024,1.2,False,included,compatible_uncensored_replicate,SSCP-0637149104dba432
PAMPA:8171,GRP-0b0706ad757555b9,2024_Faris,2024,1.2,False,included,compatible_uncensored_replicate,SSCP-0b0706ad757555b9
PAMPA:8172,GRP-232919a0e4e8a624,2024_Faris,2024,1.2,False,included,compatible_uncensored_replicate,SSCP-232919a0e4e8a624
PAMPA:8173,GRP-83c2d4d1a18d83da,2024_Faris,2024,1.2,False,included,compatible_uncensored_replicate,SSCP-83c2d4d1a18d83da
PAMPA:8174,GRP-1453547cad8515ec,2024_Faris,2024,1.2,False,included,compatible_uncensored_replicate,SSCP-1453547cad8515ec
PAMPA:8175,GRP-a4be0465f39338ae,2024_Faris,2024,1.2,False,included,compatible_uncensored_replicate,SSCP-a4be0465f39338ae
PAMPA:8176,GRP-589ea22a02be9617,2024_Faris,2024,1.2,False,included,compatible_uncensored_replicate,SSCP-589ea22a02be9617
PAMPA:8177,GRP-eb698bcde1010bb9,2024_Faris,2024,1.2,False,included,compatible_uncensored_replicate,SSCP-eb698bcde1010bb9
PAMPA:8178,GRP-22a33a72dcd09973,2024_Faris,2024,1.2,False,included,compatible_uncensored_replicate,SSCP-22a33a72dcd09973
PAMPA:8179,GRP-88dc9a25c98093e9,2024_Faris,2024,1.2,False,included,compatible_uncensored_replicate,SSCP-88dc9a25c98093e9
PAMPA:8180,GRP-1efb80dc1d11fe23,2024_Faris,2024,1.2,False,included,compatible_uncensored_replicate,SSCP-1efb80dc1d11fe23
PAMPA:8181,GRP-b6de05f61b7bccb4,2024_Faris,2024,1.2,False,included,compatible_uncensored_replicate,SSCP-b6de05f61b7bccb4
PAMPA:8182,GRP-b770d96540736891,2024_Faris,2024,1.2,False,included,compatible_uncensored_replicate,SSCP-b770d96540736891
PAMPA:8183,GRP-e24818b356e9d0c0,2024_Faris,2024,1.2,True,excluded,irrecoverably_censored_or_missing_label,
PAMPA:8184,GRP-102727651d252972,2024_Faris,2024,1.2,False,included,compatible_uncensored_replicate,SSCP-102727651d252972
PAMPA:8185,GRP-f34feb52c26c9c61,2024_Faris,2024,1.2,False,included,compatible_uncensored_replicate,SSCP-f34feb52c26c9c61
PAMPA:8186,GRP-c46fcff82cec2c7e,2024_Faris,2024,1.2,False,included,compatible_uncensored_replicate,SSCP-c46fcff82cec2c7e
PAMPA:8187,GRP-a355d58ded58435c,2024_Faris,2024,1.2,False,included,compatible_uncensored_replicate,SSCP-a355d58ded58435c
PAMPA:8188,GRP-fb7f50a7912b5a57,2024_Faris,2024,1.2,False,included,compatible_uncensored_replicate,SSCP-fb7f50a7912b5a57
PAMPA:8189,GRP-e9f238ab29e7a218,2024_Faris,2024,1.2,False,included,compatible_uncensored_replicate,SSCP-e9f238ab29e7a218
PAMPA:8190,GRP-08636f613c722976,2024_Faris,2024,1.2,False,included,compatible_uncensored_replicate,SSCP-08636f613c722976
PAMPA:8191,GRP-c663ddc876b19706,2024_Faris,2024,1.2,False,included,compatible_uncensored_replicate,SSCP-c663ddc876b19706
PAMPA:8192,GRP-8e768b522c1939c0,2024_Faris,2024,1.2,False,included,compatible_uncensored_replicate,SSCP-8e768b522c1939c0
PAMPA:8193,GRP-024b62a5190dd721,2024_Faris,2024,1.2,True,excluded,irrecoverably_censored_or_missing_label,
PAMPA:8194,GRP-9d463366489fd0e8,2024_Faris,2024,1.2,False,included,compatible_uncensored_replicate,SSCP-9d463366489fd0e8
PAMPA:8195,GRP-466086d3c4137939,2024_Faris,2024,1.2,False,included,compatible_uncensored_replicate,SSCP-466086d3c4137939
PAMPA:8196,GRP-1b5d7eb8251cec3b,2024_Faris,2024,1.2,False,included,compatible_uncensored_replicate,SSCP-1b5d7eb8251cec3b
PAMPA:8197,GRP-cd8f01e624e3d060,2024_Faris,2024,1.2,False,included,compatible_uncensored_replicate,SSCP-cd8f01e624e3d060
PAMPA:8198,GRP-192dc210728f4c49,2024_Faris,2024,1.2,False,included,compatible_uncensored_replicate,SSCP-192dc210728f4c49
PAMPA:8199,GRP-51f47d48a7bf6ea1,2024_Faris,2024,1.2,False,included,compatible_uncensored_replicate,SSCP-51f47d48a7bf6ea1
PAMPA:8200,GRP-6f4918ef63a39cb0,2024_Faris,2024,1.2,False,included,compatible_uncensored_replicate,SSCP-6f4918ef63a39cb0
PAMPA:8201,GRP-ea961e032b0d1607,2024_Faris,2024,1.2,True,excluded,irrecoverably_censored_or_missing_label,
PAMPA:8202,GRP-7a01be3565ee96f4,2024_Faris,2024,1.2,False,included,compatible_uncensored_replicate,SSCP-7a01be3565ee96f4
PAMPA:8203,GRP-6c5210328f40e295,2024_Faris,2024,1.2,False,included,compatible_uncensored_replicate,SSCP-6c5210328f40e295
PAMPA:8204,GRP-ec74cbe09a81fd95,2024_Faris,2024,1.2,False,included,compatible_uncensored_replicate,SSCP-ec74cbe09a81fd95
PAMPA:8205,GRP-d4ad0f7aaf64eaa5,2024_Faris,2024,1.2,False,included,compatible_uncensored_replicate,SSCP-d4ad0f7aaf64eaa5
PAMPA:8206,GRP-c511972e0c903853,2024_Faris,2024,1.2,False,included,compatible_uncensored_replicate,SSCP-c511972e0c903853
PAMPA:8207,GRP-dd920214093718d7,2024_Faris,2024,1.2,False,included,compatible_uncensored_replicate,SSCP-dd920214093718d7
PAMPA:8208,GRP-4d721467b4ef3aaa,2024_Faris,2024,1.2,False,included,compatible_uncensored_replicate,SSCP-4d721467b4ef3aaa
PAMPA:8209,GRP-08858665b7b6a0c6,2024_Faris,2024,1.2,False,included,compatible_uncensored_replicate,SSCP-08858665b7b6a0c6
PAMPA:8210,GRP-04361347a09de0da,2024_Faris,2024,1.2,True,excluded,irrecoverably_censored_or_missing_label,
PAMPA:8211,GRP-f75ad1d4b43e4a0a,2024_Faris,2024,1.2,False,included,compatible_uncensored_replicate,SSCP-f75ad1d4b43e4a0a
PAMPA:8212,GRP-f6877187efd0505b,2024_Faris,2024,1.2,False,included,compatible_uncensored_replicate,SSCP-f6877187efd0505b
PAMPA:8213,GRP-b63dd4dd6e0783f5,2024_Faris,2024,1.2,False,included,compatible_uncensored_replicate,SSCP-b63dd4dd6e0783f5
PAMPA:8214,GRP-6198bac3774963d3,2024_Faris,2024,1.2,False,included,compatible_uncensored_replicate,SSCP-6198bac3774963d3
PAMPA:8215,GRP-afcd323417453d52,2024_Faris,2024,1.2,True,excluded,irrecoverably_censored_or_missing_label,
PAMPA:8216,GRP-3ee384005f22208c,2024_Faris,2024,1.2,False,included,compatible_uncensored_replicate,SSCP-3ee384005f22208c
PAMPA:8217,GRP-f24beae95f236cdb,2024_Faris,2024,1.2,False,included,compatible_uncensored_replicate,SSCP-f24beae95f236cdb
PAMPA:8218,GRP-5e12c262f812073e,2024_Faris,2024,1.2,False,included,compatible_uncensored_replicate,SSCP-5e12c262f812073e
PAMPA:8219,GRP-cd37e0e738e47018,2024_Faris,2024,1.2,False,included,compatible_uncensored_replicate,SSCP-cd37e0e738e47018
PAMPA:8220,GRP-7a05c6adee085941,2024_Faris,2024,1.2,False,included,compatible_uncensored_replicate,SSCP-7a05c6adee085941
PAMPA:8221,GRP-763717fd7c56a624,2024_Faris,2024,1.2,False,included,compatible_uncensored_replicate,SSCP-763717fd7c56a624
PAMPA:8222,GRP-f75e6fed9ebc0c95,2024_Faris,2024,1.2,False,included,compatible_uncensored_replicate,SSCP-f75e6fed9ebc0c95
PAMPA:8223,GRP-410c80c18cc79fcf,2024_Faris,2024,1.2,False,included,compatible_uncensored_replicate,SSCP-410c80c18cc79fcf
PAMPA:8224,GRP-2ec31ad791a7c3bf,2024_Faris,2024,1.2,False,included,compatible_uncensored_replicate,SSCP-2ec31ad791a7c3bf
PAMPA:8225,GRP-66ff6469bd7cec2d,2024_Faris,2024,1.2,False,included,compatible_uncensored_replicate,SSCP-66ff6469bd7cec2d
PAMPA:8226,GRP-3f5b4c3a2c7e0ff7,2024_Faris,2024,1.2,False,included,compatible_uncensored_replicate,SSCP-3f5b4c3a2c7e0ff7
PAMPA:8227,GRP-a694b53af398b81e,2024_Faris,2024,1.2,False,included,compatible_uncensored_replicate,SSCP-a694b53af398b81e
PAMPA:8228,GRP-05bb2ae7b9ecac58,2024_Faris,2024,1.2,False,included,compatible_uncensored_replicate,SSCP-05bb2ae7b9ecac58
PAMPA:8229,GRP-755f521120cd64ca,2024_Faris,2024,1.2,False,included,compatible_uncensored_replicate,SSCP-755f521120cd64ca
PAMPA:8230,GRP-bff3f40dcf06390b,2024_Faris,2024,1.2,False,included,compatible_uncensored_replicate,SSCP-bff3f40dcf06390b
PAMPA:8231,GRP-a0cffc6edb5a5c63,2024_Faris,2024,1.2,False,included,compatible_uncensored_replicate,SSCP-a0cffc6edb5a5c63
PAMPA:8232,GRP-b03eaa73eb819b65,2024_Faris,2024,1.2,False,included,compatible_uncensored_replicate,SSCP-b03eaa73eb819b65
PAMPA:8233,GRP-2b0662ced5bfb085,2024_Faris,2024,1.2,False,included,compatible_uncensored_replicate,SSCP-2b0662ced5bfb085
PAMPA:8234,GRP-4b2504a526d7883d,2024_Faris,2024,1.2,False,included,compatible_uncensored_replicate,SSCP-4b2504a526d7883d
PAMPA:8235,GRP-f1f94a3858eae6e3,2024_Faris,2024,1.2,False,included,compatible_uncensored_replicate,SSCP-f1f94a3858eae6e3
PAMPA:8236,GRP-1e12658d69595b8b,2024_Faris,2024,1.2,False,included,compatible_uncensored_replicate,SSCP-1e12658d69595b8b
PAMPA:8237,GRP-de0681ef8b59e761,2024_Faris,2024,1.2,False,included,compatible_uncensored_replicate,SSCP-de0681ef8b59e761
PAMPA:8238,GRP-0f8f971f494a2c36,2024_Faris,2024,1.2,False,included,compatible_uncensored_replicate,SSCP-0f8f971f494a2c36
PAMPA:8239,GRP-16262061109cad99,2024_Faris,2024,1.2,False,included,compatible_uncensored_replicate,SSCP-16262061109cad99
PAMPA:8240,GRP-d95cd4bf21096b13,2024_Faris,2024,1.2,False,included,compatible_uncensored_replicate,SSCP-d95cd4bf21096b13
PAMPA:8241,GRP-fe462b38de440813,2024_Faris,2024,1.2,False,included,compatible_uncensored_replicate,SSCP-fe462b38de440813
PAMPA:8242,GRP-2e95325015b53757,2024_Faris,2024,1.2,False,included,compatible_uncensored_replicate,SSCP-2e95325015b53757
PAMPA:8243,GRP-f41cf3336b7a7b6b,2024_Faris,2024,1.2,False,included,compatible_uncensored_replicate,SSCP-f41cf3336b7a7b6b
PAMPA:8244,GRP-30fc56db15b0a04e,2024_Faris,2024,1.2,False,included,compatible_uncensored_replicate,SSCP-30fc56db15b0a04e
PAMPA:8245,GRP-6903113ef7186ea4,2024_Faris,2024,1.2,False,included,compatible_uncensored_replicate,SSCP-6903113ef7186ea4
PAMPA:8246,GRP-6c13eb417c31d1f8,2024_Faris,2024,1.2,False,included,compatible_uncensored_replicate,SSCP-6c13eb417c31d1f8
PAMPA:8247,GRP-b9940046f9eb519f,2024_Faris,2024,1.2,False,included,compatible_uncensored_replicate,SSCP-b9940046f9eb519f
PAMPA:8248,GRP-49bcd950c69085e4,2024_Faris,2024,1.2,False,included,compatible_uncensored_replicate,SSCP-49bcd950c69085e4
PAMPA:8249,GRP-183fe59211c91e96,2024_Faris,2024,1.2,True,excluded,irrecoverably_censored_or_missing_label,
PAMPA:8250,GRP-f20d8960935c6083,2024_Faris,2024,1.2,True,excluded,irrecoverably_censored_or_missing_label,
PAMPA:8251,GRP-d232e3605c828156,2024_Faris,2024,1.2,False,included,compatible_uncensored_replicate,SSCP-d232e3605c828156
PAMPA:8252,GRP-9456588b72f06d64,2024_Faris,2024,1.2,False,included,compatible_uncensored_replicate,SSCP-9456588b72f06d64
PAMPA:8253,GRP-eb9e678e97f2eab1,2024_Faris,2024,1.2,False,included,compatible_uncensored_replicate,SSCP-eb9e678e97f2eab1
PAMPA:8254,GRP-b7fc6016d0b15448,2024_Faris,2024,1.2,False,included,compatible_uncensored_replicate,SSCP-b7fc6016d0b15448
PAMPA:8255,GRP-73796a4dedb92fb0,2024_Faris,2024,1.2,False,included,compatible_uncensored_replicate,SSCP-73796a4dedb92fb0
PAMPA:8256,GRP-95fbefe38cd1e6cb,2024_Faris,2024,1.2,False,included,compatible_uncensored_replicate,SSCP-95fbefe38cd1e6cb
PAMPA:8257,GRP-200151cd56667300,2024_Faris,2024,1.2,False,included,compatible_uncensored_replicate,SSCP-200151cd56667300
PAMPA:8258,GRP-cd15c643d90bd611,2024_Faris,2024,1.2,False,included,compatible_uncensored_replicate,SSCP-cd15c643d90bd611
PAMPA:8259,GRP-3bf0a806a820b7c1,2024_Faris,2024,1.2,False,included,compatible_uncensored_replicate,SSCP-3bf0a806a820b7c1
PAMPA:8260,GRP-d1f6a23256b161d1,2024_Faris,2024,1.2,False,included,compatible_uncensored_replicate,SSCP-d1f6a23256b161d1
PAMPA:8261,GRP-a7d180a084a9e545,2024_Faris,2024,1.2,False,included,compatible_uncensored_replicate,SSCP-a7d180a084a9e545
PAMPA:8262,GRP-2ef04a348fc93651,2024_Faris,2024,1.2,False,included,compatible_uncensored_replicate,SSCP-2ef04a348fc93651
PAMPA:8263,GRP-a7417b7748080d72,2024_Faris,2024,1.2,False,included,compatible_uncensored_replicate,SSCP-a7417b7748080d72
PAMPA:8264,GRP-1f8aa3252c77fc33,2024_Faris,2024,1.2,False,included,compatible_uncensored_replicate,SSCP-1f8aa3252c77fc33
PAMPA:8265,GRP-352e7fc54028dce6,2024_Faris,2024,1.2,False,included,compatible_uncensored_replicate,SSCP-352e7fc54028dce6
PAMPA:8266,GRP-8f4b6ce82f72c7c9,2024_Faris,2024,1.2,False,included,compatible_uncensored_replicate,SSCP-8f4b6ce82f72c7c9
PAMPA:8267,GRP-864bb3357644e60e,2024_Faris,2024,1.2,False,included,compatible_uncensored_replicate,SSCP-864bb3357644e60e
PAMPA:8268,GRP-fe81f74919047aeb,2024_Faris,2024,1.2,False,included,compatible_uncensored_replicate,SSCP-fe81f74919047aeb
PAMPA:8269,GRP-f932ad8a30f81ae4,2024_Faris,2024,1.2,False,included,compatible_uncensored_replicate,SSCP-f932ad8a30f81ae4
PAMPA:8270,GRP-a23997396706ccf6,2024_Faris,2024,1.2,False,included,compatible_uncensored_replicate,SSCP-a23997396706ccf6
PAMPA:8271,GRP-ee1a3abbe7b586b1,2024_Faris,2024,1.2,False,included,compatible_uncensored_replicate,SSCP-ee1a3abbe7b586b1
PAMPA:8272,GRP-ec7939fc05595bf8,2024_Faris,2024,1.2,False,included,compatible_uncensored_replicate,SSCP-ec7939fc05595bf8
PAMPA:8273,GRP-79b956a2b9714b27,2024_Faris,2024,1.2,False,included,compatible_uncensored_replicate,SSCP-79b956a2b9714b27
PAMPA:8274,GRP-b15b5c8689b90a74,2024_Faris,2024,1.2,True,excluded,irrecoverably_censored_or_missing_label,
PAMPA:8275,GRP-0d04c5e3f4546c7e,2024_Faris,2024,1.2,False,included,compatible_uncensored_replicate,SSCP-0d04c5e3f4546c7e
PAMPA:8276,GRP-65747dc66b4dcd12,2024_Faris,2024,1.2,False,included,compatible_uncensored_replicate,SSCP-65747dc66b4dcd12
PAMPA:8277,GRP-0e26effaaee2ba03,2024_Faris,2024,1.2,False,included,compatible_uncensored_replicate,SSCP-0e26effaaee2ba03
PAMPA:8278,GRP-236a9ba2e2addaa2,2024_Faris,2024,1.2,False,included,compatible_uncensored_replicate,SSCP-236a9ba2e2addaa2
PAMPA:8279,GRP-8d9717730e50339b,2024_Faris,2024,1.2,False,included,compatible_uncensored_replicate,SSCP-8d9717730e50339b
PAMPA:8280,GRP-318ff3ccb43e15c2,2024_Faris,2024,1.2,True,excluded,irrecoverably_censored_or_missing_label,
PAMPA:8281,GRP-df031cec4c8ea02d,2024_Faris,2024,1.2,False,included,compatible_uncensored_replicate,SSCP-df031cec4c8ea02d
PAMPA:8282,GRP-7b15d3e6524f57d3,2024_Faris,2024,1.2,True,excluded,irrecoverably_censored_or_missing_label,
PAMPA:8283,GRP-6ec3dcba923c7a29,2024_Faris,2024,1.2,False,included,compatible_uncensored_replicate,SSCP-6ec3dcba923c7a29
PAMPA:8284,GRP-920e73914be6f0c5,2024_Faris,2024,1.2,False,included,compatible_uncensored_replicate,SSCP-920e73914be6f0c5
PAMPA:8285,GRP-5a4928104da0a537,2024_Faris,2024,1.2,False,included,compatible_uncensored_replicate,SSCP-5a4928104da0a537
PAMPA:8286,GRP-674ee9fbc03cb076,2024_Faris,2024,1.2,False,included,compatible_uncensored_replicate,SSCP-674ee9fbc03cb076
PAMPA:8287,GRP-aa84c4f8e59b2586,2024_Faris,2024,1.2,False,included,compatible_uncensored_replicate,SSCP-aa84c4f8e59b2586
PAMPA:8288,GRP-cf4296bd71137fed,2024_Faris,2024,1.2,False,included,compatible_uncensored_replicate,SSCP-cf4296bd71137fed
PAMPA:8289,GRP-9a95b7fa80796612,2024_Faris,2024,1.2,False,included,compatible_uncensored_replicate,SSCP-9a95b7fa80796612
PAMPA:8290,GRP-bc3672f9093fc504,2024_Faris,2024,1.2,False,included,compatible_uncensored_replicate,SSCP-bc3672f9093fc504
PAMPA:8291,GRP-419ed2b2aeb8ded2,2024_Faris,2024,1.2,False,included,compatible_uncensored_replicate,SSCP-419ed2b2aeb8ded2
PAMPA:8292,GRP-24a8865de64b2a3b,2024_Faris,2024,1.2,False,included,compatible_uncensored_replicate,SSCP-24a8865de64b2a3b
PAMPA:8293,GRP-5ab6da75ed6eea99,2024_Faris,2024,1.2,False,included,compatible_uncensored_replicate,SSCP-5ab6da75ed6eea99
PAMPA:8294,GRP-5004bf60903ab12c,2024_Faris,2024,1.2,False,included,compatible_uncensored_replicate,SSCP-5004bf60903ab12c
PAMPA:8295,GRP-d56e18a843f60344,2024_Faris,2024,1.2,False,included,compatible_uncensored_replicate,SSCP-d56e18a843f60344
PAMPA:8296,GRP-fa6c3581351506e9,2024_Faris,2024,1.2,False,included,compatible_uncensored_replicate,SSCP-fa6c3581351506e9
PAMPA:8297,GRP-0b508292bc8c848c,2024_Faris,2024,1.2,False,included,compatible_uncensored_replicate,SSCP-0b508292bc8c848c
PAMPA:8298,GRP-2ac6dce7e5634571,2024_Faris,2024,1.2,True,excluded,irrecoverably_censored_or_missing_label,
PAMPA:8299,GRP-9eeff14d84cdc1e5,2024_Faris,2024,1.2,False,included,compatible_uncensored_replicate,SSCP-9eeff14d84cdc1e5
PAMPA:8300,GRP-dc9574f6b7517ae6,2024_Faris,2024,1.2,False,included,compatible_uncensored_replicate,SSCP-dc9574f6b7517ae6
PAMPA:8301,GRP-30efa7fc5db733f1,2024_Faris,2024,1.2,False,included,compatible_uncensored_replicate,SSCP-30efa7fc5db733f1
PAMPA:8302,GRP-e73a1cf6299b348e,2024_Faris,2024,1.2,False,included,compatible_uncensored_replicate,SSCP-e73a1cf6299b348e
PAMPA:8303,GRP-a7f1d15aebb81cde,2024_Faris,2024,1.2,False,included,compatible_uncensored_replicate,SSCP-a7f1d15aebb81cde
PAMPA:8304,GRP-b164ae493894aa6e,2024_Faris,2024,1.2,False,included,compatible_uncensored_replicate,SSCP-b164ae493894aa6e
PAMPA:8305,GRP-abac3ebb6670b830,2024_Faris,2024,1.2,True,excluded,irrecoverably_censored_or_missing_label,
PAMPA:8306,GRP-bee882f8994d3475,2024_Faris,2024,1.2,True,excluded,irrecoverably_censored_or_missing_label,
PAMPA:8307,GRP-a985b5e7c93eb384,2024_Faris,2024,1.2,False,included,compatible_uncensored_replicate,SSCP-a985b5e7c93eb384
PAMPA:8308,GRP-ba3681ba6f72e06c,2024_Faris,2024,1.2,False,included,compatible_uncensored_replicate,SSCP-ba3681ba6f72e06c
PAMPA:8309,GRP-6488547e21de6827,2024_Faris,2024,1.2,False,included,compatible_uncensored_replicate,SSCP-6488547e21de6827
PAMPA:8310,GRP-19a8d7f6539f6fcc,2024_Faris,2024,1.2,False,included,compatible_uncensored_replicate,SSCP-19a8d7f6539f6fcc
PAMPA:8311,GRP-b192c0ba93a419b0,2024_Faris,2024,1.2,False,included,compatible_uncensored_replicate,SSCP-b192c0ba93a419b0
PAMPA:8312,GRP-7ce8eeaa65f41cd7,2024_Faris,2024,1.2,True,excluded,irrecoverably_censored_or_missing_label,
PAMPA:8313,GRP-b07e376f2d641bba,2024_Faris,2024,1.2,True,excluded,irrecoverably_censored_or_missing_label,
PAMPA:8314,GRP-d16825568e7cb8d1,2024_Faris,2024,1.2,True,excluded,irrecoverably_censored_or_missing_label,
PAMPA:8315,GRP-525b502641bc780b,2024_Faris,2024,1.2,False,included,compatible_uncensored_replicate,SSCP-525b502641bc780b
PAMPA:8316,GRP-e9f67b522b3977d4,2024_Faris,2024,1.2,False,included,compatible_uncensored_replicate,SSCP-e9f67b522b3977d4
PAMPA:8317,GRP-827f23cf7528aab4,2024_Faris,2024,1.2,False,included,compatible_uncensored_replicate,SSCP-827f23cf7528aab4
PAMPA:8318,GRP-8d9276a72a72de33,2024_Faris,2024,1.2,False,included,compatible_uncensored_replicate,SSCP-8d9276a72a72de33
PAMPA:8319,GRP-4e294de0ecc03a19,2024_Faris,2024,1.2,False,included,compatible_uncensored_replicate,SSCP-4e294de0ecc03a19
PAMPA:8320,GRP-6376db69c25db04b,2024_Faris,2024,1.2,True,excluded,irrecoverably_censored_or_missing_label,
PAMPA:8321,GRP-0a6e7d5762a540f8,2024_Faris,2024,1.2,True,excluded,irrecoverably_censored_or_missing_label,
PAMPA:8322,GRP-8de58032a42748c7,2024_Faris,2024,1.2,True,excluded,irrecoverably_censored_or_missing_label,
PAMPA:8323,GRP-080b1319ee323917,2024_Faris,2024,1.2,False,included,compatible_uncensored_replicate,SSCP-080b1319ee323917
PAMPA:8324,GRP-7a5b399046aa66d3,2024_Faris,2024,1.2,False,included,compatible_uncensored_replicate,SSCP-7a5b399046aa66d3
PAMPA:8325,GRP-1aa035f798c5acbe,2024_Faris,2024,1.2,False,included,compatible_uncensored_replicate,SSCP-1aa035f798c5acbe
PAMPA:8326,GRP-92910a3f26602b59,2024_Faris,2024,1.2,False,included,compatible_uncensored_replicate,SSCP-92910a3f26602b59
PAMPA:8327,GRP-c027d6e23ae255ef,2024_Faris,2024,1.2,False,included,compatible_uncensored_replicate,SSCP-c027d6e23ae255ef
PAMPA:8328,GRP-426e123eddf750d3,2024_Faris,2024,1.2,True,excluded,irrecoverably_censored_or_missing_label,
PAMPA:8329,GRP-d87cfae958a39961,2024_Faris,2024,1.2,False,included,compatible_uncensored_replicate,SSCP-d87cfae958a39961
PAMPA:8330,GRP-d559c655eca09803,2024_Faris,2024,1.2,True,excluded,irrecoverably_censored_or_missing_label,
PAMPA:8331,GRP-a19ddb7c1cfa7825,2024_Faris,2024,1.2,False,included,compatible_uncensored_replicate,SSCP-a19ddb7c1cfa7825
PAMPA:8332,GRP-a2a9e9f0cb760b17,2024_Faris,2024,1.2,False,included,compatible_uncensored_replicate,SSCP-a2a9e9f0cb760b17
PAMPA:8333,GRP-57b22fe0d151727b,2024_Faris,2024,1.2,False,included,compatible_uncensored_replicate,SSCP-57b22fe0d151727b
PAMPA:8334,GRP-a528af2abb43e705,2024_Faris,2024,1.2,False,included,compatible_uncensored_replicate,SSCP-a528af2abb43e705
PAMPA:8335,GRP-ff0f33874a501ddf,2024_Faris,2024,1.2,False,included,compatible_uncensored_replicate,SSCP-ff0f33874a501ddf
PAMPA:8336,GRP-5f548216ee4e00cc,2024_Faris,2024,1.2,True,excluded,irrecoverably_censored_or_missing_label,
PAMPA:8337,GRP-0f8aef4dd9f311c9,2024_Faris,2024,1.2,False,included,compatible_uncensored_replicate,SSCP-0f8aef4dd9f311c9
PAMPA:8338,GRP-1983215dff510d4a,2024_Faris,2024,1.2,False,included,compatible_uncensored_replicate,SSCP-1983215dff510d4a
PAMPA:8339,GRP-d97e31cbfcb3ac9e,2024_Faris,2024,1.2,False,included,compatible_uncensored_replicate,SSCP-d97e31cbfcb3ac9e
PAMPA:8340,GRP-856e761eb37e9310,2024_Faris,2024,1.2,False,included,compatible_uncensored_replicate,SSCP-856e761eb37e9310
PAMPA:8341,GRP-ecf19c15cb41a6d6,2024_Faris,2024,1.2,False,included,compatible_uncensored_replicate,SSCP-ecf19c15cb41a6d6
PAMPA:8342,GRP-ba31d7e5ed8fe500,2024_Faris,2024,1.2,False,included,compatible_uncensored_replicate,SSCP-ba31d7e5ed8fe500
PAMPA:8343,GRP-75315f68ae6ad8d3,2024_Faris,2024,1.2,False,included,compatible_uncensored_replicate,SSCP-75315f68ae6ad8d3
PAMPA:8344,GRP-18cddfccc47bde64,2024_Faris,2024,1.2,False,included,compatible_uncensored_replicate,SSCP-18cddfccc47bde64
PAMPA:8345,GRP-ac536e9f3cd4d684,2024_Faris,2024,1.2,False,included,compatible_uncensored_replicate,SSCP-ac536e9f3cd4d684
PAMPA:8346,GRP-bd8e49116ae4de2b,2024_Faris,2024,1.2,False,included,compatible_uncensored_replicate,SSCP-bd8e49116ae4de2b
PAMPA:8383,GRP-6bdb4a56155d3c94,2024_Koch,2024,1.2,False,included,compatible_uncensored_replicate,SSCP-6bdb4a56155d3c94
PAMPA:8384,GRP-9d51c62c5059400a,2024_Koch,2024,1.2,False,included,compatible_uncensored_replicate,SSCP-9d51c62c5059400a
PAMPA:8385,GRP-d3c7b923b4180b37,2024_Koch,2024,1.2,False,included,compatible_uncensored_replicate,SSCP-d3c7b923b4180b37
PAMPA:8386,GRP-d687e0d3f8bcc5a5,2024_Koch,2024,1.2,False,included,compatible_uncensored_replicate,SSCP-d687e0d3f8bcc5a5
PAMPA:8387,GRP-c4163f98f2fffdd3,2024_Koch,2024,1.2,False,included,compatible_uncensored_replicate,SSCP-c4163f98f2fffdd3
PAMPA:8388,GRP-890a1df45368c275,2024_Koch,2024,1.2,False,included,compatible_uncensored_replicate,SSCP-890a1df45368c275
PAMPA:8389,GRP-01e5d7ad30da201e,2024_Koch,2024,1.2,False,included,compatible_uncensored_replicate,SSCP-01e5d7ad30da201e
PAMPA:8390,GRP-6bcfac69ca15b0f0,2024_Koch,2024,1.2,False,included,compatible_uncensored_replicate,SSCP-6bcfac69ca15b0f0
PAMPA:8391,GRP-c093e4beb0343879,2024_Koch,2024,1.2,False,included,compatible_uncensored_replicate,SSCP-c093e4beb0343879
PAMPA:8392,GRP-efbd5c7dd01233d9,2024_Koch,2024,1.2,False,included,compatible_uncensored_replicate,SSCP-efbd5c7dd01233d9
PAMPA:8393,GRP-ffc8405c422768ae,2024_Koch,2024,1.2,False,included,compatible_uncensored_replicate,SSCP-ffc8405c422768ae
PAMPA:8394,GRP-9a3d71d94ec8eb6f,2024_Koch,2024,1.2,False,included,compatible_uncensored_replicate,SSCP-9a3d71d94ec8eb6f
PAMPA:8395,GRP-12f56d9ab009731f,2024_Koch,2024,1.2,False,included,compatible_uncensored_replicate,SSCP-12f56d9ab009731f
PAMPA:8396,GRP-a25014698399b3cf,2024_Koch,2024,1.2,False,included,compatible_uncensored_replicate,SSCP-a25014698399b3cf
PAMPA:8397,GRP-9d542eae17aaf2ed,2024_Koch,2024,1.2,False,included,compatible_uncensored_replicate,SSCP-9d542eae17aaf2ed
PAMPA:8398,GRP-554b3ff4937a7fc0,2024_Koch,2024,1.2,False,included,compatible_uncensored_replicate,SSCP-554b3ff4937a7fc0
PAMPA:8399,GRP-b7cf3359af309d74,2024_Koch,2024,1.2,False,included,compatible_uncensored_replicate,SSCP-b7cf3359af309d74
PAMPA:8400,GRP-654d94c31b5c69f2,2024_Koch,2024,1.2,False,included,compatible_uncensored_replicate,SSCP-654d94c31b5c69f2
PAMPA:8401,GRP-5992d127bc0454b1,2024_Koch,2024,1.2,True,excluded_linked_to_curated_group,irrecoverably_censored_row,SSCP-5992d127bc0454b1
PAMPA:8402,GRP-2167e9e45aa0e460,2024_Koch,2024,1.2,True,excluded_linked_to_curated_group,irrecoverably_censored_row,SSCP-2167e9e45aa0e460
PAMPA:8403,GRP-b3a7a3b54933844f,2024_Koch,2024,1.2,False,included,compatible_uncensored_replicate,SSCP-b3a7a3b54933844f
PAMPA:8404,GRP-c1900acc77a5df3b,2024_Koch,2024,1.2,False,included,compatible_uncensored_replicate,SSCP-c1900acc77a5df3b
PAMPA:8405,GRP-2167e9e45aa0e460,2024_Koch,2024,1.2,False,included,compatible_uncensored_replicate,SSCP-2167e9e45aa0e460
PAMPA:8406,GRP-7b8c87e6bfd020c4,2024_Koch,2024,1.2,False,included,compatible_uncensored_replicate,SSCP-7b8c87e6bfd020c4
PAMPA:8407,GRP-c21cb3f74ed34aa3,2024_Koch,2024,1.2,False,included,compatible_uncensored_replicate,SSCP-c21cb3f74ed34aa3
PAMPA:8408,GRP-3469323e553ca003,2024_Koch,2024,1.2,False,included,compatible_uncensored_replicate,SSCP-3469323e553ca003
PAMPA:8409,GRP-06ef392309351e2c,2024_Koch,2024,1.2,False,included,compatible_uncensored_replicate,SSCP-06ef392309351e2c
PAMPA:8410,GRP-77e05897e760f138,2024_Koch,2024,1.2,False,included,compatible_uncensored_replicate,SSCP-77e05897e760f138
PAMPA:8411,GRP-bb90452eb449be0b,2024_Koch,2024,1.2,False,included,compatible_uncensored_replicate,SSCP-bb90452eb449be0b
PAMPA:8412,GRP-88df2d8e92c7a154,2024_Koch,2024,1.2,False,included,compatible_uncensored_replicate,SSCP-88df2d8e92c7a154
PAMPA:8413,GRP-5992d127bc0454b1,2024_Koch,2024,1.2,False,included,compatible_uncensored_replicate,SSCP-5992d127bc0454b1
PAMPA:8414,GRP-2167e9e45aa0e460,2024_Koch,2024,1.2,False,included,compatible_uncensored_replicate,SSCP-2167e9e45aa0e460
PAMPA:8415,GRP-b3a7a3b54933844f,2024_Koch,2024,1.2,False,included,compatible_uncensored_replicate,SSCP-b3a7a3b54933844f
PAMPA:8416,GRP-c1900acc77a5df3b,2024_Koch,2024,1.2,False,included,compatible_uncensored_replicate,SSCP-c1900acc77a5df3b
PAMPA:8417,GRP-330cf5c2e70abe25,2024_Koch,2024,1.2,False,included,compatible_uncensored_replicate,SSCP-330cf5c2e70abe25
PAMPA:8418,GRP-7b8c87e6bfd020c4,2024_Koch,2024,1.2,False,included,compatible_uncensored_replicate,SSCP-7b8c87e6bfd020c4
PAMPA:8419,GRP-7cb55d0256d00ae4,2024_Koch,2024,1.2,False,included,compatible_uncensored_replicate,SSCP-7cb55d0256d00ae4
PAMPA:8420,GRP-9a593af0eeef8c0d,2024_Koch,2024,1.2,False,included,compatible_uncensored_replicate,SSCP-9a593af0eeef8c0d
PAMPA:8421,GRP-9b182e71a1c85c54,2024_Koch,2024,1.2,False,included,compatible_uncensored_replicate,SSCP-9b182e71a1c85c54
PAMPA:8422,GRP-b30c8b46e7349923,2024_Koch,2024,1.2,False,included,compatible_uncensored_replicate,SSCP-b30c8b46e7349923
PAMPA:8423,GRP-7a64d3c952a4ea8f,2024_Koch,2024,1.2,False,included,compatible_uncensored_replicate,SSCP-7a64d3c952a4ea8f
PAMPA:8424,GRP-7c64a4f84156aab6,2024_Koch,2024,1.2,False,included,compatible_uncensored_replicate,SSCP-7c64a4f84156aab6
PAMPA:8425,GRP-a14db0bbddaa41da,2024_Koch,2024,1.2,False,included,compatible_uncensored_replicate,SSCP-a14db0bbddaa41da
PAMPA:8426,GRP-137102913b35c2ff,2024_Koch,2024,1.2,False,included,compatible_uncensored_replicate,SSCP-137102913b35c2ff
PAMPA:8427,GRP-64098ca175195edc,2024_Koch,2024,1.2,False,included,compatible_uncensored_replicate,SSCP-64098ca175195edc
PAMPA:8428,GRP-79ce1c7d1c64ac16,2024_Koch,2024,1.2,False,included,compatible_uncensored_replicate,SSCP-79ce1c7d1c64ac16
PAMPA:8429,GRP-7cfdbcae308430b0,2024_Koch,2024,1.2,False,included,compatible_uncensored_replicate,SSCP-7cfdbcae308430b0
PAMPA:8430,GRP-e4e4f1885483a48f,2024_Koch,2024,1.2,False,included,compatible_uncensored_replicate,SSCP-e4e4f1885483a48f
PAMPA:8431,GRP-a14db0bbddaa41da,2024_Koch,2024,1.2,False,included,compatible_uncensored_replicate,SSCP-a14db0bbddaa41da
PAMPA:8432,GRP-137102913b35c2ff,2024_Koch,2024,1.2,False,included,compatible_uncensored_replicate,SSCP-137102913b35c2ff
PAMPA:8433,GRP-64098ca175195edc,2024_Koch,2024,1.2,False,included,compatible_uncensored_replicate,SSCP-64098ca175195edc
PAMPA:8434,GRP-79ce1c7d1c64ac16,2024_Koch,2024,1.2,False,included,compatible_uncensored_replicate,SSCP-79ce1c7d1c64ac16
PAMPA:8435,GRP-7cfdbcae308430b0,2024_Koch,2024,1.2,False,included,compatible_uncensored_replicate,SSCP-7cfdbcae308430b0
PAMPA:8436,GRP-e4e4f1885483a48f,2024_Koch,2024,1.2,False,included,compatible_uncensored_replicate,SSCP-e4e4f1885483a48f
PAMPA:8437,GRP-20cb2a2760b08d2b,2024_Ly,2024,1.2,False,included,compatible_uncensored_replicate,SSCP-20cb2a2760b08d2b
PAMPA:8438,GRP-a5f9c06d6221a8fa,2024_Ly,2024,1.2,False,included,compatible_uncensored_replicate,SSCP-a5f9c06d6221a8fa
PAMPA:8439,GRP-9ba2c001841ad9db,2024_Ly,2024,1.2,False,included,compatible_uncensored_replicate,SSCP-9ba2c001841ad9db
PAMPA:8440,GRP-98cb91d427852af8,2024_Ly,2024,1.2,False,included,compatible_uncensored_replicate,SSCP-98cb91d427852af8
PAMPA:8441,GRP-3a0c85079301fca0,2024_Ly,2024,1.2,False,included,compatible_uncensored_replicate,SSCP-3a0c85079301fca0
PAMPA:8442,GRP-2b1b25e01acef756,2024_Ly,2024,1.2,False,included,compatible_uncensored_replicate,SSCP-2b1b25e01acef756
PAMPA:8443,GRP-1b2fddbafbeefa2c,2024_Ly,2024,1.2,False,included,compatible_uncensored_replicate,SSCP-1b2fddbafbeefa2c
PAMPA:8444,GRP-b657eca362afcaba,2024_Ly,2024,1.2,False,included,compatible_uncensored_replicate,SSCP-b657eca362afcaba
PAMPA:8445,GRP-48fd3db342334cb2,2024_Ly,2024,1.2,False,included,compatible_uncensored_replicate,SSCP-48fd3db342334cb2
PAMPA:8446,GRP-a61736fe7395e8cf,2024_Ly,2024,1.2,False,included,compatible_uncensored_replicate,SSCP-a61736fe7395e8cf
PAMPA:8447,GRP-4fdf81f5a25113da,2024_Ly,2024,1.2,False,included,compatible_uncensored_replicate,SSCP-4fdf81f5a25113da
PAMPA:8448,GRP-ee78423801019d69,2024_Ly,2024,1.2,False,included,compatible_uncensored_replicate,SSCP-ee78423801019d69
PAMPA:8449,GRP-754126a0796b9445,2024_Ly,2024,1.2,False,included,compatible_uncensored_replicate,SSCP-754126a0796b9445
PAMPA:8450,GRP-32279e7ab3afeab0,2024_Ly,2024,1.2,False,included,compatible_uncensored_replicate,SSCP-32279e7ab3afeab0
PAMPA:8451,GRP-1300bb1d0d74efdb,2024_Ly,2024,1.2,False,included,compatible_uncensored_replicate,SSCP-1300bb1d0d74efdb
PAMPA:8452,GRP-7d7ffd4ca621e463,2024_Ly,2024,1.2,False,included,compatible_uncensored_replicate,SSCP-7d7ffd4ca621e463
PAMPA:8453,GRP-4ddb4fdd7bcd3e5c,2024_Ly,2024,1.2,False,included,compatible_uncensored_replicate,SSCP-4ddb4fdd7bcd3e5c
PAMPA:8454,GRP-d5aa610785f9c823,2024_Ly,2024,1.2,False,included,compatible_uncensored_replicate,SSCP-d5aa610785f9c823
PAMPA:8455,GRP-634e8880c72474c2,2024_Ly,2024,1.2,False,included,compatible_uncensored_replicate,SSCP-634e8880c72474c2
PAMPA:8456,GRP-0acb06b89ff942d6,2024_Ly,2024,1.2,False,included,compatible_uncensored_replicate,SSCP-0acb06b89ff942d6
PAMPA:8457,GRP-7a173ad0d74f758c,2024_Otani,2024,1.2,True,excluded,irrecoverably_censored_or_missing_label,
PAMPA:8458,GRP-67206e0416f18044,2024_Otani,2024,1.2,False,included,compatible_uncensored_replicate,SSCP-67206e0416f18044
PAMPA:8459,GRP-3c1a8a65508b0db3,2024_Otani,2024,1.2,False,included,compatible_uncensored_replicate,SSCP-3c1a8a65508b0db3
PAMPA:8460,GRP-158432da82bc6b63,2024_Otani,2024,1.2,False,included,compatible_uncensored_replicate,SSCP-158432da82bc6b63
PAMPA:8461,GRP-fee1696267566ad1,2024_Otani,2024,1.2,False,included,compatible_uncensored_replicate,SSCP-fee1696267566ad1
PAMPA:8462,GRP-2126ae7343307a4f,2024_Otani,2024,1.2,False,included,compatible_uncensored_replicate,SSCP-2126ae7343307a4f
PAMPA:8463,GRP-8e5048fe7539060e,2024_Otani,2024,1.2,False,included,compatible_uncensored_replicate,SSCP-8e5048fe7539060e
PAMPA:8464,GRP-f8a63fecd8343901,2024_Otani,2024,1.2,False,included,compatible_uncensored_replicate,SSCP-f8a63fecd8343901
PAMPA:8465,GRP-b8e7c7ede133bcf5,2024_Otani,2024,1.2,True,excluded,irrecoverably_censored_or_missing_label,
PAMPA:8466,GRP-6a806e391435c62c,2024_Otani,2024,1.2,True,excluded,irrecoverably_censored_or_missing_label,
